ID_Mahasiswa;Jenis_Kelamin;Usia;Provinsi_Asal;Fakultas;Program_Studi;Angkatan;Sumber_Pembiayaan;Status_Mahasiswa;IPK_Mahasiswa;Masa_Studi_Semester;Tempat_Tinggal
MHS00001;Perempuan;22;Jawa Timur;Farmasi;Farmasi;2023;Kerja Sendiri (part-time);Cuti;3.74;6;Rumah Orang Tua
MHS00002;Laki-laki;22;Jawa Tengah;Ilmu Budaya;Ilmu Sejarah;2022;Orang Tua;Lulus;3.4;8;Kos
MHS00003;Perempuan;19;Jawa Timur;Sains dan Teknologi;Statistika;2025;Pinjaman/Kredit Pendidikan;Aktif;2.71;2;Rumah Orang Tua
MHS00004;Laki-laki;23;Jawa Timur;Kesehatan Masyarakat;Gizi;2022;Orang Tua;Lulus;2.99;8;Rumah Orang Tua
MHS00005;Laki-laki;22;Jawa Timur;FIKKIA Banyuwangi;Akuakultur (FIKKIA Banyuwangi);2024;Kerja Sendiri (part-time);Aktif;3.47;4;Asrama
MHS00006;Perempuan;21;Nusa Tenggara Timur;Perikanan dan Kelautan;Akuakultur;2024;Orang Tua;Aktif;3.24;4;Asrama
MHS00007;Laki-laki;22;Kalimantan Selatan;FIKKIA Banyuwangi;Kesehatan Masyarakat (FIKKIA Banyuwangi);2025;Beasiswa;Aktif;2.89;2;Kos
MHS00008;Perempuan;23;Jawa Timur;Sains dan Teknologi;Kimia;2022;Orang Tua;Lulus;3.35;8;Rumah Orang Tua
MHS00009;Laki-laki;21;Jawa Barat;FIKKIA Banyuwangi;Kesehatan Masyarakat (FIKKIA Banyuwangi);2023;Orang Tua;Aktif;3.53;6;Menumpang Saudara
MHS00010;Laki-laki;24;Jawa Timur;Sains dan Teknologi;Biologi;2021;Beasiswa;Lulus;2.77;8;Rumah Orang Tua
MHS00011;Perempuan;22;Maluku;Kesehatan Masyarakat;Gizi;2024;Orang Tua;Aktif;3.57;4;Kos
MHS00012;Perempuan;21;Kalimantan Tengah;FIKKIA Banyuwangi;Kesehatan Masyarakat (FIKKIA Banyuwangi);2023;Orang Tua;Aktif;3.27;6;Kos
MHS00013;Laki-laki;20;Jawa Tengah;Hukum;Ilmu Hukum;2024;Orang Tua;Aktif;2.44;4;Asrama
MHS00014;Perempuan;21;Banten;Sains dan Teknologi;Fisika;2023;Orang Tua;Aktif;3.24;6;Rumah Orang Tua
MHS00015;Perempuan;20;Jawa Timur;Teknologi Maju dan Multidisiplin;Teknik Robotika dan Kecerdasan Buatan;2025;Orang Tua;Aktif;2.51;2;Rumah Orang Tua
MHS00016;Laki-laki;22;Sumatera Selatan;Sains dan Teknologi;Kimia;2023;Beasiswa;Non-Aktif/DO;2.05;2;Asrama
MHS00017;Laki-laki;24;Jawa Timur;Sains dan Teknologi;Teknik Lingkungan;2021;Orang Tua;Lulus;3.56;8;Asrama
MHS00018;Laki-laki;23;Jawa Timur;Ilmu Sosial dan Ilmu Politik;Ilmu Komunikasi;2021;Beasiswa;Lulus;3.34;8;Rumah Orang Tua
MHS00019;Laki-laki;21;Jawa Timur;Sains dan Teknologi;Sistem Informasi;2024;Orang Tua;Cuti;3.68;4;Rumah Orang Tua
MHS00020;Laki-laki;20;Jawa Timur;Ilmu Sosial dan Ilmu Politik;Antropologi;2024;Kerja Sendiri (part-time);Aktif;3.27;4;Rumah Orang Tua
MHS00021;Laki-laki;20;Jawa Timur;Ekonomi dan Bisnis;Akuntansi;2024;Beasiswa;Aktif;3.99;4;Kos
MHS00022;Perempuan;20;Jawa Timur;FIKKIA Banyuwangi;Akuakultur (FIKKIA Banyuwangi);2024;Beasiswa;Aktif;3.19;4;Asrama
MHS00023;Perempuan;21;Jawa Barat;Sains dan Teknologi;Biologi;2023;Orang Tua;Aktif;3.23;6;Kos
MHS00024;Laki-laki;21;Jawa Timur;Sains dan Teknologi;Teknik Lingkungan;2023;Orang Tua;Aktif;3.8;6;Kos
MHS00025;Perempuan;26;Jawa Timur;Sains dan Teknologi;Teknik Biomedis;2022;Orang Tua;Lulus;3.11;8;Rumah Orang Tua
MHS00026;Laki-laki;21;Jawa Timur;Ilmu Budaya;Ilmu Sejarah;2024;Beasiswa;Aktif;3.55;4;Kos
MHS00027;Perempuan;23;Jawa Timur;Ilmu Sosial dan Ilmu Politik;Sosiologi;2021;Orang Tua;Lulus;3.69;9;Rumah Orang Tua
MHS00028;Perempuan;23;Jawa Tengah;Kedokteran;Kebidanan;2022;Beasiswa;Aktif;3.26;8;Menumpang Saudara
MHS00029;Laki-laki;22;Jawa Timur;Teknologi Maju dan Multidisiplin;Teknik Industri;2022;Orang Tua;Aktif;2.91;8;Rumah Orang Tua
MHS00030;Laki-laki;20;Jawa Timur;Ilmu Budaya;Ilmu Sejarah;2024;Orang Tua;Cuti;3.26;4;Rumah Orang Tua
MHS00031;Laki-laki;20;Jawa Timur;Ilmu Budaya;Ilmu Sejarah;2025;Orang Tua;Aktif;2.83;2;Rumah Orang Tua
MHS00032;Laki-laki;22;Bengkulu;Perikanan dan Kelautan;Akuakultur;2023;Orang Tua;Aktif;2.64;6;Kos
MHS00033;Perempuan;21;Nusa Tenggara Timur;Ekonomi dan Bisnis;Manajemen;2023;Orang Tua;Aktif;3.75;6;Kos
MHS00034;Perempuan;21;Jawa Tengah;Teknologi Maju dan Multidisiplin;Teknik Elektro;2024;Beasiswa;Aktif;2.46;4;Kos
MHS00035;Laki-laki;22;Jawa Timur;Sains dan Teknologi;Fisika;2023;Orang Tua;Aktif;3.05;6;Kos
MHS00036;Laki-laki;22;Sulawesi Tenggara;Sains dan Teknologi;Fisika;2022;Orang Tua;Aktif;2.97;8;Asrama
MHS00037;Perempuan;25;Jawa Timur;FIKKIA Banyuwangi;Akuakultur (FIKKIA Banyuwangi);2020;Beasiswa;Non-Aktif/DO;2.18;2;Asrama
MHS00038;Laki-laki;22;Jawa Timur;Kedokteran;Kebidanan;2024;Orang Tua;Non-Aktif/DO;2.46;2;Rumah Orang Tua
MHS00039;Perempuan;25;Kalimantan Selatan;Ilmu Sosial dan Ilmu Politik;Ilmu Komunikasi;2022;Orang Tua;Aktif;2.77;8;Kos
MHS00040;Perempuan;19;Jawa Timur;Kedokteran;Kebidanan;2025;Orang Tua;Aktif;2.67;2;Rumah Orang Tua
MHS00041;Laki-laki;22;DKI Jakarta;Teknologi Maju dan Multidisiplin;Teknologi Sains Data;2022;Orang Tua;Lulus;3.98;8;Kos
MHS00042;Laki-laki;19;Jawa Timur;Kedokteran Gigi;Kedokteran Gigi;2025;Beasiswa;Aktif;3.55;2;Kos
MHS00043;Perempuan;22;Jawa Timur;Kedokteran;Kedokteran;2022;Beasiswa;Lulus;3.22;8;Rumah Orang Tua
MHS00044;Laki-laki;22;DKI Jakarta;Sains dan Teknologi;Biologi;2023;Pinjaman/Kredit Pendidikan;Aktif;2.86;6;Kos
MHS00045;Laki-laki;24;Jawa Timur;Ilmu Budaya;Bahasa dan Sastra Jepang;2023;Orang Tua;Aktif;3.38;6;Rumah Orang Tua
MHS00046;Perempuan;24;Jawa Timur;Hukum;Ilmu Hukum;2021;Orang Tua;Lulus;2.78;10;Menumpang Saudara
MHS00047;Perempuan;23;Jawa Timur;Ilmu Sosial dan Ilmu Politik;Antropologi;2022;Pinjaman/Kredit Pendidikan;Lulus;3.58;8;Rumah Orang Tua
MHS00048;Perempuan;20;Jawa Timur;FIKKIA Banyuwangi;Kedokteran Hewan (FIKKIA Banyuwangi);2024;Beasiswa;Aktif;2.84;4;Rumah Orang Tua
MHS00049;Perempuan;20;DI Yogyakarta;Perikanan dan Kelautan;Teknologi Hasil Perikanan;2025;Kerja Sendiri (part-time);Aktif;2.58;2;Menumpang Saudara
MHS00050;Perempuan;20;Jawa Timur;Ekonomi dan Bisnis;Manajemen;2025;Beasiswa;Aktif;3.15;2;Rumah Orang Tua
MHS00051;Perempuan;21;Jawa Tengah;Kesehatan Masyarakat;Kesehatan Masyarakat;2024;Orang Tua;Aktif;3.06;4;Rumah Orang Tua
MHS00052;Perempuan;22;Jawa Timur;Sains dan Teknologi;Matematika;2023;Orang Tua;Aktif;2.49;6;Rumah Orang Tua
MHS00053;Laki-laki;20;Jawa Timur;Kedokteran Hewan;Kedokteran Hewan;2024;Orang Tua;Aktif;3.55;4;Rumah Orang Tua
MHS00054;Perempuan;23;Jawa Timur;Sains dan Teknologi;Teknik Biomedis;2024;Orang Tua;Aktif;2.87;4;Rumah Orang Tua
MHS00055;Perempuan;20;Jawa Timur;Ilmu Sosial dan Ilmu Politik;Ilmu Hubungan Internasional;2025;Kerja Sendiri (part-time);Aktif;3.18;2;Rumah Orang Tua
MHS00056;Laki-laki;21;Jawa Barat;Ilmu Budaya;Bahasa dan Sastra Jepang;2025;Kerja Sendiri (part-time);Cuti;2.25;2;Kos
MHS00057;Perempuan;25;Jawa Timur;Teknologi Maju dan Multidisiplin;Rekayasa Nanoteknologi;2020;Beasiswa;Lulus;3.37;8;Rumah Orang Tua
MHS00058;Perempuan;19;Jawa Timur;Kedokteran Hewan;Kedokteran Hewan;2025;Orang Tua;Aktif;3.55;2;Rumah Orang Tua
MHS00059;Laki-laki;20;Jawa Timur;Ilmu Sosial dan Ilmu Politik;Ilmu Politik;2025;Orang Tua;Aktif;2.87;2;Kos
MHS00060;Perempuan;20;Nusa Tenggara Timur;Ilmu Sosial dan Ilmu Politik;Antropologi;2024;Kerja Sendiri (part-time);Aktif;2.87;4;Kos
MHS00061;Perempuan;20;Jawa Timur;Perikanan dan Kelautan;Akuakultur;2024;Beasiswa;Cuti;3.94;4;Asrama
MHS00062;Perempuan;22;Jawa Timur;Ilmu Budaya;Bahasa dan Sastra Inggris;2023;Orang Tua;Aktif;3.28;6;Kos
MHS00063;Perempuan;21;Jawa Timur;Ilmu Sosial dan Ilmu Politik;Ilmu Komunikasi;2025;Beasiswa;Aktif;2.82;2;Rumah Orang Tua
MHS00064;Perempuan;20;Jawa Timur;Sains dan Teknologi;Biologi;2025;Orang Tua;Aktif;3.23;2;Rumah Orang Tua
MHS00065;Laki-laki;20;Kalimantan Selatan;Teknologi Maju dan Multidisiplin;Teknik Elektro;2024;Kerja Sendiri (part-time);Aktif;2.54;4;Asrama
MHS00066;Laki-laki;20;Papua Selatan;Teknologi Maju dan Multidisiplin;Rekayasa Nanoteknologi;2024;Kerja Sendiri (part-time);Aktif;2.95;4;Kos
MHS00067;Perempuan;25;Jawa Timur;Farmasi;Farmasi;2020;Beasiswa;Lulus;3.1;9;Rumah Orang Tua
MHS00068;Laki-laki;22;Jawa Timur;Hukum;Ilmu Hukum;2022;Orang Tua;Lulus;3.65;8;Asrama
MHS00069;Laki-laki;20;DI Yogyakarta;Ekonomi dan Bisnis;Ilmu Ekonomi;2024;Beasiswa;Non-Aktif/DO;1.97;3;Menumpang Saudara
MHS00070;Laki-laki;20;Jawa Timur;Kedokteran Gigi;Kedokteran Gigi;2024;Beasiswa;Aktif;3.16;4;Kos
MHS00071;Perempuan;21;Jawa Timur;Ilmu Sosial dan Ilmu Politik;Ilmu Informasi dan Perpustakaan;2023;Orang Tua;Non-Aktif/DO;2.04;3;Rumah Orang Tua
MHS00072;Perempuan;25;Jawa Timur;Ekonomi dan Bisnis;Akuntansi;2022;Pinjaman/Kredit Pendidikan;Aktif;2.94;8;Rumah Orang Tua
MHS00073;Laki-laki;20;Nusa Tenggara Barat;Ilmu Sosial dan Ilmu Politik;Ilmu Komunikasi;2024;Orang Tua;Aktif;2.8;4;Kos
MHS00074;Laki-laki;25;Gorontalo;Sains dan Teknologi;Matematika;2022;Orang Tua;Aktif;3.26;8;Kos
MHS00075;Laki-laki;19;Kalimantan Timur;Sains dan Teknologi;Fisika;2025;Orang Tua;Aktif;3.32;2;Asrama
MHS00076;Perempuan;19;Jawa Tengah;Sains dan Teknologi;Teknik Biomedis;2025;Orang Tua;Aktif;3.24;2;Kos
MHS00077;Laki-laki;22;Jawa Timur;Sains dan Teknologi;Teknik Lingkungan;2023;Orang Tua;Aktif;3.82;6;Rumah Orang Tua
MHS00078;Perempuan;21;Sulawesi Tenggara;Keperawatan;Keperawatan;2023;Orang Tua;Aktif;3.14;6;Kos
MHS00079;Laki-laki;19;Jawa Timur;Sains dan Teknologi;Matematika;2025;Orang Tua;Aktif;3.6;2;Rumah Orang Tua
MHS00080;Laki-laki;23;Jawa Timur;Farmasi;Farmasi;2022;Orang Tua;Aktif;3.09;8;Rumah Orang Tua
MHS00081;Laki-laki;23;Jawa Timur;Hukum;Ilmu Hukum;2022;Orang Tua;Lulus;3.95;8;Rumah Orang Tua
MHS00082;Perempuan;19;Jawa Barat;FIKKIA Banyuwangi;Kedokteran (FIKKIA Banyuwangi);2025;Beasiswa;Aktif;2.72;2;Menumpang Saudara
MHS00083;Laki-laki;23;Jawa Timur;FIKKIA Banyuwangi;Akuakultur (FIKKIA Banyuwangi);2022;Orang Tua;Aktif;2.74;8;Rumah Orang Tua
MHS00084;Perempuan;20;Jawa Timur;Ilmu Budaya;Bahasa dan Sastra Jepang;2025;Orang Tua;Aktif;2.32;2;Rumah Orang Tua
MHS00085;Perempuan;26;Jawa Timur;Ilmu Sosial dan Ilmu Politik;Antropologi;2019;Orang Tua;Lulus;3.39;10;Asrama
MHS00086;Laki-laki;21;Jawa Tengah;Ilmu Sosial dan Ilmu Politik;Ilmu Komunikasi;2023;Orang Tua;Aktif;3.66;6;Rumah Orang Tua
MHS00087;Laki-laki;23;Jawa Timur;Sains dan Teknologi;Sistem Informasi;2022;Beasiswa;Aktif;3.07;8;Kos
MHS00088;Laki-laki;22;Jawa Tengah;Sains dan Teknologi;Teknik Lingkungan;2023;Orang Tua;Aktif;3.17;6;Kos
MHS00089;Laki-laki;21;Jawa Timur;Ekonomi dan Bisnis;Akuntansi;2023;Orang Tua;Aktif;3.66;6;Rumah Orang Tua
MHS00090;Perempuan;20;Kalimantan Timur;Ilmu Sosial dan Ilmu Politik;Ilmu Hubungan Internasional;2025;Orang Tua;Aktif;3.15;2;Kos
MHS00091;Perempuan;19;Kalimantan Tengah;Kedokteran;Kebidanan;2025;Orang Tua;Aktif;3.27;2;Kos
MHS00092;Perempuan;22;Jawa Timur;Perikanan dan Kelautan;Akuakultur;2024;Beasiswa;Aktif;3.42;4;Rumah Orang Tua
MHS00093;Laki-laki;19;Sulawesi Tengah;Teknologi Maju dan Multidisiplin;Teknik Elektro;2025;Orang Tua;Aktif;2.84;2;Kos
MHS00094;Laki-laki;24;Nusa Tenggara Barat;Ilmu Budaya;Bahasa dan Sastra Indonesia;2023;Orang Tua;Aktif;2.93;6;Asrama
MHS00095;Laki-laki;21;Jawa Tengah;Perikanan dan Kelautan;Akuakultur;2023;Orang Tua;Aktif;3.57;6;Kos
MHS00096;Perempuan;23;Jawa Barat;Kesehatan Masyarakat;Kesehatan Masyarakat;2022;Orang Tua;Cuti;3.19;8;Rumah Orang Tua
MHS00097;Perempuan;19;Jawa Timur;Psikologi;Psikologi;2025;Orang Tua;Aktif;3.85;2;Kos
MHS00098;Perempuan;21;Kalimantan Tengah;Ilmu Sosial dan Ilmu Politik;Ilmu Komunikasi;2023;Orang Tua;Aktif;3.5;6;Kos
MHS00099;Perempuan;20;Jawa Timur;Ekonomi dan Bisnis;Akuntansi;2025;Beasiswa;Aktif;2.43;2;Kos
MHS00100;Laki-laki;24;Jawa Tengah;FIKKIA Banyuwangi;Akuakultur (FIKKIA Banyuwangi);2021;Orang Tua;Lulus;3.42;8;Kos
MHS00101;Perempuan;21;Sumatera Utara;Sains dan Teknologi;Matematika;2025;Orang Tua;Aktif;3.16;2;Kos
MHS00102;Perempuan;20;Jawa Timur;Ilmu Budaya;Bahasa dan Sastra Inggris;2025;Orang Tua;Aktif;3.6;2;Kos
MHS00103;Laki-laki;23;Jawa Tengah;Sains dan Teknologi;Kimia;2021;Orang Tua;Lulus;3.79;8;Kos
MHS00104;Laki-laki;23;Jawa Timur;Ilmu Sosial dan Ilmu Politik;Antropologi;2025;Orang Tua;Aktif;3.35;2;Kos
MHS00105;Perempuan;22;Bali;Kesehatan Masyarakat;Gizi;2023;Orang Tua;Aktif;3.04;6;Kos
MHS00106;Perempuan;20;Jawa Timur;Kedokteran Hewan;Kedokteran Hewan;2024;Orang Tua;Cuti;2.94;4;Rumah Orang Tua
MHS00107;Perempuan;24;Jawa Tengah;Ilmu Budaya;Bahasa dan Sastra Inggris;2021;Orang Tua;Lulus;4.0;8;Kos
MHS00108;Perempuan;21;Lampung;Farmasi;Farmasi;2023;Orang Tua;Aktif;3.43;6;Menumpang Saudara
MHS00109;Laki-laki;20;Jawa Tengah;FIKKIA Banyuwangi;Akuakultur (FIKKIA Banyuwangi);2025;Beasiswa;Aktif;3.05;2;Asrama
MHS00110;Laki-laki;19;Jawa Timur;FIKKIA Banyuwangi;Akuakultur (FIKKIA Banyuwangi);2025;Orang Tua;Aktif;3.44;2;Rumah Orang Tua
MHS00111;Perempuan;20;Jawa Barat;Ilmu Sosial dan Ilmu Politik;Ilmu Hubungan Internasional;2025;Beasiswa;Aktif;2.49;2;Kos
MHS00112;Perempuan;20;Jawa Timur;Sains dan Teknologi;Fisika;2024;Kerja Sendiri (part-time);Aktif;3.81;4;Rumah Orang Tua
MHS00113;Perempuan;21;Jawa Barat;Sains dan Teknologi;Matematika;2023;Beasiswa;Aktif;3.52;6;Kos
MHS00114;Perempuan;20;Jawa Timur;Ilmu Sosial dan Ilmu Politik;Ilmu Informasi dan Perpustakaan;2025;Beasiswa;Aktif;2.75;2;Rumah Orang Tua
MHS00115;Laki-laki;23;Jawa Timur;Farmasi;Farmasi;2021;Orang Tua;Lulus;3.24;8;Kos
MHS00116;Laki-laki;19;Jawa Timur;Sains dan Teknologi;Biologi;2025;Orang Tua;Aktif;3.34;2;Rumah Orang Tua
MHS00117;Laki-laki;22;Jawa Timur;Teknologi Maju dan Multidisiplin;Teknologi Sains Data;2023;Orang Tua;Aktif;2.73;6;Kos
MHS00118;Laki-laki;23;Jawa Timur;Kedokteran Gigi;Kedokteran Gigi;2022;Orang Tua;Lulus;2.86;8;Menumpang Saudara
MHS00119;Laki-laki;22;Jawa Timur;Hukum;Ilmu Hukum;2023;Orang Tua;Aktif;3.18;6;Rumah Orang Tua
MHS00120;Perempuan;20;Jawa Timur;Sains dan Teknologi;Fisika;2025;Beasiswa;Aktif;3.62;2;Rumah Orang Tua
MHS00121;Perempuan;19;Jawa Barat;Kesehatan Masyarakat;Gizi;2025;Orang Tua;Aktif;2.58;2;Kos
MHS00122;Perempuan;23;Kepulauan Bangka Belitung;Farmasi;Farmasi;2022;Kerja Sendiri (part-time);Aktif;2.49;8;Asrama
MHS00123;Laki-laki;21;Jawa Timur;Ilmu Sosial dan Ilmu Politik;Ilmu Politik;2023;Orang Tua;Aktif;3.77;6;Rumah Orang Tua
MHS00124;Perempuan;21;Jawa Timur;Ilmu Sosial dan Ilmu Politik;Ilmu Hubungan Internasional;2024;Pinjaman/Kredit Pendidikan;Aktif;3.17;4;Kos
MHS00125;Laki-laki;22;Jawa Timur;Ilmu Budaya;Ilmu Sejarah;2023;Beasiswa;Aktif;2.89;6;Rumah Orang Tua
MHS00126;Laki-laki;23;Jawa Timur;Kesehatan Masyarakat;Kesehatan Masyarakat;2021;Orang Tua;Lulus;3.7;8;Kos
MHS00127;Perempuan;22;Jawa Barat;Farmasi;Farmasi;2022;Orang Tua;Aktif;3.29;8;Kos
MHS00128;Perempuan;21;Sumatera Utara;Teknologi Maju dan Multidisiplin;Teknik Industri;2024;Orang Tua;Aktif;2.97;4;Kos
MHS00129;Perempuan;26;Jawa Timur;Sains dan Teknologi;Statistika;2019;Pinjaman/Kredit Pendidikan;Lulus;2.49;8;Rumah Orang Tua
MHS00130;Perempuan;21;Jawa Timur;Kedokteran Gigi;Kedokteran Gigi;2023;Orang Tua;Aktif;3.79;6;Kos
MHS00131;Perempuan;20;Gorontalo;Ilmu Sosial dan Ilmu Politik;Antropologi;2024;Orang Tua;Aktif;3.79;4;Asrama
MHS00132;Perempuan;21;DKI Jakarta;Kesehatan Masyarakat;Gizi;2025;Orang Tua;Aktif;4.0;2;Rumah Orang Tua
MHS00133;Perempuan;21;Banten;Kedokteran Hewan;Kedokteran Hewan;2024;Orang Tua;Aktif;3.35;4;Menumpang Saudara
MHS00134;Perempuan;20;Kalimantan Timur;Ekonomi dan Bisnis;Akuntansi;2024;Orang Tua;Aktif;3.69;4;Kos
MHS00135;Perempuan;22;Jawa Timur;FIKKIA Banyuwangi;Kedokteran Hewan (FIKKIA Banyuwangi);2023;Orang Tua;Aktif;3.7;6;Kos
MHS00136;Perempuan;19;Jawa Barat;Ilmu Sosial dan Ilmu Politik;Administrasi Publik;2025;Beasiswa;Cuti;3.06;2;Menumpang Saudara
MHS00137;Perempuan;22;DKI Jakarta;Sains dan Teknologi;Teknik Biomedis;2022;Orang Tua;Cuti;3.06;8;Asrama
MHS00138;Perempuan;20;Riau;Sains dan Teknologi;Teknik Biomedis;2024;Orang Tua;Non-Aktif/DO;2.42;4;Asrama
MHS00139;Perempuan;22;Jawa Timur;Ilmu Budaya;Bahasa dan Sastra Indonesia;2023;Orang Tua;Aktif;3.37;6;Kos
MHS00140;Laki-laki;19;Jawa Barat;Ilmu Sosial dan Ilmu Politik;Ilmu Politik;2025;Kerja Sendiri (part-time);Aktif;3.1;2;Asrama
MHS00141;Perempuan;22;Jawa Tengah;FIKKIA Banyuwangi;Kesehatan Masyarakat (FIKKIA Banyuwangi);2023;Kerja Sendiri (part-time);Aktif;3.12;6;Rumah Orang Tua
MHS00142;Laki-laki;21;Jawa Timur;FIKKIA Banyuwangi;Akuakultur (FIKKIA Banyuwangi);2023;Beasiswa;Aktif;3.84;6;Rumah Orang Tua
MHS00143;Perempuan;22;Jawa Timur;Kedokteran Hewan;Kedokteran Hewan;2022;Orang Tua;Lulus;3.7;8;Rumah Orang Tua
MHS00144;Laki-laki;22;Jawa Timur;Ekonomi dan Bisnis;Ilmu Ekonomi;2023;Kerja Sendiri (part-time);Aktif;2.66;6;Rumah Orang Tua
MHS00145;Laki-laki;21;Sulawesi Barat;Ekonomi dan Bisnis;Ekonomi Islam;2024;Orang Tua;Cuti;3.2;4;Kos
MHS00146;Laki-laki;23;Jawa Timur;Perikanan dan Kelautan;Akuakultur;2024;Pinjaman/Kredit Pendidikan;Aktif;3.98;4;Rumah Orang Tua
MHS00147;Perempuan;26;Jawa Timur;Ilmu Sosial dan Ilmu Politik;Sosiologi;2021;Orang Tua;Lulus;2.79;10;Rumah Orang Tua
MHS00148;Laki-laki;23;Jawa Timur;Ilmu Budaya;Bahasa dan Sastra Indonesia;2022;Orang Tua;Lulus;3.31;8;Rumah Orang Tua
MHS00149;Laki-laki;24;Jawa Timur;Sains dan Teknologi;Matematika;2021;Beasiswa;Lulus;3.59;9;Rumah Orang Tua
MHS00150;Perempuan;20;Jawa Timur;Sains dan Teknologi;Fisika;2025;Orang Tua;Aktif;3.79;2;Rumah Orang Tua
MHS00151;Perempuan;22;Kalimantan Barat;Kedokteran Gigi;Kedokteran Gigi;2023;Orang Tua;Aktif;2.76;6;Kos
MHS00152;Perempuan;22;Jawa Timur;Ilmu Sosial dan Ilmu Politik;Ilmu Politik;2023;Orang Tua;Aktif;3.6;6;Rumah Orang Tua
MHS00153;Laki-laki;23;Jawa Timur;FIKKIA Banyuwangi;Kesehatan Masyarakat (FIKKIA Banyuwangi);2021;Orang Tua;Non-Aktif/DO;2.68;4;Kos
MHS00154;Perempuan;23;Jawa Timur;Sains dan Teknologi;Matematika;2022;Beasiswa;Lulus;2.72;8;Kos
MHS00155;Perempuan;23;Jawa Barat;Ilmu Sosial dan Ilmu Politik;Ilmu Komunikasi;2021;Orang Tua;Lulus;3.06;9;Kos
MHS00156;Perempuan;22;Jawa Timur;Hukum;Ilmu Hukum;2022;Beasiswa;Aktif;3.11;8;Menumpang Saudara
MHS00157;Perempuan;22;Nusa Tenggara Timur;Kedokteran Hewan;Kedokteran Hewan;2022;Orang Tua;Lulus;3.43;8;Kos
MHS00158;Perempuan;19;Jawa Timur;Ekonomi dan Bisnis;Akuntansi;2025;Kerja Sendiri (part-time);Aktif;2.94;2;Rumah Orang Tua
MHS00159;Perempuan;20;Jawa Timur;Ilmu Sosial dan Ilmu Politik;Administrasi Publik;2024;Orang Tua;Aktif;3.06;4;Rumah Orang Tua
MHS00160;Perempuan;22;Bali;Psikologi;Psikologi;2023;Orang Tua;Aktif;3.81;6;Kos
MHS00161;Laki-laki;21;Jawa Timur;Kesehatan Masyarakat;Gizi;2024;Orang Tua;Aktif;3.4;4;Rumah Orang Tua
MHS00162;Perempuan;19;Jawa Timur;Sains dan Teknologi;Statistika;2025;Orang Tua;Aktif;3.45;2;Rumah Orang Tua
MHS00163;Perempuan;20;Jawa Timur;Ilmu Budaya;Bahasa dan Sastra Indonesia;2024;Orang Tua;Aktif;3.02;4;Kos
MHS00164;Perempuan;21;Nusa Tenggara Barat;Teknologi Maju dan Multidisiplin;Teknik Elektro;2024;Orang Tua;Aktif;3.07;4;Kos
MHS00165;Laki-laki;22;Jawa Timur;Sains dan Teknologi;Matematika;2023;Kerja Sendiri (part-time);Aktif;2.81;6;Rumah Orang Tua
MHS00166;Laki-laki;20;Jawa Timur;Ilmu Sosial dan Ilmu Politik;Ilmu Politik;2025;Orang Tua;Aktif;2.44;2;Rumah Orang Tua
MHS00167;Perempuan;26;Sulawesi Barat;Ekonomi dan Bisnis;Ilmu Ekonomi;2022;Beasiswa;Aktif;2.74;8;Menumpang Saudara
MHS00168;Perempuan;24;Jawa Timur;Ekonomi dan Bisnis;Ilmu Ekonomi;2021;Beasiswa;Lulus;3.57;9;Kos
MHS00169;Perempuan;25;Jawa Timur;Kedokteran Gigi;Kedokteran Gigi;2023;Kerja Sendiri (part-time);Aktif;3.76;6;Kos
MHS00170;Perempuan;20;Jawa Timur;FIKKIA Banyuwangi;Akuakultur (FIKKIA Banyuwangi);2025;Orang Tua;Aktif;3.1;2;Kos
MHS00171;Perempuan;19;Jawa Timur;Teknologi Maju dan Multidisiplin;Teknik Industri;2025;Orang Tua;Aktif;3.61;2;Rumah Orang Tua
MHS00172;Perempuan;20;Jawa Timur;Farmasi;Farmasi;2024;Orang Tua;Aktif;4.0;4;Asrama
MHS00173;Laki-laki;22;Jawa Timur;FIKKIA Banyuwangi;Akuakultur (FIKKIA Banyuwangi);2023;Beasiswa;Aktif;3.68;6;Rumah Orang Tua
MHS00174;Perempuan;20;Sulawesi Utara;Ekonomi dan Bisnis;Manajemen;2025;Orang Tua;Aktif;3.09;2;Kos
MHS00175;Laki-laki;22;Sulawesi Selatan;Ilmu Sosial dan Ilmu Politik;Administrasi Publik;2025;Orang Tua;Aktif;3.28;2;Kos
MHS00176;Laki-laki;20;Jawa Timur;Kesehatan Masyarakat;Kesehatan Masyarakat;2025;Orang Tua;Aktif;3.73;2;Rumah Orang Tua
MHS00177;Perempuan;20;Lampung;Kesehatan Masyarakat;Kesehatan Masyarakat;2025;Orang Tua;Aktif;2.44;2;Kos
MHS00178;Perempuan;21;Jawa Timur;Ekonomi dan Bisnis;Manajemen;2023;Orang Tua;Non-Aktif/DO;2.35;2;Asrama
MHS00179;Laki-laki;20;Sumatera Utara;Teknologi Maju dan Multidisiplin;Teknologi Sains Data;2025;Orang Tua;Aktif;2.97;2;Kos
MHS00180;Perempuan;22;Jawa Timur;Ekonomi dan Bisnis;Manajemen;2022;Orang Tua;Lulus;3.77;8;Rumah Orang Tua
MHS00181;Laki-laki;19;DKI Jakarta;Perikanan dan Kelautan;Akuakultur;2025;Orang Tua;Aktif;3.72;2;Kos
MHS00182;Perempuan;23;DKI Jakarta;Ilmu Budaya;Bahasa dan Sastra Indonesia;2022;Beasiswa;Lulus;3.33;8;Asrama
MHS00183;Laki-laki;24;Lampung;Hukum;Ilmu Hukum;2024;Orang Tua;Aktif;3.56;4;Asrama
MHS00184;Laki-laki;22;Papua;Teknologi Maju dan Multidisiplin;Teknik Industri;2023;Beasiswa;Non-Aktif/DO;1.71;2;Asrama
MHS00185;Perempuan;20;Jawa Timur;Ilmu Budaya;Bahasa dan Sastra Indonesia;2025;Orang Tua;Aktif;3.38;2;Rumah Orang Tua
MHS00186;Perempuan;21;Jawa Tengah;Ekonomi dan Bisnis;Akuntansi;2023;Kerja Sendiri (part-time);Aktif;3.3;6;Kos
MHS00187;Laki-laki;21;Banten;Ilmu Budaya;Ilmu Sejarah;2024;Beasiswa;Aktif;2.57;4;Asrama
MHS00188;Perempuan;22;Jawa Timur;FIKKIA Banyuwangi;Kedokteran Hewan (FIKKIA Banyuwangi);2023;Orang Tua;Aktif;3.46;6;Rumah Orang Tua
MHS00189;Laki-laki;21;Jawa Barat;Ekonomi dan Bisnis;Akuntansi;2024;Beasiswa;Aktif;3.15;4;Kos
MHS00190;Perempuan;24;Jawa Timur;Teknologi Maju dan Multidisiplin;Teknik Robotika dan Kecerdasan Buatan;2022;Pinjaman/Kredit Pendidikan;Aktif;2.64;8;Kos
MHS00191;Laki-laki;23;Jawa Timur;FIKKIA Banyuwangi;Kesehatan Masyarakat (FIKKIA Banyuwangi);2023;Orang Tua;Aktif;3.62;6;Rumah Orang Tua
MHS00192;Perempuan;24;Jawa Timur;Ilmu Sosial dan Ilmu Politik;Sosiologi;2021;Orang Tua;Lulus;2.79;9;Kos
MHS00193;Perempuan;20;Jawa Timur;Hukum;Ilmu Hukum;2025;Orang Tua;Aktif;3.88;2;Rumah Orang Tua
MHS00194;Laki-laki;21;Jawa Timur;Ilmu Sosial dan Ilmu Politik;Sosiologi;2024;Beasiswa;Aktif;2.98;4;Rumah Orang Tua
MHS00195;Laki-laki;21;Jawa Tengah;Farmasi;Farmasi;2023;Orang Tua;Aktif;3.04;6;Menumpang Saudara
MHS00196;Perempuan;23;Jawa Timur;Perikanan dan Kelautan;Akuakultur;2021;Pinjaman/Kredit Pendidikan;Lulus;2.96;10;Kos
MHS00197;Laki-laki;25;Kalimantan Selatan;Ilmu Budaya;Ilmu Sejarah;2023;Beasiswa;Aktif;3.23;6;Asrama
MHS00198;Perempuan;25;Jawa Timur;Ekonomi dan Bisnis;Akuntansi;2020;Orang Tua;Lulus;3.31;10;Kos
MHS00199;Perempuan;20;Jawa Timur;Perikanan dan Kelautan;Akuakultur;2024;Orang Tua;Aktif;2.73;4;Rumah Orang Tua
MHS00200;Perempuan;23;Jawa Timur;Kesehatan Masyarakat;Gizi;2021;Orang Tua;Lulus;3.33;8;Kos
MHS00201;Laki-laki;19;Nusa Tenggara Barat;FIKKIA Banyuwangi;Akuakultur (FIKKIA Banyuwangi);2025;Orang Tua;Aktif;3.17;2;Menumpang Saudara
MHS00202;Perempuan;24;Jawa Barat;Sains dan Teknologi;Kimia;2020;Orang Tua;Non-Aktif/DO;2.87;3;Asrama
MHS00203;Perempuan;19;Jawa Timur;FIKKIA Banyuwangi;Kedokteran Hewan (FIKKIA Banyuwangi);2025;Orang Tua;Aktif;3.41;2;Rumah Orang Tua
MHS00204;Perempuan;22;Banten;Teknologi Maju dan Multidisiplin;Rekayasa Nanoteknologi;2023;Orang Tua;Aktif;3.05;6;Asrama
MHS00205;Perempuan;22;Nusa Tenggara Barat;Kedokteran Gigi;Kedokteran Gigi;2025;Orang Tua;Aktif;3.45;2;Kos
MHS00206;Laki-laki;21;Bali;Teknologi Maju dan Multidisiplin;Teknik Robotika dan Kecerdasan Buatan;2023;Orang Tua;Aktif;3.77;6;Kos
MHS00207;Perempuan;21;Jawa Timur;Ilmu Budaya;Bahasa dan Sastra Indonesia;2024;Orang Tua;Aktif;3.61;4;Rumah Orang Tua
MHS00208;Laki-laki;23;Jawa Timur;Ilmu Sosial dan Ilmu Politik;Administrasi Publik;2022;Orang Tua;Lulus;3.77;8;Rumah Orang Tua
MHS00209;Laki-laki;24;Kalimantan Timur;Kedokteran Gigi;Kedokteran Gigi;2023;Orang Tua;Aktif;3.04;6;Kos
MHS00210;Perempuan;25;Kepulauan Riau;Kedokteran Gigi;Kedokteran Gigi;2020;Orang Tua;Lulus;3.73;8;Kos
MHS00211;Perempuan;22;Jawa Timur;Ekonomi dan Bisnis;Ekonomi Islam;2023;Orang Tua;Aktif;2.96;6;Rumah Orang Tua
MHS00212;Perempuan;20;Jawa Timur;Keperawatan;Keperawatan;2024;Orang Tua;Aktif;3.85;4;Kos
MHS00213;Laki-laki;20;Jawa Timur;Teknologi Maju dan Multidisiplin;Teknologi Sains Data;2025;Orang Tua;Aktif;3.32;2;Kos
MHS00214;Perempuan;26;Jawa Timur;Sains dan Teknologi;Teknik Biomedis;2019;Beasiswa;Lulus;3.98;8;Rumah Orang Tua
MHS00215;Perempuan;23;Jawa Timur;Kedokteran Hewan;Kedokteran Hewan;2022;Orang Tua;Cuti;2.79;8;Rumah Orang Tua
MHS00216;Laki-laki;21;Jawa Timur;Ilmu Sosial dan Ilmu Politik;Administrasi Publik;2024;Orang Tua;Aktif;2.93;4;Rumah Orang Tua
MHS00217;Perempuan;26;Jawa Timur;Ekonomi dan Bisnis;Akuntansi;2019;Orang Tua;Lulus;3.16;8;Kos
MHS00218;Laki-laki;25;Kalimantan Tengah;Kedokteran Hewan;Kedokteran Hewan;2021;Beasiswa;Lulus;3.25;9;Kos
MHS00219;Laki-laki;23;Jawa Tengah;Ilmu Sosial dan Ilmu Politik;Ilmu Informasi dan Perpustakaan;2023;Orang Tua;Aktif;3.88;6;Asrama
MHS00220;Perempuan;23;Jawa Timur;FIKKIA Banyuwangi;Kesehatan Masyarakat (FIKKIA Banyuwangi);2022;Orang Tua;Lulus;3.87;8;Rumah Orang Tua
MHS00221;Perempuan;24;Jawa Timur;Ekonomi dan Bisnis;Manajemen;2023;Orang Tua;Aktif;2.74;6;Rumah Orang Tua
MHS00222;Perempuan;20;Jawa Timur;Ekonomi dan Bisnis;Akuntansi;2025;Orang Tua;Aktif;2.71;2;Kos
MHS00223;Perempuan;21;Jawa Tengah;Ekonomi dan Bisnis;Ilmu Ekonomi;2024;Beasiswa;Cuti;2.4;4;Asrama
MHS00224;Laki-laki;20;Jawa Timur;Teknologi Maju dan Multidisiplin;Rekayasa Nanoteknologi;2025;Kerja Sendiri (part-time);Aktif;3.57;2;Asrama
MHS00225;Laki-laki;22;Jawa Timur;FIKKIA Banyuwangi;Akuakultur (FIKKIA Banyuwangi);2025;Orang Tua;Aktif;3.32;2;Rumah Orang Tua
MHS00226;Laki-laki;23;Jawa Timur;Ilmu Budaya;Ilmu Sejarah;2022;Orang Tua;Lulus;3.91;8;Kos
MHS00227;Perempuan;23;Jawa Timur;Psikologi;Psikologi;2022;Orang Tua;Aktif;2.62;8;Rumah Orang Tua
MHS00228;Laki-laki;22;Maluku Utara;Kedokteran Hewan;Kedokteran Hewan;2023;Orang Tua;Aktif;2.86;6;Kos
MHS00229;Laki-laki;21;Jawa Timur;Teknologi Maju dan Multidisiplin;Rekayasa Nanoteknologi;2024;Orang Tua;Aktif;2.63;4;Kos
MHS00230;Laki-laki;19;Kalimantan Timur;Ilmu Sosial dan Ilmu Politik;Administrasi Publik;2025;Orang Tua;Aktif;3.11;2;Kos
MHS00231;Perempuan;19;Jawa Timur;FIKKIA Banyuwangi;Kesehatan Masyarakat (FIKKIA Banyuwangi);2025;Orang Tua;Aktif;3.03;2;Rumah Orang Tua
MHS00232;Perempuan;23;Jawa Timur;Perikanan dan Kelautan;Teknologi Hasil Perikanan;2022;Orang Tua;Aktif;3.13;8;Rumah Orang Tua
MHS00233;Perempuan;23;Aceh;Kesehatan Masyarakat;Kesehatan Masyarakat;2021;Orang Tua;Aktif;2.95;10;Kos
MHS00234;Perempuan;24;Jawa Timur;Sains dan Teknologi;Teknik Biomedis;2021;Pinjaman/Kredit Pendidikan;Lulus;3.43;9;Rumah Orang Tua
MHS00235;Laki-laki;21;Jawa Timur;Psikologi;Psikologi;2024;Orang Tua;Cuti;3.84;4;Kos
MHS00236;Laki-laki;23;Jawa Timur;Teknologi Maju dan Multidisiplin;Teknologi Sains Data;2023;Orang Tua;Aktif;3.11;6;Asrama
MHS00237;Perempuan;20;Jawa Timur;Ilmu Sosial dan Ilmu Politik;Ilmu Informasi dan Perpustakaan;2024;Orang Tua;Aktif;3.16;4;Rumah Orang Tua
MHS00238;Perempuan;20;Jawa Barat;Ekonomi dan Bisnis;Ekonomi Islam;2024;Beasiswa;Cuti;2.9;4;Asrama
MHS00239;Perempuan;25;Jawa Timur;Teknologi Maju dan Multidisiplin;Teknologi Sains Data;2021;Orang Tua;Lulus;2.74;8;Rumah Orang Tua
MHS00240;Laki-laki;21;Jawa Timur;Kesehatan Masyarakat;Kesehatan Masyarakat;2024;Orang Tua;Aktif;2.61;4;Rumah Orang Tua
MHS00241;Perempuan;24;Nusa Tenggara Barat;Kesehatan Masyarakat;Gizi;2023;Orang Tua;Aktif;3.12;6;Kos
MHS00242;Laki-laki;21;Sulawesi Tengah;Kedokteran;Kedokteran;2023;Orang Tua;Aktif;3.49;6;Kos
MHS00243;Laki-laki;21;Papua Tengah;Perikanan dan Kelautan;Akuakultur;2024;Orang Tua;Aktif;3.8;4;Asrama
MHS00244;Perempuan;20;Jawa Timur;Keperawatan;Keperawatan;2024;Orang Tua;Aktif;2.92;4;Rumah Orang Tua
MHS00245;Perempuan;22;Jawa Timur;Ilmu Sosial dan Ilmu Politik;Ilmu Komunikasi;2025;Beasiswa;Aktif;2.85;2;Rumah Orang Tua
MHS00246;Perempuan;21;Jawa Timur;Ekonomi dan Bisnis;Ilmu Ekonomi;2024;Orang Tua;Aktif;3.97;4;Kos
MHS00247;Laki-laki;20;Jawa Timur;Teknologi Maju dan Multidisiplin;Rekayasa Nanoteknologi;2025;Orang Tua;Aktif;3.18;2;Rumah Orang Tua
MHS00248;Laki-laki;21;Jawa Timur;Perikanan dan Kelautan;Akuakultur;2023;Orang Tua;Cuti;2.55;6;Asrama
MHS00249;Laki-laki;21;Jawa Timur;Ilmu Budaya;Bahasa dan Sastra Inggris;2023;Beasiswa;Aktif;2.69;6;Kos
MHS00250;Perempuan;19;Jawa Timur;FIKKIA Banyuwangi;Kedokteran (FIKKIA Banyuwangi);2025;Pinjaman/Kredit Pendidikan;Aktif;3.54;2;Kos
MHS00251;Laki-laki;23;Papua Tengah;Ilmu Budaya;Bahasa dan Sastra Inggris;2022;Orang Tua;Aktif;3.6;8;Kos
MHS00252;Perempuan;26;Jawa Timur;FIKKIA Banyuwangi;Kesehatan Masyarakat (FIKKIA Banyuwangi);2019;Orang Tua;Lulus;2.99;8;Menumpang Saudara
MHS00253;Perempuan;22;Jawa Timur;Kedokteran Hewan;Kedokteran Hewan;2023;Orang Tua;Aktif;3.29;6;Kos
MHS00254;Laki-laki;19;Kalimantan Tengah;FIKKIA Banyuwangi;Kesehatan Masyarakat (FIKKIA Banyuwangi);2025;Orang Tua;Aktif;2.94;2;Kos
MHS00255;Perempuan;22;Jawa Tengah;Teknologi Maju dan Multidisiplin;Teknik Elektro;2023;Orang Tua;Aktif;3.86;6;Kos
MHS00256;Perempuan;23;Banten;FIKKIA Banyuwangi;Akuakultur (FIKKIA Banyuwangi);2025;Beasiswa;Aktif;3.59;2;Kos
MHS00257;Laki-laki;21;Jawa Timur;Teknologi Maju dan Multidisiplin;Teknik Elektro;2023;Beasiswa;Aktif;3.54;6;Kos
MHS00258;Laki-laki;20;Sulawesi Selatan;FIKKIA Banyuwangi;Kedokteran Hewan (FIKKIA Banyuwangi);2024;Beasiswa;Aktif;3.43;4;Asrama
MHS00259;Laki-laki;25;Maluku Utara;Ilmu Budaya;Bahasa dan Sastra Indonesia;2022;Orang Tua;Lulus;3.32;8;Kos
MHS00260;Laki-laki;22;Jawa Timur;FIKKIA Banyuwangi;Kedokteran Hewan (FIKKIA Banyuwangi);2023;Orang Tua;Aktif;3.52;6;Rumah Orang Tua
MHS00261;Laki-laki;22;Papua Barat;FIKKIA Banyuwangi;Kedokteran (FIKKIA Banyuwangi);2023;Orang Tua;Aktif;3.61;6;Kos
MHS00262;Perempuan;21;Jawa Timur;Sains dan Teknologi;Statistika;2023;Orang Tua;Aktif;2.35;6;Rumah Orang Tua
MHS00263;Perempuan;20;Jawa Timur;Kesehatan Masyarakat;Gizi;2024;Orang Tua;Non-Aktif/DO;2.01;2;Kos
MHS00264;Perempuan;23;Nusa Tenggara Barat;Kedokteran Gigi;Kedokteran Gigi;2023;Pinjaman/Kredit Pendidikan;Aktif;3.09;6;Menumpang Saudara
MHS00265;Perempuan;23;Jawa Tengah;Ilmu Budaya;Bahasa dan Sastra Indonesia;2022;Orang Tua;Lulus;3.51;8;Rumah Orang Tua
MHS00266;Perempuan;24;Jawa Timur;Farmasi;Farmasi;2020;Orang Tua;Lulus;3.29;10;Rumah Orang Tua
MHS00267;Laki-laki;21;Jawa Timur;Ilmu Sosial dan Ilmu Politik;Ilmu Hubungan Internasional;2023;Orang Tua;Aktif;3.41;6;Kos
MHS00268;Laki-laki;27;Jawa Timur;Hukum;Ilmu Hukum;2021;Orang Tua;Lulus;3.51;8;Rumah Orang Tua
MHS00269;Perempuan;20;Bengkulu;Sains dan Teknologi;Fisika;2024;Orang Tua;Aktif;2.34;4;Menumpang Saudara
MHS00270;Perempuan;24;Jawa Timur;Keperawatan;Keperawatan;2020;Beasiswa;Lulus;3.12;8;Rumah Orang Tua
MHS00271;Perempuan;23;Jawa Timur;Hukum;Ilmu Hukum;2022;Orang Tua;Lulus;4.0;8;Rumah Orang Tua
MHS00272;Perempuan;20;Sulawesi Selatan;Keperawatan;Keperawatan;2024;Beasiswa;Aktif;2.57;4;Kos
MHS00273;Laki-laki;19;Papua Barat Daya;Teknologi Maju dan Multidisiplin;Teknik Robotika dan Kecerdasan Buatan;2025;Orang Tua;Aktif;2.16;2;Asrama
MHS00274;Perempuan;21;DI Yogyakarta;Sains dan Teknologi;Biologi;2025;Orang Tua;Aktif;3.41;2;Kos
MHS00275;Laki-laki;20;Jawa Timur;Kesehatan Masyarakat;Kesehatan Masyarakat;2024;Beasiswa;Aktif;3.76;4;Kos
MHS00276;Laki-laki;26;Jawa Tengah;Sains dan Teknologi;Teknik Lingkungan;2019;Orang Tua;Lulus;3.67;8;Kos
MHS00277;Laki-laki;22;Jawa Timur;Kesehatan Masyarakat;Kesehatan Masyarakat;2023;Orang Tua;Aktif;3.33;6;Rumah Orang Tua
MHS00278;Laki-laki;24;Jawa Timur;Teknologi Maju dan Multidisiplin;Teknik Elektro;2020;Beasiswa;Lulus;3.49;9;Kos
MHS00279;Perempuan;24;Jawa Timur;Sains dan Teknologi;Kimia;2021;Orang Tua;Lulus;3.84;8;Kos
MHS00280;Laki-laki;23;Jawa Timur;Ilmu Sosial dan Ilmu Politik;Ilmu Hubungan Internasional;2025;Beasiswa;Aktif;2.26;2;Rumah Orang Tua
MHS00281;Laki-laki;20;Bali;Sains dan Teknologi;Kimia;2025;Beasiswa;Cuti;3.21;2;Kos
MHS00282;Perempuan;23;Jawa Timur;FIKKIA Banyuwangi;Kedokteran (FIKKIA Banyuwangi);2022;Orang Tua;Lulus;3.84;8;Kos
MHS00283;Perempuan;20;Jawa Timur;Ilmu Sosial dan Ilmu Politik;Sosiologi;2024;Beasiswa;Cuti;2.32;4;Rumah Orang Tua
MHS00284;Laki-laki;19;DKI Jakarta;Ilmu Sosial dan Ilmu Politik;Administrasi Publik;2025;Orang Tua;Aktif;2.59;2;Menumpang Saudara
MHS00285;Laki-laki;20;Kalimantan Timur;Sains dan Teknologi;Teknik Biomedis;2024;Orang Tua;Aktif;3.37;4;Kos
MHS00286;Perempuan;21;Kepulauan Riau;Kesehatan Masyarakat;Gizi;2023;Orang Tua;Aktif;2.92;6;Kos
MHS00287;Perempuan;23;Banten;Perikanan dan Kelautan;Akuakultur;2022;Beasiswa;Aktif;2.83;8;Rumah Orang Tua
MHS00288;Perempuan;22;Papua;Ekonomi dan Bisnis;Ekonomi Islam;2023;Beasiswa;Aktif;3.92;6;Kos
MHS00289;Laki-laki;22;Jawa Timur;Ekonomi dan Bisnis;Ilmu Ekonomi;2023;Beasiswa;Cuti;2.99;6;Rumah Orang Tua
MHS00290;Laki-laki;20;Nusa Tenggara Barat;Kesehatan Masyarakat;Kesehatan Masyarakat;2024;Beasiswa;Aktif;3.78;4;Kos
MHS00291;Laki-laki;20;Jawa Timur;Kedokteran Gigi;Kedokteran Gigi;2024;Beasiswa;Aktif;2.67;4;Kos
MHS00292;Perempuan;20;Jawa Timur;Kedokteran;Kebidanan;2025;Beasiswa;Aktif;2.92;2;Rumah Orang Tua
MHS00293;Laki-laki;23;Kalimantan Barat;Ekonomi dan Bisnis;Ilmu Ekonomi;2021;Orang Tua;Non-Aktif/DO;1.81;2;Menumpang Saudara
MHS00294;Laki-laki;20;Jawa Timur;Psikologi;Psikologi;2024;Orang Tua;Aktif;2.62;4;Kos
MHS00295;Laki-laki;20;Banten;Ilmu Budaya;Bahasa dan Sastra Inggris;2024;Orang Tua;Aktif;2.53;4;Asrama
MHS00296;Laki-laki;20;Jawa Timur;Teknologi Maju dan Multidisiplin;Teknik Elektro;2025;Beasiswa;Aktif;3.87;2;Kos
MHS00297;Perempuan;25;Jawa Timur;Ilmu Budaya;Bahasa dan Sastra Indonesia;2019;Orang Tua;Lulus;3.57;8;Kos
MHS00298;Perempuan;22;Jawa Timur;Ilmu Budaya;Bahasa dan Sastra Indonesia;2023;Beasiswa;Aktif;3.19;6;Rumah Orang Tua
MHS00299;Perempuan;23;Jawa Timur;Kedokteran Gigi;Kedokteran Gigi;2022;Beasiswa;Cuti;3.16;8;Asrama
MHS00300;Perempuan;20;DKI Jakarta;FIKKIA Banyuwangi;Kesehatan Masyarakat (FIKKIA Banyuwangi);2024;Beasiswa;Aktif;3.12;4;Asrama
MHS00301;Perempuan;21;Banten;FIKKIA Banyuwangi;Kedokteran Hewan (FIKKIA Banyuwangi);2023;Kerja Sendiri (part-time);Aktif;3.86;6;Rumah Orang Tua
MHS00302;Perempuan;23;Jawa Timur;Sains dan Teknologi;Teknik Biomedis;2023;Orang Tua;Aktif;3.58;6;Rumah Orang Tua
MHS00303;Perempuan;20;Jawa Timur;Ekonomi dan Bisnis;Ekonomi Islam;2024;Orang Tua;Aktif;2.44;4;Rumah Orang Tua
MHS00304;Perempuan;22;Jawa Timur;Ilmu Sosial dan Ilmu Politik;Sosiologi;2023;Beasiswa;Aktif;3.32;6;Rumah Orang Tua
MHS00305;Laki-laki;23;Jawa Timur;Kesehatan Masyarakat;Kesehatan Masyarakat;2023;Kerja Sendiri (part-time);Aktif;2.67;6;Rumah Orang Tua
MHS00306;Perempuan;24;Jawa Timur;Hukum;Ilmu Hukum;2022;Orang Tua;Lulus;3.73;8;Asrama
MHS00307;Perempuan;25;Jawa Timur;Farmasi;Farmasi;2023;Beasiswa;Aktif;2.68;6;Kos
MHS00308;Laki-laki;20;Jawa Timur;Sains dan Teknologi;Sistem Informasi;2025;Orang Tua;Aktif;2.52;2;Kos
MHS00309;Perempuan;26;Jawa Timur;Ekonomi dan Bisnis;Akuntansi;2019;Orang Tua;Lulus;3.89;8;Asrama
MHS00310;Perempuan;20;Jawa Timur;Ilmu Budaya;Bahasa dan Sastra Jepang;2025;Orang Tua;Aktif;2.58;2;Rumah Orang Tua
MHS00311;Perempuan;22;Jawa Timur;Ilmu Sosial dan Ilmu Politik;Antropologi;2023;Beasiswa;Cuti;2.97;6;Rumah Orang Tua
MHS00312;Perempuan;20;Riau;FIKKIA Banyuwangi;Kesehatan Masyarakat (FIKKIA Banyuwangi);2025;Orang Tua;Aktif;2.64;2;Menumpang Saudara
MHS00313;Laki-laki;21;Jawa Timur;Ekonomi dan Bisnis;Ilmu Ekonomi;2024;Pinjaman/Kredit Pendidikan;Aktif;2.66;4;Kos
MHS00314;Laki-laki;20;Kalimantan Timur;Ilmu Sosial dan Ilmu Politik;Administrasi Publik;2025;Beasiswa;Aktif;2.97;2;Kos
MHS00315;Perempuan;21;Lampung;Teknologi Maju dan Multidisiplin;Teknologi Sains Data;2023;Orang Tua;Aktif;3.74;6;Kos
MHS00316;Laki-laki;23;Jawa Timur;Kedokteran;Kedokteran;2022;Orang Tua;Lulus;2.71;8;Rumah Orang Tua
MHS00317;Laki-laki;22;Jawa Timur;Ilmu Sosial dan Ilmu Politik;Ilmu Politik;2022;Orang Tua;Aktif;2.7;8;Kos
MHS00318;Laki-laki;20;Jawa Timur;Keperawatan;Keperawatan;2025;Orang Tua;Aktif;2.57;2;Rumah Orang Tua
MHS00319;Perempuan;23;Jawa Timur;Ilmu Budaya;Bahasa dan Sastra Jepang;2022;Beasiswa;Aktif;3.19;8;Rumah Orang Tua
MHS00320;Perempuan;25;Jawa Timur;Keperawatan;Keperawatan;2023;Orang Tua;Aktif;2.85;6;Rumah Orang Tua
MHS00321;Perempuan;21;Riau;Ekonomi dan Bisnis;Ekonomi Islam;2024;Orang Tua;Aktif;3.17;4;Kos
MHS00322;Perempuan;24;Sumatera Selatan;Kesehatan Masyarakat;Kesehatan Masyarakat;2023;Orang Tua;Aktif;3.41;6;Asrama
MHS00323;Laki-laki;20;Jawa Timur;Kedokteran;Kedokteran;2024;Orang Tua;Aktif;3.53;4;Rumah Orang Tua
MHS00324;Laki-laki;24;DKI Jakarta;Ilmu Sosial dan Ilmu Politik;Sosiologi;2021;Orang Tua;Lulus;3.11;8;Asrama
MHS00325;Perempuan;20;Jawa Timur;Hukum;Ilmu Hukum;2024;Orang Tua;Aktif;2.83;4;Kos
MHS00326;Perempuan;23;Banten;Sains dan Teknologi;Kimia;2022;Orang Tua;Lulus;3.69;8;Kos
MHS00327;Perempuan;20;Jawa Timur;Kesehatan Masyarakat;Gizi;2025;Orang Tua;Aktif;2.96;2;Rumah Orang Tua
MHS00328;Laki-laki;20;Jawa Timur;FIKKIA Banyuwangi;Kedokteran (FIKKIA Banyuwangi);2024;Kerja Sendiri (part-time);Aktif;4.0;4;Asrama
MHS00329;Perempuan;20;Kalimantan Timur;Psikologi;Psikologi;2024;Kerja Sendiri (part-time);Aktif;3.87;4;Asrama
MHS00330;Perempuan;21;Sumatera Utara;FIKKIA Banyuwangi;Kedokteran Hewan (FIKKIA Banyuwangi);2024;Orang Tua;Aktif;3.27;4;Kos
MHS00331;Perempuan;24;Jawa Timur;Kesehatan Masyarakat;Gizi;2023;Orang Tua;Aktif;3.64;6;Rumah Orang Tua
MHS00332;Laki-laki;19;Kepulauan Bangka Belitung;Teknologi Maju dan Multidisiplin;Rekayasa Nanoteknologi;2025;Kerja Sendiri (part-time);Aktif;3.93;2;Kos
MHS00333;Perempuan;19;Jawa Timur;Teknologi Maju dan Multidisiplin;Teknik Robotika dan Kecerdasan Buatan;2025;Orang Tua;Aktif;4.0;2;Rumah Orang Tua
MHS00334;Laki-laki;21;Jawa Barat;Ilmu Budaya;Ilmu Sejarah;2023;Orang Tua;Aktif;2.6;6;Rumah Orang Tua
MHS00335;Perempuan;20;DKI Jakarta;Ilmu Sosial dan Ilmu Politik;Ilmu Hubungan Internasional;2025;Orang Tua;Aktif;3.64;2;Rumah Orang Tua
MHS00336;Perempuan;22;Jawa Timur;Ilmu Sosial dan Ilmu Politik;Ilmu Politik;2022;Orang Tua;Lulus;3.82;8;Rumah Orang Tua
MHS00337;Perempuan;22;Sumatera Selatan;Ekonomi dan Bisnis;Manajemen;2023;Orang Tua;Aktif;2.68;6;Kos
MHS00338;Perempuan;21;Jawa Timur;Kesehatan Masyarakat;Gizi;2023;Kerja Sendiri (part-time);Aktif;3.0;6;Rumah Orang Tua
MHS00339;Perempuan;23;Gorontalo;Ekonomi dan Bisnis;Akuntansi;2021;Orang Tua;Non-Aktif/DO;2.01;2;Menumpang Saudara
MHS00340;Perempuan;19;Sulawesi Selatan;Ilmu Sosial dan Ilmu Politik;Ilmu Komunikasi;2025;Orang Tua;Aktif;2.91;2;Kos
MHS00341;Laki-laki;21;Kalimantan Selatan;Hukum;Ilmu Hukum;2023;Orang Tua;Aktif;2.91;6;Kos
MHS00342;Perempuan;20;Kalimantan Barat;FIKKIA Banyuwangi;Kesehatan Masyarakat (FIKKIA Banyuwangi);2024;Orang Tua;Aktif;3.53;4;Kos
MHS00343;Perempuan;20;Jawa Timur;Sains dan Teknologi;Matematika;2024;Orang Tua;Aktif;2.87;4;Rumah Orang Tua
MHS00344;Perempuan;21;Jawa Tengah;Kesehatan Masyarakat;Gizi;2025;Orang Tua;Aktif;2.87;2;Kos
MHS00345;Laki-laki;22;Banten;Kesehatan Masyarakat;Gizi;2023;Orang Tua;Aktif;3.72;6;Asrama
MHS00346;Perempuan;21;Jawa Timur;Sains dan Teknologi;Kimia;2023;Orang Tua;Cuti;3.77;6;Rumah Orang Tua
MHS00347;Laki-laki;22;Jawa Timur;Perikanan dan Kelautan;Akuakultur;2023;Orang Tua;Aktif;3.11;6;Kos
MHS00348;Perempuan;25;Jawa Timur;FIKKIA Banyuwangi;Akuakultur (FIKKIA Banyuwangi);2019;Orang Tua;Lulus;3.38;8;Asrama
MHS00349;Perempuan;21;Jawa Timur;Ilmu Sosial dan Ilmu Politik;Ilmu Komunikasi;2024;Pinjaman/Kredit Pendidikan;Aktif;2.67;4;Rumah Orang Tua
MHS00350;Perempuan;24;Nusa Tenggara Barat;Ilmu Budaya;Ilmu Sejarah;2020;Orang Tua;Lulus;3.82;8;Kos
MHS00351;Perempuan;20;Jawa Timur;FIKKIA Banyuwangi;Kedokteran (FIKKIA Banyuwangi);2024;Orang Tua;Aktif;3.15;4;Kos
MHS00352;Perempuan;22;DI Yogyakarta;Ilmu Budaya;Bahasa dan Sastra Jepang;2022;Beasiswa;Lulus;3.75;8;Rumah Orang Tua
MHS00353;Perempuan;22;Jawa Timur;Kedokteran Gigi;Kedokteran Gigi;2022;Beasiswa;Aktif;3.02;8;Rumah Orang Tua
MHS00354;Laki-laki;22;Jawa Timur;Ilmu Sosial dan Ilmu Politik;Ilmu Komunikasi;2023;Orang Tua;Aktif;2.91;6;Rumah Orang Tua
MHS00355;Perempuan;20;Jawa Timur;Ilmu Sosial dan Ilmu Politik;Ilmu Politik;2024;Orang Tua;Aktif;2.77;4;Asrama
MHS00356;Perempuan;21;Jawa Barat;Kesehatan Masyarakat;Gizi;2023;Orang Tua;Aktif;3.19;6;Rumah Orang Tua
MHS00357;Laki-laki;19;Jawa Timur;Ilmu Budaya;Bahasa dan Sastra Indonesia;2025;Pinjaman/Kredit Pendidikan;Aktif;2.63;2;Rumah Orang Tua
MHS00358;Laki-laki;21;Jawa Timur;Sains dan Teknologi;Fisika;2023;Orang Tua;Non-Aktif/DO;2.68;3;Rumah Orang Tua
MHS00359;Perempuan;24;Jawa Timur;Ilmu Sosial dan Ilmu Politik;Sosiologi;2020;Beasiswa;Lulus;3.68;9;Asrama
MHS00360;Perempuan;21;Jawa Timur;Ekonomi dan Bisnis;Akuntansi;2024;Beasiswa;Cuti;3.74;4;Rumah Orang Tua
MHS00361;Laki-laki;20;Jawa Barat;Hukum;Ilmu Hukum;2024;Beasiswa;Aktif;3.67;4;Kos
MHS00362;Laki-laki;24;Jawa Timur;Perikanan dan Kelautan;Akuakultur;2022;Orang Tua;Aktif;3.6;8;Rumah Orang Tua
MHS00363;Perempuan;24;Nusa Tenggara Barat;Kedokteran Gigi;Kedokteran Gigi;2020;Beasiswa;Lulus;3.56;10;Asrama
MHS00364;Laki-laki;19;Nusa Tenggara Barat;FIKKIA Banyuwangi;Kedokteran (FIKKIA Banyuwangi);2025;Beasiswa;Aktif;3.1;2;Asrama
MHS00365;Laki-laki;19;Sulawesi Tengah;Perikanan dan Kelautan;Teknologi Hasil Perikanan;2025;Orang Tua;Aktif;2.7;2;Kos
MHS00366;Perempuan;24;Jawa Timur;Hukum;Ilmu Hukum;2020;Orang Tua;Lulus;3.61;8;Kos
MHS00367;Laki-laki;20;Bengkulu;Teknologi Maju dan Multidisiplin;Teknik Robotika dan Kecerdasan Buatan;2025;Orang Tua;Aktif;3.87;2;Kos
MHS00368;Perempuan;20;Jawa Timur;Kedokteran Hewan;Kedokteran Hewan;2024;Orang Tua;Aktif;2.28;4;Kos
MHS00369;Laki-laki;24;Papua Tengah;Teknologi Maju dan Multidisiplin;Teknologi Sains Data;2021;Orang Tua;Lulus;3.65;8;Asrama
MHS00370;Perempuan;23;Jawa Timur;FIKKIA Banyuwangi;Kesehatan Masyarakat (FIKKIA Banyuwangi);2021;Kerja Sendiri (part-time);Lulus;2.68;10;Rumah Orang Tua
MHS00371;Perempuan;19;Jawa Timur;Ilmu Sosial dan Ilmu Politik;Ilmu Komunikasi;2025;Orang Tua;Aktif;4.0;2;Rumah Orang Tua
MHS00372;Laki-laki;20;Jawa Timur;Sains dan Teknologi;Biologi;2024;Orang Tua;Aktif;3.7;4;Rumah Orang Tua
MHS00373;Laki-laki;19;Sumatera Barat;Ekonomi dan Bisnis;Ilmu Ekonomi;2025;Orang Tua;Aktif;3.2;2;Menumpang Saudara
MHS00374;Perempuan;22;Jawa Timur;Perikanan dan Kelautan;Teknologi Hasil Perikanan;2022;Kerja Sendiri (part-time);Aktif;3.24;8;Kos
MHS00375;Laki-laki;21;Gorontalo;Kedokteran;Kedokteran;2023;Orang Tua;Aktif;2.9;6;Menumpang Saudara
MHS00376;Perempuan;22;Jawa Timur;Farmasi;Farmasi;2022;Orang Tua;Aktif;3.31;8;Kos
MHS00377;Laki-laki;21;Kalimantan Timur;Sains dan Teknologi;Sistem Informasi;2023;Orang Tua;Aktif;3.73;6;Kos
MHS00378;Perempuan;20;Jawa Timur;Kedokteran;Kedokteran;2024;Kerja Sendiri (part-time);Aktif;2.86;4;Rumah Orang Tua
MHS00379;Laki-laki;20;Jawa Timur;Ilmu Budaya;Bahasa dan Sastra Indonesia;2025;Kerja Sendiri (part-time);Aktif;2.74;2;Rumah Orang Tua
MHS00380;Laki-laki;22;Jawa Barat;Hukum;Ilmu Hukum;2022;Kerja Sendiri (part-time);Lulus;3.51;8;Asrama
MHS00381;Laki-laki;20;Jawa Timur;Sains dan Teknologi;Kimia;2024;Orang Tua;Cuti;2.93;4;Rumah Orang Tua
MHS00382;Laki-laki;23;Jawa Timur;Teknologi Maju dan Multidisiplin;Teknologi Sains Data;2022;Orang Tua;Cuti;2.87;8;Menumpang Saudara
MHS00383;Perempuan;23;Jawa Timur;Ilmu Sosial dan Ilmu Politik;Ilmu Komunikasi;2021;Orang Tua;Lulus;3.73;8;Kos
MHS00384;Perempuan;23;Jawa Timur;Sains dan Teknologi;Kimia;2024;Beasiswa;Aktif;3.25;4;Rumah Orang Tua
MHS00385;Perempuan;25;Jawa Timur;Ilmu Budaya;Bahasa dan Sastra Indonesia;2020;Orang Tua;Lulus;3.54;8;Rumah Orang Tua
MHS00386;Laki-laki;23;Jawa Timur;Ilmu Budaya;Bahasa dan Sastra Inggris;2022;Orang Tua;Lulus;3.26;8;Asrama
MHS00387;Perempuan;24;Jawa Timur;Kedokteran;Kebidanan;2021;Beasiswa;Lulus;3.37;8;Kos
MHS00388;Perempuan;21;Sulawesi Selatan;Keperawatan;Keperawatan;2023;Orang Tua;Aktif;3.8;6;Kos
MHS00389;Laki-laki;22;Jawa Tengah;Ilmu Sosial dan Ilmu Politik;Ilmu Komunikasi;2022;Orang Tua;Non-Aktif/DO;2.07;5;Asrama
MHS00390;Laki-laki;21;Jawa Timur;Sains dan Teknologi;Teknik Lingkungan;2024;Orang Tua;Aktif;3.66;4;Kos
MHS00391;Laki-laki;22;Bali;FIKKIA Banyuwangi;Kesehatan Masyarakat (FIKKIA Banyuwangi);2023;Orang Tua;Aktif;3.97;6;Kos
MHS00392;Perempuan;19;Jawa Timur;Kedokteran Gigi;Kedokteran Gigi;2025;Pinjaman/Kredit Pendidikan;Aktif;2.66;2;Rumah Orang Tua
MHS00393;Laki-laki;21;Jawa Tengah;Psikologi;Psikologi;2024;Beasiswa;Aktif;3.22;4;Kos
MHS00394;Perempuan;20;Jawa Timur;Ilmu Sosial dan Ilmu Politik;Sosiologi;2025;Orang Tua;Aktif;3.86;2;Rumah Orang Tua
MHS00395;Perempuan;19;Jawa Tengah;Ilmu Sosial dan Ilmu Politik;Ilmu Informasi dan Perpustakaan;2025;Kerja Sendiri (part-time);Aktif;3.47;2;Menumpang Saudara
MHS00396;Laki-laki;19;Jawa Barat;FIKKIA Banyuwangi;Akuakultur (FIKKIA Banyuwangi);2025;Pinjaman/Kredit Pendidikan;Aktif;2.79;2;Kos
MHS00397;Perempuan;21;Jawa Timur;Kedokteran;Kedokteran;2024;Kerja Sendiri (part-time);Aktif;3.23;4;Asrama
MHS00398;Laki-laki;23;Sumatera Barat;Perikanan dan Kelautan;Akuakultur;2025;Beasiswa;Aktif;4.0;2;Asrama
MHS00399;Perempuan;23;Jawa Tengah;Ilmu Sosial dan Ilmu Politik;Ilmu Komunikasi;2022;Beasiswa;Non-Aktif/DO;2.42;3;Asrama
MHS00400;Perempuan;22;Jawa Tengah;Teknologi Maju dan Multidisiplin;Teknik Industri;2023;Orang Tua;Aktif;3.65;6;Kos
MHS00401;Laki-laki;21;Jawa Timur;Ilmu Sosial dan Ilmu Politik;Sosiologi;2023;Orang Tua;Aktif;3.48;6;Kos
MHS00402;Perempuan;23;Jawa Timur;Keperawatan;Keperawatan;2021;Orang Tua;Lulus;3.17;8;Rumah Orang Tua
MHS00403;Laki-laki;21;Jawa Timur;Sains dan Teknologi;Teknik Lingkungan;2024;Orang Tua;Aktif;3.64;4;Rumah Orang Tua
MHS00404;Perempuan;19;Jawa Timur;Teknologi Maju dan Multidisiplin;Teknik Industri;2025;Orang Tua;Aktif;3.04;2;Asrama
MHS00405;Laki-laki;21;Jawa Timur;Psikologi;Psikologi;2024;Orang Tua;Aktif;3.09;4;Kos
MHS00406;Perempuan;21;Jawa Barat;Ilmu Budaya;Bahasa dan Sastra Inggris;2023;Beasiswa;Aktif;3.16;6;Rumah Orang Tua
MHS00407;Laki-laki;20;Jawa Timur;Sains dan Teknologi;Matematika;2024;Beasiswa;Non-Aktif/DO;1.95;2;Rumah Orang Tua
MHS00408;Perempuan;22;DKI Jakarta;Sains dan Teknologi;Sistem Informasi;2022;Orang Tua;Aktif;3.06;8;Kos
MHS00409;Perempuan;19;Jawa Timur;Kedokteran Hewan;Kedokteran Hewan;2025;Orang Tua;Aktif;2.94;2;Rumah Orang Tua
MHS00410;Perempuan;19;Banten;Ilmu Budaya;Ilmu Sejarah;2025;Beasiswa;Aktif;2.98;2;Kos
MHS00411;Laki-laki;23;Jawa Timur;Psikologi;Psikologi;2025;Orang Tua;Aktif;2.75;2;Asrama
MHS00412;Laki-laki;25;Jambi;Kedokteran;Kedokteran;2019;Beasiswa;Lulus;2.62;8;Asrama
MHS00413;Perempuan;19;Kalimantan Selatan;Sains dan Teknologi;Sistem Informasi;2025;Orang Tua;Aktif;2.32;2;Kos
MHS00414;Laki-laki;20;Jawa Barat;Teknologi Maju dan Multidisiplin;Teknik Industri;2024;Beasiswa;Aktif;3.24;4;Asrama
MHS00415;Laki-laki;22;Jawa Timur;Ekonomi dan Bisnis;Ekonomi Islam;2025;Orang Tua;Aktif;2.9;2;Rumah Orang Tua
MHS00416;Perempuan;25;Jawa Timur;Ilmu Sosial dan Ilmu Politik;Sosiologi;2020;Orang Tua;Lulus;2.63;10;Rumah Orang Tua
MHS00417;Laki-laki;22;Bali;Teknologi Maju dan Multidisiplin;Rekayasa Nanoteknologi;2022;Beasiswa;Lulus;3.83;8;Kos
MHS00418;Perempuan;22;Jawa Timur;Psikologi;Psikologi;2022;Orang Tua;Lulus;3.14;8;Kos
MHS00419;Perempuan;23;Jawa Timur;Ilmu Budaya;Ilmu Sejarah;2025;Beasiswa;Cuti;2.4;2;Asrama
MHS00420;Perempuan;20;Jawa Timur;Hukum;Ilmu Hukum;2025;Beasiswa;Aktif;2.92;2;Rumah Orang Tua
MHS00421;Perempuan;21;Jawa Timur;Ilmu Sosial dan Ilmu Politik;Sosiologi;2023;Orang Tua;Aktif;3.17;6;Rumah Orang Tua
MHS00422;Perempuan;25;Jawa Timur;Hukum;Ilmu Hukum;2020;Orang Tua;Lulus;3.09;10;Rumah Orang Tua
MHS00423;Laki-laki;21;Jawa Tengah;Ilmu Sosial dan Ilmu Politik;Antropologi;2025;Orang Tua;Aktif;3.29;2;Kos
MHS00424;Perempuan;19;Nusa Tenggara Timur;Ilmu Budaya;Bahasa dan Sastra Inggris;2025;Orang Tua;Aktif;4.0;2;Kos
MHS00425;Perempuan;23;Jawa Timur;Ilmu Budaya;Bahasa dan Sastra Inggris;2022;Orang Tua;Lulus;3.19;8;Rumah Orang Tua
MHS00426;Perempuan;20;Jawa Timur;Ilmu Sosial dan Ilmu Politik;Antropologi;2024;Kerja Sendiri (part-time);Non-Aktif/DO;1.77;2;Kos
MHS00427;Perempuan;20;Jawa Timur;Ekonomi dan Bisnis;Ilmu Ekonomi;2024;Beasiswa;Aktif;3.35;4;Asrama
MHS00428;Perempuan;24;Jawa Timur;Psikologi;Psikologi;2021;Orang Tua;Lulus;3.39;8;Rumah Orang Tua
MHS00429;Perempuan;25;Sulawesi Selatan;Kesehatan Masyarakat;Kesehatan Masyarakat;2020;Pinjaman/Kredit Pendidikan;Lulus;2.83;9;Menumpang Saudara
MHS00430;Perempuan;20;Kepulauan Bangka Belitung;Ilmu Sosial dan Ilmu Politik;Ilmu Hubungan Internasional;2024;Beasiswa;Cuti;3.72;4;Kos
MHS00431;Perempuan;21;Jawa Tengah;Sains dan Teknologi;Biologi;2023;Orang Tua;Aktif;3.58;6;Asrama
MHS00432;Perempuan;19;Jawa Timur;Sains dan Teknologi;Statistika;2025;Orang Tua;Aktif;3.35;2;Rumah Orang Tua
MHS00433;Perempuan;19;Jawa Timur;Farmasi;Farmasi;2025;Kerja Sendiri (part-time);Aktif;3.04;2;Rumah Orang Tua
MHS00434;Perempuan;22;Sulawesi Selatan;Sains dan Teknologi;Biologi;2022;Kerja Sendiri (part-time);Aktif;2.56;8;Kos
MHS00435;Perempuan;22;Jawa Timur;Sains dan Teknologi;Fisika;2023;Orang Tua;Aktif;3.24;6;Asrama
MHS00436;Laki-laki;22;Jawa Timur;Ilmu Sosial dan Ilmu Politik;Ilmu Komunikasi;2023;Orang Tua;Aktif;3.37;6;Rumah Orang Tua
MHS00437;Perempuan;23;Nusa Tenggara Barat;Sains dan Teknologi;Teknik Biomedis;2022;Beasiswa;Lulus;3.25;8;Kos
MHS00438;Laki-laki;22;Jawa Timur;Ilmu Sosial dan Ilmu Politik;Ilmu Informasi dan Perpustakaan;2025;Orang Tua;Aktif;2.71;2;Kos
MHS00439;Perempuan;22;Jawa Timur;Sains dan Teknologi;Teknik Lingkungan;2022;Orang Tua;Lulus;3.74;8;Rumah Orang Tua
MHS00440;Laki-laki;21;Jawa Timur;Teknologi Maju dan Multidisiplin;Rekayasa Nanoteknologi;2024;Beasiswa;Aktif;2.47;4;Rumah Orang Tua
MHS00441;Perempuan;21;DKI Jakarta;Kesehatan Masyarakat;Gizi;2025;Orang Tua;Aktif;3.35;2;Kos
MHS00442;Laki-laki;26;Jawa Timur;Perikanan dan Kelautan;Teknologi Hasil Perikanan;2021;Orang Tua;Non-Aktif/DO;1.78;2;Rumah Orang Tua
MHS00443;Perempuan;21;Sumatera Utara;Ekonomi dan Bisnis;Manajemen;2024;Orang Tua;Aktif;3.33;4;Kos
MHS00444;Perempuan;21;Jawa Timur;Ilmu Sosial dan Ilmu Politik;Administrasi Publik;2023;Orang Tua;Aktif;3.44;6;Rumah Orang Tua
MHS00445;Laki-laki;23;Jawa Timur;Kedokteran Gigi;Kedokteran Gigi;2022;Orang Tua;Aktif;3.26;8;Rumah Orang Tua
MHS00446;Perempuan;20;Jawa Timur;Ekonomi dan Bisnis;Manajemen;2025;Beasiswa;Aktif;3.54;2;Menumpang Saudara
MHS00447;Perempuan;19;Bali;Sains dan Teknologi;Teknik Lingkungan;2025;Orang Tua;Aktif;3.32;2;Rumah Orang Tua
MHS00448;Perempuan;20;Jawa Timur;Ilmu Budaya;Ilmu Sejarah;2024;Orang Tua;Aktif;3.47;4;Rumah Orang Tua
MHS00449;Perempuan;19;Jawa Tengah;Keperawatan;Keperawatan;2025;Orang Tua;Aktif;2.65;2;Menumpang Saudara
MHS00450;Laki-laki;23;Jawa Tengah;Kedokteran Hewan;Kedokteran Hewan;2021;Orang Tua;Lulus;3.07;8;Rumah Orang Tua
MHS00451;Laki-laki;23;Sulawesi Barat;Ilmu Sosial dan Ilmu Politik;Sosiologi;2021;Orang Tua;Lulus;3.24;10;Kos
MHS00452;Perempuan;20;Jawa Timur;Sains dan Teknologi;Biologi;2024;Orang Tua;Aktif;2.94;4;Rumah Orang Tua
MHS00453;Laki-laki;21;Jawa Timur;Kedokteran Hewan;Kedokteran Hewan;2024;Orang Tua;Cuti;2.37;4;Rumah Orang Tua
MHS00454;Laki-laki;21;Jawa Barat;FIKKIA Banyuwangi;Kedokteran Hewan (FIKKIA Banyuwangi);2023;Orang Tua;Aktif;3.63;6;Kos
MHS00455;Perempuan;20;Jawa Timur;Farmasi;Farmasi;2025;Orang Tua;Aktif;2.71;2;Rumah Orang Tua
MHS00456;Perempuan;21;Jawa Timur;Kesehatan Masyarakat;Gizi;2024;Orang Tua;Aktif;3.32;4;Rumah Orang Tua
MHS00457;Perempuan;21;Kalimantan Timur;Ilmu Budaya;Bahasa dan Sastra Jepang;2024;Orang Tua;Aktif;3.35;4;Kos
MHS00458;Perempuan;22;DI Yogyakarta;Kedokteran Hewan;Kedokteran Hewan;2025;Beasiswa;Aktif;3.3;2;Kos
MHS00459;Perempuan;22;Jawa Timur;Hukum;Ilmu Hukum;2022;Beasiswa;Lulus;3.26;8;Rumah Orang Tua
MHS00460;Laki-laki;21;Jawa Timur;Keperawatan;Keperawatan;2023;Orang Tua;Aktif;3.92;6;Kos
MHS00461;Perempuan;22;Riau;Ilmu Sosial dan Ilmu Politik;Ilmu Informasi dan Perpustakaan;2024;Orang Tua;Aktif;2.85;4;Kos
MHS00462;Perempuan;19;Jawa Timur;Perikanan dan Kelautan;Akuakultur;2025;Beasiswa;Aktif;3.68;2;Kos
MHS00463;Laki-laki;20;Sulawesi Selatan;Sains dan Teknologi;Teknik Lingkungan;2024;Orang Tua;Aktif;2.93;4;Asrama
MHS00464;Perempuan;25;Jawa Timur;Hukum;Ilmu Hukum;2020;Orang Tua;Lulus;3.86;8;Kos
MHS00465;Perempuan;22;Jawa Timur;Ilmu Budaya;Ilmu Sejarah;2023;Orang Tua;Aktif;2.87;6;Rumah Orang Tua
MHS00466;Perempuan;22;Jawa Timur;Ekonomi dan Bisnis;Manajemen;2022;Beasiswa;Aktif;3.06;8;Rumah Orang Tua
MHS00467;Perempuan;23;Jawa Timur;Sains dan Teknologi;Kimia;2022;Orang Tua;Aktif;3.24;8;Rumah Orang Tua
MHS00468;Perempuan;20;Jawa Barat;Teknologi Maju dan Multidisiplin;Teknik Industri;2024;Orang Tua;Aktif;3.26;4;Kos
MHS00469;Perempuan;23;Jawa Timur;Sains dan Teknologi;Teknik Lingkungan;2022;Orang Tua;Lulus;3.32;8;Rumah Orang Tua
MHS00470;Laki-laki;20;Jawa Timur;Kedokteran Hewan;Kedokteran Hewan;2025;Orang Tua;Aktif;3.18;2;Rumah Orang Tua
MHS00471;Perempuan;21;Jawa Timur;Ekonomi dan Bisnis;Ekonomi Islam;2024;Orang Tua;Aktif;3.19;4;Rumah Orang Tua
MHS00472;Laki-laki;21;Jawa Barat;Sains dan Teknologi;Fisika;2024;Orang Tua;Cuti;3.7;4;Kos
MHS00473;Perempuan;19;Jawa Timur;Teknologi Maju dan Multidisiplin;Teknik Industri;2025;Orang Tua;Aktif;2.38;2;Rumah Orang Tua
MHS00474;Perempuan;20;Bengkulu;Sains dan Teknologi;Kimia;2025;Orang Tua;Aktif;3.03;2;Kos
MHS00475;Perempuan;21;Jawa Timur;Ilmu Budaya;Bahasa dan Sastra Inggris;2023;Orang Tua;Aktif;3.81;6;Rumah Orang Tua
MHS00476;Perempuan;23;Sumatera Selatan;Ilmu Budaya;Bahasa dan Sastra Inggris;2024;Kerja Sendiri (part-time);Aktif;2.48;4;Asrama
MHS00477;Laki-laki;21;Sumatera Selatan;Sains dan Teknologi;Sistem Informasi;2023;Orang Tua;Aktif;3.18;6;Asrama
MHS00478;Perempuan;21;Kalimantan Timur;Teknologi Maju dan Multidisiplin;Teknik Industri;2023;Orang Tua;Aktif;2.57;6;Kos
MHS00479;Laki-laki;25;Jawa Timur;Sains dan Teknologi;Teknik Lingkungan;2021;Orang Tua;Lulus;3.39;9;Rumah Orang Tua
MHS00480;Laki-laki;19;Sumatera Barat;Ilmu Budaya;Bahasa dan Sastra Jepang;2025;Beasiswa;Cuti;2.99;2;Asrama
MHS00481;Perempuan;24;Jawa Timur;Teknologi Maju dan Multidisiplin;Rekayasa Nanoteknologi;2020;Orang Tua;Lulus;3.31;8;Asrama
MHS00482;Perempuan;25;Jawa Timur;Ilmu Sosial dan Ilmu Politik;Antropologi;2021;Kerja Sendiri (part-time);Lulus;3.51;10;Kos
MHS00483;Laki-laki;21;Jawa Timur;Sains dan Teknologi;Fisika;2024;Orang Tua;Aktif;2.63;4;Kos
MHS00484;Laki-laki;23;Jawa Timur;Perikanan dan Kelautan;Teknologi Hasil Perikanan;2022;Beasiswa;Aktif;3.12;8;Rumah Orang Tua
MHS00485;Perempuan;21;Jawa Timur;Keperawatan;Keperawatan;2023;Orang Tua;Aktif;2.54;6;Menumpang Saudara
MHS00486;Perempuan;21;Sulawesi Utara;Ilmu Sosial dan Ilmu Politik;Ilmu Informasi dan Perpustakaan;2024;Orang Tua;Non-Aktif/DO;1.97;2;Menumpang Saudara
MHS00487;Perempuan;21;Jawa Timur;Farmasi;Farmasi;2024;Orang Tua;Aktif;2.88;4;Rumah Orang Tua
MHS00488;Laki-laki;21;Jawa Timur;FIKKIA Banyuwangi;Kedokteran Hewan (FIKKIA Banyuwangi);2024;Orang Tua;Aktif;3.0;4;Rumah Orang Tua
MHS00489;Perempuan;20;Sumatera Barat;Ilmu Budaya;Bahasa dan Sastra Jepang;2024;Orang Tua;Cuti;3.59;4;Kos
MHS00490;Perempuan;20;Jawa Timur;Perikanan dan Kelautan;Akuakultur;2025;Orang Tua;Aktif;2.72;2;Kos
MHS00491;Laki-laki;22;Jawa Tengah;Sains dan Teknologi;Sistem Informasi;2023;Beasiswa;Aktif;3.88;6;Kos
MHS00492;Perempuan;20;Jawa Timur;Sains dan Teknologi;Teknik Biomedis;2025;Orang Tua;Non-Aktif/DO;1.6;2;Kos
MHS00493;Laki-laki;19;Bali;Ilmu Sosial dan Ilmu Politik;Antropologi;2025;Beasiswa;Aktif;2.45;2;Menumpang Saudara
MHS00494;Perempuan;22;DKI Jakarta;Perikanan dan Kelautan;Teknologi Hasil Perikanan;2024;Orang Tua;Aktif;3.27;4;Kos
MHS00495;Laki-laki;22;Sumatera Selatan;Ilmu Sosial dan Ilmu Politik;Sosiologi;2022;Beasiswa;Aktif;3.38;8;Asrama
MHS00496;Perempuan;19;Nusa Tenggara Timur;Perikanan dan Kelautan;Teknologi Hasil Perikanan;2025;Orang Tua;Aktif;3.92;2;Kos
MHS00497;Laki-laki;21;Jawa Timur;Ekonomi dan Bisnis;Akuntansi;2024;Kerja Sendiri (part-time);Aktif;3.1;4;Rumah Orang Tua
MHS00498;Perempuan;21;Jawa Timur;Ekonomi dan Bisnis;Ekonomi Islam;2024;Orang Tua;Aktif;3.16;4;Rumah Orang Tua
MHS00499;Perempuan;23;Jawa Timur;Sains dan Teknologi;Fisika;2024;Orang Tua;Aktif;3.17;4;Asrama
MHS00500;Perempuan;21;Jawa Timur;Ilmu Budaya;Bahasa dan Sastra Inggris;2023;Orang Tua;Aktif;3.29;6;Kos
MHS00501;Perempuan;19;Jambi;Ekonomi dan Bisnis;Akuntansi;2025;Orang Tua;Aktif;3.37;2;Asrama
MHS00502;Perempuan;23;Jawa Timur;Kesehatan Masyarakat;Gizi;2021;Orang Tua;Lulus;3.75;8;Rumah Orang Tua
MHS00503;Perempuan;20;Kalimantan Timur;Teknologi Maju dan Multidisiplin;Teknik Industri;2025;Beasiswa;Aktif;3.25;2;Asrama
MHS00504;Laki-laki;19;Jawa Timur;Ilmu Budaya;Ilmu Sejarah;2025;Orang Tua;Aktif;3.22;2;Rumah Orang Tua
MHS00505;Laki-laki;23;Jawa Timur;Sains dan Teknologi;Statistika;2024;Orang Tua;Aktif;3.45;4;Kos
MHS00506;Perempuan;21;Jawa Timur;FIKKIA Banyuwangi;Kesehatan Masyarakat (FIKKIA Banyuwangi);2024;Kerja Sendiri (part-time);Aktif;3.11;4;Rumah Orang Tua
MHS00507;Perempuan;26;Jawa Timur;Ilmu Sosial dan Ilmu Politik;Ilmu Politik;2020;Orang Tua;Lulus;3.12;8;Kos
MHS00508;Perempuan;25;Jawa Timur;Psikologi;Psikologi;2020;Orang Tua;Lulus;3.8;8;Kos
MHS00509;Laki-laki;21;Jawa Timur;Perikanan dan Kelautan;Teknologi Hasil Perikanan;2023;Orang Tua;Cuti;2.83;6;Rumah Orang Tua
MHS00510;Perempuan;21;Nusa Tenggara Timur;Keperawatan;Keperawatan;2024;Orang Tua;Cuti;3.46;4;Kos
MHS00511;Perempuan;20;Jawa Timur;Teknologi Maju dan Multidisiplin;Teknologi Sains Data;2024;Orang Tua;Aktif;3.35;4;Kos
MHS00512;Perempuan;21;Jawa Timur;Ilmu Sosial dan Ilmu Politik;Sosiologi;2025;Orang Tua;Aktif;2.02;2;Kos
MHS00513;Laki-laki;20;Papua Barat Daya;Ekonomi dan Bisnis;Ilmu Ekonomi;2025;Orang Tua;Aktif;2.82;2;Asrama
MHS00514;Perempuan;20;Jawa Timur;Ekonomi dan Bisnis;Ekonomi Islam;2025;Orang Tua;Aktif;3.72;2;Kos
MHS00515;Perempuan;22;Jawa Timur;Ilmu Sosial dan Ilmu Politik;Sosiologi;2022;Beasiswa;Lulus;3.37;8;Rumah Orang Tua
MHS00516;Perempuan;22;Papua Barat;Ekonomi dan Bisnis;Akuntansi;2023;Orang Tua;Aktif;3.74;6;Asrama
MHS00517;Perempuan;23;Jawa Timur;Sains dan Teknologi;Teknik Lingkungan;2022;Orang Tua;Lulus;3.64;8;Rumah Orang Tua
MHS00518;Perempuan;20;Jawa Tengah;Kedokteran Hewan;Kedokteran Hewan;2025;Orang Tua;Aktif;3.58;2;Kos
MHS00519;Laki-laki;21;Jawa Timur;Sains dan Teknologi;Teknik Biomedis;2024;Pinjaman/Kredit Pendidikan;Aktif;3.18;4;Rumah Orang Tua
MHS00520;Laki-laki;22;Jawa Timur;Psikologi;Psikologi;2022;Orang Tua;Aktif;3.03;8;Rumah Orang Tua
MHS00521;Laki-laki;23;DKI Jakarta;FIKKIA Banyuwangi;Akuakultur (FIKKIA Banyuwangi);2023;Orang Tua;Aktif;2.49;6;Kos
MHS00522;Perempuan;22;Kalimantan Barat;Ilmu Budaya;Bahasa dan Sastra Inggris;2023;Kerja Sendiri (part-time);Non-Aktif/DO;2.14;2;Asrama
MHS00523;Perempuan;21;Sulawesi Selatan;Ekonomi dan Bisnis;Ekonomi Islam;2023;Orang Tua;Aktif;2.39;6;Menumpang Saudara
MHS00524;Perempuan;22;Jawa Timur;Sains dan Teknologi;Teknik Lingkungan;2023;Orang Tua;Aktif;3.29;6;Rumah Orang Tua
MHS00525;Laki-laki;22;Jawa Timur;Ilmu Budaya;Ilmu Sejarah;2023;Orang Tua;Aktif;2.87;6;Rumah Orang Tua
MHS00526;Perempuan;25;Jawa Barat;Ekonomi dan Bisnis;Akuntansi;2020;Orang Tua;Lulus;3.22;8;Kos
MHS00527;Perempuan;21;Sulawesi Tengah;Ilmu Sosial dan Ilmu Politik;Ilmu Informasi dan Perpustakaan;2024;Beasiswa;Non-Aktif/DO;2.04;2;Asrama
MHS00528;Perempuan;24;Papua;Kesehatan Masyarakat;Gizi;2021;Orang Tua;Non-Aktif/DO;2.99;2;Kos
MHS00529;Perempuan;19;Jawa Timur;Kedokteran Gigi;Kedokteran Gigi;2025;Orang Tua;Aktif;3.54;2;Kos
MHS00530;Perempuan;20;Sulawesi Selatan;Teknologi Maju dan Multidisiplin;Rekayasa Nanoteknologi;2024;Orang Tua;Aktif;3.51;4;Kos
MHS00531;Laki-laki;22;DI Yogyakarta;Perikanan dan Kelautan;Akuakultur;2022;Orang Tua;Aktif;3.21;8;Rumah Orang Tua
MHS00532;Perempuan;26;Jambi;Ilmu Sosial dan Ilmu Politik;Administrasi Publik;2021;Pinjaman/Kredit Pendidikan;Lulus;3.52;8;Kos
MHS00533;Perempuan;25;Jawa Timur;Teknologi Maju dan Multidisiplin;Teknologi Sains Data;2020;Orang Tua;Lulus;3.78;9;Kos
MHS00534;Perempuan;23;Maluku Utara;Hukum;Ilmu Hukum;2022;Orang Tua;Lulus;3.75;8;Kos
MHS00535;Perempuan;20;Bali;Teknologi Maju dan Multidisiplin;Teknik Industri;2024;Kerja Sendiri (part-time);Aktif;3.08;4;Kos
MHS00536;Perempuan;21;Jawa Timur;Ekonomi dan Bisnis;Akuntansi;2023;Orang Tua;Aktif;3.93;6;Kos
MHS00537;Perempuan;19;Jawa Timur;Sains dan Teknologi;Kimia;2025;Beasiswa;Aktif;3.25;2;Asrama
MHS00538;Laki-laki;21;Jawa Timur;Hukum;Ilmu Hukum;2023;Orang Tua;Aktif;3.36;6;Rumah Orang Tua
MHS00539;Laki-laki;24;DI Yogyakarta;Ekonomi dan Bisnis;Ilmu Ekonomi;2021;Orang Tua;Lulus;3.59;8;Rumah Orang Tua
MHS00540;Perempuan;22;Jawa Tengah;Sains dan Teknologi;Statistika;2023;Orang Tua;Aktif;3.98;6;Kos
MHS00541;Perempuan;21;Jawa Timur;Ekonomi dan Bisnis;Ekonomi Islam;2024;Orang Tua;Aktif;3.74;4;Kos
MHS00542;Perempuan;20;Riau;Kedokteran Gigi;Kedokteran Gigi;2024;Orang Tua;Aktif;3.0;4;Asrama
MHS00543;Perempuan;25;Bali;Ilmu Sosial dan Ilmu Politik;Ilmu Informasi dan Perpustakaan;2021;Beasiswa;Lulus;2.98;9;Kos
MHS00544;Perempuan;24;Jawa Timur;Ilmu Sosial dan Ilmu Politik;Ilmu Komunikasi;2021;Orang Tua;Lulus;3.75;8;Rumah Orang Tua
MHS00545;Perempuan;26;Bali;Sains dan Teknologi;Kimia;2019;Orang Tua;Lulus;3.44;8;Kos
MHS00546;Laki-laki;23;Jawa Timur;Ilmu Sosial dan Ilmu Politik;Ilmu Politik;2022;Kerja Sendiri (part-time);Lulus;3.98;8;Rumah Orang Tua
MHS00547;Laki-laki;22;Jawa Timur;Ilmu Budaya;Bahasa dan Sastra Indonesia;2022;Beasiswa;Aktif;3.52;8;Rumah Orang Tua
MHS00548;Perempuan;21;Jawa Timur;Kesehatan Masyarakat;Gizi;2024;Orang Tua;Aktif;3.16;4;Rumah Orang Tua
MHS00549;Perempuan;23;Jawa Timur;Ilmu Sosial dan Ilmu Politik;Ilmu Informasi dan Perpustakaan;2022;Beasiswa;Aktif;3.03;8;Asrama
MHS00550;Laki-laki;20;Aceh;Psikologi;Psikologi;2024;Beasiswa;Aktif;3.11;4;Asrama
MHS00551;Laki-laki;23;Kepulauan Bangka Belitung;FIKKIA Banyuwangi;Kedokteran (FIKKIA Banyuwangi);2025;Orang Tua;Aktif;2.38;2;Kos
MHS00552;Laki-laki;24;Jawa Timur;Psikologi;Psikologi;2021;Beasiswa;Lulus;2.95;9;Asrama
MHS00553;Perempuan;21;Jawa Timur;Psikologi;Psikologi;2024;Orang Tua;Aktif;3.14;4;Rumah Orang Tua
MHS00554;Laki-laki;22;Riau;Teknologi Maju dan Multidisiplin;Teknik Elektro;2023;Orang Tua;Aktif;3.22;6;Asrama
MHS00555;Perempuan;23;Jawa Tengah;Ekonomi dan Bisnis;Ekonomi Islam;2021;Orang Tua;Lulus;3.88;8;Rumah Orang Tua
MHS00556;Laki-laki;24;Lampung;Sains dan Teknologi;Fisika;2021;Kerja Sendiri (part-time);Lulus;3.02;10;Asrama
MHS00557;Laki-laki;22;Jawa Tengah;Psikologi;Psikologi;2023;Orang Tua;Aktif;3.48;6;Kos
MHS00558;Perempuan;19;Jawa Timur;Farmasi;Farmasi;2025;Orang Tua;Aktif;2.84;2;Rumah Orang Tua
MHS00559;Perempuan;21;Jawa Timur;Ilmu Sosial dan Ilmu Politik;Sosiologi;2024;Beasiswa;Cuti;3.86;4;Kos
MHS00560;Laki-laki;20;Jawa Timur;Farmasi;Farmasi;2024;Beasiswa;Aktif;2.74;4;Kos
MHS00561;Perempuan;23;Kalimantan Timur;Ilmu Sosial dan Ilmu Politik;Ilmu Hubungan Internasional;2022;Beasiswa;Lulus;3.61;8;Kos
MHS00562;Perempuan;21;Jawa Timur;Ilmu Budaya;Bahasa dan Sastra Indonesia;2024;Orang Tua;Aktif;2.56;4;Rumah Orang Tua
MHS00563;Laki-laki;24;Jawa Timur;Ilmu Budaya;Ilmu Sejarah;2020;Beasiswa;Lulus;3.37;9;Kos
MHS00564;Perempuan;24;Banten;Ilmu Sosial dan Ilmu Politik;Ilmu Informasi dan Perpustakaan;2024;Orang Tua;Aktif;3.84;4;Kos
MHS00565;Perempuan;22;Jawa Timur;Ekonomi dan Bisnis;Ilmu Ekonomi;2024;Orang Tua;Aktif;3.45;4;Rumah Orang Tua
MHS00566;Perempuan;21;Jawa Timur;Perikanan dan Kelautan;Akuakultur;2024;Orang Tua;Aktif;2.98;4;Kos
MHS00567;Perempuan;20;Maluku Utara;Psikologi;Psikologi;2024;Orang Tua;Aktif;3.65;4;Kos
MHS00568;Perempuan;21;Jawa Barat;Perikanan dan Kelautan;Akuakultur;2023;Orang Tua;Aktif;3.95;6;Rumah Orang Tua
MHS00569;Perempuan;22;Jawa Barat;Psikologi;Psikologi;2023;Orang Tua;Aktif;2.97;6;Kos
MHS00570;Perempuan;23;Sulawesi Selatan;Ilmu Sosial dan Ilmu Politik;Antropologi;2021;Orang Tua;Lulus;3.76;8;Asrama
MHS00571;Laki-laki;24;DKI Jakarta;Teknologi Maju dan Multidisiplin;Teknik Elektro;2023;Beasiswa;Aktif;3.7;6;Menumpang Saudara
MHS00572;Perempuan;21;Sulawesi Utara;Kesehatan Masyarakat;Kesehatan Masyarakat;2023;Orang Tua;Aktif;3.19;6;Kos
MHS00573;Perempuan;20;Jawa Tengah;Kedokteran;Kebidanan;2025;Orang Tua;Aktif;3.51;2;Asrama
MHS00574;Laki-laki;22;Jawa Timur;Teknologi Maju dan Multidisiplin;Teknik Elektro;2023;Orang Tua;Aktif;3.45;6;Rumah Orang Tua
MHS00575;Perempuan;21;Jawa Timur;Teknologi Maju dan Multidisiplin;Teknik Elektro;2024;Orang Tua;Aktif;3.76;4;Rumah Orang Tua
MHS00576;Perempuan;24;Jawa Timur;Sains dan Teknologi;Statistika;2023;Beasiswa;Aktif;2.58;6;Rumah Orang Tua
MHS00577;Perempuan;21;Jawa Timur;Ilmu Budaya;Ilmu Sejarah;2024;Orang Tua;Aktif;2.93;4;Kos
MHS00578;Perempuan;21;Jawa Timur;Sains dan Teknologi;Statistika;2023;Orang Tua;Aktif;3.05;6;Rumah Orang Tua
MHS00579;Perempuan;19;Jawa Timur;Ekonomi dan Bisnis;Ekonomi Islam;2025;Orang Tua;Aktif;3.35;2;Rumah Orang Tua
MHS00580;Laki-laki;20;DKI Jakarta;Ilmu Budaya;Bahasa dan Sastra Jepang;2024;Orang Tua;Aktif;2.52;4;Rumah Orang Tua
MHS00581;Perempuan;23;Jawa Barat;FIKKIA Banyuwangi;Akuakultur (FIKKIA Banyuwangi);2022;Orang Tua;Lulus;3.54;8;Kos
MHS00582;Perempuan;23;Jawa Timur;Teknologi Maju dan Multidisiplin;Teknik Industri;2022;Orang Tua;Lulus;3.87;8;Rumah Orang Tua
MHS00583;Perempuan;23;Jawa Timur;Ilmu Sosial dan Ilmu Politik;Administrasi Publik;2022;Orang Tua;Lulus;3.65;8;Kos
MHS00584;Laki-laki;20;Jawa Tengah;Perikanan dan Kelautan;Teknologi Hasil Perikanan;2025;Beasiswa;Aktif;3.09;2;Kos
MHS00585;Laki-laki;20;Jawa Timur;Ilmu Budaya;Ilmu Sejarah;2025;Orang Tua;Aktif;2.96;2;Rumah Orang Tua
MHS00586;Laki-laki;23;Jawa Tengah;Teknologi Maju dan Multidisiplin;Teknologi Sains Data;2022;Kerja Sendiri (part-time);Lulus;3.08;8;Kos
MHS00587;Laki-laki;20;Jawa Timur;FIKKIA Banyuwangi;Kesehatan Masyarakat (FIKKIA Banyuwangi);2024;Orang Tua;Aktif;3.25;4;Kos
MHS00588;Laki-laki;22;Aceh;Ilmu Budaya;Bahasa dan Sastra Inggris;2022;Orang Tua;Lulus;2.56;8;Kos
MHS00589;Laki-laki;21;Jawa Timur;Ilmu Sosial dan Ilmu Politik;Ilmu Informasi dan Perpustakaan;2024;Orang Tua;Aktif;3.07;4;Rumah Orang Tua
MHS00590;Laki-laki;22;Jawa Timur;Sains dan Teknologi;Sistem Informasi;2022;Orang Tua;Lulus;3.92;8;Rumah Orang Tua
MHS00591;Laki-laki;20;Jawa Timur;Sains dan Teknologi;Teknik Biomedis;2025;Orang Tua;Aktif;3.48;2;Rumah Orang Tua
MHS00592;Perempuan;20;Jawa Tengah;Kedokteran;Kedokteran;2025;Orang Tua;Aktif;3.13;2;Kos
MHS00593;Perempuan;24;Papua;Kedokteran;Kebidanan;2021;Beasiswa;Lulus;3.76;8;Kos
MHS00594;Perempuan;23;Jawa Timur;FIKKIA Banyuwangi;Kedokteran Hewan (FIKKIA Banyuwangi);2022;Kerja Sendiri (part-time);Cuti;3.32;8;Rumah Orang Tua
MHS00595;Perempuan;20;Jawa Timur;Sains dan Teknologi;Fisika;2024;Orang Tua;Aktif;2.65;4;Rumah Orang Tua
MHS00596;Laki-laki;23;Jawa Timur;Perikanan dan Kelautan;Teknologi Hasil Perikanan;2023;Orang Tua;Non-Aktif/DO;1.94;2;Rumah Orang Tua
MHS00597;Perempuan;24;Nusa Tenggara Barat;Ilmu Budaya;Bahasa dan Sastra Indonesia;2022;Orang Tua;Lulus;3.23;8;Kos
MHS00598;Laki-laki;20;Jawa Timur;Ilmu Budaya;Bahasa dan Sastra Inggris;2024;Beasiswa;Aktif;2.42;4;Rumah Orang Tua
MHS00599;Perempuan;23;Sulawesi Selatan;Ilmu Budaya;Bahasa dan Sastra Jepang;2022;Orang Tua;Lulus;3.98;8;Kos
MHS00600;Perempuan;21;Jawa Timur;Ilmu Budaya;Ilmu Sejarah;2025;Orang Tua;Aktif;3.82;2;Rumah Orang Tua
MHS00601;Laki-laki;19;Jawa Timur;Sains dan Teknologi;Statistika;2025;Orang Tua;Aktif;2.79;2;Rumah Orang Tua
MHS00602;Laki-laki;23;Bali;Teknologi Maju dan Multidisiplin;Teknik Industri;2021;Orang Tua;Lulus;2.92;9;Menumpang Saudara
MHS00603;Laki-laki;20;Jawa Timur;Teknologi Maju dan Multidisiplin;Teknik Elektro;2024;Orang Tua;Aktif;2.54;4;Kos
MHS00604;Perempuan;23;Jawa Timur;Hukum;Ilmu Hukum;2021;Orang Tua;Lulus;3.28;8;Asrama
MHS00605;Perempuan;20;Sumatera Utara;Ilmu Sosial dan Ilmu Politik;Sosiologi;2025;Orang Tua;Aktif;2.93;2;Kos
MHS00606;Perempuan;23;Jawa Timur;Ekonomi dan Bisnis;Manajemen;2025;Orang Tua;Aktif;3.31;2;Kos
MHS00607;Perempuan;23;Kalimantan Selatan;Sains dan Teknologi;Biologi;2022;Orang Tua;Lulus;2.64;8;Kos
MHS00608;Perempuan;20;Jawa Timur;Ilmu Sosial dan Ilmu Politik;Antropologi;2025;Orang Tua;Aktif;3.93;2;Kos
MHS00609;Perempuan;21;Jawa Tengah;Teknologi Maju dan Multidisiplin;Teknik Elektro;2023;Orang Tua;Aktif;3.34;6;Kos
MHS00610;Laki-laki;22;Jawa Tengah;FIKKIA Banyuwangi;Kedokteran Hewan (FIKKIA Banyuwangi);2023;Orang Tua;Aktif;2.39;6;Kos
MHS00611;Laki-laki;24;Kalimantan Barat;Keperawatan;Keperawatan;2021;Orang Tua;Lulus;3.78;9;Kos
MHS00612;Perempuan;24;Jawa Timur;Sains dan Teknologi;Matematika;2020;Beasiswa;Lulus;3.29;8;Rumah Orang Tua
MHS00613;Laki-laki;19;Sumatera Utara;Ekonomi dan Bisnis;Manajemen;2025;Orang Tua;Aktif;2.88;2;Asrama
MHS00614;Perempuan;20;Jawa Barat;Kedokteran Hewan;Kedokteran Hewan;2024;Orang Tua;Aktif;3.09;4;Asrama
MHS00615;Perempuan;19;Aceh;Kesehatan Masyarakat;Kesehatan Masyarakat;2025;Orang Tua;Cuti;2.58;2;Kos
MHS00616;Perempuan;21;Jawa Tengah;Teknologi Maju dan Multidisiplin;Teknologi Sains Data;2023;Orang Tua;Aktif;3.37;6;Kos
MHS00617;Perempuan;19;Jawa Timur;Kesehatan Masyarakat;Kesehatan Masyarakat;2025;Beasiswa;Aktif;2.79;2;Rumah Orang Tua
MHS00618;Perempuan;24;Nusa Tenggara Timur;Ilmu Budaya;Bahasa dan Sastra Jepang;2021;Beasiswa;Lulus;3.38;8;Asrama
MHS00619;Perempuan;22;Jawa Timur;Teknologi Maju dan Multidisiplin;Teknik Robotika dan Kecerdasan Buatan;2023;Orang Tua;Aktif;3.44;6;Rumah Orang Tua
MHS00620;Perempuan;26;Jawa Timur;Ilmu Sosial dan Ilmu Politik;Ilmu Hubungan Internasional;2019;Orang Tua;Lulus;3.01;9;Menumpang Saudara
MHS00621;Perempuan;23;Banten;Ekonomi dan Bisnis;Ekonomi Islam;2023;Beasiswa;Non-Aktif/DO;2.44;2;Asrama
MHS00622;Perempuan;23;Sumatera Utara;Ilmu Budaya;Bahasa dan Sastra Indonesia;2024;Beasiswa;Aktif;2.79;4;Asrama
MHS00623;Perempuan;20;Sumatera Selatan;Teknologi Maju dan Multidisiplin;Teknik Robotika dan Kecerdasan Buatan;2025;Orang Tua;Aktif;3.47;2;Kos
MHS00624;Perempuan;22;Jawa Timur;Farmasi;Farmasi;2023;Beasiswa;Non-Aktif/DO;2.14;3;Asrama
MHS00625;Perempuan;23;DI Yogyakarta;Ekonomi dan Bisnis;Akuntansi;2021;Orang Tua;Lulus;3.4;8;Kos
MHS00626;Laki-laki;22;DKI Jakarta;Teknologi Maju dan Multidisiplin;Teknik Robotika dan Kecerdasan Buatan;2023;Orang Tua;Aktif;3.23;6;Kos
MHS00627;Laki-laki;22;Jawa Timur;Ilmu Budaya;Ilmu Sejarah;2023;Kerja Sendiri (part-time);Aktif;3.09;6;Kos
MHS00628;Laki-laki;21;Bali;FIKKIA Banyuwangi;Akuakultur (FIKKIA Banyuwangi);2023;Orang Tua;Aktif;3.38;6;Asrama
MHS00629;Laki-laki;20;Sulawesi Barat;Ilmu Sosial dan Ilmu Politik;Ilmu Politik;2025;Orang Tua;Aktif;3.59;2;Kos
MHS00630;Laki-laki;19;Jawa Timur;Farmasi;Farmasi;2025;Orang Tua;Aktif;3.11;2;Rumah Orang Tua
MHS00631;Laki-laki;19;Jawa Timur;Ilmu Sosial dan Ilmu Politik;Ilmu Informasi dan Perpustakaan;2025;Orang Tua;Aktif;3.83;2;Kos
MHS00632;Perempuan;20;Jawa Timur;Ilmu Budaya;Bahasa dan Sastra Inggris;2024;Beasiswa;Aktif;2.39;4;Rumah Orang Tua
MHS00633;Perempuan;24;Kepulauan Riau;Psikologi;Psikologi;2020;Beasiswa;Non-Aktif/DO;2.45;3;Asrama
MHS00634;Laki-laki;20;Jawa Tengah;Sains dan Teknologi;Sistem Informasi;2025;Orang Tua;Aktif;2.78;2;Asrama
MHS00635;Perempuan;19;Maluku;Ilmu Sosial dan Ilmu Politik;Ilmu Komunikasi;2025;Kerja Sendiri (part-time);Aktif;1.81;2;Asrama
MHS00636;Perempuan;21;Kalimantan Utara;Psikologi;Psikologi;2024;Orang Tua;Aktif;3.77;4;Kos
MHS00637;Laki-laki;21;DKI Jakarta;Sains dan Teknologi;Teknik Biomedis;2024;Beasiswa;Cuti;3.99;4;Kos
MHS00638;Laki-laki;24;DKI Jakarta;FIKKIA Banyuwangi;Kedokteran (FIKKIA Banyuwangi);2021;Orang Tua;Lulus;3.85;8;Asrama
MHS00639;Perempuan;20;Jawa Timur;Kedokteran Gigi;Kedokteran Gigi;2025;Beasiswa;Aktif;3.32;2;Rumah Orang Tua
MHS00640;Perempuan;19;Jawa Timur;Sains dan Teknologi;Teknik Biomedis;2025;Orang Tua;Aktif;2.62;2;Asrama
MHS00641;Laki-laki;22;Sumatera Utara;Sains dan Teknologi;Teknik Lingkungan;2022;Beasiswa;Aktif;2.66;8;Asrama
MHS00642;Laki-laki;22;Jawa Timur;Ilmu Sosial dan Ilmu Politik;Administrasi Publik;2022;Orang Tua;Aktif;3.22;8;Rumah Orang Tua
MHS00643;Perempuan;20;Jawa Timur;Sains dan Teknologi;Fisika;2024;Beasiswa;Aktif;3.47;4;Rumah Orang Tua
MHS00644;Laki-laki;22;Jawa Timur;Sains dan Teknologi;Teknik Biomedis;2023;Orang Tua;Aktif;3.33;6;Kos
MHS00645;Laki-laki;20;Jawa Timur;FIKKIA Banyuwangi;Kedokteran Hewan (FIKKIA Banyuwangi);2024;Orang Tua;Aktif;3.03;4;Kos
MHS00646;Laki-laki;20;Jawa Timur;FIKKIA Banyuwangi;Akuakultur (FIKKIA Banyuwangi);2024;Kerja Sendiri (part-time);Aktif;3.54;4;Rumah Orang Tua
MHS00647;Perempuan;19;Kalimantan Utara;Keperawatan;Keperawatan;2025;Beasiswa;Cuti;3.24;2;Kos
MHS00648;Perempuan;19;Jawa Timur;Kedokteran Hewan;Kedokteran Hewan;2025;Kerja Sendiri (part-time);Aktif;3.07;2;Rumah Orang Tua
MHS00649;Perempuan;23;Nusa Tenggara Timur;Sains dan Teknologi;Teknik Biomedis;2022;Beasiswa;Lulus;3.98;8;Kos
MHS00650;Laki-laki;21;Jawa Timur;FIKKIA Banyuwangi;Kedokteran Hewan (FIKKIA Banyuwangi);2024;Beasiswa;Aktif;3.81;4;Rumah Orang Tua
MHS00651;Perempuan;21;Sumatera Selatan;Ilmu Sosial dan Ilmu Politik;Antropologi;2023;Orang Tua;Aktif;3.12;6;Kos
MHS00652;Laki-laki;20;Sulawesi Selatan;Teknologi Maju dan Multidisiplin;Teknik Elektro;2024;Beasiswa;Aktif;3.25;4;Kos
MHS00653;Perempuan;23;Jawa Timur;Teknologi Maju dan Multidisiplin;Teknik Elektro;2022;Beasiswa;Aktif;3.59;8;Rumah Orang Tua
MHS00654;Perempuan;20;Jawa Timur;FIKKIA Banyuwangi;Kedokteran (FIKKIA Banyuwangi);2024;Orang Tua;Aktif;3.5;4;Rumah Orang Tua
MHS00655;Perempuan;19;Kalimantan Barat;Sains dan Teknologi;Teknik Lingkungan;2025;Kerja Sendiri (part-time);Aktif;2.58;2;Asrama
MHS00656;Perempuan;20;Jawa Timur;Psikologi;Psikologi;2025;Orang Tua;Aktif;2.4;2;Asrama
MHS00657;Perempuan;20;Kalimantan Tengah;Ekonomi dan Bisnis;Akuntansi;2025;Beasiswa;Aktif;3.5;2;Asrama
MHS00658;Laki-laki;23;Kalimantan Tengah;Ilmu Sosial dan Ilmu Politik;Sosiologi;2021;Kerja Sendiri (part-time);Lulus;3.08;9;Kos
MHS00659;Perempuan;21;Sulawesi Utara;Teknologi Maju dan Multidisiplin;Rekayasa Nanoteknologi;2023;Orang Tua;Cuti;3.62;6;Asrama
MHS00660;Laki-laki;22;Kalimantan Timur;Kedokteran;Kedokteran;2023;Orang Tua;Aktif;3.21;6;Kos
MHS00661;Laki-laki;20;Jawa Timur;Teknologi Maju dan Multidisiplin;Teknik Industri;2025;Beasiswa;Aktif;2.5;2;Menumpang Saudara
MHS00662;Perempuan;19;Jawa Barat;FIKKIA Banyuwangi;Akuakultur (FIKKIA Banyuwangi);2025;Orang Tua;Aktif;2.81;2;Rumah Orang Tua
MHS00663;Perempuan;25;Jawa Timur;Kedokteran;Kebidanan;2019;Orang Tua;Lulus;3.96;8;Kos
MHS00664;Laki-laki;22;Jawa Timur;Sains dan Teknologi;Kimia;2023;Orang Tua;Aktif;3.56;6;Rumah Orang Tua
MHS00665;Perempuan;21;Papua Selatan;Psikologi;Psikologi;2024;Orang Tua;Aktif;2.85;4;Kos
MHS00666;Perempuan;21;Jawa Timur;Kedokteran Gigi;Kedokteran Gigi;2024;Beasiswa;Aktif;3.52;4;Asrama
MHS00667;Perempuan;21;Jawa Timur;Ilmu Sosial dan Ilmu Politik;Ilmu Informasi dan Perpustakaan;2023;Beasiswa;Aktif;3.42;6;Kos
MHS00668;Perempuan;23;Sulawesi Selatan;Ilmu Sosial dan Ilmu Politik;Ilmu Hubungan Internasional;2021;Orang Tua;Lulus;3.46;8;Kos
MHS00669;Laki-laki;20;Sulawesi Tenggara;Ekonomi dan Bisnis;Manajemen;2024;Beasiswa;Aktif;2.72;4;Asrama
MHS00670;Perempuan;19;Jawa Timur;Hukum;Ilmu Hukum;2025;Orang Tua;Aktif;3.16;2;Kos
MHS00671;Perempuan;21;Papua Barat Daya;Ilmu Sosial dan Ilmu Politik;Ilmu Hubungan Internasional;2023;Orang Tua;Aktif;3.37;6;Asrama
MHS00672;Laki-laki;22;Sumatera Utara;Teknologi Maju dan Multidisiplin;Teknik Industri;2023;Orang Tua;Cuti;3.45;6;Asrama
MHS00673;Perempuan;25;Nusa Tenggara Barat;Keperawatan;Keperawatan;2020;Orang Tua;Lulus;3.79;9;Kos
MHS00674;Perempuan;22;Jawa Timur;Kedokteran Gigi;Kedokteran Gigi;2023;Beasiswa;Cuti;3.73;6;Rumah Orang Tua
MHS00675;Perempuan;26;Jawa Timur;Ilmu Budaya;Bahasa dan Sastra Jepang;2019;Kerja Sendiri (part-time);Lulus;3.04;10;Kos
MHS00676;Laki-laki;20;Jawa Timur;FIKKIA Banyuwangi;Akuakultur (FIKKIA Banyuwangi);2025;Orang Tua;Aktif;2.73;2;Rumah Orang Tua
MHS00677;Perempuan;19;Jawa Timur;Ilmu Sosial dan Ilmu Politik;Ilmu Hubungan Internasional;2025;Orang Tua;Aktif;3.96;2;Kos
MHS00678;Perempuan;23;Jawa Timur;Psikologi;Psikologi;2022;Orang Tua;Lulus;3.32;8;Kos
MHS00679;Laki-laki;20;Jawa Timur;FIKKIA Banyuwangi;Akuakultur (FIKKIA Banyuwangi);2025;Orang Tua;Aktif;3.27;2;Rumah Orang Tua
MHS00680;Perempuan;23;Jawa Timur;Farmasi;Farmasi;2021;Orang Tua;Lulus;3.18;9;Kos
MHS00681;Perempuan;21;Jawa Timur;Perikanan dan Kelautan;Teknologi Hasil Perikanan;2023;Orang Tua;Aktif;3.64;6;Kos
MHS00682;Perempuan;21;Jawa Timur;FIKKIA Banyuwangi;Akuakultur (FIKKIA Banyuwangi);2024;Orang Tua;Aktif;3.3;4;Rumah Orang Tua
MHS00683;Perempuan;21;Nusa Tenggara Barat;Sains dan Teknologi;Teknik Lingkungan;2024;Orang Tua;Aktif;3.03;4;Rumah Orang Tua
MHS00684;Laki-laki;22;Jawa Tengah;Teknologi Maju dan Multidisiplin;Teknik Robotika dan Kecerdasan Buatan;2022;Orang Tua;Lulus;3.59;8;Kos
MHS00685;Perempuan;22;Jawa Timur;Kesehatan Masyarakat;Gizi;2024;Orang Tua;Aktif;3.85;4;Kos
MHS00686;Laki-laki;21;Nusa Tenggara Timur;Keperawatan;Keperawatan;2024;Orang Tua;Aktif;3.46;4;Kos
MHS00687;Perempuan;22;Riau;FIKKIA Banyuwangi;Kedokteran (FIKKIA Banyuwangi);2023;Orang Tua;Aktif;3.91;6;Kos
MHS00688;Perempuan;24;Jawa Timur;Kedokteran;Kebidanan;2020;Orang Tua;Lulus;3.67;8;Kos
MHS00689;Laki-laki;19;Jawa Tengah;Ilmu Sosial dan Ilmu Politik;Antropologi;2025;Beasiswa;Aktif;2.59;2;Kos
MHS00690;Perempuan;20;Kalimantan Tengah;Hukum;Ilmu Hukum;2025;Beasiswa;Aktif;3.71;2;Kos
MHS00691;Perempuan;20;Jawa Timur;Ilmu Sosial dan Ilmu Politik;Antropologi;2024;Orang Tua;Aktif;2.83;4;Kos
MHS00692;Laki-laki;21;Jawa Tengah;Teknologi Maju dan Multidisiplin;Teknik Elektro;2023;Orang Tua;Aktif;3.69;6;Rumah Orang Tua
MHS00693;Perempuan;21;Nusa Tenggara Barat;Ilmu Budaya;Bahasa dan Sastra Indonesia;2024;Kerja Sendiri (part-time);Aktif;2.71;4;Menumpang Saudara
MHS00694;Perempuan;21;Jawa Timur;Kedokteran;Kedokteran;2023;Beasiswa;Aktif;3.76;6;Rumah Orang Tua
MHS00695;Laki-laki;22;Banten;Ilmu Sosial dan Ilmu Politik;Ilmu Hubungan Internasional;2023;Beasiswa;Aktif;3.63;6;Kos
MHS00696;Perempuan;21;Riau;FIKKIA Banyuwangi;Kesehatan Masyarakat (FIKKIA Banyuwangi);2023;Orang Tua;Aktif;3.3;6;Kos
MHS00697;Laki-laki;19;Bali;FIKKIA Banyuwangi;Kesehatan Masyarakat (FIKKIA Banyuwangi);2025;Orang Tua;Aktif;3.25;2;Kos
MHS00698;Perempuan;23;Jawa Timur;Farmasi;Farmasi;2021;Orang Tua;Lulus;3.49;8;Menumpang Saudara
MHS00699;Perempuan;23;DI Yogyakarta;Ekonomi dan Bisnis;Akuntansi;2022;Orang Tua;Aktif;3.21;8;Asrama
MHS00700;Laki-laki;22;DKI Jakarta;Ilmu Sosial dan Ilmu Politik;Administrasi Publik;2024;Beasiswa;Aktif;2.5;4;Asrama
MHS00701;Perempuan;22;Jawa Timur;Sains dan Teknologi;Teknik Biomedis;2022;Orang Tua;Aktif;2.37;8;Kos
MHS00702;Perempuan;23;Jawa Timur;FIKKIA Banyuwangi;Kedokteran (FIKKIA Banyuwangi);2021;Orang Tua;Lulus;3.7;9;Kos
MHS00703;Laki-laki;23;Sulawesi Tenggara;Sains dan Teknologi;Biologi;2022;Orang Tua;Lulus;3.55;8;Rumah Orang Tua
MHS00704;Laki-laki;20;Jawa Timur;Farmasi;Farmasi;2025;Orang Tua;Aktif;3.07;2;Rumah Orang Tua
MHS00705;Perempuan;24;Jawa Timur;FIKKIA Banyuwangi;Kedokteran (FIKKIA Banyuwangi);2021;Beasiswa;Cuti;2.98;10;Rumah Orang Tua
MHS00706;Laki-laki;20;Jawa Timur;FIKKIA Banyuwangi;Akuakultur (FIKKIA Banyuwangi);2024;Orang Tua;Aktif;3.35;4;Kos
MHS00707;Laki-laki;20;Jawa Timur;Ilmu Sosial dan Ilmu Politik;Administrasi Publik;2025;Orang Tua;Aktif;2.86;2;Rumah Orang Tua
MHS00708;Perempuan;22;Jawa Timur;Kedokteran;Kebidanan;2022;Orang Tua;Lulus;3.59;8;Rumah Orang Tua
MHS00709;Laki-laki;21;Jawa Timur;Kesehatan Masyarakat;Kesehatan Masyarakat;2023;Orang Tua;Cuti;3.75;6;Rumah Orang Tua
MHS00710;Laki-laki;25;Jawa Timur;Sains dan Teknologi;Teknik Biomedis;2023;Kerja Sendiri (part-time);Non-Aktif/DO;2.26;3;Kos
MHS00711;Perempuan;23;Jawa Timur;Kedokteran Hewan;Kedokteran Hewan;2023;Orang Tua;Aktif;3.72;6;Rumah Orang Tua
MHS00712;Laki-laki;20;Papua;Teknologi Maju dan Multidisiplin;Teknik Industri;2024;Orang Tua;Aktif;2.54;4;Asrama
MHS00713;Laki-laki;22;Jawa Timur;Sains dan Teknologi;Kimia;2022;Orang Tua;Lulus;3.86;8;Asrama
MHS00714;Perempuan;20;Kalimantan Tengah;Sains dan Teknologi;Biologi;2025;Beasiswa;Aktif;2.47;2;Asrama
MHS00715;Laki-laki;22;Jawa Timur;Ilmu Budaya;Ilmu Sejarah;2022;Orang Tua;Aktif;2.65;8;Rumah Orang Tua
MHS00716;Perempuan;20;Jawa Timur;Ilmu Sosial dan Ilmu Politik;Sosiologi;2025;Beasiswa;Aktif;3.06;2;Kos
MHS00717;Perempuan;19;Nusa Tenggara Barat;Ilmu Budaya;Bahasa dan Sastra Jepang;2025;Orang Tua;Aktif;4.0;2;Kos
MHS00718;Laki-laki;21;Jawa Barat;Kesehatan Masyarakat;Kesehatan Masyarakat;2023;Orang Tua;Aktif;3.51;6;Kos
MHS00719;Laki-laki;22;DKI Jakarta;Sains dan Teknologi;Kimia;2023;Kerja Sendiri (part-time);Aktif;2.72;6;Rumah Orang Tua
MHS00720;Perempuan;21;Jawa Timur;Kedokteran;Kebidanan;2024;Orang Tua;Aktif;3.02;4;Menumpang Saudara
MHS00721;Perempuan;25;Aceh;Perikanan dan Kelautan;Akuakultur;2019;Beasiswa;Lulus;3.46;10;Asrama
MHS00722;Perempuan;20;Jawa Barat;Teknologi Maju dan Multidisiplin;Teknik Elektro;2025;Orang Tua;Aktif;3.05;2;Kos
MHS00723;Perempuan;19;Sulawesi Tengah;Kesehatan Masyarakat;Gizi;2025;Beasiswa;Aktif;3.61;2;Asrama
MHS00724;Perempuan;24;Papua Pegunungan;FIKKIA Banyuwangi;Akuakultur (FIKKIA Banyuwangi);2024;Beasiswa;Aktif;3.78;4;Kos
MHS00725;Perempuan;20;Bali;Ekonomi dan Bisnis;Ilmu Ekonomi;2024;Orang Tua;Aktif;4.0;4;Kos
MHS00726;Laki-laki;22;Sumatera Utara;Sains dan Teknologi;Fisika;2023;Orang Tua;Cuti;3.18;6;Asrama
MHS00727;Perempuan;21;Gorontalo;FIKKIA Banyuwangi;Kesehatan Masyarakat (FIKKIA Banyuwangi);2024;Orang Tua;Aktif;3.95;4;Kos
MHS00728;Perempuan;20;DKI Jakarta;Sains dan Teknologi;Kimia;2025;Beasiswa;Aktif;3.1;2;Asrama
MHS00729;Perempuan;22;Jawa Tengah;Perikanan dan Kelautan;Teknologi Hasil Perikanan;2022;Orang Tua;Aktif;3.36;8;Rumah Orang Tua
MHS00730;Perempuan;21;Jawa Timur;Sains dan Teknologi;Teknik Lingkungan;2024;Orang Tua;Aktif;3.26;4;Rumah Orang Tua
MHS00731;Laki-laki;24;Jawa Timur;FIKKIA Banyuwangi;Akuakultur (FIKKIA Banyuwangi);2021;Kerja Sendiri (part-time);Lulus;3.47;8;Rumah Orang Tua
MHS00732;Laki-laki;19;Jawa Tengah;Perikanan dan Kelautan;Teknologi Hasil Perikanan;2025;Kerja Sendiri (part-time);Aktif;2.59;2;Kos
MHS00733;Laki-laki;19;Jawa Tengah;Kedokteran Hewan;Kedokteran Hewan;2025;Orang Tua;Aktif;2.51;2;Kos
MHS00734;Laki-laki;20;Jawa Timur;Ekonomi dan Bisnis;Ilmu Ekonomi;2024;Beasiswa;Aktif;2.78;4;Rumah Orang Tua
MHS00735;Perempuan;20;Jawa Timur;Teknologi Maju dan Multidisiplin;Teknologi Sains Data;2025;Orang Tua;Aktif;3.18;2;Rumah Orang Tua
MHS00736;Perempuan;22;Jawa Timur;FIKKIA Banyuwangi;Kedokteran (FIKKIA Banyuwangi);2023;Orang Tua;Non-Aktif/DO;1.29;2;Rumah Orang Tua
MHS00737;Perempuan;23;Jawa Timur;Hukum;Ilmu Hukum;2025;Orang Tua;Aktif;3.29;2;Rumah Orang Tua
MHS00738;Laki-laki;21;Jawa Barat;Kedokteran;Kedokteran;2023;Orang Tua;Non-Aktif/DO;2.62;2;Kos
MHS00739;Laki-laki;22;Papua Selatan;FIKKIA Banyuwangi;Kedokteran Hewan (FIKKIA Banyuwangi);2023;Orang Tua;Cuti;3.94;6;Kos
MHS00740;Laki-laki;20;Jawa Timur;Kedokteran Hewan;Kedokteran Hewan;2024;Orang Tua;Aktif;2.64;4;Kos
MHS00741;Laki-laki;21;Sumatera Utara;Ilmu Sosial dan Ilmu Politik;Administrasi Publik;2024;Beasiswa;Aktif;3.19;4;Asrama
MHS00742;Laki-laki;19;Jawa Timur;Sains dan Teknologi;Biologi;2025;Beasiswa;Aktif;2.51;2;Asrama
MHS00743;Perempuan;22;DI Yogyakarta;Keperawatan;Keperawatan;2022;Beasiswa;Aktif;3.07;8;Kos
MHS00744;Perempuan;20;Jawa Timur;Kedokteran;Kedokteran;2025;Beasiswa;Aktif;2.71;2;Kos
MHS00745;Laki-laki;23;Jawa Tengah;Ekonomi dan Bisnis;Manajemen;2022;Orang Tua;Lulus;3.31;8;Kos
MHS00746;Laki-laki;20;Jawa Timur;Sains dan Teknologi;Teknik Lingkungan;2025;Orang Tua;Aktif;3.6;2;Asrama
MHS00747;Laki-laki;27;Sumatera Selatan;Ilmu Budaya;Bahasa dan Sastra Indonesia;2021;Pinjaman/Kredit Pendidikan;Lulus;3.82;8;Asrama
MHS00748;Perempuan;23;Jawa Timur;Ilmu Budaya;Bahasa dan Sastra Inggris;2021;Orang Tua;Lulus;3.71;8;Rumah Orang Tua
MHS00749;Perempuan;19;Jawa Timur;Sains dan Teknologi;Kimia;2025;Orang Tua;Aktif;3.27;2;Rumah Orang Tua
MHS00750;Perempuan;20;Aceh;Ilmu Sosial dan Ilmu Politik;Sosiologi;2024;Orang Tua;Aktif;3.14;4;Menumpang Saudara
MHS00751;Perempuan;19;DKI Jakarta;Ilmu Sosial dan Ilmu Politik;Antropologi;2025;Orang Tua;Aktif;3.48;2;Kos
MHS00752;Perempuan;23;Jawa Timur;Kedokteran Hewan;Kedokteran Hewan;2021;Orang Tua;Lulus;2.68;10;Kos
MHS00753;Laki-laki;21;Lampung;Sains dan Teknologi;Statistika;2023;Orang Tua;Aktif;3.05;6;Kos
MHS00754;Laki-laki;21;Jawa Timur;Sains dan Teknologi;Fisika;2023;Beasiswa;Aktif;3.27;6;Kos
MHS00755;Laki-laki;24;Jawa Timur;Ilmu Sosial dan Ilmu Politik;Administrasi Publik;2020;Orang Tua;Lulus;3.29;9;Rumah Orang Tua
MHS00756;Laki-laki;21;Jawa Timur;FIKKIA Banyuwangi;Kesehatan Masyarakat (FIKKIA Banyuwangi);2024;Kerja Sendiri (part-time);Aktif;3.3;4;Rumah Orang Tua
MHS00757;Laki-laki;20;Nusa Tenggara Barat;Teknologi Maju dan Multidisiplin;Rekayasa Nanoteknologi;2024;Orang Tua;Aktif;2.83;4;Menumpang Saudara
MHS00758;Laki-laki;19;Riau;Teknologi Maju dan Multidisiplin;Teknik Robotika dan Kecerdasan Buatan;2025;Orang Tua;Aktif;3.04;2;Asrama
MHS00759;Perempuan;20;Kepulauan Bangka Belitung;Ekonomi dan Bisnis;Manajemen;2024;Orang Tua;Aktif;3.45;4;Kos
MHS00760;Laki-laki;20;Bali;Teknologi Maju dan Multidisiplin;Teknik Elektro;2025;Orang Tua;Aktif;2.78;2;Kos
MHS00761;Perempuan;20;Kalimantan Timur;Ekonomi dan Bisnis;Manajemen;2024;Orang Tua;Aktif;3.59;4;Rumah Orang Tua
MHS00762;Laki-laki;24;Sulawesi Selatan;FIKKIA Banyuwangi;Kedokteran Hewan (FIKKIA Banyuwangi);2021;Beasiswa;Lulus;3.29;10;Asrama
MHS00763;Perempuan;23;Jawa Timur;Teknologi Maju dan Multidisiplin;Teknik Robotika dan Kecerdasan Buatan;2022;Beasiswa;Lulus;3.45;8;Kos
MHS00764;Laki-laki;23;Jawa Tengah;Ilmu Sosial dan Ilmu Politik;Ilmu Politik;2021;Orang Tua;Lulus;3.22;8;Kos
MHS00765;Perempuan;22;Sulawesi Utara;Sains dan Teknologi;Kimia;2022;Beasiswa;Lulus;3.75;8;Asrama
MHS00766;Perempuan;23;Jawa Timur;Ilmu Sosial dan Ilmu Politik;Antropologi;2021;Kerja Sendiri (part-time);Lulus;3.15;9;Rumah Orang Tua
MHS00767;Laki-laki;19;Jawa Timur;Farmasi;Farmasi;2025;Kerja Sendiri (part-time);Cuti;3.02;2;Rumah Orang Tua
MHS00768;Perempuan;20;Sulawesi Selatan;Keperawatan;Keperawatan;2024;Orang Tua;Aktif;2.94;4;Kos
MHS00769;Perempuan;23;Jawa Timur;Sains dan Teknologi;Matematika;2022;Beasiswa;Aktif;3.22;8;Kos
MHS00770;Perempuan;23;Jawa Timur;Kedokteran Hewan;Kedokteran Hewan;2022;Orang Tua;Lulus;3.48;8;Asrama
MHS00771;Perempuan;19;Sulawesi Selatan;Ilmu Sosial dan Ilmu Politik;Ilmu Komunikasi;2025;Orang Tua;Aktif;2.8;2;Kos
MHS00772;Perempuan;20;Banten;Ilmu Sosial dan Ilmu Politik;Administrasi Publik;2025;Orang Tua;Aktif;3.18;2;Rumah Orang Tua
MHS00773;Laki-laki;20;Jawa Tengah;Sains dan Teknologi;Matematika;2024;Beasiswa;Aktif;3.6;4;Kos
MHS00774;Perempuan;21;Jawa Timur;Ilmu Sosial dan Ilmu Politik;Ilmu Hubungan Internasional;2024;Orang Tua;Aktif;3.14;4;Kos
MHS00775;Perempuan;19;Jawa Timur;Sains dan Teknologi;Biologi;2025;Orang Tua;Aktif;2.66;2;Kos
MHS00776;Laki-laki;20;Jawa Timur;Ilmu Sosial dan Ilmu Politik;Ilmu Informasi dan Perpustakaan;2024;Orang Tua;Aktif;2.88;4;Kos
MHS00777;Perempuan;25;Banten;Kedokteran Gigi;Kedokteran Gigi;2019;Orang Tua;Lulus;3.12;10;Asrama
MHS00778;Perempuan;22;Jawa Timur;Hukum;Ilmu Hukum;2023;Pinjaman/Kredit Pendidikan;Aktif;3.22;6;Rumah Orang Tua
MHS00779;Perempuan;21;Bali;Perikanan dan Kelautan;Teknologi Hasil Perikanan;2024;Kerja Sendiri (part-time);Aktif;2.64;4;Asrama
MHS00780;Perempuan;20;Maluku;Kesehatan Masyarakat;Gizi;2025;Beasiswa;Aktif;3.95;2;Kos
MHS00781;Perempuan;21;Jawa Tengah;FIKKIA Banyuwangi;Kesehatan Masyarakat (FIKKIA Banyuwangi);2024;Orang Tua;Aktif;3.18;4;Kos
MHS00782;Perempuan;19;DKI Jakarta;Ilmu Sosial dan Ilmu Politik;Ilmu Informasi dan Perpustakaan;2025;Orang Tua;Cuti;2.85;2;Kos
MHS00783;Perempuan;21;Lampung;Teknologi Maju dan Multidisiplin;Rekayasa Nanoteknologi;2025;Orang Tua;Aktif;3.03;2;Kos
MHS00784;Perempuan;23;Jawa Timur;Ekonomi dan Bisnis;Manajemen;2022;Orang Tua;Aktif;3.15;8;Kos
MHS00785;Perempuan;26;Jawa Timur;FIKKIA Banyuwangi;Kedokteran (FIKKIA Banyuwangi);2022;Beasiswa;Lulus;3.09;8;Rumah Orang Tua
MHS00786;Laki-laki;21;Nusa Tenggara Timur;Ekonomi dan Bisnis;Ekonomi Islam;2023;Kerja Sendiri (part-time);Aktif;3.99;6;Kos
MHS00787;Perempuan;20;Sumatera Selatan;Ilmu Sosial dan Ilmu Politik;Sosiologi;2024;Beasiswa;Aktif;3.17;4;Kos
MHS00788;Laki-laki;20;Papua;Sains dan Teknologi;Teknik Lingkungan;2025;Orang Tua;Aktif;3.39;2;Kos
MHS00789;Laki-laki;21;Jawa Timur;Ekonomi dan Bisnis;Manajemen;2024;Pinjaman/Kredit Pendidikan;Aktif;2.56;4;Rumah Orang Tua
MHS00790;Perempuan;26;Jawa Timur;Ilmu Budaya;Bahasa dan Sastra Inggris;2019;Orang Tua;Lulus;3.21;8;Kos
MHS00791;Perempuan;25;Jawa Timur;Keperawatan;Keperawatan;2020;Orang Tua;Lulus;2.9;8;Kos
MHS00792;Perempuan;19;Jawa Timur;Kedokteran;Kebidanan;2025;Beasiswa;Aktif;3.86;2;Rumah Orang Tua
MHS00793;Perempuan;21;Jawa Timur;Ekonomi dan Bisnis;Manajemen;2024;Orang Tua;Aktif;3.52;4;Kos
MHS00794;Perempuan;20;Jawa Timur;Ekonomi dan Bisnis;Akuntansi;2025;Orang Tua;Aktif;1.78;2;Rumah Orang Tua
MHS00795;Laki-laki;21;Papua Barat Daya;Sains dan Teknologi;Sistem Informasi;2023;Orang Tua;Aktif;3.42;6;Kos
MHS00796;Perempuan;20;Banten;Ekonomi dan Bisnis;Ekonomi Islam;2024;Orang Tua;Aktif;3.56;4;Menumpang Saudara
MHS00797;Laki-laki;20;Jawa Timur;Sains dan Teknologi;Statistika;2024;Orang Tua;Aktif;3.41;4;Rumah Orang Tua
MHS00798;Perempuan;23;Nusa Tenggara Timur;Teknologi Maju dan Multidisiplin;Teknik Robotika dan Kecerdasan Buatan;2022;Orang Tua;Aktif;2.79;8;Kos
MHS00799;Perempuan;19;Jawa Timur;Sains dan Teknologi;Matematika;2025;Orang Tua;Aktif;2.95;2;Rumah Orang Tua
MHS00800;Perempuan;23;Jawa Timur;Keperawatan;Keperawatan;2022;Orang Tua;Lulus;3.8;8;Rumah Orang Tua
MHS00801;Perempuan;20;Nusa Tenggara Barat;Kesehatan Masyarakat;Kesehatan Masyarakat;2024;Kerja Sendiri (part-time);Non-Aktif/DO;2.34;2;Asrama
MHS00802;Perempuan;20;DKI Jakarta;Ilmu Sosial dan Ilmu Politik;Antropologi;2025;Orang Tua;Aktif;3.97;2;Kos
MHS00803;Perempuan;22;Nusa Tenggara Barat;Kedokteran;Kebidanan;2022;Orang Tua;Lulus;3.32;8;Kos
MHS00804;Perempuan;22;Jawa Timur;Teknologi Maju dan Multidisiplin;Teknik Robotika dan Kecerdasan Buatan;2022;Orang Tua;Lulus;3.73;8;Rumah Orang Tua
MHS00805;Laki-laki;22;Jawa Timur;Teknologi Maju dan Multidisiplin;Teknik Elektro;2023;Beasiswa;Aktif;3.48;6;Rumah Orang Tua
MHS00806;Laki-laki;24;Jawa Timur;Ilmu Budaya;Bahasa dan Sastra Jepang;2021;Orang Tua;Non-Aktif/DO;1.96;3;Rumah Orang Tua
MHS00807;Laki-laki;21;Banten;Ilmu Sosial dan Ilmu Politik;Sosiologi;2024;Orang Tua;Aktif;2.75;4;Kos
MHS00808;Laki-laki;25;Riau;Sains dan Teknologi;Sistem Informasi;2020;Orang Tua;Lulus;2.98;10;Kos
MHS00809;Laki-laki;22;Kalimantan Selatan;FIKKIA Banyuwangi;Akuakultur (FIKKIA Banyuwangi);2024;Orang Tua;Aktif;3.46;4;Asrama
MHS00810;Perempuan;20;Papua Tengah;Farmasi;Farmasi;2024;Orang Tua;Aktif;2.99;4;Kos
MHS00811;Perempuan;26;Jawa Timur;Ilmu Sosial dan Ilmu Politik;Ilmu Komunikasi;2019;Orang Tua;Lulus;2.99;9;Rumah Orang Tua
MHS00812;Perempuan;19;Sumatera Barat;FIKKIA Banyuwangi;Kedokteran (FIKKIA Banyuwangi);2025;Orang Tua;Aktif;2.58;2;Kos
MHS00813;Perempuan;22;Papua Barat Daya;Sains dan Teknologi;Kimia;2023;Orang Tua;Aktif;3.43;6;Menumpang Saudara
MHS00814;Perempuan;25;Jawa Timur;Keperawatan;Keperawatan;2022;Orang Tua;Aktif;2.8;8;Rumah Orang Tua
MHS00815;Laki-laki;20;Jawa Timur;Sains dan Teknologi;Statistika;2024;Beasiswa;Cuti;3.03;4;Rumah Orang Tua
MHS00816;Laki-laki;22;Jawa Timur;Kesehatan Masyarakat;Gizi;2023;Beasiswa;Non-Aktif/DO;1.4;2;Asrama
MHS00817;Laki-laki;22;Nusa Tenggara Barat;Teknologi Maju dan Multidisiplin;Teknik Elektro;2022;Orang Tua;Lulus;3.97;8;Kos
MHS00818;Laki-laki;25;Nusa Tenggara Timur;Sains dan Teknologi;Kimia;2022;Orang Tua;Lulus;3.52;8;Kos
MHS00819;Laki-laki;24;Jawa Timur;Hukum;Ilmu Hukum;2020;Orang Tua;Lulus;3.04;9;Kos
MHS00820;Perempuan;21;Sulawesi Tengah;Sains dan Teknologi;Fisika;2024;Beasiswa;Non-Aktif/DO;1.86;2;Asrama
MHS00821;Laki-laki;21;Jawa Timur;Sains dan Teknologi;Teknik Lingkungan;2024;Orang Tua;Aktif;2.79;4;Rumah Orang Tua
MHS00822;Laki-laki;21;DI Yogyakarta;Teknologi Maju dan Multidisiplin;Teknik Industri;2024;Orang Tua;Aktif;3.42;4;Menumpang Saudara
MHS00823;Laki-laki;20;Jawa Timur;Sains dan Teknologi;Fisika;2025;Orang Tua;Aktif;2.38;2;Rumah Orang Tua
MHS00824;Perempuan;20;Bali;Ilmu Budaya;Bahasa dan Sastra Inggris;2025;Orang Tua;Aktif;2.74;2;Kos
MHS00825;Perempuan;20;Jawa Timur;Hukum;Ilmu Hukum;2025;Orang Tua;Aktif;3.15;2;Rumah Orang Tua
MHS00826;Laki-laki;20;Jawa Tengah;Sains dan Teknologi;Teknik Lingkungan;2025;Orang Tua;Cuti;2.66;2;Asrama
MHS00827;Perempuan;21;Jawa Timur;Kesehatan Masyarakat;Gizi;2023;Orang Tua;Aktif;3.58;6;Rumah Orang Tua
MHS00828;Perempuan;19;Jawa Barat;FIKKIA Banyuwangi;Kesehatan Masyarakat (FIKKIA Banyuwangi);2025;Pinjaman/Kredit Pendidikan;Aktif;3.03;2;Asrama
MHS00829;Perempuan;21;Kalimantan Timur;Sains dan Teknologi;Statistika;2024;Beasiswa;Aktif;3.54;4;Kos
MHS00830;Laki-laki;23;Jawa Timur;Teknologi Maju dan Multidisiplin;Teknologi Sains Data;2022;Orang Tua;Aktif;3.61;8;Rumah Orang Tua
MHS00831;Laki-laki;25;Sulawesi Tenggara;Ekonomi dan Bisnis;Manajemen;2021;Orang Tua;Lulus;3.09;10;Kos
MHS00832;Laki-laki;22;Jawa Timur;Ilmu Sosial dan Ilmu Politik;Administrasi Publik;2022;Kerja Sendiri (part-time);Aktif;3.92;8;Asrama
MHS00833;Perempuan;20;Jawa Timur;Sains dan Teknologi;Biologi;2024;Beasiswa;Cuti;3.84;4;Asrama
MHS00834;Laki-laki;20;Jawa Timur;Ekonomi dan Bisnis;Ekonomi Islam;2024;Orang Tua;Aktif;3.8;4;Rumah Orang Tua
MHS00835;Perempuan;19;Jawa Timur;Kedokteran;Kebidanan;2025;Orang Tua;Aktif;3.01;2;Rumah Orang Tua
MHS00836;Perempuan;22;Jawa Timur;Teknologi Maju dan Multidisiplin;Teknologi Sains Data;2025;Orang Tua;Aktif;3.24;2;Rumah Orang Tua
MHS00837;Laki-laki;20;Lampung;Sains dan Teknologi;Kimia;2025;Orang Tua;Aktif;3.04;2;Kos
MHS00838;Perempuan;28;Jawa Timur;Ekonomi dan Bisnis;Akuntansi;2020;Orang Tua;Lulus;3.38;10;Kos
MHS00839;Laki-laki;19;Jawa Tengah;Psikologi;Psikologi;2025;Orang Tua;Aktif;3.54;2;Rumah Orang Tua
MHS00840;Perempuan;25;Jawa Tengah;Kedokteran Gigi;Kedokteran Gigi;2020;Beasiswa;Lulus;3.81;8;Kos
MHS00841;Perempuan;23;Jawa Timur;Kedokteran;Kedokteran;2021;Pinjaman/Kredit Pendidikan;Lulus;3.48;8;Rumah Orang Tua
MHS00842;Laki-laki;22;Jawa Timur;Sains dan Teknologi;Fisika;2023;Beasiswa;Aktif;2.57;6;Rumah Orang Tua
MHS00843;Perempuan;21;Jawa Timur;FIKKIA Banyuwangi;Kedokteran Hewan (FIKKIA Banyuwangi);2023;Orang Tua;Aktif;3.48;6;Rumah Orang Tua
MHS00844;Perempuan;23;Jawa Timur;FIKKIA Banyuwangi;Kesehatan Masyarakat (FIKKIA Banyuwangi);2023;Beasiswa;Aktif;3.55;6;Menumpang Saudara
MHS00845;Laki-laki;22;DKI Jakarta;Sains dan Teknologi;Biologi;2023;Orang Tua;Aktif;3.01;6;Rumah Orang Tua
MHS00846;Laki-laki;19;Kalimantan Timur;Sains dan Teknologi;Fisika;2025;Beasiswa;Aktif;2.78;2;Kos
MHS00847;Perempuan;25;Jawa Timur;Ekonomi dan Bisnis;Manajemen;2023;Orang Tua;Aktif;2.96;6;Kos
MHS00848;Perempuan;23;Jawa Timur;Sains dan Teknologi;Teknik Biomedis;2021;Beasiswa;Non-Aktif/DO;1.73;2;Rumah Orang Tua
MHS00849;Perempuan;22;Sumatera Barat;Farmasi;Farmasi;2023;Orang Tua;Aktif;3.44;6;Kos
MHS00850;Perempuan;19;Jawa Timur;FIKKIA Banyuwangi;Akuakultur (FIKKIA Banyuwangi);2025;Orang Tua;Aktif;2.73;2;Rumah Orang Tua
MHS00851;Laki-laki;22;Jawa Tengah;Sains dan Teknologi;Fisika;2022;Orang Tua;Lulus;3.37;8;Kos
MHS00852;Laki-laki;26;Maluku;Teknologi Maju dan Multidisiplin;Teknologi Sains Data;2021;Beasiswa;Lulus;3.13;10;Kos
MHS00853;Perempuan;21;Jawa Timur;Ilmu Budaya;Bahasa dan Sastra Indonesia;2023;Orang Tua;Aktif;3.47;6;Kos
MHS00854;Perempuan;20;Jawa Timur;Ilmu Sosial dan Ilmu Politik;Sosiologi;2025;Orang Tua;Aktif;3.72;2;Asrama
MHS00855;Perempuan;22;Jawa Timur;Ilmu Sosial dan Ilmu Politik;Sosiologi;2025;Orang Tua;Aktif;3.14;2;Kos
MHS00856;Perempuan;21;Jawa Timur;Teknologi Maju dan Multidisiplin;Rekayasa Nanoteknologi;2024;Orang Tua;Aktif;3.24;4;Rumah Orang Tua
MHS00857;Perempuan;21;Kepulauan Bangka Belitung;Ilmu Sosial dan Ilmu Politik;Administrasi Publik;2024;Orang Tua;Aktif;3.83;4;Asrama
MHS00858;Perempuan;20;DI Yogyakarta;Sains dan Teknologi;Kimia;2024;Kerja Sendiri (part-time);Aktif;3.16;4;Kos
MHS00859;Laki-laki;21;Jawa Timur;Keperawatan;Keperawatan;2023;Orang Tua;Aktif;3.01;6;Rumah Orang Tua
MHS00860;Perempuan;20;Jawa Timur;Ilmu Budaya;Bahasa dan Sastra Jepang;2024;Kerja Sendiri (part-time);Aktif;3.45;4;Menumpang Saudara
MHS00861;Perempuan;19;Jawa Tengah;Kedokteran;Kebidanan;2025;Pinjaman/Kredit Pendidikan;Aktif;3.45;2;Kos
MHS00862;Perempuan;20;Jawa Tengah;Ilmu Budaya;Bahasa dan Sastra Indonesia;2025;Beasiswa;Aktif;2.51;2;Kos
MHS00863;Perempuan;23;Jawa Timur;Ilmu Sosial dan Ilmu Politik;Ilmu Politik;2022;Orang Tua;Aktif;2.38;8;Rumah Orang Tua
MHS00864;Perempuan;23;Jawa Timur;Ilmu Budaya;Bahasa dan Sastra Jepang;2022;Beasiswa;Aktif;3.92;8;Kos
MHS00865;Laki-laki;22;Banten;FIKKIA Banyuwangi;Akuakultur (FIKKIA Banyuwangi);2023;Kerja Sendiri (part-time);Non-Aktif/DO;2.13;2;Menumpang Saudara
MHS00866;Laki-laki;20;Jawa Timur;Ilmu Sosial dan Ilmu Politik;Ilmu Komunikasi;2024;Kerja Sendiri (part-time);Aktif;2.84;4;Kos
MHS00867;Laki-laki;20;Nusa Tenggara Barat;Teknologi Maju dan Multidisiplin;Teknik Elektro;2024;Kerja Sendiri (part-time);Non-Aktif/DO;2.29;2;Asrama
MHS00868;Laki-laki;22;Jawa Timur;Teknologi Maju dan Multidisiplin;Teknik Elektro;2022;Orang Tua;Lulus;3.63;8;Asrama
MHS00869;Perempuan;22;Jawa Timur;Keperawatan;Keperawatan;2022;Beasiswa;Lulus;3.83;8;Kos
MHS00870;Laki-laki;20;Jawa Timur;Kedokteran;Kedokteran;2024;Beasiswa;Aktif;3.23;4;Rumah Orang Tua
MHS00871;Perempuan;21;Nusa Tenggara Barat;Ilmu Sosial dan Ilmu Politik;Administrasi Publik;2023;Beasiswa;Aktif;3.13;6;Menumpang Saudara
MHS00872;Perempuan;20;Jawa Tengah;Sains dan Teknologi;Statistika;2025;Orang Tua;Aktif;3.11;2;Kos
MHS00873;Laki-laki;20;Jawa Tengah;Ekonomi dan Bisnis;Ilmu Ekonomi;2024;Orang Tua;Aktif;2.86;4;Asrama
MHS00874;Perempuan;22;Jawa Timur;Sains dan Teknologi;Statistika;2023;Orang Tua;Aktif;3.4;6;Rumah Orang Tua
MHS00875;Perempuan;25;Jawa Timur;Kedokteran Hewan;Kedokteran Hewan;2020;Kerja Sendiri (part-time);Lulus;3.45;9;Kos
MHS00876;Perempuan;21;Jawa Timur;Keperawatan;Keperawatan;2023;Beasiswa;Aktif;3.51;6;Kos
MHS00877;Laki-laki;22;Jawa Timur;FIKKIA Banyuwangi;Kedokteran (FIKKIA Banyuwangi);2023;Beasiswa;Cuti;3.56;6;Kos
MHS00878;Perempuan;20;Bali;Sains dan Teknologi;Teknik Biomedis;2024;Orang Tua;Aktif;2.79;4;Kos
MHS00879;Perempuan;20;Jawa Timur;Ilmu Budaya;Bahasa dan Sastra Indonesia;2024;Beasiswa;Aktif;3.18;4;Kos
MHS00880;Perempuan;23;Jawa Timur;Farmasi;Farmasi;2022;Orang Tua;Non-Aktif/DO;2.59;2;Rumah Orang Tua
MHS00881;Perempuan;24;Jawa Timur;Ekonomi dan Bisnis;Akuntansi;2021;Beasiswa;Lulus;2.55;10;Rumah Orang Tua
MHS00882;Laki-laki;23;Jawa Barat;Perikanan dan Kelautan;Teknologi Hasil Perikanan;2022;Orang Tua;Lulus;3.24;8;Kos
MHS00883;Laki-laki;20;Aceh;Kesehatan Masyarakat;Gizi;2025;Kerja Sendiri (part-time);Aktif;2.61;2;Kos
MHS00884;Perempuan;20;Nusa Tenggara Barat;Sains dan Teknologi;Matematika;2024;Kerja Sendiri (part-time);Aktif;3.09;4;Kos
MHS00885;Laki-laki;20;Jawa Timur;Ekonomi dan Bisnis;Akuntansi;2024;Orang Tua;Aktif;3.23;4;Rumah Orang Tua
MHS00886;Laki-laki;20;Jawa Timur;Teknologi Maju dan Multidisiplin;Teknik Industri;2024;Orang Tua;Aktif;2.83;4;Rumah Orang Tua
MHS00887;Perempuan;22;Jawa Timur;Psikologi;Psikologi;2022;Orang Tua;Aktif;2.42;8;Rumah Orang Tua
MHS00888;Perempuan;21;Jawa Timur;Kesehatan Masyarakat;Gizi;2024;Orang Tua;Aktif;3.24;4;Rumah Orang Tua
MHS00889;Perempuan;22;DKI Jakarta;Sains dan Teknologi;Matematika;2023;Orang Tua;Aktif;3.74;6;Asrama
MHS00890;Laki-laki;23;Jawa Timur;Ilmu Sosial dan Ilmu Politik;Ilmu Informasi dan Perpustakaan;2021;Orang Tua;Lulus;3.11;10;Kos
MHS00891;Laki-laki;21;Jawa Timur;Teknologi Maju dan Multidisiplin;Teknik Industri;2024;Kerja Sendiri (part-time);Aktif;3.15;4;Rumah Orang Tua
MHS00892;Perempuan;22;Jawa Tengah;Kedokteran Gigi;Kedokteran Gigi;2022;Orang Tua;Aktif;3.3;8;Kos
MHS00893;Perempuan;25;Jawa Timur;Kesehatan Masyarakat;Gizi;2019;Pinjaman/Kredit Pendidikan;Lulus;3.04;9;Rumah Orang Tua
MHS00894;Perempuan;22;Lampung;Kedokteran;Kebidanan;2023;Kerja Sendiri (part-time);Non-Aktif/DO;2.07;2;Kos
MHS00895;Laki-laki;21;Banten;Ilmu Sosial dan Ilmu Politik;Antropologi;2023;Orang Tua;Aktif;3.11;6;Kos
MHS00896;Perempuan;22;Nusa Tenggara Timur;Ekonomi dan Bisnis;Akuntansi;2022;Pinjaman/Kredit Pendidikan;Aktif;3.01;8;Kos
MHS00897;Perempuan;19;Papua Tengah;Ilmu Budaya;Bahasa dan Sastra Indonesia;2025;Orang Tua;Aktif;2.83;2;Kos
MHS00898;Perempuan;21;Jawa Barat;Ilmu Sosial dan Ilmu Politik;Ilmu Komunikasi;2024;Orang Tua;Aktif;2.97;4;Kos
MHS00899;Perempuan;23;Jawa Barat;Psikologi;Psikologi;2022;Beasiswa;Cuti;2.63;8;Menumpang Saudara
MHS00900;Laki-laki;20;Bali;Ilmu Sosial dan Ilmu Politik;Antropologi;2024;Orang Tua;Aktif;3.35;4;Kos
MHS00901;Perempuan;21;Jawa Tengah;Kedokteran;Kedokteran;2024;Orang Tua;Aktif;2.93;4;Kos
MHS00902;Perempuan;20;Sulawesi Utara;Perikanan dan Kelautan;Teknologi Hasil Perikanan;2025;Orang Tua;Aktif;2.35;2;Kos
MHS00903;Perempuan;22;Jawa Timur;Psikologi;Psikologi;2022;Orang Tua;Non-Aktif/DO;3.21;4;Rumah Orang Tua
MHS00904;Laki-laki;21;Jawa Timur;Perikanan dan Kelautan;Akuakultur;2024;Kerja Sendiri (part-time);Aktif;3.02;4;Kos
MHS00905;Laki-laki;21;Jawa Timur;Ilmu Budaya;Ilmu Sejarah;2024;Orang Tua;Aktif;3.16;4;Kos
MHS00906;Laki-laki;21;Sulawesi Tengah;Ekonomi dan Bisnis;Ekonomi Islam;2024;Orang Tua;Aktif;2.87;4;Kos
MHS00907;Perempuan;25;Jawa Timur;Ilmu Sosial dan Ilmu Politik;Ilmu Komunikasi;2020;Orang Tua;Lulus;2.82;9;Kos
MHS00908;Perempuan;19;Kalimantan Barat;Sains dan Teknologi;Teknik Lingkungan;2025;Orang Tua;Aktif;2.23;2;Kos
MHS00909;Laki-laki;21;Jawa Timur;Teknologi Maju dan Multidisiplin;Teknik Elektro;2023;Beasiswa;Aktif;3.94;6;Rumah Orang Tua
MHS00910;Perempuan;22;Papua Tengah;Teknologi Maju dan Multidisiplin;Teknik Robotika dan Kecerdasan Buatan;2023;Beasiswa;Cuti;4.0;6;Kos
MHS00911;Perempuan;23;Jawa Timur;Ilmu Sosial dan Ilmu Politik;Ilmu Komunikasi;2022;Kerja Sendiri (part-time);Aktif;3.02;8;Kos
MHS00912;Laki-laki;23;Jawa Timur;Teknologi Maju dan Multidisiplin;Teknik Robotika dan Kecerdasan Buatan;2025;Orang Tua;Aktif;3.35;2;Rumah Orang Tua
MHS00913;Laki-laki;20;Nusa Tenggara Timur;Teknologi Maju dan Multidisiplin;Teknik Elektro;2024;Beasiswa;Aktif;2.79;4;Asrama
MHS00914;Perempuan;22;Jawa Timur;Sains dan Teknologi;Teknik Biomedis;2022;Orang Tua;Lulus;3.74;8;Kos
MHS00915;Perempuan;23;Jawa Timur;Ilmu Budaya;Ilmu Sejarah;2022;Beasiswa;Lulus;3.86;8;Rumah Orang Tua
MHS00916;Laki-laki;22;Jawa Timur;Ilmu Sosial dan Ilmu Politik;Sosiologi;2025;Orang Tua;Aktif;3.76;2;Rumah Orang Tua
MHS00917;Perempuan;20;Jawa Timur;FIKKIA Banyuwangi;Kesehatan Masyarakat (FIKKIA Banyuwangi);2025;Orang Tua;Aktif;3.64;2;Rumah Orang Tua
MHS00918;Perempuan;23;Aceh;Perikanan dan Kelautan;Teknologi Hasil Perikanan;2022;Orang Tua;Aktif;3.48;8;Asrama
MHS00919;Laki-laki;19;Jawa Tengah;Sains dan Teknologi;Statistika;2025;Orang Tua;Aktif;2.75;2;Kos
MHS00920;Perempuan;21;Nusa Tenggara Barat;Farmasi;Farmasi;2024;Orang Tua;Aktif;2.81;4;Asrama
MHS00921;Laki-laki;22;Jawa Timur;Kedokteran Gigi;Kedokteran Gigi;2022;Orang Tua;Aktif;3.59;8;Kos
MHS00922;Perempuan;25;Jawa Timur;Ekonomi dan Bisnis;Akuntansi;2023;Kerja Sendiri (part-time);Aktif;3.63;6;Rumah Orang Tua
MHS00923;Laki-laki;25;Kalimantan Tengah;Ekonomi dan Bisnis;Ilmu Ekonomi;2023;Orang Tua;Aktif;3.1;6;Kos
MHS00924;Perempuan;22;Kalimantan Selatan;Ilmu Sosial dan Ilmu Politik;Ilmu Politik;2023;Orang Tua;Aktif;2.83;6;Kos
MHS00925;Perempuan;21;Jawa Tengah;Sains dan Teknologi;Fisika;2024;Beasiswa;Cuti;3.47;4;Rumah Orang Tua
MHS00926;Perempuan;19;Jawa Barat;Ekonomi dan Bisnis;Ekonomi Islam;2025;Orang Tua;Aktif;2.84;2;Kos
MHS00927;Perempuan;25;Jawa Timur;Sains dan Teknologi;Teknik Lingkungan;2020;Kerja Sendiri (part-time);Non-Aktif/DO;2.45;5;Rumah Orang Tua
MHS00928;Laki-laki;21;Jawa Timur;Kedokteran Gigi;Kedokteran Gigi;2023;Orang Tua;Aktif;3.71;6;Rumah Orang Tua
MHS00929;Laki-laki;19;Jawa Timur;Sains dan Teknologi;Sistem Informasi;2025;Beasiswa;Aktif;2.25;2;Rumah Orang Tua
MHS00930;Perempuan;19;Jawa Timur;Kesehatan Masyarakat;Gizi;2025;Orang Tua;Aktif;2.5;2;Kos
MHS00931;Perempuan;20;Jawa Timur;Sains dan Teknologi;Statistika;2025;Orang Tua;Aktif;3.32;2;Kos
MHS00932;Perempuan;22;DKI Jakarta;Kedokteran Hewan;Kedokteran Hewan;2023;Pinjaman/Kredit Pendidikan;Cuti;3.12;6;Kos
MHS00933;Perempuan;21;Jawa Timur;Sains dan Teknologi;Teknik Lingkungan;2024;Beasiswa;Aktif;2.8;4;Kos
MHS00934;Laki-laki;21;Kalimantan Barat;Teknologi Maju dan Multidisiplin;Teknik Robotika dan Kecerdasan Buatan;2024;Beasiswa;Aktif;3.89;4;Kos
MHS00935;Perempuan;21;Jawa Timur;Sains dan Teknologi;Teknik Biomedis;2024;Beasiswa;Aktif;4.0;4;Kos
MHS00936;Perempuan;20;DKI Jakarta;FIKKIA Banyuwangi;Kedokteran Hewan (FIKKIA Banyuwangi);2025;Orang Tua;Aktif;2.65;2;Kos
MHS00937;Perempuan;23;Jawa Timur;Perikanan dan Kelautan;Akuakultur;2022;Orang Tua;Lulus;3.32;8;Rumah Orang Tua
MHS00938;Perempuan;24;DI Yogyakarta;Ilmu Sosial dan Ilmu Politik;Ilmu Komunikasi;2021;Beasiswa;Lulus;3.96;8;Asrama
MHS00939;Laki-laki;20;Jawa Timur;Ilmu Sosial dan Ilmu Politik;Ilmu Informasi dan Perpustakaan;2025;Orang Tua;Aktif;2.17;2;Menumpang Saudara
MHS00940;Perempuan;24;Jawa Timur;FIKKIA Banyuwangi;Kedokteran Hewan (FIKKIA Banyuwangi);2020;Orang Tua;Lulus;2.75;8;Rumah Orang Tua
MHS00941;Perempuan;21;Jawa Tengah;Perikanan dan Kelautan;Teknologi Hasil Perikanan;2023;Beasiswa;Aktif;3.35;6;Asrama
MHS00942;Laki-laki;22;Sulawesi Barat;Ilmu Budaya;Ilmu Sejarah;2023;Orang Tua;Aktif;3.57;6;Kos
MHS00943;Laki-laki;23;Jawa Barat;Kesehatan Masyarakat;Kesehatan Masyarakat;2021;Orang Tua;Lulus;3.57;9;Asrama
MHS00944;Perempuan;19;Jawa Timur;Kesehatan Masyarakat;Gizi;2025;Orang Tua;Aktif;2.97;2;Rumah Orang Tua
MHS00945;Perempuan;22;Jawa Timur;Kedokteran;Kebidanan;2023;Orang Tua;Aktif;3.39;6;Kos
MHS00946;Perempuan;23;Jawa Timur;FIKKIA Banyuwangi;Kesehatan Masyarakat (FIKKIA Banyuwangi);2022;Beasiswa;Aktif;3.61;8;Rumah Orang Tua
MHS00947;Laki-laki;22;Jawa Timur;Ekonomi dan Bisnis;Ekonomi Islam;2023;Orang Tua;Aktif;3.85;6;Rumah Orang Tua
MHS00948;Perempuan;19;Jawa Timur;Ilmu Budaya;Bahasa dan Sastra Indonesia;2025;Orang Tua;Aktif;2.61;2;Rumah Orang Tua
MHS00949;Perempuan;19;Sulawesi Utara;Ekonomi dan Bisnis;Ilmu Ekonomi;2025;Beasiswa;Aktif;2.81;2;Kos
MHS00950;Laki-laki;23;Jawa Timur;Teknologi Maju dan Multidisiplin;Teknik Elektro;2021;Orang Tua;Lulus;3.6;8;Kos
MHS00951;Laki-laki;20;Jawa Timur;Teknologi Maju dan Multidisiplin;Teknik Robotika dan Kecerdasan Buatan;2024;Orang Tua;Aktif;3.21;4;Rumah Orang Tua
MHS00952;Laki-laki;20;Jawa Timur;Sains dan Teknologi;Fisika;2024;Orang Tua;Aktif;2.53;4;Rumah Orang Tua
MHS00953;Laki-laki;20;Jawa Timur;Kedokteran Hewan;Kedokteran Hewan;2024;Orang Tua;Aktif;3.08;4;Kos
MHS00954;Perempuan;23;Jawa Timur;FIKKIA Banyuwangi;Kesehatan Masyarakat (FIKKIA Banyuwangi);2021;Orang Tua;Lulus;3.31;8;Menumpang Saudara
MHS00955;Laki-laki;21;Jawa Timur;Sains dan Teknologi;Matematika;2023;Orang Tua;Aktif;3.31;6;Rumah Orang Tua
MHS00956;Laki-laki;22;Jawa Timur;Hukum;Ilmu Hukum;2023;Orang Tua;Aktif;4.0;6;Rumah Orang Tua
MHS00957;Perempuan;22;Banten;Ilmu Budaya;Bahasa dan Sastra Inggris;2024;Beasiswa;Aktif;3.77;4;Menumpang Saudara
MHS00958;Perempuan;22;Maluku;Kedokteran Gigi;Kedokteran Gigi;2022;Orang Tua;Lulus;3.82;8;Kos
MHS00959;Laki-laki;21;Jawa Timur;Sains dan Teknologi;Kimia;2023;Kerja Sendiri (part-time);Aktif;2.96;6;Rumah Orang Tua
MHS00960;Laki-laki;20;Jawa Timur;Teknologi Maju dan Multidisiplin;Teknik Robotika dan Kecerdasan Buatan;2024;Orang Tua;Non-Aktif/DO;2.38;2;Rumah Orang Tua
MHS00961;Perempuan;22;Bali;Ilmu Sosial dan Ilmu Politik;Antropologi;2023;Orang Tua;Aktif;3.27;6;Kos
MHS00962;Laki-laki;27;Jawa Timur;Teknologi Maju dan Multidisiplin;Teknik Elektro;2021;Orang Tua;Lulus;3.21;8;Rumah Orang Tua
MHS00963;Perempuan;21;Jawa Timur;Ilmu Sosial dan Ilmu Politik;Administrasi Publik;2024;Orang Tua;Aktif;3.49;4;Kos
MHS00964;Laki-laki;22;Jawa Timur;Sains dan Teknologi;Teknik Lingkungan;2023;Orang Tua;Aktif;3.95;6;Rumah Orang Tua
MHS00965;Perempuan;23;Papua;Ekonomi dan Bisnis;Manajemen;2024;Orang Tua;Aktif;3.33;4;Asrama
MHS00966;Perempuan;21;DI Yogyakarta;Sains dan Teknologi;Fisika;2024;Orang Tua;Aktif;3.85;4;Asrama
MHS00967;Laki-laki;20;Jawa Timur;Teknologi Maju dan Multidisiplin;Teknik Robotika dan Kecerdasan Buatan;2025;Orang Tua;Aktif;3.7;2;Rumah Orang Tua
MHS00968;Laki-laki;25;Jawa Timur;FIKKIA Banyuwangi;Akuakultur (FIKKIA Banyuwangi);2019;Pinjaman/Kredit Pendidikan;Lulus;3.41;8;Rumah Orang Tua
MHS00969;Perempuan;22;Kalimantan Barat;Kedokteran Gigi;Kedokteran Gigi;2022;Beasiswa;Aktif;3.22;8;Asrama
MHS00970;Laki-laki;22;Jawa Timur;Ekonomi dan Bisnis;Akuntansi;2022;Orang Tua;Lulus;3.61;8;Asrama
MHS00971;Laki-laki;21;Jawa Timur;Ilmu Sosial dan Ilmu Politik;Sosiologi;2023;Orang Tua;Aktif;3.81;6;Rumah Orang Tua
MHS00972;Perempuan;19;Nusa Tenggara Timur;Ilmu Sosial dan Ilmu Politik;Antropologi;2025;Kerja Sendiri (part-time);Aktif;2.83;2;Menumpang Saudara
MHS00973;Laki-laki;20;Sumatera Utara;Perikanan dan Kelautan;Akuakultur;2024;Beasiswa;Aktif;3.37;4;Kos
MHS00974;Perempuan;21;Jawa Timur;Kesehatan Masyarakat;Gizi;2023;Orang Tua;Aktif;3.19;6;Rumah Orang Tua
MHS00975;Laki-laki;19;Jawa Timur;Ekonomi dan Bisnis;Ilmu Ekonomi;2025;Orang Tua;Aktif;3.98;2;Rumah Orang Tua
MHS00976;Perempuan;21;Jawa Timur;Ilmu Budaya;Bahasa dan Sastra Jepang;2024;Kerja Sendiri (part-time);Aktif;2.73;4;Kos
MHS00977;Laki-laki;23;Maluku;FIKKIA Banyuwangi;Kedokteran (FIKKIA Banyuwangi);2022;Orang Tua;Aktif;2.97;8;Asrama
MHS00978;Perempuan;21;Jawa Timur;Keperawatan;Keperawatan;2023;Orang Tua;Aktif;3.42;6;Rumah Orang Tua
MHS00979;Perempuan;23;Jawa Timur;Keperawatan;Keperawatan;2021;Orang Tua;Lulus;3.45;8;Kos
MHS00980;Perempuan;20;Jawa Barat;Farmasi;Farmasi;2024;Beasiswa;Aktif;3.42;4;Kos
MHS00981;Perempuan;19;Kalimantan Selatan;Ekonomi dan Bisnis;Ilmu Ekonomi;2025;Beasiswa;Aktif;3.81;2;Rumah Orang Tua
MHS00982;Perempuan;21;Jawa Tengah;Sains dan Teknologi;Kimia;2024;Orang Tua;Aktif;3.04;4;Kos
MHS00983;Laki-laki;22;Jawa Timur;Ekonomi dan Bisnis;Ekonomi Islam;2023;Kerja Sendiri (part-time);Aktif;3.66;6;Kos
MHS00984;Laki-laki;23;Jawa Timur;Ilmu Budaya;Bahasa dan Sastra Inggris;2021;Beasiswa;Lulus;3.76;8;Rumah Orang Tua
MHS00985;Laki-laki;21;Jawa Timur;Teknologi Maju dan Multidisiplin;Rekayasa Nanoteknologi;2023;Beasiswa;Aktif;2.64;6;Rumah Orang Tua
MHS00986;Laki-laki;20;Nusa Tenggara Timur;Ilmu Budaya;Ilmu Sejarah;2025;Orang Tua;Aktif;3.94;2;Kos
MHS00987;Laki-laki;20;Jawa Timur;Sains dan Teknologi;Sistem Informasi;2025;Orang Tua;Aktif;3.08;2;Menumpang Saudara
MHS00988;Laki-laki;20;Sulawesi Tengah;Teknologi Maju dan Multidisiplin;Teknik Elektro;2024;Beasiswa;Aktif;3.19;4;Asrama
MHS00989;Perempuan;21;Sulawesi Tenggara;Sains dan Teknologi;Statistika;2024;Orang Tua;Aktif;3.55;4;Asrama
MHS00990;Perempuan;23;Jawa Tengah;FIKKIA Banyuwangi;Kedokteran Hewan (FIKKIA Banyuwangi);2024;Orang Tua;Aktif;3.52;4;Kos
MHS00991;Laki-laki;21;Jawa Timur;Ilmu Sosial dan Ilmu Politik;Sosiologi;2024;Beasiswa;Aktif;3.14;4;Rumah Orang Tua
MHS00992;Laki-laki;21;Kalimantan Utara;Sains dan Teknologi;Sistem Informasi;2023;Beasiswa;Aktif;3.45;6;Asrama
MHS00993;Laki-laki;23;Nusa Tenggara Timur;Perikanan dan Kelautan;Teknologi Hasil Perikanan;2022;Kerja Sendiri (part-time);Aktif;3.34;8;Kos
MHS00994;Laki-laki;24;DI Yogyakarta;Perikanan dan Kelautan;Akuakultur;2021;Kerja Sendiri (part-time);Lulus;3.82;8;Asrama
MHS00995;Laki-laki;25;Jawa Timur;Perikanan dan Kelautan;Teknologi Hasil Perikanan;2019;Orang Tua;Lulus;3.51;8;Menumpang Saudara
MHS00996;Perempuan;21;Jawa Tengah;Ekonomi dan Bisnis;Manajemen;2023;Orang Tua;Cuti;3.28;6;Kos
MHS00997;Perempuan;24;Sumatera Utara;Ilmu Sosial dan Ilmu Politik;Sosiologi;2024;Orang Tua;Aktif;2.94;4;Kos
MHS00998;Perempuan;21;Jawa Timur;Sains dan Teknologi;Teknik Biomedis;2023;Pinjaman/Kredit Pendidikan;Aktif;3.22;6;Kos
MHS00999;Laki-laki;24;Jawa Timur;Ilmu Sosial dan Ilmu Politik;Ilmu Komunikasi;2021;Orang Tua;Lulus;4.0;8;Rumah Orang Tua
MHS01000;Perempuan;20;Jawa Timur;Psikologi;Psikologi;2024;Orang Tua;Aktif;3.35;4;Rumah Orang Tua
MHS01001;Perempuan;26;Nusa Tenggara Timur;FIKKIA Banyuwangi;Akuakultur (FIKKIA Banyuwangi);2020;Orang Tua;Lulus;3.01;10;Asrama
MHS01002;Laki-laki;23;Jawa Timur;Ilmu Budaya;Bahasa dan Sastra Indonesia;2022;Orang Tua;Lulus;3.66;8;Kos
MHS01003;Perempuan;24;DKI Jakarta;Ekonomi dan Bisnis;Ilmu Ekonomi;2022;Kerja Sendiri (part-time);Aktif;2.67;8;Kos
MHS01004;Perempuan;24;Jawa Timur;Kedokteran;Kebidanan;2021;Beasiswa;Lulus;3.95;8;Rumah Orang Tua
MHS01005;Perempuan;23;DKI Jakarta;Ekonomi dan Bisnis;Manajemen;2023;Orang Tua;Aktif;2.85;6;Asrama
MHS01006;Perempuan;20;Jawa Timur;Ilmu Budaya;Bahasa dan Sastra Jepang;2025;Orang Tua;Aktif;3.74;2;Menumpang Saudara
MHS01007;Perempuan;20;Sulawesi Barat;FIKKIA Banyuwangi;Kedokteran (FIKKIA Banyuwangi);2024;Orang Tua;Aktif;3.66;4;Kos
MHS01008;Laki-laki;19;Jawa Timur;Sains dan Teknologi;Fisika;2025;Beasiswa;Aktif;2.82;2;Asrama
MHS01009;Laki-laki;21;Sumatera Selatan;Ekonomi dan Bisnis;Manajemen;2024;Orang Tua;Aktif;2.47;4;Rumah Orang Tua
MHS01010;Perempuan;22;Jawa Timur;Ekonomi dan Bisnis;Ekonomi Islam;2022;Orang Tua;Lulus;3.22;8;Rumah Orang Tua
MHS01011;Perempuan;23;DKI Jakarta;Farmasi;Farmasi;2021;Beasiswa;Lulus;3.71;8;Kos
MHS01012;Perempuan;20;Jawa Timur;Ilmu Budaya;Bahasa dan Sastra Inggris;2024;Beasiswa;Aktif;3.01;4;Asrama
MHS01013;Laki-laki;20;Jawa Timur;FIKKIA Banyuwangi;Akuakultur (FIKKIA Banyuwangi);2025;Orang Tua;Aktif;4.0;2;Kos
MHS01014;Laki-laki;20;Kepulauan Riau;Ekonomi dan Bisnis;Akuntansi;2025;Orang Tua;Aktif;3.01;2;Kos
MHS01015;Perempuan;19;Jawa Timur;FIKKIA Banyuwangi;Akuakultur (FIKKIA Banyuwangi);2025;Orang Tua;Aktif;2.86;2;Rumah Orang Tua
MHS01016;Perempuan;20;Jawa Timur;Kesehatan Masyarakat;Gizi;2024;Orang Tua;Aktif;3.67;4;Rumah Orang Tua
MHS01017;Perempuan;22;Jawa Tengah;Ilmu Budaya;Bahasa dan Sastra Indonesia;2025;Beasiswa;Cuti;2.96;2;Rumah Orang Tua
MHS01018;Perempuan;22;Jawa Timur;Ekonomi dan Bisnis;Ekonomi Islam;2024;Beasiswa;Aktif;2.97;4;Asrama
MHS01019;Laki-laki;26;DKI Jakarta;Teknologi Maju dan Multidisiplin;Teknik Elektro;2019;Orang Tua;Lulus;2.75;9;Rumah Orang Tua
MHS01020;Perempuan;21;Sulawesi Tenggara;Kesehatan Masyarakat;Gizi;2024;Orang Tua;Aktif;3.59;4;Menumpang Saudara
MHS01021;Perempuan;26;Jawa Timur;FIKKIA Banyuwangi;Akuakultur (FIKKIA Banyuwangi);2019;Beasiswa;Lulus;3.84;9;Rumah Orang Tua
MHS01022;Laki-laki;22;Riau;Ilmu Sosial dan Ilmu Politik;Ilmu Hubungan Internasional;2022;Orang Tua;Lulus;3.56;8;Kos
MHS01023;Perempuan;20;Jawa Timur;Teknologi Maju dan Multidisiplin;Rekayasa Nanoteknologi;2025;Orang Tua;Aktif;3.05;2;Rumah Orang Tua
MHS01024;Laki-laki;20;Jawa Timur;Sains dan Teknologi;Statistika;2025;Kerja Sendiri (part-time);Aktif;3.9;2;Kos
MHS01025;Perempuan;21;Jawa Timur;Sains dan Teknologi;Sistem Informasi;2023;Orang Tua;Aktif;3.64;6;Kos
MHS01026;Perempuan;20;Jawa Timur;Farmasi;Farmasi;2024;Kerja Sendiri (part-time);Aktif;2.54;4;Menumpang Saudara
MHS01027;Perempuan;21;Jawa Tengah;Kesehatan Masyarakat;Kesehatan Masyarakat;2024;Pinjaman/Kredit Pendidikan;Aktif;3.08;4;Kos
MHS01028;Perempuan;19;Jawa Timur;Ilmu Sosial dan Ilmu Politik;Sosiologi;2025;Orang Tua;Aktif;2.22;2;Rumah Orang Tua
MHS01029;Perempuan;21;Papua Selatan;Sains dan Teknologi;Teknik Biomedis;2024;Orang Tua;Aktif;3.95;4;Kos
MHS01030;Laki-laki;20;DKI Jakarta;Sains dan Teknologi;Kimia;2024;Orang Tua;Aktif;2.38;4;Kos
MHS01031;Perempuan;21;Jawa Timur;Ilmu Sosial dan Ilmu Politik;Ilmu Politik;2023;Orang Tua;Cuti;3.75;6;Rumah Orang Tua
MHS01032;Perempuan;21;Jawa Tengah;Kedokteran;Kebidanan;2024;Beasiswa;Aktif;3.15;4;Kos
MHS01033;Laki-laki;22;Jawa Timur;Sains dan Teknologi;Sistem Informasi;2022;Beasiswa;Lulus;3.15;8;Asrama
MHS01034;Laki-laki;20;Jawa Barat;Sains dan Teknologi;Teknik Lingkungan;2025;Orang Tua;Aktif;3.83;2;Kos
MHS01035;Perempuan;21;Riau;Ilmu Budaya;Bahasa dan Sastra Jepang;2025;Orang Tua;Aktif;3.1;2;Kos
MHS01036;Laki-laki;21;Sumatera Utara;Kedokteran;Kedokteran;2024;Orang Tua;Aktif;3.17;4;Asrama
MHS01037;Perempuan;21;Jawa Timur;Kedokteran;Kedokteran;2024;Orang Tua;Aktif;2.91;4;Rumah Orang Tua
MHS01038;Perempuan;24;Jawa Timur;Kedokteran Gigi;Kedokteran Gigi;2020;Orang Tua;Lulus;3.14;11;Kos
MHS01039;Perempuan;23;Jawa Barat;Ekonomi dan Bisnis;Ilmu Ekonomi;2021;Orang Tua;Non-Aktif/DO;2.28;8;Kos
MHS01040;Laki-laki;20;Jawa Timur;Ilmu Budaya;Bahasa dan Sastra Jepang;2025;Beasiswa;Aktif;3.43;2;Rumah Orang Tua
MHS01041;Perempuan;19;Sulawesi Selatan;Kedokteran Hewan;Kedokteran Hewan;2025;Kerja Sendiri (part-time);Aktif;2.69;2;Kos
MHS01042;Laki-laki;23;Jawa Timur;Psikologi;Psikologi;2021;Beasiswa;Lulus;3.41;9;Rumah Orang Tua
MHS01043;Perempuan;23;Jawa Timur;Sains dan Teknologi;Fisika;2021;Orang Tua;Lulus;3.34;8;Kos
MHS01044;Perempuan;20;Bali;Kesehatan Masyarakat;Gizi;2025;Pinjaman/Kredit Pendidikan;Aktif;2.81;2;Menumpang Saudara
MHS01045;Perempuan;19;Kepulauan Bangka Belitung;Ilmu Budaya;Ilmu Sejarah;2025;Orang Tua;Aktif;3.48;2;Kos
MHS01046;Perempuan;22;Jawa Timur;Kedokteran;Kedokteran;2022;Kerja Sendiri (part-time);Lulus;3.6;8;Asrama
MHS01047;Perempuan;19;Jawa Timur;Ilmu Sosial dan Ilmu Politik;Ilmu Informasi dan Perpustakaan;2025;Kerja Sendiri (part-time);Aktif;2.7;2;Rumah Orang Tua
MHS01048;Laki-laki;19;Jawa Timur;Kesehatan Masyarakat;Kesehatan Masyarakat;2025;Orang Tua;Aktif;2.86;2;Rumah Orang Tua
MHS01049;Laki-laki;21;Kalimantan Utara;Hukum;Ilmu Hukum;2024;Orang Tua;Aktif;3.31;4;Kos
MHS01050;Laki-laki;20;Kalimantan Timur;Sains dan Teknologi;Sistem Informasi;2024;Kerja Sendiri (part-time);Aktif;3.39;4;Menumpang Saudara
MHS01051;Perempuan;22;Jawa Timur;Ilmu Sosial dan Ilmu Politik;Ilmu Komunikasi;2023;Orang Tua;Aktif;3.33;6;Kos
MHS01052;Perempuan;20;Jawa Timur;FIKKIA Banyuwangi;Kedokteran Hewan (FIKKIA Banyuwangi);2024;Kerja Sendiri (part-time);Non-Aktif/DO;1.87;2;Asrama
MHS01053;Laki-laki;20;Kalimantan Timur;Farmasi;Farmasi;2025;Orang Tua;Aktif;3.23;2;Kos
MHS01054;Perempuan;22;Jawa Timur;Hukum;Ilmu Hukum;2023;Beasiswa;Aktif;3.96;6;Rumah Orang Tua
MHS01055;Laki-laki;21;Jawa Timur;Teknologi Maju dan Multidisiplin;Teknik Elektro;2024;Beasiswa;Cuti;3.45;4;Kos
MHS01056;Laki-laki;19;Jawa Timur;Psikologi;Psikologi;2025;Beasiswa;Aktif;3.3;2;Menumpang Saudara
MHS01057;Perempuan;26;Jawa Barat;Farmasi;Farmasi;2019;Beasiswa;Lulus;3.74;8;Asrama
MHS01058;Laki-laki;22;Jawa Barat;Ilmu Sosial dan Ilmu Politik;Administrasi Publik;2022;Orang Tua;Lulus;2.74;8;Kos
MHS01059;Perempuan;25;Jawa Timur;Kedokteran Hewan;Kedokteran Hewan;2019;Orang Tua;Lulus;3.74;8;Rumah Orang Tua
MHS01060;Perempuan;22;Jawa Timur;Sains dan Teknologi;Fisika;2022;Orang Tua;Aktif;3.3;8;Kos
MHS01061;Perempuan;20;Sumatera Barat;Ilmu Sosial dan Ilmu Politik;Ilmu Informasi dan Perpustakaan;2024;Orang Tua;Aktif;3.67;4;Kos
MHS01062;Laki-laki;23;Sumatera Barat;Ekonomi dan Bisnis;Manajemen;2022;Orang Tua;Aktif;3.28;8;Kos
MHS01063;Laki-laki;25;DKI Jakarta;Sains dan Teknologi;Sistem Informasi;2019;Orang Tua;Lulus;3.85;9;Rumah Orang Tua
MHS01064;Perempuan;22;Sumatera Utara;FIKKIA Banyuwangi;Kedokteran Hewan (FIKKIA Banyuwangi);2023;Orang Tua;Aktif;3.51;6;Kos
MHS01065;Perempuan;21;Jawa Barat;Kesehatan Masyarakat;Kesehatan Masyarakat;2024;Pinjaman/Kredit Pendidikan;Aktif;2.96;4;Kos
MHS01066;Laki-laki;22;Sumatera Barat;Sains dan Teknologi;Statistika;2025;Orang Tua;Aktif;2.82;2;Kos
MHS01067;Perempuan;23;Jawa Timur;Ilmu Budaya;Ilmu Sejarah;2022;Beasiswa;Aktif;3.75;8;Rumah Orang Tua
MHS01068;Perempuan;20;Jawa Timur;Farmasi;Farmasi;2024;Beasiswa;Cuti;3.45;4;Rumah Orang Tua
MHS01069;Laki-laki;21;Jawa Timur;Hukum;Ilmu Hukum;2024;Kerja Sendiri (part-time);Aktif;2.61;4;Asrama
MHS01070;Laki-laki;22;Jawa Tengah;Kesehatan Masyarakat;Gizi;2023;Orang Tua;Aktif;3.21;6;Menumpang Saudara
MHS01071;Perempuan;22;Jawa Timur;Ilmu Budaya;Bahasa dan Sastra Jepang;2025;Orang Tua;Aktif;2.75;2;Rumah Orang Tua
MHS01072;Perempuan;24;Riau;Perikanan dan Kelautan;Akuakultur;2021;Kerja Sendiri (part-time);Lulus;2.7;9;Asrama
MHS01073;Perempuan;25;Jawa Timur;Sains dan Teknologi;Matematika;2020;Beasiswa;Lulus;3.22;9;Asrama
MHS01074;Perempuan;21;Sumatera Utara;Ekonomi dan Bisnis;Ekonomi Islam;2023;Orang Tua;Aktif;3.37;6;Asrama
MHS01075;Laki-laki;23;Jawa Timur;Kedokteran Gigi;Kedokteran Gigi;2022;Orang Tua;Lulus;3.79;8;Rumah Orang Tua
MHS01076;Perempuan;23;Jawa Timur;Psikologi;Psikologi;2025;Beasiswa;Cuti;2.83;2;Rumah Orang Tua
MHS01077;Laki-laki;21;Jawa Timur;Ekonomi dan Bisnis;Ekonomi Islam;2024;Orang Tua;Aktif;3.14;4;Kos
MHS01078;Laki-laki;20;Jawa Timur;Ekonomi dan Bisnis;Ilmu Ekonomi;2024;Orang Tua;Aktif;2.75;4;Kos
MHS01079;Perempuan;20;Jawa Timur;Ekonomi dan Bisnis;Manajemen;2025;Orang Tua;Aktif;3.39;2;Kos
MHS01080;Perempuan;22;Jawa Timur;FIKKIA Banyuwangi;Kedokteran Hewan (FIKKIA Banyuwangi);2022;Orang Tua;Lulus;3.71;8;Kos
MHS01081;Laki-laki;25;Maluku Utara;Ilmu Sosial dan Ilmu Politik;Antropologi;2021;Orang Tua;Lulus;3.83;8;Menumpang Saudara
MHS01082;Laki-laki;19;Jawa Timur;Ilmu Sosial dan Ilmu Politik;Antropologi;2025;Orang Tua;Aktif;3.24;2;Rumah Orang Tua
MHS01083;Perempuan;20;Jawa Timur;FIKKIA Banyuwangi;Akuakultur (FIKKIA Banyuwangi);2024;Orang Tua;Aktif;3.06;4;Kos
MHS01084;Perempuan;24;Jawa Timur;Ilmu Sosial dan Ilmu Politik;Ilmu Komunikasi;2021;Orang Tua;Aktif;2.89;10;Rumah Orang Tua
MHS01085;Perempuan;19;Jawa Timur;Ilmu Sosial dan Ilmu Politik;Ilmu Informasi dan Perpustakaan;2025;Kerja Sendiri (part-time);Aktif;3.32;2;Kos
MHS01086;Laki-laki;20;Jawa Tengah;Sains dan Teknologi;Statistika;2025;Beasiswa;Aktif;3.61;2;Kos
MHS01087;Perempuan;19;Jawa Timur;FIKKIA Banyuwangi;Kesehatan Masyarakat (FIKKIA Banyuwangi);2025;Beasiswa;Aktif;3.34;2;Rumah Orang Tua
MHS01088;Perempuan;20;Jawa Timur;Ekonomi dan Bisnis;Ekonomi Islam;2025;Beasiswa;Aktif;2.56;2;Rumah Orang Tua
MHS01089;Perempuan;19;Jawa Timur;FIKKIA Banyuwangi;Kedokteran (FIKKIA Banyuwangi);2025;Orang Tua;Aktif;3.74;2;Rumah Orang Tua
MHS01090;Laki-laki;20;Bali;Sains dan Teknologi;Statistika;2024;Orang Tua;Aktif;3.11;4;Kos
MHS01091;Laki-laki;22;Sulawesi Tengah;Kedokteran;Kedokteran;2022;Orang Tua;Aktif;3.14;8;Kos
MHS01092;Perempuan;22;Jawa Timur;Ilmu Budaya;Ilmu Sejarah;2022;Beasiswa;Non-Aktif/DO;2.23;2;Rumah Orang Tua
MHS01093;Perempuan;19;Jawa Timur;Ekonomi dan Bisnis;Manajemen;2025;Orang Tua;Aktif;3.04;2;Menumpang Saudara
MHS01094;Perempuan;22;Jawa Timur;Ilmu Sosial dan Ilmu Politik;Ilmu Hubungan Internasional;2023;Beasiswa;Aktif;3.11;6;Kos
MHS01095;Perempuan;21;Jawa Timur;Kesehatan Masyarakat;Gizi;2024;Orang Tua;Aktif;2.85;4;Rumah Orang Tua
MHS01096;Laki-laki;21;Jawa Timur;Ilmu Budaya;Bahasa dan Sastra Indonesia;2025;Beasiswa;Aktif;3.37;2;Kos
MHS01097;Laki-laki;23;Sumatera Selatan;Teknologi Maju dan Multidisiplin;Teknologi Sains Data;2021;Orang Tua;Lulus;2.86;9;Kos
MHS01098;Perempuan;20;Jawa Timur;Ilmu Budaya;Ilmu Sejarah;2025;Orang Tua;Aktif;3.04;2;Rumah Orang Tua
MHS01099;Perempuan;20;Sumatera Selatan;Ilmu Sosial dan Ilmu Politik;Ilmu Informasi dan Perpustakaan;2025;Orang Tua;Aktif;3.4;2;Asrama
MHS01100;Perempuan;20;Jawa Timur;Ekonomi dan Bisnis;Ilmu Ekonomi;2025;Orang Tua;Aktif;3.97;2;Kos
MHS01101;Perempuan;22;Jawa Timur;Teknologi Maju dan Multidisiplin;Teknologi Sains Data;2023;Beasiswa;Aktif;3.81;6;Rumah Orang Tua
MHS01102;Perempuan;21;Bali;FIKKIA Banyuwangi;Kesehatan Masyarakat (FIKKIA Banyuwangi);2023;Orang Tua;Cuti;3.48;6;Kos
MHS01103;Perempuan;22;Jawa Timur;FIKKIA Banyuwangi;Kesehatan Masyarakat (FIKKIA Banyuwangi);2023;Orang Tua;Aktif;3.01;6;Rumah Orang Tua
MHS01104;Laki-laki;22;Bengkulu;Teknologi Maju dan Multidisiplin;Teknologi Sains Data;2023;Beasiswa;Aktif;2.91;6;Menumpang Saudara
MHS01105;Perempuan;22;Bali;Ilmu Sosial dan Ilmu Politik;Ilmu Politik;2023;Beasiswa;Aktif;3.7;6;Asrama
MHS01106;Laki-laki;21;Jawa Tengah;FIKKIA Banyuwangi;Kedokteran Hewan (FIKKIA Banyuwangi);2023;Orang Tua;Aktif;3.47;6;Kos
MHS01107;Laki-laki;20;Jawa Timur;Kesehatan Masyarakat;Gizi;2025;Orang Tua;Aktif;3.44;2;Rumah Orang Tua
MHS01108;Perempuan;25;Jawa Timur;Ekonomi dan Bisnis;Ilmu Ekonomi;2019;Orang Tua;Lulus;3.55;8;Rumah Orang Tua
MHS01109;Laki-laki;21;Jawa Tengah;Ekonomi dan Bisnis;Ekonomi Islam;2024;Beasiswa;Non-Aktif/DO;2.26;4;Kos
MHS01110;Perempuan;22;Jawa Timur;FIKKIA Banyuwangi;Kedokteran (FIKKIA Banyuwangi);2023;Orang Tua;Aktif;3.52;6;Rumah Orang Tua
MHS01111;Laki-laki;20;Kepulauan Riau;Hukum;Ilmu Hukum;2025;Orang Tua;Aktif;3.07;2;Kos
MHS01112;Perempuan;21;Kepulauan Riau;Ilmu Sosial dan Ilmu Politik;Administrasi Publik;2024;Beasiswa;Aktif;2.77;4;Kos
MHS01113;Perempuan;21;Jawa Timur;Ilmu Budaya;Bahasa dan Sastra Indonesia;2023;Orang Tua;Aktif;3.5;6;Rumah Orang Tua
MHS01114;Laki-laki;20;Jawa Barat;Teknologi Maju dan Multidisiplin;Teknik Industri;2025;Orang Tua;Aktif;3.32;2;Kos
MHS01115;Laki-laki;24;DI Yogyakarta;Sains dan Teknologi;Teknik Lingkungan;2023;Beasiswa;Aktif;3.01;6;Rumah Orang Tua
MHS01116;Perempuan;24;Jawa Timur;Teknologi Maju dan Multidisiplin;Rekayasa Nanoteknologi;2020;Orang Tua;Lulus;3.81;8;Asrama
MHS01117;Perempuan;22;Jawa Timur;Ekonomi dan Bisnis;Akuntansi;2023;Orang Tua;Non-Aktif/DO;2.46;3;Rumah Orang Tua
MHS01118;Laki-laki;22;Jawa Timur;Kedokteran Gigi;Kedokteran Gigi;2022;Orang Tua;Aktif;3.13;8;Rumah Orang Tua
MHS01119;Perempuan;21;Jawa Timur;Kedokteran;Kebidanan;2024;Beasiswa;Non-Aktif/DO;2.33;2;Rumah Orang Tua
MHS01120;Laki-laki;21;DKI Jakarta;Perikanan dan Kelautan;Akuakultur;2023;Beasiswa;Aktif;2.83;6;Kos
MHS01121;Laki-laki;20;Jawa Barat;Kedokteran Gigi;Kedokteran Gigi;2025;Orang Tua;Aktif;3.78;2;Asrama
MHS01122;Laki-laki;21;Jawa Timur;Ekonomi dan Bisnis;Ekonomi Islam;2023;Orang Tua;Aktif;3.31;6;Kos
MHS01123;Perempuan;22;Kalimantan Utara;Sains dan Teknologi;Kimia;2023;Orang Tua;Non-Aktif/DO;2.22;2;Kos
MHS01124;Laki-laki;19;Jawa Timur;Ilmu Sosial dan Ilmu Politik;Ilmu Informasi dan Perpustakaan;2025;Pinjaman/Kredit Pendidikan;Aktif;2.78;2;Rumah Orang Tua
MHS01125;Perempuan;21;Jawa Timur;Perikanan dan Kelautan;Teknologi Hasil Perikanan;2024;Beasiswa;Aktif;3.53;4;Rumah Orang Tua
MHS01126;Laki-laki;25;Jawa Timur;Teknologi Maju dan Multidisiplin;Rekayasa Nanoteknologi;2023;Orang Tua;Aktif;4.0;6;Rumah Orang Tua
MHS01127;Laki-laki;24;Jawa Timur;Perikanan dan Kelautan;Teknologi Hasil Perikanan;2023;Beasiswa;Aktif;3.32;6;Rumah Orang Tua
MHS01128;Laki-laki;19;Kalimantan Utara;Teknologi Maju dan Multidisiplin;Teknik Elektro;2025;Orang Tua;Aktif;2.62;2;Menumpang Saudara
MHS01129;Perempuan;20;Jawa Barat;Ilmu Sosial dan Ilmu Politik;Ilmu Informasi dan Perpustakaan;2024;Beasiswa;Aktif;2.69;4;Asrama
MHS01130;Laki-laki;20;Jawa Timur;Teknologi Maju dan Multidisiplin;Teknik Industri;2025;Orang Tua;Aktif;3.38;2;Rumah Orang Tua
MHS01131;Perempuan;21;Aceh;Ilmu Sosial dan Ilmu Politik;Ilmu Politik;2023;Beasiswa;Aktif;3.17;6;Kos
MHS01132;Perempuan;20;Sulawesi Tenggara;Sains dan Teknologi;Teknik Biomedis;2024;Orang Tua;Aktif;3.61;4;Menumpang Saudara
MHS01133;Perempuan;25;Jawa Timur;FIKKIA Banyuwangi;Kedokteran (FIKKIA Banyuwangi);2020;Orang Tua;Lulus;3.82;10;Asrama
MHS01134;Perempuan;21;Nusa Tenggara Timur;Kedokteran Gigi;Kedokteran Gigi;2023;Orang Tua;Aktif;3.13;6;Kos
MHS01135;Perempuan;22;Papua;Kedokteran Hewan;Kedokteran Hewan;2025;Orang Tua;Aktif;3.08;2;Kos
MHS01136;Perempuan;20;Jawa Timur;Kesehatan Masyarakat;Gizi;2024;Orang Tua;Aktif;3.36;4;Rumah Orang Tua
MHS01137;Perempuan;22;Jawa Timur;Kesehatan Masyarakat;Kesehatan Masyarakat;2023;Orang Tua;Aktif;3.32;6;Rumah Orang Tua
MHS01138;Laki-laki;20;Jawa Barat;Ilmu Budaya;Bahasa dan Sastra Indonesia;2024;Orang Tua;Aktif;2.98;4;Kos
MHS01139;Perempuan;20;Jawa Timur;Ilmu Budaya;Bahasa dan Sastra Indonesia;2024;Orang Tua;Aktif;3.86;4;Menumpang Saudara
MHS01140;Laki-laki;21;Jawa Timur;Teknologi Maju dan Multidisiplin;Teknologi Sains Data;2024;Orang Tua;Cuti;3.12;4;Rumah Orang Tua
MHS01141;Perempuan;23;Jawa Timur;Farmasi;Farmasi;2022;Orang Tua;Aktif;3.4;8;Rumah Orang Tua
MHS01142;Laki-laki;23;Kalimantan Timur;Kesehatan Masyarakat;Kesehatan Masyarakat;2022;Orang Tua;Lulus;3.96;8;Asrama
MHS01143;Perempuan;25;Kepulauan Bangka Belitung;Kesehatan Masyarakat;Kesehatan Masyarakat;2020;Orang Tua;Lulus;3.51;9;Kos
MHS01144;Perempuan;23;Jawa Timur;Teknologi Maju dan Multidisiplin;Teknologi Sains Data;2022;Kerja Sendiri (part-time);Aktif;3.77;8;Rumah Orang Tua
MHS01145;Laki-laki;22;Banten;Teknologi Maju dan Multidisiplin;Teknik Robotika dan Kecerdasan Buatan;2023;Beasiswa;Aktif;3.67;6;Kos
MHS01146;Perempuan;21;DKI Jakarta;Farmasi;Farmasi;2023;Orang Tua;Aktif;3.53;6;Kos
MHS01147;Laki-laki;23;Jawa Timur;Kedokteran Hewan;Kedokteran Hewan;2022;Orang Tua;Aktif;2.7;8;Kos
MHS01148;Perempuan;19;Jawa Timur;Farmasi;Farmasi;2025;Kerja Sendiri (part-time);Aktif;3.57;2;Rumah Orang Tua
MHS01149;Perempuan;20;Jawa Timur;Ekonomi dan Bisnis;Ilmu Ekonomi;2024;Orang Tua;Aktif;3.29;4;Kos
MHS01150;Perempuan;21;DKI Jakarta;Sains dan Teknologi;Biologi;2023;Orang Tua;Aktif;3.61;6;Kos
MHS01151;Perempuan;22;Jawa Timur;Ekonomi dan Bisnis;Ilmu Ekonomi;2023;Orang Tua;Non-Aktif/DO;2.59;6;Kos
MHS01152;Laki-laki;20;Jawa Barat;Ilmu Sosial dan Ilmu Politik;Antropologi;2025;Kerja Sendiri (part-time);Aktif;3.34;2;Kos
MHS01153;Perempuan;21;DKI Jakarta;Farmasi;Farmasi;2024;Beasiswa;Aktif;3.45;4;Rumah Orang Tua
MHS01154;Perempuan;21;Papua;Psikologi;Psikologi;2023;Orang Tua;Aktif;2.89;6;Kos
MHS01155;Perempuan;20;Jawa Barat;Ekonomi dan Bisnis;Ekonomi Islam;2025;Orang Tua;Cuti;3.55;2;Kos
MHS01156;Perempuan;23;Jawa Timur;Ilmu Budaya;Bahasa dan Sastra Indonesia;2021;Orang Tua;Lulus;3.72;8;Rumah Orang Tua
MHS01157;Perempuan;23;Jawa Timur;Sains dan Teknologi;Teknik Biomedis;2023;Orang Tua;Aktif;3.32;6;Kos
MHS01158;Perempuan;23;Jawa Tengah;Ilmu Sosial dan Ilmu Politik;Ilmu Politik;2022;Beasiswa;Aktif;2.33;8;Menumpang Saudara
MHS01159;Perempuan;21;Jawa Timur;Hukum;Ilmu Hukum;2023;Beasiswa;Aktif;2.97;6;Asrama
MHS01160;Laki-laki;21;Jawa Timur;Perikanan dan Kelautan;Akuakultur;2025;Orang Tua;Aktif;2.68;2;Rumah Orang Tua
MHS01161;Perempuan;23;Jawa Timur;Kesehatan Masyarakat;Kesehatan Masyarakat;2022;Orang Tua;Aktif;3.56;8;Kos
MHS01162;Perempuan;21;Jawa Timur;Sains dan Teknologi;Statistika;2024;Orang Tua;Aktif;2.83;4;Kos
MHS01163;Laki-laki;21;Jawa Timur;Sains dan Teknologi;Kimia;2024;Orang Tua;Aktif;2.98;4;Menumpang Saudara
MHS01164;Laki-laki;23;Jawa Timur;Ilmu Budaya;Bahasa dan Sastra Inggris;2022;Beasiswa;Lulus;3.51;8;Rumah Orang Tua
MHS01165;Perempuan;22;Jawa Timur;Ilmu Budaya;Bahasa dan Sastra Jepang;2022;Orang Tua;Cuti;3.58;8;Kos
MHS01166;Laki-laki;26;Sulawesi Selatan;Teknologi Maju dan Multidisiplin;Teknik Elektro;2022;Orang Tua;Lulus;3.81;8;Kos
MHS01167;Laki-laki;24;Jawa Timur;Ilmu Sosial dan Ilmu Politik;Ilmu Komunikasi;2023;Orang Tua;Aktif;3.75;6;Rumah Orang Tua
MHS01168;Perempuan;26;Sulawesi Selatan;Ekonomi dan Bisnis;Ekonomi Islam;2021;Orang Tua;Lulus;3.85;8;Kos
MHS01169;Perempuan;20;Jawa Timur;Sains dan Teknologi;Teknik Biomedis;2025;Beasiswa;Cuti;2.45;2;Rumah Orang Tua
MHS01170;Laki-laki;22;Jawa Tengah;Teknologi Maju dan Multidisiplin;Teknik Industri;2023;Beasiswa;Aktif;3.31;6;Asrama
MHS01171;Perempuan;20;Jawa Timur;FIKKIA Banyuwangi;Kesehatan Masyarakat (FIKKIA Banyuwangi);2025;Orang Tua;Aktif;3.59;2;Kos
MHS01172;Laki-laki;19;Jawa Tengah;Ilmu Sosial dan Ilmu Politik;Administrasi Publik;2025;Orang Tua;Aktif;3.13;2;Kos
MHS01173;Laki-laki;19;Riau;Sains dan Teknologi;Statistika;2025;Beasiswa;Non-Aktif/DO;2.38;2;Kos
MHS01174;Perempuan;25;Jawa Timur;FIKKIA Banyuwangi;Akuakultur (FIKKIA Banyuwangi);2019;Orang Tua;Lulus;2.83;10;Rumah Orang Tua
MHS01175;Laki-laki;24;Jawa Barat;Ilmu Sosial dan Ilmu Politik;Administrasi Publik;2021;Orang Tua;Lulus;3.99;8;Asrama
MHS01176;Perempuan;22;Jawa Timur;Teknologi Maju dan Multidisiplin;Teknologi Sains Data;2023;Orang Tua;Aktif;3.47;6;Rumah Orang Tua
MHS01177;Laki-laki;22;Nusa Tenggara Barat;Sains dan Teknologi;Biologi;2022;Orang Tua;Aktif;3.38;8;Kos
MHS01178;Laki-laki;20;Jawa Timur;Ekonomi dan Bisnis;Manajemen;2024;Orang Tua;Aktif;3.49;4;Rumah Orang Tua
MHS01179;Laki-laki;22;Jawa Timur;Ilmu Sosial dan Ilmu Politik;Antropologi;2022;Orang Tua;Cuti;2.64;8;Rumah Orang Tua
MHS01180;Laki-laki;21;Jawa Timur;Ilmu Sosial dan Ilmu Politik;Ilmu Politik;2024;Beasiswa;Aktif;2.67;4;Kos
MHS01181;Laki-laki;22;Jawa Timur;Keperawatan;Keperawatan;2022;Beasiswa;Lulus;3.78;8;Rumah Orang Tua
MHS01182;Perempuan;21;Banten;Sains dan Teknologi;Fisika;2025;Orang Tua;Aktif;2.99;2;Kos
MHS01183;Laki-laki;21;Jawa Timur;Kedokteran Hewan;Kedokteran Hewan;2024;Beasiswa;Aktif;2.91;4;Rumah Orang Tua
MHS01184;Laki-laki;22;Jawa Timur;FIKKIA Banyuwangi;Kedokteran (FIKKIA Banyuwangi);2023;Orang Tua;Aktif;3.33;6;Asrama
MHS01185;Perempuan;20;Jawa Tengah;Ekonomi dan Bisnis;Akuntansi;2024;Beasiswa;Aktif;3.93;4;Kos
MHS01186;Perempuan;19;Jawa Timur;Farmasi;Farmasi;2025;Orang Tua;Aktif;3.44;2;Kos
MHS01187;Perempuan;20;Papua Barat;Teknologi Maju dan Multidisiplin;Teknik Industri;2025;Orang Tua;Aktif;2.77;2;Asrama
MHS01188;Laki-laki;25;Bali;Ekonomi dan Bisnis;Ekonomi Islam;2022;Orang Tua;Aktif;3.38;8;Kos
MHS01189;Perempuan;20;Jawa Barat;Sains dan Teknologi;Statistika;2024;Orang Tua;Aktif;3.87;4;Kos
MHS01190;Laki-laki;23;Jawa Timur;Keperawatan;Keperawatan;2024;Beasiswa;Aktif;3.71;4;Rumah Orang Tua
MHS01191;Perempuan;19;Jawa Timur;Sains dan Teknologi;Statistika;2025;Beasiswa;Aktif;2.5;2;Kos
MHS01192;Perempuan;22;Jawa Timur;Kedokteran Hewan;Kedokteran Hewan;2023;Orang Tua;Aktif;3.13;6;Menumpang Saudara
MHS01193;Perempuan;25;DKI Jakarta;FIKKIA Banyuwangi;Kesehatan Masyarakat (FIKKIA Banyuwangi);2019;Orang Tua;Lulus;2.84;9;Kos
MHS01194;Laki-laki;21;Jawa Timur;Perikanan dan Kelautan;Teknologi Hasil Perikanan;2023;Orang Tua;Aktif;3.75;6;Rumah Orang Tua
MHS01195;Perempuan;22;Jawa Timur;Ilmu Budaya;Bahasa dan Sastra Inggris;2023;Beasiswa;Aktif;3.4;6;Kos
MHS01196;Perempuan;23;Nusa Tenggara Timur;Ilmu Budaya;Bahasa dan Sastra Inggris;2022;Beasiswa;Non-Aktif/DO;1.69;2;Asrama
MHS01197;Perempuan;20;Jawa Timur;Kesehatan Masyarakat;Gizi;2025;Orang Tua;Aktif;3.29;2;Kos
MHS01198;Perempuan;24;Jawa Timur;Ilmu Sosial dan Ilmu Politik;Ilmu Politik;2020;Orang Tua;Lulus;3.36;9;Rumah Orang Tua
MHS01199;Perempuan;20;Jawa Timur;Ekonomi dan Bisnis;Manajemen;2024;Orang Tua;Aktif;2.95;4;Kos
MHS01200;Laki-laki;22;Jawa Timur;Ilmu Sosial dan Ilmu Politik;Sosiologi;2022;Orang Tua;Lulus;3.5;8;Rumah Orang Tua
MHS01201;Laki-laki;20;Jawa Timur;Sains dan Teknologi;Fisika;2024;Pinjaman/Kredit Pendidikan;Aktif;2.46;4;Rumah Orang Tua
MHS01202;Laki-laki;26;Jawa Timur;Ilmu Sosial dan Ilmu Politik;Ilmu Politik;2019;Kerja Sendiri (part-time);Lulus;3.57;8;Rumah Orang Tua
MHS01203;Perempuan;22;Maluku;Ilmu Sosial dan Ilmu Politik;Ilmu Politik;2023;Orang Tua;Aktif;3.28;6;Kos
MHS01204;Perempuan;21;Jawa Barat;Kedokteran Gigi;Kedokteran Gigi;2024;Orang Tua;Aktif;3.78;4;Kos
MHS01205;Laki-laki;21;Jawa Timur;Ilmu Sosial dan Ilmu Politik;Ilmu Komunikasi;2023;Orang Tua;Aktif;3.54;6;Rumah Orang Tua
MHS01206;Perempuan;19;Jawa Barat;Sains dan Teknologi;Biologi;2025;Beasiswa;Aktif;3.06;2;Kos
MHS01207;Perempuan;21;Jawa Timur;Farmasi;Farmasi;2024;Orang Tua;Non-Aktif/DO;1.97;2;Rumah Orang Tua
MHS01208;Perempuan;20;Banten;FIKKIA Banyuwangi;Kedokteran (FIKKIA Banyuwangi);2024;Orang Tua;Aktif;3.12;4;Kos
MHS01209;Perempuan;24;Jawa Timur;Sains dan Teknologi;Sistem Informasi;2021;Orang Tua;Lulus;3.27;8;Rumah Orang Tua
MHS01210;Laki-laki;22;Jawa Barat;Ilmu Sosial dan Ilmu Politik;Administrasi Publik;2022;Kerja Sendiri (part-time);Lulus;3.88;8;Menumpang Saudara
MHS01211;Laki-laki;19;Sulawesi Utara;Kedokteran Gigi;Kedokteran Gigi;2025;Orang Tua;Aktif;2.88;2;Kos
MHS01212;Perempuan;20;Papua Selatan;Ilmu Sosial dan Ilmu Politik;Ilmu Komunikasi;2024;Kerja Sendiri (part-time);Aktif;2.78;4;Kos
MHS01213;Laki-laki;19;Jawa Timur;Teknologi Maju dan Multidisiplin;Teknik Elektro;2025;Kerja Sendiri (part-time);Aktif;2.63;2;Asrama
MHS01214;Laki-laki;21;Jawa Timur;Hukum;Ilmu Hukum;2024;Orang Tua;Aktif;3.77;4;Asrama
MHS01215;Perempuan;23;Jawa Timur;Kedokteran Gigi;Kedokteran Gigi;2022;Orang Tua;Lulus;3.42;8;Menumpang Saudara
MHS01216;Laki-laki;23;Jawa Timur;Keperawatan;Keperawatan;2021;Kerja Sendiri (part-time);Aktif;2.8;10;Rumah Orang Tua
MHS01217;Perempuan;21;Jawa Timur;Sains dan Teknologi;Fisika;2024;Orang Tua;Aktif;3.72;4;Rumah Orang Tua
MHS01218;Perempuan;21;Jawa Timur;Sains dan Teknologi;Biologi;2025;Orang Tua;Aktif;3.16;2;Asrama
MHS01219;Perempuan;22;Kalimantan Timur;Farmasi;Farmasi;2023;Kerja Sendiri (part-time);Cuti;3.11;6;Asrama
MHS01220;Perempuan;19;Jawa Timur;Perikanan dan Kelautan;Teknologi Hasil Perikanan;2025;Orang Tua;Aktif;3.91;2;Kos
MHS01221;Laki-laki;19;Jawa Timur;Ilmu Sosial dan Ilmu Politik;Ilmu Informasi dan Perpustakaan;2025;Beasiswa;Aktif;2.58;2;Kos
MHS01222;Laki-laki;20;Sumatera Barat;Ilmu Sosial dan Ilmu Politik;Ilmu Hubungan Internasional;2024;Orang Tua;Aktif;3.08;4;Kos
MHS01223;Perempuan;21;Bali;Sains dan Teknologi;Sistem Informasi;2024;Beasiswa;Aktif;2.86;4;Kos
MHS01224;Perempuan;20;Jawa Timur;Ekonomi dan Bisnis;Akuntansi;2025;Beasiswa;Aktif;2.95;2;Rumah Orang Tua
MHS01225;Laki-laki;22;Jawa Timur;FIKKIA Banyuwangi;Kesehatan Masyarakat (FIKKIA Banyuwangi);2023;Kerja Sendiri (part-time);Aktif;3.49;6;Rumah Orang Tua
MHS01226;Perempuan;23;Jawa Timur;Hukum;Ilmu Hukum;2022;Beasiswa;Lulus;3.93;8;Rumah Orang Tua
MHS01227;Laki-laki;20;DI Yogyakarta;Teknologi Maju dan Multidisiplin;Rekayasa Nanoteknologi;2024;Orang Tua;Aktif;3.21;4;Asrama
MHS01228;Perempuan;20;Jawa Timur;Ekonomi dan Bisnis;Ekonomi Islam;2024;Orang Tua;Aktif;3.49;4;Rumah Orang Tua
MHS01229;Perempuan;21;Bali;FIKKIA Banyuwangi;Akuakultur (FIKKIA Banyuwangi);2023;Orang Tua;Aktif;3.37;6;Rumah Orang Tua
MHS01230;Laki-laki;23;Jawa Timur;Teknologi Maju dan Multidisiplin;Teknik Elektro;2021;Orang Tua;Lulus;3.99;8;Kos
MHS01231;Perempuan;21;Jawa Timur;Teknologi Maju dan Multidisiplin;Teknologi Sains Data;2024;Orang Tua;Aktif;3.03;4;Kos
MHS01232;Perempuan;19;Sulawesi Tengah;FIKKIA Banyuwangi;Kedokteran Hewan (FIKKIA Banyuwangi);2025;Orang Tua;Aktif;2.31;2;Asrama
MHS01233;Perempuan;19;Jawa Timur;Psikologi;Psikologi;2025;Kerja Sendiri (part-time);Aktif;2.97;2;Kos
MHS01234;Perempuan;21;Nusa Tenggara Barat;Keperawatan;Keperawatan;2024;Orang Tua;Aktif;2.89;4;Kos
MHS01235;Perempuan;26;Jawa Timur;Teknologi Maju dan Multidisiplin;Rekayasa Nanoteknologi;2019;Orang Tua;Lulus;3.41;9;Asrama
MHS01236;Laki-laki;24;Jawa Timur;Ilmu Budaya;Bahasa dan Sastra Inggris;2023;Orang Tua;Aktif;2.53;6;Rumah Orang Tua
MHS01237;Laki-laki;19;Jawa Timur;Kedokteran;Kedokteran;2025;Orang Tua;Aktif;2.51;2;Kos
MHS01238;Laki-laki;19;Jawa Timur;Sains dan Teknologi;Sistem Informasi;2025;Kerja Sendiri (part-time);Aktif;1.67;2;Rumah Orang Tua
MHS01239;Perempuan;20;Jawa Timur;Ekonomi dan Bisnis;Ilmu Ekonomi;2024;Orang Tua;Cuti;3.07;4;Rumah Orang Tua
MHS01240;Perempuan;22;Jawa Timur;Hukum;Ilmu Hukum;2025;Orang Tua;Aktif;2.56;2;Rumah Orang Tua
MHS01241;Laki-laki;19;Bali;Ekonomi dan Bisnis;Ekonomi Islam;2025;Orang Tua;Aktif;3.25;2;Kos
MHS01242;Laki-laki;19;Sumatera Utara;Ekonomi dan Bisnis;Ekonomi Islam;2025;Orang Tua;Aktif;3.43;2;Kos
MHS01243;Perempuan;22;Kalimantan Timur;Ekonomi dan Bisnis;Ilmu Ekonomi;2023;Beasiswa;Aktif;3.07;6;Asrama
MHS01244;Perempuan;19;Jawa Timur;Teknologi Maju dan Multidisiplin;Teknik Industri;2025;Kerja Sendiri (part-time);Aktif;2.9;2;Asrama
MHS01245;Perempuan;20;Kalimantan Barat;Ilmu Sosial dan Ilmu Politik;Ilmu Informasi dan Perpustakaan;2025;Beasiswa;Aktif;3.29;2;Asrama
MHS01246;Laki-laki;25;Kalimantan Timur;Ilmu Budaya;Ilmu Sejarah;2022;Orang Tua;Lulus;3.17;8;Asrama
MHS01247;Perempuan;23;Jawa Timur;Ekonomi dan Bisnis;Manajemen;2022;Beasiswa;Aktif;3.83;8;Rumah Orang Tua
MHS01248;Perempuan;20;Jawa Timur;Kesehatan Masyarakat;Gizi;2025;Orang Tua;Aktif;3.63;2;Kos
MHS01249;Laki-laki;19;Jawa Timur;Sains dan Teknologi;Kimia;2025;Orang Tua;Aktif;3.21;2;Menumpang Saudara
MHS01250;Perempuan;21;Banten;Kedokteran;Kebidanan;2024;Orang Tua;Aktif;2.39;4;Kos
MHS01251;Laki-laki;22;Jawa Timur;Ilmu Sosial dan Ilmu Politik;Ilmu Komunikasi;2023;Orang Tua;Aktif;3.71;6;Kos
MHS01252;Laki-laki;22;Jawa Timur;Sains dan Teknologi;Fisika;2024;Orang Tua;Aktif;3.09;4;Kos
MHS01253;Laki-laki;22;Aceh;Ekonomi dan Bisnis;Ilmu Ekonomi;2023;Orang Tua;Aktif;2.71;6;Kos
MHS01254;Perempuan;22;Jawa Tengah;Ekonomi dan Bisnis;Ekonomi Islam;2023;Orang Tua;Aktif;3.8;6;Rumah Orang Tua
MHS01255;Perempuan;21;Jawa Timur;FIKKIA Banyuwangi;Kesehatan Masyarakat (FIKKIA Banyuwangi);2024;Orang Tua;Aktif;3.3;4;Rumah Orang Tua
MHS01256;Laki-laki;24;Sumatera Selatan;Sains dan Teknologi;Sistem Informasi;2024;Orang Tua;Aktif;3.36;4;Kos
MHS01257;Perempuan;24;Jawa Timur;Teknologi Maju dan Multidisiplin;Teknik Industri;2024;Orang Tua;Aktif;3.63;4;Rumah Orang Tua
MHS01258;Perempuan;23;Jawa Timur;Kedokteran;Kedokteran;2023;Orang Tua;Aktif;3.12;6;Rumah Orang Tua
MHS01259;Perempuan;21;Jawa Timur;Sains dan Teknologi;Teknik Biomedis;2024;Orang Tua;Aktif;3.47;4;Kos
MHS01260;Laki-laki;20;Jawa Timur;Ilmu Sosial dan Ilmu Politik;Ilmu Informasi dan Perpustakaan;2024;Orang Tua;Aktif;3.22;4;Rumah Orang Tua
MHS01261;Perempuan;22;Papua;Ilmu Sosial dan Ilmu Politik;Ilmu Informasi dan Perpustakaan;2023;Beasiswa;Aktif;3.79;6;Kos
MHS01262;Laki-laki;20;Jawa Barat;Sains dan Teknologi;Biologi;2024;Orang Tua;Aktif;3.03;4;Asrama
MHS01263;Laki-laki;24;Jawa Timur;Ilmu Budaya;Ilmu Sejarah;2021;Orang Tua;Lulus;3.43;10;Rumah Orang Tua
MHS01264;Laki-laki;22;Jawa Timur;FIKKIA Banyuwangi;Akuakultur (FIKKIA Banyuwangi);2024;Orang Tua;Aktif;3.41;4;Rumah Orang Tua
MHS01265;Perempuan;20;Jawa Timur;Ekonomi dan Bisnis;Ilmu Ekonomi;2025;Pinjaman/Kredit Pendidikan;Aktif;2.9;2;Rumah Orang Tua
MHS01266;Perempuan;22;Jawa Timur;FIKKIA Banyuwangi;Akuakultur (FIKKIA Banyuwangi);2023;Kerja Sendiri (part-time);Non-Aktif/DO;3.02;3;Rumah Orang Tua
MHS01267;Laki-laki;20;Sumatera Utara;Ekonomi dan Bisnis;Akuntansi;2025;Beasiswa;Aktif;2.73;2;Kos
MHS01268;Perempuan;20;Jawa Timur;Ekonomi dan Bisnis;Manajemen;2024;Orang Tua;Cuti;3.03;4;Kos
MHS01269;Laki-laki;20;Sumatera Utara;Sains dan Teknologi;Sistem Informasi;2024;Orang Tua;Aktif;3.54;4;Rumah Orang Tua
MHS01270;Laki-laki;20;Jawa Timur;Ilmu Budaya;Ilmu Sejarah;2024;Beasiswa;Aktif;3.54;4;Rumah Orang Tua
MHS01271;Laki-laki;20;Jawa Tengah;Farmasi;Farmasi;2024;Beasiswa;Aktif;2.74;4;Kos
MHS01272;Perempuan;23;Jawa Timur;Ilmu Sosial dan Ilmu Politik;Administrasi Publik;2022;Orang Tua;Aktif;2.34;8;Kos
MHS01273;Perempuan;21;Jawa Timur;Ilmu Sosial dan Ilmu Politik;Administrasi Publik;2024;Beasiswa;Aktif;3.46;4;Rumah Orang Tua
MHS01274;Laki-laki;23;Jawa Timur;Sains dan Teknologi;Teknik Biomedis;2022;Orang Tua;Lulus;3.57;8;Rumah Orang Tua
MHS01275;Laki-laki;23;Kalimantan Tengah;Sains dan Teknologi;Kimia;2023;Beasiswa;Non-Aktif/DO;2.26;3;Kos
MHS01276;Perempuan;22;DKI Jakarta;Ilmu Sosial dan Ilmu Politik;Ilmu Politik;2024;Orang Tua;Aktif;3.25;4;Rumah Orang Tua
MHS01277;Perempuan;20;Jawa Timur;Teknologi Maju dan Multidisiplin;Rekayasa Nanoteknologi;2025;Orang Tua;Aktif;3.37;2;Rumah Orang Tua
MHS01278;Laki-laki;21;Jawa Timur;Teknologi Maju dan Multidisiplin;Teknik Robotika dan Kecerdasan Buatan;2023;Kerja Sendiri (part-time);Non-Aktif/DO;2.63;2;Rumah Orang Tua
MHS01279;Perempuan;22;Jawa Timur;Sains dan Teknologi;Teknik Lingkungan;2024;Orang Tua;Non-Aktif/DO;2.07;2;Rumah Orang Tua
MHS01280;Perempuan;21;Jawa Tengah;Perikanan dan Kelautan;Teknologi Hasil Perikanan;2024;Kerja Sendiri (part-time);Aktif;2.72;4;Kos
MHS01281;Perempuan;19;Sulawesi Tenggara;Teknologi Maju dan Multidisiplin;Teknik Industri;2025;Orang Tua;Aktif;2.95;2;Menumpang Saudara
MHS01282;Laki-laki;22;Jawa Tengah;Ekonomi dan Bisnis;Ilmu Ekonomi;2023;Beasiswa;Aktif;3.44;6;Asrama
MHS01283;Laki-laki;22;Bali;Teknologi Maju dan Multidisiplin;Rekayasa Nanoteknologi;2023;Beasiswa;Aktif;3.3;6;Rumah Orang Tua
MHS01284;Laki-laki;19;Jawa Timur;Teknologi Maju dan Multidisiplin;Rekayasa Nanoteknologi;2025;Beasiswa;Aktif;2.47;2;Asrama
MHS01285;Perempuan;21;Nusa Tenggara Barat;Sains dan Teknologi;Sistem Informasi;2024;Orang Tua;Aktif;3.74;4;Menumpang Saudara
MHS01286;Laki-laki;24;Jawa Timur;FIKKIA Banyuwangi;Akuakultur (FIKKIA Banyuwangi);2021;Orang Tua;Lulus;2.82;8;Rumah Orang Tua
MHS01287;Laki-laki;21;DKI Jakarta;FIKKIA Banyuwangi;Kesehatan Masyarakat (FIKKIA Banyuwangi);2023;Beasiswa;Aktif;3.58;6;Menumpang Saudara
MHS01288;Laki-laki;24;Jawa Timur;Ilmu Sosial dan Ilmu Politik;Sosiologi;2020;Orang Tua;Lulus;2.87;9;Kos
MHS01289;Perempuan;19;DKI Jakarta;Ekonomi dan Bisnis;Akuntansi;2025;Orang Tua;Aktif;2.92;2;Rumah Orang Tua
MHS01290;Laki-laki;20;Jawa Timur;Sains dan Teknologi;Teknik Biomedis;2025;Beasiswa;Aktif;2.97;2;Rumah Orang Tua
MHS01291;Laki-laki;23;Jawa Timur;Ilmu Budaya;Bahasa dan Sastra Jepang;2022;Orang Tua;Aktif;3.16;8;Kos
MHS01292;Perempuan;21;Jawa Timur;Sains dan Teknologi;Kimia;2023;Orang Tua;Aktif;3.41;6;Kos
MHS01293;Perempuan;25;Jawa Timur;FIKKIA Banyuwangi;Kedokteran (FIKKIA Banyuwangi);2020;Beasiswa;Non-Aktif/DO;2.27;3;Rumah Orang Tua
MHS01294;Perempuan;22;Jawa Timur;Ilmu Sosial dan Ilmu Politik;Administrasi Publik;2023;Orang Tua;Aktif;3.53;6;Rumah Orang Tua
MHS01295;Laki-laki;19;Jawa Tengah;FIKKIA Banyuwangi;Kedokteran Hewan (FIKKIA Banyuwangi);2025;Orang Tua;Aktif;2.69;2;Kos
MHS01296;Laki-laki;22;Jawa Tengah;Sains dan Teknologi;Sistem Informasi;2023;Kerja Sendiri (part-time);Non-Aktif/DO;2.49;2;Asrama
MHS01297;Perempuan;20;Jawa Timur;Ilmu Budaya;Bahasa dan Sastra Indonesia;2024;Beasiswa;Aktif;3.52;4;Asrama
MHS01298;Perempuan;21;Nusa Tenggara Barat;Sains dan Teknologi;Fisika;2023;Orang Tua;Aktif;3.72;6;Kos
MHS01299;Laki-laki;20;Jawa Barat;Ilmu Budaya;Bahasa dan Sastra Inggris;2024;Orang Tua;Cuti;3.1;4;Kos
MHS01300;Laki-laki;19;Sulawesi Utara;Teknologi Maju dan Multidisiplin;Teknologi Sains Data;2025;Beasiswa;Aktif;3.23;2;Menumpang Saudara
MHS01301;Laki-laki;21;Aceh;Sains dan Teknologi;Statistika;2024;Orang Tua;Aktif;2.47;4;Asrama
MHS01302;Perempuan;21;Sulawesi Tenggara;Sains dan Teknologi;Teknik Biomedis;2023;Orang Tua;Aktif;3.38;6;Kos
MHS01303;Perempuan;20;Kalimantan Tengah;Teknologi Maju dan Multidisiplin;Teknik Robotika dan Kecerdasan Buatan;2024;Orang Tua;Aktif;3.62;4;Asrama
MHS01304;Perempuan;23;Kalimantan Selatan;Ilmu Budaya;Bahasa dan Sastra Indonesia;2023;Orang Tua;Cuti;3.41;6;Asrama
MHS01305;Perempuan;20;Papua;FIKKIA Banyuwangi;Kedokteran (FIKKIA Banyuwangi);2025;Orang Tua;Aktif;3.39;2;Asrama
MHS01306;Perempuan;21;Sulawesi Utara;Ilmu Sosial dan Ilmu Politik;Ilmu Komunikasi;2023;Orang Tua;Aktif;3.04;6;Rumah Orang Tua
MHS01307;Laki-laki;20;Jawa Timur;Kesehatan Masyarakat;Kesehatan Masyarakat;2025;Beasiswa;Aktif;2.61;2;Rumah Orang Tua
MHS01308;Perempuan;20;Jawa Timur;Sains dan Teknologi;Fisika;2024;Beasiswa;Aktif;2.78;4;Rumah Orang Tua
MHS01309;Perempuan;24;Sulawesi Selatan;Hukum;Ilmu Hukum;2021;Pinjaman/Kredit Pendidikan;Lulus;2.99;8;Asrama
MHS01310;Perempuan;22;Jawa Timur;Sains dan Teknologi;Teknik Lingkungan;2022;Orang Tua;Aktif;2.75;8;Rumah Orang Tua
MHS01311;Perempuan;20;Aceh;Ilmu Budaya;Bahasa dan Sastra Indonesia;2024;Beasiswa;Cuti;2.68;4;Asrama
MHS01312;Laki-laki;21;Papua Pegunungan;Ekonomi dan Bisnis;Ilmu Ekonomi;2023;Orang Tua;Aktif;3.16;6;Kos
MHS01313;Perempuan;22;Jawa Tengah;Ilmu Sosial dan Ilmu Politik;Ilmu Komunikasi;2025;Beasiswa;Aktif;2.27;2;Kos
MHS01314;Perempuan;22;Jawa Timur;Ilmu Budaya;Bahasa dan Sastra Inggris;2022;Orang Tua;Lulus;3.31;8;Menumpang Saudara
MHS01315;Perempuan;19;Jawa Barat;Ekonomi dan Bisnis;Manajemen;2025;Pinjaman/Kredit Pendidikan;Aktif;3.31;2;Asrama
MHS01316;Perempuan;23;Riau;Perikanan dan Kelautan;Akuakultur;2022;Pinjaman/Kredit Pendidikan;Aktif;3.15;8;Kos
MHS01317;Perempuan;21;Jawa Timur;FIKKIA Banyuwangi;Kedokteran (FIKKIA Banyuwangi);2023;Beasiswa;Aktif;3.31;6;Rumah Orang Tua
MHS01318;Laki-laki;21;Kepulauan Riau;Ekonomi dan Bisnis;Akuntansi;2024;Beasiswa;Aktif;3.88;4;Kos
MHS01319;Perempuan;22;DKI Jakarta;Ekonomi dan Bisnis;Ekonomi Islam;2024;Orang Tua;Aktif;2.95;4;Rumah Orang Tua
MHS01320;Perempuan;20;Kalimantan Utara;Sains dan Teknologi;Fisika;2025;Beasiswa;Aktif;3.56;2;Kos
MHS01321;Perempuan;20;Jawa Timur;Sains dan Teknologi;Teknik Biomedis;2025;Orang Tua;Aktif;3.21;2;Kos
MHS01322;Perempuan;22;Kalimantan Barat;Sains dan Teknologi;Matematika;2023;Orang Tua;Aktif;3.59;6;Asrama
MHS01323;Perempuan;19;Jawa Timur;Ilmu Budaya;Bahasa dan Sastra Indonesia;2025;Beasiswa;Aktif;3.14;2;Rumah Orang Tua
MHS01324;Perempuan;22;DI Yogyakarta;Kedokteran;Kedokteran;2022;Beasiswa;Lulus;2.79;8;Kos
MHS01325;Laki-laki;19;Sulawesi Selatan;Ilmu Sosial dan Ilmu Politik;Administrasi Publik;2025;Orang Tua;Aktif;2.2;2;Kos
MHS01326;Perempuan;22;Jawa Timur;Ilmu Budaya;Ilmu Sejarah;2023;Orang Tua;Aktif;3.53;6;Kos
MHS01327;Laki-laki;21;Jawa Timur;Ilmu Sosial dan Ilmu Politik;Sosiologi;2024;Orang Tua;Aktif;3.53;4;Kos
MHS01328;Laki-laki;19;Gorontalo;Ekonomi dan Bisnis;Ekonomi Islam;2025;Orang Tua;Aktif;3.09;2;Asrama
MHS01329;Perempuan;21;Jawa Timur;Kesehatan Masyarakat;Gizi;2024;Orang Tua;Aktif;3.18;4;Rumah Orang Tua
MHS01330;Perempuan;20;Jawa Timur;Ilmu Budaya;Bahasa dan Sastra Indonesia;2025;Orang Tua;Aktif;3.69;2;Kos
MHS01331;Perempuan;20;Kalimantan Tengah;Perikanan dan Kelautan;Akuakultur;2024;Orang Tua;Aktif;3.15;4;Kos
MHS01332;Perempuan;22;Sumatera Selatan;Sains dan Teknologi;Teknik Biomedis;2022;Beasiswa;Lulus;3.81;8;Kos
MHS01333;Perempuan;21;Sulawesi Selatan;Teknologi Maju dan Multidisiplin;Teknik Robotika dan Kecerdasan Buatan;2023;Orang Tua;Aktif;2.74;6;Kos
MHS01334;Perempuan;22;Jawa Tengah;Farmasi;Farmasi;2023;Beasiswa;Aktif;2.76;6;Kos
MHS01335;Perempuan;23;Jawa Timur;Ilmu Sosial dan Ilmu Politik;Administrasi Publik;2021;Beasiswa;Aktif;2.87;10;Rumah Orang Tua
MHS01336;Perempuan;19;Jawa Tengah;Kedokteran;Kebidanan;2025;Orang Tua;Aktif;3.05;2;Kos
MHS01337;Perempuan;21;Jawa Timur;Ilmu Sosial dan Ilmu Politik;Antropologi;2023;Beasiswa;Aktif;3.33;6;Kos
MHS01338;Perempuan;20;Jawa Timur;FIKKIA Banyuwangi;Akuakultur (FIKKIA Banyuwangi);2025;Orang Tua;Aktif;2.54;2;Rumah Orang Tua
MHS01339;Laki-laki;21;Jawa Timur;Ekonomi dan Bisnis;Ilmu Ekonomi;2024;Orang Tua;Aktif;2.92;4;Rumah Orang Tua
MHS01340;Laki-laki;21;Jawa Timur;Teknologi Maju dan Multidisiplin;Teknik Robotika dan Kecerdasan Buatan;2023;Orang Tua;Aktif;3.34;6;Menumpang Saudara
MHS01341;Perempuan;25;Jawa Timur;Ekonomi dan Bisnis;Manajemen;2020;Orang Tua;Lulus;3.71;8;Kos
MHS01342;Laki-laki;20;Jawa Timur;Sains dan Teknologi;Sistem Informasi;2025;Beasiswa;Aktif;2.68;2;Kos
MHS01343;Perempuan;23;Jawa Timur;Ilmu Sosial dan Ilmu Politik;Ilmu Komunikasi;2021;Beasiswa;Lulus;3.91;8;Rumah Orang Tua
MHS01344;Perempuan;22;Jawa Timur;Ilmu Budaya;Bahasa dan Sastra Indonesia;2023;Orang Tua;Aktif;3.34;6;Kos
MHS01345;Perempuan;23;Jawa Barat;Ilmu Sosial dan Ilmu Politik;Ilmu Hubungan Internasional;2022;Beasiswa;Lulus;3.39;8;Kos
MHS01346;Laki-laki;20;Jawa Timur;FIKKIA Banyuwangi;Kedokteran (FIKKIA Banyuwangi);2025;Beasiswa;Aktif;3.02;2;Kos
MHS01347;Laki-laki;20;Jawa Timur;Ekonomi dan Bisnis;Ilmu Ekonomi;2025;Orang Tua;Aktif;3.27;2;Kos
MHS01348;Laki-laki;23;Jawa Timur;Hukum;Ilmu Hukum;2022;Orang Tua;Lulus;3.73;8;Rumah Orang Tua
MHS01349;Laki-laki;23;Jawa Timur;Ilmu Budaya;Bahasa dan Sastra Jepang;2022;Beasiswa;Cuti;3.2;8;Rumah Orang Tua
MHS01350;Laki-laki;24;Jawa Timur;Teknologi Maju dan Multidisiplin;Rekayasa Nanoteknologi;2021;Orang Tua;Lulus;3.95;8;Rumah Orang Tua
MHS01351;Perempuan;26;Jawa Timur;Kedokteran Hewan;Kedokteran Hewan;2019;Orang Tua;Lulus;3.05;9;Rumah Orang Tua
MHS01352;Perempuan;22;Jawa Timur;Ilmu Sosial dan Ilmu Politik;Antropologi;2022;Orang Tua;Lulus;3.5;8;Rumah Orang Tua
MHS01353;Perempuan;21;Jawa Timur;Kedokteran Hewan;Kedokteran Hewan;2023;Pinjaman/Kredit Pendidikan;Aktif;2.76;6;Kos
MHS01354;Laki-laki;21;Jawa Timur;Ilmu Sosial dan Ilmu Politik;Antropologi;2023;Orang Tua;Aktif;2.92;6;Rumah Orang Tua
MHS01355;Laki-laki;21;Jawa Timur;FIKKIA Banyuwangi;Akuakultur (FIKKIA Banyuwangi);2024;Orang Tua;Aktif;2.5;4;Rumah Orang Tua
MHS01356;Laki-laki;23;Nusa Tenggara Barat;Ekonomi dan Bisnis;Akuntansi;2021;Orang Tua;Lulus;3.25;9;Kos
MHS01357;Laki-laki;23;Jawa Timur;Kesehatan Masyarakat;Gizi;2021;Orang Tua;Lulus;3.28;8;Asrama
MHS01358;Perempuan;20;Jawa Timur;Ilmu Budaya;Ilmu Sejarah;2024;Pinjaman/Kredit Pendidikan;Aktif;3.26;4;Rumah Orang Tua
MHS01359;Perempuan;25;Nusa Tenggara Barat;Sains dan Teknologi;Biologi;2021;Beasiswa;Lulus;3.04;8;Kos
MHS01360;Laki-laki;22;Bali;Sains dan Teknologi;Sistem Informasi;2023;Orang Tua;Aktif;3.1;6;Kos
MHS01361;Perempuan;20;DKI Jakarta;Ilmu Budaya;Bahasa dan Sastra Indonesia;2025;Orang Tua;Aktif;3.49;2;Rumah Orang Tua
MHS01362;Perempuan;22;Jawa Timur;Sains dan Teknologi;Biologi;2022;Orang Tua;Lulus;3.66;8;Rumah Orang Tua
MHS01363;Perempuan;22;Jawa Timur;Sains dan Teknologi;Teknik Biomedis;2023;Beasiswa;Aktif;3.18;6;Rumah Orang Tua
MHS01364;Laki-laki;23;Aceh;Teknologi Maju dan Multidisiplin;Teknik Elektro;2023;Beasiswa;Aktif;3.46;6;Kos
MHS01365;Laki-laki;20;Jawa Tengah;Perikanan dan Kelautan;Akuakultur;2024;Orang Tua;Aktif;3.34;4;Kos
MHS01366;Laki-laki;20;Sulawesi Tengah;Ilmu Sosial dan Ilmu Politik;Ilmu Politik;2025;Orang Tua;Aktif;3.03;2;Rumah Orang Tua
MHS01367;Laki-laki;22;Jawa Timur;Teknologi Maju dan Multidisiplin;Rekayasa Nanoteknologi;2023;Orang Tua;Aktif;3.56;6;Rumah Orang Tua
MHS01368;Perempuan;20;Jawa Timur;Ekonomi dan Bisnis;Ekonomi Islam;2024;Orang Tua;Aktif;3.34;4;Asrama
MHS01369;Perempuan;24;Kalimantan Selatan;Farmasi;Farmasi;2021;Beasiswa;Lulus;3.18;10;Asrama
MHS01370;Perempuan;22;Jawa Timur;Kedokteran;Kedokteran;2023;Orang Tua;Aktif;2.99;6;Rumah Orang Tua
MHS01371;Perempuan;22;Gorontalo;Ekonomi dan Bisnis;Ilmu Ekonomi;2023;Orang Tua;Aktif;3.86;6;Kos
MHS01372;Perempuan;22;Bali;Kedokteran;Kedokteran;2023;Orang Tua;Aktif;3.54;6;Kos
MHS01373;Perempuan;21;Jawa Timur;Sains dan Teknologi;Biologi;2024;Orang Tua;Aktif;2.21;4;Asrama
MHS01374;Perempuan;20;Jawa Tengah;Ilmu Sosial dan Ilmu Politik;Administrasi Publik;2025;Orang Tua;Cuti;3.14;2;Kos
MHS01375;Perempuan;21;Jawa Timur;Ekonomi dan Bisnis;Manajemen;2024;Kerja Sendiri (part-time);Aktif;2.65;4;Kos
MHS01376;Perempuan;20;Sumatera Selatan;Sains dan Teknologi;Kimia;2024;Orang Tua;Aktif;3.14;4;Kos
MHS01377;Perempuan;24;Jawa Tengah;FIKKIA Banyuwangi;Kedokteran Hewan (FIKKIA Banyuwangi);2020;Orang Tua;Lulus;3.96;8;Kos
MHS01378;Perempuan;21;DI Yogyakarta;Kedokteran Gigi;Kedokteran Gigi;2024;Orang Tua;Aktif;3.84;4;Kos
MHS01379;Laki-laki;24;Jawa Timur;FIKKIA Banyuwangi;Akuakultur (FIKKIA Banyuwangi);2021;Beasiswa;Lulus;3.03;9;Rumah Orang Tua
MHS01380;Perempuan;20;Jawa Timur;Sains dan Teknologi;Teknik Biomedis;2025;Orang Tua;Aktif;2.61;2;Rumah Orang Tua
MHS01381;Perempuan;22;Jawa Timur;Ilmu Budaya;Bahasa dan Sastra Indonesia;2022;Orang Tua;Lulus;3.36;8;Rumah Orang Tua
MHS01382;Perempuan;22;DKI Jakarta;FIKKIA Banyuwangi;Kedokteran (FIKKIA Banyuwangi);2022;Beasiswa;Lulus;3.81;8;Asrama
MHS01383;Laki-laki;20;Kalimantan Barat;Ekonomi dan Bisnis;Ilmu Ekonomi;2024;Orang Tua;Aktif;3.6;4;Kos
MHS01384;Laki-laki;24;Jawa Timur;Ilmu Budaya;Ilmu Sejarah;2023;Orang Tua;Aktif;3.64;6;Asrama
MHS01385;Perempuan;22;Jawa Timur;Sains dan Teknologi;Statistika;2022;Orang Tua;Aktif;3.47;8;Rumah Orang Tua
MHS01386;Perempuan;27;Kepulauan Bangka Belitung;Sains dan Teknologi;Biologi;2020;Orang Tua;Lulus;3.76;8;Kos
MHS01387;Perempuan;24;Jawa Timur;Ilmu Budaya;Bahasa dan Sastra Inggris;2020;Beasiswa;Lulus;3.42;8;Rumah Orang Tua
MHS01388;Perempuan;21;Jawa Barat;Teknologi Maju dan Multidisiplin;Rekayasa Nanoteknologi;2023;Beasiswa;Aktif;3.65;6;Menumpang Saudara
MHS01389;Laki-laki;21;Kepulauan Bangka Belitung;Ekonomi dan Bisnis;Ilmu Ekonomi;2023;Orang Tua;Aktif;3.68;6;Menumpang Saudara
MHS01390;Perempuan;25;Jawa Tengah;Hukum;Ilmu Hukum;2020;Kerja Sendiri (part-time);Lulus;3.18;8;Menumpang Saudara
MHS01391;Perempuan;19;Jawa Timur;Sains dan Teknologi;Kimia;2025;Orang Tua;Aktif;2.59;2;Rumah Orang Tua
MHS01392;Perempuan;23;Jawa Barat;Kesehatan Masyarakat;Gizi;2021;Beasiswa;Lulus;2.82;10;Menumpang Saudara
MHS01393;Perempuan;21;Jawa Timur;Ilmu Budaya;Bahasa dan Sastra Inggris;2023;Orang Tua;Aktif;3.08;6;Rumah Orang Tua
MHS01394;Laki-laki;19;Jawa Timur;Perikanan dan Kelautan;Teknologi Hasil Perikanan;2025;Orang Tua;Aktif;3.53;2;Kos
MHS01395;Laki-laki;21;Kepulauan Bangka Belitung;Ilmu Sosial dan Ilmu Politik;Administrasi Publik;2024;Beasiswa;Aktif;2.14;4;Asrama
MHS01396;Perempuan;23;DKI Jakarta;Ilmu Sosial dan Ilmu Politik;Ilmu Hubungan Internasional;2024;Orang Tua;Aktif;3.56;4;Kos
MHS01397;Laki-laki;20;Jawa Timur;Teknologi Maju dan Multidisiplin;Teknik Elektro;2025;Beasiswa;Aktif;2.66;2;Rumah Orang Tua
MHS01398;Perempuan;22;DKI Jakarta;Psikologi;Psikologi;2024;Orang Tua;Aktif;3.45;4;Kos
MHS01399;Laki-laki;22;Jawa Timur;Sains dan Teknologi;Statistika;2023;Orang Tua;Aktif;2.84;6;Kos
MHS01400;Perempuan;20;Sumatera Utara;Sains dan Teknologi;Kimia;2025;Orang Tua;Aktif;2.71;2;Kos
MHS01401;Perempuan;24;Jawa Barat;Sains dan Teknologi;Teknik Biomedis;2021;Pinjaman/Kredit Pendidikan;Lulus;3.68;8;Kos
MHS01402;Perempuan;24;Sumatera Selatan;Ilmu Sosial dan Ilmu Politik;Ilmu Komunikasi;2021;Orang Tua;Lulus;3.43;9;Kos
MHS01403;Perempuan;19;DI Yogyakarta;Ilmu Sosial dan Ilmu Politik;Ilmu Hubungan Internasional;2025;Orang Tua;Aktif;3.55;2;Kos
MHS01404;Laki-laki;22;Jawa Timur;Ilmu Budaya;Ilmu Sejarah;2023;Beasiswa;Aktif;3.07;6;Rumah Orang Tua
MHS01405;Perempuan;20;Jawa Timur;FIKKIA Banyuwangi;Kesehatan Masyarakat (FIKKIA Banyuwangi);2024;Orang Tua;Aktif;3.74;4;Kos
MHS01406;Perempuan;22;Jawa Timur;Teknologi Maju dan Multidisiplin;Teknologi Sains Data;2023;Orang Tua;Aktif;3.88;6;Kos
MHS01407;Laki-laki;22;Jawa Timur;Ilmu Sosial dan Ilmu Politik;Antropologi;2023;Orang Tua;Aktif;2.76;6;Kos
MHS01408;Perempuan;21;Jawa Timur;Ilmu Sosial dan Ilmu Politik;Ilmu Komunikasi;2024;Orang Tua;Aktif;2.56;4;Kos
MHS01409;Laki-laki;21;Jawa Timur;FIKKIA Banyuwangi;Akuakultur (FIKKIA Banyuwangi);2025;Beasiswa;Aktif;2.36;2;Asrama
MHS01410;Perempuan;21;Jawa Timur;Ilmu Sosial dan Ilmu Politik;Ilmu Informasi dan Perpustakaan;2024;Orang Tua;Aktif;3.11;4;Rumah Orang Tua
MHS01411;Laki-laki;19;Jawa Timur;Ilmu Sosial dan Ilmu Politik;Administrasi Publik;2025;Beasiswa;Aktif;3.12;2;Rumah Orang Tua
MHS01412;Perempuan;19;Aceh;Ekonomi dan Bisnis;Akuntansi;2025;Orang Tua;Aktif;3.52;2;Rumah Orang Tua
MHS01413;Perempuan;23;Jawa Timur;Ekonomi dan Bisnis;Manajemen;2022;Orang Tua;Aktif;3.35;8;Rumah Orang Tua
MHS01414;Perempuan;24;Jawa Timur;Kesehatan Masyarakat;Kesehatan Masyarakat;2021;Orang Tua;Lulus;3.57;8;Rumah Orang Tua
MHS01415;Perempuan;20;Jawa Tengah;Ekonomi dan Bisnis;Akuntansi;2024;Orang Tua;Aktif;3.54;4;Kos
MHS01416;Laki-laki;20;Jawa Timur;Ilmu Budaya;Bahasa dan Sastra Indonesia;2025;Orang Tua;Aktif;2.07;2;Kos
MHS01417;Laki-laki;26;Jawa Timur;Kesehatan Masyarakat;Kesehatan Masyarakat;2019;Orang Tua;Lulus;3.1;10;Kos
MHS01418;Perempuan;22;Jawa Timur;Sains dan Teknologi;Biologi;2025;Beasiswa;Cuti;2.82;2;Rumah Orang Tua
MHS01419;Laki-laki;23;Aceh;Sains dan Teknologi;Sistem Informasi;2022;Orang Tua;Lulus;3.56;8;Asrama
MHS01420;Perempuan;22;Jawa Timur;Ekonomi dan Bisnis;Akuntansi;2023;Orang Tua;Aktif;3.1;6;Rumah Orang Tua
MHS01421;Perempuan;20;Jawa Timur;Sains dan Teknologi;Biologi;2024;Pinjaman/Kredit Pendidikan;Aktif;3.2;4;Rumah Orang Tua
MHS01422;Laki-laki;21;Jawa Timur;Sains dan Teknologi;Kimia;2023;Orang Tua;Aktif;2.89;6;Rumah Orang Tua
MHS01423;Laki-laki;21;DKI Jakarta;Sains dan Teknologi;Statistika;2023;Beasiswa;Aktif;2.47;6;Kos
MHS01424;Perempuan;22;Bengkulu;Ilmu Budaya;Bahasa dan Sastra Indonesia;2022;Kerja Sendiri (part-time);Aktif;3.63;8;Kos
MHS01425;Perempuan;23;Jawa Timur;Ilmu Sosial dan Ilmu Politik;Ilmu Hubungan Internasional;2024;Beasiswa;Aktif;3.09;4;Menumpang Saudara
MHS01426;Perempuan;22;Sulawesi Barat;Sains dan Teknologi;Fisika;2023;Beasiswa;Aktif;3.74;6;Asrama
MHS01427;Perempuan;19;Jawa Barat;Ekonomi dan Bisnis;Ilmu Ekonomi;2025;Orang Tua;Aktif;3.76;2;Kos
MHS01428;Perempuan;22;Sulawesi Utara;Ilmu Sosial dan Ilmu Politik;Ilmu Politik;2025;Orang Tua;Aktif;3.6;2;Asrama
MHS01429;Perempuan;22;Lampung;Ilmu Sosial dan Ilmu Politik;Administrasi Publik;2023;Beasiswa;Aktif;3.89;6;Kos
MHS01430;Laki-laki;20;Kalimantan Timur;Ilmu Budaya;Bahasa dan Sastra Indonesia;2024;Pinjaman/Kredit Pendidikan;Aktif;3.16;4;Menumpang Saudara
MHS01431;Perempuan;22;Jawa Timur;FIKKIA Banyuwangi;Kedokteran (FIKKIA Banyuwangi);2025;Orang Tua;Aktif;2.52;2;Rumah Orang Tua
MHS01432;Laki-laki;22;Kepulauan Riau;Sains dan Teknologi;Teknik Lingkungan;2023;Orang Tua;Aktif;3.55;6;Kos
MHS01433;Laki-laki;19;Jawa Barat;Teknologi Maju dan Multidisiplin;Teknik Elektro;2025;Orang Tua;Aktif;2.91;2;Kos
MHS01434;Perempuan;21;Jawa Timur;Teknologi Maju dan Multidisiplin;Rekayasa Nanoteknologi;2024;Pinjaman/Kredit Pendidikan;Aktif;3.52;4;Menumpang Saudara
MHS01435;Laki-laki;23;Jawa Timur;Perikanan dan Kelautan;Teknologi Hasil Perikanan;2025;Orang Tua;Aktif;3.59;2;Kos
MHS01436;Perempuan;26;Jawa Timur;Sains dan Teknologi;Teknik Lingkungan;2019;Orang Tua;Lulus;3.11;10;Kos
MHS01437;Laki-laki;25;Jawa Timur;Ekonomi dan Bisnis;Manajemen;2020;Beasiswa;Non-Aktif/DO;1.71;2;Asrama
MHS01438;Perempuan;24;Jawa Timur;Sains dan Teknologi;Statistika;2024;Beasiswa;Aktif;3.01;4;Asrama
MHS01439;Laki-laki;23;Jawa Timur;Hukum;Ilmu Hukum;2022;Orang Tua;Lulus;3.21;8;Kos
MHS01440;Laki-laki;20;Jawa Timur;Ilmu Sosial dan Ilmu Politik;Ilmu Hubungan Internasional;2025;Orang Tua;Aktif;3.68;2;Rumah Orang Tua
MHS01441;Laki-laki;21;Jawa Timur;Kesehatan Masyarakat;Gizi;2023;Beasiswa;Aktif;2.84;6;Rumah Orang Tua
MHS01442;Laki-laki;24;Jawa Timur;Ilmu Budaya;Bahasa dan Sastra Indonesia;2021;Orang Tua;Lulus;3.45;8;Rumah Orang Tua
MHS01443;Perempuan;27;Jawa Timur;Farmasi;Farmasi;2020;Orang Tua;Lulus;3.32;8;Rumah Orang Tua
MHS01444;Laki-laki;24;Kalimantan Selatan;Teknologi Maju dan Multidisiplin;Teknik Robotika dan Kecerdasan Buatan;2024;Orang Tua;Aktif;3.78;4;Asrama
MHS01445;Laki-laki;23;Jawa Barat;Teknologi Maju dan Multidisiplin;Teknik Elektro;2024;Orang Tua;Aktif;3.91;4;Rumah Orang Tua
MHS01446;Laki-laki;22;Jawa Tengah;Kedokteran;Kedokteran;2022;Orang Tua;Lulus;3.59;8;Kos
MHS01447;Laki-laki;23;Papua;Teknologi Maju dan Multidisiplin;Teknik Industri;2021;Orang Tua;Lulus;2.95;10;Kos
MHS01448;Laki-laki;23;Jawa Timur;Sains dan Teknologi;Kimia;2023;Beasiswa;Aktif;3.33;6;Rumah Orang Tua
MHS01449;Laki-laki;20;Sulawesi Selatan;Ekonomi dan Bisnis;Ilmu Ekonomi;2025;Beasiswa;Non-Aktif/DO;2.34;2;Kos
MHS01450;Laki-laki;22;Jawa Barat;Ilmu Sosial dan Ilmu Politik;Ilmu Komunikasi;2024;Orang Tua;Aktif;2.68;4;Asrama
MHS01451;Perempuan;20;Jawa Timur;Teknologi Maju dan Multidisiplin;Teknik Industri;2024;Orang Tua;Aktif;3.42;4;Kos
MHS01452;Laki-laki;22;DKI Jakarta;FIKKIA Banyuwangi;Akuakultur (FIKKIA Banyuwangi);2023;Kerja Sendiri (part-time);Aktif;3.0;6;Asrama
MHS01453;Perempuan;22;Jawa Timur;FIKKIA Banyuwangi;Akuakultur (FIKKIA Banyuwangi);2025;Orang Tua;Aktif;3.16;2;Kos
MHS01454;Laki-laki;19;Jawa Timur;Ilmu Budaya;Ilmu Sejarah;2025;Orang Tua;Aktif;2.8;2;Rumah Orang Tua
MHS01455;Laki-laki;23;Jawa Timur;Psikologi;Psikologi;2022;Orang Tua;Lulus;3.39;8;Rumah Orang Tua
MHS01456;Perempuan;19;Kalimantan Utara;Kedokteran;Kedokteran;2025;Beasiswa;Aktif;3.32;2;Asrama
MHS01457;Perempuan;22;Jawa Timur;Teknologi Maju dan Multidisiplin;Rekayasa Nanoteknologi;2022;Orang Tua;Lulus;3.55;8;Rumah Orang Tua
MHS01458;Perempuan;20;Sumatera Barat;Ilmu Budaya;Ilmu Sejarah;2024;Orang Tua;Aktif;2.73;4;Asrama
MHS01459;Perempuan;23;Jawa Timur;Ilmu Sosial dan Ilmu Politik;Administrasi Publik;2021;Beasiswa;Lulus;3.09;8;Asrama
MHS01460;Perempuan;24;Jawa Timur;FIKKIA Banyuwangi;Kesehatan Masyarakat (FIKKIA Banyuwangi);2024;Beasiswa;Aktif;4.0;4;Kos
MHS01461;Perempuan;20;Jawa Timur;Sains dan Teknologi;Biologi;2025;Orang Tua;Aktif;2.95;2;Rumah Orang Tua
MHS01462;Perempuan;25;Jawa Timur;Hukum;Ilmu Hukum;2019;Orang Tua;Lulus;2.87;8;Menumpang Saudara
MHS01463;Laki-laki;20;DI Yogyakarta;Ilmu Sosial dan Ilmu Politik;Ilmu Politik;2024;Orang Tua;Aktif;3.81;4;Kos
MHS01464;Perempuan;22;Jawa Timur;Teknologi Maju dan Multidisiplin;Teknik Elektro;2023;Orang Tua;Aktif;3.19;6;Rumah Orang Tua
MHS01465;Laki-laki;20;Nusa Tenggara Timur;Hukum;Ilmu Hukum;2025;Orang Tua;Aktif;3.76;2;Kos
MHS01466;Laki-laki;22;Jawa Timur;Ekonomi dan Bisnis;Ilmu Ekonomi;2024;Orang Tua;Aktif;2.91;4;Kos
MHS01467;Perempuan;22;Jawa Timur;Kesehatan Masyarakat;Gizi;2023;Orang Tua;Aktif;2.83;6;Kos
MHS01468;Perempuan;21;Jawa Timur;Kedokteran;Kedokteran;2024;Orang Tua;Aktif;3.54;4;Rumah Orang Tua
MHS01469;Perempuan;19;Sulawesi Tengah;Sains dan Teknologi;Teknik Biomedis;2025;Kerja Sendiri (part-time);Aktif;2.18;2;Menumpang Saudara
MHS01470;Perempuan;20;Jawa Timur;Ekonomi dan Bisnis;Ilmu Ekonomi;2025;Orang Tua;Aktif;3.94;2;Rumah Orang Tua
MHS01471;Perempuan;21;Jawa Tengah;Kedokteran Hewan;Kedokteran Hewan;2024;Kerja Sendiri (part-time);Aktif;2.6;4;Asrama
MHS01472;Laki-laki;19;Jawa Timur;Sains dan Teknologi;Sistem Informasi;2025;Orang Tua;Cuti;3.12;2;Kos
MHS01473;Laki-laki;21;Jawa Timur;FIKKIA Banyuwangi;Akuakultur (FIKKIA Banyuwangi);2024;Orang Tua;Aktif;3.04;4;Rumah Orang Tua
MHS01474;Laki-laki;20;Jawa Timur;Ilmu Sosial dan Ilmu Politik;Ilmu Politik;2025;Orang Tua;Aktif;3.35;2;Rumah Orang Tua
MHS01475;Perempuan;22;Jawa Tengah;FIKKIA Banyuwangi;Kedokteran (FIKKIA Banyuwangi);2023;Beasiswa;Aktif;3.34;6;Kos
MHS01476;Laki-laki;21;Jawa Timur;Teknologi Maju dan Multidisiplin;Teknik Elektro;2024;Orang Tua;Aktif;2.62;4;Kos
MHS01477;Laki-laki;26;Gorontalo;Ilmu Sosial dan Ilmu Politik;Antropologi;2019;Orang Tua;Lulus;2.8;10;Menumpang Saudara
MHS01478;Laki-laki;20;Sumatera Selatan;Ilmu Sosial dan Ilmu Politik;Ilmu Politik;2024;Orang Tua;Cuti;3.61;4;Kos
MHS01479;Perempuan;21;Sumatera Selatan;FIKKIA Banyuwangi;Kesehatan Masyarakat (FIKKIA Banyuwangi);2024;Orang Tua;Non-Aktif/DO;2.49;2;Asrama
MHS01480;Perempuan;22;Jawa Timur;Ilmu Sosial dan Ilmu Politik;Ilmu Informasi dan Perpustakaan;2023;Orang Tua;Aktif;2.95;6;Rumah Orang Tua
MHS01481;Perempuan;22;Jawa Timur;Ilmu Sosial dan Ilmu Politik;Sosiologi;2023;Orang Tua;Non-Aktif/DO;1.92;4;Kos
MHS01482;Perempuan;23;Jawa Timur;Sains dan Teknologi;Teknik Biomedis;2022;Beasiswa;Non-Aktif/DO;2.69;3;Rumah Orang Tua
MHS01483;Laki-laki;23;Riau;Sains dan Teknologi;Kimia;2022;Orang Tua;Cuti;3.38;8;Kos
MHS01484;Perempuan;20;Jawa Timur;Ilmu Budaya;Bahasa dan Sastra Indonesia;2024;Beasiswa;Aktif;3.26;4;Rumah Orang Tua
MHS01485;Perempuan;20;Jawa Timur;Kedokteran Hewan;Kedokteran Hewan;2025;Orang Tua;Aktif;2.8;2;Kos
MHS01486;Laki-laki;20;Jawa Timur;Ilmu Budaya;Bahasa dan Sastra Jepang;2025;Pinjaman/Kredit Pendidikan;Aktif;3.14;2;Rumah Orang Tua
MHS01487;Perempuan;22;Jawa Timur;Kedokteran;Kebidanan;2023;Orang Tua;Non-Aktif/DO;2.24;2;Kos
MHS01488;Laki-laki;20;Gorontalo;Sains dan Teknologi;Matematika;2025;Orang Tua;Aktif;2.43;2;Kos
MHS01489;Perempuan;19;Jawa Timur;Ilmu Budaya;Bahasa dan Sastra Inggris;2025;Orang Tua;Aktif;3.71;2;Rumah Orang Tua
MHS01490;Perempuan;20;Jawa Timur;Kedokteran Gigi;Kedokteran Gigi;2024;Orang Tua;Aktif;3.39;4;Menumpang Saudara
MHS01491;Laki-laki;21;Nusa Tenggara Barat;Psikologi;Psikologi;2024;Orang Tua;Aktif;3.31;4;Kos
MHS01492;Laki-laki;23;Jawa Timur;Sains dan Teknologi;Fisika;2022;Orang Tua;Aktif;2.92;8;Kos
MHS01493;Laki-laki;21;Riau;Sains dan Teknologi;Fisika;2024;Beasiswa;Cuti;3.95;4;Kos
MHS01494;Laki-laki;23;Sumatera Utara;Teknologi Maju dan Multidisiplin;Teknik Robotika dan Kecerdasan Buatan;2022;Beasiswa;Lulus;3.43;8;Asrama
MHS01495;Laki-laki;23;Jawa Timur;Sains dan Teknologi;Sistem Informasi;2024;Orang Tua;Aktif;2.91;4;Rumah Orang Tua
MHS01496;Perempuan;22;Jawa Timur;Kedokteran Gigi;Kedokteran Gigi;2022;Beasiswa;Lulus;3.7;8;Kos
MHS01497;Laki-laki;20;Jawa Timur;Sains dan Teknologi;Sistem Informasi;2024;Orang Tua;Aktif;3.77;4;Rumah Orang Tua
MHS01498;Perempuan;21;Jawa Timur;FIKKIA Banyuwangi;Kedokteran Hewan (FIKKIA Banyuwangi);2024;Orang Tua;Aktif;3.07;4;Rumah Orang Tua
MHS01499;Perempuan;25;Jawa Timur;Kedokteran Gigi;Kedokteran Gigi;2020;Kerja Sendiri (part-time);Lulus;3.06;9;Rumah Orang Tua
MHS01500;Perempuan;22;Nusa Tenggara Timur;Psikologi;Psikologi;2023;Orang Tua;Aktif;3.22;6;Menumpang Saudara
MHS01501;Perempuan;23;Jawa Timur;Ekonomi dan Bisnis;Manajemen;2021;Orang Tua;Lulus;2.75;8;Menumpang Saudara
MHS01502;Laki-laki;21;Jawa Tengah;Ilmu Sosial dan Ilmu Politik;Ilmu Politik;2023;Kerja Sendiri (part-time);Aktif;3.38;6;Kos
MHS01503;Perempuan;22;Jawa Timur;Ekonomi dan Bisnis;Ekonomi Islam;2023;Kerja Sendiri (part-time);Aktif;3.52;6;Rumah Orang Tua
MHS01504;Perempuan;22;Sumatera Selatan;Ilmu Sosial dan Ilmu Politik;Antropologi;2023;Beasiswa;Aktif;3.38;6;Asrama
MHS01505;Perempuan;21;Sumatera Utara;Sains dan Teknologi;Teknik Biomedis;2024;Orang Tua;Aktif;3.56;4;Kos
MHS01506;Perempuan;19;Jawa Timur;Ilmu Budaya;Bahasa dan Sastra Indonesia;2025;Orang Tua;Aktif;3.33;2;Rumah Orang Tua
MHS01507;Laki-laki;23;Nusa Tenggara Timur;Sains dan Teknologi;Kimia;2022;Kerja Sendiri (part-time);Lulus;3.26;8;Asrama
MHS01508;Perempuan;21;Jawa Timur;Ilmu Sosial dan Ilmu Politik;Ilmu Komunikasi;2023;Beasiswa;Aktif;3.52;6;Rumah Orang Tua
MHS01509;Perempuan;20;Jawa Barat;Psikologi;Psikologi;2025;Orang Tua;Aktif;2.23;2;Asrama
MHS01510;Laki-laki;23;Jawa Timur;Sains dan Teknologi;Matematika;2022;Orang Tua;Aktif;3.36;8;Rumah Orang Tua
MHS01511;Perempuan;22;Jawa Timur;Kesehatan Masyarakat;Gizi;2023;Beasiswa;Aktif;2.82;6;Rumah Orang Tua
MHS01512;Perempuan;22;Sulawesi Selatan;Ilmu Sosial dan Ilmu Politik;Sosiologi;2023;Beasiswa;Aktif;3.53;6;Rumah Orang Tua
MHS01513;Laki-laki;23;Aceh;Ekonomi dan Bisnis;Akuntansi;2023;Kerja Sendiri (part-time);Non-Aktif/DO;1.63;2;Asrama
MHS01514;Laki-laki;24;Jawa Timur;Ilmu Sosial dan Ilmu Politik;Antropologi;2023;Orang Tua;Aktif;3.58;6;Rumah Orang Tua
MHS01515;Perempuan;21;Jawa Timur;FIKKIA Banyuwangi;Kedokteran Hewan (FIKKIA Banyuwangi);2023;Beasiswa;Aktif;2.75;6;Kos
MHS01516;Perempuan;22;Jawa Timur;Ekonomi dan Bisnis;Ilmu Ekonomi;2022;Orang Tua;Non-Aktif/DO;2.9;3;Asrama
MHS01517;Laki-laki;20;Jawa Timur;Kedokteran;Kedokteran;2025;Orang Tua;Cuti;2.23;2;Rumah Orang Tua
MHS01518;Laki-laki;25;Jawa Timur;Sains dan Teknologi;Statistika;2020;Orang Tua;Non-Aktif/DO;1.9;2;Kos
MHS01519;Perempuan;21;Jawa Timur;Ilmu Budaya;Ilmu Sejarah;2024;Orang Tua;Aktif;3.6;4;Asrama
MHS01520;Perempuan;20;Jawa Timur;Ekonomi dan Bisnis;Ilmu Ekonomi;2024;Orang Tua;Aktif;2.58;4;Rumah Orang Tua
MHS01521;Perempuan;24;Jawa Timur;Ilmu Budaya;Bahasa dan Sastra Jepang;2020;Orang Tua;Lulus;3.71;8;Kos
MHS01522;Laki-laki;23;Jawa Timur;Psikologi;Psikologi;2022;Orang Tua;Aktif;3.2;8;Rumah Orang Tua
MHS01523;Perempuan;20;Jambi;Kesehatan Masyarakat;Gizi;2024;Orang Tua;Cuti;3.14;4;Kos
MHS01524;Laki-laki;22;Jawa Barat;FIKKIA Banyuwangi;Kedokteran (FIKKIA Banyuwangi);2023;Orang Tua;Aktif;3.84;6;Kos
MHS01525;Laki-laki;20;Bali;Sains dan Teknologi;Teknik Lingkungan;2025;Orang Tua;Aktif;3.14;2;Kos
MHS01526;Laki-laki;23;Jawa Barat;FIKKIA Banyuwangi;Kesehatan Masyarakat (FIKKIA Banyuwangi);2021;Beasiswa;Lulus;3.88;8;Kos
MHS01527;Perempuan;20;Jawa Timur;Psikologi;Psikologi;2024;Beasiswa;Aktif;3.44;4;Rumah Orang Tua
MHS01528;Perempuan;19;Jawa Barat;Perikanan dan Kelautan;Teknologi Hasil Perikanan;2025;Orang Tua;Aktif;3.43;2;Kos
MHS01529;Perempuan;22;Kepulauan Bangka Belitung;Teknologi Maju dan Multidisiplin;Teknik Industri;2023;Beasiswa;Aktif;3.38;6;Kos
MHS01530;Perempuan;23;Sulawesi Selatan;Ekonomi dan Bisnis;Ekonomi Islam;2021;Orang Tua;Lulus;2.81;10;Kos
MHS01531;Laki-laki;19;Jawa Timur;Perikanan dan Kelautan;Teknologi Hasil Perikanan;2025;Orang Tua;Aktif;3.09;2;Kos
MHS01532;Laki-laki;23;Kepulauan Bangka Belitung;Perikanan dan Kelautan;Akuakultur;2021;Kerja Sendiri (part-time);Lulus;3.18;8;Asrama
MHS01533;Perempuan;25;Banten;Ilmu Sosial dan Ilmu Politik;Ilmu Hubungan Internasional;2020;Kerja Sendiri (part-time);Lulus;3.75;8;Kos
MHS01534;Laki-laki;22;Jawa Timur;Sains dan Teknologi;Teknik Biomedis;2023;Beasiswa;Aktif;3.94;6;Menumpang Saudara
MHS01535;Laki-laki;19;Jawa Timur;Ekonomi dan Bisnis;Ilmu Ekonomi;2025;Beasiswa;Aktif;3.39;2;Rumah Orang Tua
MHS01536;Perempuan;20;Jawa Timur;Psikologi;Psikologi;2025;Beasiswa;Aktif;3.31;2;Rumah Orang Tua
MHS01537;Laki-laki;19;Jawa Timur;Sains dan Teknologi;Matematika;2025;Orang Tua;Aktif;2.74;2;Kos
MHS01538;Perempuan;22;Jawa Timur;Ekonomi dan Bisnis;Akuntansi;2023;Orang Tua;Cuti;2.91;6;Rumah Orang Tua
MHS01539;Perempuan;20;Jawa Tengah;Psikologi;Psikologi;2024;Beasiswa;Aktif;3.52;4;Menumpang Saudara
MHS01540;Perempuan;22;Jawa Timur;FIKKIA Banyuwangi;Kedokteran (FIKKIA Banyuwangi);2022;Orang Tua;Lulus;2.99;8;Kos
MHS01541;Perempuan;24;Jawa Timur;Sains dan Teknologi;Statistika;2021;Orang Tua;Lulus;3.44;9;Rumah Orang Tua
MHS01542;Laki-laki;22;Jawa Timur;Teknologi Maju dan Multidisiplin;Teknik Industri;2022;Orang Tua;Lulus;3.22;8;Asrama
MHS01543;Perempuan;20;Jawa Timur;Sains dan Teknologi;Sistem Informasi;2024;Orang Tua;Aktif;3.13;4;Rumah Orang Tua
MHS01544;Laki-laki;20;DKI Jakarta;Kedokteran;Kedokteran;2024;Orang Tua;Aktif;3.69;4;Kos
MHS01545;Perempuan;20;Jawa Timur;FIKKIA Banyuwangi;Kesehatan Masyarakat (FIKKIA Banyuwangi);2024;Orang Tua;Aktif;3.17;4;Kos
MHS01546;Perempuan;20;Jawa Tengah;Ilmu Budaya;Bahasa dan Sastra Inggris;2024;Orang Tua;Cuti;3.45;4;Asrama
MHS01547;Laki-laki;21;Sumatera Selatan;Ilmu Sosial dan Ilmu Politik;Ilmu Komunikasi;2024;Beasiswa;Aktif;3.99;4;Asrama
MHS01548;Perempuan;21;Sulawesi Selatan;Kesehatan Masyarakat;Gizi;2024;Beasiswa;Non-Aktif/DO;2.5;4;Menumpang Saudara
MHS01549;Laki-laki;19;Jawa Timur;Teknologi Maju dan Multidisiplin;Teknik Elektro;2025;Orang Tua;Aktif;3.36;2;Asrama
MHS01550;Laki-laki;22;Jawa Timur;Ilmu Budaya;Ilmu Sejarah;2023;Beasiswa;Aktif;3.63;6;Kos
MHS01551;Perempuan;19;Jawa Timur;Teknologi Maju dan Multidisiplin;Teknologi Sains Data;2025;Orang Tua;Aktif;3.53;2;Kos
MHS01552;Perempuan;19;Jawa Timur;Farmasi;Farmasi;2025;Orang Tua;Cuti;2.47;2;Kos
MHS01553;Laki-laki;22;Jawa Timur;Ilmu Budaya;Bahasa dan Sastra Indonesia;2023;Orang Tua;Aktif;3.73;6;Rumah Orang Tua
MHS01554;Laki-laki;22;DKI Jakarta;Sains dan Teknologi;Fisika;2023;Orang Tua;Aktif;2.95;6;Asrama
MHS01555;Perempuan;22;Jawa Timur;Kesehatan Masyarakat;Kesehatan Masyarakat;2022;Orang Tua;Lulus;3.92;8;Rumah Orang Tua
MHS01556;Perempuan;25;Jawa Timur;Ilmu Sosial dan Ilmu Politik;Administrasi Publik;2021;Kerja Sendiri (part-time);Non-Aktif/DO;2.02;2;Rumah Orang Tua
MHS01557;Perempuan;19;Jawa Timur;Ilmu Sosial dan Ilmu Politik;Ilmu Komunikasi;2025;Beasiswa;Aktif;3.26;2;Rumah Orang Tua
MHS01558;Laki-laki;24;Jawa Timur;Ekonomi dan Bisnis;Akuntansi;2023;Orang Tua;Aktif;3.43;6;Asrama
MHS01559;Laki-laki;20;Nusa Tenggara Barat;Teknologi Maju dan Multidisiplin;Teknik Robotika dan Kecerdasan Buatan;2025;Orang Tua;Cuti;2.52;2;Rumah Orang Tua
MHS01560;Perempuan;23;Jawa Timur;Teknologi Maju dan Multidisiplin;Rekayasa Nanoteknologi;2025;Orang Tua;Aktif;4.0;2;Rumah Orang Tua
MHS01561;Laki-laki;19;Jawa Timur;Sains dan Teknologi;Matematika;2025;Beasiswa;Aktif;2.35;2;Rumah Orang Tua
MHS01562;Laki-laki;21;Jawa Tengah;Perikanan dan Kelautan;Teknologi Hasil Perikanan;2023;Kerja Sendiri (part-time);Aktif;2.87;6;Kos
MHS01563;Laki-laki;21;Jawa Timur;Sains dan Teknologi;Sistem Informasi;2023;Orang Tua;Aktif;2.98;6;Rumah Orang Tua
MHS01564;Laki-laki;21;DKI Jakarta;Sains dan Teknologi;Fisika;2024;Orang Tua;Aktif;3.81;4;Kos
MHS01565;Laki-laki;20;Jawa Timur;FIKKIA Banyuwangi;Kesehatan Masyarakat (FIKKIA Banyuwangi);2025;Orang Tua;Aktif;3.39;2;Asrama
MHS01566;Perempuan;22;Jawa Tengah;Sains dan Teknologi;Matematika;2023;Orang Tua;Aktif;3.37;6;Menumpang Saudara
MHS01567;Laki-laki;20;Jawa Timur;Ilmu Budaya;Bahasa dan Sastra Indonesia;2024;Orang Tua;Aktif;3.58;4;Kos
MHS01568;Laki-laki;22;Jawa Timur;Teknologi Maju dan Multidisiplin;Teknik Robotika dan Kecerdasan Buatan;2023;Beasiswa;Aktif;3.71;6;Rumah Orang Tua
MHS01569;Laki-laki;20;DKI Jakarta;Ilmu Sosial dan Ilmu Politik;Ilmu Hubungan Internasional;2025;Orang Tua;Cuti;2.9;2;Asrama
MHS01570;Laki-laki;19;Jawa Timur;Sains dan Teknologi;Statistika;2025;Orang Tua;Aktif;3.26;2;Rumah Orang Tua
MHS01571;Perempuan;24;Bali;Farmasi;Farmasi;2023;Orang Tua;Aktif;3.65;6;Asrama
MHS01572;Laki-laki;23;Kalimantan Selatan;Perikanan dan Kelautan;Teknologi Hasil Perikanan;2022;Beasiswa;Non-Aktif/DO;2.16;2;Rumah Orang Tua
MHS01573;Perempuan;20;Jawa Timur;Sains dan Teknologi;Sistem Informasi;2024;Orang Tua;Aktif;3.48;4;Kos
MHS01574;Perempuan;21;Jawa Timur;Kedokteran Hewan;Kedokteran Hewan;2024;Orang Tua;Aktif;2.66;4;Kos
MHS01575;Perempuan;23;DKI Jakarta;Kedokteran;Kebidanan;2022;Orang Tua;Lulus;2.62;8;Kos
MHS01576;Perempuan;26;Jawa Timur;Sains dan Teknologi;Teknik Lingkungan;2019;Orang Tua;Lulus;3.02;9;Rumah Orang Tua
MHS01577;Perempuan;21;Jawa Tengah;Kedokteran;Kedokteran;2023;Orang Tua;Aktif;2.96;6;Asrama
MHS01578;Laki-laki;21;Jawa Timur;Ilmu Budaya;Bahasa dan Sastra Jepang;2024;Orang Tua;Non-Aktif/DO;2.49;4;Rumah Orang Tua
MHS01579;Laki-laki;20;Jawa Timur;Ilmu Sosial dan Ilmu Politik;Antropologi;2025;Orang Tua;Aktif;2.57;2;Rumah Orang Tua
MHS01580;Perempuan;21;Jawa Timur;FIKKIA Banyuwangi;Kedokteran Hewan (FIKKIA Banyuwangi);2023;Orang Tua;Aktif;3.35;6;Kos
MHS01581;Laki-laki;21;Jawa Barat;Ilmu Budaya;Ilmu Sejarah;2023;Orang Tua;Aktif;3.14;6;Kos
MHS01582;Laki-laki;24;Jawa Tengah;Sains dan Teknologi;Sistem Informasi;2021;Orang Tua;Lulus;2.84;8;Asrama
MHS01583;Laki-laki;21;Jawa Barat;Ilmu Sosial dan Ilmu Politik;Sosiologi;2023;Orang Tua;Cuti;2.99;6;Kos
MHS01584;Perempuan;19;Kepulauan Riau;FIKKIA Banyuwangi;Kesehatan Masyarakat (FIKKIA Banyuwangi);2025;Kerja Sendiri (part-time);Aktif;3.14;2;Menumpang Saudara
MHS01585;Laki-laki;19;Sulawesi Selatan;Sains dan Teknologi;Kimia;2025;Beasiswa;Aktif;2.99;2;Kos
MHS01586;Perempuan;21;Jawa Timur;Perikanan dan Kelautan;Teknologi Hasil Perikanan;2024;Orang Tua;Aktif;3.56;4;Kos
MHS01587;Perempuan;21;Jawa Tengah;Sains dan Teknologi;Teknik Lingkungan;2023;Orang Tua;Aktif;3.24;6;Asrama
MHS01588;Perempuan;19;Jawa Timur;Sains dan Teknologi;Biologi;2025;Orang Tua;Aktif;3.79;2;Kos
MHS01589;Laki-laki;23;Jawa Timur;Farmasi;Farmasi;2021;Orang Tua;Aktif;3.15;10;Rumah Orang Tua
MHS01590;Laki-laki;20;Sumatera Selatan;Sains dan Teknologi;Matematika;2024;Beasiswa;Aktif;3.95;4;Kos
MHS01591;Laki-laki;24;Jawa Timur;Perikanan dan Kelautan;Teknologi Hasil Perikanan;2022;Orang Tua;Aktif;2.74;8;Asrama
MHS01592;Laki-laki;20;Jawa Timur;Ekonomi dan Bisnis;Manajemen;2024;Orang Tua;Aktif;2.88;4;Rumah Orang Tua
MHS01593;Perempuan;21;Jawa Timur;FIKKIA Banyuwangi;Kesehatan Masyarakat (FIKKIA Banyuwangi);2025;Orang Tua;Aktif;3.88;2;Rumah Orang Tua
MHS01594;Perempuan;24;Banten;FIKKIA Banyuwangi;Akuakultur (FIKKIA Banyuwangi);2024;Orang Tua;Aktif;3.27;4;Kos
MHS01595;Laki-laki;21;Jambi;Kedokteran;Kedokteran;2024;Kerja Sendiri (part-time);Non-Aktif/DO;2.5;3;Menumpang Saudara
MHS01596;Perempuan;21;Jawa Barat;Hukum;Ilmu Hukum;2024;Kerja Sendiri (part-time);Aktif;2.89;4;Kos
MHS01597;Perempuan;21;DKI Jakarta;Ekonomi dan Bisnis;Ilmu Ekonomi;2024;Orang Tua;Aktif;3.37;4;Menumpang Saudara
MHS01598;Perempuan;20;Jawa Timur;Kedokteran;Kedokteran;2024;Orang Tua;Aktif;3.92;4;Rumah Orang Tua
MHS01599;Perempuan;20;Jawa Timur;Kedokteran Hewan;Kedokteran Hewan;2025;Orang Tua;Aktif;3.46;2;Kos
MHS01600;Perempuan;20;Jawa Timur;Kedokteran;Kedokteran;2024;Beasiswa;Aktif;2.93;4;Rumah Orang Tua
MHS01601;Laki-laki;25;Nusa Tenggara Barat;Ekonomi dan Bisnis;Akuntansi;2019;Orang Tua;Lulus;3.26;8;Menumpang Saudara
MHS01602;Perempuan;22;Jawa Timur;Sains dan Teknologi;Statistika;2022;Orang Tua;Lulus;3.69;8;Kos
MHS01603;Laki-laki;20;Jawa Timur;Ilmu Sosial dan Ilmu Politik;Ilmu Informasi dan Perpustakaan;2025;Beasiswa;Aktif;3.08;2;Kos
MHS01604;Laki-laki;19;Sulawesi Tenggara;Teknologi Maju dan Multidisiplin;Teknik Robotika dan Kecerdasan Buatan;2025;Orang Tua;Aktif;2.48;2;Kos
MHS01605;Laki-laki;22;Jawa Timur;Sains dan Teknologi;Teknik Biomedis;2024;Orang Tua;Aktif;2.78;4;Rumah Orang Tua
MHS01606;Perempuan;22;DI Yogyakarta;FIKKIA Banyuwangi;Kedokteran Hewan (FIKKIA Banyuwangi);2023;Beasiswa;Aktif;3.16;6;Kos
MHS01607;Laki-laki;21;Jawa Timur;Ilmu Sosial dan Ilmu Politik;Ilmu Hubungan Internasional;2024;Orang Tua;Aktif;2.68;4;Kos
MHS01608;Perempuan;25;Kepulauan Riau;Teknologi Maju dan Multidisiplin;Rekayasa Nanoteknologi;2020;Orang Tua;Lulus;3.38;8;Kos
MHS01609;Laki-laki;25;Jawa Timur;Ilmu Sosial dan Ilmu Politik;Ilmu Komunikasi;2019;Beasiswa;Lulus;3.08;10;Asrama
MHS01610;Laki-laki;26;DI Yogyakarta;FIKKIA Banyuwangi;Akuakultur (FIKKIA Banyuwangi);2019;Orang Tua;Lulus;3.48;8;Kos
MHS01611;Perempuan;22;Sulawesi Tenggara;Ilmu Sosial dan Ilmu Politik;Ilmu Informasi dan Perpustakaan;2025;Orang Tua;Aktif;2.24;2;Kos
MHS01612;Perempuan;20;DKI Jakarta;FIKKIA Banyuwangi;Kedokteran (FIKKIA Banyuwangi);2024;Orang Tua;Aktif;3.15;4;Kos
MHS01613;Laki-laki;25;Jawa Timur;Sains dan Teknologi;Fisika;2020;Orang Tua;Lulus;3.76;8;Menumpang Saudara
MHS01614;Perempuan;20;Maluku;Psikologi;Psikologi;2024;Beasiswa;Aktif;3.62;4;Asrama
MHS01615;Laki-laki;20;Nusa Tenggara Timur;Teknologi Maju dan Multidisiplin;Teknik Elektro;2025;Orang Tua;Aktif;2.82;2;Asrama
MHS01616;Laki-laki;25;Jawa Barat;Sains dan Teknologi;Sistem Informasi;2020;Orang Tua;Lulus;2.65;12;Kos
MHS01617;Laki-laki;22;Jawa Timur;Teknologi Maju dan Multidisiplin;Rekayasa Nanoteknologi;2025;Beasiswa;Aktif;3.73;2;Kos
MHS01618;Perempuan;21;Bali;Sains dan Teknologi;Statistika;2023;Orang Tua;Aktif;3.09;6;Kos
MHS01619;Laki-laki;19;Kalimantan Selatan;Ekonomi dan Bisnis;Manajemen;2025;Beasiswa;Aktif;2.26;2;Asrama
MHS01620;Laki-laki;20;Jawa Tengah;Ilmu Sosial dan Ilmu Politik;Ilmu Politik;2024;Orang Tua;Aktif;2.58;4;Asrama
MHS01621;Laki-laki;22;Jawa Timur;Hukum;Ilmu Hukum;2023;Orang Tua;Aktif;3.12;6;Rumah Orang Tua
MHS01622;Laki-laki;22;Papua;Sains dan Teknologi;Sistem Informasi;2023;Orang Tua;Aktif;2.98;6;Menumpang Saudara
MHS01623;Perempuan;23;Jawa Timur;Ekonomi dan Bisnis;Ekonomi Islam;2022;Orang Tua;Cuti;3.02;8;Rumah Orang Tua
MHS01624;Laki-laki;24;Jawa Timur;Teknologi Maju dan Multidisiplin;Rekayasa Nanoteknologi;2021;Orang Tua;Lulus;3.38;9;Rumah Orang Tua
MHS01625;Perempuan;21;Gorontalo;Ilmu Sosial dan Ilmu Politik;Ilmu Komunikasi;2024;Orang Tua;Aktif;3.25;4;Kos
MHS01626;Perempuan;25;Jawa Tengah;Hukum;Ilmu Hukum;2020;Orang Tua;Lulus;3.47;9;Kos
MHS01627;Laki-laki;22;Jawa Timur;Sains dan Teknologi;Teknik Biomedis;2023;Orang Tua;Aktif;3.16;6;Rumah Orang Tua
MHS01628;Laki-laki;22;Jawa Timur;Farmasi;Farmasi;2022;Orang Tua;Lulus;3.4;8;Rumah Orang Tua
MHS01629;Perempuan;20;Papua Barat Daya;FIKKIA Banyuwangi;Kedokteran (FIKKIA Banyuwangi);2025;Orang Tua;Aktif;2.96;2;Kos
MHS01630;Perempuan;21;Sulawesi Selatan;Ilmu Budaya;Ilmu Sejarah;2024;Orang Tua;Aktif;2.89;4;Asrama
MHS01631;Laki-laki;23;Jawa Timur;Ilmu Sosial dan Ilmu Politik;Ilmu Komunikasi;2022;Orang Tua;Lulus;3.21;8;Kos
MHS01632;Perempuan;25;Jawa Timur;Ilmu Budaya;Bahasa dan Sastra Indonesia;2019;Orang Tua;Lulus;3.44;9;Kos
MHS01633;Laki-laki;22;Jawa Timur;Ekonomi dan Bisnis;Manajemen;2023;Beasiswa;Aktif;3.39;6;Kos
MHS01634;Perempuan;21;Jawa Timur;Ilmu Sosial dan Ilmu Politik;Ilmu Informasi dan Perpustakaan;2023;Orang Tua;Aktif;3.41;6;Rumah Orang Tua
MHS01635;Perempuan;21;Jawa Timur;Kedokteran Gigi;Kedokteran Gigi;2024;Kerja Sendiri (part-time);Aktif;3.17;4;Kos
MHS01636;Perempuan;22;Jawa Timur;Kesehatan Masyarakat;Kesehatan Masyarakat;2023;Beasiswa;Aktif;2.32;6;Rumah Orang Tua
MHS01637;Perempuan;20;Nusa Tenggara Barat;Kedokteran;Kebidanan;2024;Beasiswa;Cuti;2.77;4;Asrama
MHS01638;Perempuan;20;Jawa Timur;Sains dan Teknologi;Teknik Biomedis;2024;Orang Tua;Aktif;2.87;4;Asrama
MHS01639;Perempuan;21;Jawa Timur;Ilmu Budaya;Bahasa dan Sastra Jepang;2023;Orang Tua;Aktif;3.64;6;Rumah Orang Tua
MHS01640;Perempuan;23;Sumatera Barat;Ekonomi dan Bisnis;Ekonomi Islam;2022;Orang Tua;Lulus;3.19;8;Kos
MHS01641;Perempuan;23;Jawa Timur;Teknologi Maju dan Multidisiplin;Teknik Elektro;2024;Beasiswa;Aktif;3.29;4;Rumah Orang Tua
MHS01642;Laki-laki;20;Jawa Timur;Sains dan Teknologi;Biologi;2024;Orang Tua;Aktif;3.13;4;Kos
MHS01643;Laki-laki;25;Jawa Tengah;Ilmu Sosial dan Ilmu Politik;Ilmu Komunikasi;2023;Orang Tua;Aktif;3.91;6;Rumah Orang Tua
MHS01644;Laki-laki;24;Jawa Timur;Kedokteran Hewan;Kedokteran Hewan;2023;Orang Tua;Aktif;3.48;6;Rumah Orang Tua
MHS01645;Laki-laki;22;Jawa Timur;Ilmu Sosial dan Ilmu Politik;Antropologi;2023;Orang Tua;Aktif;3.1;6;Rumah Orang Tua
MHS01646;Laki-laki;20;Nusa Tenggara Barat;Sains dan Teknologi;Teknik Biomedis;2024;Orang Tua;Aktif;3.42;4;Kos
MHS01647;Laki-laki;22;Jawa Timur;Sains dan Teknologi;Fisika;2023;Orang Tua;Aktif;3.92;6;Rumah Orang Tua
MHS01648;Laki-laki;22;Jawa Tengah;Teknologi Maju dan Multidisiplin;Teknologi Sains Data;2025;Orang Tua;Aktif;3.5;2;Kos
MHS01649;Perempuan;22;Jawa Timur;Sains dan Teknologi;Fisika;2025;Kerja Sendiri (part-time);Cuti;2.88;2;Rumah Orang Tua
MHS01650;Laki-laki;23;Papua Pegunungan;Sains dan Teknologi;Biologi;2021;Kerja Sendiri (part-time);Lulus;3.12;10;Kos
MHS01651;Perempuan;26;Jawa Timur;Sains dan Teknologi;Matematika;2019;Orang Tua;Lulus;3.51;8;Rumah Orang Tua
MHS01652;Perempuan;20;Papua Barat;Ekonomi dan Bisnis;Manajemen;2025;Orang Tua;Aktif;2.16;2;Menumpang Saudara
MHS01653;Laki-laki;19;DKI Jakarta;Farmasi;Farmasi;2025;Kerja Sendiri (part-time);Aktif;2.26;2;Kos
MHS01654;Laki-laki;21;Papua Barat Daya;Psikologi;Psikologi;2024;Orang Tua;Aktif;2.93;4;Kos
MHS01655;Laki-laki;23;Jawa Timur;Sains dan Teknologi;Matematika;2021;Orang Tua;Lulus;3.46;8;Kos
MHS01656;Perempuan;21;Jawa Timur;FIKKIA Banyuwangi;Kedokteran (FIKKIA Banyuwangi);2024;Orang Tua;Aktif;2.86;4;Kos
MHS01657;Perempuan;21;Jawa Timur;Kesehatan Masyarakat;Gizi;2023;Beasiswa;Cuti;3.41;6;Rumah Orang Tua
MHS01658;Perempuan;21;Papua Selatan;Sains dan Teknologi;Teknik Biomedis;2023;Orang Tua;Aktif;3.18;6;Kos
MHS01659;Perempuan;23;Jawa Timur;Farmasi;Farmasi;2022;Beasiswa;Cuti;3.41;8;Rumah Orang Tua
MHS01660;Perempuan;25;Jawa Timur;Psikologi;Psikologi;2020;Orang Tua;Lulus;2.93;9;Rumah Orang Tua
MHS01661;Laki-laki;23;Jawa Timur;Ilmu Sosial dan Ilmu Politik;Sosiologi;2022;Pinjaman/Kredit Pendidikan;Aktif;3.15;8;Kos
MHS01662;Perempuan;21;Kepulauan Bangka Belitung;Kedokteran Gigi;Kedokteran Gigi;2023;Orang Tua;Aktif;3.82;6;Kos
MHS01663;Laki-laki;27;Jawa Timur;FIKKIA Banyuwangi;Kedokteran (FIKKIA Banyuwangi);2020;Orang Tua;Lulus;3.3;8;Rumah Orang Tua
MHS01664;Laki-laki;22;Jawa Timur;Ilmu Sosial dan Ilmu Politik;Sosiologi;2022;Beasiswa;Lulus;3.08;8;Asrama
MHS01665;Perempuan;25;Jawa Timur;Sains dan Teknologi;Sistem Informasi;2022;Beasiswa;Lulus;3.88;8;Rumah Orang Tua
MHS01666;Perempuan;24;Jawa Tengah;Kesehatan Masyarakat;Gizi;2022;Orang Tua;Lulus;3.11;8;Kos
MHS01667;Laki-laki;22;Jawa Timur;FIKKIA Banyuwangi;Kesehatan Masyarakat (FIKKIA Banyuwangi);2023;Kerja Sendiri (part-time);Aktif;3.27;6;Rumah Orang Tua
MHS01668;Perempuan;21;Jawa Timur;Ilmu Sosial dan Ilmu Politik;Antropologi;2024;Orang Tua;Aktif;3.17;4;Rumah Orang Tua
MHS01669;Laki-laki;19;Jawa Timur;Ilmu Budaya;Bahasa dan Sastra Indonesia;2025;Beasiswa;Aktif;3.98;2;Rumah Orang Tua
MHS01670;Laki-laki;22;Jawa Timur;Ekonomi dan Bisnis;Manajemen;2023;Orang Tua;Aktif;3.42;6;Rumah Orang Tua
MHS01671;Laki-laki;19;Jawa Timur;Perikanan dan Kelautan;Teknologi Hasil Perikanan;2025;Orang Tua;Aktif;2.58;2;Rumah Orang Tua
MHS01672;Perempuan;21;Jawa Tengah;Teknologi Maju dan Multidisiplin;Rekayasa Nanoteknologi;2023;Kerja Sendiri (part-time);Aktif;2.91;6;Kos
MHS01673;Perempuan;21;Lampung;Ilmu Sosial dan Ilmu Politik;Sosiologi;2024;Beasiswa;Aktif;3.56;4;Asrama
MHS01674;Perempuan;22;Jawa Timur;Sains dan Teknologi;Biologi;2022;Orang Tua;Aktif;3.32;8;Rumah Orang Tua
MHS01675;Perempuan;22;Nusa Tenggara Timur;Kedokteran;Kebidanan;2023;Beasiswa;Aktif;3.42;6;Kos
MHS01676;Laki-laki;21;Jawa Timur;Ilmu Budaya;Ilmu Sejarah;2024;Beasiswa;Aktif;3.14;4;Menumpang Saudara
MHS01677;Perempuan;22;Jawa Timur;Sains dan Teknologi;Fisika;2022;Orang Tua;Aktif;3.02;8;Asrama
MHS01678;Perempuan;21;Jawa Timur;Sains dan Teknologi;Statistika;2023;Beasiswa;Aktif;3.45;6;Rumah Orang Tua
MHS01679;Laki-laki;21;Jawa Timur;Teknologi Maju dan Multidisiplin;Teknik Robotika dan Kecerdasan Buatan;2023;Beasiswa;Aktif;3.0;6;Rumah Orang Tua
MHS01680;Perempuan;22;Jawa Timur;Ilmu Sosial dan Ilmu Politik;Ilmu Hubungan Internasional;2022;Orang Tua;Aktif;2.92;8;Kos
MHS01681;Laki-laki;20;Sumatera Utara;Teknologi Maju dan Multidisiplin;Teknik Elektro;2025;Orang Tua;Aktif;2.99;2;Asrama
MHS01682;Laki-laki;22;Jawa Timur;Ekonomi dan Bisnis;Ilmu Ekonomi;2023;Orang Tua;Non-Aktif/DO;2.81;4;Kos
MHS01683;Perempuan;24;Sulawesi Barat;Teknologi Maju dan Multidisiplin;Teknik Robotika dan Kecerdasan Buatan;2021;Orang Tua;Lulus;3.91;8;Asrama
MHS01684;Perempuan;20;Jawa Timur;Ilmu Sosial dan Ilmu Politik;Ilmu Informasi dan Perpustakaan;2024;Orang Tua;Aktif;2.59;4;Rumah Orang Tua
MHS01685;Laki-laki;23;Jawa Timur;FIKKIA Banyuwangi;Kedokteran Hewan (FIKKIA Banyuwangi);2022;Orang Tua;Aktif;3.29;8;Kos
MHS01686;Laki-laki;22;Jawa Timur;Kesehatan Masyarakat;Gizi;2022;Orang Tua;Lulus;3.16;8;Kos
MHS01687;Perempuan;21;Sumatera Utara;Ilmu Budaya;Ilmu Sejarah;2025;Orang Tua;Cuti;2.49;2;Asrama
MHS01688;Perempuan;22;Nusa Tenggara Timur;Kesehatan Masyarakat;Kesehatan Masyarakat;2023;Orang Tua;Aktif;2.96;6;Kos
MHS01689;Perempuan;23;Jawa Timur;Kedokteran Gigi;Kedokteran Gigi;2021;Orang Tua;Lulus;3.78;8;Kos
MHS01690;Perempuan;21;Jawa Timur;Kesehatan Masyarakat;Gizi;2024;Orang Tua;Aktif;3.35;4;Rumah Orang Tua
MHS01691;Perempuan;19;Jawa Timur;Ilmu Sosial dan Ilmu Politik;Antropologi;2025;Beasiswa;Aktif;3.79;2;Rumah Orang Tua
MHS01692;Laki-laki;19;Jawa Timur;Psikologi;Psikologi;2025;Beasiswa;Aktif;3.24;2;Kos
MHS01693;Perempuan;22;Jawa Timur;Ilmu Budaya;Bahasa dan Sastra Jepang;2023;Beasiswa;Aktif;2.89;6;Menumpang Saudara
MHS01694;Perempuan;21;Jawa Timur;Ilmu Budaya;Ilmu Sejarah;2024;Orang Tua;Aktif;3.37;4;Kos
MHS01695;Perempuan;21;Banten;Farmasi;Farmasi;2023;Orang Tua;Aktif;2.63;6;Kos
MHS01696;Perempuan;20;Jawa Timur;Kedokteran Hewan;Kedokteran Hewan;2025;Orang Tua;Aktif;2.74;2;Rumah Orang Tua
MHS01697;Laki-laki;20;Sulawesi Selatan;Teknologi Maju dan Multidisiplin;Teknik Elektro;2024;Orang Tua;Aktif;3.02;4;Kos
MHS01698;Laki-laki;23;Jawa Timur;Sains dan Teknologi;Sistem Informasi;2022;Beasiswa;Non-Aktif/DO;1.69;2;Rumah Orang Tua
MHS01699;Perempuan;22;Jawa Timur;Ilmu Budaya;Bahasa dan Sastra Indonesia;2022;Orang Tua;Aktif;3.13;8;Rumah Orang Tua
MHS01700;Laki-laki;19;DKI Jakarta;Perikanan dan Kelautan;Akuakultur;2025;Orang Tua;Aktif;3.2;2;Kos
MHS01701;Perempuan;22;Jawa Timur;Ilmu Sosial dan Ilmu Politik;Sosiologi;2023;Beasiswa;Aktif;3.73;6;Menumpang Saudara
MHS01702;Perempuan;20;Jawa Timur;Ilmu Sosial dan Ilmu Politik;Ilmu Politik;2024;Beasiswa;Aktif;3.8;4;Rumah Orang Tua
MHS01703;Laki-laki;20;Jawa Timur;Sains dan Teknologi;Matematika;2025;Orang Tua;Aktif;3.12;2;Rumah Orang Tua
MHS01704;Perempuan;23;Jawa Timur;FIKKIA Banyuwangi;Kedokteran Hewan (FIKKIA Banyuwangi);2023;Orang Tua;Cuti;3.14;6;Kos
MHS01705;Perempuan;20;Kalimantan Selatan;Keperawatan;Keperawatan;2024;Beasiswa;Aktif;3.74;4;Kos
MHS01706;Laki-laki;25;Jawa Timur;Sains dan Teknologi;Statistika;2023;Orang Tua;Aktif;3.82;6;Rumah Orang Tua
MHS01707;Perempuan;21;Jawa Tengah;Kedokteran;Kedokteran;2024;Orang Tua;Aktif;3.92;4;Rumah Orang Tua
MHS01708;Laki-laki;22;Jawa Timur;Ekonomi dan Bisnis;Ilmu Ekonomi;2023;Orang Tua;Aktif;2.82;6;Rumah Orang Tua
MHS01709;Laki-laki;22;Jawa Timur;Teknologi Maju dan Multidisiplin;Teknik Industri;2023;Orang Tua;Aktif;3.44;6;Menumpang Saudara
MHS01710;Laki-laki;19;Lampung;Perikanan dan Kelautan;Teknologi Hasil Perikanan;2025;Orang Tua;Aktif;2.78;2;Asrama
MHS01711;Perempuan;22;Jawa Timur;Keperawatan;Keperawatan;2023;Orang Tua;Non-Aktif/DO;2.29;5;Kos
MHS01712;Perempuan;20;Jawa Timur;Psikologi;Psikologi;2024;Orang Tua;Aktif;2.81;4;Asrama
MHS01713;Perempuan;22;Jawa Timur;Ilmu Budaya;Bahasa dan Sastra Indonesia;2023;Orang Tua;Aktif;3.3;6;Rumah Orang Tua
MHS01714;Laki-laki;22;Jawa Timur;Ilmu Sosial dan Ilmu Politik;Ilmu Politik;2023;Pinjaman/Kredit Pendidikan;Aktif;3.41;6;Kos
MHS01715;Perempuan;19;Jawa Tengah;Keperawatan;Keperawatan;2025;Orang Tua;Aktif;4.0;2;Rumah Orang Tua
MHS01716;Perempuan;21;Papua Barat Daya;Ilmu Budaya;Bahasa dan Sastra Indonesia;2024;Orang Tua;Aktif;3.6;4;Kos
MHS01717;Perempuan;20;Sumatera Utara;Psikologi;Psikologi;2025;Orang Tua;Aktif;2.22;2;Asrama
MHS01718;Laki-laki;21;Jawa Timur;Sains dan Teknologi;Biologi;2024;Orang Tua;Aktif;3.29;4;Kos
MHS01719;Perempuan;20;Jawa Timur;Ilmu Budaya;Bahasa dan Sastra Inggris;2025;Orang Tua;Aktif;2.9;2;Asrama
MHS01720;Laki-laki;21;Jawa Timur;Kedokteran Gigi;Kedokteran Gigi;2024;Kerja Sendiri (part-time);Non-Aktif/DO;2.21;4;Asrama
MHS01721;Laki-laki;20;Kepulauan Riau;Sains dan Teknologi;Teknik Lingkungan;2025;Orang Tua;Aktif;2.41;2;Kos
MHS01722;Laki-laki;20;Banten;FIKKIA Banyuwangi;Akuakultur (FIKKIA Banyuwangi);2024;Kerja Sendiri (part-time);Cuti;2.96;4;Menumpang Saudara
MHS01723;Perempuan;22;Bali;Sains dan Teknologi;Kimia;2024;Orang Tua;Aktif;3.37;4;Kos
MHS01724;Perempuan;22;Jawa Timur;Ilmu Sosial dan Ilmu Politik;Ilmu Informasi dan Perpustakaan;2024;Orang Tua;Aktif;3.0;4;Rumah Orang Tua
MHS01725;Perempuan;20;Jawa Timur;Ilmu Sosial dan Ilmu Politik;Ilmu Informasi dan Perpustakaan;2024;Orang Tua;Aktif;3.21;4;Kos
MHS01726;Perempuan;21;Jawa Timur;Ekonomi dan Bisnis;Akuntansi;2024;Orang Tua;Non-Aktif/DO;3.06;2;Rumah Orang Tua
MHS01727;Laki-laki;21;Jawa Timur;FIKKIA Banyuwangi;Kedokteran (FIKKIA Banyuwangi);2023;Orang Tua;Aktif;3.86;6;Rumah Orang Tua
MHS01728;Perempuan;19;Jawa Timur;Ekonomi dan Bisnis;Manajemen;2025;Orang Tua;Aktif;3.03;2;Asrama
MHS01729;Laki-laki;23;Jawa Timur;Teknologi Maju dan Multidisiplin;Teknik Robotika dan Kecerdasan Buatan;2021;Beasiswa;Lulus;3.89;8;Rumah Orang Tua
MHS01730;Perempuan;20;Jawa Barat;Ekonomi dan Bisnis;Akuntansi;2024;Beasiswa;Aktif;3.16;4;Asrama
MHS01731;Perempuan;22;Jawa Timur;Ilmu Sosial dan Ilmu Politik;Ilmu Politik;2023;Orang Tua;Aktif;3.06;6;Rumah Orang Tua
MHS01732;Perempuan;24;Jawa Timur;FIKKIA Banyuwangi;Kedokteran (FIKKIA Banyuwangi);2022;Beasiswa;Lulus;3.77;8;Rumah Orang Tua
MHS01733;Perempuan;20;Jawa Timur;Hukum;Ilmu Hukum;2025;Kerja Sendiri (part-time);Cuti;2.94;2;Rumah Orang Tua
MHS01734;Laki-laki;20;Banten;Teknologi Maju dan Multidisiplin;Teknik Industri;2025;Orang Tua;Aktif;3.19;2;Kos
MHS01735;Laki-laki;19;Jawa Timur;Keperawatan;Keperawatan;2025;Orang Tua;Aktif;3.27;2;Rumah Orang Tua
MHS01736;Laki-laki;20;Jawa Tengah;Kesehatan Masyarakat;Kesehatan Masyarakat;2024;Orang Tua;Aktif;3.0;4;Menumpang Saudara
MHS01737;Perempuan;20;Jawa Timur;Hukum;Ilmu Hukum;2024;Orang Tua;Aktif;2.71;4;Kos
MHS01738;Perempuan;24;Jawa Timur;Ilmu Budaya;Bahasa dan Sastra Jepang;2023;Orang Tua;Aktif;3.8;6;Rumah Orang Tua
MHS01739;Perempuan;22;Jawa Timur;Kedokteran;Kedokteran;2023;Orang Tua;Aktif;3.57;6;Rumah Orang Tua
MHS01740;Laki-laki;24;Jawa Timur;FIKKIA Banyuwangi;Kesehatan Masyarakat (FIKKIA Banyuwangi);2023;Orang Tua;Aktif;3.16;6;Kos
MHS01741;Perempuan;20;Papua Barat Daya;FIKKIA Banyuwangi;Akuakultur (FIKKIA Banyuwangi);2024;Orang Tua;Aktif;3.69;4;Asrama
MHS01742;Laki-laki;24;Banten;Ilmu Sosial dan Ilmu Politik;Administrasi Publik;2024;Orang Tua;Aktif;2.74;4;Kos
MHS01743;Perempuan;23;DKI Jakarta;Kedokteran;Kedokteran;2021;Orang Tua;Lulus;3.43;8;Kos
MHS01744;Laki-laki;22;Sumatera Utara;Ilmu Sosial dan Ilmu Politik;Sosiologi;2022;Orang Tua;Aktif;2.71;8;Kos
MHS01745;Laki-laki;24;Jawa Timur;Hukum;Ilmu Hukum;2021;Orang Tua;Lulus;2.99;9;Kos
MHS01746;Laki-laki;21;Nusa Tenggara Timur;Kedokteran;Kedokteran;2024;Kerja Sendiri (part-time);Aktif;2.89;4;Kos
MHS01747;Laki-laki;23;Nusa Tenggara Timur;Kesehatan Masyarakat;Kesehatan Masyarakat;2022;Orang Tua;Lulus;3.24;8;Asrama
MHS01748;Perempuan;25;Jawa Barat;Ilmu Sosial dan Ilmu Politik;Ilmu Hubungan Internasional;2023;Orang Tua;Cuti;3.12;6;Kos
MHS01749;Perempuan;22;Kalimantan Barat;Kedokteran Hewan;Kedokteran Hewan;2023;Orang Tua;Aktif;3.18;6;Menumpang Saudara
MHS01750;Perempuan;20;Jawa Timur;Ekonomi dan Bisnis;Ilmu Ekonomi;2025;Beasiswa;Aktif;2.85;2;Menumpang Saudara
MHS01751;Perempuan;20;Jawa Timur;FIKKIA Banyuwangi;Kesehatan Masyarakat (FIKKIA Banyuwangi);2025;Kerja Sendiri (part-time);Aktif;3.04;2;Rumah Orang Tua
MHS01752;Laki-laki;24;Kalimantan Tengah;Perikanan dan Kelautan;Teknologi Hasil Perikanan;2020;Orang Tua;Lulus;3.09;9;Kos
MHS01753;Laki-laki;19;Jawa Timur;Sains dan Teknologi;Teknik Lingkungan;2025;Orang Tua;Cuti;3.59;2;Rumah Orang Tua
MHS01754;Laki-laki;22;Sulawesi Tengah;FIKKIA Banyuwangi;Kedokteran Hewan (FIKKIA Banyuwangi);2023;Beasiswa;Aktif;2.57;6;Menumpang Saudara
MHS01755;Perempuan;21;Jawa Timur;FIKKIA Banyuwangi;Kedokteran Hewan (FIKKIA Banyuwangi);2023;Orang Tua;Aktif;3.45;6;Rumah Orang Tua
MHS01756;Laki-laki;24;Jawa Timur;Sains dan Teknologi;Sistem Informasi;2021;Orang Tua;Lulus;2.92;9;Rumah Orang Tua
MHS01757;Perempuan;25;Sumatera Utara;Perikanan dan Kelautan;Teknologi Hasil Perikanan;2020;Orang Tua;Lulus;3.05;8;Kos
MHS01758;Perempuan;22;Jawa Timur;Teknologi Maju dan Multidisiplin;Teknologi Sains Data;2025;Orang Tua;Aktif;2.42;2;Rumah Orang Tua
MHS01759;Perempuan;21;Jawa Timur;Sains dan Teknologi;Statistika;2023;Orang Tua;Aktif;3.33;6;Rumah Orang Tua
MHS01760;Perempuan;22;Jawa Timur;Ilmu Sosial dan Ilmu Politik;Administrasi Publik;2022;Orang Tua;Lulus;3.82;8;Rumah Orang Tua
MHS01761;Laki-laki;20;Jawa Timur;Psikologi;Psikologi;2025;Orang Tua;Aktif;3.22;2;Rumah Orang Tua
MHS01762;Perempuan;21;Kalimantan Selatan;Ilmu Sosial dan Ilmu Politik;Ilmu Informasi dan Perpustakaan;2024;Orang Tua;Aktif;3.76;4;Kos
MHS01763;Perempuan;20;Lampung;FIKKIA Banyuwangi;Kesehatan Masyarakat (FIKKIA Banyuwangi);2025;Kerja Sendiri (part-time);Aktif;2.62;2;Kos
MHS01764;Perempuan;21;Jawa Timur;Sains dan Teknologi;Biologi;2023;Orang Tua;Aktif;2.88;6;Kos
MHS01765;Laki-laki;22;Jawa Timur;Sains dan Teknologi;Teknik Lingkungan;2023;Beasiswa;Aktif;3.7;6;Kos
MHS01766;Laki-laki;20;Sumatera Utara;Perikanan dan Kelautan;Teknologi Hasil Perikanan;2025;Orang Tua;Aktif;2.19;2;Kos
MHS01767;Perempuan;20;Jawa Timur;Ilmu Budaya;Bahasa dan Sastra Inggris;2024;Orang Tua;Aktif;4.0;4;Kos
MHS01768;Laki-laki;23;Jawa Timur;Ilmu Budaya;Bahasa dan Sastra Indonesia;2024;Beasiswa;Aktif;3.45;4;Rumah Orang Tua
MHS01769;Perempuan;21;Jawa Timur;Keperawatan;Keperawatan;2023;Beasiswa;Aktif;2.98;6;Menumpang Saudara
MHS01770;Laki-laki;22;Sulawesi Selatan;Ilmu Budaya;Ilmu Sejarah;2023;Orang Tua;Aktif;3.52;6;Kos
MHS01771;Perempuan;21;Jawa Timur;Ilmu Sosial dan Ilmu Politik;Ilmu Komunikasi;2023;Orang Tua;Aktif;3.67;6;Kos
MHS01772;Perempuan;22;Jawa Timur;Ekonomi dan Bisnis;Akuntansi;2023;Orang Tua;Aktif;3.23;6;Kos
MHS01773;Laki-laki;20;Jawa Timur;Ilmu Budaya;Ilmu Sejarah;2025;Orang Tua;Aktif;3.06;2;Rumah Orang Tua
MHS01774;Laki-laki;20;Jawa Timur;Teknologi Maju dan Multidisiplin;Teknik Elektro;2024;Beasiswa;Aktif;3.17;4;Rumah Orang Tua
MHS01775;Perempuan;24;Jawa Timur;Keperawatan;Keperawatan;2023;Orang Tua;Aktif;2.97;6;Kos
MHS01776;Laki-laki;19;Jawa Timur;Psikologi;Psikologi;2025;Orang Tua;Aktif;3.98;2;Rumah Orang Tua
MHS01777;Laki-laki;20;Jawa Tengah;Ekonomi dan Bisnis;Manajemen;2025;Beasiswa;Aktif;3.4;2;Rumah Orang Tua
MHS01778;Perempuan;24;Maluku Utara;Ilmu Sosial dan Ilmu Politik;Sosiologi;2021;Orang Tua;Lulus;2.81;10;Kos
MHS01779;Laki-laki;19;Jawa Tengah;Ilmu Budaya;Ilmu Sejarah;2025;Orang Tua;Aktif;3.07;2;Kos
MHS01780;Laki-laki;20;Jawa Timur;FIKKIA Banyuwangi;Kedokteran Hewan (FIKKIA Banyuwangi);2024;Kerja Sendiri (part-time);Aktif;3.62;4;Rumah Orang Tua
MHS01781;Laki-laki;22;Jawa Timur;Ilmu Sosial dan Ilmu Politik;Ilmu Politik;2025;Orang Tua;Aktif;3.55;2;Kos
MHS01782;Perempuan;20;Jawa Timur;FIKKIA Banyuwangi;Kesehatan Masyarakat (FIKKIA Banyuwangi);2025;Orang Tua;Aktif;3.13;2;Asrama
MHS01783;Laki-laki;21;Jawa Timur;Perikanan dan Kelautan;Akuakultur;2023;Orang Tua;Aktif;2.59;6;Rumah Orang Tua
MHS01784;Perempuan;20;Jawa Timur;Ilmu Budaya;Bahasa dan Sastra Indonesia;2025;Beasiswa;Cuti;2.57;2;Rumah Orang Tua
MHS01785;Perempuan;22;Jawa Timur;Ekonomi dan Bisnis;Ekonomi Islam;2023;Orang Tua;Aktif;3.29;6;Asrama
MHS01786;Laki-laki;21;Nusa Tenggara Timur;Ilmu Sosial dan Ilmu Politik;Antropologi;2024;Orang Tua;Cuti;2.84;4;Kos
MHS01787;Perempuan;23;Jawa Timur;Kedokteran;Kebidanan;2025;Orang Tua;Aktif;3.04;2;Rumah Orang Tua
MHS01788;Laki-laki;19;DI Yogyakarta;Ilmu Sosial dan Ilmu Politik;Antropologi;2025;Beasiswa;Cuti;2.18;2;Kos
MHS01789;Perempuan;21;Jawa Timur;Ilmu Sosial dan Ilmu Politik;Administrasi Publik;2023;Orang Tua;Aktif;3.24;6;Kos
MHS01790;Laki-laki;22;Jawa Timur;Kesehatan Masyarakat;Kesehatan Masyarakat;2023;Pinjaman/Kredit Pendidikan;Aktif;3.61;6;Rumah Orang Tua
MHS01791;Perempuan;19;Jawa Tengah;Kesehatan Masyarakat;Kesehatan Masyarakat;2025;Orang Tua;Aktif;2.59;2;Kos
MHS01792;Perempuan;20;Jawa Timur;Sains dan Teknologi;Biologi;2025;Orang Tua;Aktif;2.9;2;Asrama
MHS01793;Perempuan;22;Jawa Timur;Perikanan dan Kelautan;Teknologi Hasil Perikanan;2023;Orang Tua;Aktif;3.29;6;Kos
MHS01794;Perempuan;23;Lampung;Ilmu Budaya;Bahasa dan Sastra Inggris;2021;Orang Tua;Lulus;3.29;10;Asrama
MHS01795;Laki-laki;25;Maluku;Teknologi Maju dan Multidisiplin;Teknik Industri;2022;Orang Tua;Lulus;3.51;8;Kos
MHS01796;Laki-laki;21;Nusa Tenggara Barat;Sains dan Teknologi;Sistem Informasi;2023;Orang Tua;Aktif;3.25;6;Kos
MHS01797;Laki-laki;23;Kalimantan Selatan;Ilmu Sosial dan Ilmu Politik;Administrasi Publik;2021;Orang Tua;Lulus;3.84;8;Asrama
MHS01798;Perempuan;19;Jawa Tengah;FIKKIA Banyuwangi;Kesehatan Masyarakat (FIKKIA Banyuwangi);2025;Orang Tua;Aktif;3.04;2;Kos
MHS01799;Laki-laki;19;Jawa Timur;Teknologi Maju dan Multidisiplin;Teknik Robotika dan Kecerdasan Buatan;2025;Beasiswa;Aktif;3.78;2;Kos
MHS01800;Laki-laki;22;Riau;Sains dan Teknologi;Fisika;2023;Orang Tua;Aktif;3.46;6;Kos
MHS01801;Perempuan;20;DI Yogyakarta;FIKKIA Banyuwangi;Kedokteran Hewan (FIKKIA Banyuwangi);2024;Kerja Sendiri (part-time);Aktif;2.41;4;Asrama
MHS01802;Perempuan;20;Jawa Timur;Ilmu Sosial dan Ilmu Politik;Ilmu Hubungan Internasional;2024;Kerja Sendiri (part-time);Aktif;2.84;4;Rumah Orang Tua
MHS01803;Laki-laki;24;Papua;Perikanan dan Kelautan;Akuakultur;2020;Kerja Sendiri (part-time);Lulus;3.34;8;Kos
MHS01804;Perempuan;22;Sulawesi Tengah;Kedokteran;Kedokteran;2022;Kerja Sendiri (part-time);Aktif;3.44;8;Asrama
MHS01805;Laki-laki;22;Jawa Timur;Perikanan dan Kelautan;Teknologi Hasil Perikanan;2023;Beasiswa;Aktif;3.36;6;Rumah Orang Tua
MHS01806;Laki-laki;25;Jawa Timur;Sains dan Teknologi;Teknik Lingkungan;2019;Orang Tua;Lulus;3.34;9;Rumah Orang Tua
MHS01807;Laki-laki;24;Jawa Timur;Sains dan Teknologi;Teknik Lingkungan;2021;Orang Tua;Lulus;3.53;10;Rumah Orang Tua
MHS01808;Perempuan;20;Jawa Timur;FIKKIA Banyuwangi;Kedokteran (FIKKIA Banyuwangi);2025;Orang Tua;Aktif;3.65;2;Rumah Orang Tua
MHS01809;Laki-laki;22;Jawa Timur;Teknologi Maju dan Multidisiplin;Rekayasa Nanoteknologi;2025;Kerja Sendiri (part-time);Aktif;3.67;2;Asrama
MHS01810;Laki-laki;21;Jawa Timur;Ekonomi dan Bisnis;Ilmu Ekonomi;2024;Beasiswa;Aktif;3.94;4;Rumah Orang Tua
MHS01811;Laki-laki;19;Sulawesi Tengah;Ekonomi dan Bisnis;Akuntansi;2025;Beasiswa;Cuti;2.62;2;Asrama
MHS01812;Laki-laki;22;Jawa Barat;Ekonomi dan Bisnis;Ekonomi Islam;2022;Beasiswa;Lulus;3.84;8;Kos
MHS01813;Laki-laki;21;Papua Barat;Ilmu Sosial dan Ilmu Politik;Ilmu Informasi dan Perpustakaan;2025;Orang Tua;Aktif;3.12;2;Menumpang Saudara
MHS01814;Perempuan;24;DKI Jakarta;Ilmu Sosial dan Ilmu Politik;Administrasi Publik;2021;Orang Tua;Lulus;3.29;9;Asrama
MHS01815;Laki-laki;20;Jawa Timur;Teknologi Maju dan Multidisiplin;Teknik Elektro;2024;Beasiswa;Aktif;3.19;4;Asrama
MHS01816;Perempuan;22;Nusa Tenggara Timur;Sains dan Teknologi;Biologi;2023;Beasiswa;Aktif;3.2;6;Asrama
MHS01817;Perempuan;20;Jawa Timur;Kesehatan Masyarakat;Kesehatan Masyarakat;2025;Pinjaman/Kredit Pendidikan;Aktif;2.69;2;Rumah Orang Tua
MHS01818;Perempuan;19;Papua Barat Daya;Sains dan Teknologi;Kimia;2025;Beasiswa;Aktif;2.75;2;Asrama
MHS01819;Perempuan;21;Jawa Timur;Teknologi Maju dan Multidisiplin;Teknologi Sains Data;2023;Beasiswa;Aktif;2.92;6;Asrama
MHS01820;Laki-laki;22;Jawa Timur;Teknologi Maju dan Multidisiplin;Teknologi Sains Data;2023;Beasiswa;Aktif;2.75;6;Rumah Orang Tua
MHS01821;Perempuan;21;DKI Jakarta;Ilmu Sosial dan Ilmu Politik;Ilmu Informasi dan Perpustakaan;2024;Beasiswa;Aktif;2.71;4;Asrama
MHS01822;Perempuan;20;Jawa Timur;Ilmu Sosial dan Ilmu Politik;Sosiologi;2024;Orang Tua;Aktif;3.38;4;Kos
MHS01823;Perempuan;22;Jawa Timur;Ilmu Budaya;Bahasa dan Sastra Inggris;2022;Orang Tua;Lulus;3.7;8;Kos
MHS01824;Perempuan;23;Jawa Timur;FIKKIA Banyuwangi;Kedokteran Hewan (FIKKIA Banyuwangi);2021;Orang Tua;Lulus;3.66;8;Kos
MHS01825;Perempuan;21;Jawa Timur;Teknologi Maju dan Multidisiplin;Teknologi Sains Data;2024;Orang Tua;Aktif;3.16;4;Rumah Orang Tua
MHS01826;Perempuan;21;Jawa Tengah;Perikanan dan Kelautan;Akuakultur;2023;Orang Tua;Aktif;3.29;6;Kos
MHS01827;Laki-laki;21;Jawa Timur;FIKKIA Banyuwangi;Kedokteran (FIKKIA Banyuwangi);2024;Orang Tua;Aktif;3.93;4;Rumah Orang Tua
MHS01828;Laki-laki;20;Jawa Timur;Sains dan Teknologi;Biologi;2024;Orang Tua;Cuti;2.95;4;Rumah Orang Tua
MHS01829;Perempuan;23;Jawa Timur;FIKKIA Banyuwangi;Akuakultur (FIKKIA Banyuwangi);2022;Orang Tua;Aktif;2.89;8;Rumah Orang Tua
MHS01830;Perempuan;22;Jawa Timur;Kedokteran Hewan;Kedokteran Hewan;2023;Kerja Sendiri (part-time);Aktif;3.45;6;Kos
MHS01831;Laki-laki;21;Jawa Timur;FIKKIA Banyuwangi;Akuakultur (FIKKIA Banyuwangi);2025;Beasiswa;Aktif;3.24;2;Rumah Orang Tua
MHS01832;Laki-laki;24;DI Yogyakarta;Sains dan Teknologi;Fisika;2020;Pinjaman/Kredit Pendidikan;Lulus;4.0;8;Kos
MHS01833;Perempuan;20;Jawa Timur;Kesehatan Masyarakat;Gizi;2025;Beasiswa;Aktif;3.4;2;Rumah Orang Tua
MHS01834;Perempuan;21;Jawa Timur;Ekonomi dan Bisnis;Ilmu Ekonomi;2023;Orang Tua;Aktif;3.22;6;Kos
MHS01835;Perempuan;19;Jawa Timur;Sains dan Teknologi;Matematika;2025;Orang Tua;Aktif;2.95;2;Rumah Orang Tua
MHS01836;Laki-laki;21;Jawa Timur;Ekonomi dan Bisnis;Ilmu Ekonomi;2023;Beasiswa;Cuti;4.0;6;Rumah Orang Tua
MHS01837;Laki-laki;20;Jawa Timur;Ilmu Budaya;Bahasa dan Sastra Indonesia;2024;Beasiswa;Aktif;3.71;4;Rumah Orang Tua
MHS01838;Perempuan;22;Jawa Timur;Kedokteran;Kebidanan;2023;Pinjaman/Kredit Pendidikan;Aktif;3.45;6;Rumah Orang Tua
MHS01839;Laki-laki;20;Jawa Tengah;Teknologi Maju dan Multidisiplin;Teknik Industri;2025;Orang Tua;Aktif;2.48;2;Kos
MHS01840;Laki-laki;24;Jawa Timur;Hukum;Ilmu Hukum;2021;Orang Tua;Lulus;2.7;8;Menumpang Saudara
MHS01841;Laki-laki;22;Jawa Timur;FIKKIA Banyuwangi;Kedokteran (FIKKIA Banyuwangi);2023;Beasiswa;Non-Aktif/DO;1.89;3;Rumah Orang Tua
MHS01842;Laki-laki;21;Jawa Timur;Ilmu Budaya;Bahasa dan Sastra Jepang;2024;Beasiswa;Cuti;2.75;4;Asrama
MHS01843;Perempuan;21;Jawa Tengah;Kedokteran;Kedokteran;2023;Orang Tua;Aktif;2.83;6;Rumah Orang Tua
MHS01844;Perempuan;22;Jawa Timur;Psikologi;Psikologi;2023;Beasiswa;Aktif;3.6;6;Menumpang Saudara
MHS01845;Perempuan;19;DKI Jakarta;Kesehatan Masyarakat;Gizi;2025;Orang Tua;Aktif;3.66;2;Kos
MHS01846;Laki-laki;21;Nusa Tenggara Timur;Kedokteran Hewan;Kedokteran Hewan;2024;Beasiswa;Cuti;2.9;4;Kos
MHS01847;Perempuan;20;Jawa Timur;Ilmu Sosial dan Ilmu Politik;Ilmu Komunikasi;2025;Orang Tua;Aktif;2.03;2;Rumah Orang Tua
MHS01848;Laki-laki;19;Jawa Timur;Ilmu Sosial dan Ilmu Politik;Antropologi;2025;Beasiswa;Aktif;2.91;2;Rumah Orang Tua
MHS01849;Perempuan;21;DKI Jakarta;FIKKIA Banyuwangi;Kedokteran Hewan (FIKKIA Banyuwangi);2023;Kerja Sendiri (part-time);Aktif;3.0;6;Kos
MHS01850;Perempuan;20;Jawa Tengah;Kesehatan Masyarakat;Kesehatan Masyarakat;2025;Beasiswa;Aktif;2.14;2;Kos
MHS01851;Laki-laki;24;Bali;Teknologi Maju dan Multidisiplin;Teknik Robotika dan Kecerdasan Buatan;2020;Beasiswa;Lulus;3.59;9;Asrama
MHS01852;Perempuan;19;Jawa Timur;Kesehatan Masyarakat;Gizi;2025;Orang Tua;Aktif;2.51;2;Rumah Orang Tua
MHS01853;Laki-laki;23;Jawa Timur;Sains dan Teknologi;Teknik Biomedis;2023;Orang Tua;Aktif;3.28;6;Rumah Orang Tua
MHS01854;Perempuan;23;Jawa Timur;Ilmu Budaya;Bahasa dan Sastra Jepang;2022;Orang Tua;Lulus;3.37;8;Rumah Orang Tua
MHS01855;Perempuan;24;Jawa Timur;Ilmu Sosial dan Ilmu Politik;Ilmu Politik;2021;Orang Tua;Lulus;3.59;8;Kos
MHS01856;Perempuan;22;Jawa Tengah;FIKKIA Banyuwangi;Kesehatan Masyarakat (FIKKIA Banyuwangi);2023;Orang Tua;Aktif;3.6;6;Asrama
MHS01857;Perempuan;21;Jawa Timur;Kedokteran Gigi;Kedokteran Gigi;2024;Beasiswa;Aktif;2.78;4;Asrama
MHS01858;Laki-laki;20;Sumatera Utara;Ilmu Sosial dan Ilmu Politik;Antropologi;2025;Beasiswa;Aktif;3.9;2;Kos
MHS01859;Laki-laki;20;Jawa Timur;Ekonomi dan Bisnis;Manajemen;2024;Orang Tua;Aktif;3.39;4;Kos
MHS01860;Perempuan;23;Jawa Timur;Keperawatan;Keperawatan;2022;Orang Tua;Non-Aktif/DO;3.38;8;Rumah Orang Tua
MHS01861;Perempuan;20;Jawa Timur;Ilmu Budaya;Bahasa dan Sastra Jepang;2025;Beasiswa;Aktif;2.57;2;Rumah Orang Tua
MHS01862;Perempuan;21;Jawa Timur;Sains dan Teknologi;Fisika;2023;Orang Tua;Aktif;3.63;6;Rumah Orang Tua
MHS01863;Perempuan;19;Jawa Timur;Teknologi Maju dan Multidisiplin;Teknik Robotika dan Kecerdasan Buatan;2025;Orang Tua;Aktif;3.24;2;Rumah Orang Tua
MHS01864;Perempuan;19;Jawa Timur;Hukum;Ilmu Hukum;2025;Orang Tua;Aktif;3.63;2;Rumah Orang Tua
MHS01865;Perempuan;25;Gorontalo;Sains dan Teknologi;Kimia;2019;Pinjaman/Kredit Pendidikan;Lulus;3.35;9;Kos
MHS01866;Laki-laki;22;Sumatera Selatan;Sains dan Teknologi;Matematika;2022;Orang Tua;Lulus;3.29;8;Kos
MHS01867;Perempuan;21;Lampung;Kedokteran;Kebidanan;2024;Orang Tua;Aktif;3.08;4;Kos
MHS01868;Laki-laki;21;Jawa Timur;Kedokteran Hewan;Kedokteran Hewan;2023;Orang Tua;Aktif;2.59;6;Rumah Orang Tua
MHS01869;Perempuan;24;Jawa Timur;Ilmu Sosial dan Ilmu Politik;Ilmu Komunikasi;2021;Beasiswa;Lulus;3.24;9;Rumah Orang Tua
MHS01870;Perempuan;22;DI Yogyakarta;Sains dan Teknologi;Statistika;2023;Orang Tua;Aktif;3.45;6;Kos
MHS01871;Perempuan;22;Papua Selatan;Sains dan Teknologi;Teknik Biomedis;2023;Kerja Sendiri (part-time);Aktif;3.01;6;Kos
MHS01872;Perempuan;20;Bali;Ilmu Budaya;Bahasa dan Sastra Jepang;2025;Orang Tua;Aktif;3.21;2;Menumpang Saudara
MHS01873;Perempuan;24;Jawa Timur;Teknologi Maju dan Multidisiplin;Teknologi Sains Data;2021;Orang Tua;Lulus;3.19;9;Menumpang Saudara
MHS01874;Laki-laki;19;Nusa Tenggara Timur;Sains dan Teknologi;Teknik Biomedis;2025;Beasiswa;Non-Aktif/DO;1.98;2;Asrama
MHS01875;Perempuan;19;Jawa Timur;Ilmu Sosial dan Ilmu Politik;Ilmu Komunikasi;2025;Orang Tua;Cuti;3.36;2;Kos
MHS01876;Laki-laki;21;Jawa Timur;Ilmu Sosial dan Ilmu Politik;Ilmu Politik;2025;Beasiswa;Aktif;2.95;2;Asrama
MHS01877;Laki-laki;22;Jawa Timur;Psikologi;Psikologi;2022;Orang Tua;Aktif;2.86;8;Rumah Orang Tua
MHS01878;Perempuan;21;Kalimantan Selatan;Kedokteran;Kebidanan;2025;Orang Tua;Aktif;2.8;2;Kos
MHS01879;Laki-laki;20;Jawa Timur;Ekonomi dan Bisnis;Akuntansi;2025;Orang Tua;Aktif;2.96;2;Rumah Orang Tua
MHS01880;Perempuan;25;Banten;Ilmu Budaya;Bahasa dan Sastra Inggris;2019;Orang Tua;Lulus;3.15;8;Kos
MHS01881;Laki-laki;22;Jawa Timur;Kedokteran Hewan;Kedokteran Hewan;2022;Beasiswa;Non-Aktif/DO;2.13;2;Rumah Orang Tua
MHS01882;Perempuan;24;Jawa Timur;Ekonomi dan Bisnis;Ekonomi Islam;2021;Orang Tua;Lulus;3.7;8;Rumah Orang Tua
MHS01883;Laki-laki;19;Jawa Tengah;FIKKIA Banyuwangi;Kedokteran (FIKKIA Banyuwangi);2025;Orang Tua;Aktif;3.61;2;Menumpang Saudara
MHS01884;Perempuan;20;Jawa Timur;Ilmu Sosial dan Ilmu Politik;Administrasi Publik;2025;Orang Tua;Cuti;2.67;2;Rumah Orang Tua
MHS01885;Perempuan;22;Jawa Timur;Sains dan Teknologi;Kimia;2023;Pinjaman/Kredit Pendidikan;Aktif;3.27;6;Kos
MHS01886;Perempuan;26;Jawa Barat;Sains dan Teknologi;Teknik Biomedis;2021;Beasiswa;Lulus;3.0;9;Asrama
MHS01887;Laki-laki;20;Jawa Tengah;Ekonomi dan Bisnis;Ekonomi Islam;2025;Orang Tua;Aktif;3.4;2;Asrama
MHS01888;Perempuan;19;Jawa Timur;Kesehatan Masyarakat;Kesehatan Masyarakat;2025;Orang Tua;Aktif;2.91;2;Rumah Orang Tua
MHS01889;Perempuan;20;Jawa Timur;FIKKIA Banyuwangi;Kesehatan Masyarakat (FIKKIA Banyuwangi);2025;Orang Tua;Aktif;3.04;2;Asrama
MHS01890;Laki-laki;20;Sumatera Utara;Ilmu Budaya;Ilmu Sejarah;2024;Orang Tua;Aktif;3.54;4;Rumah Orang Tua
MHS01891;Laki-laki;19;DKI Jakarta;Perikanan dan Kelautan;Akuakultur;2025;Beasiswa;Cuti;2.22;2;Kos
MHS01892;Perempuan;20;Jawa Timur;Ilmu Budaya;Bahasa dan Sastra Indonesia;2025;Beasiswa;Aktif;3.52;2;Rumah Orang Tua
MHS01893;Laki-laki;20;Nusa Tenggara Barat;Kedokteran Hewan;Kedokteran Hewan;2024;Orang Tua;Aktif;2.98;4;Kos
MHS01894;Perempuan;20;Jawa Timur;Ekonomi dan Bisnis;Manajemen;2025;Orang Tua;Aktif;2.34;2;Rumah Orang Tua
MHS01895;Perempuan;26;Nusa Tenggara Barat;FIKKIA Banyuwangi;Kedokteran (FIKKIA Banyuwangi);2019;Orang Tua;Lulus;3.32;10;Asrama
MHS01896;Perempuan;20;Lampung;Sains dan Teknologi;Biologi;2025;Kerja Sendiri (part-time);Aktif;2.75;2;Asrama
MHS01897;Perempuan;23;Jawa Timur;Ilmu Budaya;Bahasa dan Sastra Inggris;2021;Beasiswa;Lulus;4.0;8;Rumah Orang Tua
MHS01898;Perempuan;21;Jawa Timur;Keperawatan;Keperawatan;2024;Orang Tua;Aktif;3.2;4;Kos
MHS01899;Perempuan;23;Bali;Ilmu Sosial dan Ilmu Politik;Ilmu Hubungan Internasional;2021;Orang Tua;Lulus;3.41;8;Kos
MHS01900;Perempuan;20;Sulawesi Utara;Ilmu Sosial dan Ilmu Politik;Ilmu Politik;2024;Orang Tua;Aktif;3.75;4;Menumpang Saudara
MHS01901;Laki-laki;23;Jawa Barat;FIKKIA Banyuwangi;Kesehatan Masyarakat (FIKKIA Banyuwangi);2022;Orang Tua;Lulus;3.7;8;Menumpang Saudara
MHS01902;Perempuan;22;Jawa Barat;Farmasi;Farmasi;2024;Orang Tua;Aktif;3.41;4;Kos
MHS01903;Perempuan;21;Sulawesi Utara;Kedokteran Hewan;Kedokteran Hewan;2023;Beasiswa;Aktif;3.66;6;Asrama
MHS01904;Perempuan;21;Jawa Timur;Kedokteran;Kebidanan;2024;Orang Tua;Aktif;3.24;4;Rumah Orang Tua
MHS01905;Perempuan;22;Jawa Tengah;Sains dan Teknologi;Teknik Biomedis;2023;Kerja Sendiri (part-time);Aktif;3.88;6;Asrama
MHS01906;Perempuan;20;DKI Jakarta;FIKKIA Banyuwangi;Kedokteran Hewan (FIKKIA Banyuwangi);2024;Orang Tua;Cuti;3.55;4;Kos
MHS01907;Laki-laki;20;Jawa Timur;Ilmu Sosial dan Ilmu Politik;Ilmu Informasi dan Perpustakaan;2024;Orang Tua;Aktif;3.08;4;Asrama
MHS01908;Perempuan;19;Jawa Timur;Kedokteran Hewan;Kedokteran Hewan;2025;Orang Tua;Aktif;3.08;2;Kos
MHS01909;Perempuan;19;Jawa Timur;FIKKIA Banyuwangi;Kedokteran Hewan (FIKKIA Banyuwangi);2025;Beasiswa;Aktif;3.85;2;Rumah Orang Tua
MHS01910;Laki-laki;22;Jawa Timur;Sains dan Teknologi;Fisika;2023;Kerja Sendiri (part-time);Aktif;3.09;6;Rumah Orang Tua
MHS01911;Perempuan;23;Jawa Timur;Kedokteran;Kebidanan;2021;Orang Tua;Lulus;3.52;9;Rumah Orang Tua
MHS01912;Perempuan;20;Jawa Timur;Ekonomi dan Bisnis;Akuntansi;2025;Orang Tua;Aktif;3.39;2;Rumah Orang Tua
MHS01913;Perempuan;21;DKI Jakarta;Perikanan dan Kelautan;Teknologi Hasil Perikanan;2023;Orang Tua;Aktif;3.79;6;Kos
MHS01914;Perempuan;20;Kalimantan Timur;Kesehatan Masyarakat;Gizi;2025;Beasiswa;Aktif;2.52;2;Asrama
MHS01915;Laki-laki;22;Jawa Timur;Sains dan Teknologi;Kimia;2022;Orang Tua;Lulus;3.8;8;Kos
MHS01916;Perempuan;24;Kalimantan Timur;Ekonomi dan Bisnis;Manajemen;2023;Orang Tua;Aktif;3.65;6;Kos
MHS01917;Perempuan;21;Jawa Timur;Ilmu Sosial dan Ilmu Politik;Ilmu Informasi dan Perpustakaan;2023;Orang Tua;Aktif;3.55;6;Kos
MHS01918;Perempuan;20;Jawa Timur;Sains dan Teknologi;Biologi;2024;Orang Tua;Aktif;2.99;4;Kos
MHS01919;Perempuan;21;Jawa Timur;Ilmu Sosial dan Ilmu Politik;Ilmu Hubungan Internasional;2023;Orang Tua;Non-Aktif/DO;1.86;2;Rumah Orang Tua
MHS01920;Perempuan;20;Jawa Timur;Kesehatan Masyarakat;Kesehatan Masyarakat;2024;Beasiswa;Aktif;3.3;4;Kos
MHS01921;Perempuan;23;Sumatera Barat;Kedokteran Hewan;Kedokteran Hewan;2022;Orang Tua;Lulus;3.68;8;Kos
MHS01922;Laki-laki;20;Jawa Timur;Kedokteran Hewan;Kedokteran Hewan;2025;Orang Tua;Aktif;2.52;2;Rumah Orang Tua
MHS01923;Laki-laki;20;Jawa Timur;Kesehatan Masyarakat;Kesehatan Masyarakat;2024;Orang Tua;Aktif;3.41;4;Rumah Orang Tua
MHS01924;Perempuan;21;Jawa Timur;Ilmu Budaya;Bahasa dan Sastra Jepang;2023;Orang Tua;Aktif;2.85;6;Kos
MHS01925;Laki-laki;20;DI Yogyakarta;Sains dan Teknologi;Teknik Biomedis;2024;Orang Tua;Aktif;2.6;4;Kos
MHS01926;Laki-laki;19;Jawa Timur;FIKKIA Banyuwangi;Akuakultur (FIKKIA Banyuwangi);2025;Beasiswa;Aktif;3.86;2;Rumah Orang Tua
MHS01927;Laki-laki;24;Jawa Tengah;Teknologi Maju dan Multidisiplin;Teknik Robotika dan Kecerdasan Buatan;2022;Orang Tua;Lulus;3.27;8;Asrama
MHS01928;Perempuan;23;Jawa Timur;Ilmu Budaya;Bahasa dan Sastra Inggris;2021;Orang Tua;Lulus;2.82;10;Kos
MHS01929;Perempuan;21;Jawa Timur;FIKKIA Banyuwangi;Kesehatan Masyarakat (FIKKIA Banyuwangi);2024;Orang Tua;Aktif;3.68;4;Kos
MHS01930;Laki-laki;20;Jawa Timur;Sains dan Teknologi;Statistika;2024;Orang Tua;Aktif;3.12;4;Rumah Orang Tua
MHS01931;Perempuan;21;Jawa Timur;Ekonomi dan Bisnis;Manajemen;2023;Orang Tua;Aktif;3.41;6;Rumah Orang Tua
MHS01932;Laki-laki;22;Jawa Timur;Sains dan Teknologi;Teknik Biomedis;2023;Beasiswa;Aktif;3.44;6;Rumah Orang Tua
MHS01933;Perempuan;20;Jawa Tengah;Ilmu Sosial dan Ilmu Politik;Ilmu Hubungan Internasional;2024;Orang Tua;Aktif;3.26;4;Asrama
MHS01934;Laki-laki;23;Jawa Timur;Ilmu Sosial dan Ilmu Politik;Sosiologi;2022;Beasiswa;Non-Aktif/DO;2.0;2;Rumah Orang Tua
MHS01935;Perempuan;23;Jawa Timur;Psikologi;Psikologi;2022;Orang Tua;Aktif;2.82;8;Rumah Orang Tua
MHS01936;Laki-laki;21;Jawa Timur;Sains dan Teknologi;Teknik Biomedis;2023;Kerja Sendiri (part-time);Aktif;3.03;6;Kos
MHS01937;Perempuan;21;Jawa Timur;Keperawatan;Keperawatan;2023;Beasiswa;Aktif;3.38;6;Rumah Orang Tua
MHS01938;Perempuan;23;Jawa Timur;Kedokteran;Kebidanan;2022;Beasiswa;Aktif;3.52;8;Kos
MHS01939;Perempuan;19;Nusa Tenggara Barat;Kedokteran Hewan;Kedokteran Hewan;2025;Orang Tua;Aktif;3.34;2;Kos
MHS01940;Laki-laki;21;Jawa Tengah;Ilmu Budaya;Bahasa dan Sastra Indonesia;2023;Orang Tua;Aktif;3.28;6;Kos
MHS01941;Perempuan;19;Jawa Timur;FIKKIA Banyuwangi;Akuakultur (FIKKIA Banyuwangi);2025;Orang Tua;Aktif;3.46;2;Rumah Orang Tua
MHS01942;Perempuan;20;Jawa Timur;Perikanan dan Kelautan;Teknologi Hasil Perikanan;2024;Beasiswa;Aktif;3.64;4;Rumah Orang Tua
MHS01943;Perempuan;21;Jawa Timur;Keperawatan;Keperawatan;2024;Orang Tua;Aktif;3.65;4;Rumah Orang Tua
MHS01944;Laki-laki;19;Bali;Kesehatan Masyarakat;Kesehatan Masyarakat;2025;Orang Tua;Aktif;3.03;2;Asrama
MHS01945;Perempuan;23;Jawa Timur;Sains dan Teknologi;Sistem Informasi;2022;Beasiswa;Aktif;3.19;8;Rumah Orang Tua
MHS01946;Laki-laki;24;DKI Jakarta;Teknologi Maju dan Multidisiplin;Teknik Industri;2020;Beasiswa;Non-Aktif/DO;2.33;3;Rumah Orang Tua
MHS01947;Laki-laki;23;Jawa Timur;Kedokteran Hewan;Kedokteran Hewan;2022;Orang Tua;Aktif;3.09;8;Rumah Orang Tua
MHS01948;Laki-laki;22;Jawa Timur;Teknologi Maju dan Multidisiplin;Rekayasa Nanoteknologi;2025;Orang Tua;Aktif;2.8;2;Rumah Orang Tua
MHS01949;Laki-laki;22;Riau;Sains dan Teknologi;Matematika;2023;Orang Tua;Aktif;2.74;6;Asrama
MHS01950;Perempuan;19;Jawa Barat;Ekonomi dan Bisnis;Akuntansi;2025;Orang Tua;Aktif;3.86;2;Kos
MHS01951;Perempuan;22;Jawa Timur;Sains dan Teknologi;Teknik Lingkungan;2023;Beasiswa;Aktif;3.36;6;Kos
MHS01952;Perempuan;19;Kalimantan Barat;FIKKIA Banyuwangi;Kesehatan Masyarakat (FIKKIA Banyuwangi);2025;Orang Tua;Aktif;3.13;2;Asrama
MHS01953;Perempuan;20;Lampung;Ilmu Sosial dan Ilmu Politik;Ilmu Komunikasi;2024;Orang Tua;Aktif;3.69;4;Kos
MHS01954;Perempuan;24;Jawa Timur;Ekonomi dan Bisnis;Akuntansi;2020;Kerja Sendiri (part-time);Lulus;2.35;10;Rumah Orang Tua
MHS01955;Perempuan;24;Jawa Timur;Ilmu Sosial dan Ilmu Politik;Ilmu Hubungan Internasional;2020;Beasiswa;Lulus;3.61;8;Rumah Orang Tua
MHS01956;Laki-laki;23;Jawa Timur;Ekonomi dan Bisnis;Akuntansi;2021;Beasiswa;Lulus;3.38;8;Rumah Orang Tua
MHS01957;Laki-laki;21;Jawa Timur;Kesehatan Masyarakat;Kesehatan Masyarakat;2024;Kerja Sendiri (part-time);Aktif;3.47;4;Kos
MHS01958;Laki-laki;20;DKI Jakarta;Sains dan Teknologi;Fisika;2024;Orang Tua;Aktif;3.34;4;Kos
MHS01959;Perempuan;23;Jawa Timur;Ilmu Sosial dan Ilmu Politik;Antropologi;2025;Beasiswa;Aktif;3.06;2;Kos
MHS01960;Perempuan;21;Bali;Sains dan Teknologi;Matematika;2023;Orang Tua;Aktif;3.15;6;Rumah Orang Tua
MHS01961;Perempuan;21;Maluku;Kedokteran Gigi;Kedokteran Gigi;2024;Beasiswa;Aktif;3.37;4;Kos
MHS01962;Perempuan;21;DI Yogyakarta;Sains dan Teknologi;Matematika;2025;Orang Tua;Aktif;3.66;2;Rumah Orang Tua
MHS01963;Laki-laki;22;Jawa Timur;Psikologi;Psikologi;2022;Orang Tua;Lulus;3.46;8;Kos
MHS01964;Laki-laki;20;Jawa Timur;Sains dan Teknologi;Statistika;2025;Beasiswa;Aktif;2.63;2;Rumah Orang Tua
MHS01965;Laki-laki;19;Jawa Timur;FIKKIA Banyuwangi;Kedokteran (FIKKIA Banyuwangi);2025;Orang Tua;Aktif;2.75;2;Kos
MHS01966;Laki-laki;22;Jawa Timur;Ilmu Budaya;Bahasa dan Sastra Indonesia;2023;Kerja Sendiri (part-time);Aktif;3.9;6;Rumah Orang Tua
MHS01967;Perempuan;21;Jawa Timur;Sains dan Teknologi;Matematika;2025;Orang Tua;Aktif;2.36;2;Rumah Orang Tua
MHS01968;Perempuan;19;Jawa Timur;Sains dan Teknologi;Biologi;2025;Orang Tua;Aktif;3.25;2;Rumah Orang Tua
MHS01969;Laki-laki;20;Jawa Timur;Ilmu Budaya;Bahasa dan Sastra Inggris;2025;Beasiswa;Aktif;3.46;2;Menumpang Saudara
MHS01970;Laki-laki;21;Jawa Tengah;Ilmu Sosial dan Ilmu Politik;Ilmu Hubungan Internasional;2024;Beasiswa;Aktif;2.92;4;Kos
MHS01971;Laki-laki;21;Jawa Barat;Sains dan Teknologi;Matematika;2023;Orang Tua;Aktif;3.63;6;Rumah Orang Tua
MHS01972;Laki-laki;20;Jawa Timur;Ilmu Budaya;Bahasa dan Sastra Indonesia;2025;Orang Tua;Aktif;2.96;2;Rumah Orang Tua
MHS01973;Perempuan;19;Jawa Timur;Sains dan Teknologi;Matematika;2025;Orang Tua;Aktif;2.27;2;Rumah Orang Tua
MHS01974;Perempuan;20;DKI Jakarta;Teknologi Maju dan Multidisiplin;Rekayasa Nanoteknologi;2025;Kerja Sendiri (part-time);Aktif;3.45;2;Kos
MHS01975;Perempuan;21;Sulawesi Selatan;Sains dan Teknologi;Biologi;2024;Orang Tua;Aktif;3.32;4;Asrama
MHS01976;Perempuan;24;Kalimantan Selatan;FIKKIA Banyuwangi;Kesehatan Masyarakat (FIKKIA Banyuwangi);2024;Orang Tua;Cuti;2.9;4;Kos
MHS01977;Perempuan;19;Maluku;Farmasi;Farmasi;2025;Orang Tua;Cuti;2.79;2;Kos
MHS01978;Laki-laki;23;Bengkulu;Ilmu Sosial dan Ilmu Politik;Ilmu Informasi dan Perpustakaan;2022;Orang Tua;Aktif;3.42;8;Kos
MHS01979;Perempuan;25;DKI Jakarta;Teknologi Maju dan Multidisiplin;Teknik Elektro;2020;Beasiswa;Lulus;3.17;8;Kos
MHS01980;Laki-laki;20;Jawa Timur;Teknologi Maju dan Multidisiplin;Teknologi Sains Data;2024;Orang Tua;Aktif;3.42;4;Rumah Orang Tua
MHS01981;Laki-laki;21;Papua Barat Daya;Teknologi Maju dan Multidisiplin;Teknik Elektro;2024;Beasiswa;Cuti;3.24;4;Kos
MHS01982;Laki-laki;21;Jawa Timur;Teknologi Maju dan Multidisiplin;Rekayasa Nanoteknologi;2023;Orang Tua;Aktif;2.91;6;Rumah Orang Tua
MHS01983;Laki-laki;23;Jawa Timur;Kedokteran Gigi;Kedokteran Gigi;2022;Orang Tua;Lulus;3.77;8;Kos
MHS01984;Laki-laki;24;Sulawesi Tengah;Kesehatan Masyarakat;Kesehatan Masyarakat;2021;Orang Tua;Non-Aktif/DO;2.76;8;Kos
MHS01985;Perempuan;21;Papua Pegunungan;Farmasi;Farmasi;2023;Orang Tua;Aktif;3.78;6;Asrama
MHS01986;Laki-laki;20;Jawa Timur;Ilmu Budaya;Bahasa dan Sastra Indonesia;2025;Orang Tua;Aktif;2.58;2;Rumah Orang Tua
MHS01987;Perempuan;25;Sulawesi Selatan;Ilmu Sosial dan Ilmu Politik;Ilmu Komunikasi;2022;Orang Tua;Aktif;2.87;8;Asrama
MHS01988;Perempuan;21;Jawa Timur;Farmasi;Farmasi;2023;Beasiswa;Cuti;3.35;6;Asrama
MHS01989;Laki-laki;21;Jawa Timur;Teknologi Maju dan Multidisiplin;Teknik Industri;2023;Orang Tua;Aktif;3.47;6;Asrama
MHS01990;Laki-laki;26;Jawa Timur;Kedokteran Hewan;Kedokteran Hewan;2019;Pinjaman/Kredit Pendidikan;Lulus;3.12;8;Kos
MHS01991;Perempuan;22;Jawa Barat;Ilmu Sosial dan Ilmu Politik;Sosiologi;2023;Beasiswa;Cuti;3.46;6;Asrama
MHS01992;Laki-laki;20;Jawa Timur;Kedokteran Hewan;Kedokteran Hewan;2025;Orang Tua;Aktif;3.2;2;Rumah Orang Tua
MHS01993;Perempuan;24;Jawa Timur;Ilmu Sosial dan Ilmu Politik;Sosiologi;2020;Orang Tua;Lulus;3.6;9;Kos
MHS01994;Laki-laki;19;Jawa Timur;Perikanan dan Kelautan;Akuakultur;2025;Beasiswa;Aktif;4.0;2;Rumah Orang Tua
MHS01995;Perempuan;22;Jawa Timur;Kedokteran Hewan;Kedokteran Hewan;2024;Beasiswa;Aktif;3.97;4;Rumah Orang Tua
MHS01996;Perempuan;23;DI Yogyakarta;Ekonomi dan Bisnis;Ekonomi Islam;2022;Orang Tua;Lulus;3.0;8;Kos
MHS01997;Perempuan;22;Jawa Tengah;Ilmu Budaya;Ilmu Sejarah;2024;Orang Tua;Aktif;3.45;4;Menumpang Saudara
MHS01998;Laki-laki;23;Jawa Timur;Sains dan Teknologi;Fisika;2024;Orang Tua;Aktif;3.08;4;Rumah Orang Tua
MHS01999;Laki-laki;23;Jawa Timur;Teknologi Maju dan Multidisiplin;Teknik Robotika dan Kecerdasan Buatan;2024;Beasiswa;Non-Aktif/DO;2.21;4;Asrama
MHS02000;Laki-laki;20;Sumatera Barat;Teknologi Maju dan Multidisiplin;Teknik Elektro;2024;Beasiswa;Aktif;3.29;4;Kos
MHS02001;Perempuan;21;Jawa Barat;Keperawatan;Keperawatan;2023;Kerja Sendiri (part-time);Aktif;2.96;6;Kos
MHS02002;Laki-laki;20;Papua;Ilmu Budaya;Bahasa dan Sastra Indonesia;2025;Pinjaman/Kredit Pendidikan;Aktif;2.85;2;Kos
MHS02003;Perempuan;20;Jawa Timur;Sains dan Teknologi;Kimia;2024;Orang Tua;Cuti;3.42;4;Rumah Orang Tua
MHS02004;Laki-laki;20;Sulawesi Barat;Ekonomi dan Bisnis;Ilmu Ekonomi;2025;Orang Tua;Aktif;2.96;2;Menumpang Saudara
MHS02005;Perempuan;21;Sulawesi Tenggara;Sains dan Teknologi;Teknik Lingkungan;2024;Kerja Sendiri (part-time);Non-Aktif/DO;1.91;2;Kos
MHS02006;Perempuan;20;Kalimantan Tengah;Hukum;Ilmu Hukum;2025;Kerja Sendiri (part-time);Aktif;2.95;2;Kos
MHS02007;Perempuan;20;Jawa Timur;Teknologi Maju dan Multidisiplin;Rekayasa Nanoteknologi;2024;Orang Tua;Aktif;3.48;4;Kos
MHS02008;Perempuan;21;Nusa Tenggara Barat;Perikanan dan Kelautan;Akuakultur;2023;Orang Tua;Aktif;3.61;6;Kos
MHS02009;Laki-laki;26;Jawa Timur;Ekonomi dan Bisnis;Ekonomi Islam;2019;Orang Tua;Lulus;3.04;10;Rumah Orang Tua
MHS02010;Laki-laki;21;Sumatera Selatan;Ekonomi dan Bisnis;Ilmu Ekonomi;2024;Beasiswa;Aktif;2.98;4;Menumpang Saudara
MHS02011;Perempuan;24;Jawa Timur;Kedokteran Hewan;Kedokteran Hewan;2020;Orang Tua;Lulus;3.33;8;Rumah Orang Tua
MHS02012;Laki-laki;22;Bali;Ilmu Sosial dan Ilmu Politik;Ilmu Politik;2023;Kerja Sendiri (part-time);Aktif;2.71;6;Menumpang Saudara
MHS02013;Laki-laki;20;Jawa Timur;Sains dan Teknologi;Fisika;2025;Orang Tua;Aktif;2.85;2;Kos
MHS02014;Perempuan;22;Jawa Timur;Ilmu Sosial dan Ilmu Politik;Ilmu Komunikasi;2023;Beasiswa;Aktif;2.79;6;Rumah Orang Tua
MHS02015;Perempuan;21;Jawa Timur;Kedokteran;Kebidanan;2024;Orang Tua;Aktif;3.57;4;Rumah Orang Tua
MHS02016;Laki-laki;20;Jawa Timur;Ilmu Sosial dan Ilmu Politik;Ilmu Politik;2024;Orang Tua;Aktif;2.85;4;Kos
MHS02017;Laki-laki;24;Jawa Timur;Sains dan Teknologi;Teknik Lingkungan;2021;Orang Tua;Lulus;2.96;10;Rumah Orang Tua
MHS02018;Laki-laki;27;DKI Jakarta;Sains dan Teknologi;Matematika;2020;Orang Tua;Lulus;3.94;8;Rumah Orang Tua
MHS02019;Perempuan;23;DKI Jakarta;Hukum;Ilmu Hukum;2022;Orang Tua;Aktif;3.25;8;Menumpang Saudara
MHS02020;Perempuan;23;Sumatera Barat;Teknologi Maju dan Multidisiplin;Teknik Robotika dan Kecerdasan Buatan;2021;Beasiswa;Lulus;3.7;8;Kos
MHS02021;Perempuan;23;Kalimantan Barat;Sains dan Teknologi;Statistika;2021;Beasiswa;Lulus;3.73;8;Asrama
MHS02022;Perempuan;20;Jawa Timur;Sains dan Teknologi;Kimia;2024;Beasiswa;Cuti;3.64;4;Kos
MHS02023;Laki-laki;20;Banten;Perikanan dan Kelautan;Akuakultur;2025;Orang Tua;Aktif;3.14;2;Asrama
MHS02024;Laki-laki;22;Jawa Timur;Ekonomi dan Bisnis;Ilmu Ekonomi;2023;Beasiswa;Non-Aktif/DO;1.92;2;Rumah Orang Tua
MHS02025;Perempuan;20;Jawa Barat;FIKKIA Banyuwangi;Kedokteran (FIKKIA Banyuwangi);2025;Orang Tua;Aktif;4.0;2;Kos
MHS02026;Laki-laki;25;Jawa Timur;Ilmu Sosial dan Ilmu Politik;Ilmu Politik;2019;Orang Tua;Lulus;3.67;8;Rumah Orang Tua
MHS02027;Perempuan;25;Jawa Timur;Ilmu Sosial dan Ilmu Politik;Ilmu Informasi dan Perpustakaan;2020;Orang Tua;Lulus;3.4;8;Rumah Orang Tua
MHS02028;Perempuan;21;Sumatera Barat;Teknologi Maju dan Multidisiplin;Teknologi Sains Data;2024;Beasiswa;Aktif;2.63;4;Asrama
MHS02029;Perempuan;23;DI Yogyakarta;Kedokteran Gigi;Kedokteran Gigi;2022;Orang Tua;Lulus;3.55;8;Kos
MHS02030;Perempuan;20;Jawa Timur;Ilmu Sosial dan Ilmu Politik;Ilmu Komunikasi;2024;Orang Tua;Aktif;3.24;4;Rumah Orang Tua
MHS02031;Perempuan;22;Banten;Ilmu Sosial dan Ilmu Politik;Ilmu Komunikasi;2023;Orang Tua;Cuti;3.92;6;Kos
MHS02032;Perempuan;20;Jawa Timur;FIKKIA Banyuwangi;Kedokteran Hewan (FIKKIA Banyuwangi);2024;Kerja Sendiri (part-time);Non-Aktif/DO;2.78;4;Rumah Orang Tua
MHS02033;Laki-laki;23;Jawa Timur;Ekonomi dan Bisnis;Akuntansi;2021;Beasiswa;Lulus;3.19;9;Asrama
MHS02034;Perempuan;23;Nusa Tenggara Barat;Ilmu Sosial dan Ilmu Politik;Ilmu Hubungan Internasional;2021;Orang Tua;Lulus;3.7;8;Asrama
MHS02035;Perempuan;25;Jawa Timur;FIKKIA Banyuwangi;Akuakultur (FIKKIA Banyuwangi);2020;Orang Tua;Lulus;3.37;8;Menumpang Saudara
MHS02036;Laki-laki;20;Jawa Timur;Perikanan dan Kelautan;Akuakultur;2025;Beasiswa;Aktif;3.0;2;Menumpang Saudara
MHS02037;Perempuan;21;Jawa Timur;Kesehatan Masyarakat;Gizi;2024;Orang Tua;Aktif;2.86;4;Rumah Orang Tua
MHS02038;Perempuan;20;Jawa Barat;Ilmu Budaya;Ilmu Sejarah;2025;Beasiswa;Aktif;2.99;2;Rumah Orang Tua
MHS02039;Perempuan;20;Jawa Timur;Kedokteran Hewan;Kedokteran Hewan;2025;Orang Tua;Aktif;3.05;2;Kos
MHS02040;Laki-laki;19;Jawa Tengah;Sains dan Teknologi;Statistika;2025;Orang Tua;Aktif;3.06;2;Rumah Orang Tua
MHS02041;Laki-laki;20;Bali;Sains dan Teknologi;Kimia;2024;Beasiswa;Aktif;2.91;4;Kos
MHS02042;Perempuan;23;Jawa Timur;Sains dan Teknologi;Matematika;2023;Orang Tua;Aktif;3.01;6;Asrama
MHS02043;Laki-laki;19;Jawa Timur;Ilmu Sosial dan Ilmu Politik;Sosiologi;2025;Orang Tua;Aktif;3.14;2;Rumah Orang Tua
MHS02044;Perempuan;21;Jawa Timur;Kesehatan Masyarakat;Kesehatan Masyarakat;2024;Kerja Sendiri (part-time);Non-Aktif/DO;1.86;2;Rumah Orang Tua
MHS02045;Perempuan;20;Jawa Timur;Kedokteran Gigi;Kedokteran Gigi;2025;Kerja Sendiri (part-time);Aktif;2.95;2;Kos
MHS02046;Laki-laki;23;Jawa Timur;Teknologi Maju dan Multidisiplin;Teknologi Sains Data;2022;Kerja Sendiri (part-time);Lulus;3.19;8;Kos
MHS02047;Laki-laki;20;Jawa Barat;Kedokteran Hewan;Kedokteran Hewan;2025;Beasiswa;Cuti;2.43;2;Kos
MHS02048;Perempuan;19;Jawa Timur;Kesehatan Masyarakat;Gizi;2025;Orang Tua;Aktif;3.04;2;Rumah Orang Tua
MHS02049;Perempuan;20;Aceh;Sains dan Teknologi;Biologi;2024;Orang Tua;Aktif;2.76;4;Kos
MHS02050;Perempuan;23;Riau;Sains dan Teknologi;Sistem Informasi;2021;Orang Tua;Lulus;3.9;8;Kos
MHS02051;Perempuan;21;Jawa Timur;Sains dan Teknologi;Fisika;2024;Orang Tua;Aktif;3.98;4;Rumah Orang Tua
MHS02052;Perempuan;24;Jawa Tengah;Farmasi;Farmasi;2023;Beasiswa;Aktif;4.0;6;Kos
MHS02053;Perempuan;22;Jawa Barat;Ilmu Sosial dan Ilmu Politik;Ilmu Informasi dan Perpustakaan;2023;Beasiswa;Aktif;3.33;6;Kos
MHS02054;Laki-laki;19;Jawa Timur;Teknologi Maju dan Multidisiplin;Teknik Robotika dan Kecerdasan Buatan;2025;Orang Tua;Aktif;2.43;2;Rumah Orang Tua
MHS02055;Laki-laki;22;Jawa Timur;Ilmu Sosial dan Ilmu Politik;Antropologi;2022;Orang Tua;Lulus;3.87;8;Kos
MHS02056;Perempuan;22;Jawa Timur;Teknologi Maju dan Multidisiplin;Teknik Industri;2023;Beasiswa;Aktif;3.41;6;Kos
MHS02057;Perempuan;19;Banten;Ilmu Sosial dan Ilmu Politik;Ilmu Informasi dan Perpustakaan;2025;Orang Tua;Aktif;3.05;2;Asrama
MHS02058;Laki-laki;19;Jawa Timur;Sains dan Teknologi;Teknik Lingkungan;2025;Orang Tua;Aktif;2.83;2;Rumah Orang Tua
MHS02059;Perempuan;23;Jawa Timur;FIKKIA Banyuwangi;Akuakultur (FIKKIA Banyuwangi);2022;Beasiswa;Cuti;3.02;8;Kos
MHS02060;Laki-laki;20;Papua Tengah;Ilmu Budaya;Ilmu Sejarah;2024;Kerja Sendiri (part-time);Aktif;3.28;4;Kos
MHS02061;Perempuan;24;DKI Jakarta;Keperawatan;Keperawatan;2021;Beasiswa;Lulus;3.37;10;Menumpang Saudara
MHS02062;Perempuan;25;Jawa Timur;Sains dan Teknologi;Fisika;2019;Orang Tua;Lulus;2.92;8;Kos
MHS02063;Perempuan;24;Riau;Ilmu Sosial dan Ilmu Politik;Ilmu Informasi dan Perpustakaan;2021;Orang Tua;Lulus;3.87;8;Kos
MHS02064;Laki-laki;21;Jawa Barat;Ilmu Sosial dan Ilmu Politik;Ilmu Hubungan Internasional;2023;Orang Tua;Aktif;3.56;6;Asrama
MHS02065;Perempuan;23;Nusa Tenggara Barat;Farmasi;Farmasi;2022;Orang Tua;Lulus;3.15;8;Asrama
MHS02066;Perempuan;20;Jawa Timur;Ilmu Sosial dan Ilmu Politik;Sosiologi;2024;Beasiswa;Aktif;3.1;4;Rumah Orang Tua
MHS02067;Perempuan;20;Sulawesi Tengah;Ilmu Sosial dan Ilmu Politik;Ilmu Komunikasi;2025;Kerja Sendiri (part-time);Aktif;3.31;2;Asrama
MHS02068;Perempuan;20;Jawa Barat;FIKKIA Banyuwangi;Akuakultur (FIKKIA Banyuwangi);2024;Orang Tua;Aktif;3.25;4;Kos
MHS02069;Perempuan;20;Jawa Timur;Sains dan Teknologi;Kimia;2024;Orang Tua;Aktif;3.89;4;Rumah Orang Tua
MHS02070;Perempuan;19;Jawa Timur;Keperawatan;Keperawatan;2025;Orang Tua;Aktif;3.43;2;Rumah Orang Tua
MHS02071;Laki-laki;23;Jawa Timur;Teknologi Maju dan Multidisiplin;Teknologi Sains Data;2021;Kerja Sendiri (part-time);Lulus;3.67;8;Rumah Orang Tua
MHS02072;Perempuan;23;Jawa Timur;Ekonomi dan Bisnis;Manajemen;2024;Orang Tua;Aktif;3.68;4;Rumah Orang Tua
MHS02073;Perempuan;20;Jawa Timur;Ilmu Sosial dan Ilmu Politik;Antropologi;2024;Orang Tua;Aktif;2.76;4;Kos
MHS02074;Laki-laki;19;Jawa Timur;Sains dan Teknologi;Sistem Informasi;2025;Orang Tua;Aktif;2.62;2;Kos
MHS02075;Perempuan;19;Jambi;Ekonomi dan Bisnis;Ilmu Ekonomi;2025;Orang Tua;Aktif;2.48;2;Kos
MHS02076;Perempuan;22;Jawa Tengah;Ilmu Budaya;Bahasa dan Sastra Indonesia;2023;Kerja Sendiri (part-time);Non-Aktif/DO;2.8;2;Asrama
MHS02077;Laki-laki;21;Jawa Timur;Perikanan dan Kelautan;Akuakultur;2023;Orang Tua;Aktif;3.73;6;Rumah Orang Tua
MHS02078;Laki-laki;20;Jawa Timur;Teknologi Maju dan Multidisiplin;Rekayasa Nanoteknologi;2024;Beasiswa;Aktif;3.78;4;Rumah Orang Tua
MHS02079;Perempuan;21;Sulawesi Tengah;Ekonomi dan Bisnis;Manajemen;2023;Orang Tua;Aktif;3.29;6;Kos
MHS02080;Perempuan;22;Jawa Timur;Kesehatan Masyarakat;Gizi;2024;Orang Tua;Aktif;3.79;4;Kos
MHS02081;Laki-laki;21;Jawa Timur;Ilmu Budaya;Bahasa dan Sastra Inggris;2023;Orang Tua;Aktif;3.51;6;Rumah Orang Tua
MHS02082;Perempuan;22;Jawa Timur;Farmasi;Farmasi;2023;Beasiswa;Aktif;2.7;6;Rumah Orang Tua
MHS02083;Laki-laki;19;Jawa Timur;Sains dan Teknologi;Teknik Biomedis;2025;Orang Tua;Aktif;2.62;2;Kos
MHS02084;Perempuan;22;Jawa Timur;Ilmu Budaya;Ilmu Sejarah;2023;Orang Tua;Aktif;2.97;6;Rumah Orang Tua
MHS02085;Perempuan;22;Jawa Timur;Sains dan Teknologi;Teknik Lingkungan;2022;Kerja Sendiri (part-time);Aktif;2.73;8;Kos
MHS02086;Laki-laki;22;Jawa Timur;FIKKIA Banyuwangi;Kedokteran (FIKKIA Banyuwangi);2023;Orang Tua;Aktif;3.12;6;Kos
MHS02087;Perempuan;21;Jawa Timur;Sains dan Teknologi;Teknik Biomedis;2024;Orang Tua;Aktif;3.21;4;Rumah Orang Tua
MHS02088;Laki-laki;22;Banten;Teknologi Maju dan Multidisiplin;Teknik Industri;2022;Orang Tua;Lulus;3.72;8;Asrama
MHS02089;Perempuan;21;Jawa Timur;Ekonomi dan Bisnis;Manajemen;2023;Pinjaman/Kredit Pendidikan;Aktif;2.91;6;Asrama
MHS02090;Laki-laki;21;Jawa Timur;Teknologi Maju dan Multidisiplin;Teknik Elektro;2023;Orang Tua;Aktif;3.47;6;Rumah Orang Tua
MHS02091;Laki-laki;25;Sulawesi Tengah;Sains dan Teknologi;Kimia;2021;Beasiswa;Lulus;3.48;9;Asrama
MHS02092;Perempuan;19;Jawa Tengah;FIKKIA Banyuwangi;Akuakultur (FIKKIA Banyuwangi);2025;Orang Tua;Aktif;3.01;2;Kos
MHS02093;Laki-laki;24;Nusa Tenggara Barat;Kesehatan Masyarakat;Kesehatan Masyarakat;2021;Beasiswa;Lulus;3.25;8;Asrama
MHS02094;Perempuan;23;Jawa Timur;Sains dan Teknologi;Fisika;2023;Beasiswa;Non-Aktif/DO;2.66;6;Rumah Orang Tua
MHS02095;Perempuan;19;Jawa Timur;Ilmu Budaya;Ilmu Sejarah;2025;Orang Tua;Aktif;2.61;2;Kos
MHS02096;Laki-laki;22;Papua Barat;Teknologi Maju dan Multidisiplin;Teknik Elektro;2022;Orang Tua;Lulus;3.73;8;Kos
MHS02097;Perempuan;21;Jawa Timur;Sains dan Teknologi;Teknik Lingkungan;2023;Orang Tua;Aktif;3.55;6;Rumah Orang Tua
MHS02098;Perempuan;26;Jawa Timur;FIKKIA Banyuwangi;Akuakultur (FIKKIA Banyuwangi);2019;Orang Tua;Lulus;2.73;9;Rumah Orang Tua
MHS02099;Laki-laki;19;Jawa Timur;Sains dan Teknologi;Teknik Lingkungan;2025;Orang Tua;Aktif;2.52;2;Rumah Orang Tua
MHS02100;Perempuan;20;Jawa Timur;Perikanan dan Kelautan;Akuakultur;2025;Orang Tua;Aktif;2.69;2;Rumah Orang Tua
MHS02101;Perempuan;20;Jawa Timur;Ilmu Sosial dan Ilmu Politik;Ilmu Politik;2024;Orang Tua;Aktif;3.22;4;Kos
MHS02102;Perempuan;23;Jawa Timur;FIKKIA Banyuwangi;Kedokteran (FIKKIA Banyuwangi);2022;Kerja Sendiri (part-time);Lulus;3.2;8;Rumah Orang Tua
MHS02103;Perempuan;19;Jawa Timur;Ilmu Sosial dan Ilmu Politik;Administrasi Publik;2025;Orang Tua;Aktif;3.34;2;Rumah Orang Tua
MHS02104;Perempuan;22;Kalimantan Timur;Ilmu Budaya;Bahasa dan Sastra Inggris;2022;Orang Tua;Aktif;2.86;8;Kos
MHS02105;Laki-laki;19;Jawa Timur;Sains dan Teknologi;Teknik Lingkungan;2025;Orang Tua;Cuti;2.83;2;Menumpang Saudara
MHS02106;Perempuan;22;Jawa Timur;Psikologi;Psikologi;2023;Orang Tua;Aktif;3.54;6;Rumah Orang Tua
MHS02107;Perempuan;22;Jawa Barat;Sains dan Teknologi;Fisika;2023;Beasiswa;Aktif;3.67;6;Kos
MHS02108;Laki-laki;20;Jawa Timur;Ekonomi dan Bisnis;Ekonomi Islam;2025;Orang Tua;Non-Aktif/DO;2.64;2;Rumah Orang Tua
MHS02109;Perempuan;19;Kalimantan Barat;Teknologi Maju dan Multidisiplin;Rekayasa Nanoteknologi;2025;Orang Tua;Aktif;3.36;2;Kos
MHS02110;Perempuan;26;Nusa Tenggara Barat;Ekonomi dan Bisnis;Manajemen;2021;Beasiswa;Lulus;3.28;8;Asrama
MHS02111;Perempuan;26;Jawa Barat;Kedokteran;Kebidanan;2019;Kerja Sendiri (part-time);Lulus;3.49;10;Asrama
MHS02112;Laki-laki;21;Jawa Tengah;Sains dan Teknologi;Sistem Informasi;2024;Orang Tua;Aktif;3.11;4;Asrama
MHS02113;Perempuan;22;Nusa Tenggara Timur;Sains dan Teknologi;Matematika;2023;Beasiswa;Aktif;3.24;6;Kos
MHS02114;Perempuan;25;Jawa Timur;Kedokteran Gigi;Kedokteran Gigi;2019;Pinjaman/Kredit Pendidikan;Lulus;3.43;8;Asrama
MHS02115;Perempuan;26;Kepulauan Riau;Sains dan Teknologi;Teknik Biomedis;2019;Orang Tua;Lulus;3.03;10;Asrama
MHS02116;Laki-laki;22;Jawa Timur;Ilmu Budaya;Bahasa dan Sastra Indonesia;2022;Pinjaman/Kredit Pendidikan;Lulus;3.62;8;Rumah Orang Tua
MHS02117;Perempuan;19;Jawa Timur;Ekonomi dan Bisnis;Akuntansi;2025;Beasiswa;Aktif;2.66;2;Rumah Orang Tua
MHS02118;Perempuan;20;Jawa Timur;Kesehatan Masyarakat;Gizi;2024;Orang Tua;Aktif;3.68;4;Rumah Orang Tua
MHS02119;Perempuan;22;Jawa Timur;Sains dan Teknologi;Teknik Lingkungan;2022;Orang Tua;Lulus;3.89;8;Kos
MHS02120;Perempuan;21;Papua Barat Daya;Kedokteran;Kebidanan;2024;Orang Tua;Cuti;3.54;4;Kos
MHS02121;Perempuan;21;Jawa Timur;Perikanan dan Kelautan;Akuakultur;2024;Orang Tua;Aktif;3.06;4;Rumah Orang Tua
MHS02122;Perempuan;20;Jawa Timur;Teknologi Maju dan Multidisiplin;Teknik Elektro;2024;Kerja Sendiri (part-time);Aktif;3.52;4;Rumah Orang Tua
MHS02123;Perempuan;25;Sumatera Barat;Sains dan Teknologi;Teknik Biomedis;2020;Orang Tua;Lulus;3.44;8;Kos
MHS02124;Perempuan;22;Sumatera Utara;Sains dan Teknologi;Fisika;2022;Beasiswa;Lulus;2.85;8;Asrama
MHS02125;Laki-laki;21;Jawa Timur;Sains dan Teknologi;Fisika;2023;Orang Tua;Cuti;2.93;6;Rumah Orang Tua
MHS02126;Perempuan;24;Jambi;Ilmu Sosial dan Ilmu Politik;Ilmu Hubungan Internasional;2023;Orang Tua;Aktif;3.52;6;Asrama
MHS02127;Perempuan;20;Jawa Timur;Kedokteran Hewan;Kedokteran Hewan;2025;Beasiswa;Aktif;2.64;2;Rumah Orang Tua
MHS02128;Perempuan;20;DI Yogyakarta;Ilmu Budaya;Bahasa dan Sastra Jepang;2025;Beasiswa;Aktif;2.94;2;Kos
MHS02129;Perempuan;22;Jawa Timur;FIKKIA Banyuwangi;Kesehatan Masyarakat (FIKKIA Banyuwangi);2022;Beasiswa;Aktif;3.89;8;Rumah Orang Tua
MHS02130;Laki-laki;21;Jawa Timur;Teknologi Maju dan Multidisiplin;Teknik Robotika dan Kecerdasan Buatan;2024;Orang Tua;Aktif;3.15;4;Kos
MHS02131;Perempuan;23;Gorontalo;Sains dan Teknologi;Fisika;2022;Beasiswa;Lulus;3.25;8;Kos
MHS02132;Laki-laki;21;Papua Barat;Ilmu Budaya;Bahasa dan Sastra Indonesia;2025;Orang Tua;Aktif;3.62;2;Kos
MHS02133;Laki-laki;20;Jawa Tengah;Teknologi Maju dan Multidisiplin;Teknik Industri;2024;Beasiswa;Aktif;3.28;4;Asrama
MHS02134;Laki-laki;22;Jawa Timur;Teknologi Maju dan Multidisiplin;Teknologi Sains Data;2022;Orang Tua;Lulus;3.63;8;Menumpang Saudara
MHS02135;Perempuan;21;Bengkulu;Ilmu Sosial dan Ilmu Politik;Ilmu Hubungan Internasional;2023;Beasiswa;Aktif;3.33;6;Kos
MHS02136;Perempuan;22;Jawa Timur;Kesehatan Masyarakat;Gizi;2025;Orang Tua;Aktif;2.47;2;Rumah Orang Tua
MHS02137;Laki-laki;20;Jawa Timur;Ilmu Sosial dan Ilmu Politik;Administrasi Publik;2024;Orang Tua;Aktif;3.24;4;Rumah Orang Tua
MHS02138;Perempuan;20;Jawa Timur;Ilmu Sosial dan Ilmu Politik;Sosiologi;2025;Orang Tua;Aktif;3.05;2;Kos
MHS02139;Perempuan;22;Jawa Timur;Teknologi Maju dan Multidisiplin;Teknik Robotika dan Kecerdasan Buatan;2023;Kerja Sendiri (part-time);Aktif;2.72;6;Rumah Orang Tua
MHS02140;Laki-laki;24;Jawa Timur;Sains dan Teknologi;Kimia;2020;Orang Tua;Lulus;3.71;8;Rumah Orang Tua
MHS02141;Laki-laki;20;Jawa Timur;Kedokteran Hewan;Kedokteran Hewan;2025;Kerja Sendiri (part-time);Aktif;2.57;2;Kos
MHS02142;Perempuan;20;Jawa Timur;Kesehatan Masyarakat;Kesehatan Masyarakat;2025;Orang Tua;Aktif;2.97;2;Menumpang Saudara
MHS02143;Laki-laki;21;DI Yogyakarta;Kedokteran;Kedokteran;2024;Orang Tua;Aktif;2.55;4;Kos
MHS02144;Perempuan;20;Jawa Barat;Sains dan Teknologi;Matematika;2024;Orang Tua;Cuti;3.57;4;Asrama
MHS02145;Laki-laki;21;Sumatera Barat;Ekonomi dan Bisnis;Akuntansi;2023;Orang Tua;Aktif;3.5;6;Kos
MHS02146;Laki-laki;27;Kalimantan Timur;Sains dan Teknologi;Fisika;2019;Orang Tua;Lulus;3.17;9;Menumpang Saudara
MHS02147;Laki-laki;22;Jawa Timur;Sains dan Teknologi;Sistem Informasi;2022;Beasiswa;Aktif;2.63;8;Asrama
MHS02148;Laki-laki;23;Papua Selatan;Sains dan Teknologi;Biologi;2022;Beasiswa;Lulus;3.8;8;Kos
MHS02149;Laki-laki;20;Lampung;FIKKIA Banyuwangi;Kesehatan Masyarakat (FIKKIA Banyuwangi);2024;Orang Tua;Aktif;3.14;4;Kos
MHS02150;Perempuan;23;Jawa Timur;Kedokteran;Kebidanan;2022;Kerja Sendiri (part-time);Aktif;3.44;8;Rumah Orang Tua
MHS02151;Laki-laki;19;Jawa Timur;Ilmu Budaya;Bahasa dan Sastra Inggris;2025;Orang Tua;Aktif;2.54;2;Rumah Orang Tua
MHS02152;Laki-laki;22;Jawa Timur;Teknologi Maju dan Multidisiplin;Teknik Robotika dan Kecerdasan Buatan;2022;Orang Tua;Lulus;2.78;8;Asrama
MHS02153;Laki-laki;21;Jawa Timur;Ekonomi dan Bisnis;Manajemen;2023;Beasiswa;Aktif;3.29;6;Asrama
MHS02154;Perempuan;24;Jawa Timur;Hukum;Ilmu Hukum;2024;Orang Tua;Cuti;3.97;4;Asrama
MHS02155;Perempuan;19;Jawa Timur;Ilmu Sosial dan Ilmu Politik;Ilmu Informasi dan Perpustakaan;2025;Orang Tua;Aktif;2.6;2;Kos
MHS02156;Perempuan;20;Jawa Timur;Ilmu Sosial dan Ilmu Politik;Administrasi Publik;2024;Beasiswa;Aktif;2.85;4;Rumah Orang Tua
MHS02157;Perempuan;21;Papua Selatan;Farmasi;Farmasi;2023;Kerja Sendiri (part-time);Aktif;2.86;6;Asrama
MHS02158;Perempuan;24;Kalimantan Selatan;Teknologi Maju dan Multidisiplin;Rekayasa Nanoteknologi;2021;Kerja Sendiri (part-time);Lulus;3.15;10;Menumpang Saudara
MHS02159;Laki-laki;20;Jawa Timur;Ilmu Sosial dan Ilmu Politik;Ilmu Komunikasi;2024;Kerja Sendiri (part-time);Aktif;2.97;4;Rumah Orang Tua
MHS02160;Perempuan;20;Sumatera Selatan;Ilmu Sosial dan Ilmu Politik;Antropologi;2024;Orang Tua;Aktif;3.61;4;Kos
MHS02161;Perempuan;21;Jawa Timur;FIKKIA Banyuwangi;Kesehatan Masyarakat (FIKKIA Banyuwangi);2024;Orang Tua;Aktif;2.75;4;Rumah Orang Tua
MHS02162;Perempuan;22;Jawa Timur;Ilmu Budaya;Bahasa dan Sastra Indonesia;2023;Orang Tua;Aktif;3.12;6;Menumpang Saudara
MHS02163;Laki-laki;21;Jawa Timur;Sains dan Teknologi;Matematika;2023;Beasiswa;Cuti;3.52;6;Rumah Orang Tua
MHS02164;Perempuan;22;Jawa Timur;Sains dan Teknologi;Biologi;2022;Beasiswa;Aktif;2.94;8;Rumah Orang Tua
MHS02165;Laki-laki;19;Jawa Tengah;Kedokteran;Kedokteran;2025;Orang Tua;Aktif;3.03;2;Kos
MHS02166;Perempuan;21;Riau;Kesehatan Masyarakat;Gizi;2025;Orang Tua;Aktif;3.15;2;Asrama
MHS02167;Perempuan;24;Jawa Timur;Sains dan Teknologi;Biologi;2021;Orang Tua;Cuti;2.97;10;Asrama
MHS02168;Perempuan;20;Jawa Timur;Kedokteran Hewan;Kedokteran Hewan;2024;Orang Tua;Aktif;3.6;4;Rumah Orang Tua
MHS02169;Perempuan;19;Jawa Timur;Ilmu Sosial dan Ilmu Politik;Ilmu Hubungan Internasional;2025;Orang Tua;Aktif;2.27;2;Rumah Orang Tua
MHS02170;Perempuan;20;Jawa Timur;Ilmu Sosial dan Ilmu Politik;Ilmu Komunikasi;2024;Beasiswa;Cuti;2.89;4;Asrama
MHS02171;Laki-laki;21;Jawa Timur;Ilmu Budaya;Bahasa dan Sastra Indonesia;2024;Orang Tua;Aktif;3.51;4;Kos
MHS02172;Laki-laki;20;Bali;Hukum;Ilmu Hukum;2025;Orang Tua;Aktif;3.69;2;Kos
MHS02173;Perempuan;20;Jawa Timur;Ekonomi dan Bisnis;Akuntansi;2024;Beasiswa;Aktif;3.47;4;Asrama
MHS02174;Perempuan;21;Banten;Ilmu Budaya;Bahasa dan Sastra Jepang;2023;Beasiswa;Aktif;3.35;6;Kos
MHS02175;Perempuan;22;Jawa Timur;FIKKIA Banyuwangi;Kedokteran (FIKKIA Banyuwangi);2023;Beasiswa;Aktif;3.47;6;Kos
MHS02176;Perempuan;21;Jawa Timur;FIKKIA Banyuwangi;Kesehatan Masyarakat (FIKKIA Banyuwangi);2023;Beasiswa;Aktif;3.44;6;Kos
MHS02177;Perempuan;19;Banten;Kedokteran Hewan;Kedokteran Hewan;2025;Orang Tua;Aktif;3.25;2;Kos
MHS02178;Perempuan;21;Kalimantan Barat;Ilmu Sosial dan Ilmu Politik;Antropologi;2023;Orang Tua;Aktif;3.23;6;Kos
MHS02179;Perempuan;23;Jawa Timur;Psikologi;Psikologi;2021;Orang Tua;Aktif;2.53;10;Rumah Orang Tua
MHS02180;Perempuan;21;Jawa Timur;Teknologi Maju dan Multidisiplin;Rekayasa Nanoteknologi;2023;Orang Tua;Aktif;3.44;6;Kos
MHS02181;Perempuan;22;Jawa Barat;Kedokteran;Kebidanan;2023;Orang Tua;Aktif;4.0;6;Kos
MHS02182;Perempuan;24;Jawa Timur;Kedokteran;Kebidanan;2021;Orang Tua;Lulus;3.81;8;Rumah Orang Tua
MHS02183;Perempuan;21;Jawa Timur;Ekonomi dan Bisnis;Manajemen;2024;Orang Tua;Aktif;2.57;4;Rumah Orang Tua
MHS02184;Perempuan;23;Jawa Timur;Sains dan Teknologi;Statistika;2024;Beasiswa;Aktif;3.19;4;Rumah Orang Tua
MHS02185;Laki-laki;23;Jawa Timur;Farmasi;Farmasi;2021;Orang Tua;Lulus;3.05;8;Kos
MHS02186;Perempuan;24;Jawa Timur;Ekonomi dan Bisnis;Ekonomi Islam;2021;Beasiswa;Cuti;3.21;10;Rumah Orang Tua
MHS02187;Laki-laki;20;Jawa Tengah;Sains dan Teknologi;Teknik Lingkungan;2025;Orang Tua;Aktif;3.49;2;Kos
MHS02188;Laki-laki;22;Sulawesi Selatan;Sains dan Teknologi;Sistem Informasi;2023;Orang Tua;Aktif;3.6;6;Kos
MHS02189;Laki-laki;23;Jawa Timur;Hukum;Ilmu Hukum;2021;Beasiswa;Lulus;3.77;8;Asrama
MHS02190;Perempuan;21;Banten;Keperawatan;Keperawatan;2023;Beasiswa;Aktif;3.16;6;Asrama
MHS02191;Perempuan;21;Jawa Tengah;Sains dan Teknologi;Teknik Lingkungan;2025;Kerja Sendiri (part-time);Cuti;1.98;2;Asrama
MHS02192;Perempuan;26;Sulawesi Tenggara;Kedokteran;Kebidanan;2019;Orang Tua;Lulus;3.66;8;Kos
MHS02193;Laki-laki;23;Sulawesi Barat;Ilmu Sosial dan Ilmu Politik;Antropologi;2022;Beasiswa;Aktif;2.68;8;Asrama
MHS02194;Perempuan;21;Jawa Timur;Kedokteran Hewan;Kedokteran Hewan;2024;Orang Tua;Aktif;2.67;4;Kos
MHS02195;Perempuan;22;Jawa Timur;Ilmu Sosial dan Ilmu Politik;Antropologi;2023;Beasiswa;Aktif;3.85;6;Asrama
MHS02196;Laki-laki;19;Sumatera Barat;Perikanan dan Kelautan;Teknologi Hasil Perikanan;2025;Orang Tua;Aktif;3.52;2;Kos
MHS02197;Perempuan;22;Jawa Timur;Ilmu Sosial dan Ilmu Politik;Administrasi Publik;2022;Orang Tua;Lulus;3.63;8;Kos
MHS02198;Laki-laki;22;DI Yogyakarta;Hukum;Ilmu Hukum;2025;Kerja Sendiri (part-time);Aktif;3.59;2;Kos
MHS02199;Perempuan;22;Riau;Ekonomi dan Bisnis;Ilmu Ekonomi;2022;Orang Tua;Lulus;3.25;8;Kos
MHS02200;Laki-laki;20;Kalimantan Timur;Ilmu Sosial dan Ilmu Politik;Ilmu Komunikasi;2024;Orang Tua;Aktif;3.3;4;Kos
MHS02201;Perempuan;21;Jawa Timur;Ekonomi dan Bisnis;Manajemen;2024;Kerja Sendiri (part-time);Aktif;2.79;4;Rumah Orang Tua
MHS02202;Perempuan;21;Jawa Tengah;Keperawatan;Keperawatan;2024;Beasiswa;Aktif;3.27;4;Rumah Orang Tua
MHS02203;Laki-laki;22;Jawa Timur;Teknologi Maju dan Multidisiplin;Teknik Robotika dan Kecerdasan Buatan;2023;Orang Tua;Aktif;3.37;6;Rumah Orang Tua
MHS02204;Perempuan;22;Jawa Timur;Kedokteran;Kebidanan;2022;Orang Tua;Aktif;3.77;8;Asrama
MHS02205;Perempuan;20;Nusa Tenggara Timur;Ekonomi dan Bisnis;Ekonomi Islam;2025;Beasiswa;Aktif;3.49;2;Kos
MHS02206;Perempuan;23;Jawa Timur;Sains dan Teknologi;Kimia;2022;Orang Tua;Lulus;3.89;8;Rumah Orang Tua
MHS02207;Perempuan;21;Jawa Timur;Ekonomi dan Bisnis;Ilmu Ekonomi;2024;Orang Tua;Aktif;2.11;4;Rumah Orang Tua
MHS02208;Perempuan;19;Jawa Timur;Kesehatan Masyarakat;Gizi;2025;Orang Tua;Aktif;3.33;2;Rumah Orang Tua
MHS02209;Perempuan;19;Jawa Timur;Ekonomi dan Bisnis;Ilmu Ekonomi;2025;Orang Tua;Aktif;3.25;2;Rumah Orang Tua
MHS02210;Perempuan;22;Nusa Tenggara Timur;Farmasi;Farmasi;2023;Orang Tua;Aktif;2.99;6;Kos
MHS02211;Laki-laki;20;Sumatera Selatan;Teknologi Maju dan Multidisiplin;Teknologi Sains Data;2025;Orang Tua;Aktif;2.79;2;Kos
MHS02212;Perempuan;22;Jawa Timur;Ilmu Budaya;Bahasa dan Sastra Inggris;2023;Orang Tua;Aktif;2.76;6;Rumah Orang Tua
MHS02213;Perempuan;21;Jawa Timur;Kedokteran Hewan;Kedokteran Hewan;2024;Orang Tua;Aktif;2.64;4;Rumah Orang Tua
MHS02214;Perempuan;22;Jawa Timur;Ilmu Sosial dan Ilmu Politik;Ilmu Hubungan Internasional;2023;Orang Tua;Aktif;2.72;6;Rumah Orang Tua
MHS02215;Laki-laki;22;Jawa Timur;Sains dan Teknologi;Matematika;2024;Beasiswa;Aktif;2.85;4;Rumah Orang Tua
MHS02216;Laki-laki;20;Jawa Timur;Ekonomi dan Bisnis;Ilmu Ekonomi;2025;Orang Tua;Aktif;3.87;2;Rumah Orang Tua
MHS02217;Perempuan;21;Nusa Tenggara Timur;Kedokteran;Kedokteran;2024;Orang Tua;Aktif;2.75;4;Kos
MHS02218;Perempuan;21;Nusa Tenggara Barat;Ilmu Sosial dan Ilmu Politik;Administrasi Publik;2024;Orang Tua;Aktif;2.95;4;Kos
MHS02219;Perempuan;22;Jawa Timur;Kedokteran Hewan;Kedokteran Hewan;2023;Orang Tua;Aktif;2.81;6;Rumah Orang Tua
MHS02220;Perempuan;22;Jawa Timur;Ilmu Budaya;Bahasa dan Sastra Indonesia;2022;Orang Tua;Non-Aktif/DO;2.23;2;Kos
MHS02221;Laki-laki;21;Jawa Timur;Ilmu Budaya;Bahasa dan Sastra Indonesia;2025;Orang Tua;Aktif;2.89;2;Kos
MHS02222;Perempuan;23;Jawa Timur;Farmasi;Farmasi;2022;Beasiswa;Lulus;3.58;8;Kos
MHS02223;Laki-laki;21;Kalimantan Tengah;Kedokteran Gigi;Kedokteran Gigi;2023;Orang Tua;Aktif;3.04;6;Asrama
MHS02224;Perempuan;23;Jawa Timur;Ilmu Sosial dan Ilmu Politik;Ilmu Hubungan Internasional;2021;Orang Tua;Lulus;3.37;9;Rumah Orang Tua
MHS02225;Perempuan;23;Jawa Timur;Farmasi;Farmasi;2022;Beasiswa;Aktif;3.53;8;Rumah Orang Tua
MHS02226;Perempuan;21;Sulawesi Selatan;Ekonomi dan Bisnis;Ekonomi Islam;2023;Beasiswa;Non-Aktif/DO;2.42;2;Menumpang Saudara
MHS02227;Perempuan;21;Sulawesi Selatan;Psikologi;Psikologi;2024;Orang Tua;Aktif;3.86;4;Kos
MHS02228;Perempuan;22;Jawa Timur;Sains dan Teknologi;Statistika;2023;Orang Tua;Aktif;3.31;6;Rumah Orang Tua
MHS02229;Perempuan;20;Jawa Timur;Kedokteran;Kedokteran;2025;Orang Tua;Aktif;3.31;2;Rumah Orang Tua
MHS02230;Perempuan;22;Jawa Timur;Ilmu Sosial dan Ilmu Politik;Ilmu Komunikasi;2022;Kerja Sendiri (part-time);Aktif;3.07;8;Rumah Orang Tua
MHS02231;Perempuan;21;Jawa Timur;Sains dan Teknologi;Fisika;2025;Orang Tua;Aktif;3.43;2;Kos
MHS02232;Perempuan;20;Jawa Timur;Psikologi;Psikologi;2024;Orang Tua;Aktif;3.69;4;Asrama
MHS02233;Perempuan;23;Jawa Timur;Sains dan Teknologi;Teknik Lingkungan;2021;Orang Tua;Lulus;3.09;8;Menumpang Saudara
MHS02234;Laki-laki;20;Sulawesi Selatan;Ekonomi dan Bisnis;Ekonomi Islam;2024;Beasiswa;Aktif;2.69;4;Asrama
MHS02235;Perempuan;21;Jawa Timur;Perikanan dan Kelautan;Teknologi Hasil Perikanan;2023;Orang Tua;Aktif;3.83;6;Kos
MHS02236;Laki-laki;20;Jawa Timur;Ilmu Sosial dan Ilmu Politik;Ilmu Komunikasi;2024;Orang Tua;Cuti;3.24;4;Kos
MHS02237;Perempuan;20;Jawa Timur;Ilmu Sosial dan Ilmu Politik;Sosiologi;2024;Beasiswa;Aktif;3.3;4;Rumah Orang Tua
MHS02238;Perempuan;23;Jawa Timur;Teknologi Maju dan Multidisiplin;Teknik Industri;2025;Orang Tua;Aktif;3.4;2;Kos
MHS02239;Laki-laki;23;Jawa Timur;Ekonomi dan Bisnis;Manajemen;2022;Kerja Sendiri (part-time);Non-Aktif/DO;3.01;2;Rumah Orang Tua
MHS02240;Perempuan;20;Kalimantan Tengah;Ilmu Budaya;Bahasa dan Sastra Indonesia;2024;Orang Tua;Aktif;3.52;4;Rumah Orang Tua
MHS02241;Perempuan;21;Sulawesi Tenggara;Sains dan Teknologi;Sistem Informasi;2023;Orang Tua;Aktif;3.53;6;Kos
MHS02242;Laki-laki;21;Papua;Teknologi Maju dan Multidisiplin;Teknik Industri;2023;Orang Tua;Aktif;2.64;6;Kos
MHS02243;Laki-laki;23;Jawa Timur;Teknologi Maju dan Multidisiplin;Teknik Industri;2022;Orang Tua;Lulus;3.65;8;Rumah Orang Tua
MHS02244;Perempuan;21;Maluku Utara;Perikanan dan Kelautan;Teknologi Hasil Perikanan;2024;Orang Tua;Aktif;2.77;4;Asrama
MHS02245;Perempuan;24;Kalimantan Tengah;Kedokteran Hewan;Kedokteran Hewan;2021;Orang Tua;Lulus;2.98;9;Kos
MHS02246;Perempuan;19;Jawa Timur;Perikanan dan Kelautan;Teknologi Hasil Perikanan;2025;Orang Tua;Aktif;3.38;2;Rumah Orang Tua
MHS02247;Perempuan;19;Jawa Timur;FIKKIA Banyuwangi;Kedokteran Hewan (FIKKIA Banyuwangi);2025;Beasiswa;Aktif;2.93;2;Rumah Orang Tua
MHS02248;Perempuan;21;Jawa Tengah;Perikanan dan Kelautan;Akuakultur;2024;Beasiswa;Aktif;3.27;4;Asrama
MHS02249;Perempuan;21;Jawa Timur;Ilmu Sosial dan Ilmu Politik;Antropologi;2023;Orang Tua;Aktif;3.22;6;Rumah Orang Tua
MHS02250;Perempuan;19;Bali;Kedokteran;Kedokteran;2025;Kerja Sendiri (part-time);Aktif;2.82;2;Rumah Orang Tua
MHS02251;Laki-laki;21;Jawa Tengah;FIKKIA Banyuwangi;Akuakultur (FIKKIA Banyuwangi);2024;Orang Tua;Aktif;2.98;4;Kos
MHS02252;Perempuan;23;Jawa Timur;FIKKIA Banyuwangi;Kedokteran (FIKKIA Banyuwangi);2021;Orang Tua;Lulus;3.31;8;Rumah Orang Tua
MHS02253;Laki-laki;22;Banten;Sains dan Teknologi;Kimia;2023;Orang Tua;Aktif;3.67;6;Kos
MHS02254;Perempuan;20;Jawa Timur;Ilmu Sosial dan Ilmu Politik;Administrasi Publik;2024;Orang Tua;Aktif;3.93;4;Kos
MHS02255;Perempuan;21;Jawa Timur;Ekonomi dan Bisnis;Ekonomi Islam;2024;Orang Tua;Aktif;3.37;4;Rumah Orang Tua
MHS02256;Perempuan;22;Jawa Timur;Ekonomi dan Bisnis;Akuntansi;2022;Beasiswa;Lulus;3.07;8;Rumah Orang Tua
MHS02257;Laki-laki;23;Jawa Timur;FIKKIA Banyuwangi;Akuakultur (FIKKIA Banyuwangi);2022;Pinjaman/Kredit Pendidikan;Lulus;3.59;8;Rumah Orang Tua
MHS02258;Perempuan;22;Jawa Timur;Kesehatan Masyarakat;Kesehatan Masyarakat;2023;Kerja Sendiri (part-time);Aktif;3.14;6;Rumah Orang Tua
MHS02259;Perempuan;23;Jawa Timur;Keperawatan;Keperawatan;2022;Beasiswa;Aktif;3.14;8;Rumah Orang Tua
MHS02260;Perempuan;20;Jawa Timur;Ilmu Budaya;Bahasa dan Sastra Jepang;2025;Orang Tua;Aktif;2.54;2;Rumah Orang Tua
MHS02261;Perempuan;22;Jawa Timur;Ilmu Sosial dan Ilmu Politik;Ilmu Informasi dan Perpustakaan;2022;Beasiswa;Aktif;3.9;8;Rumah Orang Tua
MHS02262;Perempuan;23;Jawa Timur;Ekonomi dan Bisnis;Akuntansi;2022;Beasiswa;Aktif;3.83;8;Rumah Orang Tua
MHS02263;Perempuan;25;Banten;Ilmu Sosial dan Ilmu Politik;Ilmu Komunikasi;2019;Orang Tua;Lulus;3.42;8;Menumpang Saudara
MHS02264;Laki-laki;19;Jambi;Perikanan dan Kelautan;Teknologi Hasil Perikanan;2025;Beasiswa;Aktif;3.72;2;Kos
MHS02265;Perempuan;21;Jawa Timur;Sains dan Teknologi;Sistem Informasi;2024;Orang Tua;Aktif;3.38;4;Rumah Orang Tua
MHS02266;Laki-laki;23;Jawa Timur;FIKKIA Banyuwangi;Kedokteran Hewan (FIKKIA Banyuwangi);2021;Beasiswa;Lulus;3.75;8;Rumah Orang Tua
MHS02267;Perempuan;21;Kalimantan Selatan;FIKKIA Banyuwangi;Kedokteran Hewan (FIKKIA Banyuwangi);2023;Orang Tua;Aktif;2.86;6;Kos
MHS02268;Perempuan;22;Jawa Timur;FIKKIA Banyuwangi;Akuakultur (FIKKIA Banyuwangi);2022;Orang Tua;Lulus;3.13;8;Asrama
MHS02269;Perempuan;21;Jawa Tengah;Ilmu Budaya;Bahasa dan Sastra Inggris;2023;Beasiswa;Aktif;2.88;6;Kos
MHS02270;Laki-laki;22;DKI Jakarta;Ilmu Sosial dan Ilmu Politik;Sosiologi;2023;Orang Tua;Aktif;3.32;6;Kos
MHS02271;Perempuan;21;Jawa Tengah;Ekonomi dan Bisnis;Ilmu Ekonomi;2023;Beasiswa;Aktif;2.77;6;Rumah Orang Tua
MHS02272;Perempuan;22;Papua Selatan;Teknologi Maju dan Multidisiplin;Rekayasa Nanoteknologi;2022;Orang Tua;Aktif;3.25;8;Asrama
MHS02273;Laki-laki;23;Jawa Timur;Perikanan dan Kelautan;Teknologi Hasil Perikanan;2025;Orang Tua;Aktif;3.49;2;Rumah Orang Tua
MHS02274;Perempuan;20;Jawa Timur;Ilmu Budaya;Bahasa dan Sastra Indonesia;2024;Beasiswa;Aktif;3.77;4;Rumah Orang Tua
MHS02275;Perempuan;22;Papua Barat;Kedokteran Gigi;Kedokteran Gigi;2025;Kerja Sendiri (part-time);Aktif;3.12;2;Asrama
MHS02276;Laki-laki;25;Jawa Timur;Ilmu Sosial dan Ilmu Politik;Antropologi;2022;Orang Tua;Cuti;3.91;8;Kos
MHS02277;Laki-laki;26;Jawa Timur;Sains dan Teknologi;Fisika;2019;Orang Tua;Lulus;3.72;8;Asrama
MHS02278;Perempuan;21;Sulawesi Tengah;Ilmu Budaya;Bahasa dan Sastra Jepang;2024;Beasiswa;Aktif;3.4;4;Asrama
MHS02279;Perempuan;25;Kalimantan Barat;Ilmu Sosial dan Ilmu Politik;Administrasi Publik;2019;Orang Tua;Lulus;2.69;8;Asrama
MHS02280;Laki-laki;21;Kepulauan Bangka Belitung;Ilmu Sosial dan Ilmu Politik;Ilmu Informasi dan Perpustakaan;2023;Beasiswa;Aktif;2.53;6;Kos
MHS02281;Laki-laki;22;Jawa Timur;Kedokteran Hewan;Kedokteran Hewan;2022;Kerja Sendiri (part-time);Lulus;3.6;8;Rumah Orang Tua
MHS02282;Perempuan;21;Jawa Timur;Sains dan Teknologi;Biologi;2023;Beasiswa;Cuti;3.79;6;Rumah Orang Tua
MHS02283;Laki-laki;19;Sumatera Barat;Ekonomi dan Bisnis;Ilmu Ekonomi;2025;Beasiswa;Aktif;2.94;2;Asrama
MHS02284;Laki-laki;21;Jawa Timur;Sains dan Teknologi;Kimia;2023;Orang Tua;Aktif;2.77;6;Rumah Orang Tua
MHS02285;Perempuan;23;DKI Jakarta;Ekonomi dan Bisnis;Ekonomi Islam;2022;Orang Tua;Lulus;3.1;8;Kos
MHS02286;Perempuan;22;Sumatera Selatan;Sains dan Teknologi;Statistika;2023;Orang Tua;Non-Aktif/DO;2.55;4;Asrama
MHS02287;Laki-laki;23;Jawa Barat;Kedokteran;Kedokteran;2022;Orang Tua;Lulus;3.73;8;Kos
MHS02288;Perempuan;26;Jawa Timur;Ilmu Budaya;Bahasa dan Sastra Jepang;2020;Orang Tua;Lulus;3.1;9;Rumah Orang Tua
MHS02289;Laki-laki;22;DKI Jakarta;Ekonomi dan Bisnis;Ilmu Ekonomi;2023;Orang Tua;Aktif;3.34;6;Rumah Orang Tua
MHS02290;Laki-laki;23;Sulawesi Tengah;Ilmu Budaya;Bahasa dan Sastra Indonesia;2021;Orang Tua;Lulus;2.91;9;Kos
MHS02291;Perempuan;19;Jawa Timur;Psikologi;Psikologi;2025;Beasiswa;Aktif;2.6;2;Rumah Orang Tua
MHS02292;Perempuan;23;Jawa Timur;Sains dan Teknologi;Fisika;2024;Orang Tua;Aktif;3.36;4;Kos
MHS02293;Laki-laki;21;Jawa Tengah;Ekonomi dan Bisnis;Ekonomi Islam;2023;Orang Tua;Aktif;2.98;6;Kos
MHS02294;Perempuan;21;Jawa Timur;Ilmu Sosial dan Ilmu Politik;Ilmu Informasi dan Perpustakaan;2023;Orang Tua;Aktif;2.45;6;Rumah Orang Tua
MHS02295;Perempuan;21;Jawa Timur;Sains dan Teknologi;Teknik Biomedis;2023;Beasiswa;Non-Aktif/DO;2.45;5;Rumah Orang Tua
MHS02296;Laki-laki;24;Jawa Timur;Ilmu Budaya;Ilmu Sejarah;2023;Beasiswa;Aktif;3.21;6;Rumah Orang Tua
MHS02297;Laki-laki;21;Sumatera Barat;Ilmu Sosial dan Ilmu Politik;Sosiologi;2025;Orang Tua;Aktif;3.25;2;Kos
MHS02298;Laki-laki;24;Banten;Sains dan Teknologi;Teknik Lingkungan;2021;Orang Tua;Lulus;3.81;9;Rumah Orang Tua
MHS02299;Perempuan;21;Lampung;Kedokteran;Kebidanan;2023;Orang Tua;Aktif;3.12;6;Kos
MHS02300;Perempuan;23;Jawa Timur;Ilmu Sosial dan Ilmu Politik;Ilmu Informasi dan Perpustakaan;2021;Orang Tua;Lulus;3.0;8;Rumah Orang Tua
MHS02301;Laki-laki;22;Jawa Timur;Teknologi Maju dan Multidisiplin;Teknik Industri;2022;Beasiswa;Aktif;3.81;8;Asrama
MHS02302;Perempuan;24;Kalimantan Barat;Psikologi;Psikologi;2020;Orang Tua;Lulus;3.47;10;Rumah Orang Tua
MHS02303;Laki-laki;23;Jawa Tengah;Perikanan dan Kelautan;Akuakultur;2022;Orang Tua;Lulus;3.72;8;Rumah Orang Tua
MHS02304;Laki-laki;19;Sulawesi Tenggara;Ilmu Sosial dan Ilmu Politik;Ilmu Informasi dan Perpustakaan;2025;Orang Tua;Aktif;2.4;2;Kos
MHS02305;Perempuan;21;Jawa Timur;Ekonomi dan Bisnis;Akuntansi;2024;Orang Tua;Aktif;3.24;4;Kos
MHS02306;Laki-laki;20;Jawa Timur;Ekonomi dan Bisnis;Ilmu Ekonomi;2024;Orang Tua;Aktif;3.2;4;Kos
MHS02307;Laki-laki;22;Jawa Tengah;Kedokteran Hewan;Kedokteran Hewan;2023;Kerja Sendiri (part-time);Non-Aktif/DO;2.28;3;Kos
MHS02308;Perempuan;20;Jawa Timur;Perikanan dan Kelautan;Akuakultur;2025;Orang Tua;Aktif;3.06;2;Kos
MHS02309;Perempuan;19;Jawa Timur;FIKKIA Banyuwangi;Kedokteran Hewan (FIKKIA Banyuwangi);2025;Beasiswa;Aktif;3.02;2;Rumah Orang Tua
MHS02310;Perempuan;19;Jawa Timur;Kedokteran Hewan;Kedokteran Hewan;2025;Orang Tua;Aktif;3.69;2;Rumah Orang Tua
MHS02311;Perempuan;22;Bali;Teknologi Maju dan Multidisiplin;Teknik Industri;2022;Orang Tua;Lulus;3.42;8;Asrama
MHS02312;Perempuan;20;Jawa Timur;Teknologi Maju dan Multidisiplin;Teknik Industri;2025;Orang Tua;Aktif;3.13;2;Kos
MHS02313;Laki-laki;23;Jawa Timur;Teknologi Maju dan Multidisiplin;Teknik Elektro;2021;Orang Tua;Lulus;3.94;8;Rumah Orang Tua
MHS02314;Perempuan;21;Jawa Timur;Ilmu Sosial dan Ilmu Politik;Sosiologi;2024;Orang Tua;Aktif;3.21;4;Kos
MHS02315;Perempuan;20;Sulawesi Tenggara;FIKKIA Banyuwangi;Kedokteran (FIKKIA Banyuwangi);2025;Orang Tua;Aktif;2.2;2;Menumpang Saudara
MHS02316;Laki-laki;22;Papua Barat Daya;Ilmu Budaya;Ilmu Sejarah;2022;Orang Tua;Aktif;3.03;8;Kos
MHS02317;Laki-laki;26;Jawa Timur;Sains dan Teknologi;Fisika;2020;Beasiswa;Lulus;3.59;8;Rumah Orang Tua
MHS02318;Perempuan;23;Jawa Timur;Keperawatan;Keperawatan;2021;Beasiswa;Lulus;3.01;10;Kos
MHS02319;Laki-laki;23;Jawa Timur;Sains dan Teknologi;Statistika;2024;Kerja Sendiri (part-time);Aktif;2.79;4;Rumah Orang Tua
MHS02320;Perempuan;20;Bali;Ilmu Sosial dan Ilmu Politik;Administrasi Publik;2025;Orang Tua;Aktif;3.09;2;Kos
MHS02321;Perempuan;20;DKI Jakarta;Sains dan Teknologi;Matematika;2025;Beasiswa;Cuti;3.53;2;Kos
MHS02322;Perempuan;23;Jawa Timur;Keperawatan;Keperawatan;2022;Orang Tua;Lulus;3.31;8;Kos
MHS02323;Perempuan;20;Jawa Timur;Kesehatan Masyarakat;Kesehatan Masyarakat;2024;Orang Tua;Aktif;3.27;4;Rumah Orang Tua
MHS02324;Perempuan;19;Jawa Timur;Ilmu Sosial dan Ilmu Politik;Administrasi Publik;2025;Orang Tua;Aktif;2.83;2;Rumah Orang Tua
MHS02325;Perempuan;21;Jawa Timur;FIKKIA Banyuwangi;Kedokteran Hewan (FIKKIA Banyuwangi);2023;Orang Tua;Aktif;3.92;6;Rumah Orang Tua
MHS02326;Perempuan;21;Jawa Timur;Ekonomi dan Bisnis;Akuntansi;2023;Orang Tua;Aktif;3.34;6;Kos
MHS02327;Perempuan;21;Jawa Timur;Hukum;Ilmu Hukum;2023;Beasiswa;Aktif;2.95;6;Asrama
MHS02328;Perempuan;24;Sulawesi Tenggara;Ilmu Sosial dan Ilmu Politik;Ilmu Politik;2020;Orang Tua;Lulus;3.33;9;Asrama
MHS02329;Laki-laki;23;Jawa Timur;Ekonomi dan Bisnis;Ilmu Ekonomi;2022;Pinjaman/Kredit Pendidikan;Aktif;2.97;8;Rumah Orang Tua
MHS02330;Laki-laki;21;Jawa Timur;FIKKIA Banyuwangi;Kesehatan Masyarakat (FIKKIA Banyuwangi);2024;Orang Tua;Cuti;3.64;4;Rumah Orang Tua
MHS02331;Laki-laki;20;Nusa Tenggara Timur;Teknologi Maju dan Multidisiplin;Teknik Elektro;2025;Pinjaman/Kredit Pendidikan;Aktif;3.12;2;Kos
MHS02332;Laki-laki;22;Jawa Barat;Ekonomi dan Bisnis;Ilmu Ekonomi;2022;Orang Tua;Lulus;3.24;8;Kos
MHS02333;Perempuan;21;Lampung;Kedokteran Hewan;Kedokteran Hewan;2024;Orang Tua;Aktif;3.81;4;Kos
MHS02334;Perempuan;20;Kalimantan Barat;Ilmu Budaya;Bahasa dan Sastra Jepang;2024;Beasiswa;Cuti;2.95;4;Asrama
MHS02335;Perempuan;23;Papua;FIKKIA Banyuwangi;Akuakultur (FIKKIA Banyuwangi);2022;Beasiswa;Lulus;3.9;8;Asrama
MHS02336;Perempuan;21;Jawa Tengah;Ilmu Sosial dan Ilmu Politik;Ilmu Informasi dan Perpustakaan;2024;Pinjaman/Kredit Pendidikan;Aktif;3.92;4;Asrama
MHS02337;Perempuan;22;Jawa Timur;Ilmu Sosial dan Ilmu Politik;Ilmu Politik;2023;Orang Tua;Aktif;3.39;6;Rumah Orang Tua
MHS02338;Perempuan;20;Jawa Timur;Ekonomi dan Bisnis;Ilmu Ekonomi;2024;Orang Tua;Aktif;3.02;4;Kos
MHS02339;Perempuan;24;Jawa Timur;FIKKIA Banyuwangi;Kedokteran Hewan (FIKKIA Banyuwangi);2021;Orang Tua;Lulus;3.17;8;Rumah Orang Tua
MHS02340;Perempuan;21;Jawa Timur;Farmasi;Farmasi;2024;Orang Tua;Aktif;3.84;4;Rumah Orang Tua
MHS02341;Laki-laki;22;Jawa Timur;Ilmu Budaya;Bahasa dan Sastra Inggris;2022;Kerja Sendiri (part-time);Aktif;3.35;8;Asrama
MHS02342;Laki-laki;22;Jawa Tengah;Ilmu Sosial dan Ilmu Politik;Administrasi Publik;2025;Beasiswa;Aktif;1.91;2;Kos
MHS02343;Laki-laki;22;Jawa Timur;Perikanan dan Kelautan;Teknologi Hasil Perikanan;2024;Kerja Sendiri (part-time);Aktif;2.79;4;Rumah Orang Tua
MHS02344;Laki-laki;20;Jawa Tengah;Teknologi Maju dan Multidisiplin;Teknik Robotika dan Kecerdasan Buatan;2024;Orang Tua;Aktif;3.94;4;Menumpang Saudara
MHS02345;Laki-laki;22;Sulawesi Barat;FIKKIA Banyuwangi;Kesehatan Masyarakat (FIKKIA Banyuwangi);2022;Kerja Sendiri (part-time);Aktif;3.46;8;Asrama
MHS02346;Laki-laki;20;Jawa Timur;Ilmu Sosial dan Ilmu Politik;Administrasi Publik;2025;Orang Tua;Aktif;2.51;2;Asrama
MHS02347;Laki-laki;25;Jawa Barat;Teknologi Maju dan Multidisiplin;Teknik Elektro;2020;Orang Tua;Lulus;2.94;10;Kos
MHS02348;Laki-laki;24;Jawa Timur;Sains dan Teknologi;Sistem Informasi;2020;Orang Tua;Lulus;2.91;8;Kos
MHS02349;Perempuan;21;Jawa Timur;Kedokteran Gigi;Kedokteran Gigi;2023;Orang Tua;Aktif;3.48;6;Kos
MHS02350;Laki-laki;22;Jawa Timur;Ilmu Sosial dan Ilmu Politik;Ilmu Politik;2022;Kerja Sendiri (part-time);Lulus;2.83;8;Rumah Orang Tua
MHS02351;Perempuan;23;Jawa Timur;Teknologi Maju dan Multidisiplin;Rekayasa Nanoteknologi;2021;Orang Tua;Lulus;3.31;8;Rumah Orang Tua
MHS02352;Perempuan;23;Jawa Timur;FIKKIA Banyuwangi;Akuakultur (FIKKIA Banyuwangi);2021;Kerja Sendiri (part-time);Lulus;3.8;8;Kos
MHS02353;Perempuan;22;Jawa Timur;Ilmu Sosial dan Ilmu Politik;Ilmu Informasi dan Perpustakaan;2022;Beasiswa;Non-Aktif/DO;3.05;2;Rumah Orang Tua
MHS02354;Laki-laki;27;Nusa Tenggara Barat;FIKKIA Banyuwangi;Kedokteran Hewan (FIKKIA Banyuwangi);2021;Beasiswa;Lulus;3.76;8;Kos
MHS02355;Perempuan;20;DI Yogyakarta;Keperawatan;Keperawatan;2024;Kerja Sendiri (part-time);Aktif;3.26;4;Kos
MHS02356;Perempuan;21;Papua Barat;Ekonomi dan Bisnis;Manajemen;2024;Orang Tua;Aktif;3.44;4;Kos
MHS02357;Perempuan;21;Kalimantan Selatan;FIKKIA Banyuwangi;Kedokteran Hewan (FIKKIA Banyuwangi);2024;Orang Tua;Aktif;3.05;4;Asrama
MHS02358;Laki-laki;21;DKI Jakarta;Sains dan Teknologi;Sistem Informasi;2023;Orang Tua;Aktif;3.26;6;Kos
MHS02359;Perempuan;19;Bali;Ilmu Sosial dan Ilmu Politik;Ilmu Politik;2025;Beasiswa;Aktif;3.29;2;Kos
MHS02360;Perempuan;20;Jawa Timur;Sains dan Teknologi;Biologi;2025;Orang Tua;Aktif;3.68;2;Kos
MHS02361;Perempuan;22;Jawa Timur;Ilmu Sosial dan Ilmu Politik;Sosiologi;2022;Orang Tua;Lulus;3.29;8;Rumah Orang Tua
MHS02362;Perempuan;21;Bali;Teknologi Maju dan Multidisiplin;Teknik Industri;2023;Orang Tua;Aktif;3.81;6;Kos
MHS02363;Perempuan;19;Jawa Tengah;Ilmu Budaya;Bahasa dan Sastra Indonesia;2025;Kerja Sendiri (part-time);Aktif;3.2;2;Kos
MHS02364;Perempuan;20;Sulawesi Selatan;Farmasi;Farmasi;2024;Orang Tua;Aktif;3.09;4;Kos
MHS02365;Laki-laki;21;Jawa Timur;FIKKIA Banyuwangi;Kesehatan Masyarakat (FIKKIA Banyuwangi);2023;Orang Tua;Aktif;3.73;6;Menumpang Saudara
MHS02366;Perempuan;27;Sulawesi Selatan;FIKKIA Banyuwangi;Kesehatan Masyarakat (FIKKIA Banyuwangi);2020;Orang Tua;Lulus;2.58;11;Asrama
MHS02367;Laki-laki;19;Jawa Timur;Sains dan Teknologi;Kimia;2025;Orang Tua;Aktif;2.85;2;Rumah Orang Tua
MHS02368;Perempuan;21;Jawa Timur;Psikologi;Psikologi;2025;Orang Tua;Cuti;2.69;2;Asrama
MHS02369;Laki-laki;21;Jawa Tengah;Teknologi Maju dan Multidisiplin;Teknologi Sains Data;2025;Orang Tua;Aktif;3.38;2;Rumah Orang Tua
MHS02370;Perempuan;22;Jawa Timur;Ilmu Sosial dan Ilmu Politik;Ilmu Komunikasi;2024;Orang Tua;Aktif;3.56;4;Rumah Orang Tua
MHS02371;Perempuan;21;Jawa Timur;Sains dan Teknologi;Fisika;2023;Orang Tua;Aktif;3.23;6;Kos
MHS02372;Perempuan;25;Jawa Timur;Ilmu Budaya;Bahasa dan Sastra Indonesia;2021;Orang Tua;Lulus;3.92;8;Kos
MHS02373;Perempuan;20;Jawa Timur;FIKKIA Banyuwangi;Akuakultur (FIKKIA Banyuwangi);2024;Orang Tua;Aktif;2.95;4;Kos
MHS02374;Laki-laki;20;Lampung;Ilmu Sosial dan Ilmu Politik;Ilmu Politik;2025;Kerja Sendiri (part-time);Non-Aktif/DO;2.46;2;Menumpang Saudara
MHS02375;Laki-laki;26;Nusa Tenggara Timur;Ekonomi dan Bisnis;Akuntansi;2020;Beasiswa;Lulus;3.78;8;Menumpang Saudara
MHS02376;Perempuan;23;Jawa Timur;Ilmu Sosial dan Ilmu Politik;Antropologi;2022;Orang Tua;Aktif;3.08;8;Rumah Orang Tua
MHS02377;Laki-laki;20;Jawa Timur;Farmasi;Farmasi;2024;Orang Tua;Aktif;3.68;4;Kos
MHS02378;Laki-laki;20;Bali;Sains dan Teknologi;Sistem Informasi;2025;Orang Tua;Aktif;2.86;2;Kos
MHS02379;Perempuan;20;Jawa Timur;FIKKIA Banyuwangi;Kesehatan Masyarakat (FIKKIA Banyuwangi);2025;Orang Tua;Aktif;2.76;2;Kos
MHS02380;Perempuan;19;DKI Jakarta;Perikanan dan Kelautan;Teknologi Hasil Perikanan;2025;Orang Tua;Aktif;3.44;2;Rumah Orang Tua
MHS02381;Laki-laki;21;Kalimantan Tengah;Ilmu Sosial dan Ilmu Politik;Antropologi;2024;Orang Tua;Aktif;3.48;4;Kos
MHS02382;Perempuan;24;Sumatera Barat;Kedokteran;Kedokteran;2021;Orang Tua;Lulus;3.2;8;Kos
MHS02383;Perempuan;22;Jawa Tengah;Kedokteran;Kedokteran;2023;Orang Tua;Aktif;3.35;6;Menumpang Saudara
MHS02384;Perempuan;24;Nusa Tenggara Barat;Teknologi Maju dan Multidisiplin;Teknik Industri;2021;Orang Tua;Lulus;3.78;9;Kos
MHS02385;Laki-laki;20;Jawa Timur;Teknologi Maju dan Multidisiplin;Teknik Robotika dan Kecerdasan Buatan;2025;Orang Tua;Aktif;4.0;2;Rumah Orang Tua
MHS02386;Perempuan;26;Riau;Ilmu Sosial dan Ilmu Politik;Ilmu Informasi dan Perpustakaan;2019;Orang Tua;Lulus;3.42;8;Kos
MHS02387;Perempuan;22;Jawa Timur;Ilmu Sosial dan Ilmu Politik;Ilmu Informasi dan Perpustakaan;2022;Orang Tua;Aktif;3.1;8;Rumah Orang Tua
MHS02388;Perempuan;19;Jawa Timur;FIKKIA Banyuwangi;Kedokteran Hewan (FIKKIA Banyuwangi);2025;Orang Tua;Non-Aktif/DO;2.96;2;Rumah Orang Tua
MHS02389;Laki-laki;23;Jawa Tengah;FIKKIA Banyuwangi;Akuakultur (FIKKIA Banyuwangi);2023;Orang Tua;Aktif;3.44;6;Rumah Orang Tua
MHS02390;Laki-laki;20;Jawa Timur;Sains dan Teknologi;Sistem Informasi;2024;Orang Tua;Aktif;3.87;4;Kos
MHS02391;Laki-laki;25;Sumatera Selatan;Kedokteran;Kedokteran;2021;Beasiswa;Lulus;2.83;9;Menumpang Saudara
MHS02392;Perempuan;23;Jawa Tengah;Ilmu Budaya;Bahasa dan Sastra Inggris;2024;Orang Tua;Aktif;3.88;4;Kos
MHS02393;Perempuan;23;Sulawesi Tenggara;Ilmu Sosial dan Ilmu Politik;Administrasi Publik;2024;Orang Tua;Aktif;2.99;4;Kos
MHS02394;Laki-laki;19;Jawa Timur;Ilmu Budaya;Bahasa dan Sastra Indonesia;2025;Orang Tua;Aktif;2.02;2;Rumah Orang Tua
MHS02395;Laki-laki;23;DKI Jakarta;Sains dan Teknologi;Biologi;2022;Orang Tua;Aktif;2.77;8;Kos
MHS02396;Laki-laki;21;Jawa Timur;Sains dan Teknologi;Teknik Lingkungan;2024;Beasiswa;Aktif;2.76;4;Rumah Orang Tua
MHS02397;Perempuan;20;Jawa Timur;Ilmu Budaya;Ilmu Sejarah;2025;Orang Tua;Aktif;3.91;2;Rumah Orang Tua
MHS02398;Perempuan;21;Jawa Timur;Kesehatan Masyarakat;Gizi;2023;Beasiswa;Aktif;2.79;6;Asrama
MHS02399;Laki-laki;25;Kalimantan Selatan;Teknologi Maju dan Multidisiplin;Rekayasa Nanoteknologi;2019;Orang Tua;Lulus;3.31;8;Kos
MHS02400;Perempuan;21;Jawa Timur;Ekonomi dan Bisnis;Akuntansi;2024;Orang Tua;Aktif;2.93;4;Rumah Orang Tua
MHS02401;Laki-laki;23;Jawa Timur;Perikanan dan Kelautan;Teknologi Hasil Perikanan;2022;Beasiswa;Lulus;3.18;8;Rumah Orang Tua
MHS02402;Perempuan;21;Sulawesi Tenggara;Ekonomi dan Bisnis;Manajemen;2024;Orang Tua;Aktif;2.73;4;Asrama
MHS02403;Perempuan;21;Jawa Timur;Keperawatan;Keperawatan;2023;Beasiswa;Aktif;3.01;6;Rumah Orang Tua
MHS02404;Perempuan;20;Riau;Sains dan Teknologi;Teknik Biomedis;2025;Beasiswa;Aktif;2.64;2;Asrama
MHS02405;Perempuan;22;Bali;Kesehatan Masyarakat;Kesehatan Masyarakat;2022;Pinjaman/Kredit Pendidikan;Aktif;3.09;8;Menumpang Saudara
MHS02406;Perempuan;21;Jawa Barat;Teknologi Maju dan Multidisiplin;Teknik Elektro;2023;Orang Tua;Aktif;3.56;6;Kos
MHS02407;Perempuan;22;Jawa Timur;Teknologi Maju dan Multidisiplin;Rekayasa Nanoteknologi;2023;Kerja Sendiri (part-time);Non-Aktif/DO;2.42;2;Rumah Orang Tua
MHS02408;Laki-laki;20;Aceh;Ilmu Budaya;Ilmu Sejarah;2025;Beasiswa;Aktif;2.7;2;Menumpang Saudara
MHS02409;Perempuan;21;Maluku;Keperawatan;Keperawatan;2023;Orang Tua;Aktif;3.31;6;Kos
MHS02410;Laki-laki;22;Jawa Timur;Ilmu Sosial dan Ilmu Politik;Administrasi Publik;2023;Orang Tua;Aktif;3.11;6;Asrama
MHS02411;Perempuan;19;Jawa Timur;Sains dan Teknologi;Teknik Lingkungan;2025;Orang Tua;Aktif;3.33;2;Kos
MHS02412;Perempuan;21;DI Yogyakarta;Kedokteran;Kedokteran;2024;Orang Tua;Aktif;3.67;4;Menumpang Saudara
MHS02413;Laki-laki;23;Jawa Timur;Ilmu Sosial dan Ilmu Politik;Sosiologi;2024;Beasiswa;Cuti;3.38;4;Rumah Orang Tua
MHS02414;Perempuan;24;Jawa Timur;Teknologi Maju dan Multidisiplin;Teknik Elektro;2021;Orang Tua;Lulus;3.46;8;Rumah Orang Tua
MHS02415;Perempuan;21;Kalimantan Timur;Ilmu Sosial dan Ilmu Politik;Ilmu Informasi dan Perpustakaan;2024;Orang Tua;Aktif;3.05;4;Kos
MHS02416;Perempuan;21;Jawa Barat;Sains dan Teknologi;Teknik Biomedis;2024;Orang Tua;Aktif;3.84;4;Kos
MHS02417;Perempuan;22;Jawa Timur;Sains dan Teknologi;Matematika;2022;Orang Tua;Lulus;3.37;8;Kos
MHS02418;Perempuan;22;Jawa Timur;Sains dan Teknologi;Sistem Informasi;2023;Beasiswa;Aktif;2.93;6;Rumah Orang Tua
MHS02419;Laki-laki;22;Jawa Tengah;Sains dan Teknologi;Kimia;2023;Beasiswa;Aktif;3.99;6;Asrama
MHS02420;Laki-laki;22;Jawa Timur;Sains dan Teknologi;Teknik Biomedis;2023;Beasiswa;Aktif;3.79;6;Rumah Orang Tua
MHS02421;Perempuan;22;Jawa Tengah;Ilmu Budaya;Bahasa dan Sastra Jepang;2022;Orang Tua;Aktif;3.2;8;Kos
MHS02422;Perempuan;21;Jawa Timur;FIKKIA Banyuwangi;Kedokteran Hewan (FIKKIA Banyuwangi);2023;Beasiswa;Non-Aktif/DO;2.31;6;Kos
MHS02423;Laki-laki;21;Jawa Timur;Sains dan Teknologi;Statistika;2024;Orang Tua;Aktif;3.64;4;Rumah Orang Tua
MHS02424;Perempuan;23;Sumatera Utara;Kedokteran;Kedokteran;2024;Orang Tua;Aktif;3.73;4;Asrama
MHS02425;Perempuan;24;Jawa Timur;Kedokteran Gigi;Kedokteran Gigi;2023;Orang Tua;Aktif;3.42;6;Kos
MHS02426;Perempuan;22;DKI Jakarta;Hukum;Ilmu Hukum;2023;Orang Tua;Aktif;2.92;6;Kos
MHS02427;Laki-laki;23;DKI Jakarta;Ilmu Sosial dan Ilmu Politik;Administrasi Publik;2025;Orang Tua;Cuti;3.32;2;Asrama
MHS02428;Perempuan;23;Banten;Ilmu Sosial dan Ilmu Politik;Administrasi Publik;2025;Orang Tua;Aktif;4.0;2;Kos
MHS02429;Laki-laki;20;Jawa Timur;Ekonomi dan Bisnis;Akuntansi;2025;Orang Tua;Aktif;3.07;2;Rumah Orang Tua
MHS02430;Perempuan;22;Sumatera Selatan;Kesehatan Masyarakat;Kesehatan Masyarakat;2022;Orang Tua;Lulus;3.78;8;Kos
MHS02431;Perempuan;23;Jawa Timur;Ilmu Budaya;Bahasa dan Sastra Indonesia;2023;Orang Tua;Aktif;2.8;6;Rumah Orang Tua
MHS02432;Laki-laki;22;Jawa Timur;Teknologi Maju dan Multidisiplin;Teknik Elektro;2023;Orang Tua;Aktif;3.44;6;Kos
MHS02433;Perempuan;22;Jawa Timur;Kedokteran Hewan;Kedokteran Hewan;2023;Orang Tua;Aktif;3.38;6;Rumah Orang Tua
MHS02434;Perempuan;27;Jawa Tengah;Ilmu Budaya;Bahasa dan Sastra Indonesia;2021;Orang Tua;Lulus;3.21;8;Kos
MHS02435;Laki-laki;22;DKI Jakarta;Ilmu Budaya;Ilmu Sejarah;2023;Orang Tua;Cuti;3.67;6;Rumah Orang Tua
MHS02436;Laki-laki;21;Jawa Tengah;Teknologi Maju dan Multidisiplin;Teknologi Sains Data;2024;Orang Tua;Aktif;3.1;4;Rumah Orang Tua
MHS02437;Laki-laki;21;Kalimantan Utara;Ilmu Sosial dan Ilmu Politik;Ilmu Politik;2024;Orang Tua;Aktif;3.28;4;Asrama
MHS02438;Perempuan;21;Jawa Timur;Ilmu Budaya;Ilmu Sejarah;2024;Orang Tua;Aktif;3.94;4;Rumah Orang Tua
MHS02439;Perempuan;24;Jawa Timur;Sains dan Teknologi;Teknik Biomedis;2021;Orang Tua;Lulus;3.75;8;Rumah Orang Tua
MHS02440;Laki-laki;20;Jawa Timur;Ilmu Sosial dan Ilmu Politik;Administrasi Publik;2024;Beasiswa;Aktif;3.5;4;Kos
MHS02441;Perempuan;23;Jawa Timur;Sains dan Teknologi;Teknik Lingkungan;2022;Kerja Sendiri (part-time);Aktif;2.84;8;Asrama
MHS02442;Laki-laki;19;DKI Jakarta;Sains dan Teknologi;Biologi;2025;Beasiswa;Cuti;2.49;2;Kos
MHS02443;Perempuan;22;Nusa Tenggara Barat;Farmasi;Farmasi;2023;Orang Tua;Aktif;3.47;6;Kos
MHS02444;Perempuan;21;Jawa Timur;Kedokteran;Kedokteran;2024;Orang Tua;Aktif;3.58;4;Rumah Orang Tua
MHS02445;Laki-laki;21;Jawa Timur;Sains dan Teknologi;Teknik Lingkungan;2023;Orang Tua;Aktif;3.38;6;Rumah Orang Tua
MHS02446;Perempuan;20;Jawa Timur;Ilmu Sosial dan Ilmu Politik;Sosiologi;2024;Orang Tua;Non-Aktif/DO;2.6;4;Asrama
MHS02447;Perempuan;23;Jawa Barat;Teknologi Maju dan Multidisiplin;Teknik Robotika dan Kecerdasan Buatan;2022;Beasiswa;Aktif;3.29;8;Asrama
MHS02448;Perempuan;19;Jawa Timur;Sains dan Teknologi;Matematika;2025;Orang Tua;Aktif;3.24;2;Rumah Orang Tua
MHS02449;Perempuan;23;Jawa Timur;Ilmu Sosial dan Ilmu Politik;Ilmu Komunikasi;2022;Orang Tua;Aktif;2.87;8;Kos
MHS02450;Laki-laki;20;Jawa Timur;Sains dan Teknologi;Fisika;2024;Orang Tua;Aktif;2.92;4;Kos
MHS02451;Perempuan;20;Bali;Ilmu Sosial dan Ilmu Politik;Ilmu Komunikasi;2025;Orang Tua;Aktif;4.0;2;Rumah Orang Tua
MHS02452;Perempuan;21;Jawa Timur;Ilmu Sosial dan Ilmu Politik;Sosiologi;2024;Beasiswa;Non-Aktif/DO;2.61;2;Rumah Orang Tua
MHS02453;Perempuan;22;Jawa Timur;Farmasi;Farmasi;2025;Orang Tua;Aktif;2.47;2;Kos
MHS02454;Perempuan;19;Jawa Timur;Ilmu Sosial dan Ilmu Politik;Ilmu Politik;2025;Orang Tua;Aktif;3.11;2;Kos
MHS02455;Perempuan;19;Jawa Timur;Ilmu Sosial dan Ilmu Politik;Ilmu Politik;2025;Orang Tua;Aktif;3.16;2;Rumah Orang Tua
MHS02456;Perempuan;23;Lampung;FIKKIA Banyuwangi;Kesehatan Masyarakat (FIKKIA Banyuwangi);2024;Orang Tua;Aktif;3.87;4;Kos
MHS02457;Laki-laki;22;Jawa Timur;Ekonomi dan Bisnis;Manajemen;2023;Pinjaman/Kredit Pendidikan;Aktif;3.26;6;Rumah Orang Tua
MHS02458;Perempuan;23;Jawa Timur;FIKKIA Banyuwangi;Kedokteran Hewan (FIKKIA Banyuwangi);2021;Orang Tua;Lulus;3.21;8;Rumah Orang Tua
MHS02459;Laki-laki;20;Jawa Timur;Teknologi Maju dan Multidisiplin;Teknik Robotika dan Kecerdasan Buatan;2024;Orang Tua;Aktif;3.4;4;Rumah Orang Tua
MHS02460;Perempuan;21;Jawa Timur;Ilmu Sosial dan Ilmu Politik;Antropologi;2024;Kerja Sendiri (part-time);Aktif;2.96;4;Rumah Orang Tua
MHS02461;Perempuan;23;Jawa Barat;Ilmu Sosial dan Ilmu Politik;Ilmu Informasi dan Perpustakaan;2021;Orang Tua;Lulus;2.72;10;Asrama
MHS02462;Perempuan;22;Jawa Timur;Ekonomi dan Bisnis;Ilmu Ekonomi;2025;Orang Tua;Aktif;3.11;2;Rumah Orang Tua
MHS02463;Perempuan;21;Jawa Tengah;Kesehatan Masyarakat;Gizi;2024;Orang Tua;Aktif;3.05;4;Rumah Orang Tua
MHS02464;Perempuan;21;Banten;Ilmu Sosial dan Ilmu Politik;Sosiologi;2023;Beasiswa;Aktif;3.09;6;Menumpang Saudara
MHS02465;Perempuan;22;Jawa Timur;Kedokteran Gigi;Kedokteran Gigi;2022;Orang Tua;Aktif;3.25;8;Rumah Orang Tua
MHS02466;Perempuan;21;Jawa Timur;Keperawatan;Keperawatan;2024;Orang Tua;Aktif;3.78;4;Rumah Orang Tua
MHS02467;Perempuan;21;Jawa Timur;Sains dan Teknologi;Matematika;2024;Kerja Sendiri (part-time);Aktif;3.2;4;Rumah Orang Tua
MHS02468;Laki-laki;19;Jawa Timur;Teknologi Maju dan Multidisiplin;Teknik Elektro;2025;Orang Tua;Aktif;3.33;2;Rumah Orang Tua
MHS02469;Perempuan;23;Jawa Timur;Kedokteran Gigi;Kedokteran Gigi;2022;Orang Tua;Aktif;2.8;8;Rumah Orang Tua
MHS02470;Laki-laki;20;Jawa Tengah;Teknologi Maju dan Multidisiplin;Teknik Elektro;2025;Orang Tua;Aktif;2.89;2;Asrama
MHS02471;Laki-laki;20;Jawa Timur;Perikanan dan Kelautan;Teknologi Hasil Perikanan;2025;Beasiswa;Aktif;3.07;2;Rumah Orang Tua
MHS02472;Perempuan;20;DKI Jakarta;Ilmu Sosial dan Ilmu Politik;Ilmu Hubungan Internasional;2025;Orang Tua;Aktif;2.83;2;Kos
MHS02473;Laki-laki;22;Jawa Timur;Ilmu Sosial dan Ilmu Politik;Administrasi Publik;2023;Orang Tua;Aktif;3.66;6;Kos
MHS02474;Perempuan;19;Riau;Ilmu Budaya;Bahasa dan Sastra Inggris;2025;Orang Tua;Aktif;3.17;2;Asrama
MHS02475;Laki-laki;23;Sulawesi Tenggara;Teknologi Maju dan Multidisiplin;Teknologi Sains Data;2024;Orang Tua;Aktif;3.99;4;Kos
MHS02476;Laki-laki;19;Banten;Teknologi Maju dan Multidisiplin;Teknik Robotika dan Kecerdasan Buatan;2025;Orang Tua;Aktif;2.3;2;Kos
MHS02477;Laki-laki;23;Jawa Timur;Ilmu Sosial dan Ilmu Politik;Administrasi Publik;2023;Beasiswa;Aktif;2.87;6;Kos
MHS02478;Perempuan;23;Jawa Tengah;Sains dan Teknologi;Biologi;2022;Beasiswa;Aktif;3.06;8;Kos
MHS02479;Laki-laki;19;Nusa Tenggara Barat;Ilmu Budaya;Bahasa dan Sastra Indonesia;2025;Beasiswa;Aktif;3.14;2;Kos
MHS02480;Perempuan;24;Jawa Timur;FIKKIA Banyuwangi;Kesehatan Masyarakat (FIKKIA Banyuwangi);2021;Orang Tua;Lulus;3.54;8;Rumah Orang Tua
MHS02481;Laki-laki;23;Jawa Timur;Ilmu Sosial dan Ilmu Politik;Antropologi;2021;Orang Tua;Lulus;3.36;8;Rumah Orang Tua
MHS02482;Perempuan;20;Jawa Timur;Kedokteran Hewan;Kedokteran Hewan;2025;Orang Tua;Aktif;3.42;2;Rumah Orang Tua
MHS02483;Perempuan;24;Jawa Timur;Sains dan Teknologi;Kimia;2023;Orang Tua;Aktif;2.7;6;Rumah Orang Tua
MHS02484;Laki-laki;20;Jawa Timur;Kesehatan Masyarakat;Kesehatan Masyarakat;2025;Orang Tua;Cuti;2.43;2;Kos
MHS02485;Laki-laki;22;Jawa Timur;Teknologi Maju dan Multidisiplin;Teknik Elektro;2022;Orang Tua;Lulus;3.72;8;Kos
MHS02486;Perempuan;21;Jawa Timur;Kedokteran Hewan;Kedokteran Hewan;2023;Beasiswa;Aktif;3.44;6;Rumah Orang Tua
MHS02487;Perempuan;21;Jawa Timur;Perikanan dan Kelautan;Akuakultur;2023;Orang Tua;Aktif;3.11;6;Kos
MHS02488;Laki-laki;22;Jawa Timur;Sains dan Teknologi;Statistika;2022;Orang Tua;Lulus;3.89;8;Rumah Orang Tua
MHS02489;Laki-laki;20;Jawa Timur;Kedokteran Gigi;Kedokteran Gigi;2025;Orang Tua;Aktif;3.24;2;Rumah Orang Tua
MHS02490;Perempuan;22;Jawa Timur;Ilmu Sosial dan Ilmu Politik;Ilmu Komunikasi;2022;Orang Tua;Lulus;3.3;8;Rumah Orang Tua
MHS02491;Perempuan;21;Maluku Utara;Sains dan Teknologi;Statistika;2023;Orang Tua;Cuti;3.21;6;Kos
MHS02492;Perempuan;21;Jawa Timur;Sains dan Teknologi;Fisika;2024;Orang Tua;Aktif;2.81;4;Rumah Orang Tua
MHS02493;Perempuan;23;Jawa Timur;FIKKIA Banyuwangi;Akuakultur (FIKKIA Banyuwangi);2021;Orang Tua;Lulus;3.63;9;Rumah Orang Tua
MHS02494;Perempuan;19;Papua Selatan;Ilmu Budaya;Bahasa dan Sastra Jepang;2025;Orang Tua;Aktif;2.77;2;Kos
MHS02495;Laki-laki;22;Jawa Timur;Teknologi Maju dan Multidisiplin;Teknologi Sains Data;2023;Orang Tua;Aktif;3.26;6;Kos
MHS02496;Perempuan;21;Jambi;FIKKIA Banyuwangi;Kedokteran Hewan (FIKKIA Banyuwangi);2024;Orang Tua;Aktif;3.35;4;Kos
MHS02497;Laki-laki;20;Jawa Timur;Ilmu Sosial dan Ilmu Politik;Ilmu Komunikasi;2024;Orang Tua;Aktif;3.77;4;Menumpang Saudara
MHS02498;Laki-laki;24;Sulawesi Utara;Hukum;Ilmu Hukum;2021;Orang Tua;Lulus;3.72;8;Asrama
MHS02499;Perempuan;21;Jawa Timur;Teknologi Maju dan Multidisiplin;Rekayasa Nanoteknologi;2023;Beasiswa;Aktif;4.0;6;Asrama
MHS02500;Perempuan;21;Jawa Barat;Ilmu Sosial dan Ilmu Politik;Antropologi;2024;Orang Tua;Aktif;2.82;4;Kos
MHS02501;Laki-laki;21;Jawa Timur;Ekonomi dan Bisnis;Ilmu Ekonomi;2025;Beasiswa;Aktif;3.68;2;Rumah Orang Tua
MHS02502;Laki-laki;23;Jawa Timur;Ekonomi dan Bisnis;Ilmu Ekonomi;2022;Beasiswa;Aktif;3.45;8;Rumah Orang Tua
MHS02503;Perempuan;19;Jawa Timur;Ilmu Sosial dan Ilmu Politik;Antropologi;2025;Orang Tua;Aktif;3.79;2;Rumah Orang Tua
MHS02504;Perempuan;22;Jawa Timur;Ilmu Sosial dan Ilmu Politik;Ilmu Komunikasi;2023;Beasiswa;Aktif;3.8;6;Rumah Orang Tua
MHS02505;Laki-laki;22;Jawa Timur;Ekonomi dan Bisnis;Ekonomi Islam;2025;Beasiswa;Cuti;2.89;2;Rumah Orang Tua
MHS02506;Laki-laki;19;Jawa Timur;Ekonomi dan Bisnis;Akuntansi;2025;Orang Tua;Aktif;3.74;2;Rumah Orang Tua
MHS02507;Laki-laki;22;DKI Jakarta;Kedokteran Hewan;Kedokteran Hewan;2022;Beasiswa;Lulus;3.44;8;Menumpang Saudara
MHS02508;Laki-laki;20;Jawa Timur;Ilmu Sosial dan Ilmu Politik;Ilmu Politik;2025;Orang Tua;Aktif;2.64;2;Kos
MHS02509;Laki-laki;21;Jawa Timur;Teknologi Maju dan Multidisiplin;Teknik Elektro;2024;Orang Tua;Cuti;2.91;4;Rumah Orang Tua
MHS02510;Perempuan;21;Jawa Tengah;Ekonomi dan Bisnis;Manajemen;2024;Orang Tua;Aktif;3.08;4;Kos
MHS02511;Perempuan;20;Jawa Timur;Ekonomi dan Bisnis;Ilmu Ekonomi;2025;Orang Tua;Aktif;2.17;2;Kos
MHS02512;Perempuan;22;Sulawesi Tengah;Teknologi Maju dan Multidisiplin;Teknologi Sains Data;2022;Kerja Sendiri (part-time);Non-Aktif/DO;2.62;2;Kos
MHS02513;Perempuan;25;Bali;Hukum;Ilmu Hukum;2022;Beasiswa;Aktif;2.86;8;Kos
MHS02514;Perempuan;21;Jawa Timur;Sains dan Teknologi;Fisika;2023;Beasiswa;Cuti;4.0;6;Kos
MHS02515;Laki-laki;20;Jawa Timur;Ilmu Sosial dan Ilmu Politik;Ilmu Politik;2024;Orang Tua;Aktif;3.39;4;Rumah Orang Tua
MHS02516;Laki-laki;19;Jawa Timur;Ilmu Budaya;Ilmu Sejarah;2025;Orang Tua;Aktif;4.0;2;Kos
MHS02517;Laki-laki;20;Jawa Timur;Ilmu Sosial dan Ilmu Politik;Sosiologi;2025;Beasiswa;Aktif;3.1;2;Rumah Orang Tua
MHS02518;Perempuan;19;Papua;Kedokteran Hewan;Kedokteran Hewan;2025;Orang Tua;Cuti;2.63;2;Kos
MHS02519;Laki-laki;22;Jawa Timur;Ilmu Sosial dan Ilmu Politik;Ilmu Hubungan Internasional;2023;Orang Tua;Aktif;3.59;6;Rumah Orang Tua
MHS02520;Laki-laki;22;Jawa Barat;Sains dan Teknologi;Kimia;2022;Orang Tua;Lulus;3.07;8;Kos
MHS02521;Laki-laki;20;Jawa Timur;Ilmu Sosial dan Ilmu Politik;Ilmu Informasi dan Perpustakaan;2024;Kerja Sendiri (part-time);Aktif;3.1;4;Rumah Orang Tua
MHS02522;Perempuan;21;Jawa Timur;Kesehatan Masyarakat;Gizi;2023;Orang Tua;Cuti;3.01;6;Rumah Orang Tua
MHS02523;Perempuan;19;Jawa Timur;Psikologi;Psikologi;2025;Orang Tua;Aktif;3.67;2;Kos
MHS02524;Perempuan;20;Jawa Timur;Keperawatan;Keperawatan;2025;Beasiswa;Aktif;3.8;2;Rumah Orang Tua
MHS02525;Laki-laki;24;Papua;Perikanan dan Kelautan;Akuakultur;2021;Beasiswa;Lulus;3.46;9;Asrama
MHS02526;Perempuan;20;Jawa Timur;Ekonomi dan Bisnis;Ekonomi Islam;2024;Orang Tua;Aktif;2.73;4;Rumah Orang Tua
MHS02527;Laki-laki;19;DKI Jakarta;Teknologi Maju dan Multidisiplin;Teknologi Sains Data;2025;Orang Tua;Aktif;3.26;2;Rumah Orang Tua
MHS02528;Perempuan;21;Jawa Timur;Ilmu Sosial dan Ilmu Politik;Ilmu Informasi dan Perpustakaan;2024;Orang Tua;Aktif;3.32;4;Rumah Orang Tua
MHS02529;Perempuan;21;Jawa Timur;FIKKIA Banyuwangi;Kesehatan Masyarakat (FIKKIA Banyuwangi);2023;Orang Tua;Aktif;3.13;6;Rumah Orang Tua
MHS02530;Perempuan;20;Jawa Timur;FIKKIA Banyuwangi;Kedokteran (FIKKIA Banyuwangi);2025;Orang Tua;Aktif;3.59;2;Menumpang Saudara
MHS02531;Perempuan;25;Jawa Timur;Sains dan Teknologi;Sistem Informasi;2019;Orang Tua;Lulus;3.84;8;Kos
MHS02532;Laki-laki;21;Jawa Timur;Ilmu Sosial dan Ilmu Politik;Ilmu Politik;2023;Orang Tua;Aktif;3.56;6;Rumah Orang Tua
MHS02533;Perempuan;20;Jawa Tengah;Kedokteran Gigi;Kedokteran Gigi;2024;Kerja Sendiri (part-time);Aktif;3.14;4;Asrama
MHS02534;Laki-laki;24;Jawa Timur;Teknologi Maju dan Multidisiplin;Teknik Robotika dan Kecerdasan Buatan;2021;Beasiswa;Lulus;3.89;8;Rumah Orang Tua
MHS02535;Perempuan;20;Jawa Timur;Sains dan Teknologi;Teknik Biomedis;2025;Pinjaman/Kredit Pendidikan;Aktif;3.21;2;Rumah Orang Tua
MHS02536;Perempuan;21;Jawa Tengah;Sains dan Teknologi;Sistem Informasi;2024;Beasiswa;Non-Aktif/DO;3.41;3;Kos
MHS02537;Laki-laki;23;Jawa Timur;Ilmu Budaya;Bahasa dan Sastra Indonesia;2022;Orang Tua;Aktif;3.6;8;Rumah Orang Tua
MHS02538;Perempuan;22;Lampung;Sains dan Teknologi;Sistem Informasi;2022;Kerja Sendiri (part-time);Cuti;2.86;8;Kos
MHS02539;Perempuan;21;Jawa Timur;Ekonomi dan Bisnis;Ekonomi Islam;2024;Orang Tua;Aktif;2.66;4;Kos
MHS02540;Laki-laki;19;Bengkulu;Keperawatan;Keperawatan;2025;Orang Tua;Aktif;2.73;2;Kos
MHS02541;Perempuan;20;Nusa Tenggara Timur;Kesehatan Masyarakat;Gizi;2025;Orang Tua;Cuti;2.33;2;Menumpang Saudara
MHS02542;Laki-laki;22;DKI Jakarta;Ilmu Budaya;Ilmu Sejarah;2024;Orang Tua;Aktif;3.58;4;Rumah Orang Tua
MHS02543;Perempuan;22;Jawa Timur;Keperawatan;Keperawatan;2023;Orang Tua;Cuti;3.53;6;Rumah Orang Tua
MHS02544;Perempuan;19;Sumatera Barat;Ilmu Sosial dan Ilmu Politik;Sosiologi;2025;Beasiswa;Aktif;2.93;2;Asrama
MHS02545;Laki-laki;24;Jawa Barat;Ilmu Sosial dan Ilmu Politik;Ilmu Informasi dan Perpustakaan;2021;Orang Tua;Lulus;3.58;9;Kos
MHS02546;Perempuan;20;Banten;Ilmu Budaya;Bahasa dan Sastra Inggris;2024;Orang Tua;Aktif;3.51;4;Asrama
MHS02547;Perempuan;21;Jawa Timur;Farmasi;Farmasi;2023;Orang Tua;Aktif;2.51;6;Rumah Orang Tua
MHS02548;Perempuan;19;Jawa Timur;Ekonomi dan Bisnis;Ekonomi Islam;2025;Orang Tua;Aktif;3.5;2;Rumah Orang Tua
MHS02549;Laki-laki;23;Jawa Barat;Teknologi Maju dan Multidisiplin;Teknik Robotika dan Kecerdasan Buatan;2022;Kerja Sendiri (part-time);Non-Aktif/DO;2.25;6;Menumpang Saudara
MHS02550;Perempuan;21;Jawa Timur;FIKKIA Banyuwangi;Kedokteran Hewan (FIKKIA Banyuwangi);2023;Orang Tua;Aktif;3.74;6;Rumah Orang Tua
MHS02551;Perempuan;22;Jawa Timur;Ilmu Budaya;Bahasa dan Sastra Jepang;2024;Orang Tua;Aktif;3.9;4;Rumah Orang Tua
MHS02552;Perempuan;21;Jawa Timur;Psikologi;Psikologi;2024;Orang Tua;Aktif;2.86;4;Rumah Orang Tua
MHS02553;Perempuan;19;Jawa Timur;Sains dan Teknologi;Matematika;2025;Orang Tua;Aktif;2.89;2;Rumah Orang Tua
MHS02554;Perempuan;21;Jawa Timur;Kedokteran Gigi;Kedokteran Gigi;2023;Beasiswa;Aktif;3.22;6;Kos
MHS02555;Laki-laki;25;DI Yogyakarta;Sains dan Teknologi;Kimia;2023;Pinjaman/Kredit Pendidikan;Cuti;3.67;6;Menumpang Saudara
MHS02556;Perempuan;20;Jawa Timur;Sains dan Teknologi;Teknik Lingkungan;2025;Beasiswa;Aktif;3.53;2;Rumah Orang Tua
MHS02557;Laki-laki;23;Jawa Timur;FIKKIA Banyuwangi;Kedokteran (FIKKIA Banyuwangi);2021;Orang Tua;Aktif;3.03;10;Rumah Orang Tua
MHS02558;Perempuan;22;Sulawesi Selatan;Sains dan Teknologi;Biologi;2025;Kerja Sendiri (part-time);Cuti;3.14;2;Kos
MHS02559;Perempuan;19;DKI Jakarta;Ekonomi dan Bisnis;Akuntansi;2025;Orang Tua;Aktif;4.0;2;Menumpang Saudara
MHS02560;Perempuan;23;Jawa Timur;Teknologi Maju dan Multidisiplin;Teknik Elektro;2022;Orang Tua;Aktif;2.41;8;Kos
MHS02561;Perempuan;22;Nusa Tenggara Barat;Ilmu Sosial dan Ilmu Politik;Antropologi;2023;Beasiswa;Aktif;3.16;6;Kos
MHS02562;Perempuan;21;Jawa Timur;Kedokteran;Kebidanan;2023;Orang Tua;Aktif;3.14;6;Rumah Orang Tua
MHS02563;Perempuan;19;Jawa Barat;Teknologi Maju dan Multidisiplin;Teknik Robotika dan Kecerdasan Buatan;2025;Orang Tua;Aktif;3.67;2;Kos
MHS02564;Perempuan;21;Jawa Tengah;Perikanan dan Kelautan;Teknologi Hasil Perikanan;2023;Orang Tua;Aktif;3.04;6;Kos
MHS02565;Laki-laki;21;Jawa Timur;Ilmu Sosial dan Ilmu Politik;Ilmu Politik;2023;Orang Tua;Cuti;2.9;6;Menumpang Saudara
MHS02566;Laki-laki;24;Jawa Timur;Kesehatan Masyarakat;Gizi;2023;Beasiswa;Aktif;3.4;6;Asrama
MHS02567;Laki-laki;21;Jawa Timur;Sains dan Teknologi;Teknik Biomedis;2024;Pinjaman/Kredit Pendidikan;Aktif;2.54;4;Rumah Orang Tua
MHS02568;Perempuan;23;Jawa Timur;Ilmu Budaya;Bahasa dan Sastra Indonesia;2022;Orang Tua;Lulus;3.77;8;Rumah Orang Tua
MHS02569;Perempuan;24;DKI Jakarta;Ilmu Budaya;Bahasa dan Sastra Indonesia;2021;Orang Tua;Lulus;2.88;9;Rumah Orang Tua
MHS02570;Laki-laki;20;Kalimantan Barat;Teknologi Maju dan Multidisiplin;Teknik Industri;2024;Orang Tua;Aktif;3.4;4;Kos
MHS02571;Perempuan;22;Kalimantan Selatan;Kedokteran;Kedokteran;2023;Orang Tua;Aktif;2.99;6;Asrama
MHS02572;Perempuan;21;Jawa Tengah;Ekonomi dan Bisnis;Akuntansi;2024;Orang Tua;Cuti;4.0;4;Kos
MHS02573;Perempuan;21;Jawa Timur;Ilmu Sosial dan Ilmu Politik;Ilmu Politik;2023;Orang Tua;Aktif;2.57;6;Rumah Orang Tua
MHS02574;Laki-laki;23;Jawa Timur;Perikanan dan Kelautan;Teknologi Hasil Perikanan;2022;Kerja Sendiri (part-time);Aktif;3.05;8;Asrama
MHS02575;Laki-laki;22;Jawa Timur;Teknologi Maju dan Multidisiplin;Teknik Industri;2023;Orang Tua;Aktif;3.35;6;Kos
MHS02576;Laki-laki;24;Jawa Timur;Ilmu Sosial dan Ilmu Politik;Administrasi Publik;2022;Orang Tua;Cuti;2.97;8;Rumah Orang Tua
MHS02577;Laki-laki;20;Jawa Timur;Teknologi Maju dan Multidisiplin;Teknik Elektro;2024;Orang Tua;Aktif;2.88;4;Rumah Orang Tua
MHS02578;Perempuan;20;Jawa Barat;Kesehatan Masyarakat;Kesehatan Masyarakat;2025;Orang Tua;Aktif;2.84;2;Kos
MHS02579;Laki-laki;21;Jawa Timur;Ilmu Budaya;Bahasa dan Sastra Inggris;2023;Orang Tua;Cuti;3.21;6;Asrama
MHS02580;Perempuan;19;Jawa Tengah;Ekonomi dan Bisnis;Manajemen;2025;Kerja Sendiri (part-time);Aktif;2.83;2;Asrama
MHS02581;Perempuan;20;Banten;Kedokteran Gigi;Kedokteran Gigi;2024;Kerja Sendiri (part-time);Cuti;2.71;4;Asrama
MHS02582;Perempuan;27;Jawa Timur;Ilmu Budaya;Bahasa dan Sastra Inggris;2020;Orang Tua;Lulus;3.58;9;Kos
MHS02583;Laki-laki;25;Jawa Timur;Teknologi Maju dan Multidisiplin;Teknik Elektro;2019;Beasiswa;Non-Aktif/DO;1.99;2;Rumah Orang Tua
MHS02584;Laki-laki;19;DI Yogyakarta;Perikanan dan Kelautan;Akuakultur;2025;Kerja Sendiri (part-time);Cuti;3.2;2;Asrama
MHS02585;Perempuan;22;Jawa Timur;Ekonomi dan Bisnis;Manajemen;2022;Beasiswa;Lulus;3.01;8;Menumpang Saudara
MHS02586;Perempuan;20;Jawa Timur;Perikanan dan Kelautan;Akuakultur;2025;Orang Tua;Aktif;3.04;2;Rumah Orang Tua
MHS02587;Laki-laki;19;Jawa Timur;Ilmu Budaya;Bahasa dan Sastra Indonesia;2025;Kerja Sendiri (part-time);Aktif;3.18;2;Rumah Orang Tua
MHS02588;Laki-laki;21;Sulawesi Utara;Hukum;Ilmu Hukum;2024;Orang Tua;Aktif;3.58;4;Kos
MHS02589;Perempuan;19;Jawa Timur;Psikologi;Psikologi;2025;Orang Tua;Aktif;3.57;2;Kos
MHS02590;Laki-laki;20;Jawa Timur;Kedokteran Gigi;Kedokteran Gigi;2024;Kerja Sendiri (part-time);Aktif;2.97;4;Rumah Orang Tua
MHS02591;Perempuan;22;Jawa Timur;Kesehatan Masyarakat;Kesehatan Masyarakat;2022;Orang Tua;Lulus;3.59;8;Rumah Orang Tua
MHS02592;Perempuan;25;Jawa Timur;Farmasi;Farmasi;2021;Orang Tua;Lulus;2.54;9;Rumah Orang Tua
MHS02593;Laki-laki;20;Sumatera Selatan;Ilmu Sosial dan Ilmu Politik;Administrasi Publik;2024;Beasiswa;Cuti;3.09;4;Kos
MHS02594;Perempuan;19;Jawa Timur;Perikanan dan Kelautan;Teknologi Hasil Perikanan;2025;Orang Tua;Aktif;3.28;2;Asrama
MHS02595;Perempuan;20;Jawa Barat;Kedokteran Hewan;Kedokteran Hewan;2025;Orang Tua;Cuti;3.45;2;Rumah Orang Tua
MHS02596;Perempuan;22;Kalimantan Tengah;Teknologi Maju dan Multidisiplin;Rekayasa Nanoteknologi;2023;Orang Tua;Cuti;2.93;6;Kos
MHS02597;Perempuan;22;Jawa Timur;Sains dan Teknologi;Teknik Biomedis;2022;Orang Tua;Non-Aktif/DO;3.91;7;Rumah Orang Tua
MHS02598;Laki-laki;20;Jawa Timur;Ilmu Sosial dan Ilmu Politik;Ilmu Hubungan Internasional;2025;Orang Tua;Aktif;2.92;2;Rumah Orang Tua
MHS02599;Laki-laki;25;Jawa Timur;FIKKIA Banyuwangi;Kedokteran (FIKKIA Banyuwangi);2019;Beasiswa;Lulus;3.67;9;Kos
MHS02600;Laki-laki;22;Jawa Timur;Sains dan Teknologi;Sistem Informasi;2024;Kerja Sendiri (part-time);Aktif;2.84;4;Asrama
MHS02601;Perempuan;20;Jawa Timur;Kesehatan Masyarakat;Kesehatan Masyarakat;2024;Orang Tua;Aktif;3.49;4;Asrama
MHS02602;Laki-laki;20;Jawa Barat;Ilmu Sosial dan Ilmu Politik;Ilmu Politik;2025;Orang Tua;Aktif;3.83;2;Asrama
MHS02603;Perempuan;20;Jawa Timur;Sains dan Teknologi;Statistika;2024;Beasiswa;Aktif;3.89;4;Kos
MHS02604;Laki-laki;19;Lampung;FIKKIA Banyuwangi;Kesehatan Masyarakat (FIKKIA Banyuwangi);2025;Beasiswa;Aktif;3.61;2;Kos
MHS02605;Perempuan;22;Banten;Teknologi Maju dan Multidisiplin;Teknik Industri;2022;Orang Tua;Aktif;3.01;8;Menumpang Saudara
MHS02606;Perempuan;23;Jawa Timur;Sains dan Teknologi;Teknik Biomedis;2024;Beasiswa;Cuti;2.75;4;Rumah Orang Tua
MHS02607;Perempuan;24;Jawa Timur;FIKKIA Banyuwangi;Akuakultur (FIKKIA Banyuwangi);2021;Kerja Sendiri (part-time);Lulus;3.64;8;Rumah Orang Tua
MHS02608;Laki-laki;22;Jawa Timur;Ilmu Sosial dan Ilmu Politik;Administrasi Publik;2023;Beasiswa;Aktif;3.38;6;Rumah Orang Tua
MHS02609;Laki-laki;22;Jawa Timur;Sains dan Teknologi;Statistika;2024;Beasiswa;Aktif;3.37;4;Kos
MHS02610;Perempuan;21;Jawa Timur;Sains dan Teknologi;Kimia;2024;Orang Tua;Cuti;2.63;4;Kos
MHS02611;Perempuan;21;Jawa Timur;Ilmu Budaya;Bahasa dan Sastra Inggris;2024;Beasiswa;Aktif;3.18;4;Asrama
MHS02612;Perempuan;22;Jawa Timur;Perikanan dan Kelautan;Teknologi Hasil Perikanan;2023;Orang Tua;Aktif;3.18;6;Rumah Orang Tua
MHS02613;Laki-laki;20;Sulawesi Barat;Sains dan Teknologi;Sistem Informasi;2024;Orang Tua;Cuti;2.61;4;Kos
MHS02614;Perempuan;19;Jawa Timur;Ilmu Budaya;Bahasa dan Sastra Jepang;2025;Kerja Sendiri (part-time);Aktif;3.48;2;Kos
MHS02615;Perempuan;21;Jawa Timur;Ilmu Budaya;Ilmu Sejarah;2023;Orang Tua;Aktif;3.02;6;Asrama
MHS02616;Perempuan;23;Jawa Timur;Ekonomi dan Bisnis;Ilmu Ekonomi;2022;Orang Tua;Aktif;3.52;8;Asrama
MHS02617;Laki-laki;22;Jawa Timur;Ekonomi dan Bisnis;Ekonomi Islam;2023;Orang Tua;Aktif;3.23;6;Rumah Orang Tua
MHS02618;Perempuan;24;Jawa Timur;Ilmu Budaya;Ilmu Sejarah;2021;Orang Tua;Lulus;3.97;9;Rumah Orang Tua
MHS02619;Perempuan;22;Jawa Timur;Ilmu Sosial dan Ilmu Politik;Administrasi Publik;2022;Beasiswa;Lulus;3.5;8;Rumah Orang Tua
MHS02620;Laki-laki;21;Banten;Ilmu Sosial dan Ilmu Politik;Administrasi Publik;2023;Orang Tua;Aktif;3.53;6;Rumah Orang Tua
MHS02621;Perempuan;21;Jawa Timur;FIKKIA Banyuwangi;Kesehatan Masyarakat (FIKKIA Banyuwangi);2024;Orang Tua;Aktif;3.18;4;Rumah Orang Tua
MHS02622;Perempuan;21;Jawa Timur;Ilmu Budaya;Bahasa dan Sastra Jepang;2024;Beasiswa;Aktif;3.07;4;Rumah Orang Tua
MHS02623;Laki-laki;20;Jawa Timur;Ilmu Sosial dan Ilmu Politik;Administrasi Publik;2025;Kerja Sendiri (part-time);Aktif;2.77;2;Asrama
MHS02624;Laki-laki;24;Jawa Timur;Ilmu Sosial dan Ilmu Politik;Ilmu Informasi dan Perpustakaan;2023;Orang Tua;Aktif;3.46;6;Kos
MHS02625;Perempuan;23;Jawa Timur;FIKKIA Banyuwangi;Kesehatan Masyarakat (FIKKIA Banyuwangi);2021;Orang Tua;Lulus;3.09;9;Rumah Orang Tua
MHS02626;Perempuan;22;Jawa Timur;Teknologi Maju dan Multidisiplin;Teknik Elektro;2023;Beasiswa;Aktif;3.41;6;Rumah Orang Tua
MHS02627;Perempuan;21;Jawa Timur;Kedokteran Gigi;Kedokteran Gigi;2023;Beasiswa;Aktif;3.29;6;Kos
MHS02628;Laki-laki;22;Jawa Timur;FIKKIA Banyuwangi;Akuakultur (FIKKIA Banyuwangi);2022;Orang Tua;Aktif;3.02;8;Rumah Orang Tua
MHS02629;Perempuan;21;Jawa Timur;Ilmu Budaya;Bahasa dan Sastra Inggris;2023;Kerja Sendiri (part-time);Non-Aktif/DO;2.19;2;Rumah Orang Tua
MHS02630;Perempuan;20;Jawa Timur;Sains dan Teknologi;Matematika;2025;Kerja Sendiri (part-time);Aktif;2.9;2;Asrama
MHS02631;Perempuan;21;Jawa Tengah;Ilmu Sosial dan Ilmu Politik;Sosiologi;2024;Orang Tua;Aktif;3.04;4;Kos
MHS02632;Perempuan;19;Maluku Utara;Keperawatan;Keperawatan;2025;Orang Tua;Aktif;2.94;2;Kos
MHS02633;Laki-laki;21;Jawa Timur;Perikanan dan Kelautan;Akuakultur;2024;Orang Tua;Aktif;3.5;4;Kos
MHS02634;Perempuan;21;Jawa Timur;Perikanan dan Kelautan;Akuakultur;2023;Orang Tua;Aktif;3.5;6;Rumah Orang Tua
MHS02635;Perempuan;19;Jawa Timur;Sains dan Teknologi;Biologi;2025;Orang Tua;Aktif;3.08;2;Kos
MHS02636;Laki-laki;21;Jawa Timur;Perikanan dan Kelautan;Teknologi Hasil Perikanan;2025;Beasiswa;Aktif;2.78;2;Rumah Orang Tua
MHS02637;Laki-laki;23;Kalimantan Selatan;Teknologi Maju dan Multidisiplin;Teknik Robotika dan Kecerdasan Buatan;2022;Kerja Sendiri (part-time);Lulus;3.67;8;Asrama
MHS02638;Perempuan;21;Jawa Timur;Sains dan Teknologi;Matematika;2024;Orang Tua;Cuti;3.4;4;Rumah Orang Tua
MHS02639;Laki-laki;20;Jawa Timur;Teknologi Maju dan Multidisiplin;Teknik Robotika dan Kecerdasan Buatan;2024;Beasiswa;Aktif;2.89;4;Rumah Orang Tua
MHS02640;Perempuan;22;Sulawesi Tengah;Ilmu Budaya;Bahasa dan Sastra Inggris;2022;Orang Tua;Aktif;2.82;8;Kos
MHS02641;Perempuan;23;DKI Jakarta;Teknologi Maju dan Multidisiplin;Teknik Robotika dan Kecerdasan Buatan;2024;Kerja Sendiri (part-time);Aktif;2.89;4;Rumah Orang Tua
MHS02642;Laki-laki;21;Jawa Tengah;Ekonomi dan Bisnis;Ekonomi Islam;2023;Orang Tua;Aktif;3.43;6;Kos
MHS02643;Laki-laki;20;Jawa Timur;Psikologi;Psikologi;2025;Beasiswa;Aktif;2.28;2;Kos
MHS02644;Laki-laki;23;Jawa Timur;Sains dan Teknologi;Teknik Biomedis;2022;Orang Tua;Aktif;3.06;8;Rumah Orang Tua
MHS02645;Laki-laki;27;Jawa Timur;FIKKIA Banyuwangi;Akuakultur (FIKKIA Banyuwangi);2019;Orang Tua;Lulus;3.79;8;Rumah Orang Tua
MHS02646;Perempuan;21;Jawa Timur;Ilmu Sosial dan Ilmu Politik;Sosiologi;2023;Beasiswa;Aktif;4.0;6;Kos
MHS02647;Laki-laki;24;Jawa Timur;Kesehatan Masyarakat;Gizi;2022;Beasiswa;Aktif;3.02;8;Asrama
MHS02648;Laki-laki;20;Jawa Timur;Teknologi Maju dan Multidisiplin;Teknik Elektro;2024;Kerja Sendiri (part-time);Aktif;3.41;4;Rumah Orang Tua
MHS02649;Perempuan;20;Jawa Timur;Kedokteran;Kebidanan;2024;Orang Tua;Aktif;3.37;4;Rumah Orang Tua
MHS02650;Laki-laki;20;DKI Jakarta;Ekonomi dan Bisnis;Manajemen;2024;Orang Tua;Aktif;3.26;4;Asrama
MHS02651;Perempuan;22;Jawa Tengah;Ekonomi dan Bisnis;Akuntansi;2023;Orang Tua;Aktif;3.52;6;Kos
MHS02652;Perempuan;26;Jawa Timur;Psikologi;Psikologi;2022;Orang Tua;Aktif;3.0;8;Rumah Orang Tua
MHS02653;Perempuan;19;Jawa Tengah;Kesehatan Masyarakat;Kesehatan Masyarakat;2025;Orang Tua;Aktif;2.29;2;Kos
MHS02654;Perempuan;21;Jawa Timur;Ilmu Sosial dan Ilmu Politik;Ilmu Politik;2024;Orang Tua;Aktif;3.25;4;Rumah Orang Tua
MHS02655;Perempuan;21;Jawa Timur;Farmasi;Farmasi;2023;Orang Tua;Aktif;3.5;6;Kos
MHS02656;Laki-laki;21;Jawa Tengah;Ilmu Sosial dan Ilmu Politik;Ilmu Informasi dan Perpustakaan;2023;Kerja Sendiri (part-time);Aktif;2.9;6;Kos
MHS02657;Perempuan;20;Jawa Timur;FIKKIA Banyuwangi;Kesehatan Masyarakat (FIKKIA Banyuwangi);2024;Orang Tua;Aktif;2.64;4;Rumah Orang Tua
MHS02658;Laki-laki;22;Jawa Barat;Ilmu Sosial dan Ilmu Politik;Antropologi;2023;Orang Tua;Aktif;3.19;6;Kos
MHS02659;Laki-laki;21;Sulawesi Selatan;Teknologi Maju dan Multidisiplin;Teknik Robotika dan Kecerdasan Buatan;2025;Orang Tua;Aktif;2.95;2;Kos
MHS02660;Laki-laki;21;Jawa Timur;Ilmu Sosial dan Ilmu Politik;Ilmu Informasi dan Perpustakaan;2024;Kerja Sendiri (part-time);Aktif;3.73;4;Rumah Orang Tua
MHS02661;Laki-laki;23;Jawa Tengah;Ilmu Budaya;Bahasa dan Sastra Jepang;2024;Beasiswa;Aktif;3.25;4;Kos
MHS02662;Laki-laki;24;Jawa Timur;Keperawatan;Keperawatan;2020;Orang Tua;Lulus;3.43;9;Rumah Orang Tua
MHS02663;Perempuan;20;Jawa Timur;Perikanan dan Kelautan;Akuakultur;2024;Kerja Sendiri (part-time);Aktif;3.24;4;Rumah Orang Tua
MHS02664;Perempuan;25;Jawa Timur;Ilmu Sosial dan Ilmu Politik;Antropologi;2023;Beasiswa;Non-Aktif/DO;2.03;2;Rumah Orang Tua
MHS02665;Laki-laki;23;Jawa Tengah;Ekonomi dan Bisnis;Ilmu Ekonomi;2021;Beasiswa;Lulus;3.96;8;Asrama
MHS02666;Perempuan;23;Jawa Timur;FIKKIA Banyuwangi;Kesehatan Masyarakat (FIKKIA Banyuwangi);2023;Beasiswa;Cuti;3.22;6;Rumah Orang Tua
MHS02667;Perempuan;22;Jawa Timur;Ilmu Sosial dan Ilmu Politik;Administrasi Publik;2023;Orang Tua;Aktif;3.64;6;Kos
MHS02668;Perempuan;26;Sulawesi Tenggara;Ilmu Budaya;Bahasa dan Sastra Inggris;2019;Kerja Sendiri (part-time);Lulus;2.97;10;Kos
MHS02669;Laki-laki;20;Jawa Timur;Hukum;Ilmu Hukum;2025;Orang Tua;Aktif;2.75;2;Rumah Orang Tua
MHS02670;Laki-laki;20;Jawa Timur;Sains dan Teknologi;Sistem Informasi;2025;Orang Tua;Aktif;2.84;2;Kos
MHS02671;Perempuan;20;Jawa Timur;Kesehatan Masyarakat;Gizi;2025;Orang Tua;Aktif;3.24;2;Kos
MHS02672;Laki-laki;21;Jawa Tengah;Teknologi Maju dan Multidisiplin;Teknik Robotika dan Kecerdasan Buatan;2024;Orang Tua;Aktif;3.4;4;Kos
MHS02673;Laki-laki;20;Jawa Timur;Ilmu Sosial dan Ilmu Politik;Ilmu Informasi dan Perpustakaan;2025;Beasiswa;Aktif;3.21;2;Rumah Orang Tua
MHS02674;Perempuan;21;Jawa Timur;Keperawatan;Keperawatan;2023;Orang Tua;Aktif;3.54;6;Rumah Orang Tua
MHS02675;Perempuan;26;Jawa Timur;Ilmu Sosial dan Ilmu Politik;Ilmu Informasi dan Perpustakaan;2019;Beasiswa;Lulus;3.9;8;Asrama
MHS02676;Perempuan;19;Sulawesi Tenggara;FIKKIA Banyuwangi;Kedokteran Hewan (FIKKIA Banyuwangi);2025;Orang Tua;Aktif;2.58;2;Kos
MHS02677;Perempuan;22;Jawa Timur;Ekonomi dan Bisnis;Akuntansi;2023;Orang Tua;Aktif;3.95;6;Rumah Orang Tua
MHS02678;Laki-laki;21;Jawa Timur;Perikanan dan Kelautan;Akuakultur;2024;Orang Tua;Aktif;3.08;4;Rumah Orang Tua
MHS02679;Perempuan;19;Jawa Tengah;Teknologi Maju dan Multidisiplin;Teknik Industri;2025;Orang Tua;Aktif;3.65;2;Kos
MHS02680;Perempuan;23;Kalimantan Tengah;Perikanan dan Kelautan;Akuakultur;2022;Kerja Sendiri (part-time);Aktif;3.42;8;Kos
MHS02681;Perempuan;21;Jawa Timur;Ilmu Sosial dan Ilmu Politik;Ilmu Informasi dan Perpustakaan;2023;Orang Tua;Aktif;3.76;6;Rumah Orang Tua
MHS02682;Perempuan;21;Jawa Timur;Kedokteran Gigi;Kedokteran Gigi;2023;Orang Tua;Aktif;3.54;6;Kos
MHS02683;Perempuan;22;Jawa Timur;FIKKIA Banyuwangi;Akuakultur (FIKKIA Banyuwangi);2023;Orang Tua;Aktif;3.09;6;Rumah Orang Tua
MHS02684;Perempuan;21;Kalimantan Timur;Sains dan Teknologi;Biologi;2023;Beasiswa;Aktif;2.78;6;Kos
MHS02685;Perempuan;21;Jawa Timur;Keperawatan;Keperawatan;2023;Orang Tua;Aktif;2.66;6;Kos
MHS02686;Perempuan;20;Bali;Perikanan dan Kelautan;Akuakultur;2025;Orang Tua;Aktif;3.29;2;Kos
MHS02687;Perempuan;20;Papua Tengah;Ekonomi dan Bisnis;Manajemen;2025;Orang Tua;Aktif;2.75;2;Kos
MHS02688;Laki-laki;22;Nusa Tenggara Timur;Ilmu Budaya;Ilmu Sejarah;2023;Beasiswa;Aktif;3.66;6;Kos
MHS02689;Perempuan;21;Jawa Tengah;Kesehatan Masyarakat;Kesehatan Masyarakat;2024;Beasiswa;Aktif;3.58;4;Kos
MHS02690;Laki-laki;23;Jawa Timur;Sains dan Teknologi;Sistem Informasi;2021;Orang Tua;Lulus;3.52;10;Rumah Orang Tua
MHS02691;Perempuan;21;Jawa Timur;Kedokteran;Kebidanan;2025;Orang Tua;Aktif;3.34;2;Rumah Orang Tua
MHS02692;Laki-laki;20;Jawa Timur;Sains dan Teknologi;Fisika;2025;Orang Tua;Aktif;2.3;2;Kos
MHS02693;Laki-laki;22;Jawa Timur;Sains dan Teknologi;Teknik Lingkungan;2023;Orang Tua;Aktif;3.5;6;Rumah Orang Tua
MHS02694;Perempuan;22;Riau;Sains dan Teknologi;Statistika;2022;Orang Tua;Lulus;3.13;8;Kos
MHS02695;Perempuan;22;Bali;Keperawatan;Keperawatan;2022;Beasiswa;Aktif;3.07;8;Asrama
MHS02696;Laki-laki;22;Jawa Barat;Sains dan Teknologi;Fisika;2022;Pinjaman/Kredit Pendidikan;Lulus;3.24;8;Menumpang Saudara
MHS02697;Perempuan;20;Jawa Timur;Ilmu Sosial dan Ilmu Politik;Antropologi;2025;Orang Tua;Aktif;2.67;2;Rumah Orang Tua
MHS02698;Laki-laki;20;Jawa Tengah;Teknologi Maju dan Multidisiplin;Rekayasa Nanoteknologi;2024;Orang Tua;Cuti;3.35;4;Rumah Orang Tua
MHS02699;Perempuan;21;Jawa Timur;FIKKIA Banyuwangi;Kedokteran Hewan (FIKKIA Banyuwangi);2024;Orang Tua;Aktif;3.27;4;Kos
MHS02700;Perempuan;21;Jawa Timur;Kesehatan Masyarakat;Gizi;2024;Kerja Sendiri (part-time);Aktif;3.71;4;Rumah Orang Tua
MHS02701;Perempuan;24;Papua Barat;Ilmu Budaya;Bahasa dan Sastra Indonesia;2024;Beasiswa;Cuti;2.64;4;Asrama
MHS02702;Perempuan;20;Jawa Timur;Perikanan dan Kelautan;Teknologi Hasil Perikanan;2025;Kerja Sendiri (part-time);Aktif;2.85;2;Rumah Orang Tua
MHS02703;Perempuan;22;Jawa Timur;Kedokteran Hewan;Kedokteran Hewan;2022;Beasiswa;Aktif;3.28;8;Kos
MHS02704;Laki-laki;23;Jawa Timur;Sains dan Teknologi;Fisika;2022;Beasiswa;Aktif;3.35;8;Kos
MHS02705;Perempuan;23;Jawa Timur;Farmasi;Farmasi;2021;Beasiswa;Lulus;2.85;9;Kos
MHS02706;Perempuan;22;Jawa Timur;FIKKIA Banyuwangi;Kedokteran (FIKKIA Banyuwangi);2024;Beasiswa;Aktif;3.05;4;Rumah Orang Tua
MHS02707;Perempuan;22;Sumatera Barat;Ekonomi dan Bisnis;Ekonomi Islam;2023;Orang Tua;Aktif;3.22;6;Menumpang Saudara
MHS02708;Laki-laki;22;Jawa Timur;Sains dan Teknologi;Teknik Lingkungan;2024;Orang Tua;Aktif;3.66;4;Asrama
MHS02709;Laki-laki;23;Jawa Timur;Teknologi Maju dan Multidisiplin;Teknik Industri;2022;Beasiswa;Aktif;3.25;8;Rumah Orang Tua
MHS02710;Perempuan;20;Jawa Timur;Kedokteran;Kebidanan;2024;Orang Tua;Aktif;3.32;4;Rumah Orang Tua
MHS02711;Laki-laki;27;Jawa Timur;Teknologi Maju dan Multidisiplin;Rekayasa Nanoteknologi;2020;Kerja Sendiri (part-time);Lulus;3.05;11;Rumah Orang Tua
MHS02712;Laki-laki;23;Jawa Timur;FIKKIA Banyuwangi;Kesehatan Masyarakat (FIKKIA Banyuwangi);2022;Orang Tua;Cuti;3.28;8;Rumah Orang Tua
MHS02713;Perempuan;22;Sulawesi Utara;Kedokteran Gigi;Kedokteran Gigi;2023;Beasiswa;Aktif;3.43;6;Kos
MHS02714;Perempuan;21;Jawa Timur;Kedokteran Hewan;Kedokteran Hewan;2024;Orang Tua;Aktif;2.65;4;Rumah Orang Tua
MHS02715;Laki-laki;23;Sumatera Utara;Sains dan Teknologi;Teknik Lingkungan;2022;Orang Tua;Lulus;3.37;8;Kos
MHS02716;Laki-laki;20;Kalimantan Tengah;Teknologi Maju dan Multidisiplin;Teknik Industri;2025;Orang Tua;Aktif;3.36;2;Kos
MHS02717;Perempuan;21;Papua Pegunungan;Sains dan Teknologi;Statistika;2024;Orang Tua;Aktif;2.9;4;Kos
MHS02718;Perempuan;20;Jawa Timur;Sains dan Teknologi;Kimia;2024;Orang Tua;Aktif;2.85;4;Rumah Orang Tua
MHS02719;Perempuan;24;Jawa Timur;Sains dan Teknologi;Teknik Lingkungan;2020;Beasiswa;Lulus;3.02;9;Rumah Orang Tua
MHS02720;Perempuan;20;Jawa Timur;Perikanan dan Kelautan;Akuakultur;2025;Orang Tua;Aktif;3.51;2;Rumah Orang Tua
MHS02721;Laki-laki;23;Jawa Tengah;Ilmu Budaya;Bahasa dan Sastra Inggris;2023;Orang Tua;Aktif;3.38;6;Kos
MHS02722;Perempuan;21;Jawa Timur;Ilmu Sosial dan Ilmu Politik;Antropologi;2024;Beasiswa;Aktif;2.44;4;Kos
MHS02723;Perempuan;23;Riau;Sains dan Teknologi;Biologi;2022;Beasiswa;Lulus;4.0;8;Kos
MHS02724;Perempuan;21;Jawa Timur;Ilmu Sosial dan Ilmu Politik;Ilmu Politik;2023;Orang Tua;Aktif;3.54;6;Rumah Orang Tua
MHS02725;Laki-laki;21;Jawa Timur;Teknologi Maju dan Multidisiplin;Rekayasa Nanoteknologi;2023;Beasiswa;Aktif;3.17;6;Kos
MHS02726;Laki-laki;22;Nusa Tenggara Timur;Ilmu Sosial dan Ilmu Politik;Ilmu Informasi dan Perpustakaan;2023;Orang Tua;Aktif;2.88;6;Menumpang Saudara
MHS02727;Laki-laki;23;Jawa Tengah;Ilmu Sosial dan Ilmu Politik;Ilmu Informasi dan Perpustakaan;2022;Orang Tua;Lulus;4.0;8;Kos
MHS02728;Perempuan;23;Jawa Timur;Keperawatan;Keperawatan;2022;Beasiswa;Aktif;3.59;8;Rumah Orang Tua
MHS02729;Perempuan;22;Jawa Timur;Ilmu Sosial dan Ilmu Politik;Administrasi Publik;2023;Orang Tua;Aktif;3.32;6;Rumah Orang Tua
MHS02730;Laki-laki;22;Jawa Timur;Sains dan Teknologi;Sistem Informasi;2025;Orang Tua;Aktif;3.36;2;Rumah Orang Tua
MHS02731;Perempuan;20;Jawa Timur;Ilmu Budaya;Ilmu Sejarah;2024;Pinjaman/Kredit Pendidikan;Aktif;3.38;4;Rumah Orang Tua
MHS02732;Perempuan;20;Jawa Timur;Sains dan Teknologi;Teknik Lingkungan;2025;Kerja Sendiri (part-time);Aktif;2.32;2;Asrama
MHS02733;Laki-laki;19;Sumatera Selatan;Sains dan Teknologi;Matematika;2025;Orang Tua;Aktif;3.27;2;Kos
MHS02734;Perempuan;21;Jawa Timur;Ilmu Sosial dan Ilmu Politik;Ilmu Hubungan Internasional;2024;Orang Tua;Aktif;3.37;4;Kos
MHS02735;Laki-laki;21;Riau;Ekonomi dan Bisnis;Ilmu Ekonomi;2024;Orang Tua;Aktif;3.64;4;Menumpang Saudara
MHS02736;Perempuan;23;Jawa Timur;Sains dan Teknologi;Sistem Informasi;2022;Orang Tua;Cuti;3.71;8;Asrama
MHS02737;Perempuan;21;Jawa Timur;FIKKIA Banyuwangi;Kedokteran Hewan (FIKKIA Banyuwangi);2024;Beasiswa;Aktif;3.85;4;Rumah Orang Tua
MHS02738;Perempuan;22;Jawa Timur;FIKKIA Banyuwangi;Kedokteran (FIKKIA Banyuwangi);2023;Orang Tua;Aktif;4.0;6;Rumah Orang Tua
MHS02739;Laki-laki;21;Jawa Timur;Teknologi Maju dan Multidisiplin;Teknik Industri;2024;Orang Tua;Aktif;2.65;4;Asrama
MHS02740;Perempuan;20;Jawa Timur;Sains dan Teknologi;Matematika;2024;Pinjaman/Kredit Pendidikan;Aktif;3.28;4;Rumah Orang Tua
MHS02741;Perempuan;25;Jawa Timur;FIKKIA Banyuwangi;Kedokteran Hewan (FIKKIA Banyuwangi);2020;Orang Tua;Lulus;3.36;9;Rumah Orang Tua
MHS02742;Perempuan;21;Kepulauan Riau;Ilmu Budaya;Ilmu Sejarah;2024;Beasiswa;Aktif;4.0;4;Kos
MHS02743;Perempuan;23;Jawa Tengah;Kedokteran Gigi;Kedokteran Gigi;2022;Orang Tua;Aktif;3.26;8;Asrama
MHS02744;Laki-laki;25;Jawa Timur;Sains dan Teknologi;Sistem Informasi;2020;Beasiswa;Non-Aktif/DO;2.57;10;Rumah Orang Tua
MHS02745;Laki-laki;21;Jawa Timur;Ekonomi dan Bisnis;Ilmu Ekonomi;2024;Orang Tua;Aktif;3.24;4;Kos
MHS02746;Laki-laki;22;Jawa Timur;Ekonomi dan Bisnis;Ilmu Ekonomi;2023;Orang Tua;Aktif;3.58;6;Rumah Orang Tua
MHS02747;Perempuan;21;DKI Jakarta;Kedokteran Hewan;Kedokteran Hewan;2024;Beasiswa;Aktif;3.54;4;Kos
MHS02748;Laki-laki;20;Jawa Timur;Ekonomi dan Bisnis;Manajemen;2024;Orang Tua;Aktif;3.77;4;Kos
MHS02749;Perempuan;25;Jawa Tengah;Ekonomi dan Bisnis;Akuntansi;2020;Orang Tua;Lulus;3.33;8;Asrama
MHS02750;Laki-laki;27;Jawa Timur;Ilmu Sosial dan Ilmu Politik;Ilmu Politik;2021;Orang Tua;Lulus;3.82;8;Rumah Orang Tua
MHS02751;Perempuan;21;Bengkulu;Teknologi Maju dan Multidisiplin;Teknologi Sains Data;2023;Orang Tua;Aktif;3.38;6;Kos
MHS02752;Perempuan;22;Kalimantan Timur;Perikanan dan Kelautan;Akuakultur;2023;Kerja Sendiri (part-time);Non-Aktif/DO;2.16;2;Asrama
MHS02753;Perempuan;20;DI Yogyakarta;Ilmu Sosial dan Ilmu Politik;Administrasi Publik;2025;Orang Tua;Aktif;3.67;2;Kos
MHS02754;Perempuan;24;Jawa Timur;Psikologi;Psikologi;2020;Beasiswa;Lulus;3.55;8;Kos
MHS02755;Laki-laki;25;Jawa Timur;FIKKIA Banyuwangi;Kedokteran (FIKKIA Banyuwangi);2019;Beasiswa;Lulus;3.98;8;Rumah Orang Tua
MHS02756;Laki-laki;21;Jawa Timur;Teknologi Maju dan Multidisiplin;Teknologi Sains Data;2024;Kerja Sendiri (part-time);Cuti;3.05;4;Kos
MHS02757;Perempuan;22;Jawa Timur;Kedokteran Gigi;Kedokteran Gigi;2025;Orang Tua;Aktif;3.21;2;Kos
MHS02758;Perempuan;22;Jawa Timur;Perikanan dan Kelautan;Akuakultur;2022;Beasiswa;Lulus;3.27;8;Rumah Orang Tua
MHS02759;Perempuan;23;Jawa Timur;Sains dan Teknologi;Kimia;2022;Beasiswa;Aktif;2.83;8;Kos
MHS02760;Perempuan;23;Jawa Timur;FIKKIA Banyuwangi;Kesehatan Masyarakat (FIKKIA Banyuwangi);2022;Kerja Sendiri (part-time);Lulus;3.16;8;Rumah Orang Tua
MHS02761;Perempuan;22;Aceh;Sains dan Teknologi;Fisika;2023;Orang Tua;Aktif;3.57;6;Kos
MHS02762;Perempuan;23;Sumatera Barat;Psikologi;Psikologi;2022;Orang Tua;Lulus;3.11;8;Kos
MHS02763;Perempuan;20;Jawa Barat;Ilmu Sosial dan Ilmu Politik;Ilmu Hubungan Internasional;2025;Kerja Sendiri (part-time);Aktif;2.83;2;Asrama
MHS02764;Perempuan;23;Jawa Timur;Farmasi;Farmasi;2023;Orang Tua;Aktif;3.84;6;Rumah Orang Tua
MHS02765;Perempuan;20;Jawa Timur;Ekonomi dan Bisnis;Ekonomi Islam;2024;Beasiswa;Aktif;3.48;4;Rumah Orang Tua
MHS02766;Perempuan;19;Sulawesi Selatan;FIKKIA Banyuwangi;Kesehatan Masyarakat (FIKKIA Banyuwangi);2025;Kerja Sendiri (part-time);Aktif;1.9;2;Menumpang Saudara
MHS02767;Perempuan;20;Jawa Timur;Ilmu Budaya;Bahasa dan Sastra Inggris;2025;Orang Tua;Aktif;3.57;2;Rumah Orang Tua
MHS02768;Laki-laki;23;Jawa Timur;Sains dan Teknologi;Kimia;2022;Orang Tua;Aktif;3.12;8;Kos
MHS02769;Perempuan;23;Jawa Timur;Kedokteran;Kedokteran;2022;Kerja Sendiri (part-time);Aktif;2.93;8;Kos
MHS02770;Perempuan;23;Jawa Timur;Teknologi Maju dan Multidisiplin;Rekayasa Nanoteknologi;2022;Orang Tua;Lulus;3.91;8;Kos
MHS02771;Laki-laki;22;Sulawesi Utara;FIKKIA Banyuwangi;Akuakultur (FIKKIA Banyuwangi);2023;Orang Tua;Aktif;2.97;6;Kos
MHS02772;Laki-laki;20;Papua Barat;Perikanan dan Kelautan;Akuakultur;2024;Orang Tua;Aktif;3.35;4;Asrama
MHS02773;Laki-laki;22;Jawa Timur;FIKKIA Banyuwangi;Akuakultur (FIKKIA Banyuwangi);2025;Orang Tua;Aktif;3.61;2;Rumah Orang Tua
MHS02774;Laki-laki;22;Jawa Tengah;Kesehatan Masyarakat;Gizi;2023;Orang Tua;Aktif;3.11;6;Kos
MHS02775;Perempuan;21;Jawa Timur;Kedokteran Gigi;Kedokteran Gigi;2024;Orang Tua;Aktif;3.52;4;Asrama
MHS02776;Laki-laki;24;DKI Jakarta;FIKKIA Banyuwangi;Kedokteran Hewan (FIKKIA Banyuwangi);2021;Orang Tua;Lulus;3.43;8;Rumah Orang Tua
MHS02777;Perempuan;24;Kalimantan Selatan;Sains dan Teknologi;Teknik Biomedis;2021;Orang Tua;Lulus;3.72;8;Kos
MHS02778;Laki-laki;20;Bali;Ilmu Sosial dan Ilmu Politik;Administrasi Publik;2024;Orang Tua;Aktif;3.24;4;Kos
MHS02779;Perempuan;24;Jawa Timur;Kesehatan Masyarakat;Gizi;2023;Orang Tua;Aktif;2.87;6;Kos
MHS02780;Perempuan;20;Jawa Timur;Ilmu Budaya;Ilmu Sejarah;2024;Kerja Sendiri (part-time);Aktif;2.87;4;Menumpang Saudara
MHS02781;Perempuan;20;Sulawesi Selatan;Sains dan Teknologi;Biologi;2024;Orang Tua;Cuti;3.4;4;Kos
MHS02782;Laki-laki;20;Sulawesi Selatan;Teknologi Maju dan Multidisiplin;Teknologi Sains Data;2025;Pinjaman/Kredit Pendidikan;Aktif;2.4;2;Asrama
MHS02783;Perempuan;20;Jawa Tengah;Ilmu Sosial dan Ilmu Politik;Ilmu Komunikasi;2025;Beasiswa;Aktif;3.25;2;Menumpang Saudara
MHS02784;Laki-laki;21;Kalimantan Timur;Teknologi Maju dan Multidisiplin;Teknik Robotika dan Kecerdasan Buatan;2023;Beasiswa;Aktif;3.55;6;Kos
MHS02785;Laki-laki;20;Jawa Timur;Teknologi Maju dan Multidisiplin;Teknologi Sains Data;2024;Beasiswa;Aktif;3.36;4;Kos
MHS02786;Laki-laki;20;Jawa Timur;Hukum;Ilmu Hukum;2025;Orang Tua;Aktif;3.5;2;Rumah Orang Tua
MHS02787;Perempuan;22;Maluku;Ilmu Sosial dan Ilmu Politik;Antropologi;2023;Orang Tua;Aktif;3.52;6;Kos
MHS02788;Laki-laki;22;Jawa Timur;Teknologi Maju dan Multidisiplin;Teknik Elektro;2022;Beasiswa;Aktif;2.97;8;Rumah Orang Tua
MHS02789;Perempuan;23;Jawa Timur;Ilmu Sosial dan Ilmu Politik;Administrasi Publik;2021;Orang Tua;Lulus;2.79;9;Asrama
MHS02790;Perempuan;22;Jawa Timur;FIKKIA Banyuwangi;Akuakultur (FIKKIA Banyuwangi);2023;Beasiswa;Aktif;3.0;6;Kos
MHS02791;Perempuan;20;Jawa Timur;Psikologi;Psikologi;2025;Orang Tua;Aktif;2.98;2;Rumah Orang Tua
MHS02792;Perempuan;20;Jawa Timur;FIKKIA Banyuwangi;Kesehatan Masyarakat (FIKKIA Banyuwangi);2024;Orang Tua;Aktif;2.66;4;Rumah Orang Tua
MHS02793;Laki-laki;27;Bali;Sains dan Teknologi;Teknik Lingkungan;2021;Orang Tua;Lulus;3.42;8;Rumah Orang Tua
MHS02794;Laki-laki;20;Banten;Ekonomi dan Bisnis;Ekonomi Islam;2024;Orang Tua;Aktif;3.48;4;Asrama
MHS02795;Perempuan;21;Jawa Timur;Sains dan Teknologi;Teknik Lingkungan;2023;Orang Tua;Aktif;3.5;6;Kos
MHS02796;Laki-laki;19;Jawa Timur;Ilmu Sosial dan Ilmu Politik;Ilmu Informasi dan Perpustakaan;2025;Orang Tua;Aktif;3.96;2;Rumah Orang Tua
MHS02797;Laki-laki;19;Sumatera Utara;Sains dan Teknologi;Sistem Informasi;2025;Orang Tua;Aktif;1.98;2;Kos
MHS02798;Perempuan;25;Sumatera Barat;Ilmu Sosial dan Ilmu Politik;Ilmu Informasi dan Perpustakaan;2020;Orang Tua;Lulus;3.66;8;Kos
MHS02799;Laki-laki;26;Jawa Timur;Sains dan Teknologi;Sistem Informasi;2022;Orang Tua;Aktif;2.85;8;Kos
MHS02800;Perempuan;20;Nusa Tenggara Timur;Kedokteran Hewan;Kedokteran Hewan;2025;Orang Tua;Aktif;3.04;2;Kos
MHS02801;Perempuan;21;DKI Jakarta;Teknologi Maju dan Multidisiplin;Teknik Robotika dan Kecerdasan Buatan;2023;Orang Tua;Aktif;3.71;6;Menumpang Saudara
MHS02802;Perempuan;21;Jawa Timur;Kesehatan Masyarakat;Gizi;2023;Orang Tua;Aktif;3.11;6;Kos
MHS02803;Laki-laki;21;Jawa Timur;Teknologi Maju dan Multidisiplin;Teknologi Sains Data;2024;Beasiswa;Aktif;2.63;4;Rumah Orang Tua
MHS02804;Laki-laki;19;Jawa Timur;FIKKIA Banyuwangi;Akuakultur (FIKKIA Banyuwangi);2025;Orang Tua;Aktif;3.53;2;Kos
MHS02805;Perempuan;19;Jawa Timur;Ekonomi dan Bisnis;Akuntansi;2025;Beasiswa;Aktif;3.74;2;Rumah Orang Tua
MHS02806;Perempuan;24;Jawa Timur;FIKKIA Banyuwangi;Kedokteran (FIKKIA Banyuwangi);2021;Orang Tua;Lulus;3.04;9;Kos
MHS02807;Perempuan;24;Jawa Timur;Sains dan Teknologi;Teknik Lingkungan;2021;Orang Tua;Lulus;3.28;8;Asrama
MHS02808;Perempuan;23;Nusa Tenggara Barat;Ilmu Budaya;Bahasa dan Sastra Jepang;2024;Beasiswa;Aktif;3.91;4;Menumpang Saudara
MHS02809;Perempuan;20;Kalimantan Barat;Sains dan Teknologi;Teknik Lingkungan;2024;Orang Tua;Aktif;2.95;4;Kos
MHS02810;Perempuan;20;Kalimantan Timur;Teknologi Maju dan Multidisiplin;Teknologi Sains Data;2025;Orang Tua;Aktif;3.12;2;Asrama
MHS02811;Perempuan;19;Jawa Timur;Farmasi;Farmasi;2025;Pinjaman/Kredit Pendidikan;Aktif;3.1;2;Asrama
MHS02812;Laki-laki;20;Aceh;Teknologi Maju dan Multidisiplin;Rekayasa Nanoteknologi;2025;Orang Tua;Aktif;2.58;2;Asrama
MHS02813;Perempuan;22;Jawa Timur;Farmasi;Farmasi;2022;Orang Tua;Lulus;3.38;8;Asrama
MHS02814;Laki-laki;19;Jawa Timur;Ilmu Sosial dan Ilmu Politik;Sosiologi;2025;Orang Tua;Aktif;3.54;2;Kos
MHS02815;Perempuan;20;Jawa Timur;Kesehatan Masyarakat;Kesehatan Masyarakat;2024;Beasiswa;Aktif;3.81;4;Kos
MHS02816;Perempuan;19;Jawa Timur;Teknologi Maju dan Multidisiplin;Rekayasa Nanoteknologi;2025;Beasiswa;Aktif;1.79;2;Kos
MHS02817;Perempuan;22;Riau;Keperawatan;Keperawatan;2023;Orang Tua;Aktif;3.93;6;Kos
MHS02818;Perempuan;24;Jawa Timur;Psikologi;Psikologi;2021;Beasiswa;Aktif;2.93;10;Rumah Orang Tua
MHS02819;Perempuan;21;Jawa Timur;Ilmu Sosial dan Ilmu Politik;Sosiologi;2025;Orang Tua;Aktif;2.92;2;Rumah Orang Tua
MHS02820;Perempuan;25;Jawa Timur;Sains dan Teknologi;Kimia;2020;Orang Tua;Lulus;2.71;12;Rumah Orang Tua
MHS02821;Perempuan;20;Sulawesi Tengah;Ekonomi dan Bisnis;Ilmu Ekonomi;2024;Beasiswa;Aktif;3.61;4;Kos
MHS02822;Laki-laki;21;Jawa Timur;Ilmu Sosial dan Ilmu Politik;Administrasi Publik;2023;Orang Tua;Aktif;3.11;6;Rumah Orang Tua
MHS02823;Perempuan;20;Sumatera Selatan;Teknologi Maju dan Multidisiplin;Teknik Robotika dan Kecerdasan Buatan;2024;Orang Tua;Aktif;3.25;4;Kos
MHS02824;Laki-laki;20;DI Yogyakarta;Ekonomi dan Bisnis;Ilmu Ekonomi;2025;Orang Tua;Aktif;3.3;2;Kos
MHS02825;Perempuan;23;Jawa Timur;FIKKIA Banyuwangi;Kesehatan Masyarakat (FIKKIA Banyuwangi);2022;Orang Tua;Lulus;3.04;8;Rumah Orang Tua
MHS02826;Perempuan;20;Banten;Teknologi Maju dan Multidisiplin;Teknik Industri;2025;Orang Tua;Aktif;2.47;2;Asrama
MHS02827;Perempuan;20;Jawa Timur;Teknologi Maju dan Multidisiplin;Teknik Industri;2024;Orang Tua;Aktif;3.91;4;Rumah Orang Tua
MHS02828;Perempuan;24;DKI Jakarta;Teknologi Maju dan Multidisiplin;Teknologi Sains Data;2020;Orang Tua;Lulus;2.77;10;Kos
MHS02829;Perempuan;22;Jawa Timur;Farmasi;Farmasi;2022;Orang Tua;Aktif;3.17;8;Rumah Orang Tua
MHS02830;Perempuan;21;Jawa Timur;Keperawatan;Keperawatan;2023;Orang Tua;Aktif;2.45;6;Kos
MHS02831;Laki-laki;23;Jawa Timur;Teknologi Maju dan Multidisiplin;Teknik Elektro;2021;Orang Tua;Lulus;3.65;8;Rumah Orang Tua
MHS02832;Perempuan;20;Jawa Timur;Ekonomi dan Bisnis;Manajemen;2025;Orang Tua;Aktif;3.09;2;Menumpang Saudara
MHS02833;Perempuan;21;Papua Tengah;Ekonomi dan Bisnis;Ilmu Ekonomi;2024;Beasiswa;Aktif;3.17;4;Asrama
MHS02834;Perempuan;24;Jawa Tengah;FIKKIA Banyuwangi;Kesehatan Masyarakat (FIKKIA Banyuwangi);2021;Beasiswa;Lulus;3.46;10;Menumpang Saudara
MHS02835;Laki-laki;22;Jawa Tengah;FIKKIA Banyuwangi;Kedokteran (FIKKIA Banyuwangi);2023;Kerja Sendiri (part-time);Aktif;2.71;6;Kos
MHS02836;Perempuan;19;Jawa Timur;Ilmu Sosial dan Ilmu Politik;Ilmu Komunikasi;2025;Orang Tua;Aktif;2.92;2;Kos
MHS02837;Laki-laki;21;Jawa Tengah;Ilmu Sosial dan Ilmu Politik;Ilmu Hubungan Internasional;2024;Orang Tua;Aktif;3.28;4;Kos
MHS02838;Perempuan;20;Jawa Timur;Ekonomi dan Bisnis;Manajemen;2025;Orang Tua;Aktif;3.07;2;Kos
MHS02839;Laki-laki;20;Jawa Timur;Sains dan Teknologi;Biologi;2025;Orang Tua;Aktif;2.69;2;Rumah Orang Tua
MHS02840;Perempuan;19;Papua;Teknologi Maju dan Multidisiplin;Teknik Elektro;2025;Orang Tua;Aktif;3.18;2;Kos
MHS02841;Laki-laki;21;Bali;Ilmu Sosial dan Ilmu Politik;Administrasi Publik;2023;Pinjaman/Kredit Pendidikan;Aktif;3.31;6;Rumah Orang Tua
MHS02842;Perempuan;24;Jawa Timur;Ekonomi dan Bisnis;Akuntansi;2022;Orang Tua;Lulus;2.99;8;Kos
MHS02843;Laki-laki;19;Jawa Timur;Ilmu Budaya;Bahasa dan Sastra Indonesia;2025;Beasiswa;Aktif;2.67;2;Rumah Orang Tua
MHS02844;Perempuan;24;Jawa Timur;FIKKIA Banyuwangi;Akuakultur (FIKKIA Banyuwangi);2024;Orang Tua;Aktif;3.04;4;Rumah Orang Tua
MHS02845;Perempuan;20;DKI Jakarta;Psikologi;Psikologi;2024;Orang Tua;Aktif;2.5;4;Kos
MHS02846;Laki-laki;20;Jawa Timur;Teknologi Maju dan Multidisiplin;Rekayasa Nanoteknologi;2025;Kerja Sendiri (part-time);Aktif;3.14;2;Rumah Orang Tua
MHS02847;Perempuan;27;Riau;Ilmu Budaya;Bahasa dan Sastra Inggris;2020;Orang Tua;Lulus;3.37;8;Kos
MHS02848;Perempuan;20;Sulawesi Tenggara;Ilmu Sosial dan Ilmu Politik;Ilmu Hubungan Internasional;2024;Orang Tua;Aktif;3.19;4;Kos
MHS02849;Perempuan;21;Jawa Barat;Perikanan dan Kelautan;Teknologi Hasil Perikanan;2023;Orang Tua;Aktif;3.17;6;Rumah Orang Tua
MHS02850;Laki-laki;22;Jawa Timur;Perikanan dan Kelautan;Teknologi Hasil Perikanan;2025;Orang Tua;Aktif;3.01;2;Kos
MHS02851;Perempuan;22;Jawa Timur;Ilmu Sosial dan Ilmu Politik;Ilmu Informasi dan Perpustakaan;2023;Orang Tua;Aktif;3.55;6;Kos
MHS02852;Laki-laki;20;Jawa Timur;Hukum;Ilmu Hukum;2024;Orang Tua;Aktif;2.96;4;Kos
MHS02853;Laki-laki;20;Jawa Timur;Kedokteran Hewan;Kedokteran Hewan;2025;Orang Tua;Aktif;3.74;2;Kos
MHS02854;Perempuan;23;Jawa Timur;Kedokteran;Kebidanan;2022;Orang Tua;Aktif;3.24;8;Kos
MHS02855;Laki-laki;23;Jawa Tengah;FIKKIA Banyuwangi;Akuakultur (FIKKIA Banyuwangi);2022;Beasiswa;Aktif;3.2;8;Kos
MHS02856;Laki-laki;20;Jawa Timur;Sains dan Teknologi;Statistika;2025;Orang Tua;Aktif;3.64;2;Rumah Orang Tua
MHS02857;Laki-laki;21;Jawa Timur;Teknologi Maju dan Multidisiplin;Teknik Robotika dan Kecerdasan Buatan;2023;Beasiswa;Aktif;3.5;6;Asrama
MHS02858;Perempuan;26;Sulawesi Selatan;Ekonomi dan Bisnis;Ekonomi Islam;2022;Orang Tua;Lulus;3.81;8;Kos
MHS02859;Laki-laki;21;Jawa Timur;Sains dan Teknologi;Statistika;2023;Beasiswa;Aktif;2.72;6;Kos
MHS02860;Laki-laki;23;Papua Barat Daya;Ilmu Sosial dan Ilmu Politik;Antropologi;2021;Orang Tua;Lulus;3.07;10;Menumpang Saudara
MHS02861;Perempuan;20;Jawa Timur;Sains dan Teknologi;Kimia;2024;Orang Tua;Aktif;3.8;4;Kos
MHS02862;Laki-laki;21;Jawa Timur;Teknologi Maju dan Multidisiplin;Teknik Elektro;2023;Kerja Sendiri (part-time);Cuti;3.34;6;Rumah Orang Tua
MHS02863;Laki-laki;23;Jawa Timur;Ilmu Sosial dan Ilmu Politik;Ilmu Komunikasi;2022;Orang Tua;Lulus;3.55;8;Rumah Orang Tua
MHS02864;Laki-laki;23;Banten;Ilmu Sosial dan Ilmu Politik;Administrasi Publik;2022;Beasiswa;Lulus;2.66;8;Kos
MHS02865;Laki-laki;22;Kalimantan Barat;Sains dan Teknologi;Statistika;2023;Orang Tua;Aktif;3.06;6;Asrama
MHS02866;Laki-laki;21;Jawa Timur;Teknologi Maju dan Multidisiplin;Teknik Industri;2024;Beasiswa;Aktif;3.23;4;Kos
MHS02867;Perempuan;22;DKI Jakarta;Sains dan Teknologi;Statistika;2023;Orang Tua;Aktif;3.55;6;Menumpang Saudara
MHS02868;Perempuan;23;Jawa Timur;Keperawatan;Keperawatan;2022;Orang Tua;Lulus;3.67;8;Kos
MHS02869;Perempuan;23;Jawa Timur;Psikologi;Psikologi;2022;Orang Tua;Lulus;3.87;8;Kos
MHS02870;Perempuan;20;Jawa Timur;Ilmu Budaya;Ilmu Sejarah;2025;Orang Tua;Aktif;2.9;2;Asrama
MHS02871;Perempuan;23;Jawa Timur;Ilmu Sosial dan Ilmu Politik;Antropologi;2022;Orang Tua;Lulus;3.27;8;Rumah Orang Tua
MHS02872;Perempuan;21;Jawa Timur;Ilmu Budaya;Bahasa dan Sastra Inggris;2025;Orang Tua;Aktif;3.67;2;Rumah Orang Tua
MHS02873;Perempuan;26;Jawa Timur;Ilmu Budaya;Bahasa dan Sastra Indonesia;2019;Beasiswa;Lulus;3.79;8;Rumah Orang Tua
MHS02874;Perempuan;23;Jawa Tengah;Ekonomi dan Bisnis;Ekonomi Islam;2022;Orang Tua;Lulus;2.92;8;Kos
MHS02875;Perempuan;20;Jawa Timur;Kesehatan Masyarakat;Gizi;2025;Beasiswa;Aktif;2.09;2;Rumah Orang Tua
MHS02876;Laki-laki;21;Jawa Timur;Teknologi Maju dan Multidisiplin;Rekayasa Nanoteknologi;2024;Orang Tua;Aktif;3.57;4;Rumah Orang Tua
MHS02877;Perempuan;23;Jawa Timur;Ilmu Budaya;Bahasa dan Sastra Inggris;2021;Beasiswa;Non-Aktif/DO;3.69;3;Rumah Orang Tua
MHS02878;Laki-laki;20;Papua Tengah;FIKKIA Banyuwangi;Kedokteran (FIKKIA Banyuwangi);2024;Orang Tua;Cuti;3.29;4;Asrama
MHS02879;Laki-laki;21;Jawa Timur;Teknologi Maju dan Multidisiplin;Teknik Robotika dan Kecerdasan Buatan;2023;Orang Tua;Aktif;3.34;6;Kos
MHS02880;Laki-laki;25;Jawa Timur;Ilmu Budaya;Ilmu Sejarah;2020;Beasiswa;Lulus;3.67;8;Asrama
MHS02881;Laki-laki;19;Jawa Timur;Ilmu Sosial dan Ilmu Politik;Administrasi Publik;2025;Orang Tua;Aktif;2.2;2;Asrama
MHS02882;Perempuan;23;DI Yogyakarta;Kedokteran;Kebidanan;2024;Orang Tua;Aktif;2.45;4;Menumpang Saudara
MHS02883;Laki-laki;25;Jawa Timur;Ilmu Budaya;Bahasa dan Sastra Jepang;2019;Orang Tua;Lulus;2.79;11;Kos
MHS02884;Laki-laki;22;Jawa Tengah;FIKKIA Banyuwangi;Kesehatan Masyarakat (FIKKIA Banyuwangi);2022;Beasiswa;Lulus;2.98;8;Asrama
MHS02885;Perempuan;19;Jawa Barat;Teknologi Maju dan Multidisiplin;Teknologi Sains Data;2025;Orang Tua;Aktif;3.56;2;Kos
MHS02886;Perempuan;19;Jawa Timur;Ilmu Sosial dan Ilmu Politik;Ilmu Komunikasi;2025;Orang Tua;Aktif;2.96;2;Rumah Orang Tua
MHS02887;Laki-laki;22;Sumatera Selatan;Kedokteran Gigi;Kedokteran Gigi;2022;Orang Tua;Lulus;3.2;8;Asrama
MHS02888;Laki-laki;20;Sulawesi Tenggara;FIKKIA Banyuwangi;Kedokteran (FIKKIA Banyuwangi);2024;Orang Tua;Aktif;2.15;4;Kos
MHS02889;Perempuan;22;Jawa Timur;Ilmu Sosial dan Ilmu Politik;Ilmu Hubungan Internasional;2023;Orang Tua;Aktif;3.27;6;Asrama
MHS02890;Laki-laki;22;Jawa Timur;Ekonomi dan Bisnis;Ilmu Ekonomi;2023;Orang Tua;Aktif;3.88;6;Rumah Orang Tua
MHS02891;Laki-laki;23;Jawa Timur;FIKKIA Banyuwangi;Akuakultur (FIKKIA Banyuwangi);2022;Orang Tua;Lulus;3.97;8;Rumah Orang Tua
MHS02892;Perempuan;22;Jawa Timur;Sains dan Teknologi;Biologi;2023;Kerja Sendiri (part-time);Aktif;2.69;6;Menumpang Saudara
MHS02893;Laki-laki;20;Bengkulu;Teknologi Maju dan Multidisiplin;Teknik Industri;2024;Orang Tua;Aktif;3.95;4;Asrama
MHS02894;Laki-laki;25;Papua Selatan;Farmasi;Farmasi;2020;Orang Tua;Lulus;3.0;11;Kos
MHS02895;Perempuan;21;Jawa Timur;Ilmu Budaya;Bahasa dan Sastra Inggris;2024;Beasiswa;Aktif;3.26;4;Asrama
MHS02896;Perempuan;24;Jawa Barat;Hukum;Ilmu Hukum;2021;Orang Tua;Lulus;3.9;8;Kos
MHS02897;Perempuan;20;Jawa Timur;FIKKIA Banyuwangi;Kedokteran Hewan (FIKKIA Banyuwangi);2025;Beasiswa;Aktif;2.89;2;Kos
MHS02898;Perempuan;22;Jawa Barat;Ekonomi dan Bisnis;Manajemen;2023;Beasiswa;Aktif;3.23;6;Asrama
MHS02899;Laki-laki;22;Jawa Timur;Teknologi Maju dan Multidisiplin;Rekayasa Nanoteknologi;2023;Beasiswa;Aktif;3.67;6;Rumah Orang Tua
MHS02900;Perempuan;22;Jawa Timur;Perikanan dan Kelautan;Teknologi Hasil Perikanan;2023;Beasiswa;Aktif;3.17;6;Rumah Orang Tua
MHS02901;Perempuan;25;Papua Barat Daya;FIKKIA Banyuwangi;Kedokteran Hewan (FIKKIA Banyuwangi);2020;Orang Tua;Lulus;3.2;9;Kos
MHS02902;Perempuan;20;Jawa Timur;Psikologi;Psikologi;2025;Orang Tua;Aktif;2.55;2;Rumah Orang Tua
MHS02903;Perempuan;22;Sumatera Utara;Ilmu Budaya;Bahasa dan Sastra Indonesia;2023;Kerja Sendiri (part-time);Aktif;2.67;6;Kos
MHS02904;Perempuan;23;Jawa Timur;Ilmu Sosial dan Ilmu Politik;Ilmu Politik;2023;Orang Tua;Aktif;3.35;6;Rumah Orang Tua
MHS02905;Laki-laki;23;Riau;Sains dan Teknologi;Biologi;2023;Pinjaman/Kredit Pendidikan;Aktif;3.37;6;Kos
MHS02906;Laki-laki;19;Jawa Timur;Teknologi Maju dan Multidisiplin;Teknik Elektro;2025;Orang Tua;Aktif;2.55;2;Rumah Orang Tua
MHS02907;Laki-laki;19;Jawa Timur;FIKKIA Banyuwangi;Akuakultur (FIKKIA Banyuwangi);2025;Orang Tua;Aktif;3.39;2;Kos
MHS02908;Laki-laki;22;Jawa Timur;Ekonomi dan Bisnis;Manajemen;2023;Orang Tua;Aktif;3.12;6;Kos
MHS02909;Laki-laki;19;DKI Jakarta;Ilmu Sosial dan Ilmu Politik;Ilmu Hubungan Internasional;2025;Orang Tua;Cuti;2.46;2;Kos
MHS02910;Perempuan;20;Jawa Timur;Kedokteran;Kedokteran;2025;Orang Tua;Aktif;3.48;2;Kos
MHS02911;Laki-laki;22;Jawa Timur;Teknologi Maju dan Multidisiplin;Teknik Elektro;2022;Kerja Sendiri (part-time);Non-Aktif/DO;2.48;6;Kos
MHS02912;Perempuan;21;Banten;Ilmu Budaya;Ilmu Sejarah;2023;Orang Tua;Aktif;3.25;6;Rumah Orang Tua
MHS02913;Perempuan;21;Jawa Barat;Sains dan Teknologi;Biologi;2024;Orang Tua;Cuti;2.94;4;Kos
MHS02914;Laki-laki;22;Jawa Timur;Sains dan Teknologi;Teknik Biomedis;2023;Orang Tua;Aktif;3.1;6;Kos
MHS02915;Perempuan;19;Jawa Timur;Teknologi Maju dan Multidisiplin;Teknologi Sains Data;2025;Orang Tua;Aktif;2.92;2;Rumah Orang Tua
MHS02916;Laki-laki;20;Jawa Timur;Sains dan Teknologi;Biologi;2024;Orang Tua;Aktif;2.99;4;Kos
MHS02917;Perempuan;25;Kepulauan Bangka Belitung;Hukum;Ilmu Hukum;2020;Kerja Sendiri (part-time);Lulus;2.46;10;Kos
MHS02918;Perempuan;20;Jambi;Ekonomi dan Bisnis;Manajemen;2025;Orang Tua;Aktif;2.88;2;Kos
MHS02919;Perempuan;23;Jawa Timur;Keperawatan;Keperawatan;2022;Orang Tua;Aktif;3.58;8;Rumah Orang Tua
MHS02920;Perempuan;26;Jawa Timur;Ilmu Budaya;Bahasa dan Sastra Inggris;2021;Orang Tua;Lulus;3.94;8;Kos
MHS02921;Laki-laki;20;Jawa Timur;Teknologi Maju dan Multidisiplin;Teknik Robotika dan Kecerdasan Buatan;2024;Orang Tua;Aktif;3.96;4;Kos
MHS02922;Perempuan;20;Jawa Timur;FIKKIA Banyuwangi;Kedokteran (FIKKIA Banyuwangi);2025;Orang Tua;Aktif;3.24;2;Rumah Orang Tua
MHS02923;Laki-laki;24;DKI Jakarta;FIKKIA Banyuwangi;Akuakultur (FIKKIA Banyuwangi);2021;Kerja Sendiri (part-time);Lulus;3.01;10;Kos
MHS02924;Perempuan;22;Jawa Barat;Keperawatan;Keperawatan;2025;Orang Tua;Aktif;3.06;2;Menumpang Saudara
MHS02925;Perempuan;23;Jawa Timur;Ekonomi dan Bisnis;Ekonomi Islam;2022;Beasiswa;Cuti;3.43;8;Rumah Orang Tua
MHS02926;Perempuan;20;Sumatera Utara;Perikanan dan Kelautan;Teknologi Hasil Perikanan;2024;Orang Tua;Aktif;3.17;4;Kos
MHS02927;Laki-laki;22;Kalimantan Barat;Teknologi Maju dan Multidisiplin;Teknik Robotika dan Kecerdasan Buatan;2022;Orang Tua;Lulus;3.21;8;Kos
MHS02928;Laki-laki;20;Jawa Timur;Ekonomi dan Bisnis;Manajemen;2024;Orang Tua;Aktif;3.11;4;Rumah Orang Tua
MHS02929;Laki-laki;19;Jawa Timur;Ilmu Sosial dan Ilmu Politik;Ilmu Politik;2025;Kerja Sendiri (part-time);Aktif;3.01;2;Kos
MHS02930;Perempuan;21;Jawa Timur;Teknologi Maju dan Multidisiplin;Teknik Elektro;2023;Beasiswa;Aktif;3.15;6;Rumah Orang Tua
MHS02931;Perempuan;23;Nusa Tenggara Barat;Ilmu Sosial dan Ilmu Politik;Ilmu Informasi dan Perpustakaan;2021;Beasiswa;Lulus;3.77;9;Asrama
MHS02932;Perempuan;20;Jawa Timur;Teknologi Maju dan Multidisiplin;Teknologi Sains Data;2025;Orang Tua;Aktif;3.31;2;Rumah Orang Tua
MHS02933;Laki-laki;26;Lampung;Teknologi Maju dan Multidisiplin;Teknik Elektro;2022;Beasiswa;Lulus;3.08;8;Kos
MHS02934;Laki-laki;26;Jawa Timur;Teknologi Maju dan Multidisiplin;Teknik Robotika dan Kecerdasan Buatan;2019;Pinjaman/Kredit Pendidikan;Lulus;3.15;8;Rumah Orang Tua
MHS02935;Perempuan;22;Jawa Timur;Sains dan Teknologi;Biologi;2023;Beasiswa;Aktif;2.48;6;Rumah Orang Tua
MHS02936;Perempuan;23;Papua Pegunungan;Ekonomi dan Bisnis;Manajemen;2021;Orang Tua;Lulus;3.67;8;Kos
MHS02937;Laki-laki;19;Lampung;Ekonomi dan Bisnis;Ilmu Ekonomi;2025;Orang Tua;Aktif;3.52;2;Asrama
MHS02938;Perempuan;21;Jawa Timur;Kesehatan Masyarakat;Gizi;2024;Orang Tua;Aktif;3.84;4;Kos
MHS02939;Laki-laki;22;Jawa Timur;Ekonomi dan Bisnis;Ilmu Ekonomi;2022;Orang Tua;Lulus;3.04;8;Rumah Orang Tua
MHS02940;Laki-laki;19;Jawa Barat;Kesehatan Masyarakat;Gizi;2025;Orang Tua;Aktif;3.16;2;Kos
MHS02941;Perempuan;19;Jawa Tengah;Kedokteran;Kedokteran;2025;Beasiswa;Aktif;3.29;2;Kos
MHS02942;Laki-laki;23;Sumatera Selatan;Sains dan Teknologi;Teknik Lingkungan;2022;Orang Tua;Aktif;2.82;8;Kos
MHS02943;Perempuan;20;Jawa Tengah;Ilmu Budaya;Bahasa dan Sastra Inggris;2025;Orang Tua;Aktif;3.04;2;Rumah Orang Tua
MHS02944;Perempuan;24;Jawa Timur;FIKKIA Banyuwangi;Kedokteran Hewan (FIKKIA Banyuwangi);2021;Orang Tua;Lulus;3.98;8;Kos
MHS02945;Perempuan;24;Jawa Timur;Ilmu Budaya;Bahasa dan Sastra Indonesia;2022;Kerja Sendiri (part-time);Aktif;3.41;8;Rumah Orang Tua
MHS02946;Laki-laki;22;Jawa Timur;Teknologi Maju dan Multidisiplin;Teknik Elektro;2022;Orang Tua;Aktif;3.01;8;Rumah Orang Tua
MHS02947;Laki-laki;20;Jawa Timur;Sains dan Teknologi;Biologi;2024;Orang Tua;Aktif;3.65;4;Rumah Orang Tua
MHS02948;Perempuan;24;Jawa Timur;Teknologi Maju dan Multidisiplin;Teknik Robotika dan Kecerdasan Buatan;2021;Orang Tua;Non-Aktif/DO;2.26;2;Rumah Orang Tua
MHS02949;Laki-laki;21;Jawa Barat;Ilmu Sosial dan Ilmu Politik;Ilmu Komunikasi;2024;Kerja Sendiri (part-time);Cuti;3.62;4;Asrama
MHS02950;Perempuan;20;Papua Pegunungan;Ilmu Sosial dan Ilmu Politik;Administrasi Publik;2024;Orang Tua;Aktif;2.71;4;Kos
MHS02951;Laki-laki;19;Bengkulu;Sains dan Teknologi;Teknik Biomedis;2025;Beasiswa;Aktif;3.14;2;Asrama
MHS02952;Laki-laki;20;Jawa Timur;Ilmu Sosial dan Ilmu Politik;Ilmu Politik;2024;Orang Tua;Aktif;2.94;4;Kos
MHS02953;Perempuan;19;Nusa Tenggara Barat;Kedokteran Gigi;Kedokteran Gigi;2025;Orang Tua;Aktif;2.56;2;Kos
MHS02954;Laki-laki;23;Jawa Timur;Sains dan Teknologi;Kimia;2021;Orang Tua;Lulus;3.34;8;Kos
MHS02955;Perempuan;22;Kepulauan Bangka Belitung;Teknologi Maju dan Multidisiplin;Teknik Elektro;2022;Orang Tua;Aktif;2.85;8;Kos
MHS02956;Laki-laki;21;Jawa Timur;Teknologi Maju dan Multidisiplin;Teknik Robotika dan Kecerdasan Buatan;2024;Orang Tua;Aktif;3.03;4;Kos
MHS02957;Perempuan;26;Jawa Timur;FIKKIA Banyuwangi;Akuakultur (FIKKIA Banyuwangi);2019;Kerja Sendiri (part-time);Lulus;3.39;9;Kos
MHS02958;Perempuan;20;Jawa Timur;FIKKIA Banyuwangi;Kesehatan Masyarakat (FIKKIA Banyuwangi);2025;Orang Tua;Aktif;3.82;2;Kos
MHS02959;Laki-laki;19;Jawa Timur;FIKKIA Banyuwangi;Kedokteran (FIKKIA Banyuwangi);2025;Beasiswa;Aktif;3.79;2;Rumah Orang Tua
MHS02960;Perempuan;23;Gorontalo;Ilmu Sosial dan Ilmu Politik;Sosiologi;2025;Kerja Sendiri (part-time);Aktif;3.7;2;Menumpang Saudara
MHS02961;Laki-laki;20;Aceh;Sains dan Teknologi;Kimia;2024;Orang Tua;Cuti;3.69;4;Kos
MHS02962;Laki-laki;20;Jawa Timur;Ilmu Budaya;Bahasa dan Sastra Jepang;2024;Orang Tua;Aktif;3.38;4;Rumah Orang Tua
MHS02963;Perempuan;23;Jawa Timur;Ilmu Sosial dan Ilmu Politik;Sosiologi;2021;Beasiswa;Lulus;3.2;8;Rumah Orang Tua
MHS02964;Perempuan;29;Jawa Tengah;Ekonomi dan Bisnis;Ekonomi Islam;2019;Orang Tua;Lulus;3.27;8;Rumah Orang Tua
MHS02965;Laki-laki;21;DI Yogyakarta;Sains dan Teknologi;Fisika;2023;Orang Tua;Aktif;3.93;6;Rumah Orang Tua
MHS02966;Perempuan;23;Kalimantan Selatan;FIKKIA Banyuwangi;Akuakultur (FIKKIA Banyuwangi);2022;Beasiswa;Lulus;3.26;8;Asrama
MHS02967;Perempuan;23;Bali;Ilmu Sosial dan Ilmu Politik;Sosiologi;2021;Orang Tua;Lulus;3.15;9;Kos
MHS02968;Perempuan;20;Kalimantan Timur;Psikologi;Psikologi;2024;Orang Tua;Aktif;3.13;4;Kos
MHS02969;Perempuan;20;Banten;Perikanan dan Kelautan;Akuakultur;2025;Orang Tua;Aktif;3.08;2;Kos
MHS02970;Perempuan;22;Jawa Timur;Sains dan Teknologi;Sistem Informasi;2023;Beasiswa;Aktif;3.72;6;Rumah Orang Tua
MHS02971;Laki-laki;20;Maluku Utara;Ilmu Budaya;Bahasa dan Sastra Inggris;2024;Beasiswa;Aktif;4.0;4;Kos
MHS02972;Laki-laki;20;Jawa Timur;Sains dan Teknologi;Biologi;2025;Orang Tua;Aktif;3.38;2;Rumah Orang Tua
MHS02973;Perempuan;20;Jawa Timur;FIKKIA Banyuwangi;Akuakultur (FIKKIA Banyuwangi);2025;Orang Tua;Aktif;2.27;2;Rumah Orang Tua
MHS02974;Perempuan;24;Jawa Tengah;Ilmu Sosial dan Ilmu Politik;Ilmu Komunikasi;2021;Orang Tua;Lulus;2.54;9;Asrama
MHS02975;Perempuan;20;Jawa Tengah;FIKKIA Banyuwangi;Kesehatan Masyarakat (FIKKIA Banyuwangi);2024;Kerja Sendiri (part-time);Non-Aktif/DO;1.74;3;Kos
MHS02976;Perempuan;20;Jawa Barat;Sains dan Teknologi;Teknik Biomedis;2025;Orang Tua;Aktif;3.01;2;Kos
MHS02977;Laki-laki;24;Jawa Timur;Sains dan Teknologi;Teknik Lingkungan;2021;Beasiswa;Lulus;3.9;8;Rumah Orang Tua
MHS02978;Laki-laki;23;Jawa Timur;Ekonomi dan Bisnis;Ilmu Ekonomi;2021;Beasiswa;Lulus;3.45;9;Rumah Orang Tua
MHS02979;Laki-laki;20;Sumatera Utara;Teknologi Maju dan Multidisiplin;Teknologi Sains Data;2024;Orang Tua;Aktif;3.12;4;Asrama
MHS02980;Laki-laki;20;DKI Jakarta;Ekonomi dan Bisnis;Manajemen;2025;Beasiswa;Aktif;3.29;2;Kos
MHS02981;Perempuan;19;Jawa Timur;Kedokteran Hewan;Kedokteran Hewan;2025;Orang Tua;Aktif;4.0;2;Kos
MHS02982;Laki-laki;20;Jawa Barat;Ilmu Sosial dan Ilmu Politik;Sosiologi;2025;Orang Tua;Aktif;2.89;2;Kos
MHS02983;Laki-laki;24;Jawa Timur;Sains dan Teknologi;Kimia;2021;Orang Tua;Lulus;3.99;8;Rumah Orang Tua
MHS02984;Laki-laki;26;Jawa Timur;Teknologi Maju dan Multidisiplin;Teknik Robotika dan Kecerdasan Buatan;2021;Kerja Sendiri (part-time);Aktif;3.04;10;Rumah Orang Tua
MHS02985;Laki-laki;22;Jawa Timur;Teknologi Maju dan Multidisiplin;Teknologi Sains Data;2025;Beasiswa;Aktif;4.0;2;Rumah Orang Tua
MHS02986;Perempuan;22;Jawa Timur;Teknologi Maju dan Multidisiplin;Teknik Elektro;2024;Orang Tua;Aktif;3.64;4;Kos
MHS02987;Perempuan;24;Jawa Timur;Sains dan Teknologi;Statistika;2021;Orang Tua;Lulus;3.9;8;Kos
MHS02988;Perempuan;24;Jawa Timur;Kesehatan Masyarakat;Gizi;2020;Orang Tua;Lulus;3.9;8;Rumah Orang Tua
MHS02989;Laki-laki;20;Banten;Sains dan Teknologi;Statistika;2025;Orang Tua;Aktif;3.38;2;Kos
MHS02990;Laki-laki;22;Jawa Timur;Ilmu Sosial dan Ilmu Politik;Antropologi;2023;Orang Tua;Aktif;3.58;6;Rumah Orang Tua
MHS02991;Laki-laki;26;Jawa Timur;Sains dan Teknologi;Matematika;2022;Orang Tua;Aktif;2.83;8;Rumah Orang Tua
MHS02992;Laki-laki;21;Jawa Timur;Ekonomi dan Bisnis;Ekonomi Islam;2023;Orang Tua;Aktif;3.79;6;Kos
MHS02993;Laki-laki;19;Jawa Tengah;Perikanan dan Kelautan;Akuakultur;2025;Orang Tua;Aktif;3.49;2;Menumpang Saudara
MHS02994;Perempuan;21;Kalimantan Tengah;Ilmu Budaya;Bahasa dan Sastra Inggris;2023;Orang Tua;Aktif;2.81;6;Kos
MHS02995;Perempuan;21;Jawa Timur;Ilmu Sosial dan Ilmu Politik;Ilmu Komunikasi;2024;Orang Tua;Aktif;3.1;4;Rumah Orang Tua
MHS02996;Perempuan;22;Sulawesi Selatan;Sains dan Teknologi;Fisika;2023;Orang Tua;Aktif;3.23;6;Kos
MHS02997;Laki-laki;21;Jawa Tengah;Sains dan Teknologi;Fisika;2024;Kerja Sendiri (part-time);Non-Aktif/DO;2.48;3;Menumpang Saudara
MHS02998;Perempuan;20;Sumatera Selatan;Sains dan Teknologi;Biologi;2024;Orang Tua;Aktif;3.46;4;Kos
MHS02999;Perempuan;20;Jawa Timur;Sains dan Teknologi;Matematika;2025;Pinjaman/Kredit Pendidikan;Aktif;3.36;2;Rumah Orang Tua
MHS03000;Perempuan;25;Aceh;Perikanan dan Kelautan;Teknologi Hasil Perikanan;2019;Orang Tua;Lulus;2.4;9;Kos
MHS03001;Perempuan;23;Jawa Timur;FIKKIA Banyuwangi;Kedokteran Hewan (FIKKIA Banyuwangi);2021;Orang Tua;Lulus;3.64;8;Rumah Orang Tua
MHS03002;Laki-laki;21;Jawa Timur;Sains dan Teknologi;Sistem Informasi;2024;Beasiswa;Cuti;2.87;4;Rumah Orang Tua
MHS03003;Laki-laki;21;Jawa Timur;Sains dan Teknologi;Sistem Informasi;2024;Orang Tua;Aktif;3.24;4;Rumah Orang Tua
MHS03004;Laki-laki;20;Jawa Timur;FIKKIA Banyuwangi;Kedokteran (FIKKIA Banyuwangi);2025;Orang Tua;Aktif;2.95;2;Rumah Orang Tua
MHS03005;Perempuan;19;Jawa Timur;Kedokteran Gigi;Kedokteran Gigi;2025;Beasiswa;Aktif;3.61;2;Kos
MHS03006;Perempuan;22;Jawa Timur;Farmasi;Farmasi;2024;Orang Tua;Aktif;3.26;4;Rumah Orang Tua
MHS03007;Laki-laki;21;Kalimantan Barat;Sains dan Teknologi;Kimia;2023;Orang Tua;Aktif;3.79;6;Kos
MHS03008;Perempuan;22;Jawa Timur;Ilmu Budaya;Bahasa dan Sastra Indonesia;2023;Orang Tua;Aktif;2.96;6;Rumah Orang Tua
MHS03009;Perempuan;21;Jawa Timur;Perikanan dan Kelautan;Teknologi Hasil Perikanan;2023;Beasiswa;Aktif;3.53;6;Rumah Orang Tua
MHS03010;Perempuan;21;Jawa Timur;Kesehatan Masyarakat;Gizi;2023;Orang Tua;Aktif;3.09;6;Kos
MHS03011;Laki-laki;22;Jawa Timur;Ilmu Sosial dan Ilmu Politik;Administrasi Publik;2023;Orang Tua;Aktif;2.77;6;Rumah Orang Tua
MHS03012;Perempuan;24;Jawa Timur;Keperawatan;Keperawatan;2021;Beasiswa;Lulus;3.88;8;Asrama
MHS03013;Perempuan;21;Jawa Timur;Ilmu Sosial dan Ilmu Politik;Ilmu Informasi dan Perpustakaan;2024;Beasiswa;Aktif;3.44;4;Rumah Orang Tua
MHS03014;Perempuan;22;Jawa Timur;Kedokteran Gigi;Kedokteran Gigi;2022;Orang Tua;Aktif;3.21;8;Rumah Orang Tua
MHS03015;Laki-laki;25;Jawa Timur;Teknologi Maju dan Multidisiplin;Rekayasa Nanoteknologi;2020;Orang Tua;Lulus;3.68;9;Kos
MHS03016;Laki-laki;24;Jawa Timur;Teknologi Maju dan Multidisiplin;Teknologi Sains Data;2021;Orang Tua;Lulus;3.74;8;Rumah Orang Tua
MHS03017;Perempuan;20;Jawa Timur;Ilmu Budaya;Ilmu Sejarah;2025;Orang Tua;Aktif;3.16;2;Rumah Orang Tua
MHS03018;Perempuan;19;Jawa Barat;Ilmu Budaya;Bahasa dan Sastra Indonesia;2025;Orang Tua;Aktif;3.43;2;Asrama
MHS03019;Perempuan;20;Banten;Farmasi;Farmasi;2025;Orang Tua;Aktif;3.85;2;Asrama
MHS03020;Perempuan;21;Jawa Timur;Kedokteran Hewan;Kedokteran Hewan;2023;Beasiswa;Aktif;3.88;6;Rumah Orang Tua
MHS03021;Perempuan;24;Jawa Timur;Ilmu Sosial dan Ilmu Politik;Antropologi;2020;Beasiswa;Lulus;3.56;9;Rumah Orang Tua
MHS03022;Perempuan;22;Jawa Timur;Ilmu Sosial dan Ilmu Politik;Ilmu Hubungan Internasional;2022;Orang Tua;Aktif;3.75;8;Kos
MHS03023;Perempuan;22;Jawa Timur;Kedokteran;Kebidanan;2024;Kerja Sendiri (part-time);Non-Aktif/DO;2.14;3;Kos
MHS03024;Perempuan;23;Papua Selatan;Ilmu Sosial dan Ilmu Politik;Ilmu Komunikasi;2024;Orang Tua;Aktif;2.76;4;Asrama
MHS03025;Laki-laki;23;Jawa Timur;Ilmu Sosial dan Ilmu Politik;Ilmu Hubungan Internasional;2022;Orang Tua;Lulus;3.17;8;Kos
MHS03026;Perempuan;23;Nusa Tenggara Timur;Perikanan dan Kelautan;Akuakultur;2022;Orang Tua;Lulus;4.0;8;Kos
MHS03027;Perempuan;22;Jawa Timur;Farmasi;Farmasi;2022;Beasiswa;Lulus;3.85;8;Rumah Orang Tua
MHS03028;Laki-laki;21;Aceh;Ilmu Sosial dan Ilmu Politik;Sosiologi;2024;Orang Tua;Aktif;3.63;4;Kos
MHS03029;Laki-laki;21;Sulawesi Selatan;Perikanan dan Kelautan;Akuakultur;2023;Orang Tua;Aktif;3.42;6;Kos
MHS03030;Perempuan;22;Jawa Tengah;Ekonomi dan Bisnis;Ilmu Ekonomi;2022;Beasiswa;Lulus;2.91;8;Kos
MHS03031;Laki-laki;20;Sumatera Barat;Kedokteran;Kedokteran;2025;Beasiswa;Cuti;2.65;2;Asrama
MHS03032;Perempuan;21;Aceh;Sains dan Teknologi;Sistem Informasi;2023;Beasiswa;Aktif;3.72;6;Kos
MHS03033;Perempuan;24;Jawa Timur;Sains dan Teknologi;Fisika;2021;Orang Tua;Lulus;3.94;8;Menumpang Saudara
MHS03034;Laki-laki;20;Jawa Timur;Kedokteran;Kedokteran;2025;Orang Tua;Aktif;3.23;2;Rumah Orang Tua
MHS03035;Perempuan;19;Gorontalo;Teknologi Maju dan Multidisiplin;Teknologi Sains Data;2025;Pinjaman/Kredit Pendidikan;Aktif;2.74;2;Asrama
MHS03036;Perempuan;19;Banten;Sains dan Teknologi;Kimia;2025;Orang Tua;Aktif;3.07;2;Rumah Orang Tua
MHS03037;Perempuan;23;Bengkulu;Kesehatan Masyarakat;Gizi;2022;Orang Tua;Non-Aktif/DO;2.81;6;Kos
MHS03038;Perempuan;20;Jawa Timur;Hukum;Ilmu Hukum;2024;Beasiswa;Aktif;3.36;4;Rumah Orang Tua
MHS03039;Perempuan;19;Nusa Tenggara Barat;Kesehatan Masyarakat;Gizi;2025;Beasiswa;Aktif;3.77;2;Kos
MHS03040;Laki-laki;21;Nusa Tenggara Barat;Sains dan Teknologi;Teknik Biomedis;2024;Beasiswa;Aktif;2.9;4;Asrama
MHS03041;Laki-laki;25;Banten;Ekonomi dan Bisnis;Ilmu Ekonomi;2019;Orang Tua;Lulus;3.07;9;Rumah Orang Tua
MHS03042;Perempuan;23;Papua Pegunungan;Ilmu Budaya;Bahasa dan Sastra Jepang;2021;Beasiswa;Lulus;3.98;8;Kos
MHS03043;Perempuan;22;Sulawesi Selatan;Sains dan Teknologi;Matematika;2023;Orang Tua;Aktif;3.45;6;Kos
MHS03044;Perempuan;19;Kalimantan Timur;Psikologi;Psikologi;2025;Orang Tua;Aktif;2.58;2;Asrama
MHS03045;Laki-laki;22;Jawa Timur;Ilmu Sosial dan Ilmu Politik;Ilmu Informasi dan Perpustakaan;2022;Orang Tua;Aktif;3.14;8;Kos
MHS03046;Laki-laki;22;Jawa Timur;Ilmu Budaya;Ilmu Sejarah;2022;Orang Tua;Lulus;2.34;8;Kos
MHS03047;Laki-laki;21;Jawa Timur;Teknologi Maju dan Multidisiplin;Teknik Robotika dan Kecerdasan Buatan;2024;Orang Tua;Aktif;2.56;4;Asrama
MHS03048;Perempuan;19;Jawa Timur;Kedokteran Gigi;Kedokteran Gigi;2025;Orang Tua;Aktif;3.11;2;Rumah Orang Tua
MHS03049;Perempuan;19;Jawa Tengah;FIKKIA Banyuwangi;Akuakultur (FIKKIA Banyuwangi);2025;Orang Tua;Aktif;3.06;2;Kos
MHS03050;Perempuan;23;Jawa Timur;Perikanan dan Kelautan;Teknologi Hasil Perikanan;2025;Orang Tua;Aktif;3.61;2;Kos
MHS03051;Perempuan;23;Jawa Timur;Sains dan Teknologi;Matematika;2021;Orang Tua;Lulus;3.55;8;Kos
MHS03052;Laki-laki;24;Sulawesi Tengah;Ekonomi dan Bisnis;Ekonomi Islam;2021;Orang Tua;Lulus;3.3;8;Menumpang Saudara
MHS03053;Laki-laki;24;Jawa Timur;Ilmu Sosial dan Ilmu Politik;Ilmu Komunikasi;2021;Beasiswa;Lulus;3.0;9;Asrama
MHS03054;Laki-laki;23;Aceh;Ekonomi dan Bisnis;Ekonomi Islam;2021;Kerja Sendiri (part-time);Non-Aktif/DO;2.75;10;Menumpang Saudara
MHS03055;Laki-laki;19;Jawa Timur;Teknologi Maju dan Multidisiplin;Rekayasa Nanoteknologi;2025;Orang Tua;Aktif;3.5;2;Rumah Orang Tua
MHS03056;Perempuan;22;Jawa Timur;Teknologi Maju dan Multidisiplin;Teknologi Sains Data;2022;Beasiswa;Aktif;3.55;8;Rumah Orang Tua
MHS03057;Perempuan;20;Jawa Timur;FIKKIA Banyuwangi;Kedokteran (FIKKIA Banyuwangi);2024;Orang Tua;Aktif;3.7;4;Asrama
MHS03058;Perempuan;21;DKI Jakarta;FIKKIA Banyuwangi;Kedokteran (FIKKIA Banyuwangi);2024;Orang Tua;Aktif;3.32;4;Kos
MHS03059;Perempuan;20;Jawa Timur;Kesehatan Masyarakat;Kesehatan Masyarakat;2025;Beasiswa;Cuti;2.79;2;Kos
MHS03060;Perempuan;24;Sulawesi Selatan;Kesehatan Masyarakat;Gizi;2021;Beasiswa;Lulus;3.95;8;Kos
MHS03061;Laki-laki;19;Sumatera Barat;Ilmu Sosial dan Ilmu Politik;Administrasi Publik;2025;Orang Tua;Aktif;3.15;2;Kos
MHS03062;Perempuan;22;Jawa Timur;Hukum;Ilmu Hukum;2022;Beasiswa;Aktif;3.44;8;Rumah Orang Tua
MHS03063;Perempuan;20;DI Yogyakarta;Kedokteran Hewan;Kedokteran Hewan;2024;Orang Tua;Aktif;3.78;4;Menumpang Saudara
MHS03064;Laki-laki;20;Jawa Timur;Ilmu Budaya;Bahasa dan Sastra Inggris;2025;Orang Tua;Aktif;2.55;2;Rumah Orang Tua
MHS03065;Perempuan;21;Jawa Timur;Keperawatan;Keperawatan;2024;Pinjaman/Kredit Pendidikan;Non-Aktif/DO;2.07;2;Rumah Orang Tua
MHS03066;Laki-laki;19;Banten;Ilmu Sosial dan Ilmu Politik;Ilmu Komunikasi;2025;Beasiswa;Aktif;2.55;2;Asrama
MHS03067;Perempuan;22;Jawa Timur;Kedokteran Gigi;Kedokteran Gigi;2023;Beasiswa;Aktif;3.09;6;Kos
MHS03068;Laki-laki;20;Jawa Timur;Teknologi Maju dan Multidisiplin;Rekayasa Nanoteknologi;2024;Orang Tua;Aktif;3.3;4;Rumah Orang Tua
MHS03069;Laki-laki;19;Sulawesi Tengah;Sains dan Teknologi;Teknik Biomedis;2025;Beasiswa;Aktif;3.07;2;Asrama
MHS03070;Laki-laki;20;Jawa Timur;Teknologi Maju dan Multidisiplin;Teknik Elektro;2024;Orang Tua;Aktif;3.36;4;Rumah Orang Tua
MHS03071;Laki-laki;26;Jawa Timur;Perikanan dan Kelautan;Akuakultur;2020;Orang Tua;Lulus;2.7;12;Asrama
MHS03072;Perempuan;22;Jawa Timur;Ekonomi dan Bisnis;Ekonomi Islam;2023;Orang Tua;Non-Aktif/DO;2.14;2;Kos
MHS03073;Perempuan;21;Jawa Timur;Keperawatan;Keperawatan;2024;Orang Tua;Aktif;3.21;4;Rumah Orang Tua
MHS03074;Perempuan;23;Jawa Timur;Ekonomi dan Bisnis;Ekonomi Islam;2021;Orang Tua;Lulus;3.45;8;Kos
MHS03075;Perempuan;21;Gorontalo;Ilmu Budaya;Bahasa dan Sastra Inggris;2024;Orang Tua;Aktif;2.89;4;Asrama
MHS03076;Perempuan;23;Jawa Timur;Perikanan dan Kelautan;Akuakultur;2021;Beasiswa;Lulus;3.54;8;Kos
MHS03077;Perempuan;23;Jawa Timur;Ilmu Budaya;Bahasa dan Sastra Jepang;2021;Orang Tua;Lulus;2.86;10;Rumah Orang Tua
MHS03078;Laki-laki;20;Jawa Timur;Ilmu Sosial dan Ilmu Politik;Ilmu Informasi dan Perpustakaan;2024;Orang Tua;Cuti;3.17;4;Kos
MHS03079;Perempuan;20;Jawa Timur;Ekonomi dan Bisnis;Akuntansi;2024;Orang Tua;Aktif;2.71;4;Kos
MHS03080;Perempuan;20;Jawa Timur;Kedokteran Hewan;Kedokteran Hewan;2024;Orang Tua;Aktif;3.71;4;Menumpang Saudara
MHS03081;Perempuan;20;Jawa Timur;Teknologi Maju dan Multidisiplin;Rekayasa Nanoteknologi;2024;Orang Tua;Aktif;2.72;4;Rumah Orang Tua
MHS03082;Perempuan;21;Jawa Timur;Ilmu Sosial dan Ilmu Politik;Administrasi Publik;2024;Kerja Sendiri (part-time);Aktif;3.08;4;Rumah Orang Tua
MHS03083;Laki-laki;20;Kalimantan Selatan;Sains dan Teknologi;Fisika;2024;Orang Tua;Aktif;2.53;4;Kos
MHS03084;Laki-laki;25;Jawa Timur;Sains dan Teknologi;Kimia;2022;Orang Tua;Lulus;3.31;8;Kos
MHS03085;Laki-laki;24;Jawa Timur;Ilmu Sosial dan Ilmu Politik;Administrasi Publik;2024;Orang Tua;Aktif;3.2;4;Rumah Orang Tua
MHS03086;Laki-laki;23;Jawa Timur;Sains dan Teknologi;Kimia;2024;Kerja Sendiri (part-time);Aktif;3.22;4;Menumpang Saudara
MHS03087;Laki-laki;21;Jawa Tengah;FIKKIA Banyuwangi;Akuakultur (FIKKIA Banyuwangi);2023;Kerja Sendiri (part-time);Aktif;3.65;6;Kos
MHS03088;Perempuan;23;Kalimantan Tengah;Ilmu Budaya;Bahasa dan Sastra Jepang;2022;Beasiswa;Lulus;3.71;8;Asrama
MHS03089;Perempuan;22;Jawa Timur;Teknologi Maju dan Multidisiplin;Teknik Robotika dan Kecerdasan Buatan;2022;Beasiswa;Non-Aktif/DO;2.46;6;Rumah Orang Tua
MHS03090;Laki-laki;21;Jawa Tengah;Ilmu Budaya;Bahasa dan Sastra Jepang;2023;Orang Tua;Aktif;2.93;6;Kos
MHS03091;Perempuan;19;Bengkulu;Perikanan dan Kelautan;Teknologi Hasil Perikanan;2025;Beasiswa;Aktif;3.29;2;Kos
MHS03092;Perempuan;22;Jawa Tengah;Sains dan Teknologi;Biologi;2023;Orang Tua;Aktif;3.15;6;Menumpang Saudara
MHS03093;Perempuan;20;Jawa Timur;Ilmu Budaya;Bahasa dan Sastra Jepang;2024;Orang Tua;Aktif;3.21;4;Rumah Orang Tua
MHS03094;Perempuan;23;Jawa Timur;Sains dan Teknologi;Fisika;2021;Orang Tua;Lulus;3.01;9;Kos
MHS03095;Laki-laki;19;Jawa Timur;Teknologi Maju dan Multidisiplin;Teknik Robotika dan Kecerdasan Buatan;2025;Kerja Sendiri (part-time);Aktif;2.89;2;Rumah Orang Tua
MHS03096;Perempuan;24;Jawa Timur;Kesehatan Masyarakat;Gizi;2021;Orang Tua;Lulus;3.15;8;Rumah Orang Tua
MHS03097;Laki-laki;19;Jawa Timur;Teknologi Maju dan Multidisiplin;Rekayasa Nanoteknologi;2025;Orang Tua;Aktif;2.43;2;Kos
MHS03098;Laki-laki;25;Jawa Timur;Teknologi Maju dan Multidisiplin;Teknik Robotika dan Kecerdasan Buatan;2019;Pinjaman/Kredit Pendidikan;Lulus;3.3;9;Asrama
MHS03099;Laki-laki;21;Jawa Timur;Teknologi Maju dan Multidisiplin;Teknik Industri;2024;Kerja Sendiri (part-time);Cuti;3.07;4;Rumah Orang Tua
MHS03100;Laki-laki;26;Jawa Timur;Kedokteran Hewan;Kedokteran Hewan;2022;Orang Tua;Lulus;3.55;8;Rumah Orang Tua
MHS03101;Laki-laki;22;Jawa Timur;Ilmu Budaya;Bahasa dan Sastra Jepang;2023;Orang Tua;Aktif;3.92;6;Kos
MHS03102;Perempuan;20;Sulawesi Utara;Ilmu Budaya;Bahasa dan Sastra Inggris;2024;Orang Tua;Non-Aktif/DO;2.0;2;Kos
MHS03103;Laki-laki;20;Sumatera Barat;Perikanan dan Kelautan;Akuakultur;2024;Orang Tua;Aktif;2.86;4;Asrama
MHS03104;Perempuan;22;Jawa Timur;Ilmu Budaya;Ilmu Sejarah;2023;Orang Tua;Aktif;3.2;6;Kos
MHS03105;Laki-laki;26;Lampung;Ilmu Budaya;Bahasa dan Sastra Indonesia;2019;Orang Tua;Lulus;3.26;8;Kos
MHS03106;Perempuan;23;Jawa Timur;Ekonomi dan Bisnis;Akuntansi;2022;Orang Tua;Lulus;3.44;8;Rumah Orang Tua
MHS03107;Laki-laki;22;Jawa Timur;Ilmu Sosial dan Ilmu Politik;Ilmu Informasi dan Perpustakaan;2023;Kerja Sendiri (part-time);Aktif;3.67;6;Rumah Orang Tua
MHS03108;Perempuan;22;Jawa Timur;Kedokteran;Kebidanan;2023;Orang Tua;Aktif;3.45;6;Rumah Orang Tua
MHS03109;Perempuan;21;Jawa Timur;Sains dan Teknologi;Matematika;2023;Orang Tua;Cuti;1.99;6;Rumah Orang Tua
MHS03110;Laki-laki;20;Jawa Timur;Perikanan dan Kelautan;Akuakultur;2024;Orang Tua;Aktif;3.76;4;Kos
MHS03111;Perempuan;20;Sumatera Utara;Sains dan Teknologi;Teknik Biomedis;2025;Kerja Sendiri (part-time);Aktif;2.87;2;Kos
MHS03112;Laki-laki;21;Jawa Timur;FIKKIA Banyuwangi;Akuakultur (FIKKIA Banyuwangi);2024;Orang Tua;Aktif;3.42;4;Rumah Orang Tua
MHS03113;Laki-laki;20;Maluku Utara;Sains dan Teknologi;Statistika;2024;Orang Tua;Cuti;3.14;4;Kos
MHS03114;Perempuan;22;Jawa Barat;Kesehatan Masyarakat;Kesehatan Masyarakat;2022;Orang Tua;Aktif;2.92;8;Rumah Orang Tua
MHS03115;Perempuan;23;Maluku;Ilmu Budaya;Bahasa dan Sastra Jepang;2022;Orang Tua;Aktif;3.22;8;Kos
MHS03116;Laki-laki;21;Jawa Timur;Hukum;Ilmu Hukum;2024;Beasiswa;Aktif;3.44;4;Asrama
MHS03117;Perempuan;26;Jawa Timur;Ilmu Sosial dan Ilmu Politik;Ilmu Politik;2021;Orang Tua;Lulus;3.59;8;Rumah Orang Tua
MHS03118;Perempuan;21;Papua Selatan;Ekonomi dan Bisnis;Ekonomi Islam;2024;Beasiswa;Aktif;2.92;4;Kos
MHS03119;Perempuan;22;Jambi;Ilmu Sosial dan Ilmu Politik;Sosiologi;2023;Orang Tua;Aktif;2.95;6;Kos
MHS03120;Laki-laki;21;Jawa Timur;Teknologi Maju dan Multidisiplin;Teknik Industri;2024;Kerja Sendiri (part-time);Cuti;3.36;4;Rumah Orang Tua
MHS03121;Laki-laki;21;Jawa Timur;Ekonomi dan Bisnis;Ilmu Ekonomi;2023;Orang Tua;Aktif;3.47;6;Rumah Orang Tua
MHS03122;Laki-laki;20;Bali;Kedokteran Gigi;Kedokteran Gigi;2025;Beasiswa;Aktif;2.98;2;Asrama
MHS03123;Perempuan;19;Jawa Timur;Sains dan Teknologi;Fisika;2025;Orang Tua;Aktif;2.49;2;Rumah Orang Tua
MHS03124;Laki-laki;24;Jawa Timur;Teknologi Maju dan Multidisiplin;Teknik Elektro;2023;Orang Tua;Cuti;3.4;6;Rumah Orang Tua
MHS03125;Laki-laki;19;Papua;Sains dan Teknologi;Fisika;2025;Orang Tua;Aktif;3.03;2;Kos
MHS03126;Perempuan;21;Jawa Timur;Teknologi Maju dan Multidisiplin;Rekayasa Nanoteknologi;2023;Orang Tua;Aktif;3.49;6;Rumah Orang Tua
MHS03127;Laki-laki;21;Jawa Timur;Sains dan Teknologi;Sistem Informasi;2025;Pinjaman/Kredit Pendidikan;Aktif;2.73;2;Rumah Orang Tua
MHS03128;Laki-laki;21;DKI Jakarta;Sains dan Teknologi;Fisika;2024;Orang Tua;Aktif;3.08;4;Kos
MHS03129;Perempuan;23;Sumatera Utara;Keperawatan;Keperawatan;2022;Orang Tua;Lulus;3.44;8;Asrama
MHS03130;Perempuan;21;Jawa Timur;Sains dan Teknologi;Fisika;2024;Pinjaman/Kredit Pendidikan;Aktif;2.6;4;Rumah Orang Tua
MHS03131;Laki-laki;21;DKI Jakarta;Sains dan Teknologi;Sistem Informasi;2024;Orang Tua;Aktif;3.76;4;Kos
MHS03132;Perempuan;22;Jawa Timur;FIKKIA Banyuwangi;Kesehatan Masyarakat (FIKKIA Banyuwangi);2023;Orang Tua;Aktif;3.64;6;Rumah Orang Tua
MHS03133;Perempuan;20;Nusa Tenggara Timur;Hukum;Ilmu Hukum;2024;Beasiswa;Aktif;3.83;4;Kos
MHS03134;Perempuan;19;Jawa Timur;FIKKIA Banyuwangi;Kesehatan Masyarakat (FIKKIA Banyuwangi);2025;Beasiswa;Aktif;3.61;2;Kos
MHS03135;Perempuan;25;Jawa Timur;Hukum;Ilmu Hukum;2020;Beasiswa;Lulus;3.21;8;Menumpang Saudara
MHS03136;Laki-laki;21;Jawa Timur;FIKKIA Banyuwangi;Kesehatan Masyarakat (FIKKIA Banyuwangi);2024;Orang Tua;Non-Aktif/DO;2.87;4;Asrama
MHS03137;Perempuan;23;Jawa Timur;Ilmu Sosial dan Ilmu Politik;Ilmu Informasi dan Perpustakaan;2021;Beasiswa;Lulus;3.96;8;Kos
MHS03138;Laki-laki;22;Jawa Timur;Perikanan dan Kelautan;Akuakultur;2022;Orang Tua;Aktif;3.36;8;Rumah Orang Tua
MHS03139;Perempuan;21;Jawa Timur;Ilmu Sosial dan Ilmu Politik;Sosiologi;2024;Orang Tua;Non-Aktif/DO;2.82;2;Asrama
MHS03140;Perempuan;24;Jawa Timur;Sains dan Teknologi;Kimia;2020;Orang Tua;Lulus;2.91;9;Rumah Orang Tua
MHS03141;Laki-laki;23;DKI Jakarta;Teknologi Maju dan Multidisiplin;Teknik Elektro;2022;Orang Tua;Lulus;3.74;8;Kos
MHS03142;Perempuan;25;Jawa Timur;Ilmu Sosial dan Ilmu Politik;Administrasi Publik;2021;Orang Tua;Lulus;2.66;8;Rumah Orang Tua
MHS03143;Laki-laki;24;Jawa Tengah;Sains dan Teknologi;Teknik Lingkungan;2021;Orang Tua;Lulus;3.35;8;Kos
MHS03144;Laki-laki;24;Jawa Timur;Ilmu Sosial dan Ilmu Politik;Ilmu Politik;2021;Kerja Sendiri (part-time);Non-Aktif/DO;2.45;7;Asrama
MHS03145;Perempuan;22;Bali;Sains dan Teknologi;Teknik Lingkungan;2023;Orang Tua;Aktif;2.74;6;Kos
MHS03146;Perempuan;25;Jawa Tengah;Ilmu Sosial dan Ilmu Politik;Antropologi;2020;Orang Tua;Lulus;3.36;10;Menumpang Saudara
MHS03147;Laki-laki;20;Jawa Timur;Ekonomi dan Bisnis;Manajemen;2025;Orang Tua;Aktif;3.28;2;Rumah Orang Tua
MHS03148;Laki-laki;22;Jawa Tengah;Ilmu Budaya;Bahasa dan Sastra Jepang;2022;Beasiswa;Lulus;3.83;8;Asrama
MHS03149;Perempuan;21;Jawa Timur;Hukum;Ilmu Hukum;2023;Beasiswa;Cuti;2.97;6;Rumah Orang Tua
MHS03150;Perempuan;24;Kalimantan Barat;Sains dan Teknologi;Statistika;2021;Beasiswa;Lulus;3.18;9;Kos
MHS03151;Laki-laki;23;Kalimantan Selatan;Ilmu Sosial dan Ilmu Politik;Ilmu Politik;2022;Orang Tua;Non-Aktif/DO;3.22;4;Asrama
MHS03152;Perempuan;22;Jawa Timur;Teknologi Maju dan Multidisiplin;Teknik Robotika dan Kecerdasan Buatan;2023;Kerja Sendiri (part-time);Cuti;3.09;6;Rumah Orang Tua
MHS03153;Perempuan;21;DKI Jakarta;Kedokteran Hewan;Kedokteran Hewan;2023;Orang Tua;Cuti;3.18;6;Kos
MHS03154;Perempuan;20;Jawa Timur;Ilmu Sosial dan Ilmu Politik;Administrasi Publik;2024;Orang Tua;Aktif;1.94;4;Rumah Orang Tua
MHS03155;Laki-laki;24;Jawa Tengah;FIKKIA Banyuwangi;Kedokteran (FIKKIA Banyuwangi);2021;Orang Tua;Lulus;3.67;8;Kos
MHS03156;Perempuan;21;Papua Pegunungan;Ilmu Sosial dan Ilmu Politik;Ilmu Politik;2024;Orang Tua;Aktif;2.85;4;Menumpang Saudara
MHS03157;Perempuan;20;Jawa Barat;Kedokteran Gigi;Kedokteran Gigi;2024;Orang Tua;Non-Aktif/DO;2.28;2;Menumpang Saudara
MHS03158;Perempuan;23;Jawa Timur;Ilmu Budaya;Bahasa dan Sastra Indonesia;2021;Orang Tua;Lulus;2.95;8;Kos
MHS03159;Perempuan;25;Jawa Timur;FIKKIA Banyuwangi;Kedokteran Hewan (FIKKIA Banyuwangi);2019;Orang Tua;Lulus;3.74;8;Rumah Orang Tua
MHS03160;Perempuan;20;Papua Tengah;Teknologi Maju dan Multidisiplin;Rekayasa Nanoteknologi;2025;Orang Tua;Aktif;3.71;2;Asrama
MHS03161;Perempuan;20;Jawa Timur;Farmasi;Farmasi;2024;Orang Tua;Aktif;3.69;4;Kos
MHS03162;Perempuan;20;Jawa Timur;Keperawatan;Keperawatan;2025;Orang Tua;Aktif;3.24;2;Rumah Orang Tua
MHS03163;Laki-laki;22;Jawa Timur;Ilmu Budaya;Bahasa dan Sastra Indonesia;2022;Orang Tua;Lulus;3.16;8;Rumah Orang Tua
MHS03164;Perempuan;23;Bali;Ekonomi dan Bisnis;Manajemen;2022;Orang Tua;Lulus;3.98;8;Kos
MHS03165;Perempuan;23;Jawa Timur;Psikologi;Psikologi;2023;Kerja Sendiri (part-time);Aktif;2.69;6;Rumah Orang Tua
MHS03166;Perempuan;21;Jawa Timur;Kedokteran Gigi;Kedokteran Gigi;2024;Orang Tua;Aktif;3.79;4;Rumah Orang Tua
MHS03167;Perempuan;23;Jawa Timur;Sains dan Teknologi;Kimia;2022;Beasiswa;Lulus;3.03;8;Rumah Orang Tua
MHS03168;Perempuan;20;Jawa Timur;Farmasi;Farmasi;2024;Orang Tua;Aktif;3.42;4;Rumah Orang Tua
MHS03169;Laki-laki;21;Jawa Timur;Kesehatan Masyarakat;Kesehatan Masyarakat;2024;Orang Tua;Aktif;2.94;4;Asrama
MHS03170;Laki-laki;23;Jawa Tengah;Perikanan dan Kelautan;Teknologi Hasil Perikanan;2024;Orang Tua;Aktif;3.6;4;Kos
MHS03171;Perempuan;20;Jawa Timur;Ekonomi dan Bisnis;Ekonomi Islam;2025;Orang Tua;Aktif;3.65;2;Menumpang Saudara
MHS03172;Perempuan;20;Jawa Timur;Kedokteran Gigi;Kedokteran Gigi;2025;Orang Tua;Aktif;2.88;2;Kos
MHS03173;Perempuan;24;Jawa Barat;Ilmu Budaya;Bahasa dan Sastra Inggris;2021;Beasiswa;Lulus;3.22;9;Menumpang Saudara
MHS03174;Perempuan;20;Jawa Timur;Ekonomi dan Bisnis;Akuntansi;2025;Orang Tua;Aktif;2.84;2;Rumah Orang Tua
MHS03175;Laki-laki;23;Jawa Timur;Perikanan dan Kelautan;Akuakultur;2024;Orang Tua;Aktif;3.12;4;Rumah Orang Tua
MHS03176;Laki-laki;19;Sulawesi Selatan;Sains dan Teknologi;Fisika;2025;Kerja Sendiri (part-time);Non-Aktif/DO;1.61;2;Menumpang Saudara
MHS03177;Perempuan;21;Jawa Tengah;Teknologi Maju dan Multidisiplin;Rekayasa Nanoteknologi;2024;Orang Tua;Aktif;3.68;4;Kos
MHS03178;Laki-laki;19;Jawa Timur;Kesehatan Masyarakat;Gizi;2025;Orang Tua;Cuti;2.38;2;Menumpang Saudara
MHS03179;Perempuan;26;Jawa Timur;Sains dan Teknologi;Teknik Biomedis;2022;Beasiswa;Lulus;3.82;8;Rumah Orang Tua
MHS03180;Perempuan;21;Jawa Tengah;Ilmu Sosial dan Ilmu Politik;Ilmu Politik;2023;Orang Tua;Aktif;3.37;6;Asrama
MHS03181;Laki-laki;22;Jawa Timur;FIKKIA Banyuwangi;Akuakultur (FIKKIA Banyuwangi);2022;Kerja Sendiri (part-time);Non-Aktif/DO;1.89;2;Kos
MHS03182;Laki-laki;21;Jawa Timur;Kesehatan Masyarakat;Kesehatan Masyarakat;2023;Pinjaman/Kredit Pendidikan;Aktif;3.23;6;Menumpang Saudara
MHS03183;Perempuan;19;Jawa Timur;Ilmu Budaya;Bahasa dan Sastra Inggris;2025;Beasiswa;Aktif;2.41;2;Rumah Orang Tua
MHS03184;Perempuan;21;Jawa Timur;Perikanan dan Kelautan;Teknologi Hasil Perikanan;2024;Beasiswa;Cuti;3.44;4;Rumah Orang Tua
MHS03185;Perempuan;21;Kalimantan Barat;Keperawatan;Keperawatan;2024;Orang Tua;Aktif;3.43;4;Kos
MHS03186;Perempuan;22;Nusa Tenggara Timur;Ekonomi dan Bisnis;Ekonomi Islam;2022;Beasiswa;Lulus;3.97;8;Kos
MHS03187;Perempuan;22;Kalimantan Selatan;Ilmu Budaya;Bahasa dan Sastra Inggris;2022;Orang Tua;Lulus;3.94;8;Asrama
MHS03188;Perempuan;24;Jawa Barat;Ilmu Sosial dan Ilmu Politik;Ilmu Politik;2020;Orang Tua;Lulus;3.41;9;Asrama
MHS03189;Perempuan;20;Sumatera Utara;Kedokteran;Kebidanan;2024;Beasiswa;Aktif;2.81;4;Kos
MHS03190;Perempuan;23;Maluku Utara;Sains dan Teknologi;Teknik Lingkungan;2022;Kerja Sendiri (part-time);Aktif;2.91;8;Asrama
MHS03191;Perempuan;21;Nusa Tenggara Timur;Ilmu Budaya;Bahasa dan Sastra Inggris;2023;Beasiswa;Aktif;3.07;6;Asrama
MHS03192;Perempuan;23;Jawa Timur;Sains dan Teknologi;Teknik Lingkungan;2022;Beasiswa;Lulus;3.94;8;Kos
MHS03193;Laki-laki;22;Jawa Timur;Ekonomi dan Bisnis;Ilmu Ekonomi;2022;Orang Tua;Aktif;3.07;8;Kos
MHS03194;Laki-laki;23;Nusa Tenggara Timur;Perikanan dan Kelautan;Akuakultur;2022;Orang Tua;Non-Aktif/DO;2.21;2;Asrama
MHS03195;Perempuan;23;Sulawesi Tenggara;Psikologi;Psikologi;2022;Beasiswa;Aktif;3.11;8;Kos
MHS03196;Perempuan;22;Jawa Timur;Ilmu Sosial dan Ilmu Politik;Antropologi;2023;Orang Tua;Aktif;3.96;6;Rumah Orang Tua
MHS03197;Perempuan;20;Jawa Tengah;Kesehatan Masyarakat;Gizi;2025;Orang Tua;Aktif;3.18;2;Kos
MHS03198;Laki-laki;22;Jawa Timur;Sains dan Teknologi;Teknik Lingkungan;2023;Beasiswa;Aktif;3.13;6;Kos
MHS03199;Laki-laki;21;Jawa Tengah;Kedokteran;Kedokteran;2024;Orang Tua;Aktif;2.76;4;Kos
MHS03200;Perempuan;23;Jawa Timur;Psikologi;Psikologi;2022;Orang Tua;Lulus;3.53;8;Kos
MHS03201;Perempuan;20;Jawa Timur;Farmasi;Farmasi;2025;Orang Tua;Aktif;3.32;2;Kos
MHS03202;Perempuan;23;Sumatera Selatan;Ilmu Budaya;Bahasa dan Sastra Inggris;2022;Orang Tua;Lulus;3.59;8;Kos
MHS03203;Perempuan;22;Jawa Tengah;FIKKIA Banyuwangi;Kedokteran (FIKKIA Banyuwangi);2023;Orang Tua;Aktif;3.29;6;Asrama
MHS03204;Perempuan;20;DKI Jakarta;Ilmu Sosial dan Ilmu Politik;Ilmu Politik;2024;Orang Tua;Aktif;3.59;4;Kos
MHS03205;Perempuan;21;Jawa Timur;Ilmu Sosial dan Ilmu Politik;Antropologi;2024;Beasiswa;Cuti;2.71;4;Rumah Orang Tua
MHS03206;Perempuan;22;Jambi;Ilmu Sosial dan Ilmu Politik;Ilmu Komunikasi;2022;Beasiswa;Lulus;2.96;8;Kos
MHS03207;Perempuan;21;Jawa Timur;Ilmu Sosial dan Ilmu Politik;Sosiologi;2023;Orang Tua;Aktif;3.58;6;Rumah Orang Tua
MHS03208;Perempuan;20;Jawa Timur;FIKKIA Banyuwangi;Kesehatan Masyarakat (FIKKIA Banyuwangi);2024;Orang Tua;Aktif;3.26;4;Rumah Orang Tua
MHS03209;Perempuan;21;Jawa Timur;Kesehatan Masyarakat;Kesehatan Masyarakat;2023;Kerja Sendiri (part-time);Aktif;2.84;6;Rumah Orang Tua
MHS03210;Laki-laki;20;Jawa Timur;Ilmu Budaya;Bahasa dan Sastra Jepang;2024;Orang Tua;Aktif;2.7;4;Kos
MHS03211;Perempuan;20;DKI Jakarta;Perikanan dan Kelautan;Akuakultur;2024;Kerja Sendiri (part-time);Aktif;2.69;4;Asrama
MHS03212;Laki-laki;22;Papua Tengah;Ilmu Budaya;Bahasa dan Sastra Indonesia;2023;Orang Tua;Aktif;2.89;6;Asrama
MHS03213;Perempuan;21;Jawa Timur;Kesehatan Masyarakat;Kesehatan Masyarakat;2024;Orang Tua;Aktif;2.5;4;Rumah Orang Tua
MHS03214;Perempuan;21;Jawa Timur;Ekonomi dan Bisnis;Akuntansi;2024;Orang Tua;Aktif;3.09;4;Rumah Orang Tua
MHS03215;Laki-laki;20;Jawa Timur;Ilmu Sosial dan Ilmu Politik;Sosiologi;2024;Orang Tua;Aktif;3.14;4;Rumah Orang Tua
MHS03216;Perempuan;23;Nusa Tenggara Barat;Ilmu Budaya;Bahasa dan Sastra Indonesia;2021;Kerja Sendiri (part-time);Lulus;2.88;10;Asrama
MHS03217;Perempuan;20;Jawa Timur;Keperawatan;Keperawatan;2025;Orang Tua;Aktif;2.83;2;Kos
MHS03218;Perempuan;20;DKI Jakarta;Kedokteran;Kebidanan;2024;Orang Tua;Aktif;2.8;4;Kos
MHS03219;Laki-laki;20;Jawa Timur;Ilmu Sosial dan Ilmu Politik;Ilmu Hubungan Internasional;2025;Orang Tua;Aktif;3.18;2;Rumah Orang Tua
MHS03220;Perempuan;20;Nusa Tenggara Barat;Ilmu Budaya;Ilmu Sejarah;2025;Orang Tua;Aktif;3.24;2;Asrama
MHS03221;Perempuan;20;Jawa Tengah;Ilmu Sosial dan Ilmu Politik;Ilmu Politik;2024;Pinjaman/Kredit Pendidikan;Aktif;3.19;4;Kos
MHS03222;Perempuan;21;Jawa Timur;Teknologi Maju dan Multidisiplin;Teknik Industri;2024;Orang Tua;Aktif;3.32;4;Rumah Orang Tua
MHS03223;Perempuan;19;Jawa Timur;Ekonomi dan Bisnis;Ekonomi Islam;2025;Orang Tua;Aktif;2.43;2;Asrama
MHS03224;Perempuan;20;Jawa Tengah;Keperawatan;Keperawatan;2025;Orang Tua;Aktif;2.49;2;Kos
MHS03225;Perempuan;23;DKI Jakarta;Psikologi;Psikologi;2024;Beasiswa;Aktif;4.0;4;Menumpang Saudara
MHS03226;Laki-laki;22;Jawa Timur;Sains dan Teknologi;Fisika;2023;Orang Tua;Aktif;3.26;6;Rumah Orang Tua
MHS03227;Perempuan;20;Jawa Timur;Farmasi;Farmasi;2024;Orang Tua;Aktif;3.19;4;Kos
MHS03228;Perempuan;22;Bali;Psikologi;Psikologi;2023;Orang Tua;Aktif;2.98;6;Kos
MHS03229;Laki-laki;20;Jawa Timur;Perikanan dan Kelautan;Teknologi Hasil Perikanan;2025;Orang Tua;Non-Aktif/DO;2.28;2;Asrama
MHS03230;Perempuan;24;DI Yogyakarta;Ilmu Sosial dan Ilmu Politik;Administrasi Publik;2023;Orang Tua;Aktif;3.49;6;Asrama
MHS03231;Perempuan;19;Jawa Timur;Ekonomi dan Bisnis;Manajemen;2025;Orang Tua;Non-Aktif/DO;3.96;2;Rumah Orang Tua
MHS03232;Perempuan;19;Jawa Barat;Ekonomi dan Bisnis;Ilmu Ekonomi;2025;Orang Tua;Aktif;3.82;2;Rumah Orang Tua
MHS03233;Laki-laki;19;Kalimantan Utara;Ekonomi dan Bisnis;Manajemen;2025;Orang Tua;Aktif;3.74;2;Kos
MHS03234;Perempuan;21;Jawa Timur;Ilmu Sosial dan Ilmu Politik;Ilmu Komunikasi;2024;Orang Tua;Aktif;3.3;4;Rumah Orang Tua
MHS03235;Laki-laki;21;Kalimantan Utara;Teknologi Maju dan Multidisiplin;Teknik Robotika dan Kecerdasan Buatan;2024;Orang Tua;Aktif;3.09;4;Menumpang Saudara
MHS03236;Perempuan;20;Kalimantan Timur;Perikanan dan Kelautan;Akuakultur;2024;Orang Tua;Aktif;3.82;4;Menumpang Saudara
MHS03237;Laki-laki;22;Jawa Timur;Ilmu Sosial dan Ilmu Politik;Ilmu Politik;2023;Beasiswa;Aktif;3.62;6;Rumah Orang Tua
MHS03238;Laki-laki;20;Jawa Timur;Ilmu Sosial dan Ilmu Politik;Ilmu Politik;2025;Orang Tua;Aktif;3.73;2;Rumah Orang Tua
MHS03239;Perempuan;20;Sumatera Utara;Ilmu Sosial dan Ilmu Politik;Antropologi;2024;Orang Tua;Aktif;3.59;4;Kos
MHS03240;Laki-laki;23;Jawa Tengah;Ilmu Budaya;Bahasa dan Sastra Jepang;2025;Orang Tua;Aktif;3.27;2;Kos
MHS03241;Perempuan;20;Jawa Timur;Kedokteran Gigi;Kedokteran Gigi;2025;Orang Tua;Aktif;3.72;2;Kos
MHS03242;Perempuan;21;Jawa Timur;Ilmu Sosial dan Ilmu Politik;Administrasi Publik;2023;Kerja Sendiri (part-time);Aktif;3.41;6;Rumah Orang Tua
MHS03243;Perempuan;25;Jawa Timur;FIKKIA Banyuwangi;Kedokteran Hewan (FIKKIA Banyuwangi);2022;Orang Tua;Aktif;2.84;8;Rumah Orang Tua
MHS03244;Perempuan;22;Jawa Timur;Ilmu Sosial dan Ilmu Politik;Antropologi;2022;Orang Tua;Lulus;3.62;8;Rumah Orang Tua
MHS03245;Laki-laki;21;Jawa Timur;Ilmu Sosial dan Ilmu Politik;Ilmu Informasi dan Perpustakaan;2024;Kerja Sendiri (part-time);Aktif;3.94;4;Rumah Orang Tua
MHS03246;Perempuan;28;Jawa Timur;Sains dan Teknologi;Sistem Informasi;2019;Orang Tua;Lulus;2.67;10;Asrama
MHS03247;Perempuan;26;Jawa Barat;Farmasi;Farmasi;2020;Orang Tua;Lulus;3.22;9;Kos
MHS03248;Laki-laki;19;Jawa Tengah;Ilmu Sosial dan Ilmu Politik;Antropologi;2025;Beasiswa;Aktif;3.68;2;Rumah Orang Tua
MHS03249;Laki-laki;21;Jawa Timur;Ilmu Budaya;Ilmu Sejarah;2024;Orang Tua;Aktif;3.73;4;Rumah Orang Tua
MHS03250;Perempuan;23;Jawa Tengah;Hukum;Ilmu Hukum;2025;Orang Tua;Aktif;2.47;2;Asrama
MHS03251;Perempuan;22;Jawa Timur;FIKKIA Banyuwangi;Kedokteran (FIKKIA Banyuwangi);2025;Pinjaman/Kredit Pendidikan;Aktif;2.71;2;Rumah Orang Tua
MHS03252;Perempuan;21;Jawa Timur;Sains dan Teknologi;Teknik Biomedis;2023;Orang Tua;Cuti;3.78;6;Kos
MHS03253;Perempuan;19;Jawa Timur;Psikologi;Psikologi;2025;Beasiswa;Aktif;2.57;2;Asrama
MHS03254;Perempuan;20;Jawa Timur;Hukum;Ilmu Hukum;2025;Orang Tua;Aktif;3.17;2;Rumah Orang Tua
MHS03255;Perempuan;23;Jawa Timur;Sains dan Teknologi;Fisika;2022;Beasiswa;Lulus;3.52;8;Rumah Orang Tua
MHS03256;Laki-laki;23;Jawa Timur;Teknologi Maju dan Multidisiplin;Teknik Elektro;2022;Orang Tua;Lulus;3.63;8;Kos
MHS03257;Perempuan;22;Jawa Timur;Perikanan dan Kelautan;Akuakultur;2023;Beasiswa;Aktif;3.61;6;Rumah Orang Tua
MHS03258;Laki-laki;22;Jawa Timur;Sains dan Teknologi;Fisika;2023;Kerja Sendiri (part-time);Aktif;2.94;6;Rumah Orang Tua
MHS03259;Perempuan;23;Riau;FIKKIA Banyuwangi;Akuakultur (FIKKIA Banyuwangi);2022;Pinjaman/Kredit Pendidikan;Aktif;2.45;8;Kos
MHS03260;Perempuan;23;Papua Selatan;Ekonomi dan Bisnis;Ekonomi Islam;2022;Beasiswa;Lulus;3.5;8;Asrama
MHS03261;Laki-laki;20;Jawa Timur;Ilmu Sosial dan Ilmu Politik;Ilmu Hubungan Internasional;2025;Orang Tua;Aktif;3.84;2;Kos
MHS03262;Perempuan;21;Jawa Tengah;Kedokteran;Kedokteran;2024;Orang Tua;Aktif;3.96;4;Rumah Orang Tua
MHS03263;Perempuan;20;Jawa Timur;Ekonomi dan Bisnis;Akuntansi;2025;Beasiswa;Aktif;3.04;2;Rumah Orang Tua
MHS03264;Laki-laki;22;Jawa Timur;Kedokteran;Kedokteran;2022;Orang Tua;Lulus;3.46;8;Kos
MHS03265;Perempuan;23;Jawa Timur;Ilmu Budaya;Bahasa dan Sastra Jepang;2025;Orang Tua;Aktif;2.68;2;Kos
MHS03266;Laki-laki;22;Jawa Timur;Teknologi Maju dan Multidisiplin;Teknik Elektro;2023;Orang Tua;Aktif;2.58;6;Menumpang Saudara
MHS03267;Perempuan;20;Sulawesi Selatan;Sains dan Teknologi;Teknik Lingkungan;2024;Orang Tua;Aktif;3.74;4;Kos
MHS03268;Perempuan;20;Jawa Timur;Ilmu Budaya;Bahasa dan Sastra Jepang;2025;Orang Tua;Cuti;3.19;2;Asrama
MHS03269;Laki-laki;19;Jawa Timur;Teknologi Maju dan Multidisiplin;Teknik Elektro;2025;Orang Tua;Aktif;2.69;2;Kos
MHS03270;Laki-laki;21;Bali;FIKKIA Banyuwangi;Akuakultur (FIKKIA Banyuwangi);2024;Orang Tua;Aktif;3.7;4;Kos
MHS03271;Laki-laki;24;Jawa Tengah;Sains dan Teknologi;Kimia;2020;Orang Tua;Lulus;3.74;8;Rumah Orang Tua
MHS03272;Perempuan;23;Aceh;Kesehatan Masyarakat;Gizi;2025;Orang Tua;Aktif;3.61;2;Kos
MHS03273;Perempuan;20;Jawa Timur;Kedokteran;Kedokteran;2025;Orang Tua;Aktif;3.22;2;Kos
MHS03274;Laki-laki;24;Jawa Timur;Kedokteran Gigi;Kedokteran Gigi;2023;Orang Tua;Aktif;3.47;6;Rumah Orang Tua
MHS03275;Perempuan;22;Jawa Timur;Ekonomi dan Bisnis;Ekonomi Islam;2023;Beasiswa;Aktif;3.4;6;Rumah Orang Tua
MHS03276;Perempuan;23;Jawa Tengah;Ilmu Sosial dan Ilmu Politik;Administrasi Publik;2022;Kerja Sendiri (part-time);Cuti;2.89;8;Kos
MHS03277;Perempuan;23;Jawa Tengah;Hukum;Ilmu Hukum;2022;Orang Tua;Aktif;3.36;8;Kos
MHS03278;Perempuan;20;Jawa Timur;Sains dan Teknologi;Sistem Informasi;2025;Orang Tua;Aktif;3.17;2;Rumah Orang Tua
MHS03279;Laki-laki;21;Jawa Timur;Teknologi Maju dan Multidisiplin;Teknik Industri;2023;Kerja Sendiri (part-time);Aktif;3.36;6;Menumpang Saudara
MHS03280;Laki-laki;23;Jawa Timur;Teknologi Maju dan Multidisiplin;Teknik Industri;2023;Orang Tua;Aktif;3.18;6;Rumah Orang Tua
MHS03281;Laki-laki;22;Kalimantan Selatan;Ekonomi dan Bisnis;Ilmu Ekonomi;2023;Orang Tua;Aktif;2.36;6;Asrama
MHS03282;Laki-laki;23;Jawa Timur;Teknologi Maju dan Multidisiplin;Teknik Industri;2021;Orang Tua;Lulus;3.13;10;Rumah Orang Tua
MHS03283;Perempuan;21;Jawa Timur;FIKKIA Banyuwangi;Kedokteran (FIKKIA Banyuwangi);2023;Orang Tua;Aktif;3.1;6;Rumah Orang Tua
MHS03284;Perempuan;22;Sumatera Barat;Ilmu Budaya;Bahasa dan Sastra Indonesia;2022;Beasiswa;Lulus;3.87;8;Asrama
MHS03285;Perempuan;21;Sumatera Utara;FIKKIA Banyuwangi;Kesehatan Masyarakat (FIKKIA Banyuwangi);2024;Kerja Sendiri (part-time);Aktif;2.57;4;Kos
MHS03286;Laki-laki;20;Jawa Tengah;Sains dan Teknologi;Biologi;2024;Beasiswa;Aktif;3.06;4;Kos
MHS03287;Perempuan;19;Banten;Sains dan Teknologi;Statistika;2025;Orang Tua;Cuti;2.41;2;Kos
MHS03288;Laki-laki;22;Jawa Timur;Sains dan Teknologi;Teknik Biomedis;2022;Pinjaman/Kredit Pendidikan;Non-Aktif/DO;1.81;2;Menumpang Saudara
MHS03289;Perempuan;22;Banten;Kedokteran Gigi;Kedokteran Gigi;2022;Orang Tua;Aktif;3.45;8;Kos
MHS03290;Laki-laki;22;Jawa Timur;Ilmu Sosial dan Ilmu Politik;Administrasi Publik;2022;Orang Tua;Lulus;3.85;8;Kos
MHS03291;Perempuan;21;Jawa Timur;Farmasi;Farmasi;2024;Orang Tua;Aktif;3.28;4;Asrama
MHS03292;Perempuan;20;Jawa Timur;Ekonomi dan Bisnis;Ilmu Ekonomi;2024;Beasiswa;Aktif;4.0;4;Rumah Orang Tua
MHS03293;Perempuan;26;Sumatera Utara;Ekonomi dan Bisnis;Manajemen;2019;Beasiswa;Lulus;3.92;8;Kos
MHS03294;Perempuan;21;Kalimantan Barat;Ilmu Sosial dan Ilmu Politik;Ilmu Hubungan Internasional;2024;Orang Tua;Aktif;3.88;4;Asrama
MHS03295;Laki-laki;21;Jawa Timur;Sains dan Teknologi;Fisika;2023;Kerja Sendiri (part-time);Cuti;3.1;6;Rumah Orang Tua
MHS03296;Laki-laki;23;Jawa Timur;FIKKIA Banyuwangi;Akuakultur (FIKKIA Banyuwangi);2021;Pinjaman/Kredit Pendidikan;Lulus;3.38;9;Rumah Orang Tua
MHS03297;Laki-laki;21;Papua Tengah;Ilmu Sosial dan Ilmu Politik;Sosiologi;2024;Orang Tua;Aktif;3.06;4;Kos
MHS03298;Perempuan;19;Kalimantan Selatan;Kedokteran Gigi;Kedokteran Gigi;2025;Orang Tua;Aktif;3.64;2;Asrama
MHS03299;Laki-laki;22;Jawa Timur;Kesehatan Masyarakat;Kesehatan Masyarakat;2023;Beasiswa;Aktif;3.16;6;Rumah Orang Tua
MHS03300;Perempuan;20;Jawa Timur;Sains dan Teknologi;Statistika;2025;Orang Tua;Aktif;3.5;2;Asrama
MHS03301;Laki-laki;23;Jawa Timur;Teknologi Maju dan Multidisiplin;Teknik Robotika dan Kecerdasan Buatan;2021;Orang Tua;Lulus;3.36;8;Rumah Orang Tua
MHS03302;Laki-laki;19;Jawa Timur;Ilmu Budaya;Ilmu Sejarah;2025;Orang Tua;Aktif;3.35;2;Kos
MHS03303;Perempuan;21;Jawa Timur;Ilmu Budaya;Ilmu Sejarah;2024;Orang Tua;Aktif;3.76;4;Kos
MHS03304;Perempuan;20;Jawa Timur;Ekonomi dan Bisnis;Manajemen;2024;Beasiswa;Aktif;2.74;4;Rumah Orang Tua
MHS03305;Perempuan;20;Jawa Timur;Psikologi;Psikologi;2024;Orang Tua;Aktif;3.01;4;Kos
MHS03306;Perempuan;24;Jawa Timur;Sains dan Teknologi;Matematika;2021;Orang Tua;Lulus;3.15;10;Rumah Orang Tua
MHS03307;Perempuan;22;Jawa Timur;Farmasi;Farmasi;2023;Orang Tua;Aktif;3.35;6;Rumah Orang Tua
MHS03308;Perempuan;24;Jawa Timur;Ekonomi dan Bisnis;Manajemen;2020;Orang Tua;Lulus;3.46;9;Kos
MHS03309;Laki-laki;20;Jawa Timur;Perikanan dan Kelautan;Teknologi Hasil Perikanan;2025;Orang Tua;Aktif;2.72;2;Rumah Orang Tua
MHS03310;Perempuan;20;Maluku;Sains dan Teknologi;Teknik Biomedis;2024;Orang Tua;Cuti;2.61;4;Asrama
MHS03311;Laki-laki;21;Jawa Timur;Sains dan Teknologi;Statistika;2024;Beasiswa;Aktif;2.96;4;Rumah Orang Tua
MHS03312;Laki-laki;20;Jawa Timur;Perikanan dan Kelautan;Teknologi Hasil Perikanan;2024;Orang Tua;Aktif;2.7;4;Rumah Orang Tua
MHS03313;Perempuan;26;Riau;Ilmu Budaya;Bahasa dan Sastra Indonesia;2019;Orang Tua;Lulus;3.71;8;Kos
MHS03314;Laki-laki;21;Jawa Timur;Ilmu Sosial dan Ilmu Politik;Ilmu Hubungan Internasional;2023;Beasiswa;Aktif;3.81;6;Kos
MHS03315;Perempuan;22;Jawa Timur;Teknologi Maju dan Multidisiplin;Rekayasa Nanoteknologi;2023;Beasiswa;Aktif;3.25;6;Asrama
MHS03316;Perempuan;23;Sumatera Selatan;Kesehatan Masyarakat;Kesehatan Masyarakat;2022;Orang Tua;Lulus;3.46;8;Kos
MHS03317;Perempuan;22;Kalimantan Timur;Kesehatan Masyarakat;Gizi;2023;Beasiswa;Aktif;3.73;6;Menumpang Saudara
MHS03318;Laki-laki;21;Jawa Timur;Ilmu Budaya;Bahasa dan Sastra Inggris;2024;Orang Tua;Aktif;2.83;4;Rumah Orang Tua
MHS03319;Perempuan;22;Sulawesi Selatan;Kedokteran Gigi;Kedokteran Gigi;2022;Orang Tua;Lulus;3.78;8;Kos
MHS03320;Perempuan;21;Jawa Timur;Farmasi;Farmasi;2024;Orang Tua;Aktif;2.99;4;Rumah Orang Tua
MHS03321;Laki-laki;23;Sumatera Selatan;Ekonomi dan Bisnis;Ekonomi Islam;2021;Orang Tua;Lulus;3.57;8;Kos
MHS03322;Laki-laki;23;Sumatera Barat;Perikanan dan Kelautan;Teknologi Hasil Perikanan;2022;Kerja Sendiri (part-time);Lulus;3.02;8;Asrama
MHS03323;Perempuan;22;Jawa Timur;Kesehatan Masyarakat;Gizi;2022;Orang Tua;Non-Aktif/DO;2.32;2;Kos
MHS03324;Laki-laki;24;Jawa Timur;Ekonomi dan Bisnis;Manajemen;2021;Beasiswa;Non-Aktif/DO;1.81;2;Menumpang Saudara
MHS03325;Perempuan;23;Jawa Timur;Sains dan Teknologi;Statistika;2022;Orang Tua;Aktif;3.31;8;Kos
MHS03326;Perempuan;24;Jawa Timur;Ilmu Budaya;Bahasa dan Sastra Inggris;2022;Beasiswa;Lulus;3.53;8;Kos
MHS03327;Perempuan;20;Jawa Timur;Ekonomi dan Bisnis;Ilmu Ekonomi;2024;Kerja Sendiri (part-time);Aktif;3.31;4;Rumah Orang Tua
MHS03328;Perempuan;21;Jawa Timur;Ilmu Sosial dan Ilmu Politik;Antropologi;2024;Kerja Sendiri (part-time);Aktif;3.47;4;Kos
MHS03329;Laki-laki;21;Jawa Timur;Perikanan dan Kelautan;Teknologi Hasil Perikanan;2023;Orang Tua;Non-Aktif/DO;2.14;2;Rumah Orang Tua
MHS03330;Laki-laki;21;Jawa Timur;Perikanan dan Kelautan;Akuakultur;2023;Kerja Sendiri (part-time);Aktif;2.95;6;Rumah Orang Tua
MHS03331;Perempuan;20;Nusa Tenggara Timur;Kedokteran;Kebidanan;2025;Beasiswa;Cuti;3.66;2;Asrama
MHS03332;Perempuan;23;Jawa Timur;Ekonomi dan Bisnis;Ilmu Ekonomi;2022;Orang Tua;Aktif;3.71;8;Rumah Orang Tua
MHS03333;Perempuan;22;Jawa Timur;Psikologi;Psikologi;2023;Orang Tua;Aktif;3.91;6;Kos
MHS03334;Perempuan;20;Jawa Timur;Ilmu Sosial dan Ilmu Politik;Ilmu Komunikasi;2024;Beasiswa;Aktif;2.7;4;Kos
MHS03335;Laki-laki;24;Jawa Timur;Kedokteran Hewan;Kedokteran Hewan;2021;Orang Tua;Lulus;3.38;10;Asrama
MHS03336;Laki-laki;22;Jawa Barat;Ilmu Sosial dan Ilmu Politik;Ilmu Hubungan Internasional;2023;Orang Tua;Aktif;3.95;6;Asrama
MHS03337;Perempuan;22;Jawa Timur;Teknologi Maju dan Multidisiplin;Rekayasa Nanoteknologi;2022;Beasiswa;Aktif;3.16;8;Asrama
MHS03338;Laki-laki;22;Jawa Timur;Sains dan Teknologi;Teknik Biomedis;2022;Orang Tua;Lulus;3.73;8;Rumah Orang Tua
MHS03339;Perempuan;23;Jawa Tengah;Ilmu Sosial dan Ilmu Politik;Ilmu Komunikasi;2023;Beasiswa;Aktif;3.58;6;Asrama
MHS03340;Perempuan;24;Jawa Tengah;Sains dan Teknologi;Teknik Lingkungan;2021;Kerja Sendiri (part-time);Lulus;3.35;10;Rumah Orang Tua
MHS03341;Perempuan;23;Jawa Timur;Ekonomi dan Bisnis;Manajemen;2022;Orang Tua;Lulus;3.4;8;Kos
MHS03342;Laki-laki;21;Jawa Timur;FIKKIA Banyuwangi;Akuakultur (FIKKIA Banyuwangi);2023;Orang Tua;Aktif;3.25;6;Rumah Orang Tua
MHS03343;Laki-laki;20;Jawa Timur;Ekonomi dan Bisnis;Ilmu Ekonomi;2024;Beasiswa;Aktif;2.56;4;Menumpang Saudara
MHS03344;Perempuan;23;Jawa Timur;Kesehatan Masyarakat;Gizi;2021;Beasiswa;Lulus;3.19;10;Rumah Orang Tua
MHS03345;Laki-laki;21;DI Yogyakarta;Sains dan Teknologi;Sistem Informasi;2024;Pinjaman/Kredit Pendidikan;Aktif;3.8;4;Rumah Orang Tua
MHS03346;Perempuan;22;Jawa Tengah;Hukum;Ilmu Hukum;2022;Kerja Sendiri (part-time);Non-Aktif/DO;2.94;4;Kos
MHS03347;Perempuan;20;Jawa Timur;Ilmu Sosial dan Ilmu Politik;Antropologi;2025;Orang Tua;Aktif;3.02;2;Asrama
MHS03348;Perempuan;20;Jawa Timur;Ekonomi dan Bisnis;Akuntansi;2024;Pinjaman/Kredit Pendidikan;Aktif;3.45;4;Rumah Orang Tua
MHS03349;Perempuan;21;Kalimantan Selatan;Kedokteran Gigi;Kedokteran Gigi;2023;Orang Tua;Aktif;3.4;6;Asrama
MHS03350;Perempuan;21;Jawa Timur;Ilmu Sosial dan Ilmu Politik;Ilmu Politik;2024;Orang Tua;Aktif;3.12;4;Rumah Orang Tua
MHS03351;Laki-laki;23;Sumatera Selatan;Kedokteran;Kedokteran;2023;Beasiswa;Aktif;3.36;6;Kos
MHS03352;Perempuan;22;Jawa Timur;Kedokteran Gigi;Kedokteran Gigi;2022;Orang Tua;Aktif;2.69;8;Menumpang Saudara
MHS03353;Perempuan;20;Jawa Timur;Kesehatan Masyarakat;Gizi;2025;Beasiswa;Aktif;3.09;2;Kos
MHS03354;Perempuan;19;Banten;Kedokteran Hewan;Kedokteran Hewan;2025;Orang Tua;Cuti;2.37;2;Menumpang Saudara
MHS03355;Perempuan;22;Lampung;Keperawatan;Keperawatan;2023;Orang Tua;Aktif;3.4;6;Kos
MHS03356;Laki-laki;19;Jawa Tengah;Ilmu Sosial dan Ilmu Politik;Antropologi;2025;Orang Tua;Aktif;2.84;2;Kos
MHS03357;Laki-laki;20;Sulawesi Selatan;Kedokteran;Kedokteran;2025;Orang Tua;Aktif;3.58;2;Kos
MHS03358;Laki-laki;23;Jawa Timur;Sains dan Teknologi;Matematika;2021;Orang Tua;Lulus;3.26;8;Kos
MHS03359;Laki-laki;24;Jawa Timur;Ilmu Sosial dan Ilmu Politik;Ilmu Politik;2023;Orang Tua;Aktif;3.73;6;Rumah Orang Tua
MHS03360;Laki-laki;22;Jawa Timur;Sains dan Teknologi;Sistem Informasi;2023;Kerja Sendiri (part-time);Aktif;3.88;6;Rumah Orang Tua
MHS03361;Perempuan;22;Jawa Timur;Perikanan dan Kelautan;Akuakultur;2023;Kerja Sendiri (part-time);Aktif;2.38;6;Kos
MHS03362;Laki-laki;22;Jawa Timur;Ilmu Sosial dan Ilmu Politik;Ilmu Komunikasi;2023;Orang Tua;Aktif;3.03;6;Rumah Orang Tua
MHS03363;Perempuan;19;Sumatera Barat;Teknologi Maju dan Multidisiplin;Teknologi Sains Data;2025;Orang Tua;Aktif;3.12;2;Kos
MHS03364;Perempuan;19;Bengkulu;Sains dan Teknologi;Biologi;2025;Orang Tua;Aktif;3.59;2;Menumpang Saudara
MHS03365;Laki-laki;21;Jawa Timur;Ilmu Budaya;Bahasa dan Sastra Jepang;2025;Orang Tua;Aktif;3.24;2;Rumah Orang Tua
MHS03366;Perempuan;25;Jawa Timur;Ekonomi dan Bisnis;Manajemen;2020;Orang Tua;Lulus;3.62;9;Rumah Orang Tua
MHS03367;Laki-laki;21;Jawa Timur;Ilmu Budaya;Ilmu Sejarah;2023;Orang Tua;Aktif;3.61;6;Rumah Orang Tua
MHS03368;Perempuan;21;Aceh;Ilmu Budaya;Ilmu Sejarah;2023;Beasiswa;Non-Aktif/DO;2.83;4;Asrama
MHS03369;Laki-laki;21;Sulawesi Tenggara;Sains dan Teknologi;Sistem Informasi;2024;Beasiswa;Aktif;2.69;4;Kos
MHS03370;Perempuan;26;Jawa Barat;FIKKIA Banyuwangi;Kesehatan Masyarakat (FIKKIA Banyuwangi);2019;Beasiswa;Lulus;3.65;8;Kos
MHS03371;Perempuan;20;Jawa Timur;Perikanan dan Kelautan;Akuakultur;2024;Orang Tua;Aktif;3.63;4;Rumah Orang Tua
MHS03372;Perempuan;19;Jawa Timur;Kesehatan Masyarakat;Gizi;2025;Orang Tua;Aktif;3.73;2;Rumah Orang Tua
MHS03373;Perempuan;26;Jawa Timur;Ilmu Budaya;Ilmu Sejarah;2019;Orang Tua;Lulus;3.47;10;Asrama
MHS03374;Perempuan;20;Jawa Timur;Kedokteran Gigi;Kedokteran Gigi;2025;Beasiswa;Cuti;1.87;2;Kos
MHS03375;Perempuan;21;Sulawesi Selatan;Ilmu Budaya;Bahasa dan Sastra Jepang;2024;Pinjaman/Kredit Pendidikan;Non-Aktif/DO;2.07;2;Kos
MHS03376;Perempuan;22;Jawa Timur;Perikanan dan Kelautan;Akuakultur;2023;Orang Tua;Aktif;3.07;6;Rumah Orang Tua
MHS03377;Laki-laki;24;Jawa Timur;FIKKIA Banyuwangi;Kedokteran (FIKKIA Banyuwangi);2020;Orang Tua;Lulus;3.17;9;Kos
MHS03378;Perempuan;20;Jawa Timur;FIKKIA Banyuwangi;Akuakultur (FIKKIA Banyuwangi);2024;Orang Tua;Aktif;3.72;4;Rumah Orang Tua
MHS03379;Laki-laki;22;Jawa Timur;Sains dan Teknologi;Fisika;2023;Kerja Sendiri (part-time);Aktif;3.38;6;Rumah Orang Tua
MHS03380;Laki-laki;20;Jawa Timur;FIKKIA Banyuwangi;Kedokteran Hewan (FIKKIA Banyuwangi);2024;Orang Tua;Aktif;2.84;4;Asrama
MHS03381;Laki-laki;22;Jawa Timur;Sains dan Teknologi;Sistem Informasi;2022;Kerja Sendiri (part-time);Cuti;2.99;8;Rumah Orang Tua
MHS03382;Perempuan;21;Jawa Timur;FIKKIA Banyuwangi;Kedokteran Hewan (FIKKIA Banyuwangi);2024;Beasiswa;Aktif;2.68;4;Rumah Orang Tua
MHS03383;Perempuan;21;Jawa Timur;Ilmu Sosial dan Ilmu Politik;Ilmu Komunikasi;2024;Orang Tua;Aktif;3.17;4;Rumah Orang Tua
MHS03384;Perempuan;20;Jawa Timur;Sains dan Teknologi;Biologi;2024;Orang Tua;Aktif;3.81;4;Rumah Orang Tua
MHS03385;Perempuan;19;Jawa Timur;FIKKIA Banyuwangi;Kedokteran Hewan (FIKKIA Banyuwangi);2025;Orang Tua;Aktif;3.64;2;Kos
MHS03386;Perempuan;20;Sulawesi Selatan;Ekonomi dan Bisnis;Manajemen;2025;Orang Tua;Aktif;2.29;2;Menumpang Saudara
MHS03387;Perempuan;21;Kalimantan Timur;Keperawatan;Keperawatan;2023;Orang Tua;Aktif;3.13;6;Kos
MHS03388;Perempuan;20;Jawa Timur;Kedokteran Gigi;Kedokteran Gigi;2024;Beasiswa;Aktif;3.35;4;Kos
MHS03389;Laki-laki;25;Banten;Ekonomi dan Bisnis;Ekonomi Islam;2020;Kerja Sendiri (part-time);Lulus;3.73;9;Kos
MHS03390;Laki-laki;22;Jawa Timur;Ilmu Budaya;Ilmu Sejarah;2024;Orang Tua;Aktif;3.14;4;Rumah Orang Tua
MHS03391;Perempuan;23;Jawa Timur;Perikanan dan Kelautan;Teknologi Hasil Perikanan;2024;Orang Tua;Aktif;3.38;4;Rumah Orang Tua
MHS03392;Perempuan;24;Jawa Timur;Ilmu Budaya;Bahasa dan Sastra Jepang;2022;Beasiswa;Aktif;3.46;8;Rumah Orang Tua
MHS03393;Laki-laki;19;Jawa Timur;Sains dan Teknologi;Teknik Lingkungan;2025;Beasiswa;Aktif;3.95;2;Rumah Orang Tua
MHS03394;Perempuan;25;Jawa Timur;FIKKIA Banyuwangi;Akuakultur (FIKKIA Banyuwangi);2019;Orang Tua;Lulus;3.35;8;Rumah Orang Tua
MHS03395;Laki-laki;22;Sumatera Selatan;Ilmu Budaya;Ilmu Sejarah;2023;Orang Tua;Aktif;2.53;6;Asrama
MHS03396;Laki-laki;24;Nusa Tenggara Barat;FIKKIA Banyuwangi;Akuakultur (FIKKIA Banyuwangi);2021;Orang Tua;Aktif;2.9;10;Asrama
MHS03397;Perempuan;19;Sulawesi Tenggara;Ekonomi dan Bisnis;Ekonomi Islam;2025;Orang Tua;Aktif;2.0;2;Kos
MHS03398;Perempuan;20;Sulawesi Tengah;Keperawatan;Keperawatan;2024;Orang Tua;Aktif;4.0;4;Kos
MHS03399;Laki-laki;23;Jawa Timur;Teknologi Maju dan Multidisiplin;Teknologi Sains Data;2022;Orang Tua;Aktif;3.55;8;Menumpang Saudara
MHS03400;Laki-laki;23;Sumatera Utara;Sains dan Teknologi;Teknik Lingkungan;2022;Kerja Sendiri (part-time);Aktif;3.59;8;Asrama
MHS03401;Laki-laki;23;Jawa Tengah;Teknologi Maju dan Multidisiplin;Teknik Industri;2022;Orang Tua;Lulus;3.37;8;Kos
MHS03402;Perempuan;21;Jawa Timur;Sains dan Teknologi;Biologi;2024;Beasiswa;Aktif;3.21;4;Asrama
MHS03403;Laki-laki;22;Jawa Timur;Sains dan Teknologi;Teknik Biomedis;2023;Orang Tua;Aktif;2.88;6;Rumah Orang Tua
MHS03404;Perempuan;21;Jawa Timur;Kesehatan Masyarakat;Kesehatan Masyarakat;2025;Kerja Sendiri (part-time);Aktif;2.67;2;Asrama
MHS03405;Perempuan;25;Jawa Timur;Ilmu Budaya;Bahasa dan Sastra Jepang;2021;Beasiswa;Lulus;3.13;9;Asrama
MHS03406;Laki-laki;22;Bali;Teknologi Maju dan Multidisiplin;Teknologi Sains Data;2022;Orang Tua;Aktif;3.31;8;Kos
MHS03407;Perempuan;22;Jawa Tengah;Ilmu Budaya;Bahasa dan Sastra Indonesia;2022;Orang Tua;Lulus;3.2;8;Kos
MHS03408;Perempuan;19;Jawa Timur;Keperawatan;Keperawatan;2025;Kerja Sendiri (part-time);Aktif;2.46;2;Kos
MHS03409;Perempuan;27;Jawa Tengah;Kedokteran Gigi;Kedokteran Gigi;2021;Beasiswa;Aktif;3.52;10;Kos
MHS03410;Laki-laki;21;Jawa Timur;Ekonomi dan Bisnis;Akuntansi;2023;Orang Tua;Aktif;3.4;6;Rumah Orang Tua
MHS03411;Laki-laki;24;Jawa Timur;FIKKIA Banyuwangi;Akuakultur (FIKKIA Banyuwangi);2020;Beasiswa;Lulus;2.58;9;Rumah Orang Tua
MHS03412;Laki-laki;20;Jawa Timur;Ekonomi dan Bisnis;Akuntansi;2025;Orang Tua;Aktif;2.84;2;Kos
MHS03413;Perempuan;22;Jawa Timur;Ekonomi dan Bisnis;Akuntansi;2025;Orang Tua;Aktif;2.85;2;Rumah Orang Tua
MHS03414;Perempuan;22;Riau;Ilmu Sosial dan Ilmu Politik;Ilmu Politik;2022;Orang Tua;Lulus;3.39;8;Asrama
MHS03415;Perempuan;20;Sulawesi Tengah;Kesehatan Masyarakat;Kesehatan Masyarakat;2024;Kerja Sendiri (part-time);Aktif;2.83;4;Kos
MHS03416;Perempuan;20;Jawa Timur;Perikanan dan Kelautan;Teknologi Hasil Perikanan;2024;Orang Tua;Aktif;3.94;4;Rumah Orang Tua
MHS03417;Perempuan;21;Jawa Timur;Ekonomi dan Bisnis;Akuntansi;2023;Kerja Sendiri (part-time);Aktif;2.61;6;Rumah Orang Tua
MHS03418;Perempuan;23;Jawa Timur;Ekonomi dan Bisnis;Ilmu Ekonomi;2024;Beasiswa;Aktif;3.13;4;Rumah Orang Tua
MHS03419;Perempuan;20;Jawa Timur;Kedokteran;Kebidanan;2024;Orang Tua;Aktif;3.16;4;Kos
MHS03420;Perempuan;23;Banten;Sains dan Teknologi;Statistika;2022;Orang Tua;Lulus;2.64;8;Kos
MHS03421;Laki-laki;21;Jawa Timur;Sains dan Teknologi;Fisika;2023;Orang Tua;Aktif;3.58;6;Rumah Orang Tua
MHS03422;Laki-laki;22;Maluku;FIKKIA Banyuwangi;Kesehatan Masyarakat (FIKKIA Banyuwangi);2022;Orang Tua;Lulus;3.17;8;Asrama
MHS03423;Laki-laki;28;Jawa Tengah;Ilmu Budaya;Ilmu Sejarah;2020;Orang Tua;Lulus;3.22;9;Asrama
MHS03424;Perempuan;23;Sulawesi Selatan;Kedokteran Hewan;Kedokteran Hewan;2021;Orang Tua;Lulus;3.53;9;Asrama
MHS03425;Laki-laki;20;Kalimantan Tengah;Ilmu Budaya;Bahasa dan Sastra Indonesia;2025;Orang Tua;Aktif;3.81;2;Kos
MHS03426;Laki-laki;19;Jawa Barat;Teknologi Maju dan Multidisiplin;Teknik Elektro;2025;Orang Tua;Aktif;3.26;2;Kos
MHS03427;Laki-laki;21;Jawa Timur;Sains dan Teknologi;Teknik Lingkungan;2023;Orang Tua;Non-Aktif/DO;2.49;2;Rumah Orang Tua
MHS03428;Laki-laki;23;Jawa Tengah;Ilmu Sosial dan Ilmu Politik;Ilmu Hubungan Internasional;2024;Beasiswa;Aktif;4.0;4;Asrama
MHS03429;Laki-laki;22;Jawa Timur;Ilmu Sosial dan Ilmu Politik;Administrasi Publik;2022;Kerja Sendiri (part-time);Aktif;2.62;8;Rumah Orang Tua
MHS03430;Perempuan;22;Jawa Timur;Kedokteran Gigi;Kedokteran Gigi;2022;Orang Tua;Lulus;3.57;8;Asrama
MHS03431;Laki-laki;21;Jawa Timur;Kedokteran Hewan;Kedokteran Hewan;2024;Kerja Sendiri (part-time);Aktif;2.87;4;Rumah Orang Tua
MHS03432;Laki-laki;20;Jawa Timur;Ilmu Budaya;Bahasa dan Sastra Inggris;2024;Orang Tua;Aktif;3.2;4;Rumah Orang Tua
MHS03433;Perempuan;21;Jawa Timur;Farmasi;Farmasi;2023;Beasiswa;Aktif;3.67;6;Kos
MHS03434;Perempuan;20;Jawa Timur;Psikologi;Psikologi;2024;Beasiswa;Cuti;2.15;4;Asrama
MHS03435;Perempuan;20;Sulawesi Selatan;Perikanan dan Kelautan;Teknologi Hasil Perikanan;2024;Orang Tua;Aktif;3.65;4;Kos
MHS03436;Laki-laki;22;Jawa Timur;Ekonomi dan Bisnis;Manajemen;2025;Kerja Sendiri (part-time);Aktif;2.87;2;Rumah Orang Tua
MHS03437;Perempuan;23;Jawa Timur;Hukum;Ilmu Hukum;2021;Beasiswa;Lulus;3.08;9;Rumah Orang Tua
MHS03438;Laki-laki;22;Jawa Timur;FIKKIA Banyuwangi;Kedokteran Hewan (FIKKIA Banyuwangi);2022;Orang Tua;Lulus;2.68;8;Rumah Orang Tua
MHS03439;Laki-laki;24;DI Yogyakarta;Sains dan Teknologi;Teknik Lingkungan;2023;Beasiswa;Aktif;3.54;6;Kos
MHS03440;Perempuan;21;Sulawesi Utara;FIKKIA Banyuwangi;Kedokteran Hewan (FIKKIA Banyuwangi);2023;Orang Tua;Aktif;2.76;6;Kos
MHS03441;Perempuan;21;Jawa Timur;Kesehatan Masyarakat;Gizi;2024;Orang Tua;Aktif;3.01;4;Kos
MHS03442;Perempuan;21;Jawa Timur;Ekonomi dan Bisnis;Akuntansi;2024;Orang Tua;Aktif;2.58;4;Rumah Orang Tua
MHS03443;Perempuan;21;Jawa Timur;Ilmu Budaya;Bahasa dan Sastra Inggris;2024;Orang Tua;Aktif;2.88;4;Rumah Orang Tua
MHS03444;Perempuan;23;Papua Tengah;Farmasi;Farmasi;2024;Orang Tua;Aktif;2.86;4;Kos
MHS03445;Perempuan;25;Jawa Timur;Sains dan Teknologi;Teknik Lingkungan;2020;Orang Tua;Lulus;2.85;8;Rumah Orang Tua
MHS03446;Laki-laki;20;Jawa Timur;Sains dan Teknologi;Statistika;2025;Beasiswa;Aktif;2.23;2;Kos
MHS03447;Perempuan;22;Jawa Timur;Ekonomi dan Bisnis;Akuntansi;2025;Orang Tua;Aktif;2.97;2;Kos
MHS03448;Laki-laki;24;Jawa Barat;Teknologi Maju dan Multidisiplin;Teknik Industri;2021;Orang Tua;Lulus;3.5;9;Menumpang Saudara
MHS03449;Laki-laki;20;Jawa Timur;Teknologi Maju dan Multidisiplin;Teknik Elektro;2025;Beasiswa;Cuti;3.91;2;Rumah Orang Tua
MHS03450;Perempuan;21;Riau;Ilmu Sosial dan Ilmu Politik;Ilmu Informasi dan Perpustakaan;2023;Beasiswa;Aktif;3.11;6;Asrama
MHS03451;Perempuan;22;Banten;Farmasi;Farmasi;2023;Kerja Sendiri (part-time);Aktif;3.22;6;Kos
MHS03452;Perempuan;22;Nusa Tenggara Timur;Kedokteran Gigi;Kedokteran Gigi;2023;Orang Tua;Aktif;2.95;6;Kos
MHS03453;Perempuan;21;Jawa Timur;Teknologi Maju dan Multidisiplin;Teknik Industri;2024;Orang Tua;Aktif;3.17;4;Rumah Orang Tua
MHS03454;Perempuan;20;Jawa Barat;FIKKIA Banyuwangi;Kedokteran (FIKKIA Banyuwangi);2025;Kerja Sendiri (part-time);Aktif;3.71;2;Asrama
MHS03455;Perempuan;23;Maluku;Teknologi Maju dan Multidisiplin;Teknik Industri;2021;Beasiswa;Lulus;3.24;8;Kos
MHS03456;Laki-laki;22;Sumatera Barat;Sains dan Teknologi;Fisika;2022;Beasiswa;Aktif;3.32;8;Kos
MHS03457;Laki-laki;21;Jawa Timur;Ekonomi dan Bisnis;Ilmu Ekonomi;2024;Kerja Sendiri (part-time);Cuti;3.36;4;Kos
MHS03458;Perempuan;21;Jawa Timur;Teknologi Maju dan Multidisiplin;Teknologi Sains Data;2024;Beasiswa;Aktif;2.75;4;Rumah Orang Tua
MHS03459;Perempuan;21;Jawa Timur;Farmasi;Farmasi;2024;Orang Tua;Aktif;3.12;4;Rumah Orang Tua
MHS03460;Laki-laki;22;Jawa Timur;Sains dan Teknologi;Statistika;2024;Orang Tua;Aktif;3.49;4;Rumah Orang Tua
MHS03461;Perempuan;21;Jawa Timur;Ilmu Budaya;Bahasa dan Sastra Inggris;2024;Orang Tua;Aktif;3.19;4;Rumah Orang Tua
MHS03462;Perempuan;21;Jawa Timur;Sains dan Teknologi;Sistem Informasi;2025;Orang Tua;Aktif;3.35;2;Kos
MHS03463;Laki-laki;23;Jawa Timur;Ekonomi dan Bisnis;Manajemen;2022;Orang Tua;Aktif;2.87;8;Rumah Orang Tua
MHS03464;Perempuan;24;Jawa Barat;Ilmu Budaya;Bahasa dan Sastra Indonesia;2021;Orang Tua;Lulus;3.35;8;Kos
MHS03465;Laki-laki;20;Jawa Timur;Ilmu Sosial dan Ilmu Politik;Ilmu Hubungan Internasional;2024;Orang Tua;Aktif;2.8;4;Rumah Orang Tua
MHS03466;Laki-laki;20;Jawa Timur;Sains dan Teknologi;Fisika;2025;Orang Tua;Aktif;2.67;2;Rumah Orang Tua
MHS03467;Perempuan;24;Jawa Timur;Ilmu Sosial dan Ilmu Politik;Ilmu Informasi dan Perpustakaan;2021;Beasiswa;Aktif;2.62;10;Rumah Orang Tua
MHS03468;Laki-laki;23;Nusa Tenggara Timur;Teknologi Maju dan Multidisiplin;Teknik Industri;2022;Orang Tua;Lulus;3.86;8;Kos
MHS03469;Perempuan;25;Jawa Timur;Kedokteran;Kebidanan;2022;Beasiswa;Lulus;3.62;8;Asrama
MHS03470;Laki-laki;20;Jawa Timur;Ilmu Sosial dan Ilmu Politik;Ilmu Komunikasi;2024;Orang Tua;Aktif;4.0;4;Kos
MHS03471;Laki-laki;22;Riau;FIKKIA Banyuwangi;Kedokteran (FIKKIA Banyuwangi);2023;Orang Tua;Aktif;3.93;6;Kos
MHS03472;Perempuan;22;DKI Jakarta;Psikologi;Psikologi;2022;Orang Tua;Non-Aktif/DO;2.08;2;Kos
MHS03473;Perempuan;22;Jawa Timur;Ilmu Budaya;Bahasa dan Sastra Indonesia;2023;Orang Tua;Aktif;2.59;6;Menumpang Saudara
MHS03474;Perempuan;23;Jawa Timur;Kesehatan Masyarakat;Kesehatan Masyarakat;2022;Kerja Sendiri (part-time);Lulus;2.88;8;Rumah Orang Tua
MHS03475;Perempuan;19;Sulawesi Tengah;Sains dan Teknologi;Teknik Lingkungan;2025;Orang Tua;Aktif;2.44;2;Kos
MHS03476;Laki-laki;20;Jawa Timur;Teknologi Maju dan Multidisiplin;Teknik Industri;2025;Beasiswa;Aktif;3.83;2;Rumah Orang Tua
MHS03477;Perempuan;23;Sumatera Utara;Sains dan Teknologi;Teknik Biomedis;2021;Orang Tua;Lulus;3.41;8;Kos
MHS03478;Laki-laki;21;Jawa Timur;Ilmu Budaya;Bahasa dan Sastra Jepang;2024;Orang Tua;Aktif;3.03;4;Kos
MHS03479;Laki-laki;22;Nusa Tenggara Barat;Kedokteran Gigi;Kedokteran Gigi;2022;Orang Tua;Non-Aktif/DO;2.02;2;Asrama
MHS03480;Perempuan;23;Jawa Timur;Sains dan Teknologi;Fisika;2022;Beasiswa;Cuti;2.95;8;Rumah Orang Tua
MHS03481;Perempuan;20;Jawa Timur;Ilmu Budaya;Ilmu Sejarah;2024;Orang Tua;Cuti;3.12;4;Rumah Orang Tua
MHS03482;Perempuan;20;Jawa Timur;Ekonomi dan Bisnis;Ekonomi Islam;2025;Kerja Sendiri (part-time);Aktif;2.67;2;Kos
MHS03483;Perempuan;24;Jawa Barat;Sains dan Teknologi;Teknik Lingkungan;2020;Pinjaman/Kredit Pendidikan;Lulus;3.23;9;Menumpang Saudara
MHS03484;Perempuan;20;Gorontalo;Kedokteran Hewan;Kedokteran Hewan;2025;Orang Tua;Aktif;3.21;2;Kos
MHS03485;Perempuan;22;Jawa Timur;Kedokteran Hewan;Kedokteran Hewan;2023;Orang Tua;Aktif;3.52;6;Rumah Orang Tua
MHS03486;Perempuan;22;Jawa Timur;Ilmu Sosial dan Ilmu Politik;Ilmu Hubungan Internasional;2024;Orang Tua;Non-Aktif/DO;2.23;2;Asrama
MHS03487;Laki-laki;24;Banten;Teknologi Maju dan Multidisiplin;Teknologi Sains Data;2020;Beasiswa;Lulus;3.35;9;Kos
MHS03488;Perempuan;20;Jawa Barat;Ekonomi dan Bisnis;Ilmu Ekonomi;2024;Beasiswa;Aktif;2.88;4;Asrama
MHS03489;Laki-laki;22;Bali;Hukum;Ilmu Hukum;2022;Orang Tua;Aktif;3.02;8;Rumah Orang Tua
MHS03490;Perempuan;21;Jawa Timur;Ekonomi dan Bisnis;Akuntansi;2023;Orang Tua;Aktif;3.13;6;Kos
MHS03491;Laki-laki;21;Sumatera Selatan;Sains dan Teknologi;Teknik Biomedis;2023;Kerja Sendiri (part-time);Aktif;3.15;6;Asrama
MHS03492;Laki-laki;21;Kalimantan Barat;Sains dan Teknologi;Fisika;2024;Orang Tua;Aktif;3.61;4;Kos
MHS03493;Laki-laki;21;Jawa Barat;Psikologi;Psikologi;2024;Orang Tua;Aktif;3.46;4;Rumah Orang Tua
MHS03494;Perempuan;23;Jawa Timur;Keperawatan;Keperawatan;2025;Orang Tua;Aktif;3.36;2;Kos
MHS03495;Perempuan;23;Jawa Timur;Perikanan dan Kelautan;Teknologi Hasil Perikanan;2021;Pinjaman/Kredit Pendidikan;Lulus;2.82;10;Kos
MHS03496;Perempuan;22;Jawa Timur;Ekonomi dan Bisnis;Ekonomi Islam;2023;Beasiswa;Aktif;3.21;6;Rumah Orang Tua
MHS03497;Perempuan;21;Sulawesi Tengah;Teknologi Maju dan Multidisiplin;Rekayasa Nanoteknologi;2024;Orang Tua;Aktif;2.87;4;Kos
MHS03498;Laki-laki;21;Jawa Timur;Sains dan Teknologi;Kimia;2023;Orang Tua;Aktif;3.52;6;Rumah Orang Tua
MHS03499;Laki-laki;19;Jawa Timur;Teknologi Maju dan Multidisiplin;Teknik Industri;2025;Beasiswa;Aktif;2.03;2;Rumah Orang Tua
MHS03500;Perempuan;22;Jawa Timur;Ilmu Budaya;Bahasa dan Sastra Inggris;2025;Kerja Sendiri (part-time);Aktif;3.99;2;Kos
MHS03501;Perempuan;20;Jawa Timur;Ilmu Sosial dan Ilmu Politik;Ilmu Komunikasi;2025;Beasiswa;Aktif;2.55;2;Kos
MHS03502;Perempuan;19;Sulawesi Barat;Ekonomi dan Bisnis;Manajemen;2025;Beasiswa;Aktif;2.53;2;Asrama
MHS03503;Perempuan;20;Jawa Barat;Sains dan Teknologi;Sistem Informasi;2024;Beasiswa;Aktif;3.71;4;Kos
MHS03504;Perempuan;21;DKI Jakarta;Sains dan Teknologi;Kimia;2024;Orang Tua;Aktif;2.48;4;Menumpang Saudara
MHS03505;Laki-laki;23;Jawa Tengah;Sains dan Teknologi;Statistika;2021;Orang Tua;Lulus;3.45;9;Asrama
MHS03506;Perempuan;23;Jawa Timur;Ilmu Budaya;Bahasa dan Sastra Inggris;2022;Orang Tua;Lulus;3.53;8;Rumah Orang Tua
MHS03507;Perempuan;20;Jawa Barat;FIKKIA Banyuwangi;Akuakultur (FIKKIA Banyuwangi);2025;Beasiswa;Aktif;2.6;2;Kos
MHS03508;Perempuan;20;Jawa Timur;Sains dan Teknologi;Biologi;2024;Orang Tua;Aktif;3.13;4;Kos
MHS03509;Perempuan;21;Jawa Timur;Kedokteran;Kedokteran;2024;Orang Tua;Aktif;2.51;4;Rumah Orang Tua
MHS03510;Perempuan;25;Jawa Timur;Ilmu Budaya;Bahasa dan Sastra Inggris;2023;Orang Tua;Aktif;3.18;6;Kos
MHS03511;Laki-laki;25;Jawa Timur;Ilmu Sosial dan Ilmu Politik;Ilmu Hubungan Internasional;2020;Kerja Sendiri (part-time);Lulus;2.98;10;Rumah Orang Tua
MHS03512;Laki-laki;22;Jawa Timur;Ilmu Sosial dan Ilmu Politik;Sosiologi;2022;Orang Tua;Aktif;3.75;8;Kos
MHS03513;Perempuan;20;Sulawesi Selatan;Kedokteran;Kedokteran;2024;Beasiswa;Aktif;2.89;4;Asrama
MHS03514;Perempuan;24;Jawa Timur;Sains dan Teknologi;Teknik Lingkungan;2021;Kerja Sendiri (part-time);Lulus;2.83;10;Rumah Orang Tua
MHS03515;Perempuan;20;DI Yogyakarta;Sains dan Teknologi;Matematika;2025;Orang Tua;Aktif;2.53;2;Asrama
MHS03516;Perempuan;26;Jawa Timur;Ilmu Sosial dan Ilmu Politik;Administrasi Publik;2020;Beasiswa;Lulus;3.47;8;Kos
MHS03517;Perempuan;21;Nusa Tenggara Barat;Sains dan Teknologi;Biologi;2023;Orang Tua;Aktif;3.21;6;Asrama
MHS03518;Laki-laki;20;Jawa Tengah;Ilmu Budaya;Ilmu Sejarah;2024;Orang Tua;Aktif;3.91;4;Kos
MHS03519;Laki-laki;19;Jawa Timur;Ilmu Sosial dan Ilmu Politik;Administrasi Publik;2025;Beasiswa;Cuti;3.81;2;Asrama
MHS03520;Perempuan;19;Jawa Timur;Ekonomi dan Bisnis;Manajemen;2025;Orang Tua;Aktif;3.85;2;Kos
MHS03521;Laki-laki;26;Jawa Timur;Kesehatan Masyarakat;Gizi;2021;Pinjaman/Kredit Pendidikan;Aktif;2.82;10;Rumah Orang Tua
MHS03522;Perempuan;20;Jawa Timur;Ilmu Sosial dan Ilmu Politik;Ilmu Politik;2024;Orang Tua;Aktif;2.71;4;Rumah Orang Tua
MHS03523;Perempuan;23;Sumatera Selatan;Kedokteran Hewan;Kedokteran Hewan;2024;Orang Tua;Aktif;3.14;4;Kos
MHS03524;Perempuan;25;Jawa Timur;Keperawatan;Keperawatan;2020;Orang Tua;Lulus;3.06;10;Kos
MHS03525;Perempuan;20;Jawa Timur;Ekonomi dan Bisnis;Akuntansi;2025;Orang Tua;Aktif;3.23;2;Rumah Orang Tua
MHS03526;Perempuan;20;DI Yogyakarta;FIKKIA Banyuwangi;Kesehatan Masyarakat (FIKKIA Banyuwangi);2024;Orang Tua;Aktif;2.69;4;Kos
MHS03527;Perempuan;21;Jawa Timur;Sains dan Teknologi;Fisika;2024;Orang Tua;Aktif;2.59;4;Rumah Orang Tua
MHS03528;Laki-laki;20;Jawa Tengah;Ilmu Budaya;Ilmu Sejarah;2025;Orang Tua;Cuti;3.49;2;Kos
MHS03529;Perempuan;23;Papua Barat;Keperawatan;Keperawatan;2024;Orang Tua;Aktif;3.41;4;Kos
MHS03530;Perempuan;20;Jawa Timur;Ekonomi dan Bisnis;Akuntansi;2025;Beasiswa;Aktif;3.75;2;Rumah Orang Tua
MHS03531;Laki-laki;23;Lampung;Ilmu Sosial dan Ilmu Politik;Ilmu Politik;2022;Orang Tua;Aktif;3.54;8;Menumpang Saudara
MHS03532;Laki-laki;20;Jawa Timur;Sains dan Teknologi;Matematika;2025;Orang Tua;Aktif;3.52;2;Rumah Orang Tua
MHS03533;Perempuan;20;Jawa Barat;Ekonomi dan Bisnis;Ilmu Ekonomi;2025;Orang Tua;Aktif;2.66;2;Asrama
MHS03534;Laki-laki;23;Jawa Barat;Sains dan Teknologi;Teknik Lingkungan;2023;Beasiswa;Aktif;3.64;6;Kos
MHS03535;Perempuan;25;Jawa Timur;Sains dan Teknologi;Teknik Lingkungan;2022;Orang Tua;Aktif;3.4;8;Rumah Orang Tua
MHS03536;Laki-laki;20;Jawa Timur;Sains dan Teknologi;Sistem Informasi;2024;Kerja Sendiri (part-time);Aktif;2.62;4;Rumah Orang Tua
MHS03537;Perempuan;19;Jawa Timur;Kedokteran Hewan;Kedokteran Hewan;2025;Orang Tua;Aktif;3.7;2;Kos
MHS03538;Perempuan;19;Jawa Tengah;Ilmu Budaya;Bahasa dan Sastra Indonesia;2025;Orang Tua;Aktif;3.23;2;Asrama
MHS03539;Laki-laki;20;Jawa Timur;Kesehatan Masyarakat;Gizi;2025;Orang Tua;Aktif;2.74;2;Kos
MHS03540;Perempuan;25;Jawa Timur;FIKKIA Banyuwangi;Kedokteran (FIKKIA Banyuwangi);2019;Orang Tua;Lulus;3.65;9;Rumah Orang Tua
MHS03541;Laki-laki;22;Jawa Timur;Ilmu Budaya;Bahasa dan Sastra Jepang;2023;Orang Tua;Non-Aktif/DO;2.18;2;Kos
MHS03542;Perempuan;21;Papua Selatan;FIKKIA Banyuwangi;Kedokteran Hewan (FIKKIA Banyuwangi);2023;Orang Tua;Aktif;3.6;6;Asrama
MHS03543;Perempuan;23;Maluku;Teknologi Maju dan Multidisiplin;Teknologi Sains Data;2022;Beasiswa;Lulus;3.64;8;Kos
MHS03544;Perempuan;22;Jawa Timur;Sains dan Teknologi;Teknik Lingkungan;2022;Orang Tua;Aktif;3.07;8;Rumah Orang Tua
MHS03545;Laki-laki;24;Kalimantan Barat;Ekonomi dan Bisnis;Ekonomi Islam;2023;Beasiswa;Cuti;2.65;6;Asrama
MHS03546;Perempuan;21;Jawa Tengah;FIKKIA Banyuwangi;Kesehatan Masyarakat (FIKKIA Banyuwangi);2024;Beasiswa;Aktif;3.49;4;Rumah Orang Tua
MHS03547;Laki-laki;19;Jawa Timur;FIKKIA Banyuwangi;Kedokteran Hewan (FIKKIA Banyuwangi);2025;Kerja Sendiri (part-time);Aktif;3.6;2;Rumah Orang Tua
MHS03548;Laki-laki;22;Jawa Timur;Hukum;Ilmu Hukum;2022;Beasiswa;Aktif;3.44;8;Rumah Orang Tua
MHS03549;Perempuan;20;Nusa Tenggara Barat;Kedokteran Hewan;Kedokteran Hewan;2024;Orang Tua;Cuti;3.4;4;Asrama
MHS03550;Laki-laki;21;Jawa Timur;Teknologi Maju dan Multidisiplin;Teknik Robotika dan Kecerdasan Buatan;2024;Orang Tua;Aktif;3.37;4;Rumah Orang Tua
MHS03551;Laki-laki;20;Jawa Timur;Teknologi Maju dan Multidisiplin;Rekayasa Nanoteknologi;2025;Orang Tua;Aktif;3.72;2;Rumah Orang Tua
MHS03552;Laki-laki;21;Jawa Barat;FIKKIA Banyuwangi;Akuakultur (FIKKIA Banyuwangi);2023;Orang Tua;Aktif;3.3;6;Kos
MHS03553;Laki-laki;20;Banten;Teknologi Maju dan Multidisiplin;Teknologi Sains Data;2025;Orang Tua;Aktif;3.13;2;Asrama
MHS03554;Laki-laki;22;Jawa Timur;Teknologi Maju dan Multidisiplin;Teknik Industri;2023;Orang Tua;Aktif;3.28;6;Rumah Orang Tua
MHS03555;Perempuan;27;Papua Tengah;Sains dan Teknologi;Fisika;2021;Orang Tua;Lulus;3.55;8;Kos
MHS03556;Laki-laki;24;Nusa Tenggara Timur;Sains dan Teknologi;Fisika;2022;Beasiswa;Non-Aktif/DO;2.08;2;Menumpang Saudara
MHS03557;Perempuan;24;Jawa Timur;Ilmu Budaya;Bahasa dan Sastra Inggris;2021;Pinjaman/Kredit Pendidikan;Lulus;3.9;8;Kos
MHS03558;Perempuan;22;Bali;FIKKIA Banyuwangi;Kedokteran (FIKKIA Banyuwangi);2022;Orang Tua;Aktif;3.93;8;Asrama
MHS03559;Perempuan;21;Jawa Timur;FIKKIA Banyuwangi;Akuakultur (FIKKIA Banyuwangi);2024;Orang Tua;Aktif;3.6;4;Kos
MHS03560;Perempuan;21;Nusa Tenggara Barat;Ekonomi dan Bisnis;Manajemen;2024;Pinjaman/Kredit Pendidikan;Aktif;2.58;4;Asrama
MHS03561;Laki-laki;19;Jawa Timur;Sains dan Teknologi;Teknik Biomedis;2025;Orang Tua;Aktif;2.07;2;Kos
MHS03562;Perempuan;22;Jawa Timur;Farmasi;Farmasi;2022;Beasiswa;Aktif;3.0;8;Kos
MHS03563;Laki-laki;24;Jawa Timur;Sains dan Teknologi;Teknik Biomedis;2020;Beasiswa;Lulus;3.49;8;Kos
MHS03564;Perempuan;24;Jawa Timur;Ekonomi dan Bisnis;Akuntansi;2020;Orang Tua;Lulus;3.08;9;Rumah Orang Tua
MHS03565;Laki-laki;20;Jawa Timur;Sains dan Teknologi;Teknik Biomedis;2024;Orang Tua;Aktif;3.55;4;Kos
MHS03566;Perempuan;23;Jawa Timur;Farmasi;Farmasi;2022;Orang Tua;Aktif;3.32;8;Rumah Orang Tua
MHS03567;Perempuan;23;Banten;Kedokteran Gigi;Kedokteran Gigi;2022;Orang Tua;Lulus;2.92;8;Rumah Orang Tua
MHS03568;Laki-laki;21;Jawa Timur;Teknologi Maju dan Multidisiplin;Teknik Elektro;2025;Orang Tua;Aktif;2.82;2;Rumah Orang Tua
MHS03569;Laki-laki;20;Jawa Timur;Ilmu Sosial dan Ilmu Politik;Ilmu Politik;2024;Orang Tua;Aktif;3.84;4;Kos
MHS03570;Laki-laki;21;Jawa Barat;Hukum;Ilmu Hukum;2024;Orang Tua;Aktif;3.26;4;Asrama
MHS03571;Perempuan;20;DKI Jakarta;Keperawatan;Keperawatan;2025;Orang Tua;Aktif;2.77;2;Kos
MHS03572;Perempuan;19;Maluku Utara;Perikanan dan Kelautan;Akuakultur;2025;Beasiswa;Aktif;3.06;2;Kos
MHS03573;Laki-laki;24;Jawa Timur;Teknologi Maju dan Multidisiplin;Teknik Robotika dan Kecerdasan Buatan;2022;Pinjaman/Kredit Pendidikan;Lulus;3.72;8;Kos
MHS03574;Perempuan;19;Gorontalo;Ilmu Sosial dan Ilmu Politik;Ilmu Komunikasi;2025;Beasiswa;Aktif;3.0;2;Kos
MHS03575;Perempuan;20;Jawa Timur;Ilmu Budaya;Bahasa dan Sastra Jepang;2025;Orang Tua;Aktif;3.17;2;Kos
MHS03576;Perempuan;22;Jawa Timur;Kesehatan Masyarakat;Gizi;2022;Orang Tua;Lulus;3.3;8;Kos
MHS03577;Perempuan;20;Jawa Barat;Sains dan Teknologi;Matematika;2025;Kerja Sendiri (part-time);Aktif;2.93;2;Kos
MHS03578;Perempuan;25;Jawa Timur;Ekonomi dan Bisnis;Ilmu Ekonomi;2021;Orang Tua;Lulus;3.41;9;Rumah Orang Tua
MHS03579;Laki-laki;24;Jawa Barat;FIKKIA Banyuwangi;Kesehatan Masyarakat (FIKKIA Banyuwangi);2021;Orang Tua;Lulus;2.88;8;Kos
MHS03580;Laki-laki;20;Jawa Timur;FIKKIA Banyuwangi;Kesehatan Masyarakat (FIKKIA Banyuwangi);2024;Orang Tua;Aktif;3.66;4;Kos
MHS03581;Perempuan;21;Maluku Utara;Ekonomi dan Bisnis;Ilmu Ekonomi;2023;Beasiswa;Aktif;3.51;6;Asrama
MHS03582;Perempuan;25;Bali;Ekonomi dan Bisnis;Akuntansi;2022;Beasiswa;Aktif;3.38;8;Rumah Orang Tua
MHS03583;Laki-laki;20;Jawa Timur;Ekonomi dan Bisnis;Akuntansi;2024;Orang Tua;Aktif;3.49;4;Rumah Orang Tua
MHS03584;Perempuan;22;Jawa Barat;Ekonomi dan Bisnis;Manajemen;2023;Beasiswa;Aktif;3.12;6;Menumpang Saudara
MHS03585;Perempuan;23;Jawa Timur;Sains dan Teknologi;Kimia;2022;Orang Tua;Lulus;3.65;8;Kos
MHS03586;Perempuan;23;Jawa Timur;FIKKIA Banyuwangi;Kesehatan Masyarakat (FIKKIA Banyuwangi);2023;Orang Tua;Aktif;3.18;6;Rumah Orang Tua
MHS03587;Perempuan;19;Sumatera Utara;Ilmu Budaya;Bahasa dan Sastra Jepang;2025;Orang Tua;Aktif;2.37;2;Kos
MHS03588;Perempuan;21;Jawa Timur;Ilmu Budaya;Bahasa dan Sastra Inggris;2024;Orang Tua;Aktif;2.73;4;Kos
MHS03589;Laki-laki;24;Jawa Timur;Kedokteran;Kedokteran;2021;Kerja Sendiri (part-time);Lulus;4.0;8;Kos
MHS03590;Perempuan;20;Jawa Timur;Teknologi Maju dan Multidisiplin;Teknik Robotika dan Kecerdasan Buatan;2024;Beasiswa;Aktif;2.98;4;Rumah Orang Tua
MHS03591;Laki-laki;24;Jawa Timur;Ekonomi dan Bisnis;Ilmu Ekonomi;2021;Orang Tua;Lulus;3.93;8;Rumah Orang Tua
MHS03592;Laki-laki;24;Nusa Tenggara Barat;Sains dan Teknologi;Statistika;2021;Orang Tua;Lulus;3.62;9;Kos
MHS03593;Laki-laki;22;DKI Jakarta;Teknologi Maju dan Multidisiplin;Teknik Robotika dan Kecerdasan Buatan;2022;Orang Tua;Lulus;3.58;8;Rumah Orang Tua
MHS03594;Perempuan;22;Jawa Timur;Ekonomi dan Bisnis;Akuntansi;2023;Orang Tua;Aktif;3.22;6;Asrama
MHS03595;Laki-laki;21;Jawa Timur;Perikanan dan Kelautan;Akuakultur;2023;Orang Tua;Aktif;2.7;6;Kos
MHS03596;Laki-laki;21;Jawa Timur;Teknologi Maju dan Multidisiplin;Teknik Robotika dan Kecerdasan Buatan;2024;Beasiswa;Aktif;4.0;4;Kos
MHS03597;Perempuan;20;Jawa Timur;FIKKIA Banyuwangi;Kesehatan Masyarakat (FIKKIA Banyuwangi);2025;Orang Tua;Aktif;3.27;2;Rumah Orang Tua
MHS03598;Laki-laki;19;Gorontalo;Sains dan Teknologi;Teknik Biomedis;2025;Orang Tua;Aktif;2.64;2;Kos
MHS03599;Perempuan;21;Sumatera Utara;Sains dan Teknologi;Biologi;2023;Kerja Sendiri (part-time);Non-Aktif/DO;3.02;6;Rumah Orang Tua
MHS03600;Perempuan;23;Jawa Timur;Sains dan Teknologi;Statistika;2023;Pinjaman/Kredit Pendidikan;Aktif;3.77;6;Rumah Orang Tua
MHS03601;Perempuan;23;Jawa Tengah;Ilmu Sosial dan Ilmu Politik;Antropologi;2022;Orang Tua;Lulus;3.72;8;Asrama
MHS03602;Laki-laki;22;Jawa Timur;Sains dan Teknologi;Matematika;2024;Orang Tua;Aktif;2.98;4;Kos
MHS03603;Laki-laki;20;Jawa Timur;Teknologi Maju dan Multidisiplin;Teknik Elektro;2025;Beasiswa;Aktif;3.3;2;Rumah Orang Tua
MHS03604;Laki-laki;21;Jawa Tengah;Ilmu Sosial dan Ilmu Politik;Administrasi Publik;2025;Beasiswa;Aktif;2.68;2;Asrama
MHS03605;Perempuan;25;Jawa Timur;Sains dan Teknologi;Teknik Lingkungan;2022;Orang Tua;Lulus;3.54;8;Rumah Orang Tua
MHS03606;Laki-laki;20;Jawa Timur;Ilmu Sosial dan Ilmu Politik;Sosiologi;2024;Orang Tua;Aktif;3.76;4;Rumah Orang Tua
MHS03607;Perempuan;23;Jawa Timur;FIKKIA Banyuwangi;Kesehatan Masyarakat (FIKKIA Banyuwangi);2021;Orang Tua;Lulus;3.02;8;Kos
MHS03608;Laki-laki;19;Jawa Timur;Teknologi Maju dan Multidisiplin;Teknik Robotika dan Kecerdasan Buatan;2025;Pinjaman/Kredit Pendidikan;Aktif;3.15;2;Asrama
MHS03609;Laki-laki;24;Jawa Timur;Kedokteran;Kedokteran;2020;Orang Tua;Lulus;3.84;8;Kos
MHS03610;Perempuan;22;Jawa Timur;Ilmu Sosial dan Ilmu Politik;Ilmu Informasi dan Perpustakaan;2022;Beasiswa;Aktif;2.72;8;Rumah Orang Tua
MHS03611;Laki-laki;23;Jawa Tengah;Sains dan Teknologi;Matematika;2021;Orang Tua;Lulus;3.07;8;Kos
MHS03612;Perempuan;20;Sulawesi Selatan;Ekonomi dan Bisnis;Ilmu Ekonomi;2024;Beasiswa;Aktif;2.56;4;Asrama
MHS03613;Perempuan;22;Jawa Timur;Farmasi;Farmasi;2025;Orang Tua;Aktif;3.16;2;Kos
MHS03614;Laki-laki;21;Kalimantan Tengah;Ilmu Sosial dan Ilmu Politik;Ilmu Politik;2024;Beasiswa;Aktif;3.26;4;Kos
MHS03615;Perempuan;23;Jawa Timur;Ilmu Sosial dan Ilmu Politik;Ilmu Komunikasi;2021;Orang Tua;Lulus;2.77;9;Rumah Orang Tua
MHS03616;Perempuan;21;DI Yogyakarta;Ekonomi dan Bisnis;Ilmu Ekonomi;2025;Beasiswa;Aktif;3.67;2;Asrama
MHS03617;Perempuan;23;Jawa Timur;Sains dan Teknologi;Teknik Lingkungan;2024;Beasiswa;Aktif;3.08;4;Rumah Orang Tua
MHS03618;Perempuan;21;Papua Tengah;Ekonomi dan Bisnis;Ilmu Ekonomi;2025;Pinjaman/Kredit Pendidikan;Aktif;3.27;2;Kos
MHS03619;Perempuan;26;Jawa Timur;Kedokteran Hewan;Kedokteran Hewan;2019;Orang Tua;Lulus;3.54;8;Kos
MHS03620;Perempuan;20;Jawa Timur;Ilmu Budaya;Bahasa dan Sastra Inggris;2025;Beasiswa;Aktif;3.02;2;Rumah Orang Tua
MHS03621;Perempuan;20;Jawa Timur;Teknologi Maju dan Multidisiplin;Teknik Industri;2025;Orang Tua;Aktif;3.89;2;Rumah Orang Tua
MHS03622;Perempuan;22;Banten;Ilmu Sosial dan Ilmu Politik;Ilmu Informasi dan Perpustakaan;2023;Beasiswa;Non-Aktif/DO;1.49;2;Menumpang Saudara
MHS03623;Perempuan;23;Sumatera Selatan;FIKKIA Banyuwangi;Kedokteran Hewan (FIKKIA Banyuwangi);2023;Orang Tua;Aktif;2.54;6;Asrama
MHS03624;Perempuan;25;Kalimantan Barat;Ekonomi dan Bisnis;Akuntansi;2023;Beasiswa;Cuti;3.38;6;Kos
MHS03625;Perempuan;20;DKI Jakarta;Sains dan Teknologi;Teknik Biomedis;2024;Beasiswa;Aktif;2.3;4;Asrama
MHS03626;Laki-laki;20;Papua Pegunungan;Ilmu Budaya;Ilmu Sejarah;2025;Kerja Sendiri (part-time);Aktif;3.57;2;Menumpang Saudara
MHS03627;Perempuan;21;Jawa Timur;Ilmu Sosial dan Ilmu Politik;Sosiologi;2024;Kerja Sendiri (part-time);Aktif;3.32;4;Rumah Orang Tua
MHS03628;Laki-laki;22;Jawa Timur;Sains dan Teknologi;Teknik Biomedis;2023;Beasiswa;Aktif;3.05;6;Rumah Orang Tua
MHS03629;Perempuan;20;Jawa Timur;Kedokteran;Kebidanan;2024;Orang Tua;Aktif;3.88;4;Kos
MHS03630;Perempuan;23;DKI Jakarta;Ilmu Sosial dan Ilmu Politik;Antropologi;2024;Orang Tua;Aktif;3.14;4;Kos
MHS03631;Perempuan;19;Jawa Timur;FIKKIA Banyuwangi;Akuakultur (FIKKIA Banyuwangi);2025;Orang Tua;Aktif;2.88;2;Rumah Orang Tua
MHS03632;Laki-laki;20;Jawa Timur;Teknologi Maju dan Multidisiplin;Teknik Robotika dan Kecerdasan Buatan;2024;Orang Tua;Aktif;3.5;4;Rumah Orang Tua
MHS03633;Perempuan;20;Jawa Timur;Keperawatan;Keperawatan;2025;Orang Tua;Aktif;3.32;2;Rumah Orang Tua
MHS03634;Perempuan;19;Kepulauan Riau;Kesehatan Masyarakat;Kesehatan Masyarakat;2025;Orang Tua;Aktif;3.53;2;Kos
MHS03635;Laki-laki;19;Jawa Timur;Ilmu Sosial dan Ilmu Politik;Ilmu Hubungan Internasional;2025;Orang Tua;Cuti;2.42;2;Kos
MHS03636;Perempuan;21;Jawa Timur;Sains dan Teknologi;Kimia;2024;Orang Tua;Cuti;3.49;4;Rumah Orang Tua
MHS03637;Laki-laki;24;Jawa Timur;Ekonomi dan Bisnis;Akuntansi;2021;Orang Tua;Lulus;3.58;8;Kos
MHS03638;Perempuan;22;Jawa Tengah;Ekonomi dan Bisnis;Ekonomi Islam;2023;Orang Tua;Aktif;3.71;6;Kos
MHS03639;Perempuan;20;Jawa Tengah;Kesehatan Masyarakat;Kesehatan Masyarakat;2024;Orang Tua;Aktif;3.21;4;Kos
MHS03640;Perempuan;21;Nusa Tenggara Barat;Ekonomi dan Bisnis;Akuntansi;2023;Orang Tua;Aktif;4.0;6;Asrama
MHS03641;Perempuan;19;Jawa Timur;Ekonomi dan Bisnis;Manajemen;2025;Kerja Sendiri (part-time);Aktif;2.39;2;Rumah Orang Tua
MHS03642;Perempuan;23;Jawa Timur;Kesehatan Masyarakat;Gizi;2022;Orang Tua;Lulus;3.86;8;Rumah Orang Tua
MHS03643;Perempuan;25;Jawa Timur;Sains dan Teknologi;Biologi;2020;Orang Tua;Lulus;3.88;8;Rumah Orang Tua
MHS03644;Perempuan;20;Jawa Timur;Sains dan Teknologi;Biologi;2025;Orang Tua;Aktif;3.0;2;Rumah Orang Tua
MHS03645;Perempuan;22;Jawa Tengah;Psikologi;Psikologi;2023;Orang Tua;Aktif;2.97;6;Asrama
MHS03646;Perempuan;21;Riau;Kesehatan Masyarakat;Kesehatan Masyarakat;2025;Orang Tua;Aktif;4.0;2;Kos
MHS03647;Perempuan;21;Jawa Timur;Sains dan Teknologi;Teknik Lingkungan;2024;Beasiswa;Aktif;3.82;4;Kos
MHS03648;Perempuan;20;Jawa Timur;Ilmu Budaya;Bahasa dan Sastra Indonesia;2025;Orang Tua;Aktif;3.81;2;Kos
MHS03649;Laki-laki;23;Sulawesi Selatan;Ilmu Sosial dan Ilmu Politik;Ilmu Politik;2022;Orang Tua;Lulus;3.6;8;Kos
MHS03650;Perempuan;23;Sulawesi Tengah;Sains dan Teknologi;Statistika;2022;Kerja Sendiri (part-time);Aktif;3.32;8;Kos
MHS03651;Laki-laki;21;Jawa Timur;FIKKIA Banyuwangi;Akuakultur (FIKKIA Banyuwangi);2024;Orang Tua;Aktif;3.25;4;Rumah Orang Tua
MHS03652;Perempuan;24;Banten;Ilmu Sosial dan Ilmu Politik;Ilmu Informasi dan Perpustakaan;2021;Orang Tua;Lulus;3.13;9;Kos
MHS03653;Perempuan;23;Jawa Timur;Psikologi;Psikologi;2022;Orang Tua;Lulus;3.0;8;Rumah Orang Tua
MHS03654;Laki-laki;22;Nusa Tenggara Barat;Sains dan Teknologi;Statistika;2022;Orang Tua;Aktif;3.48;8;Kos
MHS03655;Perempuan;21;Jawa Timur;Teknologi Maju dan Multidisiplin;Teknik Industri;2024;Orang Tua;Aktif;3.65;4;Kos
MHS03656;Perempuan;24;DKI Jakarta;Sains dan Teknologi;Teknik Lingkungan;2021;Orang Tua;Lulus;2.96;8;Kos
MHS03657;Laki-laki;25;Jawa Timur;Ilmu Sosial dan Ilmu Politik;Ilmu Informasi dan Perpustakaan;2019;Orang Tua;Lulus;3.26;9;Rumah Orang Tua
MHS03658;Laki-laki;19;Jawa Timur;Sains dan Teknologi;Sistem Informasi;2025;Orang Tua;Aktif;3.06;2;Rumah Orang Tua
MHS03659;Perempuan;22;Jawa Tengah;Sains dan Teknologi;Matematika;2023;Orang Tua;Aktif;3.27;6;Kos
MHS03660;Perempuan;19;Riau;Hukum;Ilmu Hukum;2025;Orang Tua;Aktif;2.79;2;Kos
MHS03661;Perempuan;20;Jawa Timur;Ilmu Sosial dan Ilmu Politik;Sosiologi;2024;Kerja Sendiri (part-time);Aktif;3.14;4;Kos
MHS03662;Laki-laki;25;Jawa Timur;Hukum;Ilmu Hukum;2022;Orang Tua;Lulus;3.68;8;Rumah Orang Tua
MHS03663;Laki-laki;22;Jawa Timur;Ilmu Sosial dan Ilmu Politik;Ilmu Komunikasi;2023;Orang Tua;Aktif;3.12;6;Asrama
MHS03664;Laki-laki;24;Jawa Timur;FIKKIA Banyuwangi;Kedokteran Hewan (FIKKIA Banyuwangi);2024;Orang Tua;Aktif;3.16;4;Kos
MHS03665;Laki-laki;22;Jawa Timur;Ilmu Sosial dan Ilmu Politik;Ilmu Politik;2023;Kerja Sendiri (part-time);Aktif;2.63;6;Rumah Orang Tua
MHS03666;Perempuan;21;Jawa Timur;Kedokteran Hewan;Kedokteran Hewan;2023;Beasiswa;Cuti;2.88;6;Rumah Orang Tua
MHS03667;Perempuan;19;Jawa Timur;Keperawatan;Keperawatan;2025;Orang Tua;Aktif;3.25;2;Asrama
MHS03668;Perempuan;21;Papua Barat;Sains dan Teknologi;Sistem Informasi;2023;Orang Tua;Aktif;3.33;6;Kos
MHS03669;Perempuan;23;Jawa Timur;Farmasi;Farmasi;2022;Beasiswa;Aktif;2.65;8;Asrama
MHS03670;Perempuan;23;Jawa Timur;Teknologi Maju dan Multidisiplin;Teknik Robotika dan Kecerdasan Buatan;2022;Orang Tua;Non-Aktif/DO;2.6;4;Rumah Orang Tua
MHS03671;Perempuan;23;Jawa Timur;Ilmu Sosial dan Ilmu Politik;Sosiologi;2024;Orang Tua;Aktif;3.31;4;Rumah Orang Tua
MHS03672;Laki-laki;20;Jawa Timur;FIKKIA Banyuwangi;Akuakultur (FIKKIA Banyuwangi);2025;Orang Tua;Aktif;3.53;2;Asrama
MHS03673;Perempuan;22;Jawa Timur;Ilmu Sosial dan Ilmu Politik;Ilmu Politik;2022;Orang Tua;Lulus;3.56;8;Rumah Orang Tua
MHS03674;Perempuan;21;Sulawesi Tengah;Sains dan Teknologi;Sistem Informasi;2024;Orang Tua;Aktif;3.28;4;Kos
MHS03675;Laki-laki;20;Lampung;Sains dan Teknologi;Biologi;2025;Orang Tua;Aktif;3.56;2;Menumpang Saudara
MHS03676;Perempuan;21;Jawa Timur;Sains dan Teknologi;Matematika;2023;Kerja Sendiri (part-time);Non-Aktif/DO;1.9;2;Rumah Orang Tua
MHS03677;Laki-laki;23;DI Yogyakarta;Sains dan Teknologi;Sistem Informasi;2025;Beasiswa;Cuti;3.48;2;Kos
MHS03678;Perempuan;23;Jawa Timur;Ilmu Budaya;Bahasa dan Sastra Inggris;2022;Orang Tua;Aktif;3.52;8;Rumah Orang Tua
MHS03679;Laki-laki;22;Jawa Timur;Sains dan Teknologi;Teknik Lingkungan;2022;Orang Tua;Aktif;3.45;8;Kos
MHS03680;Laki-laki;20;Jawa Timur;Ilmu Budaya;Ilmu Sejarah;2024;Orang Tua;Aktif;3.08;4;Rumah Orang Tua
MHS03681;Perempuan;21;Sumatera Utara;Sains dan Teknologi;Teknik Lingkungan;2024;Orang Tua;Aktif;3.31;4;Kos
MHS03682;Laki-laki;20;Jawa Timur;Ilmu Sosial dan Ilmu Politik;Ilmu Hubungan Internasional;2024;Orang Tua;Aktif;3.51;4;Rumah Orang Tua
MHS03683;Laki-laki;19;Banten;Teknologi Maju dan Multidisiplin;Teknik Industri;2025;Orang Tua;Aktif;3.4;2;Kos
MHS03684;Laki-laki;22;DI Yogyakarta;Hukum;Ilmu Hukum;2022;Orang Tua;Aktif;3.14;8;Rumah Orang Tua
MHS03685;Perempuan;22;Kalimantan Selatan;Ilmu Sosial dan Ilmu Politik;Ilmu Politik;2023;Orang Tua;Aktif;2.54;6;Kos
MHS03686;Laki-laki;20;Jawa Barat;Kedokteran Hewan;Kedokteran Hewan;2024;Beasiswa;Aktif;3.43;4;Kos
MHS03687;Perempuan;21;Jawa Barat;Kedokteran;Kebidanan;2023;Orang Tua;Aktif;3.0;6;Rumah Orang Tua
MHS03688;Perempuan;20;Jawa Timur;FIKKIA Banyuwangi;Kedokteran Hewan (FIKKIA Banyuwangi);2025;Orang Tua;Aktif;3.9;2;Rumah Orang Tua
MHS03689;Perempuan;22;Jawa Timur;FIKKIA Banyuwangi;Kedokteran (FIKKIA Banyuwangi);2022;Orang Tua;Aktif;2.9;8;Kos
MHS03690;Perempuan;22;Jawa Timur;Ilmu Sosial dan Ilmu Politik;Ilmu Hubungan Internasional;2023;Orang Tua;Aktif;2.52;6;Rumah Orang Tua
MHS03691;Laki-laki;21;Nusa Tenggara Barat;Ilmu Sosial dan Ilmu Politik;Sosiologi;2023;Beasiswa;Aktif;2.64;6;Asrama
MHS03692;Perempuan;22;Jawa Timur;Sains dan Teknologi;Teknik Biomedis;2023;Beasiswa;Aktif;3.19;6;Rumah Orang Tua
MHS03693;Laki-laki;19;Jawa Timur;Sains dan Teknologi;Fisika;2025;Orang Tua;Cuti;2.3;2;Rumah Orang Tua
MHS03694;Laki-laki;21;Jawa Timur;Teknologi Maju dan Multidisiplin;Teknik Industri;2024;Beasiswa;Aktif;3.62;4;Rumah Orang Tua
MHS03695;Laki-laki;20;Jawa Timur;Kedokteran;Kedokteran;2024;Orang Tua;Aktif;2.66;4;Asrama
MHS03696;Laki-laki;21;Papua;Ilmu Sosial dan Ilmu Politik;Ilmu Politik;2024;Orang Tua;Cuti;3.69;4;Kos
MHS03697;Perempuan;19;Jawa Barat;Kesehatan Masyarakat;Kesehatan Masyarakat;2025;Beasiswa;Aktif;3.22;2;Asrama
MHS03698;Laki-laki;22;Jawa Timur;Sains dan Teknologi;Statistika;2022;Beasiswa;Aktif;3.29;8;Rumah Orang Tua
MHS03699;Perempuan;25;Sulawesi Tenggara;Ekonomi dan Bisnis;Ilmu Ekonomi;2022;Orang Tua;Aktif;3.01;8;Asrama
MHS03700;Laki-laki;20;Gorontalo;Ekonomi dan Bisnis;Ekonomi Islam;2025;Orang Tua;Aktif;3.53;2;Kos
MHS03701;Perempuan;19;Jawa Timur;Ilmu Budaya;Bahasa dan Sastra Indonesia;2025;Orang Tua;Aktif;3.04;2;Rumah Orang Tua
MHS03702;Laki-laki;21;Jawa Timur;Teknologi Maju dan Multidisiplin;Teknik Elektro;2024;Beasiswa;Aktif;3.44;4;Kos
MHS03703;Perempuan;19;Jawa Timur;Ekonomi dan Bisnis;Ekonomi Islam;2025;Pinjaman/Kredit Pendidikan;Cuti;2.91;2;Rumah Orang Tua
MHS03704;Perempuan;20;Kalimantan Utara;Ilmu Sosial dan Ilmu Politik;Ilmu Informasi dan Perpustakaan;2025;Beasiswa;Aktif;3.63;2;Kos
MHS03705;Laki-laki;21;Jawa Barat;Ilmu Budaya;Bahasa dan Sastra Indonesia;2023;Orang Tua;Aktif;3.22;6;Kos
MHS03706;Laki-laki;23;Jawa Timur;Ekonomi dan Bisnis;Manajemen;2021;Orang Tua;Lulus;3.72;8;Rumah Orang Tua
MHS03707;Laki-laki;24;Jawa Timur;Teknologi Maju dan Multidisiplin;Teknik Elektro;2022;Orang Tua;Lulus;3.51;8;Kos
MHS03708;Laki-laki;22;DKI Jakarta;FIKKIA Banyuwangi;Kedokteran Hewan (FIKKIA Banyuwangi);2022;Kerja Sendiri (part-time);Lulus;3.71;8;Kos
MHS03709;Perempuan;22;Jawa Timur;Kedokteran Hewan;Kedokteran Hewan;2023;Orang Tua;Aktif;2.81;6;Kos
MHS03710;Perempuan;19;Jawa Tengah;Ilmu Sosial dan Ilmu Politik;Ilmu Politik;2025;Orang Tua;Aktif;2.61;2;Rumah Orang Tua
MHS03711;Laki-laki;20;Papua Pegunungan;Teknologi Maju dan Multidisiplin;Teknik Elektro;2025;Kerja Sendiri (part-time);Aktif;2.34;2;Kos
MHS03712;Perempuan;20;Jawa Timur;Ilmu Sosial dan Ilmu Politik;Ilmu Politik;2025;Orang Tua;Aktif;3.54;2;Kos
MHS03713;Laki-laki;21;Jawa Barat;Sains dan Teknologi;Teknik Lingkungan;2023;Orang Tua;Aktif;3.17;6;Asrama
MHS03714;Perempuan;24;Jambi;Sains dan Teknologi;Biologi;2021;Beasiswa;Lulus;2.93;10;Kos
MHS03715;Perempuan;22;Jawa Timur;Sains dan Teknologi;Teknik Lingkungan;2025;Orang Tua;Aktif;3.34;2;Kos
MHS03716;Perempuan;21;Jawa Timur;Ekonomi dan Bisnis;Ekonomi Islam;2023;Orang Tua;Aktif;3.97;6;Kos
MHS03717;Laki-laki;19;Jawa Timur;Ilmu Sosial dan Ilmu Politik;Ilmu Hubungan Internasional;2025;Orang Tua;Aktif;3.19;2;Rumah Orang Tua
MHS03718;Laki-laki;21;Jawa Timur;Teknologi Maju dan Multidisiplin;Teknik Industri;2023;Beasiswa;Aktif;2.82;6;Asrama
MHS03719;Perempuan;23;Banten;Farmasi;Farmasi;2024;Beasiswa;Aktif;3.01;4;Kos
MHS03720;Laki-laki;23;Bali;Teknologi Maju dan Multidisiplin;Teknik Robotika dan Kecerdasan Buatan;2022;Orang Tua;Lulus;3.83;8;Kos
MHS03721;Perempuan;24;Jawa Tengah;Perikanan dan Kelautan;Teknologi Hasil Perikanan;2021;Orang Tua;Non-Aktif/DO;1.9;2;Menumpang Saudara
MHS03722;Perempuan;20;Jawa Tengah;FIKKIA Banyuwangi;Kedokteran Hewan (FIKKIA Banyuwangi);2024;Orang Tua;Aktif;3.58;4;Kos
MHS03723;Laki-laki;20;Sumatera Utara;Teknologi Maju dan Multidisiplin;Rekayasa Nanoteknologi;2025;Orang Tua;Cuti;3.1;2;Kos
MHS03724;Laki-laki;24;Jawa Timur;Ilmu Sosial dan Ilmu Politik;Ilmu Politik;2021;Beasiswa;Lulus;3.3;8;Kos
MHS03725;Perempuan;22;Jawa Timur;Perikanan dan Kelautan;Teknologi Hasil Perikanan;2022;Orang Tua;Lulus;3.02;8;Rumah Orang Tua
MHS03726;Laki-laki;19;Papua;Teknologi Maju dan Multidisiplin;Teknologi Sains Data;2025;Beasiswa;Aktif;2.73;2;Asrama
MHS03727;Perempuan;19;Jawa Timur;Ilmu Budaya;Ilmu Sejarah;2025;Orang Tua;Aktif;3.1;2;Rumah Orang Tua
MHS03728;Perempuan;22;Nusa Tenggara Barat;Sains dan Teknologi;Statistika;2022;Orang Tua;Lulus;4.0;8;Kos
MHS03729;Perempuan;20;Jawa Timur;Ilmu Sosial dan Ilmu Politik;Ilmu Komunikasi;2025;Orang Tua;Aktif;3.86;2;Rumah Orang Tua
MHS03730;Perempuan;22;Jawa Timur;Kedokteran Hewan;Kedokteran Hewan;2023;Beasiswa;Aktif;2.98;6;Rumah Orang Tua
MHS03731;Perempuan;25;Jawa Timur;Keperawatan;Keperawatan;2019;Orang Tua;Lulus;3.09;8;Asrama
MHS03732;Perempuan;24;Sumatera Selatan;FIKKIA Banyuwangi;Akuakultur (FIKKIA Banyuwangi);2023;Beasiswa;Aktif;3.86;6;Kos
MHS03733;Laki-laki;25;Jawa Tengah;Kedokteran Hewan;Kedokteran Hewan;2020;Orang Tua;Lulus;3.04;8;Rumah Orang Tua
MHS03734;Perempuan;20;Banten;Ekonomi dan Bisnis;Akuntansi;2025;Orang Tua;Aktif;3.11;2;Kos
MHS03735;Laki-laki;20;Jawa Timur;Hukum;Ilmu Hukum;2025;Orang Tua;Aktif;2.4;2;Rumah Orang Tua
MHS03736;Perempuan;21;Jawa Timur;Kedokteran;Kebidanan;2024;Orang Tua;Aktif;3.16;4;Rumah Orang Tua
MHS03737;Perempuan;21;Jawa Timur;Kedokteran Gigi;Kedokteran Gigi;2023;Orang Tua;Aktif;3.61;6;Menumpang Saudara
MHS03738;Laki-laki;23;Maluku Utara;FIKKIA Banyuwangi;Kesehatan Masyarakat (FIKKIA Banyuwangi);2023;Orang Tua;Aktif;3.46;6;Kos
MHS03739;Perempuan;19;Jawa Timur;Psikologi;Psikologi;2025;Orang Tua;Aktif;2.98;2;Rumah Orang Tua
MHS03740;Laki-laki;25;Nusa Tenggara Timur;Ilmu Sosial dan Ilmu Politik;Ilmu Hubungan Internasional;2020;Orang Tua;Lulus;3.99;8;Kos
MHS03741;Perempuan;21;Jawa Timur;Kedokteran;Kebidanan;2023;Orang Tua;Aktif;2.92;6;Menumpang Saudara
MHS03742;Perempuan;22;Jawa Timur;Ekonomi dan Bisnis;Manajemen;2023;Orang Tua;Aktif;3.83;6;Kos
MHS03743;Laki-laki;21;Aceh;Kedokteran;Kedokteran;2023;Beasiswa;Aktif;2.97;6;Kos
MHS03744;Perempuan;21;Jawa Timur;Ilmu Budaya;Bahasa dan Sastra Jepang;2024;Beasiswa;Aktif;3.21;4;Rumah Orang Tua
MHS03745;Perempuan;28;Jawa Timur;Ilmu Sosial dan Ilmu Politik;Ilmu Komunikasi;2020;Beasiswa;Lulus;2.82;10;Kos
MHS03746;Perempuan;20;Jawa Timur;Kesehatan Masyarakat;Gizi;2025;Orang Tua;Aktif;2.52;2;Rumah Orang Tua
MHS03747;Laki-laki;23;Papua;FIKKIA Banyuwangi;Kedokteran (FIKKIA Banyuwangi);2021;Orang Tua;Lulus;3.24;9;Menumpang Saudara
MHS03748;Laki-laki;19;Kalimantan Tengah;Sains dan Teknologi;Statistika;2025;Beasiswa;Aktif;2.69;2;Kos
MHS03749;Perempuan;19;Jawa Timur;Kedokteran Gigi;Kedokteran Gigi;2025;Kerja Sendiri (part-time);Aktif;3.44;2;Kos
MHS03750;Laki-laki;22;Jawa Timur;Kedokteran Gigi;Kedokteran Gigi;2023;Orang Tua;Aktif;3.52;6;Rumah Orang Tua
MHS03751;Perempuan;24;Jawa Tengah;Sains dan Teknologi;Statistika;2020;Orang Tua;Lulus;3.86;8;Kos
MHS03752;Perempuan;19;Aceh;Sains dan Teknologi;Biologi;2025;Orang Tua;Aktif;2.74;2;Kos
MHS03753;Perempuan;24;Jawa Tengah;Sains dan Teknologi;Matematika;2020;Orang Tua;Lulus;3.8;8;Asrama
MHS03754;Laki-laki;20;Sumatera Barat;Ilmu Budaya;Ilmu Sejarah;2025;Orang Tua;Aktif;2.94;2;Asrama
MHS03755;Laki-laki;24;Sumatera Barat;Teknologi Maju dan Multidisiplin;Teknologi Sains Data;2023;Orang Tua;Aktif;3.22;6;Kos
MHS03756;Laki-laki;19;Jawa Timur;FIKKIA Banyuwangi;Kedokteran (FIKKIA Banyuwangi);2025;Orang Tua;Aktif;3.39;2;Menumpang Saudara
MHS03757;Perempuan;22;Jawa Timur;Sains dan Teknologi;Matematika;2023;Kerja Sendiri (part-time);Aktif;2.85;6;Asrama
MHS03758;Laki-laki;20;Jawa Timur;Ilmu Sosial dan Ilmu Politik;Antropologi;2025;Beasiswa;Aktif;3.24;2;Rumah Orang Tua
MHS03759;Laki-laki;23;Jawa Timur;Kedokteran Gigi;Kedokteran Gigi;2021;Orang Tua;Lulus;3.97;8;Rumah Orang Tua
MHS03760;Laki-laki;20;Jawa Timur;FIKKIA Banyuwangi;Kedokteran (FIKKIA Banyuwangi);2025;Orang Tua;Aktif;2.42;2;Rumah Orang Tua
MHS03761;Perempuan;21;Maluku;Kesehatan Masyarakat;Kesehatan Masyarakat;2023;Kerja Sendiri (part-time);Aktif;2.84;6;Asrama
MHS03762;Perempuan;21;Lampung;Ekonomi dan Bisnis;Akuntansi;2023;Kerja Sendiri (part-time);Non-Aktif/DO;1.97;2;Rumah Orang Tua
MHS03763;Perempuan;22;Kalimantan Selatan;Psikologi;Psikologi;2024;Orang Tua;Aktif;2.94;4;Kos
MHS03764;Perempuan;21;Jawa Timur;Sains dan Teknologi;Kimia;2023;Pinjaman/Kredit Pendidikan;Aktif;3.51;6;Rumah Orang Tua
MHS03765;Perempuan;19;Jawa Timur;Sains dan Teknologi;Biologi;2025;Beasiswa;Aktif;3.6;2;Rumah Orang Tua
MHS03766;Perempuan;20;Jawa Timur;Perikanan dan Kelautan;Teknologi Hasil Perikanan;2025;Orang Tua;Aktif;4.0;2;Kos
MHS03767;Perempuan;23;Jawa Timur;Ilmu Sosial dan Ilmu Politik;Ilmu Hubungan Internasional;2025;Orang Tua;Aktif;3.24;2;Rumah Orang Tua
MHS03768;Laki-laki;22;Sumatera Barat;Sains dan Teknologi;Matematika;2023;Orang Tua;Aktif;3.75;6;Kos
MHS03769;Perempuan;20;Jawa Timur;FIKKIA Banyuwangi;Kedokteran Hewan (FIKKIA Banyuwangi);2025;Orang Tua;Aktif;2.21;2;Kos
MHS03770;Perempuan;21;Jawa Tengah;FIKKIA Banyuwangi;Kedokteran (FIKKIA Banyuwangi);2023;Orang Tua;Aktif;3.34;6;Kos
MHS03771;Perempuan;21;Lampung;Ilmu Sosial dan Ilmu Politik;Sosiologi;2024;Beasiswa;Aktif;3.16;4;Asrama
MHS03772;Perempuan;20;Jawa Timur;Ilmu Budaya;Ilmu Sejarah;2025;Orang Tua;Aktif;3.61;2;Rumah Orang Tua
MHS03773;Laki-laki;21;Jambi;Perikanan dan Kelautan;Akuakultur;2024;Beasiswa;Aktif;2.79;4;Asrama
MHS03774;Perempuan;21;Papua Tengah;Sains dan Teknologi;Kimia;2024;Orang Tua;Aktif;3.25;4;Asrama
MHS03775;Laki-laki;20;Jawa Timur;Perikanan dan Kelautan;Teknologi Hasil Perikanan;2025;Orang Tua;Aktif;2.21;2;Asrama
MHS03776;Perempuan;25;Jawa Barat;Kedokteran;Kebidanan;2019;Orang Tua;Lulus;3.82;8;Asrama
MHS03777;Laki-laki;19;Nusa Tenggara Timur;Ilmu Budaya;Ilmu Sejarah;2025;Orang Tua;Aktif;3.17;2;Kos
MHS03778;Laki-laki;24;Jawa Timur;Ilmu Budaya;Ilmu Sejarah;2020;Beasiswa;Lulus;3.45;8;Rumah Orang Tua
MHS03779;Laki-laki;23;Jawa Timur;Ilmu Sosial dan Ilmu Politik;Ilmu Politik;2022;Orang Tua;Lulus;3.58;8;Rumah Orang Tua
MHS03780;Perempuan;23;Jawa Timur;Kedokteran Gigi;Kedokteran Gigi;2021;Orang Tua;Lulus;3.49;9;Kos
MHS03781;Perempuan;19;Sulawesi Tenggara;Kedokteran Gigi;Kedokteran Gigi;2025;Orang Tua;Aktif;3.41;2;Kos
MHS03782;Perempuan;21;Jawa Timur;Teknologi Maju dan Multidisiplin;Teknik Robotika dan Kecerdasan Buatan;2023;Beasiswa;Aktif;3.5;6;Asrama
MHS03783;Laki-laki;21;Jawa Timur;Ekonomi dan Bisnis;Manajemen;2023;Orang Tua;Aktif;2.24;6;Rumah Orang Tua
MHS03784;Laki-laki;20;Jawa Timur;Perikanan dan Kelautan;Teknologi Hasil Perikanan;2025;Beasiswa;Aktif;3.14;2;Kos
MHS03785;Perempuan;20;Kalimantan Timur;Kesehatan Masyarakat;Gizi;2024;Orang Tua;Aktif;3.9;4;Kos
MHS03786;Perempuan;21;Jawa Timur;Ilmu Budaya;Ilmu Sejarah;2024;Beasiswa;Aktif;3.69;4;Kos
MHS03787;Laki-laki;22;Jawa Timur;Ilmu Sosial dan Ilmu Politik;Ilmu Politik;2023;Orang Tua;Aktif;2.93;6;Rumah Orang Tua
MHS03788;Laki-laki;22;Jawa Timur;Sains dan Teknologi;Biologi;2022;Orang Tua;Lulus;3.53;8;Rumah Orang Tua
MHS03789;Perempuan;22;Jawa Timur;Hukum;Ilmu Hukum;2022;Beasiswa;Lulus;3.76;8;Kos
MHS03790;Laki-laki;21;Jawa Tengah;Ilmu Sosial dan Ilmu Politik;Antropologi;2024;Orang Tua;Aktif;3.03;4;Rumah Orang Tua
MHS03791;Perempuan;21;Jawa Timur;Ilmu Sosial dan Ilmu Politik;Administrasi Publik;2024;Kerja Sendiri (part-time);Aktif;3.01;4;Rumah Orang Tua
MHS03792;Perempuan;22;Jawa Timur;FIKKIA Banyuwangi;Kesehatan Masyarakat (FIKKIA Banyuwangi);2023;Beasiswa;Aktif;3.04;6;Asrama
MHS03793;Laki-laki;21;Jawa Timur;FIKKIA Banyuwangi;Akuakultur (FIKKIA Banyuwangi);2025;Orang Tua;Aktif;3.15;2;Rumah Orang Tua
MHS03794;Perempuan;22;Jawa Timur;Kesehatan Masyarakat;Gizi;2022;Orang Tua;Lulus;3.17;8;Rumah Orang Tua
MHS03795;Perempuan;19;Jawa Tengah;Ilmu Sosial dan Ilmu Politik;Ilmu Informasi dan Perpustakaan;2025;Orang Tua;Aktif;3.01;2;Kos
MHS03796;Perempuan;20;DI Yogyakarta;Perikanan dan Kelautan;Teknologi Hasil Perikanan;2025;Beasiswa;Aktif;2.85;2;Kos
MHS03797;Laki-laki;24;Jawa Timur;Perikanan dan Kelautan;Teknologi Hasil Perikanan;2021;Orang Tua;Lulus;2.94;8;Kos
MHS03798;Perempuan;21;Jawa Timur;Ilmu Sosial dan Ilmu Politik;Ilmu Komunikasi;2023;Orang Tua;Aktif;2.83;6;Kos
MHS03799;Perempuan;26;Nusa Tenggara Barat;FIKKIA Banyuwangi;Kesehatan Masyarakat (FIKKIA Banyuwangi);2019;Orang Tua;Lulus;3.78;8;Kos
MHS03800;Perempuan;20;Jawa Timur;Hukum;Ilmu Hukum;2024;Orang Tua;Aktif;3.75;4;Asrama
MHS03801;Perempuan;22;Nusa Tenggara Timur;FIKKIA Banyuwangi;Akuakultur (FIKKIA Banyuwangi);2023;Beasiswa;Non-Aktif/DO;1.72;2;Asrama
MHS03802;Laki-laki;25;Jawa Timur;Ilmu Sosial dan Ilmu Politik;Ilmu Komunikasi;2023;Beasiswa;Aktif;2.82;6;Rumah Orang Tua
MHS03803;Laki-laki;19;Nusa Tenggara Timur;FIKKIA Banyuwangi;Kedokteran Hewan (FIKKIA Banyuwangi);2025;Orang Tua;Aktif;3.5;2;Kos
MHS03804;Perempuan;21;Jawa Tengah;Kedokteran;Kedokteran;2024;Orang Tua;Aktif;3.36;4;Kos
MHS03805;Perempuan;21;Jawa Tengah;Ilmu Sosial dan Ilmu Politik;Antropologi;2024;Beasiswa;Aktif;2.84;4;Kos
MHS03806;Laki-laki;20;Jawa Timur;Ekonomi dan Bisnis;Ilmu Ekonomi;2024;Orang Tua;Aktif;3.4;4;Rumah Orang Tua
MHS03807;Laki-laki;20;Jambi;Perikanan dan Kelautan;Teknologi Hasil Perikanan;2024;Orang Tua;Aktif;3.33;4;Kos
MHS03808;Perempuan;21;Jawa Timur;Ilmu Budaya;Bahasa dan Sastra Jepang;2024;Orang Tua;Aktif;3.31;4;Rumah Orang Tua
MHS03809;Laki-laki;22;Jawa Timur;Sains dan Teknologi;Teknik Biomedis;2023;Kerja Sendiri (part-time);Aktif;2.75;6;Kos
MHS03810;Laki-laki;22;Lampung;Ilmu Sosial dan Ilmu Politik;Antropologi;2022;Orang Tua;Lulus;3.91;8;Kos
MHS03811;Laki-laki;20;Jawa Timur;Ekonomi dan Bisnis;Akuntansi;2025;Orang Tua;Aktif;3.05;2;Kos
MHS03812;Laki-laki;21;Lampung;Ekonomi dan Bisnis;Ekonomi Islam;2024;Beasiswa;Aktif;3.08;4;Asrama
MHS03813;Laki-laki;20;Jawa Timur;Sains dan Teknologi;Teknik Biomedis;2024;Kerja Sendiri (part-time);Aktif;3.21;4;Rumah Orang Tua
MHS03814;Laki-laki;21;Sulawesi Selatan;FIKKIA Banyuwangi;Kesehatan Masyarakat (FIKKIA Banyuwangi);2023;Beasiswa;Aktif;3.87;6;Kos
MHS03815;Laki-laki;25;Jawa Timur;Ilmu Sosial dan Ilmu Politik;Ilmu Politik;2020;Orang Tua;Lulus;3.18;10;Rumah Orang Tua
MHS03816;Laki-laki;25;Aceh;Ilmu Sosial dan Ilmu Politik;Sosiologi;2019;Orang Tua;Lulus;3.2;8;Kos
MHS03817;Perempuan;22;Jawa Timur;Sains dan Teknologi;Teknik Biomedis;2024;Orang Tua;Aktif;2.6;4;Kos
MHS03818;Perempuan;20;Jawa Timur;Ekonomi dan Bisnis;Akuntansi;2024;Orang Tua;Aktif;3.86;4;Kos
MHS03819;Perempuan;20;Bali;Sains dan Teknologi;Teknik Lingkungan;2025;Orang Tua;Aktif;2.68;2;Kos
MHS03820;Perempuan;22;Jawa Timur;Kesehatan Masyarakat;Kesehatan Masyarakat;2024;Orang Tua;Aktif;2.97;4;Rumah Orang Tua
MHS03821;Perempuan;19;Jawa Timur;Sains dan Teknologi;Biologi;2025;Kerja Sendiri (part-time);Aktif;2.85;2;Rumah Orang Tua
MHS03822;Laki-laki;23;Jawa Timur;Sains dan Teknologi;Sistem Informasi;2025;Orang Tua;Aktif;3.31;2;Rumah Orang Tua
MHS03823;Perempuan;21;Jawa Timur;Hukum;Ilmu Hukum;2024;Beasiswa;Aktif;3.53;4;Asrama
MHS03824;Laki-laki;20;Jawa Timur;Ilmu Budaya;Ilmu Sejarah;2024;Orang Tua;Aktif;3.21;4;Rumah Orang Tua
MHS03825;Perempuan;20;Jawa Timur;FIKKIA Banyuwangi;Kesehatan Masyarakat (FIKKIA Banyuwangi);2024;Beasiswa;Aktif;3.04;4;Rumah Orang Tua
MHS03826;Laki-laki;21;Jawa Timur;Ekonomi dan Bisnis;Akuntansi;2024;Beasiswa;Aktif;3.37;4;Rumah Orang Tua
MHS03827;Laki-laki;21;Jawa Timur;Ilmu Sosial dan Ilmu Politik;Ilmu Hubungan Internasional;2023;Pinjaman/Kredit Pendidikan;Aktif;3.25;6;Rumah Orang Tua
MHS03828;Laki-laki;21;DKI Jakarta;Teknologi Maju dan Multidisiplin;Teknik Elektro;2024;Orang Tua;Aktif;3.63;4;Kos
MHS03829;Perempuan;22;Jawa Timur;Ilmu Budaya;Bahasa dan Sastra Indonesia;2023;Beasiswa;Aktif;3.24;6;Asrama
MHS03830;Laki-laki;21;Jawa Timur;Teknologi Maju dan Multidisiplin;Teknik Robotika dan Kecerdasan Buatan;2024;Orang Tua;Aktif;3.01;4;Rumah Orang Tua
MHS03831;Perempuan;22;DKI Jakarta;Ekonomi dan Bisnis;Akuntansi;2022;Orang Tua;Aktif;2.79;8;Kos
MHS03832;Perempuan;19;Jawa Tengah;Ilmu Budaya;Bahasa dan Sastra Jepang;2025;Orang Tua;Aktif;3.08;2;Kos
MHS03833;Perempuan;25;Banten;Teknologi Maju dan Multidisiplin;Teknik Robotika dan Kecerdasan Buatan;2019;Beasiswa;Lulus;3.44;11;Menumpang Saudara
MHS03834;Perempuan;24;Jawa Timur;Ekonomi dan Bisnis;Akuntansi;2020;Orang Tua;Lulus;3.39;8;Rumah Orang Tua
MHS03835;Laki-laki;22;Jawa Tengah;Teknologi Maju dan Multidisiplin;Teknik Industri;2025;Kerja Sendiri (part-time);Aktif;3.51;2;Kos
MHS03836;Laki-laki;23;Jawa Timur;Sains dan Teknologi;Kimia;2022;Beasiswa;Non-Aktif/DO;1.92;2;Rumah Orang Tua
MHS03837;Laki-laki;23;Jawa Timur;Sains dan Teknologi;Sistem Informasi;2021;Orang Tua;Lulus;3.45;8;Kos
MHS03838;Laki-laki;20;Jawa Timur;Hukum;Ilmu Hukum;2025;Kerja Sendiri (part-time);Aktif;2.94;2;Rumah Orang Tua
MHS03839;Laki-laki;24;Jawa Timur;Teknologi Maju dan Multidisiplin;Teknik Robotika dan Kecerdasan Buatan;2023;Pinjaman/Kredit Pendidikan;Aktif;3.19;6;Kos
MHS03840;Perempuan;20;Jawa Timur;FIKKIA Banyuwangi;Kesehatan Masyarakat (FIKKIA Banyuwangi);2025;Orang Tua;Aktif;3.72;2;Rumah Orang Tua
MHS03841;Perempuan;22;Jawa Timur;Perikanan dan Kelautan;Teknologi Hasil Perikanan;2023;Beasiswa;Aktif;3.94;6;Rumah Orang Tua
MHS03842;Laki-laki;25;Jawa Timur;Perikanan dan Kelautan;Akuakultur;2021;Orang Tua;Lulus;3.95;8;Rumah Orang Tua
MHS03843;Perempuan;20;DKI Jakarta;Kesehatan Masyarakat;Kesehatan Masyarakat;2024;Orang Tua;Aktif;3.17;4;Asrama
MHS03844;Perempuan;21;Jawa Timur;Ilmu Sosial dan Ilmu Politik;Ilmu Informasi dan Perpustakaan;2024;Orang Tua;Aktif;2.85;4;Rumah Orang Tua
MHS03845;Perempuan;22;Jawa Timur;Ekonomi dan Bisnis;Akuntansi;2023;Orang Tua;Aktif;3.59;6;Kos
MHS03846;Perempuan;21;Kalimantan Timur;Kesehatan Masyarakat;Kesehatan Masyarakat;2023;Orang Tua;Aktif;3.93;6;Asrama
MHS03847;Perempuan;21;Jawa Timur;Ekonomi dan Bisnis;Manajemen;2023;Beasiswa;Non-Aktif/DO;1.88;2;Kos
MHS03848;Perempuan;24;Jawa Timur;Teknologi Maju dan Multidisiplin;Teknik Robotika dan Kecerdasan Buatan;2021;Beasiswa;Lulus;3.52;8;Rumah Orang Tua
MHS03849;Perempuan;19;Jawa Timur;Ilmu Budaya;Bahasa dan Sastra Jepang;2025;Beasiswa;Aktif;3.48;2;Kos
MHS03850;Laki-laki;20;Jawa Timur;Ilmu Sosial dan Ilmu Politik;Administrasi Publik;2025;Pinjaman/Kredit Pendidikan;Aktif;3.42;2;Kos
MHS03851;Perempuan;19;Jawa Tengah;Ekonomi dan Bisnis;Ilmu Ekonomi;2025;Orang Tua;Aktif;2.4;2;Asrama
MHS03852;Perempuan;28;Jawa Timur;Ilmu Budaya;Bahasa dan Sastra Inggris;2019;Orang Tua;Lulus;3.59;10;Rumah Orang Tua
MHS03853;Perempuan;22;Sulawesi Tenggara;FIKKIA Banyuwangi;Kesehatan Masyarakat (FIKKIA Banyuwangi);2023;Orang Tua;Aktif;2.71;6;Kos
MHS03854;Perempuan;23;Sulawesi Tengah;Perikanan dan Kelautan;Teknologi Hasil Perikanan;2021;Orang Tua;Lulus;3.45;9;Asrama
MHS03855;Laki-laki;21;Jawa Timur;Teknologi Maju dan Multidisiplin;Rekayasa Nanoteknologi;2023;Orang Tua;Aktif;2.9;6;Kos
MHS03856;Laki-laki;20;Jawa Timur;Ekonomi dan Bisnis;Akuntansi;2024;Beasiswa;Cuti;3.02;4;Kos
MHS03857;Laki-laki;20;Jawa Barat;Teknologi Maju dan Multidisiplin;Teknik Industri;2024;Orang Tua;Aktif;3.62;4;Rumah Orang Tua
MHS03858;Perempuan;20;Jawa Timur;Kedokteran Gigi;Kedokteran Gigi;2024;Orang Tua;Aktif;2.69;4;Rumah Orang Tua
MHS03859;Perempuan;26;Gorontalo;Ilmu Sosial dan Ilmu Politik;Ilmu Politik;2022;Orang Tua;Lulus;3.83;8;Kos
MHS03860;Laki-laki;20;Kepulauan Bangka Belitung;Teknologi Maju dan Multidisiplin;Teknik Industri;2025;Orang Tua;Aktif;3.27;2;Kos
MHS03861;Perempuan;23;Lampung;Ilmu Budaya;Bahasa dan Sastra Inggris;2022;Beasiswa;Aktif;3.42;8;Asrama
MHS03862;Perempuan;20;Jawa Timur;Kedokteran;Kebidanan;2025;Orang Tua;Aktif;2.67;2;Rumah Orang Tua
MHS03863;Perempuan;20;Jawa Timur;Perikanan dan Kelautan;Akuakultur;2024;Orang Tua;Aktif;3.39;4;Rumah Orang Tua
MHS03864;Perempuan;24;Jawa Timur;Ilmu Sosial dan Ilmu Politik;Ilmu Hubungan Internasional;2020;Kerja Sendiri (part-time);Non-Aktif/DO;2.96;6;Kos
MHS03865;Laki-laki;22;Riau;Ilmu Budaya;Ilmu Sejarah;2023;Orang Tua;Aktif;3.73;6;Kos
MHS03866;Laki-laki;20;Jawa Timur;Sains dan Teknologi;Matematika;2025;Orang Tua;Aktif;3.57;2;Rumah Orang Tua
MHS03867;Perempuan;20;DKI Jakarta;Ilmu Budaya;Bahasa dan Sastra Indonesia;2024;Beasiswa;Aktif;3.0;4;Kos
MHS03868;Perempuan;25;Jawa Timur;FIKKIA Banyuwangi;Kesehatan Masyarakat (FIKKIA Banyuwangi);2020;Orang Tua;Lulus;3.96;8;Rumah Orang Tua
MHS03869;Laki-laki;21;Aceh;Kesehatan Masyarakat;Kesehatan Masyarakat;2023;Orang Tua;Aktif;2.78;6;Kos
MHS03870;Perempuan;26;Jawa Timur;Sains dan Teknologi;Statistika;2022;Beasiswa;Aktif;3.0;8;Rumah Orang Tua
MHS03871;Perempuan;21;Jawa Timur;Teknologi Maju dan Multidisiplin;Rekayasa Nanoteknologi;2024;Beasiswa;Aktif;2.84;4;Kos
MHS03872;Perempuan;22;Jawa Timur;Kesehatan Masyarakat;Gizi;2022;Orang Tua;Lulus;2.91;8;Rumah Orang Tua
MHS03873;Perempuan;20;Jawa Timur;Sains dan Teknologi;Teknik Biomedis;2025;Orang Tua;Aktif;3.76;2;Rumah Orang Tua
MHS03874;Laki-laki;19;Jawa Tengah;Perikanan dan Kelautan;Akuakultur;2025;Orang Tua;Aktif;3.18;2;Kos
MHS03875;Perempuan;20;Jawa Timur;Ilmu Sosial dan Ilmu Politik;Antropologi;2024;Orang Tua;Aktif;3.41;4;Rumah Orang Tua
MHS03876;Perempuan;20;Jawa Tengah;Keperawatan;Keperawatan;2025;Orang Tua;Aktif;2.17;2;Kos
MHS03877;Perempuan;21;Bali;Perikanan dan Kelautan;Akuakultur;2023;Beasiswa;Aktif;3.12;6;Asrama
MHS03878;Perempuan;20;Jawa Timur;Kesehatan Masyarakat;Kesehatan Masyarakat;2025;Kerja Sendiri (part-time);Aktif;2.93;2;Rumah Orang Tua
MHS03879;Perempuan;20;Jawa Timur;Sains dan Teknologi;Matematika;2025;Orang Tua;Aktif;2.98;2;Asrama
MHS03880;Laki-laki;21;Jawa Timur;Teknologi Maju dan Multidisiplin;Teknik Elektro;2024;Orang Tua;Aktif;3.84;4;Rumah Orang Tua
MHS03881;Laki-laki;21;Jawa Timur;Ilmu Budaya;Ilmu Sejarah;2024;Orang Tua;Aktif;3.35;4;Kos
MHS03882;Laki-laki;19;Jawa Timur;Sains dan Teknologi;Sistem Informasi;2025;Orang Tua;Aktif;3.34;2;Kos
MHS03883;Perempuan;23;DKI Jakarta;Farmasi;Farmasi;2022;Orang Tua;Lulus;4.0;8;Kos
MHS03884;Perempuan;29;Bengkulu;Psikologi;Psikologi;2019;Kerja Sendiri (part-time);Lulus;3.23;9;Asrama
MHS03885;Laki-laki;19;Banten;Sains dan Teknologi;Fisika;2025;Beasiswa;Aktif;2.71;2;Asrama
MHS03886;Perempuan;19;Nusa Tenggara Timur;Ilmu Budaya;Bahasa dan Sastra Jepang;2025;Orang Tua;Aktif;3.21;2;Menumpang Saudara
MHS03887;Perempuan;21;Jawa Timur;Kedokteran Hewan;Kedokteran Hewan;2023;Orang Tua;Aktif;3.9;6;Rumah Orang Tua
MHS03888;Laki-laki;20;Sumatera Barat;Ilmu Sosial dan Ilmu Politik;Ilmu Komunikasi;2024;Orang Tua;Aktif;3.23;4;Asrama
MHS03889;Perempuan;21;Sulawesi Tenggara;Ilmu Sosial dan Ilmu Politik;Ilmu Hubungan Internasional;2023;Beasiswa;Aktif;3.71;6;Asrama
MHS03890;Perempuan;21;Jawa Timur;Ilmu Budaya;Bahasa dan Sastra Inggris;2024;Beasiswa;Aktif;3.21;4;Rumah Orang Tua
MHS03891;Perempuan;20;Jawa Barat;Ilmu Budaya;Bahasa dan Sastra Inggris;2025;Orang Tua;Aktif;3.14;2;Kos
MHS03892;Perempuan;24;Jawa Timur;Kesehatan Masyarakat;Gizi;2021;Orang Tua;Lulus;3.51;8;Rumah Orang Tua
MHS03893;Laki-laki;23;Jawa Barat;Teknologi Maju dan Multidisiplin;Teknik Elektro;2023;Beasiswa;Aktif;3.54;6;Asrama
MHS03894;Perempuan;23;DKI Jakarta;Ilmu Sosial dan Ilmu Politik;Ilmu Komunikasi;2022;Orang Tua;Non-Aktif/DO;2.67;5;Asrama
MHS03895;Laki-laki;21;Nusa Tenggara Timur;Kedokteran Gigi;Kedokteran Gigi;2023;Beasiswa;Aktif;3.52;6;Kos
MHS03896;Perempuan;24;Papua Barat Daya;Sains dan Teknologi;Teknik Lingkungan;2021;Orang Tua;Lulus;3.33;8;Kos
MHS03897;Laki-laki;21;Kalimantan Selatan;FIKKIA Banyuwangi;Akuakultur (FIKKIA Banyuwangi);2023;Beasiswa;Aktif;3.18;6;Kos
MHS03898;Perempuan;22;Jawa Timur;Ekonomi dan Bisnis;Akuntansi;2022;Orang Tua;Lulus;3.12;8;Kos
MHS03899;Perempuan;22;Jawa Timur;Ilmu Budaya;Bahasa dan Sastra Indonesia;2023;Kerja Sendiri (part-time);Aktif;3.34;6;Rumah Orang Tua
MHS03900;Perempuan;22;Jawa Tengah;Keperawatan;Keperawatan;2022;Kerja Sendiri (part-time);Aktif;2.91;8;Asrama
MHS03901;Perempuan;20;Jawa Timur;Ilmu Budaya;Bahasa dan Sastra Jepang;2025;Beasiswa;Aktif;3.16;2;Rumah Orang Tua
MHS03902;Perempuan;23;Kalimantan Timur;Farmasi;Farmasi;2022;Orang Tua;Lulus;3.18;8;Kos
MHS03903;Laki-laki;23;Papua Selatan;Ilmu Budaya;Bahasa dan Sastra Jepang;2024;Orang Tua;Aktif;3.02;4;Asrama
MHS03904;Laki-laki;24;Jawa Timur;Ilmu Sosial dan Ilmu Politik;Sosiologi;2022;Orang Tua;Lulus;3.95;8;Rumah Orang Tua
MHS03905;Perempuan;19;Jawa Timur;Ilmu Sosial dan Ilmu Politik;Ilmu Hubungan Internasional;2025;Kerja Sendiri (part-time);Aktif;1.73;2;Asrama
MHS03906;Perempuan;20;Sulawesi Tenggara;Kedokteran Gigi;Kedokteran Gigi;2024;Beasiswa;Aktif;2.65;4;Kos
MHS03907;Perempuan;22;Jawa Timur;Ilmu Budaya;Bahasa dan Sastra Jepang;2024;Beasiswa;Aktif;4.0;4;Kos
MHS03908;Laki-laki;21;Jawa Timur;Ilmu Sosial dan Ilmu Politik;Antropologi;2023;Orang Tua;Aktif;3.66;6;Rumah Orang Tua
MHS03909;Perempuan;22;Jawa Timur;Teknologi Maju dan Multidisiplin;Rekayasa Nanoteknologi;2022;Orang Tua;Lulus;3.59;8;Rumah Orang Tua
MHS03910;Laki-laki;24;Kalimantan Selatan;Perikanan dan Kelautan;Akuakultur;2021;Orang Tua;Lulus;3.39;8;Asrama
MHS03911;Laki-laki;22;Jawa Timur;Ekonomi dan Bisnis;Akuntansi;2022;Orang Tua;Aktif;3.63;8;Rumah Orang Tua
MHS03912;Perempuan;20;Jawa Barat;Ilmu Sosial dan Ilmu Politik;Ilmu Komunikasi;2025;Beasiswa;Aktif;2.9;2;Rumah Orang Tua
MHS03913;Laki-laki;23;Jawa Timur;Perikanan dan Kelautan;Akuakultur;2021;Orang Tua;Lulus;3.54;8;Kos
MHS03914;Perempuan;23;Jawa Timur;Ilmu Sosial dan Ilmu Politik;Ilmu Politik;2023;Orang Tua;Aktif;2.81;6;Rumah Orang Tua
MHS03915;Laki-laki;22;DI Yogyakarta;Teknologi Maju dan Multidisiplin;Teknik Elektro;2022;Orang Tua;Lulus;3.5;8;Menumpang Saudara
MHS03916;Laki-laki;22;Nusa Tenggara Timur;Sains dan Teknologi;Matematika;2023;Orang Tua;Aktif;3.55;6;Asrama
MHS03917;Perempuan;25;Jawa Timur;Ilmu Sosial dan Ilmu Politik;Sosiologi;2019;Orang Tua;Lulus;2.96;11;Asrama
MHS03918;Laki-laki;25;Jawa Timur;Perikanan dan Kelautan;Teknologi Hasil Perikanan;2020;Orang Tua;Lulus;3.49;8;Rumah Orang Tua
MHS03919;Laki-laki;20;Jawa Timur;Kesehatan Masyarakat;Kesehatan Masyarakat;2025;Orang Tua;Aktif;3.83;2;Kos
MHS03920;Perempuan;19;Jawa Timur;Kedokteran;Kedokteran;2025;Orang Tua;Aktif;3.06;2;Menumpang Saudara
MHS03921;Perempuan;25;Jawa Timur;Sains dan Teknologi;Biologi;2020;Kerja Sendiri (part-time);Lulus;3.88;8;Rumah Orang Tua
MHS03922;Laki-laki;22;DI Yogyakarta;FIKKIA Banyuwangi;Akuakultur (FIKKIA Banyuwangi);2023;Orang Tua;Aktif;2.92;6;Rumah Orang Tua
MHS03923;Perempuan;24;Jawa Timur;Ilmu Sosial dan Ilmu Politik;Antropologi;2021;Orang Tua;Lulus;3.91;8;Rumah Orang Tua
MHS03924;Laki-laki;24;Jawa Tengah;Ilmu Sosial dan Ilmu Politik;Sosiologi;2021;Beasiswa;Lulus;3.64;9;Rumah Orang Tua
MHS03925;Laki-laki;21;Jawa Timur;Teknologi Maju dan Multidisiplin;Teknik Elektro;2023;Beasiswa;Aktif;3.67;6;Rumah Orang Tua
MHS03926;Laki-laki;19;Jawa Timur;Sains dan Teknologi;Fisika;2025;Beasiswa;Aktif;3.03;2;Rumah Orang Tua
MHS03927;Laki-laki;20;Jawa Timur;Sains dan Teknologi;Fisika;2025;Kerja Sendiri (part-time);Aktif;3.28;2;Kos
MHS03928;Perempuan;21;Jawa Timur;Ekonomi dan Bisnis;Ekonomi Islam;2023;Orang Tua;Aktif;3.31;6;Rumah Orang Tua
MHS03929;Perempuan;24;Jawa Timur;Teknologi Maju dan Multidisiplin;Teknik Elektro;2021;Orang Tua;Lulus;3.42;8;Kos
MHS03930;Perempuan;21;Jawa Timur;Ilmu Budaya;Bahasa dan Sastra Inggris;2023;Beasiswa;Aktif;3.73;6;Rumah Orang Tua
MHS03931;Perempuan;20;Jawa Timur;FIKKIA Banyuwangi;Kesehatan Masyarakat (FIKKIA Banyuwangi);2025;Kerja Sendiri (part-time);Aktif;3.21;2;Rumah Orang Tua
MHS03932;Perempuan;24;Papua;FIKKIA Banyuwangi;Akuakultur (FIKKIA Banyuwangi);2020;Orang Tua;Lulus;3.83;8;Kos
MHS03933;Perempuan;20;Kalimantan Selatan;Ekonomi dan Bisnis;Ekonomi Islam;2024;Orang Tua;Aktif;3.1;4;Kos
MHS03934;Perempuan;20;Jawa Barat;Farmasi;Farmasi;2024;Orang Tua;Aktif;3.23;4;Menumpang Saudara
MHS03935;Perempuan;20;Jawa Timur;Ilmu Budaya;Bahasa dan Sastra Indonesia;2025;Orang Tua;Aktif;3.06;2;Kos
MHS03936;Perempuan;20;Jawa Timur;Keperawatan;Keperawatan;2025;Orang Tua;Aktif;2.47;2;Rumah Orang Tua
MHS03937;Perempuan;20;Jawa Timur;Kesehatan Masyarakat;Gizi;2024;Kerja Sendiri (part-time);Aktif;3.8;4;Rumah Orang Tua
MHS03938;Perempuan;22;Jawa Timur;Ekonomi dan Bisnis;Manajemen;2023;Orang Tua;Aktif;3.16;6;Rumah Orang Tua
MHS03939;Laki-laki;20;Jawa Timur;Teknologi Maju dan Multidisiplin;Teknik Robotika dan Kecerdasan Buatan;2024;Orang Tua;Aktif;3.21;4;Kos
MHS03940;Perempuan;22;Jawa Timur;Ilmu Sosial dan Ilmu Politik;Sosiologi;2023;Orang Tua;Aktif;3.67;6;Rumah Orang Tua
MHS03941;Laki-laki;22;Jawa Timur;Ilmu Sosial dan Ilmu Politik;Sosiologi;2023;Orang Tua;Aktif;3.3;6;Rumah Orang Tua
MHS03942;Perempuan;21;Jawa Timur;Sains dan Teknologi;Kimia;2024;Pinjaman/Kredit Pendidikan;Aktif;2.87;4;Asrama
MHS03943;Laki-laki;23;Kepulauan Riau;Ekonomi dan Bisnis;Manajemen;2021;Orang Tua;Lulus;3.44;8;Asrama
MHS03944;Laki-laki;22;Jawa Timur;Sains dan Teknologi;Statistika;2024;Orang Tua;Aktif;3.26;4;Rumah Orang Tua
MHS03945;Laki-laki;21;Nusa Tenggara Barat;FIKKIA Banyuwangi;Akuakultur (FIKKIA Banyuwangi);2023;Orang Tua;Aktif;3.35;6;Asrama
MHS03946;Perempuan;23;DKI Jakarta;Sains dan Teknologi;Kimia;2022;Orang Tua;Lulus;3.24;8;Asrama
MHS03947;Laki-laki;20;Jawa Timur;Sains dan Teknologi;Sistem Informasi;2024;Orang Tua;Aktif;3.03;4;Rumah Orang Tua
MHS03948;Laki-laki;20;Jawa Timur;Sains dan Teknologi;Statistika;2025;Orang Tua;Aktif;2.88;2;Menumpang Saudara
MHS03949;Laki-laki;22;Jawa Timur;Perikanan dan Kelautan;Akuakultur;2022;Orang Tua;Lulus;3.36;8;Rumah Orang Tua
MHS03950;Perempuan;19;Nusa Tenggara Timur;Ilmu Sosial dan Ilmu Politik;Ilmu Komunikasi;2025;Orang Tua;Aktif;2.7;2;Kos
MHS03951;Perempuan;22;Jawa Timur;Kedokteran;Kedokteran;2023;Orang Tua;Aktif;3.11;6;Kos
MHS03952;Perempuan;20;Jawa Timur;Farmasi;Farmasi;2024;Orang Tua;Aktif;3.03;4;Asrama
MHS03953;Perempuan;23;Jawa Tengah;Ilmu Sosial dan Ilmu Politik;Ilmu Informasi dan Perpustakaan;2021;Beasiswa;Lulus;3.02;9;Kos
MHS03954;Laki-laki;20;Papua Tengah;Teknologi Maju dan Multidisiplin;Teknik Robotika dan Kecerdasan Buatan;2025;Orang Tua;Aktif;3.79;2;Menumpang Saudara
MHS03955;Perempuan;23;DI Yogyakarta;Ekonomi dan Bisnis;Akuntansi;2022;Beasiswa;Aktif;2.41;8;Rumah Orang Tua
MHS03956;Laki-laki;23;Jawa Timur;Ilmu Sosial dan Ilmu Politik;Sosiologi;2023;Orang Tua;Aktif;2.93;6;Kos
MHS03957;Perempuan;20;Aceh;Ekonomi dan Bisnis;Ilmu Ekonomi;2024;Beasiswa;Aktif;2.86;4;Asrama
MHS03958;Perempuan;24;Aceh;Hukum;Ilmu Hukum;2023;Orang Tua;Aktif;3.78;6;Kos
MHS03959;Perempuan;22;Jawa Timur;Teknologi Maju dan Multidisiplin;Teknik Industri;2023;Orang Tua;Aktif;3.22;6;Asrama
MHS03960;Laki-laki;21;Jawa Timur;Kedokteran Hewan;Kedokteran Hewan;2023;Beasiswa;Aktif;2.86;6;Kos
MHS03961;Laki-laki;21;Jawa Timur;Ilmu Sosial dan Ilmu Politik;Ilmu Hubungan Internasional;2024;Beasiswa;Cuti;3.25;4;Menumpang Saudara
MHS03962;Perempuan;22;DI Yogyakarta;Keperawatan;Keperawatan;2022;Orang Tua;Lulus;2.8;8;Asrama
MHS03963;Perempuan;20;Jawa Timur;Kesehatan Masyarakat;Kesehatan Masyarakat;2024;Orang Tua;Aktif;4.0;4;Rumah Orang Tua
MHS03964;Perempuan;21;Jawa Timur;Kedokteran Hewan;Kedokteran Hewan;2023;Orang Tua;Aktif;3.89;6;Kos
MHS03965;Laki-laki;19;Jawa Tengah;Sains dan Teknologi;Teknik Biomedis;2025;Beasiswa;Aktif;2.98;2;Kos
MHS03966;Perempuan;25;Jawa Tengah;FIKKIA Banyuwangi;Kedokteran (FIKKIA Banyuwangi);2020;Orang Tua;Lulus;3.58;8;Asrama
MHS03967;Perempuan;21;Papua Tengah;Ekonomi dan Bisnis;Manajemen;2023;Beasiswa;Aktif;3.11;6;Asrama
MHS03968;Perempuan;20;Jawa Timur;Farmasi;Farmasi;2024;Beasiswa;Aktif;3.27;4;Rumah Orang Tua
MHS03969;Laki-laki;24;Jawa Tengah;Perikanan dan Kelautan;Akuakultur;2021;Orang Tua;Lulus;3.28;8;Kos
MHS03970;Perempuan;22;Jawa Tengah;Ekonomi dan Bisnis;Ilmu Ekonomi;2023;Orang Tua;Aktif;3.6;6;Kos
MHS03971;Perempuan;22;Jawa Timur;Farmasi;Farmasi;2022;Orang Tua;Non-Aktif/DO;2.49;3;Rumah Orang Tua
MHS03972;Laki-laki;20;Jawa Tengah;Kesehatan Masyarakat;Kesehatan Masyarakat;2025;Beasiswa;Aktif;2.76;2;Rumah Orang Tua
MHS03973;Perempuan;19;Jawa Barat;Sains dan Teknologi;Biologi;2025;Beasiswa;Aktif;3.29;2;Asrama
MHS03974;Laki-laki;23;Sulawesi Utara;Perikanan dan Kelautan;Teknologi Hasil Perikanan;2021;Beasiswa;Lulus;3.3;8;Asrama
MHS03975;Perempuan;19;Jawa Timur;Sains dan Teknologi;Matematika;2025;Orang Tua;Aktif;2.79;2;Rumah Orang Tua
MHS03976;Laki-laki;21;Jawa Timur;Teknologi Maju dan Multidisiplin;Teknologi Sains Data;2023;Orang Tua;Aktif;3.72;6;Asrama
MHS03977;Perempuan;19;Jawa Timur;Ilmu Budaya;Bahasa dan Sastra Inggris;2025;Orang Tua;Aktif;3.5;2;Kos
MHS03978;Laki-laki;23;Jawa Timur;Ilmu Budaya;Ilmu Sejarah;2022;Orang Tua;Lulus;3.38;8;Rumah Orang Tua
MHS03979;Perempuan;22;Nusa Tenggara Barat;Perikanan dan Kelautan;Teknologi Hasil Perikanan;2023;Orang Tua;Aktif;3.43;6;Asrama
MHS03980;Laki-laki;19;Jawa Timur;Perikanan dan Kelautan;Teknologi Hasil Perikanan;2025;Pinjaman/Kredit Pendidikan;Aktif;3.78;2;Asrama
MHS03981;Perempuan;23;Jawa Timur;Hukum;Ilmu Hukum;2022;Orang Tua;Lulus;3.57;8;Kos
MHS03982;Perempuan;21;Jawa Barat;FIKKIA Banyuwangi;Kesehatan Masyarakat (FIKKIA Banyuwangi);2023;Orang Tua;Aktif;3.99;6;Asrama
MHS03983;Laki-laki;22;Jawa Timur;Ilmu Budaya;Ilmu Sejarah;2023;Kerja Sendiri (part-time);Aktif;3.27;6;Kos
MHS03984;Perempuan;25;Jawa Timur;Kedokteran Gigi;Kedokteran Gigi;2020;Orang Tua;Lulus;2.74;9;Kos
MHS03985;Laki-laki;24;Jawa Timur;Ilmu Sosial dan Ilmu Politik;Administrasi Publik;2020;Orang Tua;Lulus;3.75;8;Kos
MHS03986;Perempuan;20;Jawa Timur;Ilmu Sosial dan Ilmu Politik;Ilmu Politik;2025;Orang Tua;Aktif;3.02;2;Rumah Orang Tua
MHS03987;Laki-laki;22;Jawa Timur;Ilmu Sosial dan Ilmu Politik;Ilmu Politik;2024;Orang Tua;Aktif;3.9;4;Kos
MHS03988;Perempuan;24;Sumatera Barat;Ilmu Budaya;Bahasa dan Sastra Jepang;2024;Orang Tua;Aktif;3.03;4;Kos
MHS03989;Perempuan;19;Jawa Timur;Ilmu Sosial dan Ilmu Politik;Ilmu Politik;2025;Orang Tua;Aktif;3.95;2;Rumah Orang Tua
MHS03990;Perempuan;19;Jawa Timur;Kesehatan Masyarakat;Gizi;2025;Beasiswa;Aktif;2.56;2;Rumah Orang Tua
MHS03991;Perempuan;22;Jawa Timur;Teknologi Maju dan Multidisiplin;Teknik Industri;2023;Orang Tua;Aktif;2.26;6;Rumah Orang Tua
MHS03992;Perempuan;23;Jawa Timur;Kedokteran Gigi;Kedokteran Gigi;2021;Pinjaman/Kredit Pendidikan;Non-Aktif/DO;2.54;8;Rumah Orang Tua
MHS03993;Laki-laki;21;Jawa Timur;FIKKIA Banyuwangi;Akuakultur (FIKKIA Banyuwangi);2024;Orang Tua;Aktif;3.06;4;Rumah Orang Tua
MHS03994;Laki-laki;20;Jawa Tengah;Sains dan Teknologi;Kimia;2025;Orang Tua;Aktif;3.91;2;Kos
MHS03995;Perempuan;23;Jawa Timur;Ilmu Sosial dan Ilmu Politik;Ilmu Komunikasi;2021;Beasiswa;Lulus;3.81;8;Asrama
MHS03996;Perempuan;23;Jawa Barat;Ilmu Budaya;Ilmu Sejarah;2022;Orang Tua;Lulus;3.59;8;Menumpang Saudara
MHS03997;Laki-laki;20;Jawa Timur;Ilmu Sosial dan Ilmu Politik;Ilmu Hubungan Internasional;2024;Orang Tua;Aktif;3.05;4;Kos
MHS03998;Perempuan;21;Jawa Tengah;Ilmu Sosial dan Ilmu Politik;Ilmu Hubungan Internasional;2023;Pinjaman/Kredit Pendidikan;Aktif;3.14;6;Kos
MHS03999;Perempuan;19;Jawa Timur;Ilmu Sosial dan Ilmu Politik;Administrasi Publik;2025;Beasiswa;Aktif;2.28;2;Kos
MHS04000;Laki-laki;26;Jawa Timur;Kedokteran;Kedokteran;2019;Orang Tua;Lulus;3.89;8;Menumpang Saudara
MHS04001;Perempuan;22;Lampung;Ekonomi dan Bisnis;Manajemen;2023;Beasiswa;Aktif;3.94;6;Asrama
MHS04002;Perempuan;22;Jawa Timur;Kesehatan Masyarakat;Gizi;2022;Orang Tua;Lulus;3.48;8;Kos
MHS04003;Laki-laki;23;Sulawesi Utara;Psikologi;Psikologi;2023;Orang Tua;Cuti;2.6;6;Asrama
MHS04004;Laki-laki;23;Jawa Timur;Ilmu Budaya;Bahasa dan Sastra Inggris;2022;Kerja Sendiri (part-time);Non-Aktif/DO;2.78;2;Asrama
MHS04005;Perempuan;24;Nusa Tenggara Barat;Kedokteran;Kebidanan;2020;Beasiswa;Lulus;3.53;9;Kos
MHS04006;Perempuan;23;Papua Barat;Sains dan Teknologi;Sistem Informasi;2022;Orang Tua;Aktif;3.0;8;Kos
MHS04007;Laki-laki;24;Jawa Timur;FIKKIA Banyuwangi;Akuakultur (FIKKIA Banyuwangi);2021;Kerja Sendiri (part-time);Lulus;2.7;10;Asrama
MHS04008;Perempuan;21;Jawa Timur;Kedokteran Hewan;Kedokteran Hewan;2024;Orang Tua;Aktif;2.91;4;Asrama
MHS04009;Laki-laki;21;Jawa Tengah;Ilmu Sosial dan Ilmu Politik;Ilmu Hubungan Internasional;2023;Beasiswa;Aktif;2.89;6;Menumpang Saudara
MHS04010;Perempuan;26;Jawa Timur;Sains dan Teknologi;Fisika;2022;Orang Tua;Aktif;3.13;8;Rumah Orang Tua
MHS04011;Perempuan;21;Banten;Ekonomi dan Bisnis;Manajemen;2024;Orang Tua;Aktif;3.04;4;Kos
MHS04012;Laki-laki;20;Sumatera Utara;Kedokteran Hewan;Kedokteran Hewan;2025;Orang Tua;Aktif;2.83;2;Kos
MHS04013;Perempuan;26;Kalimantan Timur;Sains dan Teknologi;Fisika;2020;Orang Tua;Lulus;3.39;8;Asrama
MHS04014;Perempuan;19;Jawa Barat;Kesehatan Masyarakat;Kesehatan Masyarakat;2025;Orang Tua;Aktif;3.72;2;Asrama
MHS04015;Perempuan;26;Jawa Timur;Farmasi;Farmasi;2020;Beasiswa;Lulus;3.63;8;Asrama
MHS04016;Perempuan;25;Jawa Timur;Kedokteran;Kedokteran;2019;Orang Tua;Lulus;3.82;9;Kos
MHS04017;Laki-laki;21;Jawa Timur;Teknologi Maju dan Multidisiplin;Teknik Industri;2023;Orang Tua;Aktif;3.96;6;Rumah Orang Tua
MHS04018;Perempuan;24;Jawa Barat;Keperawatan;Keperawatan;2021;Orang Tua;Non-Aktif/DO;2.75;5;Menumpang Saudara
MHS04019;Perempuan;24;Jawa Timur;Kedokteran Hewan;Kedokteran Hewan;2020;Orang Tua;Lulus;3.09;8;Rumah Orang Tua
MHS04020;Perempuan;25;Jawa Barat;Sains dan Teknologi;Statistika;2019;Orang Tua;Lulus;3.74;8;Asrama
MHS04021;Perempuan;20;Jawa Timur;Ilmu Budaya;Ilmu Sejarah;2025;Kerja Sendiri (part-time);Aktif;2.66;2;Rumah Orang Tua
MHS04022;Laki-laki;21;Jawa Timur;Ilmu Sosial dan Ilmu Politik;Ilmu Hubungan Internasional;2023;Pinjaman/Kredit Pendidikan;Aktif;2.65;6;Kos
MHS04023;Perempuan;20;Jawa Tengah;Ilmu Sosial dan Ilmu Politik;Ilmu Komunikasi;2024;Beasiswa;Aktif;3.89;4;Menumpang Saudara
MHS04024;Perempuan;21;Lampung;Ilmu Sosial dan Ilmu Politik;Ilmu Politik;2023;Orang Tua;Aktif;2.75;6;Kos
MHS04025;Perempuan;23;Papua Barat Daya;Ilmu Sosial dan Ilmu Politik;Ilmu Komunikasi;2022;Orang Tua;Lulus;3.98;8;Asrama
MHS04026;Perempuan;21;Jawa Timur;Ilmu Budaya;Bahasa dan Sastra Inggris;2023;Kerja Sendiri (part-time);Aktif;3.51;6;Rumah Orang Tua
MHS04027;Laki-laki;19;Kepulauan Riau;Teknologi Maju dan Multidisiplin;Teknologi Sains Data;2025;Orang Tua;Aktif;2.28;2;Kos
MHS04028;Perempuan;22;Papua;FIKKIA Banyuwangi;Akuakultur (FIKKIA Banyuwangi);2022;Orang Tua;Lulus;3.85;8;Kos
MHS04029;Laki-laki;23;Jawa Timur;Ilmu Budaya;Ilmu Sejarah;2022;Orang Tua;Lulus;3.59;8;Rumah Orang Tua
MHS04030;Perempuan;22;Jawa Timur;Ilmu Sosial dan Ilmu Politik;Antropologi;2023;Orang Tua;Aktif;3.37;6;Rumah Orang Tua
MHS04031;Laki-laki;21;Jawa Timur;Sains dan Teknologi;Fisika;2024;Orang Tua;Aktif;3.26;4;Rumah Orang Tua
MHS04032;Perempuan;20;Jawa Timur;Ilmu Budaya;Ilmu Sejarah;2024;Orang Tua;Aktif;3.15;4;Rumah Orang Tua
MHS04033;Laki-laki;21;Jawa Tengah;Teknologi Maju dan Multidisiplin;Teknologi Sains Data;2025;Orang Tua;Aktif;2.93;2;Rumah Orang Tua
MHS04034;Laki-laki;20;Jawa Timur;Sains dan Teknologi;Biologi;2024;Kerja Sendiri (part-time);Aktif;3.33;4;Rumah Orang Tua
MHS04035;Laki-laki;20;Jawa Timur;Ilmu Sosial dan Ilmu Politik;Sosiologi;2025;Orang Tua;Aktif;3.43;2;Rumah Orang Tua
MHS04036;Laki-laki;20;Jawa Timur;Ilmu Sosial dan Ilmu Politik;Sosiologi;2024;Orang Tua;Aktif;3.19;4;Rumah Orang Tua
MHS04037;Perempuan;20;Jawa Timur;Perikanan dan Kelautan;Teknologi Hasil Perikanan;2025;Orang Tua;Cuti;3.43;2;Rumah Orang Tua
MHS04038;Laki-laki;21;DKI Jakarta;Sains dan Teknologi;Sistem Informasi;2024;Orang Tua;Aktif;3.51;4;Menumpang Saudara
MHS04039;Perempuan;20;Jawa Timur;FIKKIA Banyuwangi;Kesehatan Masyarakat (FIKKIA Banyuwangi);2024;Orang Tua;Aktif;3.11;4;Rumah Orang Tua
MHS04040;Perempuan;22;Jawa Timur;Kedokteran;Kedokteran;2023;Beasiswa;Aktif;2.93;6;Kos
MHS04041;Perempuan;23;Jawa Timur;Kesehatan Masyarakat;Gizi;2021;Orang Tua;Lulus;3.2;9;Kos
MHS04042;Perempuan;24;Jawa Timur;Teknologi Maju dan Multidisiplin;Rekayasa Nanoteknologi;2021;Beasiswa;Lulus;3.25;10;Asrama
MHS04043;Perempuan;25;Jawa Barat;Kedokteran Hewan;Kedokteran Hewan;2020;Orang Tua;Lulus;3.32;10;Kos
MHS04044;Laki-laki;21;Jawa Timur;Kesehatan Masyarakat;Kesehatan Masyarakat;2024;Orang Tua;Aktif;3.52;4;Rumah Orang Tua
MHS04045;Laki-laki;23;Jawa Timur;Sains dan Teknologi;Matematika;2021;Kerja Sendiri (part-time);Lulus;3.52;9;Kos
MHS04046;Laki-laki;21;Jawa Timur;Kedokteran Hewan;Kedokteran Hewan;2024;Orang Tua;Aktif;3.36;4;Kos
MHS04047;Perempuan;21;Banten;Hukum;Ilmu Hukum;2024;Pinjaman/Kredit Pendidikan;Cuti;3.18;4;Kos
MHS04048;Perempuan;20;Kalimantan Barat;Perikanan dan Kelautan;Akuakultur;2025;Orang Tua;Aktif;2.49;2;Kos
MHS04049;Perempuan;25;Jawa Timur;Kesehatan Masyarakat;Gizi;2020;Beasiswa;Lulus;3.19;8;Rumah Orang Tua
MHS04050;Perempuan;22;DI Yogyakarta;Sains dan Teknologi;Teknik Biomedis;2023;Orang Tua;Cuti;3.85;6;Asrama
MHS04051;Perempuan;25;Jawa Timur;FIKKIA Banyuwangi;Kesehatan Masyarakat (FIKKIA Banyuwangi);2019;Kerja Sendiri (part-time);Lulus;3.22;9;Rumah Orang Tua
MHS04052;Perempuan;22;Jawa Timur;Sains dan Teknologi;Teknik Biomedis;2023;Beasiswa;Aktif;2.83;6;Rumah Orang Tua
MHS04053;Laki-laki;21;Jawa Timur;Ilmu Sosial dan Ilmu Politik;Administrasi Publik;2024;Beasiswa;Aktif;2.65;4;Rumah Orang Tua
MHS04054;Laki-laki;19;Jawa Barat;Ekonomi dan Bisnis;Akuntansi;2025;Orang Tua;Aktif;3.76;2;Menumpang Saudara
MHS04055;Perempuan;21;Kalimantan Timur;Kesehatan Masyarakat;Gizi;2023;Orang Tua;Aktif;3.97;6;Kos
MHS04056;Laki-laki;21;Jawa Timur;Teknologi Maju dan Multidisiplin;Teknik Industri;2023;Orang Tua;Aktif;2.51;6;Rumah Orang Tua
MHS04057;Perempuan;21;Jawa Timur;Sains dan Teknologi;Biologi;2023;Beasiswa;Aktif;3.1;6;Asrama
MHS04058;Perempuan;26;Jawa Timur;Kedokteran Gigi;Kedokteran Gigi;2022;Beasiswa;Lulus;3.47;8;Kos
MHS04059;Laki-laki;23;Jawa Timur;Ilmu Sosial dan Ilmu Politik;Sosiologi;2021;Orang Tua;Lulus;3.1;9;Rumah Orang Tua
MHS04060;Perempuan;23;Bengkulu;Sains dan Teknologi;Teknik Lingkungan;2022;Orang Tua;Cuti;2.95;8;Kos
MHS04061;Perempuan;24;Jawa Tengah;Ilmu Sosial dan Ilmu Politik;Ilmu Hubungan Internasional;2021;Kerja Sendiri (part-time);Lulus;2.79;8;Rumah Orang Tua
MHS04062;Laki-laki;24;Bali;Sains dan Teknologi;Fisika;2020;Orang Tua;Lulus;3.91;8;Kos
MHS04063;Perempuan;20;Jawa Timur;Ilmu Budaya;Bahasa dan Sastra Jepang;2024;Orang Tua;Aktif;3.13;4;Rumah Orang Tua
MHS04064;Perempuan;22;Jawa Tengah;Kedokteran;Kebidanan;2022;Orang Tua;Aktif;3.47;8;Kos
MHS04065;Perempuan;23;DKI Jakarta;Ekonomi dan Bisnis;Akuntansi;2022;Beasiswa;Aktif;3.28;8;Rumah Orang Tua
MHS04066;Perempuan;21;Sulawesi Barat;Kedokteran;Kedokteran;2024;Kerja Sendiri (part-time);Aktif;2.84;4;Menumpang Saudara
MHS04067;Laki-laki;20;Nusa Tenggara Timur;Ekonomi dan Bisnis;Ekonomi Islam;2025;Orang Tua;Aktif;2.7;2;Asrama
MHS04068;Laki-laki;23;Jawa Barat;Sains dan Teknologi;Teknik Biomedis;2021;Orang Tua;Lulus;2.65;9;Asrama
MHS04069;Laki-laki;19;Nusa Tenggara Timur;Teknologi Maju dan Multidisiplin;Teknik Elektro;2025;Orang Tua;Aktif;2.77;2;Kos
MHS04070;Laki-laki;23;Jawa Timur;Kedokteran Gigi;Kedokteran Gigi;2024;Orang Tua;Aktif;2.6;4;Rumah Orang Tua
MHS04071;Laki-laki;20;Kalimantan Utara;FIKKIA Banyuwangi;Kedokteran Hewan (FIKKIA Banyuwangi);2024;Orang Tua;Aktif;3.59;4;Kos
MHS04072;Perempuan;21;Jawa Timur;Sains dan Teknologi;Matematika;2024;Kerja Sendiri (part-time);Aktif;3.81;4;Rumah Orang Tua
MHS04073;Perempuan;22;Jawa Timur;Sains dan Teknologi;Fisika;2025;Orang Tua;Aktif;3.12;2;Rumah Orang Tua
MHS04074;Perempuan;19;Kalimantan Barat;Ekonomi dan Bisnis;Ekonomi Islam;2025;Beasiswa;Aktif;2.97;2;Kos
MHS04075;Perempuan;22;Jawa Timur;Farmasi;Farmasi;2023;Orang Tua;Aktif;3.67;6;Asrama
MHS04076;Laki-laki;22;Jawa Timur;Ilmu Budaya;Bahasa dan Sastra Jepang;2022;Orang Tua;Aktif;3.45;8;Kos
MHS04077;Perempuan;25;Jawa Timur;Hukum;Ilmu Hukum;2020;Pinjaman/Kredit Pendidikan;Lulus;3.14;8;Kos
MHS04078;Perempuan;19;Kalimantan Barat;Teknologi Maju dan Multidisiplin;Teknik Elektro;2025;Orang Tua;Aktif;3.46;2;Menumpang Saudara
MHS04079;Perempuan;19;Jawa Timur;Ilmu Sosial dan Ilmu Politik;Ilmu Komunikasi;2025;Orang Tua;Non-Aktif/DO;1.78;2;Rumah Orang Tua
MHS04080;Perempuan;19;Jawa Timur;Teknologi Maju dan Multidisiplin;Teknologi Sains Data;2025;Orang Tua;Aktif;3.15;2;Rumah Orang Tua
MHS04081;Perempuan;22;Jawa Timur;Ekonomi dan Bisnis;Manajemen;2024;Beasiswa;Aktif;3.25;4;Rumah Orang Tua
MHS04082;Laki-laki;20;Maluku Utara;Teknologi Maju dan Multidisiplin;Teknik Industri;2024;Orang Tua;Aktif;3.44;4;Asrama
MHS04083;Perempuan;22;Nusa Tenggara Barat;Psikologi;Psikologi;2024;Orang Tua;Aktif;3.35;4;Kos
MHS04084;Laki-laki;22;Jawa Tengah;Teknologi Maju dan Multidisiplin;Teknologi Sains Data;2023;Orang Tua;Aktif;3.04;6;Kos
MHS04085;Perempuan;20;Jawa Barat;Ilmu Sosial dan Ilmu Politik;Antropologi;2024;Beasiswa;Aktif;3.39;4;Menumpang Saudara
MHS04086;Laki-laki;20;Jawa Tengah;Ilmu Sosial dan Ilmu Politik;Sosiologi;2024;Beasiswa;Aktif;3.05;4;Kos
MHS04087;Perempuan;24;Sumatera Selatan;Kedokteran;Kedokteran;2021;Orang Tua;Aktif;3.18;10;Kos
MHS04088;Laki-laki;22;Jawa Timur;Ekonomi dan Bisnis;Ilmu Ekonomi;2023;Orang Tua;Aktif;3.25;6;Rumah Orang Tua
MHS04089;Perempuan;23;Kalimantan Tengah;Ekonomi dan Bisnis;Akuntansi;2021;Orang Tua;Lulus;3.86;8;Kos
MHS04090;Perempuan;20;Jawa Timur;Teknologi Maju dan Multidisiplin;Teknologi Sains Data;2025;Orang Tua;Aktif;2.81;2;Rumah Orang Tua
MHS04091;Laki-laki;24;Jawa Timur;Ekonomi dan Bisnis;Manajemen;2021;Orang Tua;Non-Aktif/DO;3.38;4;Rumah Orang Tua
MHS04092;Laki-laki;20;Lampung;Ilmu Sosial dan Ilmu Politik;Sosiologi;2024;Beasiswa;Aktif;3.19;4;Asrama
MHS04093;Laki-laki;20;Jawa Timur;Sains dan Teknologi;Teknik Lingkungan;2024;Beasiswa;Aktif;2.42;4;Rumah Orang Tua
MHS04094;Laki-laki;24;Jawa Timur;Perikanan dan Kelautan;Akuakultur;2021;Beasiswa;Lulus;3.45;9;Kos
MHS04095;Perempuan;21;Jawa Timur;Ilmu Budaya;Ilmu Sejarah;2024;Orang Tua;Aktif;2.87;4;Kos
MHS04096;Perempuan;23;Sumatera Selatan;Teknologi Maju dan Multidisiplin;Teknologi Sains Data;2022;Orang Tua;Non-Aktif/DO;2.8;5;Asrama
MHS04097;Laki-laki;21;Riau;Teknologi Maju dan Multidisiplin;Teknik Elektro;2024;Orang Tua;Aktif;3.38;4;Kos
MHS04098;Perempuan;20;Jawa Barat;FIKKIA Banyuwangi;Kedokteran (FIKKIA Banyuwangi);2025;Kerja Sendiri (part-time);Aktif;2.74;2;Kos
MHS04099;Perempuan;20;Sumatera Utara;Psikologi;Psikologi;2025;Orang Tua;Aktif;3.69;2;Asrama
MHS04100;Perempuan;20;Lampung;Ilmu Sosial dan Ilmu Politik;Ilmu Politik;2025;Orang Tua;Aktif;3.53;2;Kos
MHS04101;Perempuan;25;Jawa Timur;Kesehatan Masyarakat;Kesehatan Masyarakat;2019;Orang Tua;Lulus;3.51;8;Rumah Orang Tua
MHS04102;Perempuan;23;Jawa Timur;Ilmu Budaya;Bahasa dan Sastra Jepang;2022;Beasiswa;Aktif;2.47;8;Rumah Orang Tua
MHS04103;Perempuan;20;Nusa Tenggara Timur;Ilmu Budaya;Bahasa dan Sastra Indonesia;2024;Orang Tua;Cuti;3.72;4;Kos
MHS04104;Laki-laki;22;Lampung;Teknologi Maju dan Multidisiplin;Teknik Robotika dan Kecerdasan Buatan;2023;Beasiswa;Aktif;2.68;6;Asrama
MHS04105;Perempuan;19;Jawa Barat;Sains dan Teknologi;Teknik Lingkungan;2025;Orang Tua;Aktif;3.7;2;Kos
MHS04106;Perempuan;20;Jawa Timur;Ilmu Budaya;Ilmu Sejarah;2025;Orang Tua;Aktif;2.59;2;Kos
MHS04107;Perempuan;21;DKI Jakarta;Ilmu Budaya;Bahasa dan Sastra Indonesia;2024;Orang Tua;Aktif;3.24;4;Asrama
MHS04108;Perempuan;22;DKI Jakarta;Psikologi;Psikologi;2023;Orang Tua;Aktif;4.0;6;Asrama
MHS04109;Perempuan;21;Jawa Timur;Kedokteran;Kebidanan;2023;Orang Tua;Aktif;3.01;6;Menumpang Saudara
MHS04110;Laki-laki;22;Jawa Timur;Ilmu Budaya;Bahasa dan Sastra Inggris;2023;Orang Tua;Aktif;3.42;6;Rumah Orang Tua
MHS04111;Perempuan;21;Jawa Timur;Teknologi Maju dan Multidisiplin;Teknik Robotika dan Kecerdasan Buatan;2024;Orang Tua;Aktif;3.69;4;Menumpang Saudara
MHS04112;Laki-laki;21;Kalimantan Selatan;Ilmu Budaya;Bahasa dan Sastra Jepang;2023;Beasiswa;Non-Aktif/DO;1.55;2;Kos
MHS04113;Perempuan;19;Jawa Timur;FIKKIA Banyuwangi;Kesehatan Masyarakat (FIKKIA Banyuwangi);2025;Orang Tua;Aktif;2.72;2;Rumah Orang Tua
MHS04114;Laki-laki;20;Jawa Timur;FIKKIA Banyuwangi;Kedokteran (FIKKIA Banyuwangi);2025;Orang Tua;Non-Aktif/DO;2.15;2;Rumah Orang Tua
MHS04115;Laki-laki;21;Jawa Tengah;Teknologi Maju dan Multidisiplin;Teknik Industri;2024;Kerja Sendiri (part-time);Aktif;2.67;4;Kos
MHS04116;Laki-laki;24;Jawa Barat;Ekonomi dan Bisnis;Manajemen;2020;Orang Tua;Lulus;3.53;9;Kos
MHS04117;Laki-laki;25;Jawa Timur;Teknologi Maju dan Multidisiplin;Rekayasa Nanoteknologi;2023;Kerja Sendiri (part-time);Aktif;3.53;6;Rumah Orang Tua
MHS04118;Laki-laki;22;Jawa Timur;Sains dan Teknologi;Teknik Biomedis;2023;Orang Tua;Aktif;3.29;6;Rumah Orang Tua
MHS04119;Perempuan;22;Jambi;FIKKIA Banyuwangi;Kesehatan Masyarakat (FIKKIA Banyuwangi);2022;Orang Tua;Lulus;3.13;8;Menumpang Saudara
MHS04120;Perempuan;19;Jawa Timur;Ilmu Sosial dan Ilmu Politik;Ilmu Hubungan Internasional;2025;Orang Tua;Aktif;2.98;2;Kos
MHS04121;Laki-laki;22;Sulawesi Tenggara;Teknologi Maju dan Multidisiplin;Teknik Elektro;2022;Kerja Sendiri (part-time);Lulus;3.27;8;Menumpang Saudara
MHS04122;Perempuan;20;Jawa Timur;Teknologi Maju dan Multidisiplin;Teknik Robotika dan Kecerdasan Buatan;2025;Orang Tua;Aktif;2.67;2;Rumah Orang Tua
MHS04123;Perempuan;21;Jawa Timur;Kesehatan Masyarakat;Gizi;2024;Orang Tua;Aktif;3.88;4;Rumah Orang Tua
MHS04124;Perempuan;23;Jawa Timur;Keperawatan;Keperawatan;2021;Orang Tua;Lulus;3.76;8;Kos
MHS04125;Laki-laki;22;Jawa Timur;Ilmu Sosial dan Ilmu Politik;Ilmu Politik;2023;Beasiswa;Cuti;3.18;6;Kos
MHS04126;Perempuan;23;DI Yogyakarta;Ilmu Sosial dan Ilmu Politik;Ilmu Komunikasi;2023;Orang Tua;Aktif;3.32;6;Kos
MHS04127;Perempuan;22;Jawa Barat;Sains dan Teknologi;Kimia;2023;Orang Tua;Aktif;3.9;6;Kos
MHS04128;Laki-laki;20;Jawa Timur;Perikanan dan Kelautan;Akuakultur;2025;Orang Tua;Aktif;3.66;2;Rumah Orang Tua
MHS04129;Laki-laki;22;Jawa Timur;Teknologi Maju dan Multidisiplin;Teknik Robotika dan Kecerdasan Buatan;2023;Orang Tua;Aktif;3.98;6;Rumah Orang Tua
MHS04130;Perempuan;19;Jawa Barat;Sains dan Teknologi;Teknik Biomedis;2025;Orang Tua;Aktif;3.01;2;Rumah Orang Tua
MHS04131;Perempuan;24;Sulawesi Selatan;Farmasi;Farmasi;2021;Orang Tua;Lulus;3.7;8;Asrama
MHS04132;Perempuan;21;Jawa Timur;FIKKIA Banyuwangi;Kedokteran Hewan (FIKKIA Banyuwangi);2024;Beasiswa;Aktif;2.7;4;Rumah Orang Tua
MHS04133;Perempuan;22;Nusa Tenggara Timur;Kedokteran Hewan;Kedokteran Hewan;2022;Orang Tua;Aktif;3.42;8;Kos
MHS04134;Perempuan;20;Jawa Timur;Ilmu Sosial dan Ilmu Politik;Administrasi Publik;2025;Orang Tua;Aktif;3.44;2;Rumah Orang Tua
MHS04135;Perempuan;24;Jawa Timur;FIKKIA Banyuwangi;Kedokteran (FIKKIA Banyuwangi);2021;Orang Tua;Lulus;3.86;8;Rumah Orang Tua
MHS04136;Laki-laki;20;Jawa Timur;Ilmu Sosial dan Ilmu Politik;Antropologi;2024;Orang Tua;Aktif;3.96;4;Rumah Orang Tua
MHS04137;Laki-laki;23;Nusa Tenggara Barat;Ekonomi dan Bisnis;Ilmu Ekonomi;2025;Kerja Sendiri (part-time);Aktif;2.83;2;Kos
MHS04138;Perempuan;23;Riau;Psikologi;Psikologi;2021;Orang Tua;Non-Aktif/DO;2.58;3;Rumah Orang Tua
MHS04139;Laki-laki;21;Jawa Timur;Ilmu Budaya;Bahasa dan Sastra Jepang;2023;Orang Tua;Aktif;3.51;6;Kos
MHS04140;Laki-laki;19;Jawa Timur;Teknologi Maju dan Multidisiplin;Teknik Industri;2025;Orang Tua;Aktif;3.14;2;Kos
MHS04141;Perempuan;20;Jawa Timur;Ekonomi dan Bisnis;Akuntansi;2025;Orang Tua;Aktif;3.74;2;Rumah Orang Tua
MHS04142;Laki-laki;20;Jawa Timur;Sains dan Teknologi;Kimia;2024;Beasiswa;Aktif;3.48;4;Rumah Orang Tua
MHS04143;Laki-laki;25;Jawa Tengah;FIKKIA Banyuwangi;Akuakultur (FIKKIA Banyuwangi);2022;Orang Tua;Aktif;2.91;8;Kos
MHS04144;Laki-laki;19;Jawa Timur;Ekonomi dan Bisnis;Manajemen;2025;Orang Tua;Cuti;2.92;2;Rumah Orang Tua
MHS04145;Laki-laki;20;Jawa Timur;Psikologi;Psikologi;2024;Orang Tua;Aktif;3.04;4;Kos
MHS04146;Perempuan;22;Jawa Timur;Kesehatan Masyarakat;Gizi;2023;Orang Tua;Non-Aktif/DO;2.41;3;Rumah Orang Tua
MHS04147;Perempuan;21;Jawa Tengah;Perikanan dan Kelautan;Akuakultur;2024;Beasiswa;Cuti;3.05;4;Rumah Orang Tua
MHS04148;Perempuan;21;Jawa Timur;FIKKIA Banyuwangi;Kedokteran Hewan (FIKKIA Banyuwangi);2024;Orang Tua;Aktif;2.95;4;Kos
MHS04149;Laki-laki;20;Gorontalo;Teknologi Maju dan Multidisiplin;Teknik Industri;2024;Orang Tua;Aktif;3.38;4;Kos
MHS04150;Perempuan;22;Jawa Timur;Teknologi Maju dan Multidisiplin;Teknologi Sains Data;2022;Orang Tua;Aktif;3.47;8;Kos
MHS04151;Perempuan;22;Jawa Timur;Sains dan Teknologi;Kimia;2025;Beasiswa;Aktif;2.66;2;Rumah Orang Tua
MHS04152;Perempuan;23;Jawa Timur;Ilmu Sosial dan Ilmu Politik;Sosiologi;2024;Orang Tua;Aktif;3.58;4;Rumah Orang Tua
MHS04153;Laki-laki;25;Jawa Timur;Ilmu Sosial dan Ilmu Politik;Ilmu Politik;2022;Orang Tua;Lulus;3.8;8;Asrama
MHS04154;Laki-laki;21;Jawa Timur;FIKKIA Banyuwangi;Kesehatan Masyarakat (FIKKIA Banyuwangi);2024;Orang Tua;Cuti;3.02;4;Rumah Orang Tua
MHS04155;Perempuan;23;Jawa Timur;Ilmu Budaya;Bahasa dan Sastra Jepang;2022;Beasiswa;Lulus;3.7;8;Rumah Orang Tua
MHS04156;Laki-laki;19;Jawa Timur;Perikanan dan Kelautan;Akuakultur;2025;Beasiswa;Aktif;2.75;2;Rumah Orang Tua
MHS04157;Laki-laki;23;Jawa Tengah;FIKKIA Banyuwangi;Akuakultur (FIKKIA Banyuwangi);2021;Orang Tua;Lulus;3.12;9;Kos
MHS04158;Perempuan;22;Jawa Tengah;Psikologi;Psikologi;2024;Orang Tua;Aktif;2.95;4;Kos
MHS04159;Perempuan;23;Jawa Timur;FIKKIA Banyuwangi;Kedokteran Hewan (FIKKIA Banyuwangi);2022;Orang Tua;Lulus;3.3;8;Rumah Orang Tua
MHS04160;Perempuan;22;Aceh;Ilmu Budaya;Bahasa dan Sastra Indonesia;2023;Beasiswa;Aktif;2.91;6;Kos
MHS04161;Perempuan;21;Jawa Timur;Sains dan Teknologi;Sistem Informasi;2023;Beasiswa;Aktif;3.08;6;Rumah Orang Tua
MHS04162;Laki-laki;26;Nusa Tenggara Timur;Ilmu Sosial dan Ilmu Politik;Administrasi Publik;2019;Beasiswa;Lulus;3.24;8;Kos
MHS04163;Laki-laki;19;Jawa Timur;Ekonomi dan Bisnis;Manajemen;2025;Beasiswa;Cuti;2.09;2;Asrama
MHS04164;Laki-laki;23;Jawa Timur;Ilmu Sosial dan Ilmu Politik;Ilmu Hubungan Internasional;2025;Orang Tua;Aktif;3.54;2;Rumah Orang Tua
MHS04165;Laki-laki;25;Nusa Tenggara Barat;Kesehatan Masyarakat;Kesehatan Masyarakat;2023;Orang Tua;Aktif;3.07;6;Kos
MHS04166;Laki-laki;21;Jawa Timur;Teknologi Maju dan Multidisiplin;Teknik Elektro;2024;Orang Tua;Aktif;3.5;4;Rumah Orang Tua
MHS04167;Perempuan;22;Sulawesi Selatan;Sains dan Teknologi;Matematika;2024;Beasiswa;Aktif;3.42;4;Asrama
MHS04168;Perempuan;19;DI Yogyakarta;Kesehatan Masyarakat;Gizi;2025;Kerja Sendiri (part-time);Aktif;3.24;2;Rumah Orang Tua
MHS04169;Laki-laki;21;Bengkulu;Perikanan dan Kelautan;Akuakultur;2023;Orang Tua;Aktif;3.3;6;Kos
MHS04170;Perempuan;20;Jawa Barat;Sains dan Teknologi;Kimia;2024;Orang Tua;Aktif;2.68;4;Kos
MHS04171;Perempuan;20;Jawa Barat;Ilmu Sosial dan Ilmu Politik;Ilmu Informasi dan Perpustakaan;2024;Beasiswa;Aktif;2.5;4;Rumah Orang Tua
MHS04172;Perempuan;21;Jawa Timur;Ilmu Budaya;Bahasa dan Sastra Inggris;2023;Beasiswa;Aktif;3.09;6;Asrama
MHS04173;Perempuan;23;Sumatera Utara;Perikanan dan Kelautan;Teknologi Hasil Perikanan;2024;Orang Tua;Aktif;3.02;4;Asrama
MHS04174;Laki-laki;23;Kalimantan Timur;Sains dan Teknologi;Fisika;2023;Orang Tua;Aktif;2.7;6;Asrama
MHS04175;Perempuan;19;Jawa Timur;Psikologi;Psikologi;2025;Orang Tua;Non-Aktif/DO;2.08;2;Asrama
MHS04176;Perempuan;22;Jawa Timur;Kedokteran Hewan;Kedokteran Hewan;2023;Orang Tua;Aktif;2.82;6;Menumpang Saudara
MHS04177;Perempuan;20;Jawa Timur;Ilmu Sosial dan Ilmu Politik;Ilmu Politik;2025;Pinjaman/Kredit Pendidikan;Aktif;3.37;2;Rumah Orang Tua
MHS04178;Laki-laki;26;Jawa Timur;Ilmu Budaya;Bahasa dan Sastra Inggris;2019;Orang Tua;Lulus;3.75;8;Rumah Orang Tua
MHS04179;Perempuan;21;Jawa Timur;Perikanan dan Kelautan;Teknologi Hasil Perikanan;2024;Orang Tua;Aktif;2.95;4;Rumah Orang Tua
MHS04180;Laki-laki;21;Jawa Timur;Ilmu Sosial dan Ilmu Politik;Antropologi;2024;Beasiswa;Non-Aktif/DO;1.68;2;Rumah Orang Tua
MHS04181;Perempuan;20;Jawa Timur;Ilmu Budaya;Bahasa dan Sastra Indonesia;2025;Orang Tua;Aktif;3.72;2;Rumah Orang Tua
MHS04182;Perempuan;23;Jawa Tengah;Kedokteran Hewan;Kedokteran Hewan;2022;Orang Tua;Non-Aktif/DO;2.82;6;Rumah Orang Tua
MHS04183;Laki-laki;19;Jawa Timur;Ekonomi dan Bisnis;Ilmu Ekonomi;2025;Orang Tua;Aktif;3.71;2;Rumah Orang Tua
MHS04184;Laki-laki;26;Jawa Timur;Ilmu Budaya;Bahasa dan Sastra Indonesia;2019;Orang Tua;Lulus;3.32;8;Rumah Orang Tua
MHS04185;Perempuan;23;Jambi;Ilmu Sosial dan Ilmu Politik;Administrasi Publik;2024;Orang Tua;Aktif;3.78;4;Asrama
MHS04186;Perempuan;19;Jawa Timur;Kesehatan Masyarakat;Gizi;2025;Orang Tua;Aktif;3.08;2;Rumah Orang Tua
MHS04187;Perempuan;24;Jawa Timur;Sains dan Teknologi;Teknik Biomedis;2021;Orang Tua;Lulus;3.63;8;Asrama
MHS04188;Perempuan;21;Jawa Barat;Sains dan Teknologi;Fisika;2023;Orang Tua;Non-Aktif/DO;1.94;2;Kos
MHS04189;Perempuan;19;Jawa Timur;Ilmu Sosial dan Ilmu Politik;Administrasi Publik;2025;Orang Tua;Aktif;2.86;2;Rumah Orang Tua
MHS04190;Perempuan;19;DKI Jakarta;FIKKIA Banyuwangi;Kesehatan Masyarakat (FIKKIA Banyuwangi);2025;Orang Tua;Aktif;3.7;2;Kos
MHS04191;Perempuan;20;Jawa Tengah;Ilmu Budaya;Bahasa dan Sastra Inggris;2025;Kerja Sendiri (part-time);Aktif;2.99;2;Kos
MHS04192;Perempuan;20;Jawa Timur;Sains dan Teknologi;Statistika;2025;Orang Tua;Cuti;3.87;2;Kos
MHS04193;Perempuan;22;DKI Jakarta;FIKKIA Banyuwangi;Kedokteran (FIKKIA Banyuwangi);2022;Orang Tua;Aktif;3.05;8;Kos
MHS04194;Perempuan;22;DI Yogyakarta;Ekonomi dan Bisnis;Manajemen;2023;Orang Tua;Aktif;3.17;6;Kos
MHS04195;Perempuan;24;Jawa Timur;FIKKIA Banyuwangi;Kedokteran (FIKKIA Banyuwangi);2021;Beasiswa;Lulus;3.85;8;Rumah Orang Tua
MHS04196;Perempuan;26;Papua Barat Daya;Ekonomi dan Bisnis;Ekonomi Islam;2019;Orang Tua;Lulus;3.26;9;Kos
MHS04197;Perempuan;19;Jawa Timur;Perikanan dan Kelautan;Teknologi Hasil Perikanan;2025;Orang Tua;Aktif;3.74;2;Rumah Orang Tua
MHS04198;Perempuan;25;Sumatera Utara;Sains dan Teknologi;Kimia;2023;Orang Tua;Aktif;3.31;6;Kos
MHS04199;Perempuan;20;Jawa Barat;Farmasi;Farmasi;2025;Orang Tua;Aktif;3.19;2;Kos
MHS04200;Laki-laki;21;Jawa Timur;Kedokteran;Kedokteran;2024;Kerja Sendiri (part-time);Aktif;3.28;4;Asrama
MHS04201;Perempuan;22;Sumatera Utara;Ilmu Sosial dan Ilmu Politik;Antropologi;2024;Orang Tua;Cuti;3.06;4;Kos
MHS04202;Laki-laki;19;Jawa Timur;FIKKIA Banyuwangi;Kedokteran (FIKKIA Banyuwangi);2025;Kerja Sendiri (part-time);Aktif;2.08;2;Rumah Orang Tua
MHS04203;Laki-laki;19;Jawa Timur;Ekonomi dan Bisnis;Ilmu Ekonomi;2025;Orang Tua;Aktif;2.71;2;Asrama
MHS04204;Laki-laki;21;Sulawesi Selatan;Ilmu Budaya;Ilmu Sejarah;2024;Beasiswa;Cuti;3.84;4;Asrama
MHS04205;Laki-laki;20;Jawa Tengah;FIKKIA Banyuwangi;Akuakultur (FIKKIA Banyuwangi);2025;Orang Tua;Aktif;2.9;2;Kos
MHS04206;Laki-laki;19;Jawa Timur;Ilmu Sosial dan Ilmu Politik;Sosiologi;2025;Orang Tua;Aktif;3.03;2;Rumah Orang Tua
MHS04207;Laki-laki;20;Nusa Tenggara Timur;Psikologi;Psikologi;2024;Orang Tua;Cuti;3.76;4;Kos
MHS04208;Perempuan;20;Jawa Timur;Ilmu Sosial dan Ilmu Politik;Sosiologi;2024;Orang Tua;Aktif;2.95;4;Rumah Orang Tua
MHS04209;Laki-laki;23;DKI Jakarta;Ilmu Sosial dan Ilmu Politik;Sosiologi;2021;Beasiswa;Lulus;2.96;9;Asrama
MHS04210;Laki-laki;21;Kalimantan Selatan;FIKKIA Banyuwangi;Kedokteran Hewan (FIKKIA Banyuwangi);2023;Beasiswa;Aktif;3.6;6;Asrama
MHS04211;Laki-laki;20;Sulawesi Selatan;Ekonomi dan Bisnis;Ekonomi Islam;2025;Beasiswa;Aktif;2.64;2;Asrama
MHS04212;Perempuan;19;Jawa Timur;Kesehatan Masyarakat;Gizi;2025;Orang Tua;Aktif;3.04;2;Asrama
MHS04213;Perempuan;23;Jawa Timur;Ilmu Budaya;Bahasa dan Sastra Indonesia;2021;Orang Tua;Lulus;3.08;10;Rumah Orang Tua
MHS04214;Perempuan;22;Jawa Timur;Teknologi Maju dan Multidisiplin;Teknologi Sains Data;2023;Orang Tua;Aktif;2.76;6;Asrama
MHS04215;Laki-laki;22;Jawa Timur;Ilmu Sosial dan Ilmu Politik;Administrasi Publik;2022;Pinjaman/Kredit Pendidikan;Aktif;3.53;8;Asrama
MHS04216;Perempuan;22;Jawa Timur;Sains dan Teknologi;Teknik Biomedis;2023;Orang Tua;Aktif;2.79;6;Rumah Orang Tua
MHS04217;Perempuan;22;Jawa Timur;Ekonomi dan Bisnis;Ekonomi Islam;2023;Orang Tua;Aktif;2.87;6;Rumah Orang Tua
MHS04218;Laki-laki;21;Sumatera Selatan;Sains dan Teknologi;Kimia;2023;Orang Tua;Aktif;4.0;6;Kos
MHS04219;Perempuan;22;Nusa Tenggara Barat;Kedokteran;Kedokteran;2022;Orang Tua;Aktif;3.36;8;Menumpang Saudara
MHS04220;Perempuan;23;Jawa Timur;Kedokteran;Kedokteran;2022;Beasiswa;Lulus;3.6;8;Kos
MHS04221;Laki-laki;27;DKI Jakarta;Hukum;Ilmu Hukum;2020;Orang Tua;Lulus;3.59;11;Kos
MHS04222;Perempuan;20;Jawa Timur;Ilmu Budaya;Bahasa dan Sastra Indonesia;2024;Orang Tua;Aktif;3.25;4;Rumah Orang Tua
MHS04223;Laki-laki;21;Kalimantan Selatan;FIKKIA Banyuwangi;Kedokteran (FIKKIA Banyuwangi);2024;Orang Tua;Aktif;3.01;4;Kos
MHS04224;Perempuan;22;Jawa Timur;Ekonomi dan Bisnis;Ilmu Ekonomi;2022;Beasiswa;Aktif;3.34;8;Rumah Orang Tua
MHS04225;Perempuan;22;Jawa Timur;Ilmu Sosial dan Ilmu Politik;Ilmu Informasi dan Perpustakaan;2022;Orang Tua;Lulus;3.44;8;Kos
MHS04226;Laki-laki;21;Jawa Timur;Ilmu Sosial dan Ilmu Politik;Ilmu Komunikasi;2024;Orang Tua;Aktif;3.67;4;Rumah Orang Tua
MHS04227;Laki-laki;21;Jawa Timur;Teknologi Maju dan Multidisiplin;Teknologi Sains Data;2024;Orang Tua;Aktif;3.08;4;Rumah Orang Tua
MHS04228;Perempuan;28;Jawa Timur;FIKKIA Banyuwangi;Kedokteran (FIKKIA Banyuwangi);2020;Orang Tua;Lulus;3.49;8;Asrama
MHS04229;Laki-laki;21;Jawa Timur;Perikanan dan Kelautan;Akuakultur;2023;Orang Tua;Aktif;3.05;6;Asrama
MHS04230;Perempuan;23;Jawa Timur;Psikologi;Psikologi;2021;Orang Tua;Lulus;3.64;8;Kos
MHS04231;Perempuan;21;Jawa Timur;Kesehatan Masyarakat;Gizi;2023;Orang Tua;Aktif;3.16;6;Rumah Orang Tua
MHS04232;Perempuan;21;Jawa Timur;Kesehatan Masyarakat;Gizi;2024;Orang Tua;Non-Aktif/DO;2.53;4;Rumah Orang Tua
MHS04233;Laki-laki;21;Jawa Timur;Hukum;Ilmu Hukum;2024;Orang Tua;Aktif;3.08;4;Rumah Orang Tua
MHS04234;Perempuan;20;Jawa Tengah;Teknologi Maju dan Multidisiplin;Teknik Industri;2024;Orang Tua;Aktif;3.48;4;Kos
MHS04235;Laki-laki;24;Jawa Timur;FIKKIA Banyuwangi;Kedokteran (FIKKIA Banyuwangi);2020;Pinjaman/Kredit Pendidikan;Lulus;3.13;8;Rumah Orang Tua
MHS04236;Perempuan;25;Jawa Timur;Kedokteran Hewan;Kedokteran Hewan;2022;Beasiswa;Cuti;2.98;8;Kos
MHS04237;Perempuan;21;DKI Jakarta;Kedokteran;Kedokteran;2023;Orang Tua;Aktif;3.73;6;Kos
MHS04238;Perempuan;22;Sumatera Utara;Teknologi Maju dan Multidisiplin;Teknik Elektro;2023;Orang Tua;Aktif;2.87;6;Asrama
MHS04239;Perempuan;21;Jawa Timur;Perikanan dan Kelautan;Teknologi Hasil Perikanan;2023;Orang Tua;Aktif;3.35;6;Rumah Orang Tua
MHS04240;Perempuan;20;DKI Jakarta;Ilmu Sosial dan Ilmu Politik;Ilmu Informasi dan Perpustakaan;2024;Orang Tua;Aktif;3.12;4;Rumah Orang Tua
MHS04241;Laki-laki;20;Sulawesi Tenggara;FIKKIA Banyuwangi;Akuakultur (FIKKIA Banyuwangi);2025;Orang Tua;Aktif;2.63;2;Kos
MHS04242;Perempuan;19;Jawa Barat;Keperawatan;Keperawatan;2025;Beasiswa;Aktif;3.29;2;Rumah Orang Tua
MHS04243;Perempuan;21;Sumatera Selatan;Kedokteran Hewan;Kedokteran Hewan;2024;Orang Tua;Cuti;3.29;4;Menumpang Saudara
MHS04244;Perempuan;23;Papua Barat;Keperawatan;Keperawatan;2022;Orang Tua;Lulus;3.52;8;Menumpang Saudara
MHS04245;Laki-laki;22;Jawa Timur;Ekonomi dan Bisnis;Ilmu Ekonomi;2023;Orang Tua;Aktif;3.6;6;Kos
MHS04246;Laki-laki;20;Maluku Utara;Ilmu Sosial dan Ilmu Politik;Administrasi Publik;2024;Beasiswa;Aktif;3.48;4;Kos
MHS04247;Laki-laki;21;Jawa Timur;Teknologi Maju dan Multidisiplin;Teknologi Sains Data;2023;Beasiswa;Cuti;3.69;6;Rumah Orang Tua
MHS04248;Perempuan;24;Jawa Timur;Kedokteran;Kedokteran;2023;Beasiswa;Aktif;2.8;6;Rumah Orang Tua
MHS04249;Perempuan;24;Jawa Timur;Ilmu Sosial dan Ilmu Politik;Ilmu Komunikasi;2023;Kerja Sendiri (part-time);Aktif;3.7;6;Rumah Orang Tua
MHS04250;Perempuan;19;Jawa Timur;Sains dan Teknologi;Matematika;2025;Orang Tua;Aktif;3.75;2;Rumah Orang Tua
MHS04251;Laki-laki;22;Jawa Timur;Ilmu Budaya;Bahasa dan Sastra Inggris;2022;Beasiswa;Lulus;3.52;8;Rumah Orang Tua
MHS04252;Perempuan;21;Papua;Ilmu Sosial dan Ilmu Politik;Administrasi Publik;2024;Beasiswa;Aktif;3.7;4;Kos
MHS04253;Perempuan;23;Jawa Timur;Sains dan Teknologi;Teknik Lingkungan;2022;Orang Tua;Lulus;3.56;8;Kos
MHS04254;Perempuan;23;Jawa Timur;Sains dan Teknologi;Teknik Biomedis;2024;Orang Tua;Cuti;3.82;4;Asrama
MHS04255;Perempuan;23;Nusa Tenggara Timur;Kedokteran Gigi;Kedokteran Gigi;2022;Beasiswa;Aktif;3.58;8;Kos
MHS04256;Perempuan;19;Sumatera Barat;Teknologi Maju dan Multidisiplin;Teknik Elektro;2025;Orang Tua;Aktif;3.52;2;Kos
MHS04257;Laki-laki;19;Jawa Timur;Teknologi Maju dan Multidisiplin;Teknik Elektro;2025;Orang Tua;Aktif;3.86;2;Rumah Orang Tua
MHS04258;Perempuan;21;Jawa Tengah;Ekonomi dan Bisnis;Akuntansi;2024;Orang Tua;Aktif;3.55;4;Asrama
MHS04259;Perempuan;21;Nusa Tenggara Timur;Ekonomi dan Bisnis;Ekonomi Islam;2024;Orang Tua;Aktif;2.95;4;Kos
MHS04260;Perempuan;23;Sulawesi Selatan;Keperawatan;Keperawatan;2021;Orang Tua;Lulus;3.22;9;Kos
MHS04261;Perempuan;21;Jawa Timur;Ilmu Sosial dan Ilmu Politik;Sosiologi;2023;Orang Tua;Aktif;3.24;6;Kos
MHS04262;Perempuan;20;DKI Jakarta;Ekonomi dan Bisnis;Ekonomi Islam;2024;Beasiswa;Aktif;2.79;4;Menumpang Saudara
MHS04263;Perempuan;20;Jawa Timur;Ilmu Sosial dan Ilmu Politik;Antropologi;2025;Orang Tua;Aktif;2.98;2;Rumah Orang Tua
MHS04264;Perempuan;23;Kalimantan Utara;Keperawatan;Keperawatan;2021;Kerja Sendiri (part-time);Lulus;3.25;9;Kos
MHS04265;Perempuan;21;Jawa Timur;Ekonomi dan Bisnis;Akuntansi;2023;Beasiswa;Aktif;3.81;6;Rumah Orang Tua
MHS04266;Perempuan;23;Jawa Timur;Ilmu Sosial dan Ilmu Politik;Sosiologi;2021;Beasiswa;Lulus;3.58;8;Kos
MHS04267;Perempuan;20;Maluku;Keperawatan;Keperawatan;2025;Beasiswa;Aktif;3.54;2;Kos
MHS04268;Perempuan;21;Sulawesi Tengah;Ilmu Budaya;Bahasa dan Sastra Inggris;2025;Orang Tua;Aktif;2.84;2;Kos
MHS04269;Perempuan;22;Jawa Timur;Ilmu Budaya;Bahasa dan Sastra Indonesia;2023;Orang Tua;Aktif;3.06;6;Asrama
MHS04270;Perempuan;20;Jawa Timur;Ekonomi dan Bisnis;Ekonomi Islam;2025;Beasiswa;Aktif;3.11;2;Rumah Orang Tua
MHS04271;Perempuan;19;Jawa Timur;Perikanan dan Kelautan;Teknologi Hasil Perikanan;2025;Kerja Sendiri (part-time);Aktif;2.36;2;Rumah Orang Tua
MHS04272;Perempuan;22;Jawa Timur;Psikologi;Psikologi;2023;Orang Tua;Aktif;4.0;6;Asrama
MHS04273;Laki-laki;24;Jawa Timur;Ilmu Budaya;Bahasa dan Sastra Indonesia;2021;Orang Tua;Lulus;3.75;8;Rumah Orang Tua
MHS04274;Perempuan;22;Lampung;Keperawatan;Keperawatan;2022;Beasiswa;Lulus;3.49;8;Kos
MHS04275;Perempuan;19;Jawa Timur;Kedokteran Gigi;Kedokteran Gigi;2025;Kerja Sendiri (part-time);Aktif;3.21;2;Kos
MHS04276;Perempuan;21;Jawa Barat;Sains dan Teknologi;Statistika;2024;Orang Tua;Aktif;2.99;4;Kos
MHS04277;Perempuan;21;Jawa Timur;Kesehatan Masyarakat;Gizi;2024;Orang Tua;Aktif;2.97;4;Rumah Orang Tua
MHS04278;Perempuan;22;Sulawesi Tengah;Hukum;Ilmu Hukum;2023;Orang Tua;Aktif;3.05;6;Kos
MHS04279;Perempuan;19;Riau;Sains dan Teknologi;Teknik Biomedis;2025;Kerja Sendiri (part-time);Aktif;2.47;2;Kos
MHS04280;Perempuan;22;Nusa Tenggara Barat;Ilmu Sosial dan Ilmu Politik;Ilmu Politik;2023;Orang Tua;Aktif;3.46;6;Kos
MHS04281;Perempuan;23;Jawa Timur;Sains dan Teknologi;Statistika;2024;Kerja Sendiri (part-time);Aktif;3.22;4;Kos
MHS04282;Laki-laki;22;Jawa Timur;FIKKIA Banyuwangi;Kedokteran (FIKKIA Banyuwangi);2023;Kerja Sendiri (part-time);Aktif;3.09;6;Kos
MHS04283;Laki-laki;21;Jawa Barat;Sains dan Teknologi;Teknik Lingkungan;2024;Orang Tua;Aktif;3.11;4;Kos
MHS04284;Laki-laki;22;Jawa Timur;Ilmu Sosial dan Ilmu Politik;Sosiologi;2023;Pinjaman/Kredit Pendidikan;Aktif;3.78;6;Rumah Orang Tua
MHS04285;Perempuan;20;Jawa Timur;Ilmu Sosial dan Ilmu Politik;Sosiologi;2025;Orang Tua;Aktif;3.64;2;Rumah Orang Tua
MHS04286;Laki-laki;26;Jawa Timur;Kesehatan Masyarakat;Kesehatan Masyarakat;2021;Orang Tua;Lulus;3.17;8;Kos
MHS04287;Perempuan;21;Jawa Barat;Ilmu Sosial dan Ilmu Politik;Sosiologi;2023;Kerja Sendiri (part-time);Non-Aktif/DO;2.82;4;Rumah Orang Tua
MHS04288;Perempuan;23;Jawa Timur;Kedokteran Hewan;Kedokteran Hewan;2025;Orang Tua;Aktif;2.6;2;Kos
MHS04289;Laki-laki;25;Jawa Timur;Sains dan Teknologi;Teknik Biomedis;2020;Kerja Sendiri (part-time);Lulus;3.44;9;Rumah Orang Tua
MHS04290;Perempuan;20;Jawa Timur;Ekonomi dan Bisnis;Manajemen;2024;Orang Tua;Aktif;4.0;4;Asrama
MHS04291;Laki-laki;20;Jawa Timur;FIKKIA Banyuwangi;Kedokteran Hewan (FIKKIA Banyuwangi);2024;Orang Tua;Aktif;2.75;4;Kos
MHS04292;Perempuan;20;Nusa Tenggara Barat;Sains dan Teknologi;Sistem Informasi;2025;Orang Tua;Cuti;3.74;2;Kos
MHS04293;Laki-laki;19;Jawa Barat;Teknologi Maju dan Multidisiplin;Teknik Elektro;2025;Orang Tua;Aktif;2.85;2;Menumpang Saudara
MHS04294;Perempuan;23;Kalimantan Barat;Ilmu Budaya;Bahasa dan Sastra Jepang;2023;Orang Tua;Aktif;2.94;6;Kos
MHS04295;Laki-laki;24;DKI Jakarta;Ekonomi dan Bisnis;Manajemen;2020;Beasiswa;Lulus;3.32;9;Rumah Orang Tua
MHS04296;Laki-laki;21;Lampung;Ilmu Sosial dan Ilmu Politik;Ilmu Hubungan Internasional;2024;Orang Tua;Aktif;3.1;4;Asrama
MHS04297;Laki-laki;22;Bali;FIKKIA Banyuwangi;Kedokteran (FIKKIA Banyuwangi);2023;Orang Tua;Cuti;3.9;6;Kos
MHS04298;Perempuan;20;Jawa Timur;Sains dan Teknologi;Statistika;2024;Pinjaman/Kredit Pendidikan;Aktif;3.82;4;Rumah Orang Tua
MHS04299;Perempuan;22;Jawa Tengah;Sains dan Teknologi;Kimia;2023;Orang Tua;Aktif;3.55;6;Kos
MHS04300;Perempuan;24;Bali;Ilmu Sosial dan Ilmu Politik;Antropologi;2020;Orang Tua;Lulus;3.6;8;Rumah Orang Tua
MHS04301;Perempuan;22;Jawa Barat;Ilmu Sosial dan Ilmu Politik;Ilmu Hubungan Internasional;2022;Kerja Sendiri (part-time);Aktif;3.55;8;Asrama
MHS04302;Laki-laki;20;Jawa Timur;Teknologi Maju dan Multidisiplin;Teknik Robotika dan Kecerdasan Buatan;2025;Orang Tua;Aktif;2.0;2;Rumah Orang Tua
MHS04303;Laki-laki;20;DI Yogyakarta;Kesehatan Masyarakat;Kesehatan Masyarakat;2025;Orang Tua;Aktif;2.72;2;Kos
MHS04304;Perempuan;20;Papua;Sains dan Teknologi;Statistika;2025;Orang Tua;Aktif;3.75;2;Kos
MHS04305;Perempuan;20;Jawa Timur;Ilmu Budaya;Bahasa dan Sastra Indonesia;2025;Orang Tua;Aktif;2.86;2;Rumah Orang Tua
MHS04306;Perempuan;19;DKI Jakarta;Sains dan Teknologi;Teknik Biomedis;2025;Beasiswa;Aktif;3.65;2;Kos
MHS04307;Perempuan;20;Jawa Timur;Keperawatan;Keperawatan;2025;Orang Tua;Cuti;2.87;2;Kos
MHS04308;Perempuan;19;Jawa Timur;Sains dan Teknologi;Kimia;2025;Pinjaman/Kredit Pendidikan;Aktif;3.26;2;Rumah Orang Tua
MHS04309;Perempuan;21;Sumatera Selatan;Ekonomi dan Bisnis;Manajemen;2024;Kerja Sendiri (part-time);Aktif;2.88;4;Menumpang Saudara
MHS04310;Perempuan;22;Jawa Timur;Kesehatan Masyarakat;Gizi;2023;Orang Tua;Aktif;3.91;6;Rumah Orang Tua
MHS04311;Laki-laki;23;Jawa Timur;Sains dan Teknologi;Matematika;2021;Orang Tua;Lulus;2.95;9;Rumah Orang Tua
MHS04312;Perempuan;21;Jawa Timur;Teknologi Maju dan Multidisiplin;Teknik Robotika dan Kecerdasan Buatan;2023;Orang Tua;Aktif;3.96;6;Asrama
MHS04313;Perempuan;20;Jawa Timur;Ekonomi dan Bisnis;Akuntansi;2024;Orang Tua;Aktif;2.95;4;Rumah Orang Tua
MHS04314;Perempuan;25;Jawa Timur;Kedokteran;Kebidanan;2021;Orang Tua;Lulus;3.82;8;Rumah Orang Tua
MHS04315;Laki-laki;23;Jawa Tengah;Teknologi Maju dan Multidisiplin;Teknik Elektro;2021;Orang Tua;Lulus;3.18;8;Kos
MHS04316;Laki-laki;20;Jawa Timur;Ilmu Sosial dan Ilmu Politik;Ilmu Komunikasi;2025;Orang Tua;Aktif;3.8;2;Rumah Orang Tua
MHS04317;Perempuan;20;Jawa Timur;Ilmu Budaya;Bahasa dan Sastra Indonesia;2025;Beasiswa;Aktif;2.73;2;Rumah Orang Tua
MHS04318;Laki-laki;20;Jawa Timur;Sains dan Teknologi;Fisika;2024;Orang Tua;Aktif;2.91;4;Rumah Orang Tua
MHS04319;Perempuan;20;Bengkulu;Ilmu Budaya;Ilmu Sejarah;2024;Orang Tua;Aktif;3.03;4;Menumpang Saudara
MHS04320;Laki-laki;22;Jawa Timur;Sains dan Teknologi;Statistika;2024;Orang Tua;Aktif;2.92;4;Rumah Orang Tua
MHS04321;Laki-laki;22;Jawa Timur;FIKKIA Banyuwangi;Kedokteran (FIKKIA Banyuwangi);2022;Beasiswa;Aktif;3.46;8;Kos
MHS04322;Laki-laki;20;Jawa Tengah;Teknologi Maju dan Multidisiplin;Teknik Robotika dan Kecerdasan Buatan;2025;Orang Tua;Aktif;3.82;2;Asrama
MHS04323;Perempuan;19;Nusa Tenggara Barat;Ilmu Sosial dan Ilmu Politik;Sosiologi;2025;Orang Tua;Aktif;3.09;2;Kos
MHS04324;Perempuan;21;Jawa Timur;Ekonomi dan Bisnis;Akuntansi;2023;Orang Tua;Aktif;2.83;6;Rumah Orang Tua
MHS04325;Perempuan;25;Nusa Tenggara Timur;FIKKIA Banyuwangi;Kedokteran Hewan (FIKKIA Banyuwangi);2020;Beasiswa;Lulus;3.54;8;Kos
MHS04326;Perempuan;20;Jawa Timur;Kedokteran;Kebidanan;2025;Orang Tua;Aktif;3.39;2;Kos
MHS04327;Perempuan;19;Sulawesi Tengah;Ilmu Budaya;Ilmu Sejarah;2025;Orang Tua;Aktif;2.2;2;Asrama
MHS04328;Perempuan;24;Jawa Timur;FIKKIA Banyuwangi;Kesehatan Masyarakat (FIKKIA Banyuwangi);2020;Orang Tua;Lulus;3.82;8;Rumah Orang Tua
MHS04329;Perempuan;22;Jawa Timur;Sains dan Teknologi;Statistika;2022;Orang Tua;Lulus;3.76;8;Rumah Orang Tua
MHS04330;Laki-laki;22;DKI Jakarta;Sains dan Teknologi;Fisika;2022;Kerja Sendiri (part-time);Aktif;3.17;8;Kos
MHS04331;Perempuan;22;Jawa Timur;Sains dan Teknologi;Teknik Biomedis;2022;Orang Tua;Lulus;3.27;8;Kos
MHS04332;Perempuan;20;Jawa Timur;Kedokteran;Kedokteran;2024;Beasiswa;Aktif;3.19;4;Asrama
MHS04333;Perempuan;20;Kalimantan Timur;Ilmu Sosial dan Ilmu Politik;Ilmu Hubungan Internasional;2024;Orang Tua;Aktif;2.68;4;Kos
MHS04334;Laki-laki;22;Jawa Timur;Ekonomi dan Bisnis;Ekonomi Islam;2022;Orang Tua;Aktif;3.41;8;Rumah Orang Tua
MHS04335;Laki-laki;21;Banten;FIKKIA Banyuwangi;Kedokteran (FIKKIA Banyuwangi);2024;Beasiswa;Aktif;2.61;4;Rumah Orang Tua
MHS04336;Perempuan;19;Jawa Timur;Teknologi Maju dan Multidisiplin;Rekayasa Nanoteknologi;2025;Orang Tua;Aktif;3.37;2;Kos
MHS04337;Perempuan;21;Jawa Timur;Ekonomi dan Bisnis;Ilmu Ekonomi;2024;Orang Tua;Aktif;3.24;4;Kos
MHS04338;Laki-laki;19;Jawa Timur;Perikanan dan Kelautan;Akuakultur;2025;Orang Tua;Aktif;3.32;2;Kos
MHS04339;Laki-laki;20;Jawa Barat;Ekonomi dan Bisnis;Akuntansi;2024;Beasiswa;Cuti;2.84;4;Asrama
MHS04340;Perempuan;20;Jawa Timur;Ilmu Budaya;Bahasa dan Sastra Indonesia;2024;Orang Tua;Aktif;2.86;4;Rumah Orang Tua
MHS04341;Perempuan;23;Jawa Timur;Psikologi;Psikologi;2021;Orang Tua;Lulus;3.47;9;Kos
MHS04342;Laki-laki;23;Jawa Barat;Ekonomi dan Bisnis;Manajemen;2022;Beasiswa;Aktif;3.13;8;Menumpang Saudara
MHS04343;Perempuan;21;Jawa Timur;Ilmu Sosial dan Ilmu Politik;Ilmu Hubungan Internasional;2023;Orang Tua;Aktif;2.35;6;Rumah Orang Tua
MHS04344;Perempuan;24;Jawa Timur;Sains dan Teknologi;Teknik Biomedis;2021;Beasiswa;Lulus;3.08;8;Kos
MHS04345;Laki-laki;22;Jawa Timur;Ilmu Sosial dan Ilmu Politik;Administrasi Publik;2022;Pinjaman/Kredit Pendidikan;Lulus;3.29;8;Rumah Orang Tua
MHS04346;Laki-laki;22;Jawa Timur;Ekonomi dan Bisnis;Akuntansi;2023;Orang Tua;Aktif;3.67;6;Kos
MHS04347;Perempuan;21;Papua;Farmasi;Farmasi;2024;Orang Tua;Aktif;3.18;4;Kos
MHS04348;Perempuan;22;Jawa Timur;Sains dan Teknologi;Fisika;2023;Orang Tua;Aktif;3.73;6;Rumah Orang Tua
MHS04349;Perempuan;20;Jawa Tengah;Sains dan Teknologi;Biologi;2025;Orang Tua;Aktif;3.18;2;Kos
MHS04350;Laki-laki;23;Jawa Timur;Teknologi Maju dan Multidisiplin;Teknik Elektro;2022;Orang Tua;Lulus;3.78;8;Rumah Orang Tua
MHS04351;Laki-laki;21;Jawa Timur;Ilmu Sosial dan Ilmu Politik;Antropologi;2023;Orang Tua;Cuti;3.65;6;Asrama
MHS04352;Laki-laki;19;Jawa Timur;Teknologi Maju dan Multidisiplin;Rekayasa Nanoteknologi;2025;Pinjaman/Kredit Pendidikan;Aktif;3.62;2;Asrama
MHS04353;Laki-laki;20;Jawa Tengah;Teknologi Maju dan Multidisiplin;Teknik Industri;2025;Orang Tua;Aktif;2.03;2;Kos
MHS04354;Perempuan;21;Jawa Timur;Ilmu Budaya;Ilmu Sejarah;2024;Beasiswa;Aktif;3.45;4;Rumah Orang Tua
MHS04355;Laki-laki;24;Kalimantan Tengah;Ilmu Sosial dan Ilmu Politik;Ilmu Komunikasi;2021;Beasiswa;Lulus;3.54;9;Asrama
MHS04356;Perempuan;20;Kalimantan Tengah;Kesehatan Masyarakat;Gizi;2024;Orang Tua;Aktif;2.67;4;Menumpang Saudara
MHS04357;Perempuan;22;Jawa Timur;FIKKIA Banyuwangi;Kedokteran (FIKKIA Banyuwangi);2022;Orang Tua;Non-Aktif/DO;2.59;6;Kos
MHS04358;Perempuan;20;Sumatera Utara;Sains dan Teknologi;Teknik Biomedis;2024;Orang Tua;Aktif;3.27;4;Asrama
MHS04359;Perempuan;22;Jawa Timur;Hukum;Ilmu Hukum;2023;Orang Tua;Non-Aktif/DO;2.18;3;Rumah Orang Tua
MHS04360;Perempuan;22;Jawa Timur;Teknologi Maju dan Multidisiplin;Teknik Elektro;2023;Orang Tua;Aktif;3.08;6;Rumah Orang Tua
MHS04361;Laki-laki;21;DI Yogyakarta;Kesehatan Masyarakat;Kesehatan Masyarakat;2023;Kerja Sendiri (part-time);Aktif;3.7;6;Menumpang Saudara
MHS04362;Laki-laki;22;Jawa Timur;Ilmu Budaya;Ilmu Sejarah;2023;Orang Tua;Aktif;2.91;6;Asrama
MHS04363;Laki-laki;19;Banten;Ilmu Sosial dan Ilmu Politik;Ilmu Politik;2025;Pinjaman/Kredit Pendidikan;Non-Aktif/DO;2.3;2;Rumah Orang Tua
MHS04364;Perempuan;22;Jawa Tengah;Ilmu Budaya;Bahasa dan Sastra Jepang;2023;Beasiswa;Aktif;2.92;6;Menumpang Saudara
MHS04365;Perempuan;19;Kalimantan Timur;Sains dan Teknologi;Teknik Lingkungan;2025;Orang Tua;Aktif;2.85;2;Asrama
MHS04366;Perempuan;25;Jawa Timur;Ilmu Sosial dan Ilmu Politik;Ilmu Hubungan Internasional;2022;Orang Tua;Lulus;3.69;8;Rumah Orang Tua
MHS04367;Laki-laki;21;Kalimantan Tengah;Hukum;Ilmu Hukum;2024;Orang Tua;Aktif;3.03;4;Kos
MHS04368;Laki-laki;21;Sumatera Selatan;Sains dan Teknologi;Teknik Biomedis;2023;Orang Tua;Aktif;3.37;6;Kos
MHS04369;Perempuan;24;Jawa Barat;Ilmu Budaya;Bahasa dan Sastra Inggris;2021;Orang Tua;Lulus;3.18;8;Kos
MHS04370;Perempuan;22;Bali;Kedokteran;Kedokteran;2023;Orang Tua;Aktif;3.89;6;Kos
MHS04371;Perempuan;22;Jawa Tengah;FIKKIA Banyuwangi;Kedokteran Hewan (FIKKIA Banyuwangi);2023;Orang Tua;Aktif;2.53;6;Asrama
MHS04372;Perempuan;22;Jawa Timur;Sains dan Teknologi;Kimia;2023;Orang Tua;Aktif;2.89;6;Rumah Orang Tua
MHS04373;Laki-laki;21;Jawa Timur;Kedokteran;Kedokteran;2024;Kerja Sendiri (part-time);Cuti;2.53;4;Rumah Orang Tua
MHS04374;Perempuan;26;Jawa Timur;Ilmu Budaya;Bahasa dan Sastra Inggris;2021;Orang Tua;Lulus;3.05;9;Rumah Orang Tua
MHS04375;Perempuan;23;Jawa Timur;Ekonomi dan Bisnis;Ekonomi Islam;2022;Kerja Sendiri (part-time);Aktif;2.98;8;Kos
MHS04376;Laki-laki;24;Jawa Timur;Sains dan Teknologi;Fisika;2021;Beasiswa;Lulus;3.14;8;Asrama
MHS04377;Perempuan;20;Jawa Timur;Kesehatan Masyarakat;Kesehatan Masyarakat;2025;Kerja Sendiri (part-time);Cuti;3.16;2;Kos
MHS04378;Laki-laki;22;Jawa Timur;Kesehatan Masyarakat;Gizi;2023;Beasiswa;Aktif;3.13;6;Rumah Orang Tua
MHS04379;Perempuan;21;Jawa Timur;Ilmu Sosial dan Ilmu Politik;Ilmu Komunikasi;2023;Pinjaman/Kredit Pendidikan;Aktif;2.81;6;Rumah Orang Tua
MHS04380;Laki-laki;22;DKI Jakarta;Sains dan Teknologi;Fisika;2023;Pinjaman/Kredit Pendidikan;Aktif;3.46;6;Rumah Orang Tua
MHS04381;Laki-laki;22;Jawa Timur;Perikanan dan Kelautan;Teknologi Hasil Perikanan;2022;Orang Tua;Lulus;3.87;8;Rumah Orang Tua
MHS04382;Perempuan;19;Jawa Timur;Hukum;Ilmu Hukum;2025;Orang Tua;Aktif;3.31;2;Rumah Orang Tua
MHS04383;Laki-laki;22;Jawa Timur;FIKKIA Banyuwangi;Akuakultur (FIKKIA Banyuwangi);2022;Orang Tua;Aktif;3.37;8;Kos
MHS04384;Perempuan;23;Kalimantan Selatan;Sains dan Teknologi;Sistem Informasi;2022;Beasiswa;Lulus;3.85;8;Kos
MHS04385;Perempuan;22;DKI Jakarta;Ilmu Budaya;Bahasa dan Sastra Indonesia;2023;Orang Tua;Aktif;3.18;6;Kos
MHS04386;Perempuan;22;Bengkulu;FIKKIA Banyuwangi;Kesehatan Masyarakat (FIKKIA Banyuwangi);2022;Orang Tua;Aktif;3.55;8;Kos
MHS04387;Perempuan;22;Jawa Timur;FIKKIA Banyuwangi;Kesehatan Masyarakat (FIKKIA Banyuwangi);2022;Orang Tua;Aktif;2.79;8;Rumah Orang Tua
MHS04388;Perempuan;21;Jawa Timur;Teknologi Maju dan Multidisiplin;Teknik Elektro;2024;Orang Tua;Aktif;2.97;4;Rumah Orang Tua
MHS04389;Laki-laki;23;Banten;Sains dan Teknologi;Statistika;2021;Pinjaman/Kredit Pendidikan;Lulus;3.71;8;Kos
MHS04390;Laki-laki;24;Jawa Timur;Teknologi Maju dan Multidisiplin;Teknik Robotika dan Kecerdasan Buatan;2020;Beasiswa;Lulus;3.23;11;Kos
MHS04391;Perempuan;23;Jawa Timur;Ilmu Sosial dan Ilmu Politik;Ilmu Komunikasi;2022;Beasiswa;Lulus;3.45;8;Kos
MHS04392;Laki-laki;22;Jawa Timur;Kesehatan Masyarakat;Gizi;2023;Beasiswa;Non-Aktif/DO;2.43;3;Asrama
MHS04393;Perempuan;21;Jawa Timur;Kedokteran Hewan;Kedokteran Hewan;2023;Orang Tua;Aktif;3.19;6;Rumah Orang Tua
MHS04394;Laki-laki;22;Jawa Timur;Teknologi Maju dan Multidisiplin;Teknik Robotika dan Kecerdasan Buatan;2023;Orang Tua;Aktif;3.3;6;Rumah Orang Tua
MHS04395;Laki-laki;20;Sulawesi Tengah;Ilmu Budaya;Ilmu Sejarah;2024;Orang Tua;Aktif;3.8;4;Kos
MHS04396;Perempuan;24;Jawa Tengah;Ilmu Sosial dan Ilmu Politik;Ilmu Hubungan Internasional;2021;Orang Tua;Lulus;3.29;9;Kos
MHS04397;Perempuan;20;Kalimantan Selatan;Sains dan Teknologi;Statistika;2025;Orang Tua;Aktif;2.93;2;Kos
MHS04398;Laki-laki;23;Jawa Tengah;Sains dan Teknologi;Sistem Informasi;2022;Orang Tua;Lulus;3.34;8;Kos
MHS04399;Laki-laki;21;Jawa Timur;FIKKIA Banyuwangi;Akuakultur (FIKKIA Banyuwangi);2023;Orang Tua;Aktif;3.99;6;Rumah Orang Tua
MHS04400;Perempuan;19;Papua;Kedokteran;Kebidanan;2025;Orang Tua;Aktif;2.36;2;Asrama
MHS04401;Perempuan;24;Banten;Ilmu Sosial dan Ilmu Politik;Administrasi Publik;2020;Pinjaman/Kredit Pendidikan;Lulus;3.15;8;Kos
MHS04402;Laki-laki;20;Lampung;Perikanan dan Kelautan;Akuakultur;2025;Beasiswa;Aktif;3.12;2;Kos
MHS04403;Perempuan;20;Jawa Barat;Ilmu Budaya;Bahasa dan Sastra Jepang;2025;Orang Tua;Aktif;3.21;2;Rumah Orang Tua
MHS04404;Laki-laki;28;Jawa Timur;Ekonomi dan Bisnis;Manajemen;2020;Beasiswa;Lulus;3.49;9;Rumah Orang Tua
MHS04405;Perempuan;21;Sulawesi Utara;Ekonomi dan Bisnis;Manajemen;2023;Pinjaman/Kredit Pendidikan;Aktif;3.57;6;Asrama
MHS04406;Perempuan;20;Jawa Timur;Ilmu Sosial dan Ilmu Politik;Ilmu Informasi dan Perpustakaan;2025;Orang Tua;Aktif;2.91;2;Kos
MHS04407;Laki-laki;19;Jawa Timur;Farmasi;Farmasi;2025;Orang Tua;Aktif;2.55;2;Rumah Orang Tua
MHS04408;Perempuan;22;Jawa Timur;Ekonomi dan Bisnis;Ekonomi Islam;2023;Orang Tua;Aktif;3.34;6;Rumah Orang Tua
MHS04409;Perempuan;20;Jawa Timur;Keperawatan;Keperawatan;2024;Orang Tua;Aktif;3.27;4;Rumah Orang Tua
MHS04410;Perempuan;22;Jawa Timur;Ilmu Budaya;Ilmu Sejarah;2023;Orang Tua;Aktif;3.63;6;Rumah Orang Tua
MHS04411;Perempuan;23;Jawa Tengah;Sains dan Teknologi;Teknik Biomedis;2022;Beasiswa;Cuti;3.92;8;Kos
MHS04412;Perempuan;20;Sumatera Selatan;Ilmu Budaya;Bahasa dan Sastra Indonesia;2025;Beasiswa;Aktif;2.5;2;Menumpang Saudara
MHS04413;Laki-laki;21;Papua;Sains dan Teknologi;Biologi;2023;Orang Tua;Aktif;3.62;6;Menumpang Saudara
MHS04414;Perempuan;21;Nusa Tenggara Barat;Teknologi Maju dan Multidisiplin;Teknik Robotika dan Kecerdasan Buatan;2024;Orang Tua;Aktif;3.81;4;Kos
MHS04415;Perempuan;23;Kalimantan Tengah;Teknologi Maju dan Multidisiplin;Teknik Robotika dan Kecerdasan Buatan;2024;Beasiswa;Aktif;3.07;4;Asrama
MHS04416;Perempuan;21;Sulawesi Utara;Sains dan Teknologi;Statistika;2024;Beasiswa;Cuti;2.48;4;Asrama
MHS04417;Laki-laki;24;Jawa Tengah;Kedokteran;Kedokteran;2020;Beasiswa;Lulus;3.29;8;Kos
MHS04418;Perempuan;24;Jawa Timur;Sains dan Teknologi;Kimia;2021;Orang Tua;Lulus;3.64;9;Kos
MHS04419;Perempuan;21;Jawa Timur;Kesehatan Masyarakat;Kesehatan Masyarakat;2023;Kerja Sendiri (part-time);Non-Aktif/DO;2.41;5;Rumah Orang Tua
MHS04420;Laki-laki;20;Jawa Timur;FIKKIA Banyuwangi;Kedokteran (FIKKIA Banyuwangi);2025;Orang Tua;Aktif;3.81;2;Rumah Orang Tua
MHS04421;Perempuan;20;Jawa Barat;Ilmu Budaya;Bahasa dan Sastra Inggris;2024;Orang Tua;Aktif;3.05;4;Kos
MHS04422;Laki-laki;26;Kalimantan Utara;FIKKIA Banyuwangi;Kedokteran (FIKKIA Banyuwangi);2021;Orang Tua;Lulus;2.44;9;Kos
MHS04423;Laki-laki;21;DKI Jakarta;Sains dan Teknologi;Fisika;2024;Beasiswa;Cuti;2.5;4;Kos
MHS04424;Laki-laki;20;Jawa Timur;Ekonomi dan Bisnis;Ilmu Ekonomi;2024;Beasiswa;Aktif;3.28;4;Rumah Orang Tua
MHS04425;Perempuan;20;Kalimantan Timur;Ekonomi dan Bisnis;Akuntansi;2024;Beasiswa;Aktif;2.57;4;Kos
MHS04426;Laki-laki;24;Jawa Barat;Teknologi Maju dan Multidisiplin;Teknik Industri;2021;Orang Tua;Lulus;3.32;9;Kos
MHS04427;Perempuan;19;Jawa Timur;Ilmu Sosial dan Ilmu Politik;Ilmu Hubungan Internasional;2025;Beasiswa;Aktif;3.31;2;Rumah Orang Tua
MHS04428;Laki-laki;21;Sumatera Selatan;Ilmu Sosial dan Ilmu Politik;Ilmu Politik;2024;Orang Tua;Aktif;3.78;4;Asrama
MHS04429;Perempuan;22;Nusa Tenggara Barat;Sains dan Teknologi;Teknik Lingkungan;2023;Orang Tua;Aktif;3.53;6;Kos
MHS04430;Laki-laki;25;Sulawesi Selatan;Teknologi Maju dan Multidisiplin;Teknik Robotika dan Kecerdasan Buatan;2020;Kerja Sendiri (part-time);Lulus;2.92;11;Kos
MHS04431;Perempuan;22;Sumatera Utara;Hukum;Ilmu Hukum;2023;Orang Tua;Aktif;3.57;6;Kos
MHS04432;Perempuan;23;Jawa Timur;Ekonomi dan Bisnis;Ilmu Ekonomi;2022;Orang Tua;Lulus;3.9;8;Kos
MHS04433;Laki-laki;21;Sulawesi Tengah;Sains dan Teknologi;Teknik Lingkungan;2024;Orang Tua;Aktif;3.19;4;Kos
MHS04434;Perempuan;21;Jawa Timur;FIKKIA Banyuwangi;Kedokteran Hewan (FIKKIA Banyuwangi);2024;Orang Tua;Aktif;3.56;4;Rumah Orang Tua
MHS04435;Perempuan;22;Jawa Timur;Keperawatan;Keperawatan;2023;Kerja Sendiri (part-time);Aktif;2.44;6;Asrama
MHS04436;Perempuan;25;DKI Jakarta;Ekonomi dan Bisnis;Manajemen;2019;Orang Tua;Lulus;2.99;10;Kos
MHS04437;Laki-laki;26;Jawa Timur;Ilmu Sosial dan Ilmu Politik;Ilmu Politik;2021;Orang Tua;Lulus;3.82;8;Rumah Orang Tua
MHS04438;Laki-laki;21;Jawa Timur;Sains dan Teknologi;Matematika;2025;Orang Tua;Aktif;3.65;2;Rumah Orang Tua
MHS04439;Perempuan;23;Nusa Tenggara Barat;Ilmu Budaya;Bahasa dan Sastra Inggris;2022;Orang Tua;Lulus;2.79;8;Asrama
MHS04440;Laki-laki;23;Jawa Timur;Sains dan Teknologi;Sistem Informasi;2021;Kerja Sendiri (part-time);Lulus;3.21;10;Rumah Orang Tua
MHS04441;Perempuan;21;Jawa Timur;Sains dan Teknologi;Teknik Biomedis;2023;Orang Tua;Aktif;3.49;6;Rumah Orang Tua
MHS04442;Perempuan;21;Jawa Timur;Ilmu Sosial dan Ilmu Politik;Antropologi;2024;Beasiswa;Aktif;3.45;4;Rumah Orang Tua
MHS04443;Perempuan;20;Jawa Tengah;Ilmu Sosial dan Ilmu Politik;Administrasi Publik;2024;Orang Tua;Aktif;3.23;4;Rumah Orang Tua
MHS04444;Perempuan;22;Jawa Tengah;Kedokteran Gigi;Kedokteran Gigi;2023;Orang Tua;Aktif;3.55;6;Kos
MHS04445;Laki-laki;21;Jawa Timur;Ilmu Budaya;Ilmu Sejarah;2024;Orang Tua;Aktif;3.67;4;Kos
MHS04446;Laki-laki;20;Jawa Timur;Teknologi Maju dan Multidisiplin;Teknik Robotika dan Kecerdasan Buatan;2024;Beasiswa;Aktif;2.76;4;Asrama
MHS04447;Laki-laki;20;Nusa Tenggara Barat;Psikologi;Psikologi;2024;Orang Tua;Aktif;3.44;4;Kos
MHS04448;Perempuan;24;Kalimantan Barat;Kedokteran;Kebidanan;2024;Orang Tua;Aktif;3.44;4;Kos
MHS04449;Laki-laki;23;Jawa Barat;Kedokteran Gigi;Kedokteran Gigi;2022;Pinjaman/Kredit Pendidikan;Lulus;3.76;8;Rumah Orang Tua
MHS04450;Perempuan;22;Nusa Tenggara Barat;Kesehatan Masyarakat;Gizi;2023;Beasiswa;Non-Aktif/DO;2.17;2;Asrama
MHS04451;Laki-laki;21;Jawa Timur;Sains dan Teknologi;Fisika;2024;Orang Tua;Non-Aktif/DO;3.31;2;Kos
MHS04452;Laki-laki;22;Jawa Timur;Ekonomi dan Bisnis;Ilmu Ekonomi;2023;Orang Tua;Aktif;3.64;6;Kos
MHS04453;Perempuan;19;Jawa Timur;Teknologi Maju dan Multidisiplin;Teknologi Sains Data;2025;Orang Tua;Aktif;3.49;2;Kos
MHS04454;Perempuan;20;Jawa Timur;Kesehatan Masyarakat;Gizi;2025;Beasiswa;Aktif;3.02;2;Rumah Orang Tua
MHS04455;Perempuan;21;DKI Jakarta;Sains dan Teknologi;Fisika;2023;Orang Tua;Aktif;3.6;6;Kos
MHS04456;Perempuan;19;Jawa Timur;Ilmu Budaya;Ilmu Sejarah;2025;Kerja Sendiri (part-time);Aktif;2.74;2;Rumah Orang Tua
MHS04457;Perempuan;22;Jawa Barat;Farmasi;Farmasi;2024;Orang Tua;Aktif;2.99;4;Kos
MHS04458;Laki-laki;21;Bali;Hukum;Ilmu Hukum;2024;Orang Tua;Non-Aktif/DO;2.25;2;Rumah Orang Tua
MHS04459;Perempuan;21;Jawa Timur;Teknologi Maju dan Multidisiplin;Teknik Elektro;2024;Pinjaman/Kredit Pendidikan;Aktif;3.72;4;Rumah Orang Tua
MHS04460;Perempuan;24;Jawa Timur;Ilmu Sosial dan Ilmu Politik;Ilmu Komunikasi;2021;Orang Tua;Non-Aktif/DO;1.86;2;Kos
MHS04461;Perempuan;24;Sumatera Barat;Perikanan dan Kelautan;Akuakultur;2021;Orang Tua;Lulus;2.92;8;Asrama
MHS04462;Perempuan;19;Aceh;Kesehatan Masyarakat;Gizi;2025;Orang Tua;Aktif;3.23;2;Kos
MHS04463;Perempuan;19;Jawa Timur;FIKKIA Banyuwangi;Kesehatan Masyarakat (FIKKIA Banyuwangi);2025;Orang Tua;Aktif;3.44;2;Menumpang Saudara
MHS04464;Perempuan;20;Jawa Timur;Kesehatan Masyarakat;Kesehatan Masyarakat;2024;Orang Tua;Aktif;2.77;4;Rumah Orang Tua
MHS04465;Perempuan;20;Jawa Timur;Ilmu Budaya;Bahasa dan Sastra Jepang;2024;Orang Tua;Aktif;3.21;4;Rumah Orang Tua
MHS04466;Perempuan;22;Jawa Timur;Sains dan Teknologi;Kimia;2023;Orang Tua;Aktif;3.83;6;Rumah Orang Tua
MHS04467;Perempuan;21;Jawa Timur;Hukum;Ilmu Hukum;2024;Orang Tua;Aktif;3.66;4;Kos
MHS04468;Perempuan;23;Aceh;Ilmu Sosial dan Ilmu Politik;Sosiologi;2024;Orang Tua;Aktif;4.0;4;Kos
MHS04469;Laki-laki;22;Jawa Timur;Sains dan Teknologi;Kimia;2022;Orang Tua;Non-Aktif/DO;3.16;3;Kos
MHS04470;Laki-laki;22;DI Yogyakarta;Ilmu Budaya;Bahasa dan Sastra Inggris;2023;Orang Tua;Aktif;3.25;6;Kos
MHS04471;Perempuan;23;Jawa Timur;Farmasi;Farmasi;2021;Beasiswa;Lulus;3.68;8;Rumah Orang Tua
MHS04472;Perempuan;23;Papua Tengah;Kesehatan Masyarakat;Kesehatan Masyarakat;2021;Orang Tua;Non-Aktif/DO;2.19;2;Kos
MHS04473;Perempuan;19;Lampung;Keperawatan;Keperawatan;2025;Orang Tua;Aktif;3.22;2;Kos
MHS04474;Perempuan;19;Jawa Tengah;Kesehatan Masyarakat;Kesehatan Masyarakat;2025;Pinjaman/Kredit Pendidikan;Aktif;2.23;2;Kos
MHS04475;Perempuan;21;Sulawesi Selatan;Teknologi Maju dan Multidisiplin;Teknologi Sains Data;2024;Orang Tua;Aktif;3.15;4;Kos
MHS04476;Perempuan;22;Kalimantan Tengah;FIKKIA Banyuwangi;Kesehatan Masyarakat (FIKKIA Banyuwangi);2023;Orang Tua;Aktif;2.69;6;Kos
MHS04477;Laki-laki;23;Jawa Tengah;Sains dan Teknologi;Teknik Lingkungan;2021;Orang Tua;Lulus;2.88;8;Kos
MHS04478;Laki-laki;20;Nusa Tenggara Barat;Perikanan dan Kelautan;Akuakultur;2024;Kerja Sendiri (part-time);Aktif;2.36;4;Kos
MHS04479;Perempuan;21;Bengkulu;Teknologi Maju dan Multidisiplin;Teknik Industri;2024;Beasiswa;Aktif;3.99;4;Kos
MHS04480;Perempuan;22;Nusa Tenggara Timur;Teknologi Maju dan Multidisiplin;Teknik Robotika dan Kecerdasan Buatan;2023;Kerja Sendiri (part-time);Aktif;3.27;6;Kos
MHS04481;Perempuan;19;Bali;Ilmu Budaya;Bahasa dan Sastra Indonesia;2025;Beasiswa;Aktif;1.97;2;Asrama
MHS04482;Perempuan;21;Jawa Timur;Teknologi Maju dan Multidisiplin;Rekayasa Nanoteknologi;2023;Orang Tua;Aktif;3.94;6;Rumah Orang Tua
MHS04483;Laki-laki;21;Jawa Tengah;Ekonomi dan Bisnis;Akuntansi;2023;Orang Tua;Aktif;3.44;6;Kos
MHS04484;Perempuan;20;Jawa Timur;Farmasi;Farmasi;2025;Orang Tua;Aktif;3.41;2;Kos
MHS04485;Perempuan;22;Jawa Timur;Ilmu Sosial dan Ilmu Politik;Ilmu Komunikasi;2025;Orang Tua;Aktif;3.09;2;Asrama
MHS04486;Perempuan;21;Jawa Timur;Ekonomi dan Bisnis;Akuntansi;2024;Beasiswa;Aktif;3.66;4;Rumah Orang Tua
MHS04487;Perempuan;21;Jawa Timur;Ilmu Sosial dan Ilmu Politik;Ilmu Informasi dan Perpustakaan;2023;Beasiswa;Aktif;3.4;6;Rumah Orang Tua
MHS04488;Laki-laki;19;Jawa Timur;Ekonomi dan Bisnis;Manajemen;2025;Beasiswa;Aktif;2.53;2;Asrama
MHS04489;Perempuan;20;Jawa Timur;Kedokteran Hewan;Kedokteran Hewan;2024;Beasiswa;Aktif;2.73;4;Rumah Orang Tua
MHS04490;Perempuan;19;Jawa Tengah;Teknologi Maju dan Multidisiplin;Teknik Industri;2025;Orang Tua;Aktif;3.27;2;Kos
MHS04491;Perempuan;21;Sumatera Utara;Sains dan Teknologi;Kimia;2023;Orang Tua;Cuti;3.77;6;Kos
MHS04492;Perempuan;20;DI Yogyakarta;Ilmu Sosial dan Ilmu Politik;Sosiologi;2025;Beasiswa;Aktif;3.85;2;Kos
MHS04493;Laki-laki;24;Jawa Timur;FIKKIA Banyuwangi;Kedokteran Hewan (FIKKIA Banyuwangi);2023;Beasiswa;Cuti;3.15;6;Rumah Orang Tua
MHS04494;Laki-laki;22;Jawa Tengah;Teknologi Maju dan Multidisiplin;Teknik Robotika dan Kecerdasan Buatan;2023;Beasiswa;Aktif;2.92;6;Menumpang Saudara
MHS04495;Laki-laki;21;Jawa Timur;FIKKIA Banyuwangi;Kedokteran Hewan (FIKKIA Banyuwangi);2024;Kerja Sendiri (part-time);Aktif;3.98;4;Rumah Orang Tua
MHS04496;Laki-laki;19;Jawa Timur;Ekonomi dan Bisnis;Ilmu Ekonomi;2025;Beasiswa;Aktif;3.81;2;Rumah Orang Tua
MHS04497;Laki-laki;22;Jawa Timur;Sains dan Teknologi;Sistem Informasi;2025;Kerja Sendiri (part-time);Aktif;2.85;2;Asrama
MHS04498;Perempuan;23;Jambi;Ilmu Sosial dan Ilmu Politik;Antropologi;2022;Beasiswa;Lulus;3.58;8;Kos
MHS04499;Laki-laki;23;Jawa Timur;Ekonomi dan Bisnis;Ilmu Ekonomi;2022;Beasiswa;Lulus;3.72;8;Menumpang Saudara
MHS04500;Perempuan;19;Jawa Timur;Sains dan Teknologi;Teknik Lingkungan;2025;Beasiswa;Aktif;2.76;2;Asrama
MHS04501;Perempuan;20;Kalimantan Timur;Ilmu Budaya;Bahasa dan Sastra Indonesia;2024;Orang Tua;Aktif;3.22;4;Kos
MHS04502;Perempuan;22;Jawa Timur;FIKKIA Banyuwangi;Akuakultur (FIKKIA Banyuwangi);2023;Orang Tua;Aktif;2.6;6;Rumah Orang Tua
MHS04503;Perempuan;23;Jawa Timur;Ilmu Budaya;Bahasa dan Sastra Inggris;2022;Orang Tua;Lulus;3.66;8;Rumah Orang Tua
MHS04504;Perempuan;19;Nusa Tenggara Timur;Sains dan Teknologi;Fisika;2025;Orang Tua;Aktif;2.84;2;Asrama
MHS04505;Perempuan;24;Banten;Psikologi;Psikologi;2021;Orang Tua;Lulus;3.24;8;Kos
MHS04506;Perempuan;19;Jawa Timur;Kedokteran Gigi;Kedokteran Gigi;2025;Orang Tua;Aktif;3.51;2;Rumah Orang Tua
MHS04507;Laki-laki;22;Jawa Tengah;Ilmu Budaya;Ilmu Sejarah;2023;Orang Tua;Aktif;3.39;6;Kos
MHS04508;Laki-laki;20;Jawa Barat;Teknologi Maju dan Multidisiplin;Rekayasa Nanoteknologi;2025;Orang Tua;Aktif;2.98;2;Asrama
MHS04509;Laki-laki;19;Kalimantan Barat;Ilmu Budaya;Bahasa dan Sastra Indonesia;2025;Orang Tua;Aktif;3.4;2;Kos
MHS04510;Perempuan;24;Jawa Timur;Teknologi Maju dan Multidisiplin;Rekayasa Nanoteknologi;2020;Kerja Sendiri (part-time);Lulus;3.67;8;Rumah Orang Tua
MHS04511;Laki-laki;22;Jawa Timur;Ilmu Budaya;Bahasa dan Sastra Jepang;2023;Kerja Sendiri (part-time);Aktif;3.29;6;Rumah Orang Tua
MHS04512;Laki-laki;23;Jawa Timur;Teknologi Maju dan Multidisiplin;Teknologi Sains Data;2021;Orang Tua;Lulus;3.9;8;Rumah Orang Tua
MHS04513;Laki-laki;21;Jawa Timur;Ilmu Budaya;Ilmu Sejarah;2023;Orang Tua;Aktif;3.72;6;Rumah Orang Tua
MHS04514;Laki-laki;21;Jawa Timur;Hukum;Ilmu Hukum;2023;Kerja Sendiri (part-time);Aktif;3.55;6;Rumah Orang Tua
MHS04515;Laki-laki;23;Jawa Timur;Ilmu Sosial dan Ilmu Politik;Sosiologi;2021;Orang Tua;Lulus;3.6;10;Rumah Orang Tua
MHS04516;Perempuan;21;Jawa Timur;FIKKIA Banyuwangi;Akuakultur (FIKKIA Banyuwangi);2024;Kerja Sendiri (part-time);Non-Aktif/DO;2.48;4;Rumah Orang Tua
MHS04517;Perempuan;20;Banten;Ilmu Sosial dan Ilmu Politik;Ilmu Hubungan Internasional;2024;Beasiswa;Aktif;3.58;4;Rumah Orang Tua
MHS04518;Perempuan;21;Aceh;Hukum;Ilmu Hukum;2024;Kerja Sendiri (part-time);Aktif;3.32;4;Asrama
MHS04519;Laki-laki;19;Kalimantan Selatan;Psikologi;Psikologi;2025;Orang Tua;Aktif;2.93;2;Kos
MHS04520;Laki-laki;19;Jawa Timur;Ilmu Sosial dan Ilmu Politik;Ilmu Hubungan Internasional;2025;Orang Tua;Aktif;3.75;2;Rumah Orang Tua
MHS04521;Perempuan;21;Jawa Timur;Ilmu Budaya;Bahasa dan Sastra Jepang;2024;Orang Tua;Aktif;3.06;4;Asrama
MHS04522;Perempuan;20;Jawa Timur;Ilmu Sosial dan Ilmu Politik;Administrasi Publik;2025;Orang Tua;Aktif;3.26;2;Rumah Orang Tua
MHS04523;Perempuan;22;Papua Barat Daya;FIKKIA Banyuwangi;Kedokteran Hewan (FIKKIA Banyuwangi);2023;Beasiswa;Aktif;2.87;6;Kos
MHS04524;Laki-laki;22;Jawa Barat;Ilmu Budaya;Bahasa dan Sastra Inggris;2022;Orang Tua;Lulus;3.93;8;Asrama
MHS04525;Laki-laki;23;Riau;Ilmu Budaya;Bahasa dan Sastra Indonesia;2024;Orang Tua;Aktif;3.74;4;Kos
MHS04526;Perempuan;20;Sulawesi Selatan;Psikologi;Psikologi;2025;Orang Tua;Aktif;3.14;2;Kos
MHS04527;Perempuan;20;Jawa Timur;FIKKIA Banyuwangi;Kesehatan Masyarakat (FIKKIA Banyuwangi);2025;Orang Tua;Aktif;3.24;2;Rumah Orang Tua
MHS04528;Perempuan;24;Jawa Timur;FIKKIA Banyuwangi;Kesehatan Masyarakat (FIKKIA Banyuwangi);2021;Orang Tua;Lulus;3.63;8;Rumah Orang Tua
MHS04529;Laki-laki;21;Jawa Timur;Ilmu Budaya;Bahasa dan Sastra Indonesia;2024;Orang Tua;Aktif;2.82;4;Rumah Orang Tua
MHS04530;Perempuan;21;Sulawesi Selatan;Teknologi Maju dan Multidisiplin;Teknik Industri;2023;Beasiswa;Aktif;3.08;6;Asrama
MHS04531;Perempuan;22;Jawa Barat;Kedokteran Hewan;Kedokteran Hewan;2023;Orang Tua;Aktif;3.1;6;Asrama
MHS04532;Laki-laki;20;Jawa Timur;Perikanan dan Kelautan;Teknologi Hasil Perikanan;2025;Beasiswa;Cuti;2.82;2;Kos
MHS04533;Perempuan;24;Jawa Tengah;FIKKIA Banyuwangi;Akuakultur (FIKKIA Banyuwangi);2023;Orang Tua;Aktif;2.92;6;Kos
MHS04534;Perempuan;24;Jawa Timur;Ekonomi dan Bisnis;Manajemen;2024;Orang Tua;Aktif;2.71;4;Rumah Orang Tua
MHS04535;Laki-laki;24;Jawa Timur;Sains dan Teknologi;Kimia;2021;Orang Tua;Lulus;3.3;8;Rumah Orang Tua
MHS04536;Perempuan;23;Lampung;Ekonomi dan Bisnis;Manajemen;2022;Kerja Sendiri (part-time);Aktif;2.68;8;Kos
MHS04537;Laki-laki;20;Jawa Barat;Kedokteran Hewan;Kedokteran Hewan;2025;Orang Tua;Cuti;2.8;2;Asrama
MHS04538;Perempuan;20;Kepulauan Bangka Belitung;Kesehatan Masyarakat;Gizi;2025;Orang Tua;Aktif;2.77;2;Kos
MHS04539;Perempuan;20;Jawa Timur;Ekonomi dan Bisnis;Ekonomi Islam;2024;Orang Tua;Aktif;2.69;4;Rumah Orang Tua
MHS04540;Perempuan;21;Sulawesi Selatan;Psikologi;Psikologi;2024;Orang Tua;Aktif;3.4;4;Kos
MHS04541;Laki-laki;20;Jawa Timur;Ekonomi dan Bisnis;Manajemen;2025;Pinjaman/Kredit Pendidikan;Aktif;2.28;2;Asrama
MHS04542;Laki-laki;20;Jawa Timur;Perikanan dan Kelautan;Akuakultur;2025;Orang Tua;Aktif;3.1;2;Rumah Orang Tua
MHS04543;Perempuan;20;Papua Barat;Kedokteran Hewan;Kedokteran Hewan;2025;Beasiswa;Non-Aktif/DO;1.93;2;Kos
MHS04544;Laki-laki;20;Jawa Timur;Ilmu Sosial dan Ilmu Politik;Ilmu Politik;2024;Orang Tua;Aktif;3.66;4;Asrama
MHS04545;Laki-laki;23;Jawa Timur;Kesehatan Masyarakat;Kesehatan Masyarakat;2021;Orang Tua;Lulus;3.42;8;Rumah Orang Tua
MHS04546;Perempuan;19;Jawa Timur;Ekonomi dan Bisnis;Ilmu Ekonomi;2025;Orang Tua;Aktif;2.51;2;Kos
MHS04547;Laki-laki;23;Sumatera Utara;Hukum;Ilmu Hukum;2025;Kerja Sendiri (part-time);Aktif;2.74;2;Kos
MHS04548;Perempuan;24;Jawa Tengah;Farmasi;Farmasi;2021;Orang Tua;Lulus;3.26;9;Kos
MHS04549;Perempuan;20;Jambi;Hukum;Ilmu Hukum;2025;Orang Tua;Aktif;3.74;2;Kos
MHS04550;Perempuan;25;DKI Jakarta;Sains dan Teknologi;Biologi;2023;Orang Tua;Aktif;2.98;6;Kos
MHS04551;Perempuan;19;Maluku;Sains dan Teknologi;Teknik Lingkungan;2025;Kerja Sendiri (part-time);Aktif;2.54;2;Menumpang Saudara
MHS04552;Laki-laki;21;Kalimantan Timur;Kesehatan Masyarakat;Kesehatan Masyarakat;2023;Kerja Sendiri (part-time);Aktif;3.58;6;Kos
MHS04553;Perempuan;19;Jawa Timur;Sains dan Teknologi;Teknik Biomedis;2025;Orang Tua;Aktif;3.08;2;Rumah Orang Tua
MHS04554;Perempuan;24;Nusa Tenggara Timur;Kedokteran;Kedokteran;2021;Orang Tua;Lulus;3.72;8;Kos
MHS04555;Perempuan;25;Sumatera Utara;Sains dan Teknologi;Biologi;2023;Kerja Sendiri (part-time);Aktif;2.98;6;Asrama
MHS04556;Laki-laki;23;Jawa Timur;FIKKIA Banyuwangi;Kedokteran (FIKKIA Banyuwangi);2022;Orang Tua;Aktif;3.11;8;Rumah Orang Tua
MHS04557;Laki-laki;21;DKI Jakarta;Perikanan dan Kelautan;Akuakultur;2023;Orang Tua;Aktif;3.61;6;Rumah Orang Tua
MHS04558;Perempuan;20;Jawa Timur;Farmasi;Farmasi;2025;Orang Tua;Aktif;3.56;2;Rumah Orang Tua
MHS04559;Laki-laki;20;Jawa Timur;Teknologi Maju dan Multidisiplin;Teknik Industri;2025;Kerja Sendiri (part-time);Cuti;2.05;2;Rumah Orang Tua
MHS04560;Perempuan;21;Jawa Timur;Keperawatan;Keperawatan;2024;Orang Tua;Cuti;2.93;4;Rumah Orang Tua
MHS04561;Perempuan;22;Jawa Timur;Ekonomi dan Bisnis;Ekonomi Islam;2023;Orang Tua;Aktif;2.69;6;Kos
MHS04562;Laki-laki;20;Jawa Timur;Kedokteran Hewan;Kedokteran Hewan;2024;Orang Tua;Aktif;3.63;4;Rumah Orang Tua
MHS04563;Laki-laki;23;Jawa Timur;Teknologi Maju dan Multidisiplin;Teknologi Sains Data;2022;Orang Tua;Lulus;3.74;8;Rumah Orang Tua
MHS04564;Perempuan;21;Sumatera Utara;Teknologi Maju dan Multidisiplin;Teknologi Sains Data;2023;Beasiswa;Aktif;2.77;6;Menumpang Saudara
MHS04565;Perempuan;22;Jawa Timur;Ilmu Sosial dan Ilmu Politik;Ilmu Hubungan Internasional;2023;Orang Tua;Aktif;2.36;6;Rumah Orang Tua
MHS04566;Perempuan;20;Jawa Timur;Ilmu Budaya;Ilmu Sejarah;2025;Beasiswa;Aktif;3.93;2;Rumah Orang Tua
MHS04567;Laki-laki;21;Kalimantan Timur;Sains dan Teknologi;Fisika;2024;Beasiswa;Aktif;3.46;4;Kos
MHS04568;Laki-laki;23;Jawa Timur;Teknologi Maju dan Multidisiplin;Teknologi Sains Data;2022;Orang Tua;Lulus;3.75;8;Rumah Orang Tua
MHS04569;Perempuan;20;Jawa Timur;Kedokteran;Kebidanan;2025;Orang Tua;Aktif;3.7;2;Kos
MHS04570;Perempuan;20;Jawa Timur;Ilmu Sosial dan Ilmu Politik;Ilmu Informasi dan Perpustakaan;2025;Orang Tua;Aktif;3.34;2;Rumah Orang Tua
MHS04571;Laki-laki;24;Jawa Tengah;Teknologi Maju dan Multidisiplin;Teknik Elektro;2021;Orang Tua;Lulus;3.83;8;Rumah Orang Tua
MHS04572;Perempuan;21;Nusa Tenggara Barat;Teknologi Maju dan Multidisiplin;Rekayasa Nanoteknologi;2023;Orang Tua;Aktif;2.91;6;Asrama
MHS04573;Perempuan;20;Jawa Timur;Sains dan Teknologi;Teknik Biomedis;2025;Orang Tua;Aktif;3.02;2;Rumah Orang Tua
MHS04574;Laki-laki;20;Kalimantan Selatan;Ilmu Sosial dan Ilmu Politik;Ilmu Hubungan Internasional;2024;Beasiswa;Aktif;2.08;4;Kos
MHS04575;Laki-laki;26;Jawa Timur;Keperawatan;Keperawatan;2019;Beasiswa;Lulus;3.95;8;Menumpang Saudara
MHS04576;Laki-laki;19;Jawa Timur;Teknologi Maju dan Multidisiplin;Teknik Robotika dan Kecerdasan Buatan;2025;Orang Tua;Aktif;3.76;2;Rumah Orang Tua
MHS04577;Laki-laki;20;Jawa Timur;Sains dan Teknologi;Fisika;2024;Beasiswa;Aktif;3.14;4;Menumpang Saudara
MHS04578;Laki-laki;23;Banten;Sains dan Teknologi;Teknik Lingkungan;2021;Orang Tua;Lulus;3.19;9;Kos
MHS04579;Perempuan;23;Aceh;Ekonomi dan Bisnis;Ekonomi Islam;2021;Orang Tua;Non-Aktif/DO;2.01;2;Kos
MHS04580;Perempuan;22;Jawa Timur;Teknologi Maju dan Multidisiplin;Teknologi Sains Data;2023;Orang Tua;Aktif;3.61;6;Kos
MHS04581;Laki-laki;21;Jawa Barat;Sains dan Teknologi;Sistem Informasi;2023;Orang Tua;Aktif;3.35;6;Kos
MHS04582;Perempuan;24;Jawa Barat;Ilmu Budaya;Bahasa dan Sastra Indonesia;2021;Orang Tua;Lulus;3.81;8;Kos
MHS04583;Laki-laki;20;Sulawesi Tengah;Ekonomi dan Bisnis;Akuntansi;2024;Beasiswa;Aktif;3.23;4;Asrama
MHS04584;Perempuan;21;Jawa Timur;Kedokteran Hewan;Kedokteran Hewan;2024;Orang Tua;Aktif;3.71;4;Rumah Orang Tua
MHS04585;Perempuan;22;Jawa Timur;Ilmu Sosial dan Ilmu Politik;Ilmu Komunikasi;2023;Orang Tua;Aktif;2.69;6;Rumah Orang Tua
MHS04586;Perempuan;19;Jawa Timur;Ilmu Budaya;Bahasa dan Sastra Inggris;2025;Orang Tua;Aktif;2.74;2;Kos
MHS04587;Laki-laki;21;Jawa Timur;Sains dan Teknologi;Teknik Biomedis;2023;Orang Tua;Aktif;3.93;6;Kos
MHS04588;Perempuan;22;Jawa Timur;Ekonomi dan Bisnis;Ekonomi Islam;2022;Orang Tua;Aktif;3.29;8;Rumah Orang Tua
MHS04589;Perempuan;20;Jawa Timur;Kedokteran;Kedokteran;2024;Orang Tua;Aktif;3.77;4;Rumah Orang Tua
MHS04590;Laki-laki;22;Jawa Timur;Sains dan Teknologi;Sistem Informasi;2025;Beasiswa;Cuti;3.07;2;Rumah Orang Tua
MHS04591;Perempuan;20;Lampung;Kedokteran Gigi;Kedokteran Gigi;2025;Orang Tua;Aktif;2.85;2;Kos
MHS04592;Laki-laki;23;Sumatera Barat;FIKKIA Banyuwangi;Kedokteran Hewan (FIKKIA Banyuwangi);2022;Orang Tua;Lulus;3.75;8;Kos
MHS04593;Laki-laki;23;Jawa Timur;Sains dan Teknologi;Matematika;2021;Kerja Sendiri (part-time);Lulus;3.07;8;Rumah Orang Tua
MHS04594;Laki-laki;19;Jawa Timur;Ekonomi dan Bisnis;Manajemen;2025;Orang Tua;Cuti;3.34;2;Rumah Orang Tua
MHS04595;Perempuan;19;Aceh;Ilmu Sosial dan Ilmu Politik;Ilmu Informasi dan Perpustakaan;2025;Orang Tua;Aktif;2.18;2;Kos
MHS04596;Perempuan;21;Jawa Timur;Ilmu Budaya;Bahasa dan Sastra Indonesia;2023;Orang Tua;Aktif;3.99;6;Rumah Orang Tua
MHS04597;Laki-laki;20;Jawa Timur;Ilmu Sosial dan Ilmu Politik;Sosiologi;2025;Orang Tua;Aktif;2.72;2;Kos
MHS04598;Perempuan;20;Jawa Timur;Kedokteran Gigi;Kedokteran Gigi;2025;Beasiswa;Aktif;3.32;2;Rumah Orang Tua
MHS04599;Perempuan;20;Sulawesi Selatan;Kesehatan Masyarakat;Kesehatan Masyarakat;2024;Beasiswa;Aktif;3.53;4;Kos
MHS04600;Perempuan;21;Jawa Tengah;Kedokteran;Kebidanan;2023;Orang Tua;Aktif;3.14;6;Rumah Orang Tua
MHS04601;Perempuan;21;Banten;Ekonomi dan Bisnis;Ekonomi Islam;2023;Orang Tua;Aktif;3.38;6;Kos
MHS04602;Laki-laki;22;Kalimantan Selatan;Kedokteran Hewan;Kedokteran Hewan;2022;Orang Tua;Lulus;3.91;8;Kos
MHS04603;Perempuan;21;Jawa Timur;Sains dan Teknologi;Kimia;2024;Orang Tua;Aktif;3.09;4;Rumah Orang Tua
MHS04604;Laki-laki;21;Jawa Timur;Ilmu Sosial dan Ilmu Politik;Antropologi;2023;Beasiswa;Non-Aktif/DO;2.84;5;Asrama
MHS04605;Perempuan;21;Jambi;Ilmu Sosial dan Ilmu Politik;Ilmu Komunikasi;2025;Orang Tua;Aktif;3.25;2;Kos
MHS04606;Laki-laki;22;Jawa Tengah;Ilmu Budaya;Bahasa dan Sastra Indonesia;2023;Orang Tua;Aktif;2.79;6;Kos
MHS04607;Laki-laki;24;Jawa Barat;Ilmu Sosial dan Ilmu Politik;Sosiologi;2021;Orang Tua;Lulus;3.64;8;Kos
MHS04608;Laki-laki;24;Jawa Timur;Teknologi Maju dan Multidisiplin;Teknik Industri;2021;Orang Tua;Lulus;3.43;8;Kos
MHS04609;Laki-laki;23;Sumatera Barat;Ekonomi dan Bisnis;Ilmu Ekonomi;2021;Orang Tua;Lulus;3.54;8;Kos
MHS04610;Perempuan;20;Aceh;Sains dan Teknologi;Biologi;2025;Orang Tua;Aktif;2.89;2;Kos
MHS04611;Perempuan;22;Jawa Barat;Ilmu Sosial dan Ilmu Politik;Ilmu Hubungan Internasional;2022;Orang Tua;Aktif;3.07;8;Kos
MHS04612;Perempuan;21;Jawa Timur;Ekonomi dan Bisnis;Ilmu Ekonomi;2023;Orang Tua;Aktif;3.83;6;Asrama
MHS04613;Perempuan;22;Jawa Timur;Ilmu Budaya;Bahasa dan Sastra Indonesia;2023;Orang Tua;Aktif;3.35;6;Kos
MHS04614;Laki-laki;21;Riau;Sains dan Teknologi;Teknik Lingkungan;2023;Beasiswa;Cuti;3.07;6;Asrama
MHS04615;Laki-laki;21;Jawa Timur;Ilmu Budaya;Bahasa dan Sastra Jepang;2024;Pinjaman/Kredit Pendidikan;Aktif;3.29;4;Rumah Orang Tua
MHS04616;Laki-laki;19;Jawa Timur;FIKKIA Banyuwangi;Akuakultur (FIKKIA Banyuwangi);2025;Orang Tua;Aktif;3.35;2;Rumah Orang Tua
MHS04617;Laki-laki;24;Jawa Timur;Perikanan dan Kelautan;Akuakultur;2021;Orang Tua;Lulus;3.33;10;Kos
MHS04618;Laki-laki;19;Jawa Timur;Ekonomi dan Bisnis;Manajemen;2025;Orang Tua;Aktif;2.77;2;Menumpang Saudara
MHS04619;Perempuan;20;Jawa Timur;Ilmu Budaya;Bahasa dan Sastra Jepang;2025;Orang Tua;Aktif;2.73;2;Kos
MHS04620;Laki-laki;22;Jawa Tengah;Sains dan Teknologi;Statistika;2025;Beasiswa;Aktif;2.33;2;Rumah Orang Tua
MHS04621;Perempuan;19;Bali;Ilmu Budaya;Bahasa dan Sastra Inggris;2025;Orang Tua;Aktif;3.13;2;Asrama
MHS04622;Laki-laki;23;Jawa Tengah;Ilmu Sosial dan Ilmu Politik;Ilmu Hubungan Internasional;2024;Orang Tua;Aktif;2.33;4;Kos
MHS04623;Laki-laki;21;Nusa Tenggara Timur;Kesehatan Masyarakat;Kesehatan Masyarakat;2024;Kerja Sendiri (part-time);Aktif;3.54;4;Kos
MHS04624;Perempuan;23;Jawa Timur;Sains dan Teknologi;Biologi;2024;Beasiswa;Aktif;2.78;4;Rumah Orang Tua
MHS04625;Laki-laki;23;Jawa Timur;Ilmu Budaya;Bahasa dan Sastra Jepang;2022;Beasiswa;Non-Aktif/DO;2.64;7;Rumah Orang Tua
MHS04626;Laki-laki;24;Jawa Timur;Keperawatan;Keperawatan;2020;Orang Tua;Lulus;3.8;8;Rumah Orang Tua
MHS04627;Laki-laki;21;Jawa Timur;Sains dan Teknologi;Biologi;2023;Beasiswa;Aktif;3.26;6;Asrama
MHS04628;Laki-laki;22;Jawa Timur;Sains dan Teknologi;Biologi;2025;Orang Tua;Aktif;3.58;2;Asrama
MHS04629;Laki-laki;23;Jawa Timur;Ilmu Budaya;Bahasa dan Sastra Jepang;2022;Beasiswa;Aktif;3.4;8;Kos
MHS04630;Perempuan;22;Maluku Utara;Sains dan Teknologi;Sistem Informasi;2022;Orang Tua;Aktif;2.5;8;Asrama
MHS04631;Laki-laki;20;Jawa Timur;Teknologi Maju dan Multidisiplin;Teknik Industri;2025;Beasiswa;Cuti;3.19;2;Rumah Orang Tua
MHS04632;Laki-laki;20;Jawa Timur;Ilmu Sosial dan Ilmu Politik;Ilmu Komunikasi;2024;Beasiswa;Aktif;3.14;4;Rumah Orang Tua
MHS04633;Laki-laki;20;Aceh;Sains dan Teknologi;Matematika;2025;Orang Tua;Aktif;3.08;2;Kos
MHS04634;Perempuan;22;Jawa Timur;Kedokteran;Kedokteran;2024;Orang Tua;Aktif;3.69;4;Rumah Orang Tua
MHS04635;Laki-laki;20;Jawa Timur;Perikanan dan Kelautan;Akuakultur;2025;Beasiswa;Aktif;2.75;2;Rumah Orang Tua
MHS04636;Perempuan;25;Jawa Timur;Ilmu Budaya;Bahasa dan Sastra Indonesia;2019;Orang Tua;Lulus;3.56;9;Rumah Orang Tua
MHS04637;Perempuan;21;Sumatera Selatan;Ilmu Sosial dan Ilmu Politik;Sosiologi;2023;Orang Tua;Aktif;3.33;6;Asrama
MHS04638;Perempuan;21;Jawa Timur;Farmasi;Farmasi;2024;Orang Tua;Cuti;3.33;4;Kos
MHS04639;Laki-laki;20;Jawa Timur;Teknologi Maju dan Multidisiplin;Teknik Elektro;2024;Kerja Sendiri (part-time);Aktif;3.48;4;Menumpang Saudara
MHS04640;Perempuan;23;DKI Jakarta;Teknologi Maju dan Multidisiplin;Teknologi Sains Data;2021;Orang Tua;Lulus;3.52;8;Menumpang Saudara
MHS04641;Laki-laki;19;Jawa Barat;Perikanan dan Kelautan;Teknologi Hasil Perikanan;2025;Orang Tua;Aktif;3.04;2;Menumpang Saudara
MHS04642;Laki-laki;19;Jawa Timur;Ilmu Sosial dan Ilmu Politik;Ilmu Hubungan Internasional;2025;Beasiswa;Aktif;2.48;2;Rumah Orang Tua
MHS04643;Perempuan;20;Jawa Timur;FIKKIA Banyuwangi;Kedokteran Hewan (FIKKIA Banyuwangi);2024;Orang Tua;Aktif;4.0;4;Rumah Orang Tua
MHS04644;Perempuan;21;Jawa Timur;Psikologi;Psikologi;2024;Orang Tua;Aktif;3.63;4;Kos
MHS04645;Laki-laki;21;DKI Jakarta;Ilmu Sosial dan Ilmu Politik;Ilmu Informasi dan Perpustakaan;2024;Orang Tua;Aktif;4.0;4;Kos
MHS04646;Perempuan;22;Jawa Barat;Sains dan Teknologi;Statistika;2022;Orang Tua;Lulus;3.57;8;Kos
MHS04647;Perempuan;21;Jawa Tengah;Perikanan dan Kelautan;Akuakultur;2024;Orang Tua;Aktif;2.7;4;Kos
MHS04648;Perempuan;20;Jawa Timur;Sains dan Teknologi;Sistem Informasi;2024;Orang Tua;Aktif;3.46;4;Kos
MHS04649;Laki-laki;19;Jawa Timur;Sains dan Teknologi;Biologi;2025;Beasiswa;Aktif;2.9;2;Rumah Orang Tua
MHS04650;Laki-laki;19;DKI Jakarta;Ilmu Sosial dan Ilmu Politik;Administrasi Publik;2025;Orang Tua;Aktif;2.24;2;Kos
MHS04651;Perempuan;20;Sumatera Utara;Sains dan Teknologi;Teknik Lingkungan;2025;Orang Tua;Aktif;2.13;2;Asrama
MHS04652;Perempuan;23;Sumatera Barat;Ekonomi dan Bisnis;Akuntansi;2022;Beasiswa;Aktif;3.5;8;Kos
MHS04653;Perempuan;23;Jawa Timur;Farmasi;Farmasi;2021;Orang Tua;Lulus;2.64;10;Rumah Orang Tua
MHS04654;Perempuan;20;Bengkulu;Ilmu Sosial dan Ilmu Politik;Ilmu Politik;2024;Pinjaman/Kredit Pendidikan;Cuti;2.54;4;Asrama
MHS04655;Perempuan;23;Sumatera Barat;FIKKIA Banyuwangi;Kesehatan Masyarakat (FIKKIA Banyuwangi);2022;Kerja Sendiri (part-time);Aktif;3.15;8;Kos
MHS04656;Perempuan;21;Maluku;Keperawatan;Keperawatan;2023;Orang Tua;Cuti;3.52;6;Asrama
MHS04657;Perempuan;23;Jawa Timur;Keperawatan;Keperawatan;2021;Orang Tua;Lulus;3.39;9;Rumah Orang Tua
MHS04658;Perempuan;19;Jawa Timur;Sains dan Teknologi;Teknik Biomedis;2025;Orang Tua;Aktif;3.17;2;Rumah Orang Tua
MHS04659;Perempuan;22;Jawa Tengah;Ilmu Budaya;Bahasa dan Sastra Inggris;2022;Orang Tua;Lulus;3.75;8;Kos
MHS04660;Perempuan;21;Jawa Barat;Hukum;Ilmu Hukum;2024;Beasiswa;Aktif;3.37;4;Asrama
MHS04661;Perempuan;22;Jawa Timur;Ekonomi dan Bisnis;Manajemen;2023;Orang Tua;Aktif;3.86;6;Rumah Orang Tua
MHS04662;Perempuan;20;Jawa Timur;Kedokteran Hewan;Kedokteran Hewan;2024;Orang Tua;Aktif;2.94;4;Kos
MHS04663;Perempuan;20;Aceh;Keperawatan;Keperawatan;2025;Orang Tua;Cuti;3.03;2;Kos
MHS04664;Perempuan;20;Jawa Timur;Hukum;Ilmu Hukum;2025;Orang Tua;Aktif;3.25;2;Rumah Orang Tua
MHS04665;Laki-laki;22;Jawa Timur;Hukum;Ilmu Hukum;2022;Beasiswa;Non-Aktif/DO;2.94;6;Kos
MHS04666;Perempuan;19;Jawa Timur;Kesehatan Masyarakat;Kesehatan Masyarakat;2025;Beasiswa;Aktif;1.92;2;Menumpang Saudara
MHS04667;Laki-laki;20;Jawa Tengah;Teknologi Maju dan Multidisiplin;Teknik Industri;2024;Orang Tua;Aktif;3.61;4;Kos
MHS04668;Laki-laki;19;Jawa Timur;Sains dan Teknologi;Kimia;2025;Orang Tua;Aktif;3.56;2;Kos
MHS04669;Laki-laki;23;DI Yogyakarta;FIKKIA Banyuwangi;Kesehatan Masyarakat (FIKKIA Banyuwangi);2021;Orang Tua;Lulus;4.0;8;Kos
MHS04670;Perempuan;23;Jawa Timur;FIKKIA Banyuwangi;Kedokteran Hewan (FIKKIA Banyuwangi);2024;Pinjaman/Kredit Pendidikan;Aktif;3.79;4;Asrama
MHS04671;Perempuan;21;Jawa Timur;Ilmu Sosial dan Ilmu Politik;Ilmu Informasi dan Perpustakaan;2024;Beasiswa;Aktif;3.03;4;Rumah Orang Tua
MHS04672;Perempuan;21;Jawa Timur;Kesehatan Masyarakat;Kesehatan Masyarakat;2023;Orang Tua;Aktif;3.94;6;Kos
MHS04673;Perempuan;21;Jawa Timur;Kedokteran Hewan;Kedokteran Hewan;2024;Kerja Sendiri (part-time);Aktif;2.7;4;Rumah Orang Tua
MHS04674;Laki-laki;20;Jawa Timur;FIKKIA Banyuwangi;Akuakultur (FIKKIA Banyuwangi);2025;Orang Tua;Aktif;2.74;2;Rumah Orang Tua
MHS04675;Laki-laki;21;Jawa Timur;Farmasi;Farmasi;2024;Orang Tua;Aktif;3.01;4;Kos
MHS04676;Perempuan;24;Jawa Barat;Ilmu Budaya;Bahasa dan Sastra Jepang;2021;Orang Tua;Lulus;3.14;8;Kos
MHS04677;Perempuan;23;Jawa Timur;Keperawatan;Keperawatan;2021;Orang Tua;Lulus;3.29;9;Kos
MHS04678;Perempuan;19;Jawa Timur;Ekonomi dan Bisnis;Akuntansi;2025;Orang Tua;Aktif;2.78;2;Rumah Orang Tua
MHS04679;Perempuan;19;Papua Barat Daya;Kedokteran;Kedokteran;2025;Orang Tua;Non-Aktif/DO;3.82;2;Kos
MHS04680;Laki-laki;22;Jawa Tengah;Teknologi Maju dan Multidisiplin;Teknologi Sains Data;2022;Beasiswa;Aktif;3.04;8;Kos
MHS04681;Laki-laki;21;Jawa Timur;Sains dan Teknologi;Matematika;2025;Orang Tua;Aktif;3.59;2;Kos
MHS04682;Perempuan;23;Jawa Timur;Teknologi Maju dan Multidisiplin;Teknik Industri;2021;Orang Tua;Lulus;3.5;8;Kos
MHS04683;Perempuan;20;Jawa Timur;Ilmu Budaya;Bahasa dan Sastra Jepang;2024;Orang Tua;Aktif;3.73;4;Rumah Orang Tua
MHS04684;Perempuan;21;Nusa Tenggara Timur;FIKKIA Banyuwangi;Kedokteran (FIKKIA Banyuwangi);2024;Orang Tua;Aktif;2.81;4;Kos
MHS04685;Perempuan;19;Jawa Timur;Ilmu Budaya;Bahasa dan Sastra Indonesia;2025;Kerja Sendiri (part-time);Aktif;2.77;2;Kos
MHS04686;Laki-laki;20;Sumatera Barat;FIKKIA Banyuwangi;Akuakultur (FIKKIA Banyuwangi);2024;Orang Tua;Aktif;3.54;4;Kos
MHS04687;Perempuan;21;Jawa Timur;Keperawatan;Keperawatan;2023;Beasiswa;Aktif;3.89;6;Kos
MHS04688;Perempuan;25;Jawa Timur;Sains dan Teknologi;Biologi;2022;Orang Tua;Aktif;3.16;8;Menumpang Saudara
MHS04689;Laki-laki;21;Jawa Timur;Sains dan Teknologi;Statistika;2023;Orang Tua;Cuti;2.5;6;Rumah Orang Tua
MHS04690;Perempuan;20;Banten;Sains dan Teknologi;Matematika;2025;Beasiswa;Aktif;2.95;2;Rumah Orang Tua
MHS04691;Perempuan;21;Jawa Timur;Teknologi Maju dan Multidisiplin;Teknik Industri;2024;Beasiswa;Aktif;3.37;4;Rumah Orang Tua
MHS04692;Perempuan;22;Jawa Timur;Kesehatan Masyarakat;Kesehatan Masyarakat;2023;Kerja Sendiri (part-time);Cuti;3.01;6;Rumah Orang Tua
MHS04693;Laki-laki;25;Nusa Tenggara Timur;Perikanan dan Kelautan;Akuakultur;2023;Orang Tua;Aktif;3.16;6;Kos
MHS04694;Laki-laki;22;DKI Jakarta;FIKKIA Banyuwangi;Kedokteran Hewan (FIKKIA Banyuwangi);2022;Kerja Sendiri (part-time);Aktif;2.78;8;Menumpang Saudara
MHS04695;Perempuan;22;Jawa Timur;Ilmu Sosial dan Ilmu Politik;Ilmu Komunikasi;2023;Orang Tua;Aktif;3.38;6;Kos
MHS04696;Laki-laki;20;Banten;Sains dan Teknologi;Matematika;2025;Orang Tua;Aktif;2.87;2;Kos
MHS04697;Laki-laki;21;Nusa Tenggara Barat;Teknologi Maju dan Multidisiplin;Teknik Elektro;2023;Orang Tua;Aktif;3.64;6;Kos
MHS04698;Perempuan;19;Jawa Barat;Ekonomi dan Bisnis;Ilmu Ekonomi;2025;Orang Tua;Aktif;3.88;2;Kos
MHS04699;Laki-laki;22;Jawa Timur;Ilmu Sosial dan Ilmu Politik;Antropologi;2023;Kerja Sendiri (part-time);Aktif;3.32;6;Rumah Orang Tua
MHS04700;Perempuan;22;Sulawesi Selatan;Teknologi Maju dan Multidisiplin;Teknologi Sains Data;2023;Orang Tua;Aktif;3.57;6;Kos
MHS04701;Perempuan;19;DKI Jakarta;Teknologi Maju dan Multidisiplin;Teknik Industri;2025;Orang Tua;Aktif;2.89;2;Asrama
MHS04702;Perempuan;20;Jawa Timur;Ekonomi dan Bisnis;Ekonomi Islam;2024;Beasiswa;Aktif;3.54;4;Kos
MHS04703;Laki-laki;20;Jawa Barat;Ilmu Budaya;Bahasa dan Sastra Inggris;2024;Orang Tua;Aktif;2.72;4;Asrama
MHS04704;Perempuan;23;Jawa Barat;FIKKIA Banyuwangi;Kedokteran Hewan (FIKKIA Banyuwangi);2025;Orang Tua;Aktif;2.99;2;Kos
MHS04705;Laki-laki;23;Nusa Tenggara Timur;Ilmu Sosial dan Ilmu Politik;Ilmu Politik;2022;Orang Tua;Lulus;3.4;8;Asrama
MHS04706;Laki-laki;24;Jawa Timur;Teknologi Maju dan Multidisiplin;Teknik Industri;2021;Orang Tua;Lulus;3.81;8;Kos
MHS04707;Perempuan;23;Jawa Timur;Ekonomi dan Bisnis;Akuntansi;2023;Orang Tua;Aktif;3.74;6;Rumah Orang Tua
MHS04708;Laki-laki;20;DKI Jakarta;Teknologi Maju dan Multidisiplin;Teknik Robotika dan Kecerdasan Buatan;2024;Orang Tua;Aktif;3.69;4;Kos
MHS04709;Perempuan;22;Jawa Timur;Ilmu Budaya;Bahasa dan Sastra Indonesia;2023;Orang Tua;Aktif;2.9;6;Kos
MHS04710;Laki-laki;20;Jawa Timur;Teknologi Maju dan Multidisiplin;Teknik Industri;2025;Orang Tua;Cuti;2.1;2;Rumah Orang Tua
MHS04711;Laki-laki;21;Papua;Ilmu Sosial dan Ilmu Politik;Sosiologi;2023;Orang Tua;Aktif;3.3;6;Kos
MHS04712;Perempuan;19;Jawa Timur;Ekonomi dan Bisnis;Ekonomi Islam;2025;Orang Tua;Aktif;3.5;2;Rumah Orang Tua
MHS04713;Laki-laki;21;Jawa Timur;Teknologi Maju dan Multidisiplin;Teknologi Sains Data;2024;Orang Tua;Aktif;3.55;4;Kos
MHS04714;Laki-laki;19;Jawa Timur;Kedokteran Gigi;Kedokteran Gigi;2025;Orang Tua;Aktif;2.97;2;Menumpang Saudara
MHS04715;Perempuan;22;Papua Barat;Sains dan Teknologi;Kimia;2022;Orang Tua;Aktif;3.16;8;Kos
MHS04716;Laki-laki;21;Jawa Timur;Sains dan Teknologi;Sistem Informasi;2023;Orang Tua;Aktif;2.63;6;Kos
MHS04717;Laki-laki;25;Bengkulu;Ekonomi dan Bisnis;Ekonomi Islam;2020;Orang Tua;Lulus;3.39;8;Asrama
MHS04718;Laki-laki;24;Jawa Timur;FIKKIA Banyuwangi;Akuakultur (FIKKIA Banyuwangi);2020;Beasiswa;Lulus;3.39;9;Kos
MHS04719;Perempuan;20;Nusa Tenggara Barat;Ilmu Sosial dan Ilmu Politik;Ilmu Hubungan Internasional;2024;Orang Tua;Aktif;2.88;4;Kos
MHS04720;Perempuan;21;Jawa Timur;Teknologi Maju dan Multidisiplin;Rekayasa Nanoteknologi;2024;Beasiswa;Aktif;3.01;4;Rumah Orang Tua
MHS04721;Perempuan;20;Jawa Timur;Sains dan Teknologi;Fisika;2025;Orang Tua;Aktif;3.62;2;Rumah Orang Tua
MHS04722;Laki-laki;23;Jawa Timur;Teknologi Maju dan Multidisiplin;Teknik Elektro;2021;Orang Tua;Lulus;3.52;8;Asrama
MHS04723;Laki-laki;19;Jawa Tengah;Teknologi Maju dan Multidisiplin;Teknik Elektro;2025;Beasiswa;Aktif;2.93;2;Menumpang Saudara
MHS04724;Laki-laki;22;DKI Jakarta;Ilmu Budaya;Bahasa dan Sastra Inggris;2023;Orang Tua;Cuti;3.61;6;Menumpang Saudara
MHS04725;Perempuan;20;Jawa Timur;Keperawatan;Keperawatan;2025;Orang Tua;Aktif;3.4;2;Rumah Orang Tua
MHS04726;Laki-laki;23;Jawa Timur;Sains dan Teknologi;Sistem Informasi;2022;Orang Tua;Lulus;3.49;8;Kos
MHS04727;Perempuan;19;DKI Jakarta;Ilmu Sosial dan Ilmu Politik;Ilmu Informasi dan Perpustakaan;2025;Orang Tua;Aktif;2.5;2;Asrama
MHS04728;Perempuan;22;Jawa Timur;Sains dan Teknologi;Biologi;2022;Orang Tua;Aktif;2.96;8;Rumah Orang Tua
MHS04729;Laki-laki;19;Jawa Barat;Teknologi Maju dan Multidisiplin;Teknik Elektro;2025;Orang Tua;Aktif;2.21;2;Kos
MHS04730;Perempuan;22;Jawa Timur;Keperawatan;Keperawatan;2025;Orang Tua;Aktif;3.15;2;Rumah Orang Tua
MHS04731;Laki-laki;21;Jawa Timur;Sains dan Teknologi;Teknik Biomedis;2023;Orang Tua;Aktif;3.76;6;Rumah Orang Tua
MHS04732;Perempuan;22;Jawa Timur;Kedokteran;Kebidanan;2022;Beasiswa;Aktif;3.02;8;Asrama
MHS04733;Perempuan;20;Jawa Timur;Ekonomi dan Bisnis;Akuntansi;2024;Orang Tua;Aktif;3.54;4;Kos
MHS04734;Laki-laki;20;Jawa Timur;Sains dan Teknologi;Statistika;2025;Orang Tua;Aktif;2.83;2;Menumpang Saudara
MHS04735;Laki-laki;22;Jawa Timur;Teknologi Maju dan Multidisiplin;Teknik Robotika dan Kecerdasan Buatan;2023;Orang Tua;Aktif;3.28;6;Kos
MHS04736;Laki-laki;22;Jawa Timur;Sains dan Teknologi;Sistem Informasi;2023;Orang Tua;Cuti;3.7;6;Kos
MHS04737;Laki-laki;22;Jawa Timur;FIKKIA Banyuwangi;Akuakultur (FIKKIA Banyuwangi);2023;Beasiswa;Aktif;3.39;6;Menumpang Saudara
MHS04738;Laki-laki;19;Jawa Timur;Teknologi Maju dan Multidisiplin;Teknik Elektro;2025;Orang Tua;Aktif;3.11;2;Asrama
MHS04739;Perempuan;23;Jawa Timur;Farmasi;Farmasi;2021;Orang Tua;Lulus;3.38;8;Rumah Orang Tua
MHS04740;Perempuan;25;Jawa Barat;Ekonomi dan Bisnis;Akuntansi;2020;Beasiswa;Lulus;2.99;8;Asrama
MHS04741;Perempuan;22;Jawa Timur;Ilmu Sosial dan Ilmu Politik;Ilmu Informasi dan Perpustakaan;2023;Beasiswa;Aktif;3.84;6;Rumah Orang Tua
MHS04742;Perempuan;20;Sumatera Utara;Sains dan Teknologi;Teknik Biomedis;2024;Orang Tua;Aktif;3.97;4;Menumpang Saudara
MHS04743;Laki-laki;23;Jawa Timur;Sains dan Teknologi;Kimia;2022;Orang Tua;Lulus;3.51;8;Rumah Orang Tua
MHS04744;Laki-laki;22;Jawa Timur;Teknologi Maju dan Multidisiplin;Teknik Robotika dan Kecerdasan Buatan;2025;Orang Tua;Aktif;3.02;2;Rumah Orang Tua
MHS04745;Perempuan;20;Nusa Tenggara Timur;Ilmu Sosial dan Ilmu Politik;Antropologi;2024;Orang Tua;Aktif;3.42;4;Asrama
MHS04746;Perempuan;25;Jawa Timur;Kesehatan Masyarakat;Gizi;2020;Orang Tua;Lulus;3.84;8;Rumah Orang Tua
MHS04747;Laki-laki;22;Jawa Timur;Perikanan dan Kelautan;Akuakultur;2023;Kerja Sendiri (part-time);Aktif;3.13;6;Kos
MHS04748;Laki-laki;21;Jawa Timur;Ilmu Sosial dan Ilmu Politik;Ilmu Politik;2023;Kerja Sendiri (part-time);Non-Aktif/DO;1.7;2;Kos
MHS04749;Laki-laki;19;Jawa Timur;Kedokteran;Kedokteran;2025;Orang Tua;Aktif;3.25;2;Rumah Orang Tua
MHS04750;Laki-laki;24;Sumatera Selatan;Sains dan Teknologi;Teknik Lingkungan;2020;Orang Tua;Non-Aktif/DO;1.75;2;Kos
MHS04751;Laki-laki;25;Nusa Tenggara Timur;Sains dan Teknologi;Teknik Biomedis;2022;Kerja Sendiri (part-time);Aktif;3.18;8;Kos
MHS04752;Laki-laki;20;Jawa Timur;Teknologi Maju dan Multidisiplin;Teknik Industri;2025;Beasiswa;Aktif;3.38;2;Kos
MHS04753;Laki-laki;22;Jawa Timur;Sains dan Teknologi;Matematika;2023;Beasiswa;Non-Aktif/DO;1.91;3;Rumah Orang Tua
MHS04754;Perempuan;22;Nusa Tenggara Barat;Kesehatan Masyarakat;Kesehatan Masyarakat;2023;Orang Tua;Aktif;3.32;6;Kos
MHS04755;Perempuan;21;Jawa Timur;Perikanan dan Kelautan;Akuakultur;2024;Orang Tua;Aktif;2.7;4;Kos
MHS04756;Perempuan;24;DKI Jakarta;Kedokteran Gigi;Kedokteran Gigi;2021;Kerja Sendiri (part-time);Lulus;3.63;9;Asrama
MHS04757;Perempuan;20;Jawa Timur;Ilmu Budaya;Bahasa dan Sastra Inggris;2024;Beasiswa;Aktif;2.99;4;Rumah Orang Tua
MHS04758;Laki-laki;23;Jawa Tengah;Sains dan Teknologi;Fisika;2025;Orang Tua;Aktif;3.3;2;Rumah Orang Tua
MHS04759;Perempuan;20;Jawa Timur;Kedokteran Hewan;Kedokteran Hewan;2025;Kerja Sendiri (part-time);Aktif;3.26;2;Asrama
MHS04760;Perempuan;20;Jawa Timur;Ilmu Budaya;Bahasa dan Sastra Inggris;2024;Orang Tua;Aktif;3.75;4;Rumah Orang Tua
MHS04761;Laki-laki;23;Jawa Timur;Ilmu Budaya;Bahasa dan Sastra Indonesia;2022;Orang Tua;Aktif;3.56;8;Rumah Orang Tua
MHS04762;Perempuan;20;Jawa Timur;Ilmu Sosial dan Ilmu Politik;Ilmu Politik;2024;Orang Tua;Cuti;3.16;4;Kos
MHS04763;Perempuan;20;Jawa Tengah;Ilmu Sosial dan Ilmu Politik;Administrasi Publik;2025;Orang Tua;Aktif;2.81;2;Kos
MHS04764;Perempuan;20;Sulawesi Utara;Ekonomi dan Bisnis;Ekonomi Islam;2024;Beasiswa;Aktif;3.21;4;Asrama
MHS04765;Laki-laki;22;Kalimantan Utara;Perikanan dan Kelautan;Akuakultur;2022;Orang Tua;Aktif;3.18;8;Kos
MHS04766;Perempuan;20;Jawa Timur;FIKKIA Banyuwangi;Kedokteran Hewan (FIKKIA Banyuwangi);2025;Beasiswa;Aktif;2.56;2;Rumah Orang Tua
MHS04767;Perempuan;22;Jawa Timur;Ilmu Sosial dan Ilmu Politik;Antropologi;2024;Orang Tua;Aktif;2.74;4;Asrama
MHS04768;Perempuan;27;Jawa Tengah;Teknologi Maju dan Multidisiplin;Rekayasa Nanoteknologi;2020;Orang Tua;Lulus;3.61;8;Kos
MHS04769;Perempuan;20;DI Yogyakarta;Ilmu Sosial dan Ilmu Politik;Antropologi;2024;Orang Tua;Aktif;3.31;4;Rumah Orang Tua
MHS04770;Perempuan;22;Jawa Barat;Farmasi;Farmasi;2022;Orang Tua;Aktif;3.73;8;Asrama
MHS04771;Perempuan;22;Jawa Timur;Kedokteran Gigi;Kedokteran Gigi;2024;Orang Tua;Aktif;3.69;4;Rumah Orang Tua
MHS04772;Perempuan;21;Jawa Tengah;FIKKIA Banyuwangi;Kesehatan Masyarakat (FIKKIA Banyuwangi);2023;Orang Tua;Aktif;3.0;6;Kos
MHS04773;Perempuan;20;Papua Barat;FIKKIA Banyuwangi;Kesehatan Masyarakat (FIKKIA Banyuwangi);2025;Orang Tua;Cuti;3.62;2;Kos
MHS04774;Laki-laki;21;Jawa Timur;Ilmu Sosial dan Ilmu Politik;Administrasi Publik;2024;Beasiswa;Aktif;3.31;4;Rumah Orang Tua
MHS04775;Perempuan;21;Sumatera Selatan;Ekonomi dan Bisnis;Manajemen;2024;Beasiswa;Aktif;3.21;4;Asrama
MHS04776;Laki-laki;21;Jawa Timur;Ekonomi dan Bisnis;Ilmu Ekonomi;2023;Orang Tua;Aktif;3.82;6;Rumah Orang Tua
MHS04777;Perempuan;24;Jawa Tengah;Sains dan Teknologi;Sistem Informasi;2021;Orang Tua;Non-Aktif/DO;2.59;9;Kos
MHS04778;Perempuan;22;Kalimantan Tengah;Kedokteran Hewan;Kedokteran Hewan;2022;Orang Tua;Lulus;3.74;8;Kos
MHS04779;Laki-laki;22;Kepulauan Riau;Sains dan Teknologi;Biologi;2022;Beasiswa;Cuti;3.28;8;Kos
MHS04780;Laki-laki;22;Jawa Timur;Teknologi Maju dan Multidisiplin;Teknologi Sains Data;2023;Beasiswa;Aktif;3.83;6;Rumah Orang Tua
MHS04781;Perempuan;19;Kalimantan Barat;Sains dan Teknologi;Statistika;2025;Orang Tua;Aktif;3.17;2;Kos
MHS04782;Perempuan;20;Jawa Timur;Sains dan Teknologi;Statistika;2025;Orang Tua;Aktif;3.23;2;Rumah Orang Tua
MHS04783;Laki-laki;24;Jawa Timur;FIKKIA Banyuwangi;Akuakultur (FIKKIA Banyuwangi);2021;Orang Tua;Lulus;3.89;8;Rumah Orang Tua
MHS04784;Perempuan;20;Jawa Timur;Sains dan Teknologi;Biologi;2024;Orang Tua;Aktif;4.0;4;Rumah Orang Tua
MHS04785;Perempuan;20;Jawa Timur;Kedokteran Gigi;Kedokteran Gigi;2024;Orang Tua;Aktif;3.11;4;Rumah Orang Tua
MHS04786;Perempuan;20;Jawa Timur;Ilmu Budaya;Bahasa dan Sastra Jepang;2024;Orang Tua;Aktif;2.33;4;Menumpang Saudara
MHS04787;Perempuan;23;Jawa Timur;Sains dan Teknologi;Teknik Lingkungan;2022;Kerja Sendiri (part-time);Non-Aktif/DO;2.32;2;Rumah Orang Tua
MHS04788;Perempuan;23;Aceh;Kesehatan Masyarakat;Kesehatan Masyarakat;2024;Orang Tua;Aktif;2.78;4;Menumpang Saudara
MHS04789;Perempuan;19;Jawa Timur;Farmasi;Farmasi;2025;Orang Tua;Aktif;2.61;2;Rumah Orang Tua
MHS04790;Perempuan;25;Sumatera Barat;Sains dan Teknologi;Teknik Biomedis;2023;Orang Tua;Aktif;2.91;6;Kos
MHS04791;Perempuan;22;Jawa Timur;Kesehatan Masyarakat;Kesehatan Masyarakat;2023;Beasiswa;Aktif;3.04;6;Rumah Orang Tua
MHS04792;Laki-laki;20;Jawa Timur;Ekonomi dan Bisnis;Ekonomi Islam;2024;Orang Tua;Aktif;3.67;4;Rumah Orang Tua
MHS04793;Perempuan;24;Sumatera Barat;Kesehatan Masyarakat;Gizi;2021;Orang Tua;Lulus;3.41;9;Kos
MHS04794;Perempuan;22;Jawa Timur;Teknologi Maju dan Multidisiplin;Teknologi Sains Data;2022;Orang Tua;Aktif;3.65;8;Rumah Orang Tua
MHS04795;Perempuan;19;Jawa Timur;Kesehatan Masyarakat;Gizi;2025;Beasiswa;Aktif;2.84;2;Rumah Orang Tua
MHS04796;Perempuan;19;Sulawesi Barat;Ilmu Sosial dan Ilmu Politik;Ilmu Politik;2025;Pinjaman/Kredit Pendidikan;Aktif;2.84;2;Asrama
MHS04797;Perempuan;20;Jawa Timur;Ilmu Budaya;Bahasa dan Sastra Indonesia;2024;Orang Tua;Aktif;3.48;4;Kos
MHS04798;Perempuan;25;Nusa Tenggara Barat;Ilmu Budaya;Bahasa dan Sastra Indonesia;2020;Orang Tua;Lulus;3.37;9;Kos
MHS04799;Laki-laki;21;Jawa Barat;Teknologi Maju dan Multidisiplin;Teknik Industri;2023;Beasiswa;Aktif;3.49;6;Asrama
MHS04800;Laki-laki;22;DI Yogyakarta;Teknologi Maju dan Multidisiplin;Teknologi Sains Data;2022;Beasiswa;Aktif;3.64;8;Asrama
MHS04801;Perempuan;21;Jawa Timur;Ekonomi dan Bisnis;Ilmu Ekonomi;2024;Orang Tua;Aktif;3.21;4;Rumah Orang Tua
MHS04802;Perempuan;20;Jawa Timur;Keperawatan;Keperawatan;2025;Beasiswa;Aktif;2.92;2;Menumpang Saudara
MHS04803;Laki-laki;20;Jawa Timur;Sains dan Teknologi;Matematika;2025;Orang Tua;Aktif;3.23;2;Kos
MHS04804;Perempuan;20;Jawa Tengah;Ilmu Sosial dan Ilmu Politik;Ilmu Politik;2024;Beasiswa;Aktif;3.19;4;Kos
MHS04805;Perempuan;23;Banten;Sains dan Teknologi;Matematika;2024;Beasiswa;Cuti;2.62;4;Asrama
MHS04806;Perempuan;20;Jawa Tengah;FIKKIA Banyuwangi;Kedokteran (FIKKIA Banyuwangi);2025;Kerja Sendiri (part-time);Aktif;3.27;2;Menumpang Saudara
MHS04807;Perempuan;22;Jawa Timur;Ilmu Sosial dan Ilmu Politik;Ilmu Informasi dan Perpustakaan;2023;Orang Tua;Aktif;3.02;6;Rumah Orang Tua
MHS04808;Perempuan;21;Sulawesi Utara;Ilmu Sosial dan Ilmu Politik;Antropologi;2023;Beasiswa;Aktif;2.56;6;Kos
MHS04809;Perempuan;21;Jawa Timur;Keperawatan;Keperawatan;2024;Orang Tua;Aktif;3.19;4;Rumah Orang Tua
MHS04810;Laki-laki;21;Jawa Timur;Sains dan Teknologi;Fisika;2024;Pinjaman/Kredit Pendidikan;Aktif;3.15;4;Kos
MHS04811;Perempuan;20;Papua Barat;Ilmu Budaya;Bahasa dan Sastra Indonesia;2025;Orang Tua;Aktif;3.56;2;Kos
MHS04812;Perempuan;21;Jawa Barat;FIKKIA Banyuwangi;Kesehatan Masyarakat (FIKKIA Banyuwangi);2023;Kerja Sendiri (part-time);Aktif;3.23;6;Rumah Orang Tua
MHS04813;Perempuan;20;Jawa Tengah;Psikologi;Psikologi;2025;Orang Tua;Aktif;2.54;2;Kos
MHS04814;Perempuan;21;Jawa Timur;Kesehatan Masyarakat;Gizi;2023;Beasiswa;Aktif;3.59;6;Asrama
MHS04815;Perempuan;23;Nusa Tenggara Barat;Ilmu Sosial dan Ilmu Politik;Ilmu Hubungan Internasional;2022;Orang Tua;Lulus;3.59;8;Asrama
MHS04816;Perempuan;23;Jawa Tengah;Kedokteran Gigi;Kedokteran Gigi;2021;Beasiswa;Lulus;3.72;9;Kos
MHS04817;Laki-laki;24;Jawa Timur;Teknologi Maju dan Multidisiplin;Teknik Industri;2022;Beasiswa;Aktif;3.71;8;Kos
MHS04818;Laki-laki;21;Jawa Timur;Sains dan Teknologi;Kimia;2024;Kerja Sendiri (part-time);Aktif;2.26;4;Rumah Orang Tua
MHS04819;Perempuan;21;Jawa Timur;Ilmu Budaya;Bahasa dan Sastra Inggris;2023;Orang Tua;Aktif;3.27;6;Rumah Orang Tua
MHS04820;Perempuan;22;Jawa Timur;Kedokteran;Kedokteran;2022;Kerja Sendiri (part-time);Lulus;3.36;8;Kos
MHS04821;Perempuan;21;Jawa Timur;Keperawatan;Keperawatan;2024;Orang Tua;Cuti;3.2;4;Rumah Orang Tua
MHS04822;Laki-laki;20;Jawa Timur;Sains dan Teknologi;Matematika;2025;Kerja Sendiri (part-time);Aktif;3.08;2;Rumah Orang Tua
MHS04823;Laki-laki;21;Sumatera Barat;Hukum;Ilmu Hukum;2023;Orang Tua;Aktif;3.1;6;Kos
MHS04824;Laki-laki;20;Bali;Ilmu Sosial dan Ilmu Politik;Antropologi;2025;Kerja Sendiri (part-time);Aktif;2.39;2;Kos
MHS04825;Perempuan;22;Jawa Timur;Kesehatan Masyarakat;Gizi;2023;Beasiswa;Aktif;2.48;6;Rumah Orang Tua
MHS04826;Perempuan;19;Jawa Timur;Ekonomi dan Bisnis;Manajemen;2025;Orang Tua;Aktif;3.71;2;Kos
MHS04827;Perempuan;21;Sulawesi Tenggara;FIKKIA Banyuwangi;Kesehatan Masyarakat (FIKKIA Banyuwangi);2024;Orang Tua;Aktif;3.73;4;Asrama
MHS04828;Perempuan;25;Jawa Timur;Sains dan Teknologi;Fisika;2020;Orang Tua;Lulus;3.4;8;Kos
MHS04829;Perempuan;23;Sumatera Utara;Ilmu Sosial dan Ilmu Politik;Ilmu Politik;2021;Orang Tua;Lulus;2.83;9;Menumpang Saudara
MHS04830;Laki-laki;20;Jawa Tengah;Sains dan Teknologi;Fisika;2024;Beasiswa;Cuti;3.77;4;Kos
MHS04831;Perempuan;22;Kalimantan Tengah;Kedokteran Gigi;Kedokteran Gigi;2022;Orang Tua;Aktif;2.9;8;Asrama
MHS04832;Perempuan;20;Jawa Timur;Sains dan Teknologi;Teknik Biomedis;2025;Orang Tua;Aktif;2.97;2;Kos
MHS04833;Laki-laki;20;Jawa Timur;Teknologi Maju dan Multidisiplin;Teknik Industri;2024;Orang Tua;Aktif;3.08;4;Rumah Orang Tua
MHS04834;Laki-laki;20;Jawa Timur;Sains dan Teknologi;Biologi;2024;Beasiswa;Aktif;3.42;4;Kos
MHS04835;Perempuan;21;Bali;Ekonomi dan Bisnis;Ekonomi Islam;2025;Orang Tua;Aktif;2.5;2;Rumah Orang Tua
MHS04836;Perempuan;20;Jawa Timur;Kedokteran;Kebidanan;2024;Orang Tua;Aktif;2.69;4;Kos
MHS04837;Perempuan;19;Jawa Timur;Ilmu Budaya;Bahasa dan Sastra Inggris;2025;Orang Tua;Aktif;2.64;2;Kos
MHS04838;Perempuan;23;Jawa Timur;Sains dan Teknologi;Matematika;2022;Orang Tua;Lulus;3.16;8;Kos
MHS04839;Perempuan;25;Kalimantan Timur;Ilmu Sosial dan Ilmu Politik;Ilmu Komunikasi;2023;Orang Tua;Aktif;3.68;6;Kos
MHS04840;Perempuan;21;Jawa Timur;Kedokteran;Kebidanan;2023;Beasiswa;Aktif;2.93;6;Asrama
MHS04841;Laki-laki;21;Jawa Timur;Farmasi;Farmasi;2023;Orang Tua;Cuti;2.38;6;Rumah Orang Tua
MHS04842;Laki-laki;23;Kalimantan Timur;FIKKIA Banyuwangi;Kedokteran (FIKKIA Banyuwangi);2023;Beasiswa;Aktif;3.21;6;Asrama
MHS04843;Perempuan;22;Maluku;Sains dan Teknologi;Statistika;2022;Orang Tua;Aktif;3.19;8;Asrama
MHS04844;Perempuan;19;DI Yogyakarta;Kesehatan Masyarakat;Gizi;2025;Orang Tua;Aktif;2.81;2;Kos
MHS04845;Perempuan;22;Jawa Timur;Sains dan Teknologi;Kimia;2023;Orang Tua;Aktif;3.76;6;Kos
MHS04846;Perempuan;22;Jawa Tengah;Sains dan Teknologi;Kimia;2023;Orang Tua;Aktif;2.94;6;Menumpang Saudara
MHS04847;Perempuan;22;Kalimantan Timur;Ilmu Budaya;Bahasa dan Sastra Indonesia;2022;Orang Tua;Aktif;3.01;8;Asrama
MHS04848;Laki-laki;23;Nusa Tenggara Barat;Ekonomi dan Bisnis;Ekonomi Islam;2022;Beasiswa;Lulus;3.87;8;Asrama
MHS04849;Laki-laki;19;Aceh;Ilmu Sosial dan Ilmu Politik;Ilmu Informasi dan Perpustakaan;2025;Kerja Sendiri (part-time);Aktif;3.15;2;Kos
MHS04850;Laki-laki;20;Jawa Timur;Teknologi Maju dan Multidisiplin;Teknik Industri;2024;Orang Tua;Aktif;2.64;4;Rumah Orang Tua
MHS04851;Perempuan;20;Papua Tengah;Ilmu Budaya;Bahasa dan Sastra Indonesia;2024;Kerja Sendiri (part-time);Aktif;2.71;4;Asrama
MHS04852;Laki-laki;21;Jawa Timur;Farmasi;Farmasi;2024;Orang Tua;Aktif;2.77;4;Kos
MHS04853;Laki-laki;19;Jawa Timur;Ekonomi dan Bisnis;Akuntansi;2025;Orang Tua;Aktif;3.29;2;Menumpang Saudara
MHS04854;Laki-laki;20;Kalimantan Barat;Ilmu Sosial dan Ilmu Politik;Ilmu Informasi dan Perpustakaan;2025;Orang Tua;Aktif;3.06;2;Menumpang Saudara
MHS04855;Perempuan;21;Sumatera Selatan;FIKKIA Banyuwangi;Kedokteran (FIKKIA Banyuwangi);2024;Beasiswa;Aktif;3.32;4;Asrama
MHS04856;Perempuan;20;Jawa Timur;Kedokteran Hewan;Kedokteran Hewan;2024;Orang Tua;Aktif;3.77;4;Rumah Orang Tua
MHS04857;Perempuan;19;Jawa Timur;Keperawatan;Keperawatan;2025;Beasiswa;Aktif;3.34;2;Asrama
MHS04858;Perempuan;24;Jawa Timur;Ilmu Budaya;Bahasa dan Sastra Indonesia;2024;Orang Tua;Aktif;2.98;4;Kos
MHS04859;Laki-laki;24;Jawa Tengah;Perikanan dan Kelautan;Teknologi Hasil Perikanan;2021;Kerja Sendiri (part-time);Aktif;2.98;10;Asrama
MHS04860;Perempuan;25;Jawa Timur;Teknologi Maju dan Multidisiplin;Teknik Industri;2021;Pinjaman/Kredit Pendidikan;Lulus;3.65;8;Rumah Orang Tua
MHS04861;Perempuan;22;Jawa Tengah;Teknologi Maju dan Multidisiplin;Teknik Elektro;2023;Orang Tua;Non-Aktif/DO;2.3;5;Kos
MHS04862;Perempuan;24;Jawa Barat;Perikanan dan Kelautan;Teknologi Hasil Perikanan;2020;Orang Tua;Lulus;3.84;8;Kos
MHS04863;Perempuan;23;Banten;Ilmu Sosial dan Ilmu Politik;Antropologi;2022;Orang Tua;Aktif;3.49;8;Asrama
MHS04864;Laki-laki;21;Jawa Timur;Teknologi Maju dan Multidisiplin;Teknik Elektro;2023;Orang Tua;Aktif;3.79;6;Rumah Orang Tua
MHS04865;Perempuan;19;Jawa Timur;FIKKIA Banyuwangi;Kesehatan Masyarakat (FIKKIA Banyuwangi);2025;Orang Tua;Aktif;2.1;2;Rumah Orang Tua
MHS04866;Laki-laki;24;Jawa Timur;Teknologi Maju dan Multidisiplin;Teknik Robotika dan Kecerdasan Buatan;2021;Orang Tua;Aktif;3.56;10;Rumah Orang Tua
MHS04867;Laki-laki;19;DKI Jakarta;Hukum;Ilmu Hukum;2025;Orang Tua;Aktif;2.57;2;Kos
MHS04868;Perempuan;21;Jawa Timur;Psikologi;Psikologi;2023;Orang Tua;Aktif;3.89;6;Asrama
MHS04869;Perempuan;21;Kepulauan Bangka Belitung;Ilmu Budaya;Bahasa dan Sastra Inggris;2023;Orang Tua;Aktif;3.3;6;Kos
MHS04870;Laki-laki;24;Jawa Timur;Kedokteran Gigi;Kedokteran Gigi;2021;Kerja Sendiri (part-time);Lulus;3.14;10;Kos
MHS04871;Laki-laki;19;Jawa Timur;FIKKIA Banyuwangi;Akuakultur (FIKKIA Banyuwangi);2025;Beasiswa;Aktif;3.23;2;Rumah Orang Tua
MHS04872;Perempuan;20;Jawa Timur;Ilmu Budaya;Bahasa dan Sastra Indonesia;2024;Orang Tua;Cuti;3.4;4;Kos
MHS04873;Perempuan;19;Sumatera Utara;Kedokteran;Kebidanan;2025;Orang Tua;Aktif;3.31;2;Kos
MHS04874;Perempuan;22;Jawa Timur;Kedokteran Gigi;Kedokteran Gigi;2023;Beasiswa;Aktif;3.15;6;Rumah Orang Tua
MHS04875;Laki-laki;20;Jawa Timur;Kedokteran;Kebidanan;2024;Orang Tua;Aktif;3.25;4;Rumah Orang Tua
MHS04876;Perempuan;20;Jawa Timur;Ekonomi dan Bisnis;Ekonomi Islam;2025;Pinjaman/Kredit Pendidikan;Aktif;2.73;2;Rumah Orang Tua
MHS04877;Perempuan;23;DKI Jakarta;Psikologi;Psikologi;2022;Orang Tua;Lulus;3.9;8;Kos
MHS04878;Perempuan;21;Jawa Timur;Kedokteran Gigi;Kedokteran Gigi;2024;Orang Tua;Aktif;2.78;4;Rumah Orang Tua
MHS04879;Perempuan;23;Sulawesi Selatan;FIKKIA Banyuwangi;Kedokteran Hewan (FIKKIA Banyuwangi);2022;Orang Tua;Cuti;3.26;8;Menumpang Saudara
MHS04880;Laki-laki;20;Jawa Timur;Ilmu Sosial dan Ilmu Politik;Antropologi;2024;Orang Tua;Non-Aktif/DO;1.87;2;Rumah Orang Tua
MHS04881;Laki-laki;21;Kalimantan Timur;Ilmu Budaya;Ilmu Sejarah;2024;Orang Tua;Aktif;3.64;4;Kos
MHS04882;Laki-laki;24;Jawa Timur;Ilmu Sosial dan Ilmu Politik;Administrasi Publik;2021;Beasiswa;Lulus;2.99;10;Rumah Orang Tua
MHS04883;Laki-laki;24;Nusa Tenggara Timur;Ilmu Sosial dan Ilmu Politik;Administrasi Publik;2024;Orang Tua;Aktif;3.7;4;Kos
MHS04884;Laki-laki;19;Jawa Timur;Ilmu Budaya;Bahasa dan Sastra Indonesia;2025;Orang Tua;Aktif;3.1;2;Kos
MHS04885;Perempuan;23;Jawa Barat;Teknologi Maju dan Multidisiplin;Teknik Industri;2022;Orang Tua;Lulus;3.17;8;Asrama
MHS04886;Perempuan;20;Jawa Timur;Hukum;Ilmu Hukum;2025;Beasiswa;Aktif;3.64;2;Rumah Orang Tua
MHS04887;Perempuan;21;Jawa Timur;Keperawatan;Keperawatan;2024;Orang Tua;Aktif;3.14;4;Rumah Orang Tua
MHS04888;Laki-laki;21;Kalimantan Timur;Ilmu Sosial dan Ilmu Politik;Ilmu Hubungan Internasional;2023;Orang Tua;Aktif;2.83;6;Asrama
MHS04889;Laki-laki;23;Jawa Timur;Ilmu Sosial dan Ilmu Politik;Ilmu Informasi dan Perpustakaan;2022;Orang Tua;Lulus;3.59;8;Rumah Orang Tua
MHS04890;Laki-laki;20;Sulawesi Utara;Teknologi Maju dan Multidisiplin;Teknologi Sains Data;2025;Orang Tua;Aktif;2.67;2;Kos
MHS04891;Laki-laki;22;Jawa Timur;Teknologi Maju dan Multidisiplin;Teknik Elektro;2023;Beasiswa;Aktif;3.19;6;Rumah Orang Tua
MHS04892;Laki-laki;20;Jawa Timur;FIKKIA Banyuwangi;Akuakultur (FIKKIA Banyuwangi);2024;Orang Tua;Aktif;3.06;4;Rumah Orang Tua
MHS04893;Perempuan;19;DI Yogyakarta;Keperawatan;Keperawatan;2025;Orang Tua;Aktif;3.16;2;Kos
MHS04894;Laki-laki;21;Jawa Timur;Teknologi Maju dan Multidisiplin;Teknik Elektro;2024;Beasiswa;Aktif;3.76;4;Rumah Orang Tua
MHS04895;Perempuan;22;Jawa Timur;Ilmu Sosial dan Ilmu Politik;Ilmu Politik;2022;Orang Tua;Aktif;3.43;8;Rumah Orang Tua
MHS04896;Perempuan;20;Jawa Timur;Ilmu Sosial dan Ilmu Politik;Ilmu Hubungan Internasional;2025;Orang Tua;Aktif;3.13;2;Rumah Orang Tua
MHS04897;Perempuan;20;Nusa Tenggara Barat;Ilmu Budaya;Ilmu Sejarah;2025;Beasiswa;Cuti;2.45;2;Asrama
MHS04898;Laki-laki;26;Jawa Timur;Sains dan Teknologi;Biologi;2019;Pinjaman/Kredit Pendidikan;Lulus;3.51;8;Rumah Orang Tua
MHS04899;Perempuan;22;Jawa Timur;Perikanan dan Kelautan;Teknologi Hasil Perikanan;2022;Orang Tua;Non-Aktif/DO;2.28;5;Menumpang Saudara
MHS04900;Perempuan;24;Nusa Tenggara Timur;Ilmu Budaya;Bahasa dan Sastra Indonesia;2021;Orang Tua;Aktif;3.15;10;Kos
MHS04901;Perempuan;19;Maluku;Ilmu Sosial dan Ilmu Politik;Sosiologi;2025;Kerja Sendiri (part-time);Aktif;2.57;2;Asrama
MHS04902;Laki-laki;20;Jawa Timur;Teknologi Maju dan Multidisiplin;Teknik Elektro;2024;Beasiswa;Aktif;3.2;4;Asrama
MHS04903;Laki-laki;22;Jawa Timur;Ilmu Sosial dan Ilmu Politik;Ilmu Komunikasi;2024;Orang Tua;Aktif;3.58;4;Rumah Orang Tua
MHS04904;Laki-laki;20;Bengkulu;Kesehatan Masyarakat;Kesehatan Masyarakat;2025;Orang Tua;Aktif;2.88;2;Kos
MHS04905;Laki-laki;21;Jawa Tengah;Ekonomi dan Bisnis;Ilmu Ekonomi;2023;Orang Tua;Aktif;3.01;6;Rumah Orang Tua
MHS04906;Laki-laki;22;Jawa Barat;Kedokteran Gigi;Kedokteran Gigi;2023;Beasiswa;Aktif;3.17;6;Rumah Orang Tua
MHS04907;Perempuan;22;Jawa Timur;Ekonomi dan Bisnis;Manajemen;2022;Orang Tua;Lulus;3.5;8;Rumah Orang Tua
MHS04908;Perempuan;19;Jawa Timur;Sains dan Teknologi;Kimia;2025;Orang Tua;Aktif;3.87;2;Rumah Orang Tua
MHS04909;Laki-laki;22;DI Yogyakarta;Ilmu Sosial dan Ilmu Politik;Administrasi Publik;2024;Beasiswa;Aktif;2.91;4;Asrama
MHS04910;Laki-laki;21;DKI Jakarta;Ilmu Sosial dan Ilmu Politik;Sosiologi;2024;Orang Tua;Aktif;3.8;4;Rumah Orang Tua
MHS04911;Laki-laki;20;Jawa Barat;Ekonomi dan Bisnis;Ekonomi Islam;2024;Orang Tua;Aktif;3.0;4;Kos
MHS04912;Laki-laki;22;Jawa Timur;Hukum;Ilmu Hukum;2023;Orang Tua;Cuti;3.49;6;Kos
MHS04913;Perempuan;26;Jawa Timur;Ilmu Budaya;Bahasa dan Sastra Indonesia;2019;Orang Tua;Lulus;3.02;8;Rumah Orang Tua
MHS04914;Laki-laki;22;Jawa Tengah;Hukum;Ilmu Hukum;2023;Orang Tua;Aktif;3.97;6;Kos
MHS04915;Perempuan;19;Jawa Barat;Ilmu Sosial dan Ilmu Politik;Ilmu Komunikasi;2025;Orang Tua;Aktif;3.38;2;Kos
MHS04916;Perempuan;19;Kalimantan Selatan;Ilmu Sosial dan Ilmu Politik;Ilmu Hubungan Internasional;2025;Pinjaman/Kredit Pendidikan;Aktif;3.15;2;Kos
MHS04917;Perempuan;22;Jawa Timur;Ekonomi dan Bisnis;Ekonomi Islam;2023;Orang Tua;Aktif;3.35;6;Rumah Orang Tua
MHS04918;Perempuan;22;DI Yogyakarta;Sains dan Teknologi;Statistika;2022;Kerja Sendiri (part-time);Aktif;3.05;8;Asrama
MHS04919;Laki-laki;19;Jawa Timur;Ilmu Budaya;Bahasa dan Sastra Inggris;2025;Beasiswa;Aktif;3.9;2;Rumah Orang Tua
MHS04920;Perempuan;23;Jawa Timur;Farmasi;Farmasi;2022;Orang Tua;Lulus;2.95;8;Kos
MHS04921;Laki-laki;19;Jawa Timur;Kedokteran;Kedokteran;2025;Orang Tua;Aktif;3.36;2;Rumah Orang Tua
MHS04922;Laki-laki;21;Sulawesi Tengah;Ilmu Budaya;Bahasa dan Sastra Jepang;2024;Beasiswa;Aktif;3.01;4;Menumpang Saudara
MHS04923;Perempuan;21;Jawa Timur;Ilmu Budaya;Bahasa dan Sastra Inggris;2024;Orang Tua;Aktif;3.72;4;Rumah Orang Tua
MHS04924;Perempuan;22;Jawa Timur;FIKKIA Banyuwangi;Kesehatan Masyarakat (FIKKIA Banyuwangi);2022;Kerja Sendiri (part-time);Aktif;3.13;8;Asrama
MHS04925;Perempuan;19;Jawa Timur;Sains dan Teknologi;Fisika;2025;Orang Tua;Aktif;3.0;2;Kos
MHS04926;Laki-laki;23;Jawa Timur;Perikanan dan Kelautan;Akuakultur;2022;Beasiswa;Aktif;3.15;8;Rumah Orang Tua
MHS04927;Perempuan;20;Jawa Tengah;FIKKIA Banyuwangi;Kesehatan Masyarakat (FIKKIA Banyuwangi);2024;Orang Tua;Aktif;3.4;4;Kos
MHS04928;Laki-laki;19;Kalimantan Tengah;FIKKIA Banyuwangi;Kedokteran Hewan (FIKKIA Banyuwangi);2025;Orang Tua;Aktif;3.34;2;Kos
MHS04929;Perempuan;20;Banten;FIKKIA Banyuwangi;Kesehatan Masyarakat (FIKKIA Banyuwangi);2025;Orang Tua;Aktif;4.0;2;Asrama
MHS04930;Perempuan;19;Kepulauan Riau;FIKKIA Banyuwangi;Kedokteran Hewan (FIKKIA Banyuwangi);2025;Beasiswa;Aktif;3.43;2;Kos
MHS04931;Perempuan;22;Jawa Timur;Ilmu Budaya;Bahasa dan Sastra Jepang;2022;Orang Tua;Lulus;3.76;8;Rumah Orang Tua
MHS04932;Perempuan;20;Jawa Timur;FIKKIA Banyuwangi;Kedokteran Hewan (FIKKIA Banyuwangi);2025;Beasiswa;Aktif;3.04;2;Rumah Orang Tua
MHS04933;Perempuan;23;Jawa Timur;FIKKIA Banyuwangi;Kedokteran Hewan (FIKKIA Banyuwangi);2021;Kerja Sendiri (part-time);Lulus;3.12;8;Rumah Orang Tua
MHS04934;Perempuan;24;Nusa Tenggara Timur;FIKKIA Banyuwangi;Kedokteran Hewan (FIKKIA Banyuwangi);2021;Orang Tua;Lulus;3.76;8;Kos
MHS04935;Perempuan;23;Jawa Timur;Teknologi Maju dan Multidisiplin;Teknik Elektro;2022;Orang Tua;Lulus;3.94;8;Kos
MHS04936;Perempuan;20;Jawa Timur;Perikanan dan Kelautan;Teknologi Hasil Perikanan;2025;Orang Tua;Aktif;3.42;2;Rumah Orang Tua
MHS04937;Perempuan;23;Jawa Timur;Perikanan dan Kelautan;Teknologi Hasil Perikanan;2022;Beasiswa;Aktif;3.06;8;Kos
MHS04938;Laki-laki;20;Sumatera Utara;Sains dan Teknologi;Teknik Lingkungan;2025;Orang Tua;Aktif;2.78;2;Kos
MHS04939;Perempuan;21;Jawa Timur;Ekonomi dan Bisnis;Ilmu Ekonomi;2024;Beasiswa;Aktif;3.81;4;Rumah Orang Tua
MHS04940;Perempuan;22;Jawa Timur;Sains dan Teknologi;Teknik Lingkungan;2023;Kerja Sendiri (part-time);Non-Aktif/DO;2.73;3;Asrama
MHS04941;Laki-laki;20;Jawa Timur;Sains dan Teknologi;Matematika;2025;Beasiswa;Aktif;3.22;2;Rumah Orang Tua
MHS04942;Perempuan;20;Jawa Timur;Ilmu Sosial dan Ilmu Politik;Ilmu Komunikasi;2024;Beasiswa;Aktif;3.4;4;Rumah Orang Tua
MHS04943;Laki-laki;21;Jawa Timur;Teknologi Maju dan Multidisiplin;Teknologi Sains Data;2023;Beasiswa;Aktif;3.96;6;Kos
MHS04944;Perempuan;24;Jawa Timur;Sains dan Teknologi;Fisika;2021;Beasiswa;Lulus;3.27;8;Menumpang Saudara
MHS04945;Laki-laki;22;Sulawesi Tengah;Ilmu Sosial dan Ilmu Politik;Administrasi Publik;2022;Orang Tua;Aktif;2.65;8;Asrama
MHS04946;Perempuan;25;Sumatera Utara;Sains dan Teknologi;Kimia;2020;Pinjaman/Kredit Pendidikan;Lulus;3.69;8;Kos
MHS04947;Perempuan;22;Jawa Timur;Sains dan Teknologi;Matematika;2024;Beasiswa;Aktif;3.02;4;Kos
MHS04948;Laki-laki;21;Kalimantan Selatan;Teknologi Maju dan Multidisiplin;Teknik Robotika dan Kecerdasan Buatan;2023;Orang Tua;Aktif;3.17;6;Kos
MHS04949;Laki-laki;23;Jawa Timur;FIKKIA Banyuwangi;Kesehatan Masyarakat (FIKKIA Banyuwangi);2021;Orang Tua;Lulus;3.95;8;Rumah Orang Tua
MHS04950;Perempuan;22;Jawa Timur;Farmasi;Farmasi;2023;Orang Tua;Aktif;2.9;6;Asrama
MHS04951;Laki-laki;20;Lampung;Farmasi;Farmasi;2024;Orang Tua;Aktif;3.48;4;Kos
MHS04952;Perempuan;23;Kalimantan Selatan;Keperawatan;Keperawatan;2021;Orang Tua;Lulus;3.56;8;Asrama
MHS04953;Laki-laki;22;Jawa Timur;Kedokteran;Kedokteran;2022;Beasiswa;Lulus;3.78;8;Kos
MHS04954;Laki-laki;20;Jawa Timur;Sains dan Teknologi;Sistem Informasi;2024;Kerja Sendiri (part-time);Aktif;3.42;4;Rumah Orang Tua
MHS04955;Perempuan;19;Jawa Timur;Kedokteran Hewan;Kedokteran Hewan;2025;Orang Tua;Aktif;2.66;2;Kos
MHS04956;Perempuan;23;Jawa Timur;Teknologi Maju dan Multidisiplin;Teknik Elektro;2022;Orang Tua;Lulus;3.55;8;Rumah Orang Tua
MHS04957;Perempuan;22;Papua Pegunungan;Farmasi;Farmasi;2022;Orang Tua;Aktif;3.47;8;Kos
MHS04958;Perempuan;21;Jawa Timur;Farmasi;Farmasi;2023;Orang Tua;Aktif;3.59;6;Kos
MHS04959;Laki-laki;25;Jawa Barat;Sains dan Teknologi;Fisika;2023;Orang Tua;Aktif;3.37;6;Kos
MHS04960;Perempuan;20;Jawa Timur;FIKKIA Banyuwangi;Kedokteran (FIKKIA Banyuwangi);2024;Orang Tua;Aktif;2.97;4;Kos
MHS04961;Laki-laki;23;Jawa Timur;Hukum;Ilmu Hukum;2022;Orang Tua;Lulus;3.28;8;Rumah Orang Tua
MHS04962;Laki-laki;21;Sulawesi Tenggara;Ilmu Budaya;Bahasa dan Sastra Jepang;2024;Orang Tua;Aktif;3.13;4;Kos
MHS04963;Laki-laki;21;Lampung;FIKKIA Banyuwangi;Kedokteran (FIKKIA Banyuwangi);2023;Orang Tua;Non-Aktif/DO;2.83;5;Kos
MHS04964;Perempuan;24;Jawa Tengah;Sains dan Teknologi;Fisika;2021;Orang Tua;Lulus;3.37;9;Asrama
MHS04965;Perempuan;20;Maluku;Ilmu Budaya;Bahasa dan Sastra Indonesia;2025;Orang Tua;Aktif;3.35;2;Kos
MHS04966;Laki-laki;24;Jawa Timur;Ilmu Sosial dan Ilmu Politik;Ilmu Politik;2020;Orang Tua;Lulus;3.88;8;Kos
MHS04967;Laki-laki;21;Jawa Barat;Hukum;Ilmu Hukum;2024;Orang Tua;Aktif;2.99;4;Kos
MHS04968;Laki-laki;19;Jawa Timur;Teknologi Maju dan Multidisiplin;Rekayasa Nanoteknologi;2025;Orang Tua;Aktif;3.22;2;Kos
MHS04969;Laki-laki;21;Jawa Timur;Ilmu Sosial dan Ilmu Politik;Ilmu Informasi dan Perpustakaan;2024;Orang Tua;Aktif;3.27;4;Rumah Orang Tua
MHS04970;Perempuan;23;Jawa Timur;Kedokteran Gigi;Kedokteran Gigi;2021;Orang Tua;Lulus;3.78;8;Rumah Orang Tua
MHS04971;Perempuan;20;Jawa Timur;Ilmu Budaya;Bahasa dan Sastra Jepang;2024;Orang Tua;Aktif;2.87;4;Asrama
MHS04972;Laki-laki;20;Jawa Timur;Sains dan Teknologi;Fisika;2025;Beasiswa;Aktif;3.16;2;Rumah Orang Tua
MHS04973;Laki-laki;22;Jawa Timur;Ilmu Sosial dan Ilmu Politik;Ilmu Informasi dan Perpustakaan;2023;Orang Tua;Aktif;3.51;6;Rumah Orang Tua
MHS04974;Perempuan;20;Jawa Timur;Ilmu Sosial dan Ilmu Politik;Ilmu Hubungan Internasional;2025;Orang Tua;Aktif;3.69;2;Kos
MHS04975;Perempuan;21;Nusa Tenggara Barat;Sains dan Teknologi;Biologi;2023;Orang Tua;Aktif;3.31;6;Menumpang Saudara
MHS04976;Laki-laki;24;Kalimantan Timur;Teknologi Maju dan Multidisiplin;Teknik Robotika dan Kecerdasan Buatan;2020;Orang Tua;Lulus;3.62;8;Kos
MHS04977;Perempuan;22;Jawa Timur;Ilmu Sosial dan Ilmu Politik;Antropologi;2023;Orang Tua;Aktif;3.67;6;Rumah Orang Tua
MHS04978;Perempuan;25;Nusa Tenggara Barat;Kesehatan Masyarakat;Kesehatan Masyarakat;2020;Orang Tua;Lulus;3.14;9;Kos
MHS04979;Laki-laki;20;Sumatera Barat;Ilmu Sosial dan Ilmu Politik;Sosiologi;2024;Beasiswa;Aktif;3.7;4;Asrama
MHS04980;Perempuan;20;Jawa Timur;Keperawatan;Keperawatan;2025;Orang Tua;Aktif;3.2;2;Rumah Orang Tua
MHS04981;Laki-laki;19;Kalimantan Utara;Teknologi Maju dan Multidisiplin;Teknologi Sains Data;2025;Orang Tua;Aktif;2.93;2;Kos
MHS04982;Perempuan;20;Kalimantan Timur;Ilmu Sosial dan Ilmu Politik;Sosiologi;2024;Orang Tua;Aktif;3.6;4;Kos
MHS04983;Laki-laki;22;Jawa Timur;Psikologi;Psikologi;2022;Orang Tua;Aktif;3.05;8;Rumah Orang Tua
MHS04984;Perempuan;20;Jawa Timur;Kedokteran;Kedokteran;2025;Orang Tua;Aktif;3.15;2;Rumah Orang Tua
MHS04985;Perempuan;25;Sulawesi Selatan;FIKKIA Banyuwangi;Kedokteran Hewan (FIKKIA Banyuwangi);2020;Beasiswa;Lulus;3.98;8;Kos
MHS04986;Perempuan;20;Banten;Ilmu Sosial dan Ilmu Politik;Ilmu Politik;2024;Orang Tua;Aktif;3.1;4;Kos
MHS04987;Perempuan;21;Jawa Timur;Psikologi;Psikologi;2024;Orang Tua;Aktif;3.42;4;Rumah Orang Tua
MHS04988;Laki-laki;19;Jawa Tengah;FIKKIA Banyuwangi;Kedokteran (FIKKIA Banyuwangi);2025;Beasiswa;Aktif;3.21;2;Kos
MHS04989;Perempuan;22;Jawa Timur;Ekonomi dan Bisnis;Ilmu Ekonomi;2022;Orang Tua;Non-Aktif/DO;3.94;4;Kos
MHS04990;Perempuan;24;Jawa Timur;Sains dan Teknologi;Sistem Informasi;2024;Orang Tua;Aktif;3.07;4;Asrama
MHS04991;Perempuan;19;Banten;Kedokteran;Kebidanan;2025;Orang Tua;Aktif;3.36;2;Asrama
MHS04992;Laki-laki;19;Jawa Timur;Teknologi Maju dan Multidisiplin;Teknik Robotika dan Kecerdasan Buatan;2025;Orang Tua;Aktif;3.03;2;Rumah Orang Tua
MHS04993;Laki-laki;23;DKI Jakarta;Kedokteran;Kedokteran;2021;Orang Tua;Lulus;3.51;8;Kos
MHS04994;Perempuan;19;Jawa Timur;Ilmu Sosial dan Ilmu Politik;Sosiologi;2025;Orang Tua;Aktif;3.33;2;Kos
MHS04995;Perempuan;21;Jawa Timur;Sains dan Teknologi;Teknik Biomedis;2024;Orang Tua;Aktif;3.15;4;Kos
MHS04996;Perempuan;23;Jawa Timur;Ilmu Sosial dan Ilmu Politik;Administrasi Publik;2021;Pinjaman/Kredit Pendidikan;Lulus;3.4;8;Rumah Orang Tua
MHS04997;Perempuan;21;Jawa Timur;Kedokteran Hewan;Kedokteran Hewan;2023;Orang Tua;Aktif;3.25;6;Kos
MHS04998;Perempuan;22;Papua Selatan;Ekonomi dan Bisnis;Akuntansi;2023;Orang Tua;Aktif;3.09;6;Kos
MHS04999;Laki-laki;24;Jawa Barat;FIKKIA Banyuwangi;Akuakultur (FIKKIA Banyuwangi);2022;Kerja Sendiri (part-time);Aktif;3.77;8;Kos
MHS05000;Perempuan;22;Kalimantan Timur;Ilmu Sosial dan Ilmu Politik;Ilmu Informasi dan Perpustakaan;2025;Beasiswa;Aktif;3.11;2;Asrama
