ID_Mahasiswa;Jenis_Prestasi;Bidang_Kegiatan;Tingkat_Kegiatan;Capaian_Prestasi;Tahun_Perolehan;Penyelenggara;Jumlah_Prestasi_Kumulatif
MHS00001;Non-Akademik;Sosial & Kemasyarakatan;Tingkat Kampus;Juara 3;2024;Perusahaan/Swasta;3
MHS00001;Non-Akademik;Seni & Budaya;Tingkat Nasional;Finalis;2024;Perusahaan/Swasta;3
MHS00001;Akademik;Sains & Teknologi;Tingkat Lokal/Wilayah;Juara 3;2025;Pemerintah Daerah;3
MHS00002;Non-Akademik;Keagamaan;Tingkat Nasional;Juara 2;2023;Komunitas/Organisasi;1
MHS00003;Non-Akademik;Seni & Budaya;Tingkat Lokal/Wilayah;Peserta;2025;Kemendikbudristek;1
MHS00004;Non-Akademik;Olahraga;Tingkat Lokal/Wilayah;Juara 3;2026;Kemendikbudristek;1
MHS00006;Akademik;Sains & Teknologi;Tingkat Kampus;Juara 2;2024;Perusahaan/Swasta;2
MHS00006;Non-Akademik;Keagamaan;Tingkat Kampus;Finalis;2025;Komunitas/Organisasi;2
MHS00007;Non-Akademik;Sosial & Kemasyarakatan;Tingkat Nasional;Peserta;2026;Pemerintah Daerah;1
MHS00008;Non-Akademik;Keagamaan;Tingkat Kampus;Peserta;2024;Perguruan Tinggi;3
MHS00008;Akademik;Debat & Karya Tulis;Tingkat Kampus;Juara 3;2024;Kemendikbudristek;3
MHS00008;Akademik;Sains & Teknologi;Tingkat Lokal/Wilayah;Finalis;2026;Kemendikbudristek;3
MHS00009;Akademik;Sains & Teknologi;Tingkat Lokal/Wilayah;Juara 2;2023;Perguruan Tinggi;3
MHS00009;Akademik;Debat & Karya Tulis;Tingkat Kampus;Peserta;2023;Kemendikbudristek;3
MHS00009;Akademik;Sains & Teknologi;Tingkat Kampus;Juara 3;2026;Perguruan Tinggi;3
MHS00012;Akademik;Sains & Teknologi;Tingkat Kampus;Juara 1;2026;Perguruan Tinggi;1
MHS00017;Akademik;Debat & Karya Tulis;Tingkat Kampus;Peserta;2023;Perguruan Tinggi;1
MHS00018;Akademik;Debat & Karya Tulis;Tingkat Nasional;Juara 3;2024;Perguruan Tinggi;5
MHS00018;Akademik;Debat & Karya Tulis;Tingkat Nasional;Juara 2;2024;Perusahaan/Swasta;5
MHS00018;Non-Akademik;Olahraga;Tingkat Kampus;Peserta;2024;Komunitas/Organisasi;5
MHS00018;Akademik;Sains & Teknologi;Tingkat Kampus;Finalis;2025;Perusahaan/Swasta;5
MHS00018;Non-Akademik;Keagamaan;Tingkat Lokal/Wilayah;Peserta;2025;Komunitas/Organisasi;5
MHS00021;Akademik;Sains & Teknologi;Tingkat Internasional;Juara 1;2025;Perusahaan/Swasta;5
MHS00021;Akademik;Debat & Karya Tulis;Tingkat Kampus;Juara 3;2025;Perguruan Tinggi;5
MHS00021;Non-Akademik;Sosial & Kemasyarakatan;Tingkat Kampus;Juara 1;2026;Perguruan Tinggi;5
MHS00021;Non-Akademik;Keagamaan;Tingkat Lokal/Wilayah;Juara 3;2026;Kemendikbudristek;5
MHS00021;Non-Akademik;Sosial & Kemasyarakatan;Tingkat Nasional;Juara 3;2026;Perusahaan/Swasta;5
MHS00022;Akademik;Sains & Teknologi;Tingkat Kampus;Peserta;2025;Kemendikbudristek;1
MHS00023;Non-Akademik;Seni & Budaya;Tingkat Lokal/Wilayah;Finalis;2023;Perusahaan/Swasta;2
MHS00023;Non-Akademik;Seni & Budaya;Tingkat Nasional;Finalis;2023;Perusahaan/Swasta;2
MHS00024;Akademik;Keagamaan;Tingkat Nasional;Juara 1;2025;Pemerintah Daerah;2
MHS00024;Akademik;Debat & Karya Tulis;Tingkat Kampus;Finalis;2025;Perusahaan/Swasta;2
MHS00025;Akademik;Debat & Karya Tulis;Tingkat Kampus;Finalis;2023;Komunitas/Organisasi;2
MHS00025;Akademik;Debat & Karya Tulis;Tingkat Lokal/Wilayah;Peserta;2023;Perguruan Tinggi;2
MHS00026;Akademik;Debat & Karya Tulis;Tingkat Lokal/Wilayah;Finalis;2025;Perusahaan/Swasta;1
MHS00027;Akademik;Debat & Karya Tulis;Tingkat Lokal/Wilayah;Peserta;2022;Perguruan Tinggi;3
MHS00027;Akademik;Sains & Teknologi;Tingkat Kampus;Finalis;2024;Perusahaan/Swasta;3
MHS00027;Akademik;Debat & Karya Tulis;Tingkat Nasional;Finalis;2025;Perguruan Tinggi;3
MHS00028;Non-Akademik;Sosial & Kemasyarakatan;Tingkat Nasional;Peserta;2023;Perusahaan/Swasta;1
MHS00029;Non-Akademik;Kewirausahaan;Tingkat Lokal/Wilayah;Peserta;2023;Perguruan Tinggi;2
MHS00029;Non-Akademik;Sosial & Kemasyarakatan;Tingkat Lokal/Wilayah;Finalis;2026;Pemerintah Daerah;2
MHS00030;Non-Akademik;Sosial & Kemasyarakatan;Tingkat Lokal/Wilayah;Peserta;2026;Perguruan Tinggi;1
MHS00031;Akademik;Sosial & Kemasyarakatan;Tingkat Kampus;Peserta;2026;Perusahaan/Swasta;1
MHS00032;Akademik;Seni & Budaya;Tingkat Nasional;Peserta;2024;Perguruan Tinggi;2
MHS00032;Akademik;Debat & Karya Tulis;Tingkat Kampus;Finalis;2026;Kemendikbudristek;2
MHS00033;Non-Akademik;Olahraga;Tingkat Kampus;Juara 3;2024;Perguruan Tinggi;5
MHS00033;Akademik;Sains & Teknologi;Tingkat Kampus;Finalis;2024;Perguruan Tinggi;5
MHS00033;Akademik;Olahraga;Tingkat Kampus;Finalis;2024;Pemerintah Daerah;5
MHS00033;Akademik;Sains & Teknologi;Tingkat Kampus;Finalis;2025;Perusahaan/Swasta;5
MHS00033;Non-Akademik;Kewirausahaan;Tingkat Lokal/Wilayah;Juara 3;2026;Perguruan Tinggi;5
MHS00036;Non-Akademik;Keagamaan;Tingkat Lokal/Wilayah;Finalis;2022;Komunitas/Organisasi;2
MHS00036;Akademik;Kewirausahaan;Tingkat Nasional;Juara 3;2023;Komunitas/Organisasi;2
MHS00041;Non-Akademik;Seni & Budaya;Tingkat Internasional;Juara 3;2023;Komunitas/Organisasi;5
MHS00041;Akademik;Seni & Budaya;Tingkat Nasional;Juara 1;2023;Perguruan Tinggi;5
MHS00041;Non-Akademik;Keagamaan;Tingkat Lokal/Wilayah;Juara 2;2023;Kemendikbudristek;5
MHS00041;Non-Akademik;Olahraga;Tingkat Kampus;Juara 2;2025;Pemerintah Daerah;5
MHS00041;Non-Akademik;Olahraga;Tingkat Nasional;Juara 2;2025;Komunitas/Organisasi;5
MHS00045;Non-Akademik;Sosial & Kemasyarakatan;Tingkat Kampus;Finalis;2024;Kemendikbudristek;4
MHS00045;Non-Akademik;Sosial & Kemasyarakatan;Tingkat Kampus;Juara 2;2024;Perguruan Tinggi;4
MHS00045;Non-Akademik;Kewirausahaan;Tingkat Nasional;Finalis;2024;Pemerintah Daerah;4
MHS00045;Non-Akademik;Kewirausahaan;Tingkat Kampus;Juara 3;2025;Komunitas/Organisasi;4
MHS00046;Akademik;Sains & Teknologi;Tingkat Kampus;Finalis;2022;Komunitas/Organisasi;2
MHS00046;Akademik;Kewirausahaan;Tingkat Kampus;Peserta;2023;Komunitas/Organisasi;2
MHS00047;Akademik;Sains & Teknologi;Tingkat Nasional;Juara 3;2026;Perusahaan/Swasta;1
MHS00051;Non-Akademik;Olahraga;Tingkat Nasional;Finalis;2026;Kemendikbudristek;1
MHS00053;Akademik;Debat & Karya Tulis;Tingkat Kampus;Peserta;2025;Komunitas/Organisasi;2
MHS00053;Non-Akademik;Seni & Budaya;Tingkat Lokal/Wilayah;Juara 1;2025;Komunitas/Organisasi;2
MHS00055;Akademik;Sains & Teknologi;Tingkat Lokal/Wilayah;Juara 1;2026;Perusahaan/Swasta;1
MHS00057;Non-Akademik;Keagamaan;Tingkat Kampus;Juara 2;2021;Kemendikbudristek;1
MHS00058;Akademik;Sains & Teknologi;Tingkat Kampus;Juara 3;2025;Komunitas/Organisasi;1
MHS00059;Non-Akademik;Keagamaan;Tingkat Kampus;Juara 2;2026;Komunitas/Organisasi;1
MHS00060;Akademik;Debat & Karya Tulis;Tingkat Lokal/Wilayah;Peserta;2025;Kemendikbudristek;1
MHS00061;Akademik;Sains & Teknologi;Tingkat Internasional;Juara 1;2024;Pemerintah Daerah;1
MHS00062;Non-Akademik;Keagamaan;Tingkat Kampus;Juara 2;2023;Perusahaan/Swasta;2
MHS00062;Non-Akademik;Kewirausahaan;Tingkat Internasional;Finalis;2025;Kemendikbudristek;2
MHS00065;Non-Akademik;Sosial & Kemasyarakatan;Tingkat Kampus;Juara 3;2025;Perguruan Tinggi;1
MHS00066;Non-Akademik;Sosial & Kemasyarakatan;Tingkat Lokal/Wilayah;Peserta;2025;Perguruan Tinggi;1
MHS00068;Akademik;Debat & Karya Tulis;Tingkat Internasional;Juara 3;2024;Perusahaan/Swasta;3
MHS00068;Akademik;Sains & Teknologi;Tingkat Lokal/Wilayah;Peserta;2024;Perusahaan/Swasta;3
MHS00068;Non-Akademik;Sosial & Kemasyarakatan;Tingkat Lokal/Wilayah;Juara 2;2025;Perusahaan/Swasta;3
MHS00072;Non-Akademik;Kewirausahaan;Tingkat Kampus;Peserta;2025;Perguruan Tinggi;2
MHS00072;Non-Akademik;Seni & Budaya;Tingkat Kampus;Peserta;2026;Perusahaan/Swasta;2
MHS00078;Akademik;Sosial & Kemasyarakatan;Tingkat Kampus;Peserta;2023;Kemendikbudristek;4
MHS00078;Non-Akademik;Seni & Budaya;Tingkat Internasional;Peserta;2025;Kemendikbudristek;4
MHS00078;Non-Akademik;Keagamaan;Tingkat Lokal/Wilayah;Juara 3;2026;Perguruan Tinggi;4
MHS00078;Non-Akademik;Keagamaan;Tingkat Lokal/Wilayah;Juara 3;2026;Komunitas/Organisasi;4
MHS00079;Non-Akademik;Keagamaan;Tingkat Nasional;Finalis;2025;Komunitas/Organisasi;3
MHS00079;Non-Akademik;Kewirausahaan;Tingkat Nasional;Juara 3;2026;Pemerintah Daerah;3
MHS00079;Akademik;Sains & Teknologi;Tingkat Lokal/Wilayah;Finalis;2026;Komunitas/Organisasi;3
MHS00080;Akademik;Kewirausahaan;Tingkat Lokal/Wilayah;Finalis;2024;Kemendikbudristek;1
MHS00081;Non-Akademik;Kewirausahaan;Tingkat Lokal/Wilayah;Peserta;2022;Kemendikbudristek;7
MHS00081;Akademik;Kewirausahaan;Tingkat Kampus;Peserta;2023;Kemendikbudristek;7
MHS00081;Non-Akademik;Olahraga;Tingkat Nasional;Finalis;2023;Perguruan Tinggi;7
MHS00081;Akademik;Debat & Karya Tulis;Tingkat Nasional;Juara 2;2024;Komunitas/Organisasi;7
MHS00081;Akademik;Sains & Teknologi;Tingkat Internasional;Finalis;2024;Perusahaan/Swasta;7
MHS00081;Akademik;Seni & Budaya;Tingkat Kampus;Juara 3;2025;Pemerintah Daerah;7
MHS00081;Non-Akademik;Keagamaan;Tingkat Lokal/Wilayah;Peserta;2025;Komunitas/Organisasi;7
MHS00082;Akademik;Kewirausahaan;Tingkat Kampus;Finalis;2026;Perguruan Tinggi;1
MHS00083;Non-Akademik;Seni & Budaya;Tingkat Kampus;Juara 3;2024;Kemendikbudristek;1
MHS00085;Non-Akademik;Olahraga;Tingkat Nasional;Finalis;2023;Perusahaan/Swasta;3
MHS00085;Akademik;Debat & Karya Tulis;Tingkat Kampus;Juara 3;2024;Kemendikbudristek;3
MHS00085;Akademik;Sains & Teknologi;Tingkat Nasional;Juara 2;2024;Perguruan Tinggi;3
MHS00086;Akademik;Sains & Teknologi;Tingkat Nasional;Finalis;2025;Komunitas/Organisasi;1
MHS00088;Non-Akademik;Olahraga;Tingkat Kampus;Finalis;2024;Pemerintah Daerah;2
MHS00088;Non-Akademik;Olahraga;Tingkat Nasional;Peserta;2025;Perusahaan/Swasta;2
MHS00089;Non-Akademik;Sosial & Kemasyarakatan;Tingkat Kampus;Finalis;2025;Kemendikbudristek;1
MHS00090;Non-Akademik;Sosial & Kemasyarakatan;Tingkat Kampus;Finalis;2025;Komunitas/Organisasi;1
MHS00092;Non-Akademik;Sosial & Kemasyarakatan;Tingkat Nasional;Juara 1;2026;Komunitas/Organisasi;1
MHS00094;Akademik;Sains & Teknologi;Tingkat Nasional;Peserta;2025;Komunitas/Organisasi;1
MHS00097;Akademik;Keagamaan;Tingkat Nasional;Juara 1;2025;Pemerintah Daerah;1
MHS00098;Akademik;Sains & Teknologi;Tingkat Internasional;Juara 1;2024;Kemendikbudristek;2
MHS00098;Akademik;Sains & Teknologi;Tingkat Lokal/Wilayah;Juara 3;2025;Pemerintah Daerah;2
MHS00100;Non-Akademik;Keagamaan;Tingkat Kampus;Finalis;2022;Pemerintah Daerah;4
MHS00100;Akademik;Debat & Karya Tulis;Tingkat Kampus;Finalis;2022;Perguruan Tinggi;4
MHS00100;Akademik;Seni & Budaya;Tingkat Kampus;Finalis;2024;Kemendikbudristek;4
MHS00100;Akademik;Debat & Karya Tulis;Tingkat Kampus;Finalis;2024;Pemerintah Daerah;4
MHS00103;Non-Akademik;Sosial & Kemasyarakatan;Tingkat Lokal/Wilayah;Juara 2;2021;Pemerintah Daerah;7
MHS00103;Akademik;Debat & Karya Tulis;Tingkat Kampus;Juara 1;2021;Komunitas/Organisasi;7
MHS00103;Akademik;Debat & Karya Tulis;Tingkat Internasional;Peserta;2022;Perguruan Tinggi;7
MHS00103;Non-Akademik;Keagamaan;Tingkat Nasional;Juara 1;2022;Komunitas/Organisasi;7
MHS00103;Non-Akademik;Olahraga;Tingkat Lokal/Wilayah;Juara 2;2024;Perusahaan/Swasta;7
MHS00103;Non-Akademik;Sosial & Kemasyarakatan;Tingkat Lokal/Wilayah;Finalis;2024;Perguruan Tinggi;7
MHS00103;Akademik;Kewirausahaan;Tingkat Lokal/Wilayah;Juara 2;2025;Perusahaan/Swasta;7
MHS00104;Akademik;Sains & Teknologi;Tingkat Kampus;Juara 3;2025;Perusahaan/Swasta;1
MHS00107;Non-Akademik;Keagamaan;Tingkat Nasional;Juara 2;2021;Kemendikbudristek;8
MHS00107;Non-Akademik;Kewirausahaan;Tingkat Internasional;Juara 2;2023;Pemerintah Daerah;8
MHS00107;Non-Akademik;Kewirausahaan;Tingkat Lokal/Wilayah;Juara 2;2023;Pemerintah Daerah;8
MHS00107;Akademik;Seni & Budaya;Tingkat Lokal/Wilayah;Finalis;2023;Kemendikbudristek;8
MHS00107;Akademik;Sains & Teknologi;Tingkat Kampus;Juara 3;2024;Komunitas/Organisasi;8
MHS00107;Akademik;Sains & Teknologi;Tingkat Internasional;Juara 3;2025;Kemendikbudristek;8
MHS00107;Akademik;Sains & Teknologi;Tingkat Internasional;Juara 2;2025;Pemerintah Daerah;8
MHS00107;Akademik;Sains & Teknologi;Tingkat Kampus;Juara 2;2025;Perguruan Tinggi;8
MHS00108;Non-Akademik;Olahraga;Tingkat Kampus;Juara 1;2023;Komunitas/Organisasi;1
MHS00109;Akademik;Olahraga;Tingkat Kampus;Peserta;2026;Komunitas/Organisasi;1
MHS00110;Non-Akademik;Seni & Budaya;Tingkat Lokal/Wilayah;Finalis;2025;Perusahaan/Swasta;2
MHS00110;Non-Akademik;Kewirausahaan;Tingkat Kampus;Finalis;2025;Perusahaan/Swasta;2
MHS00112;Akademik;Debat & Karya Tulis;Tingkat Nasional;Juara 2;2026;Perguruan Tinggi;1
MHS00113;Akademik;Debat & Karya Tulis;Tingkat Kampus;Juara 1;2024;Perguruan Tinggi;1
MHS00115;Akademik;Sains & Teknologi;Tingkat Kampus;Juara 2;2021;Kemendikbudristek;6
MHS00115;Non-Akademik;Kewirausahaan;Tingkat Kampus;Peserta;2022;Perusahaan/Swasta;6
MHS00115;Non-Akademik;Kewirausahaan;Tingkat Nasional;Peserta;2023;Perusahaan/Swasta;6
MHS00115;Akademik;Debat & Karya Tulis;Tingkat Lokal/Wilayah;Peserta;2025;Perusahaan/Swasta;6
MHS00115;Akademik;Debat & Karya Tulis;Tingkat Kampus;Juara 1;2025;Pemerintah Daerah;6
MHS00115;Akademik;Sains & Teknologi;Tingkat Lokal/Wilayah;Peserta;2025;Kemendikbudristek;6
MHS00117;Non-Akademik;Kewirausahaan;Tingkat Kampus;Finalis;2023;Kemendikbudristek;1
MHS00121;Non-Akademik;Keagamaan;Tingkat Kampus;Finalis;2026;Perguruan Tinggi;1
MHS00122;Non-Akademik;Sosial & Kemasyarakatan;Tingkat Lokal/Wilayah;Peserta;2022;Kemendikbudristek;1
MHS00123;Non-Akademik;Keagamaan;Tingkat Kampus;Juara 2;2023;Perusahaan/Swasta;3
MHS00123;Akademik;Debat & Karya Tulis;Tingkat Lokal/Wilayah;Juara 3;2026;Komunitas/Organisasi;3
MHS00123;Non-Akademik;Olahraga;Tingkat Nasional;Peserta;2026;Perguruan Tinggi;3
MHS00124;Non-Akademik;Olahraga;Tingkat Lokal/Wilayah;Peserta;2026;Perguruan Tinggi;1
MHS00126;Akademik;Debat & Karya Tulis;Tingkat Lokal/Wilayah;Juara 1;2021;Perguruan Tinggi;4
MHS00126;Akademik;Sains & Teknologi;Tingkat Kampus;Finalis;2023;Komunitas/Organisasi;4
MHS00126;Akademik;Sains & Teknologi;Tingkat Kampus;Finalis;2023;Perusahaan/Swasta;4
MHS00126;Non-Akademik;Sosial & Kemasyarakatan;Tingkat Kampus;Juara 2;2024;Perusahaan/Swasta;4
MHS00127;Akademik;Sains & Teknologi;Tingkat Lokal/Wilayah;Peserta;2023;Komunitas/Organisasi;4
MHS00127;Non-Akademik;Kewirausahaan;Tingkat Lokal/Wilayah;Finalis;2023;Komunitas/Organisasi;4
MHS00127;Non-Akademik;Kewirausahaan;Tingkat Lokal/Wilayah;Juara 3;2024;Perusahaan/Swasta;4
MHS00127;Akademik;Seni & Budaya;Tingkat Kampus;Peserta;2024;Perusahaan/Swasta;4
MHS00129;Non-Akademik;Kewirausahaan;Tingkat Kampus;Juara 3;2021;Pemerintah Daerah;1
MHS00130;Akademik;Sains & Teknologi;Tingkat Lokal/Wilayah;Juara 3;2026;Komunitas/Organisasi;1
MHS00131;Non-Akademik;Sosial & Kemasyarakatan;Tingkat Kampus;Juara 2;2024;Komunitas/Organisasi;3
MHS00131;Non-Akademik;Sosial & Kemasyarakatan;Tingkat Lokal/Wilayah;Peserta;2025;Pemerintah Daerah;3
MHS00131;Akademik;Keagamaan;Tingkat Internasional;Juara 3;2025;Perusahaan/Swasta;3
MHS00133;Akademik;Olahraga;Tingkat Kampus;Juara 1;2025;Pemerintah Daerah;3
MHS00133;Non-Akademik;Olahraga;Tingkat Lokal/Wilayah;Peserta;2025;Pemerintah Daerah;3
MHS00133;Non-Akademik;Seni & Budaya;Tingkat Nasional;Juara 3;2026;Perguruan Tinggi;3
MHS00134;Non-Akademik;Sosial & Kemasyarakatan;Tingkat Kampus;Finalis;2024;Perusahaan/Swasta;6
MHS00134;Non-Akademik;Olahraga;Tingkat Lokal/Wilayah;Finalis;2024;Pemerintah Daerah;6
MHS00134;Akademik;Sains & Teknologi;Tingkat Nasional;Juara 2;2025;Perusahaan/Swasta;6
MHS00134;Non-Akademik;Keagamaan;Tingkat Nasional;Juara 1;2025;Perusahaan/Swasta;6
MHS00134;Akademik;Debat & Karya Tulis;Tingkat Nasional;Finalis;2025;Kemendikbudristek;6
MHS00134;Non-Akademik;Olahraga;Tingkat Internasional;Finalis;2026;Komunitas/Organisasi;6
MHS00135;Non-Akademik;Sosial & Kemasyarakatan;Tingkat Nasional;Peserta;2023;Kemendikbudristek;2
MHS00135;Non-Akademik;Olahraga;Tingkat Kampus;Juara 2;2024;Kemendikbudristek;2
MHS00137;Non-Akademik;Olahraga;Tingkat Lokal/Wilayah;Finalis;2024;Pemerintah Daerah;1
MHS00138;Akademik;Debat & Karya Tulis;Tingkat Kampus;Peserta;2025;Perguruan Tinggi;1
MHS00139;Akademik;Debat & Karya Tulis;Tingkat Kampus;Peserta;2024;Pemerintah Daerah;2
MHS00139;Akademik;Debat & Karya Tulis;Tingkat Lokal/Wilayah;Peserta;2026;Perusahaan/Swasta;2
MHS00140;Non-Akademik;Keagamaan;Tingkat Lokal/Wilayah;Finalis;2025;Kemendikbudristek;1
MHS00142;Non-Akademik;Olahraga;Tingkat Lokal/Wilayah;Juara 1;2023;Pemerintah Daerah;2
MHS00142;Non-Akademik;Sosial & Kemasyarakatan;Tingkat Lokal/Wilayah;Finalis;2023;Kemendikbudristek;2
MHS00143;Non-Akademik;Olahraga;Tingkat Lokal/Wilayah;Peserta;2022;Kemendikbudristek;1
MHS00144;Akademik;Debat & Karya Tulis;Tingkat Kampus;Juara 2;2023;Komunitas/Organisasi;2
MHS00144;Non-Akademik;Seni & Budaya;Tingkat Lokal/Wilayah;Finalis;2024;Komunitas/Organisasi;2
MHS00145;Akademik;Sains & Teknologi;Tingkat Kampus;Peserta;2024;Kemendikbudristek;3
MHS00145;Akademik;Debat & Karya Tulis;Tingkat Kampus;Finalis;2025;Perguruan Tinggi;3
MHS00145;Non-Akademik;Keagamaan;Tingkat Lokal/Wilayah;Finalis;2025;Pemerintah Daerah;3
MHS00146;Akademik;Debat & Karya Tulis;Tingkat Lokal/Wilayah;Juara 2;2024;Perguruan Tinggi;2
MHS00146;Non-Akademik;Keagamaan;Tingkat Kampus;Peserta;2025;Pemerintah Daerah;2
MHS00147;Akademik;Debat & Karya Tulis;Tingkat Kampus;Peserta;2024;Kemendikbudristek;1
MHS00149;Non-Akademik;Sosial & Kemasyarakatan;Tingkat Lokal/Wilayah;Juara 3;2023;Pemerintah Daerah;6
MHS00149;Non-Akademik;Olahraga;Tingkat Nasional;Juara 2;2023;Perguruan Tinggi;6
MHS00149;Akademik;Sains & Teknologi;Tingkat Lokal/Wilayah;Juara 3;2023;Perguruan Tinggi;6
MHS00149;Akademik;Sains & Teknologi;Tingkat Lokal/Wilayah;Peserta;2023;Komunitas/Organisasi;6
MHS00149;Akademik;Sains & Teknologi;Tingkat Lokal/Wilayah;Juara 3;2024;Pemerintah Daerah;6
MHS00149;Non-Akademik;Seni & Budaya;Tingkat Kampus;Juara 2;2025;Kemendikbudristek;6
MHS00150;Non-Akademik;Seni & Budaya;Tingkat Lokal/Wilayah;Juara 2;2025;Komunitas/Organisasi;1
MHS00152;Non-Akademik;Seni & Budaya;Tingkat Kampus;Peserta;2023;Perusahaan/Swasta;3
MHS00152;Non-Akademik;Olahraga;Tingkat Lokal/Wilayah;Juara 3;2026;Perguruan Tinggi;3
MHS00152;Akademik;Sains & Teknologi;Tingkat Lokal/Wilayah;Peserta;2026;Perusahaan/Swasta;3
MHS00154;Akademik;Debat & Karya Tulis;Tingkat Kampus;Peserta;2023;Pemerintah Daerah;1
MHS00157;Non-Akademik;Seni & Budaya;Tingkat Kampus;Peserta;2022;Pemerintah Daerah;6
MHS00157;Non-Akademik;Seni & Budaya;Tingkat Kampus;Peserta;2025;Komunitas/Organisasi;6
MHS00157;Non-Akademik;Keagamaan;Tingkat Lokal/Wilayah;Juara 3;2025;Pemerintah Daerah;6
MHS00157;Akademik;Olahraga;Tingkat Kampus;Juara 1;2025;Pemerintah Daerah;6
MHS00157;Non-Akademik;Olahraga;Tingkat Kampus;Juara 2;2025;Komunitas/Organisasi;6
MHS00157;Akademik;Keagamaan;Tingkat Kampus;Peserta;2025;Komunitas/Organisasi;6
MHS00160;Non-Akademik;Keagamaan;Tingkat Lokal/Wilayah;Juara 2;2023;Kemendikbudristek;4
MHS00160;Akademik;Sains & Teknologi;Tingkat Nasional;Juara 3;2024;Komunitas/Organisasi;4
MHS00160;Non-Akademik;Olahraga;Tingkat Internasional;Juara 1;2024;Perguruan Tinggi;4
MHS00160;Non-Akademik;Keagamaan;Tingkat Nasional;Juara 3;2026;Perguruan Tinggi;4
MHS00161;Akademik;Sains & Teknologi;Tingkat Lokal/Wilayah;Finalis;2026;Perguruan Tinggi;1
MHS00163;Akademik;Sains & Teknologi;Tingkat Lokal/Wilayah;Juara 2;2025;Komunitas/Organisasi;1
MHS00166;Non-Akademik;Keagamaan;Tingkat Lokal/Wilayah;Finalis;2025;Perusahaan/Swasta;1
MHS00169;Non-Akademik;Keagamaan;Tingkat Nasional;Juara 2;2025;Kemendikbudristek;1
MHS00170;Non-Akademik;Sosial & Kemasyarakatan;Tingkat Kampus;Peserta;2026;Pemerintah Daerah;1
MHS00172;Akademik;Keagamaan;Tingkat Nasional;Juara 2;2024;Komunitas/Organisasi;8
MHS00172;Akademik;Sains & Teknologi;Tingkat Internasional;Juara 1;2024;Pemerintah Daerah;8
MHS00172;Non-Akademik;Sosial & Kemasyarakatan;Tingkat Kampus;Juara 2;2025;Komunitas/Organisasi;8
MHS00172;Non-Akademik;Keagamaan;Tingkat Lokal/Wilayah;Juara 2;2025;Kemendikbudristek;8
MHS00172;Non-Akademik;Sosial & Kemasyarakatan;Tingkat Internasional;Peserta;2025;Komunitas/Organisasi;8
MHS00172;Akademik;Sains & Teknologi;Tingkat Nasional;Juara 3;2026;Komunitas/Organisasi;8
MHS00172;Non-Akademik;Keagamaan;Tingkat Nasional;Juara 2;2026;Pemerintah Daerah;8
MHS00172;Non-Akademik;Keagamaan;Tingkat Kampus;Finalis;2026;Pemerintah Daerah;8
MHS00173;Non-Akademik;Keagamaan;Tingkat Kampus;Peserta;2025;Perusahaan/Swasta;4
MHS00173;Akademik;Sains & Teknologi;Tingkat Kampus;Finalis;2025;Perusahaan/Swasta;4
MHS00173;Akademik;Olahraga;Tingkat Nasional;Finalis;2026;Pemerintah Daerah;4
MHS00173;Non-Akademik;Keagamaan;Tingkat Kampus;Peserta;2026;Perusahaan/Swasta;4
MHS00174;Non-Akademik;Olahraga;Tingkat Kampus;Finalis;2025;Perusahaan/Swasta;1
MHS00175;Akademik;Seni & Budaya;Tingkat Kampus;Peserta;2025;Pemerintah Daerah;1
MHS00176;Non-Akademik;Keagamaan;Tingkat Kampus;Juara 3;2025;Komunitas/Organisasi;3
MHS00176;Non-Akademik;Kewirausahaan;Tingkat Nasional;Peserta;2025;Perusahaan/Swasta;3
MHS00176;Non-Akademik;Seni & Budaya;Tingkat Kampus;Peserta;2026;Perusahaan/Swasta;3
MHS00177;Akademik;Debat & Karya Tulis;Tingkat Lokal/Wilayah;Peserta;2026;Pemerintah Daerah;1
MHS00178;Non-Akademik;Seni & Budaya;Tingkat Lokal/Wilayah;Finalis;2024;Perusahaan/Swasta;1
MHS00180;Non-Akademik;Keagamaan;Tingkat Kampus;Peserta;2023;Kemendikbudristek;3
MHS00180;Akademik;Debat & Karya Tulis;Tingkat Kampus;Finalis;2024;Perguruan Tinggi;3
MHS00180;Akademik;Sains & Teknologi;Tingkat Kampus;Juara 1;2026;Kemendikbudristek;3
MHS00182;Non-Akademik;Olahraga;Tingkat Lokal/Wilayah;Finalis;2022;Komunitas/Organisasi;6
MHS00182;Non-Akademik;Keagamaan;Tingkat Lokal/Wilayah;Peserta;2022;Perguruan Tinggi;6
MHS00182;Akademik;Keagamaan;Tingkat Nasional;Peserta;2023;Perguruan Tinggi;6
MHS00182;Akademik;Sains & Teknologi;Tingkat Kampus;Finalis;2023;Perguruan Tinggi;6
MHS00182;Non-Akademik;Sosial & Kemasyarakatan;Tingkat Kampus;Juara 3;2026;Perusahaan/Swasta;6
MHS00182;Non-Akademik;Keagamaan;Tingkat Kampus;Juara 1;2026;Komunitas/Organisasi;6
MHS00183;Non-Akademik;Kewirausahaan;Tingkat Lokal/Wilayah;Juara 1;2025;Komunitas/Organisasi;2
MHS00183;Akademik;Sains & Teknologi;Tingkat Kampus;Peserta;2025;Perusahaan/Swasta;2
MHS00187;Non-Akademik;Keagamaan;Tingkat Kampus;Finalis;2026;Kemendikbudristek;1
MHS00189;Non-Akademik;Sosial & Kemasyarakatan;Tingkat Lokal/Wilayah;Juara 2;2025;Perguruan Tinggi;2
MHS00189;Akademik;Debat & Karya Tulis;Tingkat Kampus;Peserta;2025;Kemendikbudristek;2
MHS00192;Akademik;Sains & Teknologi;Tingkat Kampus;Juara 2;2025;Pemerintah Daerah;1
MHS00193;Akademik;Sains & Teknologi;Tingkat Nasional;Juara 3;2026;Komunitas/Organisasi;2
MHS00193;Non-Akademik;Sosial & Kemasyarakatan;Tingkat Lokal/Wilayah;Finalis;2026;Perguruan Tinggi;2
MHS00196;Non-Akademik;Olahraga;Tingkat Lokal/Wilayah;Juara 3;2022;Kemendikbudristek;1
MHS00197;Akademik;Kewirausahaan;Tingkat Kampus;Peserta;2023;Komunitas/Organisasi;1
MHS00199;Non-Akademik;Seni & Budaya;Tingkat Kampus;Juara 3;2025;Komunitas/Organisasi;1
MHS00200;Akademik;Olahraga;Tingkat Nasional;Finalis;2021;Perusahaan/Swasta;2
MHS00200;Non-Akademik;Sosial & Kemasyarakatan;Tingkat Nasional;Juara 2;2024;Perusahaan/Swasta;2
MHS00203;Akademik;Sains & Teknologi;Tingkat Lokal/Wilayah;Juara 2;2026;Pemerintah Daerah;1
MHS00204;Akademik;Debat & Karya Tulis;Tingkat Nasional;Peserta;2025;Komunitas/Organisasi;2
MHS00204;Akademik;Sains & Teknologi;Tingkat Kampus;Juara 3;2025;Pemerintah Daerah;2
MHS00205;Akademik;Debat & Karya Tulis;Tingkat Kampus;Juara 2;2025;Perusahaan/Swasta;1
MHS00206;Akademik;Debat & Karya Tulis;Tingkat Kampus;Finalis;2025;Kemendikbudristek;1
MHS00207;Non-Akademik;Keagamaan;Tingkat Lokal/Wilayah;Juara 1;2024;Komunitas/Organisasi;2
MHS00207;Akademik;Debat & Karya Tulis;Tingkat Lokal/Wilayah;Juara 2;2026;Pemerintah Daerah;2
MHS00208;Akademik;Sains & Teknologi;Tingkat Nasional;Juara 1;2024;Kemendikbudristek;5
MHS00208;Non-Akademik;Keagamaan;Tingkat Lokal/Wilayah;Peserta;2024;Komunitas/Organisasi;5
MHS00208;Non-Akademik;Kewirausahaan;Tingkat Lokal/Wilayah;Juara 1;2024;Kemendikbudristek;5
MHS00208;Akademik;Sains & Teknologi;Tingkat Kampus;Juara 2;2025;Perguruan Tinggi;5
MHS00208;Akademik;Sains & Teknologi;Tingkat Kampus;Peserta;2026;Kemendikbudristek;5
MHS00209;Non-Akademik;Kewirausahaan;Tingkat Lokal/Wilayah;Peserta;2024;Perguruan Tinggi;1
MHS00210;Non-Akademik;Olahraga;Tingkat Kampus;Peserta;2021;Perusahaan/Swasta;7
MHS00210;Non-Akademik;Seni & Budaya;Tingkat Kampus;Finalis;2022;Kemendikbudristek;7
MHS00210;Akademik;Debat & Karya Tulis;Tingkat Nasional;Finalis;2022;Komunitas/Organisasi;7
MHS00210;Non-Akademik;Kewirausahaan;Tingkat Lokal/Wilayah;Juara 2;2023;Komunitas/Organisasi;7
MHS00210;Akademik;Debat & Karya Tulis;Tingkat Kampus;Finalis;2023;Pemerintah Daerah;7
MHS00210;Non-Akademik;Olahraga;Tingkat Nasional;Peserta;2024;Perusahaan/Swasta;7
MHS00210;Non-Akademik;Seni & Budaya;Tingkat Nasional;Finalis;2024;Kemendikbudristek;7
MHS00212;Non-Akademik;Kewirausahaan;Tingkat Kampus;Finalis;2024;Perguruan Tinggi;2
MHS00212;Akademik;Sains & Teknologi;Tingkat Kampus;Juara 1;2025;Pemerintah Daerah;2
MHS00214;Non-Akademik;Kewirausahaan;Tingkat Nasional;Peserta;2019;Perusahaan/Swasta;8
MHS00214;Akademik;Debat & Karya Tulis;Tingkat Kampus;Juara 3;2019;Kemendikbudristek;8
MHS00214;Akademik;Sains & Teknologi;Tingkat Nasional;Juara 1;2020;Perusahaan/Swasta;8
MHS00214;Akademik;Sosial & Kemasyarakatan;Tingkat Nasional;Finalis;2020;Perusahaan/Swasta;8
MHS00214;Non-Akademik;Kewirausahaan;Tingkat Nasional;Juara 3;2020;Kemendikbudristek;8
MHS00214;Akademik;Sains & Teknologi;Tingkat Lokal/Wilayah;Juara 1;2021;Pemerintah Daerah;8
MHS00214;Akademik;Seni & Budaya;Tingkat Nasional;Juara 3;2022;Perusahaan/Swasta;8
MHS00214;Non-Akademik;Keagamaan;Tingkat Nasional;Juara 1;2022;Perusahaan/Swasta;8
MHS00215;Akademik;Olahraga;Tingkat Nasional;Peserta;2025;Perusahaan/Swasta;1
MHS00216;Non-Akademik;Sosial & Kemasyarakatan;Tingkat Kampus;Finalis;2025;Perusahaan/Swasta;2
MHS00216;Non-Akademik;Olahraga;Tingkat Kampus;Juara 2;2025;Perguruan Tinggi;2
MHS00217;Akademik;Keagamaan;Tingkat Kampus;Peserta;2019;Perguruan Tinggi;1
MHS00218;Akademik;Sains & Teknologi;Tingkat Kampus;Juara 3;2022;Kemendikbudristek;1
MHS00219;Non-Akademik;Olahraga;Tingkat Kampus;Juara 1;2023;Pemerintah Daerah;1
MHS00220;Non-Akademik;Olahraga;Tingkat Nasional;Peserta;2022;Perguruan Tinggi;2
MHS00220;Non-Akademik;Sosial & Kemasyarakatan;Tingkat Lokal/Wilayah;Juara 1;2024;Komunitas/Organisasi;2
MHS00224;Akademik;Sains & Teknologi;Tingkat Kampus;Juara 3;2026;Perusahaan/Swasta;1
MHS00225;Akademik;Sosial & Kemasyarakatan;Tingkat Lokal/Wilayah;Juara 3;2026;Pemerintah Daerah;1
MHS00226;Non-Akademik;Keagamaan;Tingkat Kampus;Finalis;2023;Kemendikbudristek;3
MHS00226;Akademik;Debat & Karya Tulis;Tingkat Nasional;Peserta;2024;Pemerintah Daerah;3
MHS00226;Akademik;Sains & Teknologi;Tingkat Nasional;Finalis;2024;Komunitas/Organisasi;3
MHS00227;Non-Akademik;Kewirausahaan;Tingkat Lokal/Wilayah;Finalis;2024;Perusahaan/Swasta;1
MHS00228;Non-Akademik;Olahraga;Tingkat Kampus;Juara 1;2024;Komunitas/Organisasi;1
MHS00233;Non-Akademik;Olahraga;Tingkat Lokal/Wilayah;Peserta;2023;Kemendikbudristek;2
MHS00233;Akademik;Kewirausahaan;Tingkat Lokal/Wilayah;Peserta;2024;Komunitas/Organisasi;2
MHS00234;Non-Akademik;Sosial & Kemasyarakatan;Tingkat Lokal/Wilayah;Finalis;2021;Pemerintah Daerah;2
MHS00234;Akademik;Sains & Teknologi;Tingkat Kampus;Juara 2;2022;Pemerintah Daerah;2
MHS00236;Akademik;Sains & Teknologi;Tingkat Nasional;Peserta;2023;Perusahaan/Swasta;1
MHS00239;Non-Akademik;Seni & Budaya;Tingkat Kampus;Finalis;2023;Perguruan Tinggi;2
MHS00239;Akademik;Olahraga;Tingkat Kampus;Peserta;2024;Komunitas/Organisasi;2
MHS00240;Non-Akademik;Kewirausahaan;Tingkat Lokal/Wilayah;Finalis;2026;Perguruan Tinggi;1
MHS00241;Non-Akademik;Sosial & Kemasyarakatan;Tingkat Lokal/Wilayah;Juara 2;2023;Pemerintah Daerah;4
MHS00241;Akademik;Seni & Budaya;Tingkat Lokal/Wilayah;Peserta;2023;Perguruan Tinggi;4
MHS00241;Non-Akademik;Kewirausahaan;Tingkat Kampus;Finalis;2023;Pemerintah Daerah;4
MHS00241;Non-Akademik;Sosial & Kemasyarakatan;Tingkat Kampus;Juara 3;2025;Perguruan Tinggi;4
MHS00242;Akademik;Debat & Karya Tulis;Tingkat Kampus;Peserta;2023;Komunitas/Organisasi;2
MHS00242;Akademik;Sains & Teknologi;Tingkat Nasional;Finalis;2025;Pemerintah Daerah;2
MHS00243;Akademik;Sains & Teknologi;Tingkat Kampus;Juara 3;2024;Kemendikbudristek;5
MHS00243;Akademik;Debat & Karya Tulis;Tingkat Kampus;Peserta;2024;Pemerintah Daerah;5
MHS00243;Akademik;Keagamaan;Tingkat Nasional;Peserta;2025;Perguruan Tinggi;5
MHS00243;Non-Akademik;Kewirausahaan;Tingkat Lokal/Wilayah;Finalis;2025;Komunitas/Organisasi;5
MHS00243;Non-Akademik;Seni & Budaya;Tingkat Internasional;Peserta;2026;Komunitas/Organisasi;5
MHS00246;Non-Akademik;Seni & Budaya;Tingkat Nasional;Juara 3;2024;Perguruan Tinggi;5
MHS00246;Non-Akademik;Olahraga;Tingkat Lokal/Wilayah;Juara 3;2025;Komunitas/Organisasi;5
MHS00246;Akademik;Debat & Karya Tulis;Tingkat Kampus;Juara 1;2025;Kemendikbudristek;5
MHS00246;Non-Akademik;Sosial & Kemasyarakatan;Tingkat Lokal/Wilayah;Juara 2;2026;Perguruan Tinggi;5
MHS00246;Akademik;Sains & Teknologi;Tingkat Kampus;Juara 2;2026;Pemerintah Daerah;5
MHS00248;Non-Akademik;Olahraga;Tingkat Kampus;Finalis;2026;Perusahaan/Swasta;1
MHS00250;Non-Akademik;Kewirausahaan;Tingkat Internasional;Juara 2;2026;Komunitas/Organisasi;1
MHS00251;Akademik;Kewirausahaan;Tingkat Nasional;Finalis;2022;Pemerintah Daerah;3
MHS00251;Non-Akademik;Keagamaan;Tingkat Lokal/Wilayah;Juara 1;2024;Perguruan Tinggi;3
MHS00251;Akademik;Debat & Karya Tulis;Tingkat Internasional;Peserta;2026;Pemerintah Daerah;3
MHS00252;Akademik;Debat & Karya Tulis;Tingkat Nasional;Finalis;2021;Pemerintah Daerah;2
MHS00252;Akademik;Sains & Teknologi;Tingkat Lokal/Wilayah;Juara 2;2023;Kemendikbudristek;2
MHS00255;Non-Akademik;Olahraga;Tingkat Kampus;Peserta;2023;Perusahaan/Swasta;2
MHS00255;Non-Akademik;Sosial & Kemasyarakatan;Tingkat Lokal/Wilayah;Juara 1;2024;Komunitas/Organisasi;2
MHS00256;Non-Akademik;Olahraga;Tingkat Lokal/Wilayah;Peserta;2026;Perguruan Tinggi;1
MHS00257;Non-Akademik;Seni & Budaya;Tingkat Kampus;Juara 3;2023;Komunitas/Organisasi;2
MHS00257;Non-Akademik;Sosial & Kemasyarakatan;Tingkat Lokal/Wilayah;Juara 2;2023;Komunitas/Organisasi;2
MHS00259;Akademik;Sains & Teknologi;Tingkat Kampus;Finalis;2022;Komunitas/Organisasi;3
MHS00259;Akademik;Kewirausahaan;Tingkat Kampus;Juara 3;2024;Perguruan Tinggi;3
MHS00259;Non-Akademik;Seni & Budaya;Tingkat Kampus;Finalis;2025;Kemendikbudristek;3
MHS00261;Non-Akademik;Olahraga;Tingkat Lokal/Wilayah;Juara 3;2026;Kemendikbudristek;2
MHS00261;Non-Akademik;Keagamaan;Tingkat Lokal/Wilayah;Finalis;2026;Kemendikbudristek;2
MHS00264;Akademik;Debat & Karya Tulis;Tingkat Kampus;Finalis;2024;Perusahaan/Swasta;2
MHS00264;Non-Akademik;Seni & Budaya;Tingkat Lokal/Wilayah;Juara 3;2025;Komunitas/Organisasi;2
MHS00265;Non-Akademik;Olahraga;Tingkat Kampus;Peserta;2022;Pemerintah Daerah;3
MHS00265;Non-Akademik;Olahraga;Tingkat Kampus;Peserta;2024;Perusahaan/Swasta;3
MHS00265;Non-Akademik;Keagamaan;Tingkat Lokal/Wilayah;Peserta;2025;Kemendikbudristek;3
MHS00266;Non-Akademik;Seni & Budaya;Tingkat Lokal/Wilayah;Juara 3;2023;Perguruan Tinggi;1
MHS00267;Non-Akademik;Kewirausahaan;Tingkat Kampus;Finalis;2023;Komunitas/Organisasi;5
MHS00267;Non-Akademik;Kewirausahaan;Tingkat Kampus;Juara 2;2024;Kemendikbudristek;5
MHS00267;Non-Akademik;Seni & Budaya;Tingkat Kampus;Finalis;2025;Pemerintah Daerah;5
MHS00267;Non-Akademik;Sosial & Kemasyarakatan;Tingkat Nasional;Finalis;2026;Komunitas/Organisasi;5
MHS00267;Akademik;Debat & Karya Tulis;Tingkat Kampus;Peserta;2026;Kemendikbudristek;5
MHS00268;Akademik;Debat & Karya Tulis;Tingkat Lokal/Wilayah;Juara 1;2025;Komunitas/Organisasi;2
MHS00268;Non-Akademik;Keagamaan;Tingkat Kampus;Finalis;2025;Komunitas/Organisasi;2
MHS00269;Non-Akademik;Seni & Budaya;Tingkat Kampus;Peserta;2026;Perguruan Tinggi;1
MHS00270;Akademik;Sains & Teknologi;Tingkat Kampus;Finalis;2021;Perguruan Tinggi;1
MHS00271;Akademik;Sains & Teknologi;Tingkat Nasional;Finalis;2022;Komunitas/Organisasi;8
MHS00271;Akademik;Debat & Karya Tulis;Tingkat Nasional;Juara 2;2022;Komunitas/Organisasi;8
MHS00271;Akademik;Debat & Karya Tulis;Tingkat Kampus;Juara 2;2023;Perusahaan/Swasta;8
MHS00271;Non-Akademik;Sosial & Kemasyarakatan;Tingkat Internasional;Finalis;2023;Perguruan Tinggi;8
MHS00271;Akademik;Sains & Teknologi;Tingkat Nasional;Juara 1;2023;Pemerintah Daerah;8
MHS00271;Non-Akademik;Kewirausahaan;Tingkat Lokal/Wilayah;Juara 1;2025;Perguruan Tinggi;8
MHS00271;Non-Akademik;Olahraga;Tingkat Lokal/Wilayah;Juara 2;2025;Kemendikbudristek;8
MHS00271;Non-Akademik;Kewirausahaan;Tingkat Lokal/Wilayah;Juara 3;2025;Kemendikbudristek;8
MHS00273;Akademik;Sains & Teknologi;Tingkat Nasional;Juara 2;2025;Kemendikbudristek;1
MHS00276;Non-Akademik;Seni & Budaya;Tingkat Nasional;Peserta;2021;Kemendikbudristek;3
MHS00276;Non-Akademik;Seni & Budaya;Tingkat Kampus;Peserta;2021;Komunitas/Organisasi;3
MHS00276;Akademik;Debat & Karya Tulis;Tingkat Nasional;Juara 2;2023;Pemerintah Daerah;3
MHS00277;Non-Akademik;Kewirausahaan;Tingkat Lokal/Wilayah;Juara 3;2025;Kemendikbudristek;1
MHS00278;Akademik;Olahraga;Tingkat Internasional;Peserta;2020;Perguruan Tinggi;4
MHS00278;Non-Akademik;Olahraga;Tingkat Lokal/Wilayah;Juara 2;2021;Pemerintah Daerah;4
MHS00278;Non-Akademik;Sosial & Kemasyarakatan;Tingkat Lokal/Wilayah;Juara 2;2022;Pemerintah Daerah;4
MHS00278;Akademik;Debat & Karya Tulis;Tingkat Kampus;Juara 3;2023;Perguruan Tinggi;4
MHS00279;Non-Akademik;Keagamaan;Tingkat Kampus;Juara 3;2022;Perguruan Tinggi;4
MHS00279;Non-Akademik;Olahraga;Tingkat Nasional;Juara 3;2023;Pemerintah Daerah;4
MHS00279;Non-Akademik;Olahraga;Tingkat Lokal/Wilayah;Finalis;2024;Kemendikbudristek;4
MHS00279;Non-Akademik;Kewirausahaan;Tingkat Kampus;Juara 2;2025;Kemendikbudristek;4
MHS00286;Akademik;Sains & Teknologi;Tingkat Lokal/Wilayah;Finalis;2023;Perguruan Tinggi;1
MHS00288;Non-Akademik;Keagamaan;Tingkat Internasional;Finalis;2024;Kemendikbudristek;1
MHS00290;Non-Akademik;Sosial & Kemasyarakatan;Tingkat Kampus;Juara 3;2024;Perguruan Tinggi;6
MHS00290;Akademik;Debat & Karya Tulis;Tingkat Kampus;Juara 2;2024;Komunitas/Organisasi;6
MHS00290;Akademik;Seni & Budaya;Tingkat Internasional;Finalis;2024;Perusahaan/Swasta;6
MHS00290;Akademik;Sains & Teknologi;Tingkat Kampus;Finalis;2025;Perusahaan/Swasta;6
MHS00290;Non-Akademik;Kewirausahaan;Tingkat Kampus;Finalis;2025;Pemerintah Daerah;6
MHS00290;Non-Akademik;Seni & Budaya;Tingkat Lokal/Wilayah;Juara 2;2026;Perguruan Tinggi;6
MHS00291;Akademik;Debat & Karya Tulis;Tingkat Lokal/Wilayah;Peserta;2025;Perguruan Tinggi;2
MHS00291;Akademik;Sains & Teknologi;Tingkat Kampus;Finalis;2026;Pemerintah Daerah;2
MHS00295;Non-Akademik;Kewirausahaan;Tingkat Kampus;Juara 2;2024;Komunitas/Organisasi;1
MHS00296;Akademik;Kewirausahaan;Tingkat Internasional;Finalis;2026;Perguruan Tinggi;1
MHS00297;Akademik;Debat & Karya Tulis;Tingkat Lokal/Wilayah;Finalis;2021;Perusahaan/Swasta;1
MHS00298;Non-Akademik;Keagamaan;Tingkat Lokal/Wilayah;Peserta;2024;Komunitas/Organisasi;1
MHS00299;Non-Akademik;Kewirausahaan;Tingkat Kampus;Peserta;2024;Perusahaan/Swasta;2
MHS00299;Non-Akademik;Olahraga;Tingkat Kampus;Finalis;2024;Perguruan Tinggi;2
MHS00301;Akademik;Debat & Karya Tulis;Tingkat Internasional;Juara 2;2024;Komunitas/Organisasi;1
MHS00302;Akademik;Debat & Karya Tulis;Tingkat Internasional;Juara 1;2024;Perusahaan/Swasta;3
MHS00302;Non-Akademik;Sosial & Kemasyarakatan;Tingkat Nasional;Juara 1;2024;Perguruan Tinggi;3
MHS00302;Non-Akademik;Seni & Budaya;Tingkat Nasional;Juara 2;2025;Komunitas/Organisasi;3
MHS00303;Akademik;Sains & Teknologi;Tingkat Kampus;Finalis;2024;Komunitas/Organisasi;1
MHS00306;Non-Akademik;Seni & Budaya;Tingkat Nasional;Juara 3;2022;Kemendikbudristek;6
MHS00306;Akademik;Sains & Teknologi;Tingkat Lokal/Wilayah;Juara 1;2022;Kemendikbudristek;6
MHS00306;Akademik;Sains & Teknologi;Tingkat Kampus;Peserta;2024;Kemendikbudristek;6
MHS00306;Non-Akademik;Sosial & Kemasyarakatan;Tingkat Lokal/Wilayah;Juara 1;2024;Kemendikbudristek;6
MHS00306;Non-Akademik;Keagamaan;Tingkat Lokal/Wilayah;Juara 3;2024;Pemerintah Daerah;6
MHS00306;Akademik;Debat & Karya Tulis;Tingkat Nasional;Juara 2;2025;Perguruan Tinggi;6
MHS00309;Non-Akademik;Seni & Budaya;Tingkat Kampus;Juara 3;2019;Perusahaan/Swasta;5
MHS00309;Akademik;Keagamaan;Tingkat Internasional;Finalis;2020;Kemendikbudristek;5
MHS00309;Non-Akademik;Kewirausahaan;Tingkat Nasional;Juara 1;2022;Pemerintah Daerah;5
MHS00309;Akademik;Sains & Teknologi;Tingkat Lokal/Wilayah;Peserta;2022;Kemendikbudristek;5
MHS00309;Akademik;Debat & Karya Tulis;Tingkat Lokal/Wilayah;Peserta;2023;Perusahaan/Swasta;5
MHS00311;Akademik;Debat & Karya Tulis;Tingkat Lokal/Wilayah;Juara 1;2024;Kemendikbudristek;2
MHS00311;Akademik;Debat & Karya Tulis;Tingkat Kampus;Finalis;2025;Perusahaan/Swasta;2
MHS00313;Akademik;Debat & Karya Tulis;Tingkat Kampus;Juara 2;2025;Perguruan Tinggi;2
MHS00313;Akademik;Sains & Teknologi;Tingkat Lokal/Wilayah;Peserta;2026;Komunitas/Organisasi;2
MHS00315;Akademik;Sains & Teknologi;Tingkat Kampus;Juara 3;2024;Pemerintah Daerah;4
MHS00315;Non-Akademik;Olahraga;Tingkat Lokal/Wilayah;Juara 3;2024;Perusahaan/Swasta;4
MHS00315;Non-Akademik;Kewirausahaan;Tingkat Kampus;Peserta;2025;Perusahaan/Swasta;4
MHS00315;Akademik;Debat & Karya Tulis;Tingkat Kampus;Juara 2;2025;Kemendikbudristek;4
MHS00318;Akademik;Seni & Budaya;Tingkat Kampus;Peserta;2026;Perguruan Tinggi;1
MHS00321;Non-Akademik;Keagamaan;Tingkat Lokal/Wilayah;Peserta;2025;Kemendikbudristek;2
MHS00321;Akademik;Sains & Teknologi;Tingkat Kampus;Peserta;2026;Kemendikbudristek;2
MHS00322;Non-Akademik;Seni & Budaya;Tingkat Lokal/Wilayah;Finalis;2025;Perguruan Tinggi;1
MHS00326;Akademik;Debat & Karya Tulis;Tingkat Nasional;Peserta;2024;Kemendikbudristek;1
MHS00328;Akademik;Debat & Karya Tulis;Tingkat Nasional;Juara 1;2024;Perusahaan/Swasta;3
MHS00328;Non-Akademik;Olahraga;Tingkat Kampus;Juara 1;2025;Pemerintah Daerah;3
MHS00328;Akademik;Olahraga;Tingkat Lokal/Wilayah;Juara 3;2026;Perguruan Tinggi;3
MHS00330;Non-Akademik;Keagamaan;Tingkat Kampus;Juara 3;2026;Kemendikbudristek;1
MHS00331;Akademik;Debat & Karya Tulis;Tingkat Kampus;Juara 1;2024;Perusahaan/Swasta;2
MHS00331;Akademik;Sains & Teknologi;Tingkat Nasional;Peserta;2025;Kemendikbudristek;2
MHS00334;Akademik;Kewirausahaan;Tingkat Kampus;Finalis;2024;Perusahaan/Swasta;1
MHS00335;Akademik;Kewirausahaan;Tingkat Kampus;Juara 2;2025;Komunitas/Organisasi;1
MHS00336;Akademik;Sains & Teknologi;Tingkat Kampus;Juara 2;2023;Pemerintah Daerah;2
MHS00336;Akademik;Sains & Teknologi;Tingkat Nasional;Juara 2;2024;Komunitas/Organisasi;2
MHS00337;Non-Akademik;Olahraga;Tingkat Kampus;Finalis;2024;Pemerintah Daerah;1
MHS00338;Non-Akademik;Sosial & Kemasyarakatan;Tingkat Kampus;Peserta;2026;Komunitas/Organisasi;1
MHS00340;Non-Akademik;Olahraga;Tingkat Kampus;Peserta;2026;Kemendikbudristek;1
MHS00342;Akademik;Sains & Teknologi;Tingkat Lokal/Wilayah;Peserta;2024;Komunitas/Organisasi;4
MHS00342;Non-Akademik;Seni & Budaya;Tingkat Lokal/Wilayah;Juara 1;2024;Perguruan Tinggi;4
MHS00342;Non-Akademik;Keagamaan;Tingkat Internasional;Juara 3;2025;Perusahaan/Swasta;4
MHS00342;Non-Akademik;Olahraga;Tingkat Kampus;Peserta;2025;Perusahaan/Swasta;4
MHS00343;Akademik;Sains & Teknologi;Tingkat Lokal/Wilayah;Peserta;2025;Kemendikbudristek;2
MHS00343;Non-Akademik;Sosial & Kemasyarakatan;Tingkat Lokal/Wilayah;Peserta;2025;Perusahaan/Swasta;2
MHS00345;Non-Akademik;Olahraga;Tingkat Lokal/Wilayah;Peserta;2023;Perguruan Tinggi;5
MHS00345;Akademik;Sains & Teknologi;Tingkat Kampus;Juara 3;2024;Pemerintah Daerah;5
MHS00345;Akademik;Sains & Teknologi;Tingkat Kampus;Juara 2;2024;Komunitas/Organisasi;5
MHS00345;Akademik;Sains & Teknologi;Tingkat Kampus;Peserta;2025;Komunitas/Organisasi;5
MHS00345;Non-Akademik;Sosial & Kemasyarakatan;Tingkat Kampus;Juara 2;2026;Perusahaan/Swasta;5
MHS00346;Non-Akademik;Olahraga;Tingkat Nasional;Finalis;2023;Perguruan Tinggi;2
MHS00346;Akademik;Debat & Karya Tulis;Tingkat Kampus;Peserta;2025;Kemendikbudristek;2
MHS00347;Akademik;Sains & Teknologi;Tingkat Kampus;Juara 3;2023;Kemendikbudristek;3
MHS00347;Non-Akademik;Sosial & Kemasyarakatan;Tingkat Nasional;Finalis;2026;Perusahaan/Swasta;3
MHS00347;Non-Akademik;Kewirausahaan;Tingkat Kampus;Finalis;2026;Pemerintah Daerah;3
MHS00348;Non-Akademik;Olahraga;Tingkat Lokal/Wilayah;Peserta;2021;Perguruan Tinggi;1
MHS00350;Non-Akademik;Olahraga;Tingkat Nasional;Juara 2;2021;Kemendikbudristek;3
MHS00350;Non-Akademik;Kewirausahaan;Tingkat Kampus;Juara 2;2023;Perusahaan/Swasta;3
MHS00350;Non-Akademik;Keagamaan;Tingkat Lokal/Wilayah;Juara 2;2023;Perusahaan/Swasta;3
MHS00351;Non-Akademik;Sosial & Kemasyarakatan;Tingkat Kampus;Juara 2;2024;Pemerintah Daerah;5
MHS00351;Akademik;Sosial & Kemasyarakatan;Tingkat Kampus;Juara 3;2024;Perguruan Tinggi;5
MHS00351;Non-Akademik;Olahraga;Tingkat Lokal/Wilayah;Finalis;2025;Perguruan Tinggi;5
MHS00351;Non-Akademik;Kewirausahaan;Tingkat Kampus;Juara 2;2025;Pemerintah Daerah;5
MHS00351;Non-Akademik;Olahraga;Tingkat Lokal/Wilayah;Juara 3;2026;Komunitas/Organisasi;5
MHS00352;Akademik;Debat & Karya Tulis;Tingkat Lokal/Wilayah;Peserta;2023;Perguruan Tinggi;1
MHS00355;Akademik;Debat & Karya Tulis;Tingkat Kampus;Finalis;2026;Kemendikbudristek;1
MHS00356;Akademik;Sains & Teknologi;Tingkat Kampus;Juara 2;2024;Pemerintah Daerah;2
MHS00356;Non-Akademik;Kewirausahaan;Tingkat Internasional;Juara 2;2026;Perguruan Tinggi;2
MHS00359;Non-Akademik;Keagamaan;Tingkat Nasional;Juara 3;2020;Kemendikbudristek;2
MHS00359;Akademik;Debat & Karya Tulis;Tingkat Kampus;Peserta;2021;Kemendikbudristek;2
MHS00360;Akademik;Debat & Karya Tulis;Tingkat Nasional;Juara 1;2024;Komunitas/Organisasi;4
MHS00360;Akademik;Seni & Budaya;Tingkat Nasional;Juara 3;2025;Komunitas/Organisasi;4
MHS00360;Non-Akademik;Keagamaan;Tingkat Kampus;Juara 1;2025;Kemendikbudristek;4
MHS00360;Akademik;Sosial & Kemasyarakatan;Tingkat Lokal/Wilayah;Juara 3;2026;Komunitas/Organisasi;4
MHS00361;Non-Akademik;Keagamaan;Tingkat Kampus;Juara 2;2025;Pemerintah Daerah;1
MHS00362;Non-Akademik;Olahraga;Tingkat Internasional;Finalis;2023;Perguruan Tinggi;3
MHS00362;Akademik;Sains & Teknologi;Tingkat Kampus;Juara 1;2025;Komunitas/Organisasi;3
MHS00362;Non-Akademik;Olahraga;Tingkat Lokal/Wilayah;Juara 2;2025;Pemerintah Daerah;3
MHS00363;Akademik;Kewirausahaan;Tingkat Nasional;Peserta;2022;Komunitas/Organisasi;1
MHS00366;Akademik;Debat & Karya Tulis;Tingkat Kampus;Juara 2;2023;Kemendikbudristek;2
MHS00366;Non-Akademik;Kewirausahaan;Tingkat Nasional;Juara 3;2024;Kemendikbudristek;2
MHS00369;Non-Akademik;Kewirausahaan;Tingkat Nasional;Juara 1;2023;Perguruan Tinggi;2
MHS00369;Non-Akademik;Sosial & Kemasyarakatan;Tingkat Kampus;Juara 3;2025;Kemendikbudristek;2
MHS00371;Non-Akademik;Sosial & Kemasyarakatan;Tingkat Nasional;Peserta;2025;Kemendikbudristek;3
MHS00371;Akademik;Sains & Teknologi;Tingkat Nasional;Peserta;2026;Kemendikbudristek;3
MHS00371;Non-Akademik;Sosial & Kemasyarakatan;Tingkat Nasional;Peserta;2026;Komunitas/Organisasi;3
MHS00372;Non-Akademik;Seni & Budaya;Tingkat Kampus;Finalis;2025;Pemerintah Daerah;1
MHS00374;Akademik;Debat & Karya Tulis;Tingkat Nasional;Juara 3;2022;Perusahaan/Swasta;1
MHS00376;Non-Akademik;Kewirausahaan;Tingkat Kampus;Finalis;2024;Kemendikbudristek;2
MHS00376;Akademik;Keagamaan;Tingkat Kampus;Peserta;2024;Komunitas/Organisasi;2
MHS00377;Akademik;Sains & Teknologi;Tingkat Nasional;Juara 2;2024;Komunitas/Organisasi;4
MHS00377;Non-Akademik;Seni & Budaya;Tingkat Lokal/Wilayah;Juara 1;2024;Komunitas/Organisasi;4
MHS00377;Non-Akademik;Sosial & Kemasyarakatan;Tingkat Nasional;Finalis;2024;Pemerintah Daerah;4
MHS00377;Non-Akademik;Olahraga;Tingkat Lokal/Wilayah;Juara 2;2026;Kemendikbudristek;4
MHS00380;Non-Akademik;Sosial & Kemasyarakatan;Tingkat Lokal/Wilayah;Juara 2;2024;Pemerintah Daerah;1
MHS00382;Non-Akademik;Sosial & Kemasyarakatan;Tingkat Lokal/Wilayah;Juara 1;2024;Perguruan Tinggi;1
MHS00383;Akademik;Sains & Teknologi;Tingkat Internasional;Juara 2;2022;Perusahaan/Swasta;4
MHS00383;Akademik;Debat & Karya Tulis;Tingkat Kampus;Finalis;2023;Pemerintah Daerah;4
MHS00383;Non-Akademik;Olahraga;Tingkat Nasional;Juara 1;2024;Perguruan Tinggi;4
MHS00383;Akademik;Sosial & Kemasyarakatan;Tingkat Lokal/Wilayah;Peserta;2025;Kemendikbudristek;4
MHS00385;Non-Akademik;Olahraga;Tingkat Lokal/Wilayah;Juara 3;2022;Komunitas/Organisasi;2
MHS00385;Non-Akademik;Olahraga;Tingkat Kampus;Peserta;2024;Perguruan Tinggi;2
MHS00387;Non-Akademik;Kewirausahaan;Tingkat Kampus;Juara 2;2021;Perguruan Tinggi;5
MHS00387;Akademik;Debat & Karya Tulis;Tingkat Lokal/Wilayah;Finalis;2021;Pemerintah Daerah;5
MHS00387;Non-Akademik;Seni & Budaya;Tingkat Lokal/Wilayah;Finalis;2024;Kemendikbudristek;5
MHS00387;Akademik;Seni & Budaya;Tingkat Kampus;Peserta;2025;Perguruan Tinggi;5
MHS00387;Non-Akademik;Keagamaan;Tingkat Kampus;Juara 1;2025;Pemerintah Daerah;5
MHS00390;Non-Akademik;Seni & Budaya;Tingkat Kampus;Peserta;2024;Kemendikbudristek;2
MHS00390;Akademik;Sains & Teknologi;Tingkat Kampus;Juara 1;2025;Kemendikbudristek;2
MHS00391;Non-Akademik;Kewirausahaan;Tingkat Kampus;Peserta;2023;Pemerintah Daerah;8
MHS00391;Non-Akademik;Sosial & Kemasyarakatan;Tingkat Nasional;Peserta;2023;Perusahaan/Swasta;8
MHS00391;Non-Akademik;Sosial & Kemasyarakatan;Tingkat Nasional;Juara 3;2023;Komunitas/Organisasi;8
MHS00391;Non-Akademik;Seni & Budaya;Tingkat Nasional;Juara 3;2024;Perusahaan/Swasta;8
MHS00391;Akademik;Sains & Teknologi;Tingkat Lokal/Wilayah;Juara 3;2024;Pemerintah Daerah;8
MHS00391;Akademik;Sains & Teknologi;Tingkat Kampus;Peserta;2024;Perguruan Tinggi;8
MHS00391;Non-Akademik;Keagamaan;Tingkat Nasional;Peserta;2025;Kemendikbudristek;8
MHS00391;Akademik;Debat & Karya Tulis;Tingkat Nasional;Finalis;2026;Komunitas/Organisasi;8
MHS00392;Akademik;Debat & Karya Tulis;Tingkat Lokal/Wilayah;Finalis;2026;Perusahaan/Swasta;1
MHS00394;Akademik;Kewirausahaan;Tingkat Kampus;Juara 2;2026;Perguruan Tinggi;1
MHS00398;Non-Akademik;Sosial & Kemasyarakatan;Tingkat Nasional;Juara 2;2025;Perusahaan/Swasta;1
MHS00399;Akademik;Debat & Karya Tulis;Tingkat Lokal/Wilayah;Peserta;2022;Perusahaan/Swasta;1
MHS00400;Non-Akademik;Kewirausahaan;Tingkat Lokal/Wilayah;Peserta;2026;Perusahaan/Swasta;1
MHS00401;Non-Akademik;Kewirausahaan;Tingkat Nasional;Juara 2;2025;Komunitas/Organisasi;2
MHS00401;Non-Akademik;Keagamaan;Tingkat Kampus;Peserta;2026;Pemerintah Daerah;2
MHS00402;Akademik;Seni & Budaya;Tingkat Kampus;Finalis;2025;Perguruan Tinggi;1
MHS00403;Non-Akademik;Seni & Budaya;Tingkat Kampus;Juara 1;2025;Komunitas/Organisasi;1
MHS00406;Akademik;Debat & Karya Tulis;Tingkat Kampus;Peserta;2023;Kemendikbudristek;1
MHS00408;Akademik;Keagamaan;Tingkat Kampus;Finalis;2024;Perusahaan/Swasta;3
MHS00408;Non-Akademik;Sosial & Kemasyarakatan;Tingkat Nasional;Peserta;2024;Perguruan Tinggi;3
MHS00408;Non-Akademik;Seni & Budaya;Tingkat Internasional;Juara 2;2025;Pemerintah Daerah;3
MHS00413;Akademik;Sains & Teknologi;Tingkat Lokal/Wilayah;Finalis;2026;Perusahaan/Swasta;2
MHS00413;Non-Akademik;Olahraga;Tingkat Lokal/Wilayah;Juara 2;2026;Perguruan Tinggi;2
MHS00415;Akademik;Sains & Teknologi;Tingkat Lokal/Wilayah;Juara 2;2025;Perusahaan/Swasta;1
MHS00417;Non-Akademik;Keagamaan;Tingkat Internasional;Finalis;2023;Pemerintah Daerah;5
MHS00417;Akademik;Kewirausahaan;Tingkat Lokal/Wilayah;Juara 1;2024;Perguruan Tinggi;5
MHS00417;Akademik;Sains & Teknologi;Tingkat Lokal/Wilayah;Peserta;2025;Komunitas/Organisasi;5
MHS00417;Non-Akademik;Kewirausahaan;Tingkat Kampus;Finalis;2026;Komunitas/Organisasi;5
MHS00417;Non-Akademik;Kewirausahaan;Tingkat Nasional;Juara 3;2026;Kemendikbudristek;5
MHS00418;Akademik;Debat & Karya Tulis;Tingkat Kampus;Peserta;2026;Perusahaan/Swasta;1
MHS00420;Akademik;Debat & Karya Tulis;Tingkat Kampus;Finalis;2026;Perusahaan/Swasta;1
MHS00421;Non-Akademik;Seni & Budaya;Tingkat Kampus;Peserta;2024;Komunitas/Organisasi;1
MHS00423;Akademik;Sains & Teknologi;Tingkat Lokal/Wilayah;Juara 1;2026;Perusahaan/Swasta;2
MHS00423;Non-Akademik;Keagamaan;Tingkat Internasional;Finalis;2026;Perguruan Tinggi;2
MHS00424;Non-Akademik;Kewirausahaan;Tingkat Nasional;Juara 1;2025;Kemendikbudristek;5
MHS00424;Non-Akademik;Kewirausahaan;Tingkat Kampus;Finalis;2025;Komunitas/Organisasi;5
MHS00424;Non-Akademik;Olahraga;Tingkat Nasional;Juara 3;2025;Perusahaan/Swasta;5
MHS00424;Akademik;Sains & Teknologi;Tingkat Nasional;Peserta;2025;Perguruan Tinggi;5
MHS00424;Akademik;Debat & Karya Tulis;Tingkat Nasional;Finalis;2026;Komunitas/Organisasi;5
MHS00428;Non-Akademik;Seni & Budaya;Tingkat Kampus;Juara 3;2023;Perusahaan/Swasta;1
MHS00430;Akademik;Sains & Teknologi;Tingkat Kampus;Juara 1;2024;Pemerintah Daerah;6
MHS00430;Non-Akademik;Sosial & Kemasyarakatan;Tingkat Nasional;Juara 2;2024;Pemerintah Daerah;6
MHS00430;Non-Akademik;Sosial & Kemasyarakatan;Tingkat Kampus;Juara 3;2025;Perusahaan/Swasta;6
MHS00430;Akademik;Sains & Teknologi;Tingkat Kampus;Juara 1;2025;Perusahaan/Swasta;6
MHS00430;Akademik;Olahraga;Tingkat Lokal/Wilayah;Peserta;2026;Komunitas/Organisasi;6
MHS00430;Akademik;Sains & Teknologi;Tingkat Kampus;Juara 3;2026;Pemerintah Daerah;6
MHS00431;Akademik;Debat & Karya Tulis;Tingkat Lokal/Wilayah;Juara 3;2026;Perusahaan/Swasta;1
MHS00435;Akademik;Sains & Teknologi;Tingkat Lokal/Wilayah;Peserta;2025;Pemerintah Daerah;1
MHS00436;Akademik;Debat & Karya Tulis;Tingkat Lokal/Wilayah;Juara 2;2024;Perguruan Tinggi;1
MHS00437;Akademik;Sosial & Kemasyarakatan;Tingkat Lokal/Wilayah;Finalis;2022;Pemerintah Daerah;5
MHS00437;Akademik;Olahraga;Tingkat Nasional;Juara 2;2023;Perguruan Tinggi;5
MHS00437;Non-Akademik;Sosial & Kemasyarakatan;Tingkat Lokal/Wilayah;Juara 2;2024;Komunitas/Organisasi;5
MHS00437;Non-Akademik;Keagamaan;Tingkat Kampus;Juara 2;2024;Perusahaan/Swasta;5
MHS00437;Non-Akademik;Sosial & Kemasyarakatan;Tingkat Kampus;Peserta;2024;Pemerintah Daerah;5
MHS00438;Non-Akademik;Kewirausahaan;Tingkat Kampus;Peserta;2026;Perusahaan/Swasta;1
MHS00439;Non-Akademik;Olahraga;Tingkat Lokal/Wilayah;Juara 1;2024;Kemendikbudristek;3
MHS00439;Non-Akademik;Seni & Budaya;Tingkat Internasional;Juara 1;2026;Komunitas/Organisasi;3
MHS00439;Akademik;Seni & Budaya;Tingkat Lokal/Wilayah;Juara 2;2026;Kemendikbudristek;3
MHS00443;Non-Akademik;Olahraga;Tingkat Lokal/Wilayah;Peserta;2026;Komunitas/Organisasi;1
MHS00444;Non-Akademik;Keagamaan;Tingkat Nasional;Finalis;2025;Komunitas/Organisasi;1
MHS00445;Akademik;Olahraga;Tingkat Kampus;Juara 3;2025;Komunitas/Organisasi;2
MHS00445;Non-Akademik;Sosial & Kemasyarakatan;Tingkat Lokal/Wilayah;Juara 2;2026;Komunitas/Organisasi;2
MHS00447;Non-Akademik;Sosial & Kemasyarakatan;Tingkat Kampus;Finalis;2025;Kemendikbudristek;2
MHS00447;Non-Akademik;Kewirausahaan;Tingkat Kampus;Juara 2;2026;Komunitas/Organisasi;2
MHS00450;Akademik;Debat & Karya Tulis;Tingkat Kampus;Juara 1;2023;Perusahaan/Swasta;2
MHS00450;Non-Akademik;Kewirausahaan;Tingkat Internasional;Finalis;2024;Pemerintah Daerah;2
MHS00451;Non-Akademik;Seni & Budaya;Tingkat Nasional;Peserta;2022;Perusahaan/Swasta;2
MHS00451;Akademik;Debat & Karya Tulis;Tingkat Kampus;Juara 2;2024;Perusahaan/Swasta;2
MHS00454;Non-Akademik;Keagamaan;Tingkat Kampus;Finalis;2023;Komunitas/Organisasi;3
MHS00454;Non-Akademik;Kewirausahaan;Tingkat Lokal/Wilayah;Finalis;2025;Pemerintah Daerah;3
MHS00454;Non-Akademik;Olahraga;Tingkat Kampus;Finalis;2025;Komunitas/Organisasi;3
MHS00456;Non-Akademik;Seni & Budaya;Tingkat Kampus;Juara 3;2024;Kemendikbudristek;1
MHS00460;Akademik;Sosial & Kemasyarakatan;Tingkat Kampus;Juara 1;2023;Perusahaan/Swasta;8
MHS00460;Non-Akademik;Sosial & Kemasyarakatan;Tingkat Kampus;Peserta;2024;Komunitas/Organisasi;8
MHS00460;Akademik;Sains & Teknologi;Tingkat Nasional;Juara 2;2024;Komunitas/Organisasi;8
MHS00460;Non-Akademik;Seni & Budaya;Tingkat Nasional;Finalis;2025;Pemerintah Daerah;8
MHS00460;Akademik;Sains & Teknologi;Tingkat Nasional;Juara 2;2025;Pemerintah Daerah;8
MHS00460;Non-Akademik;Sosial & Kemasyarakatan;Tingkat Internasional;Juara 1;2025;Kemendikbudristek;8
MHS00460;Akademik;Sains & Teknologi;Tingkat Kampus;Juara 3;2025;Pemerintah Daerah;8
MHS00460;Non-Akademik;Kewirausahaan;Tingkat Nasional;Finalis;2025;Komunitas/Organisasi;8
MHS00462;Akademik;Debat & Karya Tulis;Tingkat Internasional;Juara 1;2025;Kemendikbudristek;2
MHS00462;Akademik;Sains & Teknologi;Tingkat Lokal/Wilayah;Peserta;2026;Kemendikbudristek;2
MHS00464;Non-Akademik;Olahraga;Tingkat Kampus;Peserta;2020;Perusahaan/Swasta;8
MHS00464;Akademik;Debat & Karya Tulis;Tingkat Nasional;Finalis;2021;Kemendikbudristek;8
MHS00464;Non-Akademik;Sosial & Kemasyarakatan;Tingkat Nasional;Peserta;2021;Perusahaan/Swasta;8
MHS00464;Akademik;Sains & Teknologi;Tingkat Lokal/Wilayah;Juara 2;2022;Perguruan Tinggi;8
MHS00464;Non-Akademik;Keagamaan;Tingkat Nasional;Finalis;2023;Pemerintah Daerah;8
MHS00464;Akademik;Debat & Karya Tulis;Tingkat Lokal/Wilayah;Peserta;2023;Perusahaan/Swasta;8
MHS00464;Non-Akademik;Kewirausahaan;Tingkat Internasional;Juara 3;2023;Perguruan Tinggi;8
MHS00464;Non-Akademik;Sosial & Kemasyarakatan;Tingkat Nasional;Peserta;2024;Perguruan Tinggi;8
MHS00466;Akademik;Sains & Teknologi;Tingkat Kampus;Juara 3;2026;Perguruan Tinggi;1
MHS00467;Non-Akademik;Olahraga;Tingkat Lokal/Wilayah;Juara 1;2023;Kemendikbudristek;2
MHS00467;Akademik;Sains & Teknologi;Tingkat Lokal/Wilayah;Finalis;2025;Komunitas/Organisasi;2
MHS00469;Non-Akademik;Olahraga;Tingkat Lokal/Wilayah;Finalis;2025;Komunitas/Organisasi;2
MHS00469;Akademik;Debat & Karya Tulis;Tingkat Kampus;Finalis;2026;Perusahaan/Swasta;2
MHS00471;Non-Akademik;Sosial & Kemasyarakatan;Tingkat Kampus;Peserta;2025;Perguruan Tinggi;2
MHS00471;Akademik;Debat & Karya Tulis;Tingkat Kampus;Juara 3;2025;Kemendikbudristek;2
MHS00475;Akademik;Sosial & Kemasyarakatan;Tingkat Lokal/Wilayah;Peserta;2023;Perguruan Tinggi;3
MHS00475;Non-Akademik;Olahraga;Tingkat Nasional;Juara 3;2024;Pemerintah Daerah;3
MHS00475;Non-Akademik;Seni & Budaya;Tingkat Kampus;Finalis;2026;Pemerintah Daerah;3
MHS00476;Non-Akademik;Seni & Budaya;Tingkat Kampus;Finalis;2024;Kemendikbudristek;1
MHS00477;Non-Akademik;Sosial & Kemasyarakatan;Tingkat Kampus;Peserta;2024;Perguruan Tinggi;1
MHS00479;Non-Akademik;Keagamaan;Tingkat Kampus;Finalis;2024;Perguruan Tinggi;1
MHS00481;Akademik;Debat & Karya Tulis;Tingkat Lokal/Wilayah;Peserta;2020;Kemendikbudristek;2
MHS00481;Non-Akademik;Olahraga;Tingkat Kampus;Finalis;2024;Komunitas/Organisasi;2
MHS00482;Non-Akademik;Keagamaan;Tingkat Kampus;Finalis;2021;Komunitas/Organisasi;3
MHS00482;Non-Akademik;Olahraga;Tingkat Internasional;Juara 1;2021;Kemendikbudristek;3
MHS00482;Akademik;Seni & Budaya;Tingkat Kampus;Finalis;2023;Pemerintah Daerah;3
MHS00483;Akademik;Debat & Karya Tulis;Tingkat Nasional;Finalis;2026;Perusahaan/Swasta;1
MHS00484;Non-Akademik;Kewirausahaan;Tingkat Lokal/Wilayah;Finalis;2023;Pemerintah Daerah;2
MHS00484;Akademik;Debat & Karya Tulis;Tingkat Nasional;Finalis;2026;Pemerintah Daerah;2
MHS00486;Akademik;Sains & Teknologi;Tingkat Lokal/Wilayah;Finalis;2025;Komunitas/Organisasi;1
MHS00487;Akademik;Keagamaan;Tingkat Kampus;Peserta;2025;Perguruan Tinggi;1
MHS00489;Non-Akademik;Keagamaan;Tingkat Nasional;Peserta;2025;Pemerintah Daerah;1
MHS00491;Akademik;Debat & Karya Tulis;Tingkat Kampus;Peserta;2023;Komunitas/Organisasi;2
MHS00491;Akademik;Debat & Karya Tulis;Tingkat Kampus;Juara 1;2025;Komunitas/Organisasi;2
MHS00494;Non-Akademik;Seni & Budaya;Tingkat Kampus;Peserta;2025;Pemerintah Daerah;4
MHS00494;Akademik;Sosial & Kemasyarakatan;Tingkat Lokal/Wilayah;Peserta;2025;Pemerintah Daerah;4
MHS00494;Non-Akademik;Keagamaan;Tingkat Kampus;Juara 3;2025;Perusahaan/Swasta;4
MHS00494;Non-Akademik;Olahraga;Tingkat Lokal/Wilayah;Juara 2;2025;Perguruan Tinggi;4
MHS00495;Non-Akademik;Keagamaan;Tingkat Nasional;Finalis;2024;Perusahaan/Swasta;1
MHS00496;Non-Akademik;Olahraga;Tingkat Kampus;Finalis;2026;Pemerintah Daerah;1
MHS00497;Non-Akademik;Kewirausahaan;Tingkat Kampus;Peserta;2025;Perguruan Tinggi;1
MHS00500;Non-Akademik;Olahraga;Tingkat Lokal/Wilayah;Peserta;2023;Perguruan Tinggi;3
MHS00500;Non-Akademik;Sosial & Kemasyarakatan;Tingkat Kampus;Juara 1;2023;Komunitas/Organisasi;3
MHS00500;Akademik;Debat & Karya Tulis;Tingkat Kampus;Juara 1;2025;Perusahaan/Swasta;3
MHS00502;Akademik;Sains & Teknologi;Tingkat Lokal/Wilayah;Juara 2;2023;Kemendikbudristek;2
MHS00502;Akademik;Keagamaan;Tingkat Kampus;Juara 2;2023;Kemendikbudristek;2
MHS00503;Akademik;Sains & Teknologi;Tingkat Internasional;Juara 2;2025;Perusahaan/Swasta;1
MHS00505;Non-Akademik;Sosial & Kemasyarakatan;Tingkat Lokal/Wilayah;Juara 2;2024;Pemerintah Daerah;1
MHS00506;Akademik;Debat & Karya Tulis;Tingkat Kampus;Finalis;2024;Perusahaan/Swasta;2
MHS00506;Non-Akademik;Keagamaan;Tingkat Nasional;Peserta;2026;Perusahaan/Swasta;2
MHS00507;Non-Akademik;Kewirausahaan;Tingkat Lokal/Wilayah;Peserta;2022;Komunitas/Organisasi;1
MHS00508;Akademik;Sains & Teknologi;Tingkat Lokal/Wilayah;Juara 1;2021;Pemerintah Daerah;4
MHS00508;Non-Akademik;Olahraga;Tingkat Kampus;Juara 2;2021;Perusahaan/Swasta;4
MHS00508;Akademik;Debat & Karya Tulis;Tingkat Nasional;Juara 2;2022;Perguruan Tinggi;4
MHS00508;Non-Akademik;Seni & Budaya;Tingkat Kampus;Peserta;2024;Pemerintah Daerah;4
MHS00510;Akademik;Debat & Karya Tulis;Tingkat Lokal/Wilayah;Juara 1;2026;Kemendikbudristek;1
MHS00511;Akademik;Sains & Teknologi;Tingkat Lokal/Wilayah;Peserta;2025;Perguruan Tinggi;1
MHS00513;Akademik;Sosial & Kemasyarakatan;Tingkat Kampus;Finalis;2026;Pemerintah Daerah;1
MHS00514;Akademik;Seni & Budaya;Tingkat Lokal/Wilayah;Juara 3;2025;Pemerintah Daerah;1
MHS00516;Akademik;Debat & Karya Tulis;Tingkat Nasional;Juara 3;2024;Perusahaan/Swasta;3
MHS00516;Akademik;Debat & Karya Tulis;Tingkat Lokal/Wilayah;Peserta;2025;Perusahaan/Swasta;3
MHS00516;Non-Akademik;Seni & Budaya;Tingkat Kampus;Juara 1;2025;Perguruan Tinggi;3
MHS00517;Non-Akademik;Olahraga;Tingkat Kampus;Peserta;2024;Perusahaan/Swasta;3
MHS00517;Non-Akademik;Sosial & Kemasyarakatan;Tingkat Kampus;Peserta;2025;Perguruan Tinggi;3
MHS00517;Akademik;Debat & Karya Tulis;Tingkat Lokal/Wilayah;Juara 2;2026;Kemendikbudristek;3
MHS00518;Non-Akademik;Keagamaan;Tingkat Nasional;Finalis;2025;Perguruan Tinggi;1
MHS00519;Non-Akademik;Olahraga;Tingkat Lokal/Wilayah;Finalis;2024;Pemerintah Daerah;2
MHS00519;Akademik;Sosial & Kemasyarakatan;Tingkat Lokal/Wilayah;Peserta;2025;Kemendikbudristek;2
MHS00520;Non-Akademik;Kewirausahaan;Tingkat Kampus;Peserta;2025;Perusahaan/Swasta;1
MHS00521;Akademik;Sains & Teknologi;Tingkat Lokal/Wilayah;Peserta;2023;Perusahaan/Swasta;1
MHS00522;Non-Akademik;Sosial & Kemasyarakatan;Tingkat Kampus;Juara 2;2023;Perusahaan/Swasta;2
MHS00522;Non-Akademik;Seni & Budaya;Tingkat Lokal/Wilayah;Juara 1;2024;Komunitas/Organisasi;2
MHS00524;Non-Akademik;Kewirausahaan;Tingkat Nasional;Finalis;2024;Komunitas/Organisasi;1
MHS00526;Non-Akademik;Olahraga;Tingkat Lokal/Wilayah;Juara 2;2022;Pemerintah Daerah;1
MHS00530;Non-Akademik;Kewirausahaan;Tingkat Kampus;Juara 3;2025;Perguruan Tinggi;2
MHS00530;Non-Akademik;Kewirausahaan;Tingkat Kampus;Juara 3;2025;Perusahaan/Swasta;2
MHS00531;Non-Akademik;Seni & Budaya;Tingkat Lokal/Wilayah;Finalis;2022;Perusahaan/Swasta;1
MHS00532;Non-Akademik;Sosial & Kemasyarakatan;Tingkat Kampus;Peserta;2021;Perguruan Tinggi;2
MHS00532;Akademik;Keagamaan;Tingkat Kampus;Finalis;2025;Komunitas/Organisasi;2
MHS00533;Akademik;Sains & Teknologi;Tingkat Nasional;Finalis;2021;Perusahaan/Swasta;3
MHS00533;Akademik;Sosial & Kemasyarakatan;Tingkat Nasional;Juara 3;2021;Pemerintah Daerah;3
MHS00533;Non-Akademik;Sosial & Kemasyarakatan;Tingkat Lokal/Wilayah;Juara 2;2023;Perusahaan/Swasta;3
MHS00534;Non-Akademik;Olahraga;Tingkat Nasional;Finalis;2022;Kemendikbudristek;3
MHS00534;Akademik;Sains & Teknologi;Tingkat Kampus;Juara 3;2024;Perguruan Tinggi;3
MHS00534;Non-Akademik;Keagamaan;Tingkat Kampus;Juara 2;2026;Pemerintah Daerah;3
MHS00536;Akademik;Debat & Karya Tulis;Tingkat Lokal/Wilayah;Peserta;2023;Kemendikbudristek;5
MHS00536;Non-Akademik;Sosial & Kemasyarakatan;Tingkat Lokal/Wilayah;Peserta;2024;Kemendikbudristek;5
MHS00536;Non-Akademik;Keagamaan;Tingkat Lokal/Wilayah;Juara 2;2025;Komunitas/Organisasi;5
MHS00536;Akademik;Sains & Teknologi;Tingkat Lokal/Wilayah;Juara 1;2026;Kemendikbudristek;5
MHS00536;Akademik;Sains & Teknologi;Tingkat Kampus;Juara 2;2026;Kemendikbudristek;5
MHS00537;Akademik;Sains & Teknologi;Tingkat Kampus;Juara 1;2026;Kemendikbudristek;1
MHS00538;Akademik;Debat & Karya Tulis;Tingkat Lokal/Wilayah;Finalis;2024;Perguruan Tinggi;3
MHS00538;Non-Akademik;Seni & Budaya;Tingkat Lokal/Wilayah;Finalis;2024;Komunitas/Organisasi;3
MHS00538;Akademik;Sains & Teknologi;Tingkat Lokal/Wilayah;Peserta;2025;Komunitas/Organisasi;3
MHS00539;Non-Akademik;Olahraga;Tingkat Nasional;Finalis;2022;Perguruan Tinggi;3
MHS00539;Akademik;Debat & Karya Tulis;Tingkat Lokal/Wilayah;Juara 3;2024;Perusahaan/Swasta;3
MHS00539;Akademik;Sosial & Kemasyarakatan;Tingkat Lokal/Wilayah;Peserta;2024;Komunitas/Organisasi;3
MHS00540;Akademik;Sains & Teknologi;Tingkat Lokal/Wilayah;Juara 1;2023;Perguruan Tinggi;5
MHS00540;Non-Akademik;Seni & Budaya;Tingkat Lokal/Wilayah;Juara 3;2024;Perusahaan/Swasta;5
MHS00540;Akademik;Debat & Karya Tulis;Tingkat Nasional;Juara 3;2024;Perusahaan/Swasta;5
MHS00540;Non-Akademik;Sosial & Kemasyarakatan;Tingkat Kampus;Peserta;2024;Komunitas/Organisasi;5
MHS00540;Non-Akademik;Seni & Budaya;Tingkat Nasional;Juara 1;2025;Komunitas/Organisasi;5
MHS00541;Non-Akademik;Seni & Budaya;Tingkat Lokal/Wilayah;Juara 3;2024;Komunitas/Organisasi;5
MHS00541;Akademik;Debat & Karya Tulis;Tingkat Nasional;Peserta;2024;Perusahaan/Swasta;5
MHS00541;Non-Akademik;Keagamaan;Tingkat Kampus;Juara 3;2024;Komunitas/Organisasi;5
MHS00541;Akademik;Sains & Teknologi;Tingkat Kampus;Peserta;2024;Komunitas/Organisasi;5
MHS00541;Non-Akademik;Kewirausahaan;Tingkat Kampus;Juara 2;2026;Komunitas/Organisasi;5
MHS00542;Akademik;Kewirausahaan;Tingkat Kampus;Finalis;2024;Komunitas/Organisasi;1
MHS00543;Akademik;Sains & Teknologi;Tingkat Kampus;Finalis;2021;Perusahaan/Swasta;4
MHS00543;Akademik;Debat & Karya Tulis;Tingkat Lokal/Wilayah;Finalis;2022;Perusahaan/Swasta;4
MHS00543;Akademik;Sains & Teknologi;Tingkat Lokal/Wilayah;Peserta;2023;Perusahaan/Swasta;4
MHS00543;Akademik;Sains & Teknologi;Tingkat Kampus;Peserta;2025;Pemerintah Daerah;4
MHS00544;Akademik;Sains & Teknologi;Tingkat Kampus;Juara 2;2021;Perguruan Tinggi;4
MHS00544;Akademik;Debat & Karya Tulis;Tingkat Nasional;Finalis;2022;Perusahaan/Swasta;4
MHS00544;Non-Akademik;Seni & Budaya;Tingkat Kampus;Juara 1;2024;Kemendikbudristek;4
MHS00544;Akademik;Sains & Teknologi;Tingkat Kampus;Juara 2;2024;Perguruan Tinggi;4
MHS00545;Akademik;Sains & Teknologi;Tingkat Nasional;Juara 2;2020;Komunitas/Organisasi;3
MHS00545;Non-Akademik;Sosial & Kemasyarakatan;Tingkat Kampus;Juara 3;2022;Komunitas/Organisasi;3
MHS00545;Akademik;Sosial & Kemasyarakatan;Tingkat Kampus;Juara 3;2022;Perguruan Tinggi;3
MHS00546;Non-Akademik;Seni & Budaya;Tingkat Lokal/Wilayah;Peserta;2022;Pemerintah Daerah;8
MHS00546;Akademik;Sains & Teknologi;Tingkat Internasional;Juara 1;2023;Perguruan Tinggi;8
MHS00546;Akademik;Sains & Teknologi;Tingkat Lokal/Wilayah;Juara 2;2023;Perusahaan/Swasta;8
MHS00546;Non-Akademik;Keagamaan;Tingkat Kampus;Peserta;2023;Kemendikbudristek;8
MHS00546;Akademik;Debat & Karya Tulis;Tingkat Nasional;Peserta;2024;Komunitas/Organisasi;8
MHS00546;Akademik;Olahraga;Tingkat Lokal/Wilayah;Juara 1;2025;Pemerintah Daerah;8
MHS00546;Akademik;Debat & Karya Tulis;Tingkat Lokal/Wilayah;Juara 1;2025;Pemerintah Daerah;8
MHS00546;Akademik;Keagamaan;Tingkat Kampus;Juara 3;2025;Perusahaan/Swasta;8
MHS00549;Akademik;Debat & Karya Tulis;Tingkat Lokal/Wilayah;Juara 2;2022;Komunitas/Organisasi;3
MHS00549;Akademik;Debat & Karya Tulis;Tingkat Kampus;Finalis;2025;Komunitas/Organisasi;3
MHS00549;Non-Akademik;Seni & Budaya;Tingkat Kampus;Peserta;2025;Perguruan Tinggi;3
MHS00553;Non-Akademik;Sosial & Kemasyarakatan;Tingkat Kampus;Juara 2;2025;Komunitas/Organisasi;1
MHS00554;Non-Akademik;Sosial & Kemasyarakatan;Tingkat Nasional;Juara 3;2024;Perusahaan/Swasta;1
MHS00555;Non-Akademik;Sosial & Kemasyarakatan;Tingkat Kampus;Peserta;2021;Pemerintah Daerah;6
MHS00555;Non-Akademik;Seni & Budaya;Tingkat Kampus;Finalis;2022;Komunitas/Organisasi;6
MHS00555;Non-Akademik;Kewirausahaan;Tingkat Internasional;Juara 1;2024;Pemerintah Daerah;6
MHS00555;Akademik;Sains & Teknologi;Tingkat Nasional;Juara 1;2025;Pemerintah Daerah;6
MHS00555;Akademik;Sains & Teknologi;Tingkat Nasional;Peserta;2025;Komunitas/Organisasi;6
MHS00555;Akademik;Sains & Teknologi;Tingkat Kampus;Finalis;2025;Perguruan Tinggi;6
MHS00556;Akademik;Debat & Karya Tulis;Tingkat Kampus;Finalis;2025;Pemerintah Daerah;2
MHS00556;Akademik;Debat & Karya Tulis;Tingkat Kampus;Juara 2;2026;Kemendikbudristek;2
MHS00557;Non-Akademik;Keagamaan;Tingkat Kampus;Juara 3;2023;Kemendikbudristek;3
MHS00557;Akademik;Kewirausahaan;Tingkat Lokal/Wilayah;Juara 3;2024;Pemerintah Daerah;3
MHS00557;Non-Akademik;Seni & Budaya;Tingkat Kampus;Juara 3;2025;Komunitas/Organisasi;3
MHS00559;Akademik;Sains & Teknologi;Tingkat Kampus;Peserta;2024;Komunitas/Organisasi;7
MHS00559;Non-Akademik;Kewirausahaan;Tingkat Kampus;Juara 3;2024;Perusahaan/Swasta;7
MHS00559;Akademik;Debat & Karya Tulis;Tingkat Kampus;Finalis;2024;Perguruan Tinggi;7
MHS00559;Non-Akademik;Seni & Budaya;Tingkat Nasional;Peserta;2025;Kemendikbudristek;7
MHS00559;Akademik;Sains & Teknologi;Tingkat Kampus;Peserta;2025;Perusahaan/Swasta;7
MHS00559;Akademik;Sains & Teknologi;Tingkat Nasional;Juara 2;2025;Pemerintah Daerah;7
MHS00559;Akademik;Sains & Teknologi;Tingkat Lokal/Wilayah;Juara 3;2025;Pemerintah Daerah;7
MHS00561;Non-Akademik;Keagamaan;Tingkat Kampus;Peserta;2023;Perusahaan/Swasta;3
MHS00561;Akademik;Sains & Teknologi;Tingkat Internasional;Peserta;2024;Komunitas/Organisasi;3
MHS00561;Non-Akademik;Kewirausahaan;Tingkat Lokal/Wilayah;Juara 3;2026;Perusahaan/Swasta;3
MHS00563;Akademik;Sains & Teknologi;Tingkat Lokal/Wilayah;Peserta;2021;Kemendikbudristek;2
MHS00563;Akademik;Sosial & Kemasyarakatan;Tingkat Lokal/Wilayah;Finalis;2024;Perusahaan/Swasta;2
MHS00564;Akademik;Sains & Teknologi;Tingkat Kampus;Peserta;2024;Komunitas/Organisasi;2
MHS00564;Akademik;Debat & Karya Tulis;Tingkat Nasional;Finalis;2024;Kemendikbudristek;2
MHS00566;Non-Akademik;Seni & Budaya;Tingkat Kampus;Peserta;2024;Pemerintah Daerah;1
MHS00567;Akademik;Sains & Teknologi;Tingkat Kampus;Juara 3;2026;Perguruan Tinggi;2
MHS00567;Non-Akademik;Seni & Budaya;Tingkat Kampus;Finalis;2026;Komunitas/Organisasi;2
MHS00568;Non-Akademik;Sosial & Kemasyarakatan;Tingkat Kampus;Juara 3;2023;Pemerintah Daerah;6
MHS00568;Akademik;Sains & Teknologi;Tingkat Nasional;Juara 2;2024;Komunitas/Organisasi;6
MHS00568;Non-Akademik;Sosial & Kemasyarakatan;Tingkat Kampus;Peserta;2024;Komunitas/Organisasi;6
MHS00568;Akademik;Seni & Budaya;Tingkat Nasional;Juara 1;2024;Perguruan Tinggi;6
MHS00568;Akademik;Sains & Teknologi;Tingkat Internasional;Peserta;2024;Perguruan Tinggi;6
MHS00568;Non-Akademik;Olahraga;Tingkat Kampus;Juara 2;2025;Komunitas/Organisasi;6
MHS00569;Non-Akademik;Olahraga;Tingkat Kampus;Juara 2;2024;Kemendikbudristek;1
MHS00570;Non-Akademik;Keagamaan;Tingkat Lokal/Wilayah;Juara 1;2022;Perusahaan/Swasta;1
MHS00571;Akademik;Debat & Karya Tulis;Tingkat Kampus;Juara 2;2024;Komunitas/Organisasi;3
MHS00571;Non-Akademik;Seni & Budaya;Tingkat Kampus;Finalis;2024;Kemendikbudristek;3
MHS00571;Akademik;Sains & Teknologi;Tingkat Kampus;Juara 3;2025;Kemendikbudristek;3
MHS00574;Non-Akademik;Sosial & Kemasyarakatan;Tingkat Lokal/Wilayah;Peserta;2024;Perusahaan/Swasta;2
MHS00574;Akademik;Keagamaan;Tingkat Nasional;Peserta;2025;Kemendikbudristek;2
MHS00575;Non-Akademik;Olahraga;Tingkat Internasional;Juara 3;2026;Komunitas/Organisasi;1
MHS00577;Non-Akademik;Olahraga;Tingkat Lokal/Wilayah;Juara 2;2025;Kemendikbudristek;1
MHS00578;Non-Akademik;Keagamaan;Tingkat Nasional;Peserta;2024;Perguruan Tinggi;1
MHS00581;Non-Akademik;Sosial & Kemasyarakatan;Tingkat Kampus;Finalis;2022;Perusahaan/Swasta;3
MHS00581;Akademik;Sains & Teknologi;Tingkat Kampus;Juara 2;2022;Komunitas/Organisasi;3
MHS00581;Akademik;Sosial & Kemasyarakatan;Tingkat Kampus;Finalis;2025;Perguruan Tinggi;3
MHS00582;Akademik;Sains & Teknologi;Tingkat Nasional;Peserta;2022;Perguruan Tinggi;6
MHS00582;Akademik;Debat & Karya Tulis;Tingkat Kampus;Juara 2;2023;Kemendikbudristek;6
MHS00582;Akademik;Sosial & Kemasyarakatan;Tingkat Kampus;Juara 3;2025;Komunitas/Organisasi;6
MHS00582;Akademik;Debat & Karya Tulis;Tingkat Kampus;Juara 3;2025;Perguruan Tinggi;6
MHS00582;Akademik;Sains & Teknologi;Tingkat Lokal/Wilayah;Juara 3;2025;Perusahaan/Swasta;6
MHS00582;Non-Akademik;Keagamaan;Tingkat Kampus;Finalis;2026;Perusahaan/Swasta;6
MHS00583;Akademik;Olahraga;Tingkat Lokal/Wilayah;Peserta;2024;Komunitas/Organisasi;4
MHS00583;Akademik;Debat & Karya Tulis;Tingkat Nasional;Peserta;2025;Perguruan Tinggi;4
MHS00583;Akademik;Olahraga;Tingkat Lokal/Wilayah;Juara 3;2025;Perguruan Tinggi;4
MHS00583;Akademik;Seni & Budaya;Tingkat Kampus;Peserta;2026;Komunitas/Organisasi;4
MHS00585;Akademik;Sains & Teknologi;Tingkat Kampus;Peserta;2026;Perusahaan/Swasta;1
MHS00589;Non-Akademik;Olahraga;Tingkat Kampus;Peserta;2026;Perusahaan/Swasta;1
MHS00590;Non-Akademik;Seni & Budaya;Tingkat Nasional;Peserta;2023;Kemendikbudristek;1
MHS00591;Akademik;Sains & Teknologi;Tingkat Kampus;Finalis;2026;Perusahaan/Swasta;1
MHS00592;Akademik;Sains & Teknologi;Tingkat Internasional;Finalis;2026;Komunitas/Organisasi;1
MHS00593;Non-Akademik;Kewirausahaan;Tingkat Nasional;Juara 2;2022;Kemendikbudristek;2
MHS00593;Akademik;Sains & Teknologi;Tingkat Kampus;Finalis;2025;Komunitas/Organisasi;2
MHS00594;Akademik;Kewirausahaan;Tingkat Lokal/Wilayah;Finalis;2024;Pemerintah Daerah;1
MHS00597;Non-Akademik;Seni & Budaya;Tingkat Lokal/Wilayah;Finalis;2022;Kemendikbudristek;1
MHS00599;Non-Akademik;Kewirausahaan;Tingkat Nasional;Juara 3;2023;Perguruan Tinggi;5
MHS00599;Akademik;Sains & Teknologi;Tingkat Lokal/Wilayah;Peserta;2024;Pemerintah Daerah;5
MHS00599;Akademik;Olahraga;Tingkat Lokal/Wilayah;Juara 2;2024;Perusahaan/Swasta;5
MHS00599;Non-Akademik;Sosial & Kemasyarakatan;Tingkat Kampus;Juara 1;2026;Kemendikbudristek;5
MHS00599;Akademik;Debat & Karya Tulis;Tingkat Nasional;Juara 1;2026;Komunitas/Organisasi;5
MHS00600;Non-Akademik;Sosial & Kemasyarakatan;Tingkat Nasional;Juara 1;2026;Perguruan Tinggi;1
MHS00602;Non-Akademik;Kewirausahaan;Tingkat Lokal/Wilayah;Juara 2;2023;Kemendikbudristek;1
MHS00607;Akademik;Debat & Karya Tulis;Tingkat Lokal/Wilayah;Juara 3;2022;Komunitas/Organisasi;2
MHS00607;Akademik;Keagamaan;Tingkat Lokal/Wilayah;Peserta;2026;Kemendikbudristek;2
MHS00609;Akademik;Sains & Teknologi;Tingkat Lokal/Wilayah;Peserta;2023;Komunitas/Organisasi;3
MHS00609;Akademik;Debat & Karya Tulis;Tingkat Kampus;Juara 2;2025;Kemendikbudristek;3
MHS00609;Non-Akademik;Seni & Budaya;Tingkat Kampus;Peserta;2025;Perguruan Tinggi;3
MHS00611;Akademik;Sains & Teknologi;Tingkat Lokal/Wilayah;Juara 3;2021;Komunitas/Organisasi;8
MHS00611;Akademik;Debat & Karya Tulis;Tingkat Kampus;Juara 2;2022;Perusahaan/Swasta;8
MHS00611;Non-Akademik;Olahraga;Tingkat Kampus;Finalis;2024;Komunitas/Organisasi;8
MHS00611;Akademik;Keagamaan;Tingkat Nasional;Finalis;2024;Komunitas/Organisasi;8
MHS00611;Non-Akademik;Seni & Budaya;Tingkat Nasional;Juara 1;2025;Kemendikbudristek;8
MHS00611;Non-Akademik;Sosial & Kemasyarakatan;Tingkat Kampus;Finalis;2025;Pemerintah Daerah;8
MHS00611;Akademik;Debat & Karya Tulis;Tingkat Kampus;Juara 2;2025;Pemerintah Daerah;8
MHS00611;Akademik;Sains & Teknologi;Tingkat Kampus;Finalis;2025;Perusahaan/Swasta;8
MHS00612;Akademik;Keagamaan;Tingkat Kampus;Juara 2;2024;Pemerintah Daerah;1
MHS00614;Akademik;Sains & Teknologi;Tingkat Nasional;Juara 1;2025;Perguruan Tinggi;1
MHS00616;Non-Akademik;Seni & Budaya;Tingkat Nasional;Juara 2;2023;Pemerintah Daerah;4
MHS00616;Akademik;Sains & Teknologi;Tingkat Lokal/Wilayah;Peserta;2024;Kemendikbudristek;4
MHS00616;Non-Akademik;Keagamaan;Tingkat Kampus;Peserta;2025;Perusahaan/Swasta;4
MHS00616;Akademik;Debat & Karya Tulis;Tingkat Lokal/Wilayah;Peserta;2026;Kemendikbudristek;4
MHS00618;Akademik;Sosial & Kemasyarakatan;Tingkat Kampus;Peserta;2021;Perguruan Tinggi;2
MHS00618;Non-Akademik;Seni & Budaya;Tingkat Lokal/Wilayah;Juara 2;2023;Perusahaan/Swasta;2
MHS00619;Akademik;Seni & Budaya;Tingkat Kampus;Juara 3;2024;Kemendikbudristek;1
MHS00625;Non-Akademik;Seni & Budaya;Tingkat Kampus;Finalis;2022;Pemerintah Daerah;3
MHS00625;Akademik;Debat & Karya Tulis;Tingkat Kampus;Peserta;2022;Perguruan Tinggi;3
MHS00625;Non-Akademik;Sosial & Kemasyarakatan;Tingkat Lokal/Wilayah;Peserta;2025;Pemerintah Daerah;3
MHS00627;Akademik;Kewirausahaan;Tingkat Nasional;Finalis;2025;Perusahaan/Swasta;2
MHS00627;Non-Akademik;Kewirausahaan;Tingkat Kampus;Finalis;2026;Perguruan Tinggi;2
MHS00628;Akademik;Keagamaan;Tingkat Internasional;Peserta;2026;Komunitas/Organisasi;2
MHS00628;Akademik;Sains & Teknologi;Tingkat Lokal/Wilayah;Juara 3;2026;Kemendikbudristek;2
MHS00629;Akademik;Keagamaan;Tingkat Nasional;Peserta;2025;Pemerintah Daerah;4
MHS00629;Akademik;Sains & Teknologi;Tingkat Internasional;Juara 1;2025;Komunitas/Organisasi;4
MHS00629;Non-Akademik;Seni & Budaya;Tingkat Internasional;Peserta;2025;Perusahaan/Swasta;4
MHS00629;Non-Akademik;Kewirausahaan;Tingkat Kampus;Juara 3;2025;Perusahaan/Swasta;4
MHS00631;Akademik;Sains & Teknologi;Tingkat Lokal/Wilayah;Juara 1;2025;Pemerintah Daerah;1
MHS00634;Non-Akademik;Kewirausahaan;Tingkat Nasional;Peserta;2026;Kemendikbudristek;1
MHS00636;Akademik;Seni & Budaya;Tingkat Nasional;Juara 1;2025;Kemendikbudristek;7
MHS00636;Non-Akademik;Kewirausahaan;Tingkat Nasional;Peserta;2025;Perguruan Tinggi;7
MHS00636;Non-Akademik;Kewirausahaan;Tingkat Nasional;Juara 3;2025;Perguruan Tinggi;7
MHS00636;Akademik;Sains & Teknologi;Tingkat Nasional;Peserta;2025;Pemerintah Daerah;7
MHS00636;Akademik;Sains & Teknologi;Tingkat Nasional;Juara 3;2026;Komunitas/Organisasi;7
MHS00636;Akademik;Sains & Teknologi;Tingkat Internasional;Juara 3;2026;Perusahaan/Swasta;7
MHS00636;Akademik;Debat & Karya Tulis;Tingkat Lokal/Wilayah;Peserta;2026;Kemendikbudristek;7
MHS00637;Akademik;Debat & Karya Tulis;Tingkat Lokal/Wilayah;Juara 3;2024;Perusahaan/Swasta;6
MHS00637;Non-Akademik;Keagamaan;Tingkat Lokal/Wilayah;Finalis;2024;Perguruan Tinggi;6
MHS00637;Akademik;Sains & Teknologi;Tingkat Kampus;Juara 2;2025;Perguruan Tinggi;6
MHS00637;Akademik;Sains & Teknologi;Tingkat Nasional;Juara 2;2025;Komunitas/Organisasi;6
MHS00637;Non-Akademik;Olahraga;Tingkat Internasional;Juara 3;2026;Perguruan Tinggi;6
MHS00637;Non-Akademik;Olahraga;Tingkat Nasional;Juara 2;2026;Komunitas/Organisasi;6
MHS00638;Non-Akademik;Olahraga;Tingkat Nasional;Peserta;2023;Pemerintah Daerah;5
MHS00638;Akademik;Debat & Karya Tulis;Tingkat Kampus;Peserta;2023;Perusahaan/Swasta;5
MHS00638;Non-Akademik;Keagamaan;Tingkat Nasional;Peserta;2024;Pemerintah Daerah;5
MHS00638;Non-Akademik;Sosial & Kemasyarakatan;Tingkat Lokal/Wilayah;Peserta;2025;Komunitas/Organisasi;5
MHS00638;Non-Akademik;Keagamaan;Tingkat Kampus;Peserta;2025;Perguruan Tinggi;5
MHS00642;Akademik;Kewirausahaan;Tingkat Lokal/Wilayah;Peserta;2023;Komunitas/Organisasi;1
MHS00643;Non-Akademik;Seni & Budaya;Tingkat Kampus;Finalis;2025;Komunitas/Organisasi;1
MHS00644;Non-Akademik;Sosial & Kemasyarakatan;Tingkat Nasional;Peserta;2024;Kemendikbudristek;2
MHS00644;Non-Akademik;Sosial & Kemasyarakatan;Tingkat Nasional;Peserta;2024;Kemendikbudristek;2
MHS00645;Non-Akademik;Sosial & Kemasyarakatan;Tingkat Lokal/Wilayah;Juara 1;2024;Komunitas/Organisasi;1
MHS00647;Non-Akademik;Kewirausahaan;Tingkat Lokal/Wilayah;Peserta;2026;Komunitas/Organisasi;1
MHS00649;Non-Akademik;Seni & Budaya;Tingkat Nasional;Peserta;2023;Perguruan Tinggi;8
MHS00649;Akademik;Sains & Teknologi;Tingkat Nasional;Peserta;2023;Pemerintah Daerah;8
MHS00649;Non-Akademik;Kewirausahaan;Tingkat Internasional;Juara 1;2023;Komunitas/Organisasi;8
MHS00649;Akademik;Seni & Budaya;Tingkat Kampus;Juara 2;2023;Pemerintah Daerah;8
MHS00649;Non-Akademik;Seni & Budaya;Tingkat Nasional;Juara 2;2024;Pemerintah Daerah;8
MHS00649;Akademik;Sosial & Kemasyarakatan;Tingkat Kampus;Finalis;2025;Kemendikbudristek;8
MHS00649;Non-Akademik;Olahraga;Tingkat Nasional;Finalis;2026;Perusahaan/Swasta;8
MHS00649;Non-Akademik;Keagamaan;Tingkat Lokal/Wilayah;Peserta;2026;Perusahaan/Swasta;8
MHS00651;Non-Akademik;Seni & Budaya;Tingkat Kampus;Juara 3;2023;Perguruan Tinggi;1
MHS00652;Non-Akademik;Sosial & Kemasyarakatan;Tingkat Nasional;Finalis;2025;Perusahaan/Swasta;2
MHS00652;Non-Akademik;Kewirausahaan;Tingkat Kampus;Juara 1;2025;Pemerintah Daerah;2
MHS00654;Non-Akademik;Seni & Budaya;Tingkat Lokal/Wilayah;Juara 3;2025;Kemendikbudristek;2
MHS00654;Akademik;Sains & Teknologi;Tingkat Lokal/Wilayah;Finalis;2026;Pemerintah Daerah;2
MHS00657;Non-Akademik;Seni & Budaya;Tingkat Kampus;Juara 2;2025;Perusahaan/Swasta;2
MHS00657;Non-Akademik;Sosial & Kemasyarakatan;Tingkat Kampus;Finalis;2025;Perguruan Tinggi;2
MHS00659;Non-Akademik;Sosial & Kemasyarakatan;Tingkat Lokal/Wilayah;Peserta;2024;Perusahaan/Swasta;4
MHS00659;Non-Akademik;Olahraga;Tingkat Lokal/Wilayah;Finalis;2024;Kemendikbudristek;4
MHS00659;Non-Akademik;Olahraga;Tingkat Lokal/Wilayah;Peserta;2025;Perusahaan/Swasta;4
MHS00659;Akademik;Debat & Karya Tulis;Tingkat Internasional;Juara 3;2026;Komunitas/Organisasi;4
MHS00660;Akademik;Debat & Karya Tulis;Tingkat Lokal/Wilayah;Juara 1;2023;Komunitas/Organisasi;1
MHS00662;Akademik;Debat & Karya Tulis;Tingkat Kampus;Finalis;2025;Perguruan Tinggi;1
MHS00663;Akademik;Keagamaan;Tingkat Kampus;Juara 3;2019;Kemendikbudristek;5
MHS00663;Non-Akademik;Sosial & Kemasyarakatan;Tingkat Kampus;Juara 1;2020;Perguruan Tinggi;5
MHS00663;Akademik;Sains & Teknologi;Tingkat Lokal/Wilayah;Finalis;2021;Perusahaan/Swasta;5
MHS00663;Akademik;Sains & Teknologi;Tingkat Lokal/Wilayah;Juara 1;2022;Komunitas/Organisasi;5
MHS00663;Akademik;Sosial & Kemasyarakatan;Tingkat Kampus;Finalis;2022;Pemerintah Daerah;5
MHS00664;Non-Akademik;Keagamaan;Tingkat Lokal/Wilayah;Juara 2;2025;Kemendikbudristek;2
MHS00664;Akademik;Sains & Teknologi;Tingkat Lokal/Wilayah;Peserta;2026;Kemendikbudristek;2
MHS00665;Akademik;Debat & Karya Tulis;Tingkat Internasional;Juara 1;2024;Perusahaan/Swasta;1
MHS00666;Akademik;Debat & Karya Tulis;Tingkat Nasional;Peserta;2024;Pemerintah Daerah;1
MHS00667;Akademik;Keagamaan;Tingkat Lokal/Wilayah;Peserta;2024;Perguruan Tinggi;1
MHS00669;Akademik;Debat & Karya Tulis;Tingkat Kampus;Peserta;2024;Perusahaan/Swasta;1
MHS00671;Non-Akademik;Keagamaan;Tingkat Kampus;Finalis;2025;Pemerintah Daerah;1
MHS00672;Akademik;Sains & Teknologi;Tingkat Kampus;Finalis;2024;Perguruan Tinggi;2
MHS00672;Akademik;Kewirausahaan;Tingkat Lokal/Wilayah;Finalis;2025;Kemendikbudristek;2
MHS00673;Akademik;Sains & Teknologi;Tingkat Kampus;Juara 3;2021;Kemendikbudristek;4
MHS00673;Akademik;Debat & Karya Tulis;Tingkat Lokal/Wilayah;Juara 2;2022;Perguruan Tinggi;4
MHS00673;Akademik;Seni & Budaya;Tingkat Lokal/Wilayah;Juara 1;2022;Kemendikbudristek;4
MHS00673;Non-Akademik;Seni & Budaya;Tingkat Kampus;Juara 2;2023;Perguruan Tinggi;4
MHS00675;Non-Akademik;Sosial & Kemasyarakatan;Tingkat Nasional;Finalis;2019;Kemendikbudristek;1
MHS00678;Akademik;Debat & Karya Tulis;Tingkat Kampus;Juara 3;2024;Komunitas/Organisasi;3
MHS00678;Akademik;Debat & Karya Tulis;Tingkat Lokal/Wilayah;Peserta;2026;Pemerintah Daerah;3
MHS00678;Non-Akademik;Seni & Budaya;Tingkat Lokal/Wilayah;Juara 1;2026;Perusahaan/Swasta;3
MHS00681;Non-Akademik;Seni & Budaya;Tingkat Kampus;Juara 3;2025;Komunitas/Organisasi;1
MHS00684;Akademik;Sains & Teknologi;Tingkat Internasional;Finalis;2022;Kemendikbudristek;4
MHS00684;Akademik;Sains & Teknologi;Tingkat Kampus;Peserta;2023;Komunitas/Organisasi;4
MHS00684;Akademik;Olahraga;Tingkat Lokal/Wilayah;Juara 1;2025;Kemendikbudristek;4
MHS00684;Akademik;Sains & Teknologi;Tingkat Lokal/Wilayah;Peserta;2026;Kemendikbudristek;4
MHS00685;Non-Akademik;Seni & Budaya;Tingkat Nasional;Peserta;2025;Kemendikbudristek;3
MHS00685;Non-Akademik;Kewirausahaan;Tingkat Kampus;Juara 2;2025;Perusahaan/Swasta;3
MHS00685;Akademik;Sains & Teknologi;Tingkat Lokal/Wilayah;Juara 2;2025;Perusahaan/Swasta;3
MHS00686;Non-Akademik;Olahraga;Tingkat Lokal/Wilayah;Finalis;2024;Pemerintah Daerah;2
MHS00686;Non-Akademik;Olahraga;Tingkat Kampus;Juara 1;2026;Komunitas/Organisasi;2
MHS00687;Non-Akademik;Seni & Budaya;Tingkat Nasional;Juara 2;2024;Komunitas/Organisasi;7
MHS00687;Akademik;Debat & Karya Tulis;Tingkat Kampus;Juara 3;2024;Perguruan Tinggi;7
MHS00687;Non-Akademik;Seni & Budaya;Tingkat Nasional;Juara 3;2025;Perguruan Tinggi;7
MHS00687;Non-Akademik;Sosial & Kemasyarakatan;Tingkat Kampus;Peserta;2025;Perusahaan/Swasta;7
MHS00687;Akademik;Debat & Karya Tulis;Tingkat Kampus;Finalis;2026;Perguruan Tinggi;7
MHS00687;Akademik;Sains & Teknologi;Tingkat Nasional;Finalis;2026;Perguruan Tinggi;7
MHS00687;Non-Akademik;Seni & Budaya;Tingkat Nasional;Juara 2;2026;Pemerintah Daerah;7
MHS00688;Akademik;Debat & Karya Tulis;Tingkat Lokal/Wilayah;Finalis;2020;Kemendikbudristek;4
MHS00688;Non-Akademik;Kewirausahaan;Tingkat Nasional;Juara 1;2023;Perguruan Tinggi;4
MHS00688;Akademik;Debat & Karya Tulis;Tingkat Nasional;Juara 2;2023;Komunitas/Organisasi;4
MHS00688;Akademik;Sains & Teknologi;Tingkat Lokal/Wilayah;Finalis;2024;Perusahaan/Swasta;4
MHS00691;Akademik;Sains & Teknologi;Tingkat Lokal/Wilayah;Juara 3;2024;Kemendikbudristek;1
MHS00692;Non-Akademik;Sosial & Kemasyarakatan;Tingkat Kampus;Finalis;2024;Perusahaan/Swasta;3
MHS00692;Non-Akademik;Keagamaan;Tingkat Lokal/Wilayah;Peserta;2025;Kemendikbudristek;3
MHS00692;Non-Akademik;Keagamaan;Tingkat Nasional;Juara 3;2026;Kemendikbudristek;3
MHS00694;Akademik;Debat & Karya Tulis;Tingkat Lokal/Wilayah;Peserta;2025;Perusahaan/Swasta;1
MHS00695;Non-Akademik;Sosial & Kemasyarakatan;Tingkat Nasional;Juara 1;2024;Perguruan Tinggi;4
MHS00695;Akademik;Seni & Budaya;Tingkat Lokal/Wilayah;Juara 1;2025;Kemendikbudristek;4
MHS00695;Non-Akademik;Olahraga;Tingkat Kampus;Juara 3;2025;Pemerintah Daerah;4
MHS00695;Non-Akademik;Olahraga;Tingkat Kampus;Peserta;2025;Kemendikbudristek;4
MHS00697;Akademik;Sains & Teknologi;Tingkat Lokal/Wilayah;Juara 2;2025;Pemerintah Daerah;2
MHS00697;Non-Akademik;Sosial & Kemasyarakatan;Tingkat Nasional;Juara 3;2026;Kemendikbudristek;2
MHS00698;Akademik;Sains & Teknologi;Tingkat Nasional;Juara 2;2022;Perguruan Tinggi;1
MHS00699;Akademik;Sains & Teknologi;Tingkat Kampus;Juara 3;2024;Kemendikbudristek;1
MHS00701;Non-Akademik;Kewirausahaan;Tingkat Kampus;Finalis;2025;Perusahaan/Swasta;1
MHS00702;Akademik;Sains & Teknologi;Tingkat Kampus;Juara 1;2024;Perguruan Tinggi;1
MHS00703;Non-Akademik;Olahraga;Tingkat Kampus;Finalis;2022;Perusahaan/Swasta;2
MHS00703;Akademik;Debat & Karya Tulis;Tingkat Kampus;Juara 3;2023;Perusahaan/Swasta;2
MHS00705;Non-Akademik;Sosial & Kemasyarakatan;Tingkat Lokal/Wilayah;Finalis;2023;Kemendikbudristek;1
MHS00706;Non-Akademik;Olahraga;Tingkat Lokal/Wilayah;Peserta;2025;Kemendikbudristek;2
MHS00706;Akademik;Debat & Karya Tulis;Tingkat Lokal/Wilayah;Finalis;2025;Pemerintah Daerah;2
MHS00709;Akademik;Olahraga;Tingkat Lokal/Wilayah;Finalis;2024;Kemendikbudristek;2
MHS00709;Akademik;Sains & Teknologi;Tingkat Lokal/Wilayah;Peserta;2026;Perusahaan/Swasta;2
MHS00711;Akademik;Debat & Karya Tulis;Tingkat Nasional;Finalis;2024;Perusahaan/Swasta;3
MHS00711;Akademik;Sains & Teknologi;Tingkat Nasional;Juara 2;2024;Kemendikbudristek;3
MHS00711;Non-Akademik;Kewirausahaan;Tingkat Kampus;Finalis;2025;Komunitas/Organisasi;3
MHS00713;Non-Akademik;Sosial & Kemasyarakatan;Tingkat Nasional;Finalis;2023;Perguruan Tinggi;8
MHS00713;Akademik;Sains & Teknologi;Tingkat Kampus;Juara 1;2023;Pemerintah Daerah;8
MHS00713;Non-Akademik;Kewirausahaan;Tingkat Nasional;Juara 1;2023;Perusahaan/Swasta;8
MHS00713;Akademik;Sains & Teknologi;Tingkat Internasional;Juara 3;2024;Perusahaan/Swasta;8
MHS00713;Akademik;Sains & Teknologi;Tingkat Nasional;Juara 1;2024;Perusahaan/Swasta;8
MHS00713;Non-Akademik;Olahraga;Tingkat Nasional;Juara 3;2025;Kemendikbudristek;8
MHS00713;Non-Akademik;Seni & Budaya;Tingkat Nasional;Juara 2;2025;Perguruan Tinggi;8
MHS00713;Akademik;Debat & Karya Tulis;Tingkat Nasional;Peserta;2026;Pemerintah Daerah;8
MHS00718;Non-Akademik;Kewirausahaan;Tingkat Kampus;Peserta;2024;Pemerintah Daerah;4
MHS00718;Akademik;Sains & Teknologi;Tingkat Kampus;Juara 3;2025;Perusahaan/Swasta;4
MHS00718;Non-Akademik;Kewirausahaan;Tingkat Nasional;Juara 3;2026;Perguruan Tinggi;4
MHS00718;Non-Akademik;Kewirausahaan;Tingkat Lokal/Wilayah;Finalis;2026;Komunitas/Organisasi;4
MHS00719;Akademik;Sains & Teknologi;Tingkat Kampus;Peserta;2025;Pemerintah Daerah;2
MHS00719;Non-Akademik;Olahraga;Tingkat Lokal/Wilayah;Juara 2;2026;Komunitas/Organisasi;2
MHS00721;Akademik;Sains & Teknologi;Tingkat Lokal/Wilayah;Juara 3;2019;Perusahaan/Swasta;1
MHS00722;Akademik;Olahraga;Tingkat Nasional;Finalis;2025;Komunitas/Organisasi;1
MHS00723;Non-Akademik;Sosial & Kemasyarakatan;Tingkat Nasional;Peserta;2025;Perusahaan/Swasta;2
MHS00723;Non-Akademik;Olahraga;Tingkat Nasional;Juara 1;2026;Komunitas/Organisasi;2
MHS00724;Non-Akademik;Seni & Budaya;Tingkat Nasional;Juara 2;2024;Pemerintah Daerah;4
MHS00724;Non-Akademik;Olahraga;Tingkat Lokal/Wilayah;Juara 2;2024;Perusahaan/Swasta;4
MHS00724;Akademik;Sosial & Kemasyarakatan;Tingkat Kampus;Finalis;2024;Perguruan Tinggi;4
MHS00724;Akademik;Debat & Karya Tulis;Tingkat Kampus;Juara 3;2025;Perguruan Tinggi;4
MHS00725;Non-Akademik;Kewirausahaan;Tingkat Kampus;Peserta;2024;Perusahaan/Swasta;5
MHS00725;Non-Akademik;Sosial & Kemasyarakatan;Tingkat Lokal/Wilayah;Peserta;2025;Kemendikbudristek;5
MHS00725;Non-Akademik;Sosial & Kemasyarakatan;Tingkat Kampus;Juara 2;2025;Pemerintah Daerah;5
MHS00725;Non-Akademik;Keagamaan;Tingkat Lokal/Wilayah;Juara 2;2026;Pemerintah Daerah;5
MHS00725;Akademik;Sains & Teknologi;Tingkat Kampus;Peserta;2026;Perguruan Tinggi;5
MHS00726;Akademik;Sains & Teknologi;Tingkat Nasional;Peserta;2025;Kemendikbudristek;1
MHS00727;Non-Akademik;Seni & Budaya;Tingkat Internasional;Juara 3;2024;Kemendikbudristek;5
MHS00727;Non-Akademik;Seni & Budaya;Tingkat Lokal/Wilayah;Juara 3;2024;Pemerintah Daerah;5
MHS00727;Non-Akademik;Seni & Budaya;Tingkat Lokal/Wilayah;Juara 3;2025;Perusahaan/Swasta;5
MHS00727;Akademik;Sains & Teknologi;Tingkat Kampus;Finalis;2025;Perguruan Tinggi;5
MHS00727;Akademik;Kewirausahaan;Tingkat Nasional;Juara 3;2026;Perguruan Tinggi;5
MHS00728;Akademik;Debat & Karya Tulis;Tingkat Lokal/Wilayah;Finalis;2025;Perusahaan/Swasta;1
MHS00729;Non-Akademik;Olahraga;Tingkat Lokal/Wilayah;Juara 1;2023;Perguruan Tinggi;1
MHS00735;Akademik;Debat & Karya Tulis;Tingkat Kampus;Peserta;2026;Kemendikbudristek;1
MHS00738;Akademik;Debat & Karya Tulis;Tingkat Kampus;Juara 2;2024;Komunitas/Organisasi;1
MHS00739;Akademik;Sains & Teknologi;Tingkat Kampus;Juara 2;2025;Pemerintah Daerah;1
MHS00740;Non-Akademik;Seni & Budaya;Tingkat Kampus;Juara 2;2024;Perusahaan/Swasta;2
MHS00740;Akademik;Debat & Karya Tulis;Tingkat Lokal/Wilayah;Juara 3;2026;Kemendikbudristek;2
MHS00741;Non-Akademik;Seni & Budaya;Tingkat Lokal/Wilayah;Finalis;2026;Perguruan Tinggi;1
MHS00743;Non-Akademik;Seni & Budaya;Tingkat Kampus;Peserta;2022;Komunitas/Organisasi;2
MHS00743;Akademik;Sains & Teknologi;Tingkat Kampus;Juara 3;2026;Perusahaan/Swasta;2
MHS00745;Akademik;Debat & Karya Tulis;Tingkat Kampus;Juara 3;2022;Pemerintah Daerah;1
MHS00747;Akademik;Sains & Teknologi;Tingkat Kampus;Finalis;2022;Perguruan Tinggi;1
MHS00748;Akademik;Sains & Teknologi;Tingkat Kampus;Juara 3;2023;Perusahaan/Swasta;4
MHS00748;Non-Akademik;Kewirausahaan;Tingkat Lokal/Wilayah;Peserta;2024;Kemendikbudristek;4
MHS00748;Akademik;Seni & Budaya;Tingkat Internasional;Juara 3;2024;Kemendikbudristek;4
MHS00748;Akademik;Olahraga;Tingkat Nasional;Finalis;2024;Komunitas/Organisasi;4
MHS00749;Non-Akademik;Kewirausahaan;Tingkat Internasional;Juara 2;2025;Perguruan Tinggi;1
MHS00751;Akademik;Keagamaan;Tingkat Lokal/Wilayah;Finalis;2025;Perguruan Tinggi;1
MHS00754;Akademik;Sains & Teknologi;Tingkat Kampus;Juara 3;2023;Pemerintah Daerah;2
MHS00754;Non-Akademik;Sosial & Kemasyarakatan;Tingkat Kampus;Finalis;2025;Perusahaan/Swasta;2
MHS00755;Non-Akademik;Sosial & Kemasyarakatan;Tingkat Lokal/Wilayah;Finalis;2021;Kemendikbudristek;1
MHS00756;Non-Akademik;Sosial & Kemasyarakatan;Tingkat Nasional;Finalis;2024;Kemendikbudristek;1
MHS00757;Akademik;Sains & Teknologi;Tingkat Lokal/Wilayah;Finalis;2025;Komunitas/Organisasi;1
MHS00759;Akademik;Seni & Budaya;Tingkat Kampus;Juara 3;2026;Perguruan Tinggi;1
MHS00760;Akademik;Sains & Teknologi;Tingkat Lokal/Wilayah;Finalis;2026;Pemerintah Daerah;1
MHS00761;Non-Akademik;Olahraga;Tingkat Kampus;Peserta;2026;Pemerintah Daerah;2
MHS00761;Akademik;Sains & Teknologi;Tingkat Lokal/Wilayah;Peserta;2026;Perguruan Tinggi;2
MHS00764;Non-Akademik;Olahraga;Tingkat Nasional;Peserta;2022;Kemendikbudristek;2
MHS00764;Akademik;Debat & Karya Tulis;Tingkat Kampus;Finalis;2024;Kemendikbudristek;2
MHS00765;Akademik;Debat & Karya Tulis;Tingkat Nasional;Juara 2;2023;Perusahaan/Swasta;2
MHS00765;Non-Akademik;Sosial & Kemasyarakatan;Tingkat Kampus;Juara 2;2025;Komunitas/Organisasi;2
MHS00766;Non-Akademik;Keagamaan;Tingkat Lokal/Wilayah;Juara 2;2025;Komunitas/Organisasi;1
MHS00767;Akademik;Sains & Teknologi;Tingkat Kampus;Juara 1;2025;Perusahaan/Swasta;1
MHS00768;Akademik;Debat & Karya Tulis;Tingkat Kampus;Juara 1;2024;Perguruan Tinggi;1
MHS00770;Akademik;Debat & Karya Tulis;Tingkat Lokal/Wilayah;Juara 1;2024;Pemerintah Daerah;4
MHS00770;Akademik;Sains & Teknologi;Tingkat Lokal/Wilayah;Juara 1;2024;Perusahaan/Swasta;4
MHS00770;Akademik;Sains & Teknologi;Tingkat Lokal/Wilayah;Peserta;2025;Pemerintah Daerah;4
MHS00770;Non-Akademik;Olahraga;Tingkat Nasional;Finalis;2026;Perguruan Tinggi;4
MHS00771;Non-Akademik;Kewirausahaan;Tingkat Nasional;Peserta;2025;Pemerintah Daerah;1
MHS00773;Akademik;Debat & Karya Tulis;Tingkat Kampus;Juara 3;2024;Komunitas/Organisasi;5
MHS00773;Non-Akademik;Seni & Budaya;Tingkat Lokal/Wilayah;Juara 3;2024;Pemerintah Daerah;5
MHS00773;Akademik;Kewirausahaan;Tingkat Kampus;Juara 1;2025;Perusahaan/Swasta;5
MHS00773;Non-Akademik;Sosial & Kemasyarakatan;Tingkat Lokal/Wilayah;Juara 2;2025;Perguruan Tinggi;5
MHS00773;Non-Akademik;Olahraga;Tingkat Lokal/Wilayah;Juara 2;2026;Pemerintah Daerah;5
MHS00778;Akademik;Sains & Teknologi;Tingkat Nasional;Finalis;2026;Perusahaan/Swasta;1
MHS00780;Akademik;Keagamaan;Tingkat Lokal/Wilayah;Finalis;2025;Perguruan Tinggi;3
MHS00780;Non-Akademik;Keagamaan;Tingkat Internasional;Juara 2;2025;Pemerintah Daerah;3
MHS00780;Akademik;Sains & Teknologi;Tingkat Kampus;Juara 2;2026;Perusahaan/Swasta;3
MHS00781;Non-Akademik;Olahraga;Tingkat Kampus;Finalis;2025;Perguruan Tinggi;2
MHS00781;Akademik;Sains & Teknologi;Tingkat Kampus;Juara 3;2025;Pemerintah Daerah;2
MHS00782;Non-Akademik;Olahraga;Tingkat Lokal/Wilayah;Juara 1;2025;Kemendikbudristek;1
MHS00785;Akademik;Debat & Karya Tulis;Tingkat Lokal/Wilayah;Peserta;2024;Pemerintah Daerah;1
MHS00786;Akademik;Debat & Karya Tulis;Tingkat Nasional;Juara 1;2023;Komunitas/Organisasi;8
MHS00786;Non-Akademik;Sosial & Kemasyarakatan;Tingkat Nasional;Juara 3;2024;Perguruan Tinggi;8
MHS00786;Akademik;Sains & Teknologi;Tingkat Nasional;Juara 1;2024;Pemerintah Daerah;8
MHS00786;Akademik;Sosial & Kemasyarakatan;Tingkat Lokal/Wilayah;Peserta;2024;Kemendikbudristek;8
MHS00786;Non-Akademik;Keagamaan;Tingkat Nasional;Peserta;2025;Perguruan Tinggi;8
MHS00786;Akademik;Sains & Teknologi;Tingkat Lokal/Wilayah;Juara 3;2025;Perusahaan/Swasta;8
MHS00786;Akademik;Debat & Karya Tulis;Tingkat Lokal/Wilayah;Juara 1;2025;Pemerintah Daerah;8
MHS00786;Non-Akademik;Olahraga;Tingkat Nasional;Juara 2;2026;Kemendikbudristek;8
MHS00790;Akademik;Olahraga;Tingkat Kampus;Peserta;2020;Perusahaan/Swasta;1
MHS00791;Akademik;Keagamaan;Tingkat Lokal/Wilayah;Juara 3;2024;Kemendikbudristek;2
MHS00791;Non-Akademik;Sosial & Kemasyarakatan;Tingkat Kampus;Finalis;2024;Perusahaan/Swasta;2
MHS00792;Akademik;Sains & Teknologi;Tingkat Nasional;Juara 2;2025;Perusahaan/Swasta;2
MHS00792;Non-Akademik;Olahraga;Tingkat Lokal/Wilayah;Peserta;2026;Pemerintah Daerah;2
MHS00793;Akademik;Debat & Karya Tulis;Tingkat Lokal/Wilayah;Juara 3;2026;Perusahaan/Swasta;2
MHS00793;Akademik;Olahraga;Tingkat Lokal/Wilayah;Juara 1;2026;Perusahaan/Swasta;2
MHS00795;Akademik;Sosial & Kemasyarakatan;Tingkat Lokal/Wilayah;Finalis;2026;Komunitas/Organisasi;1
MHS00796;Non-Akademik;Sosial & Kemasyarakatan;Tingkat Nasional;Peserta;2026;Perusahaan/Swasta;1
MHS00797;Non-Akademik;Sosial & Kemasyarakatan;Tingkat Kampus;Peserta;2026;Komunitas/Organisasi;2
MHS00797;Non-Akademik;Kewirausahaan;Tingkat Lokal/Wilayah;Finalis;2026;Kemendikbudristek;2
MHS00798;Non-Akademik;Sosial & Kemasyarakatan;Tingkat Kampus;Peserta;2023;Kemendikbudristek;1
MHS00800;Akademik;Sains & Teknologi;Tingkat Internasional;Peserta;2023;Komunitas/Organisasi;2
MHS00800;Akademik;Debat & Karya Tulis;Tingkat Nasional;Peserta;2025;Perusahaan/Swasta;2
MHS00801;Non-Akademik;Seni & Budaya;Tingkat Lokal/Wilayah;Finalis;2024;Komunitas/Organisasi;2
MHS00801;Non-Akademik;Olahraga;Tingkat Nasional;Juara 2;2025;Komunitas/Organisasi;2
MHS00802;Akademik;Sains & Teknologi;Tingkat Nasional;Juara 1;2026;Perguruan Tinggi;3
MHS00802;Non-Akademik;Keagamaan;Tingkat Nasional;Juara 2;2026;Komunitas/Organisasi;3
MHS00802;Akademik;Sains & Teknologi;Tingkat Lokal/Wilayah;Finalis;2026;Kemendikbudristek;3
MHS00803;Non-Akademik;Kewirausahaan;Tingkat Kampus;Juara 2;2025;Perusahaan/Swasta;2
MHS00803;Akademik;Debat & Karya Tulis;Tingkat Kampus;Juara 1;2026;Komunitas/Organisasi;2
MHS00804;Non-Akademik;Sosial & Kemasyarakatan;Tingkat Kampus;Peserta;2023;Perguruan Tinggi;2
MHS00804;Akademik;Sains & Teknologi;Tingkat Kampus;Juara 3;2026;Perguruan Tinggi;2
MHS00805;Akademik;Debat & Karya Tulis;Tingkat Kampus;Peserta;2023;Perguruan Tinggi;2
MHS00805;Non-Akademik;Kewirausahaan;Tingkat Kampus;Finalis;2026;Perguruan Tinggi;2
MHS00807;Non-Akademik;Keagamaan;Tingkat Nasional;Juara 2;2024;Perguruan Tinggi;2
MHS00807;Akademik;Seni & Budaya;Tingkat Kampus;Peserta;2026;Perguruan Tinggi;2
MHS00808;Akademik;Debat & Karya Tulis;Tingkat Kampus;Juara 2;2021;Perguruan Tinggi;2
MHS00808;Akademik;Keagamaan;Tingkat Kampus;Finalis;2023;Perguruan Tinggi;2
MHS00811;Non-Akademik;Kewirausahaan;Tingkat Kampus;Peserta;2020;Pemerintah Daerah;1
MHS00817;Akademik;Sains & Teknologi;Tingkat Lokal/Wilayah;Finalis;2022;Pemerintah Daerah;7
MHS00817;Akademik;Debat & Karya Tulis;Tingkat Kampus;Juara 1;2023;Pemerintah Daerah;7
MHS00817;Non-Akademik;Seni & Budaya;Tingkat Lokal/Wilayah;Finalis;2023;Kemendikbudristek;7
MHS00817;Non-Akademik;Sosial & Kemasyarakatan;Tingkat Lokal/Wilayah;Juara 2;2025;Kemendikbudristek;7
MHS00817;Non-Akademik;Kewirausahaan;Tingkat Nasional;Juara 3;2025;Kemendikbudristek;7
MHS00817;Non-Akademik;Seni & Budaya;Tingkat Kampus;Juara 3;2025;Pemerintah Daerah;7
MHS00817;Akademik;Sains & Teknologi;Tingkat Nasional;Juara 3;2025;Komunitas/Organisasi;7
MHS00818;Non-Akademik;Kewirausahaan;Tingkat Kampus;Juara 1;2022;Kemendikbudristek;4
MHS00818;Non-Akademik;Kewirausahaan;Tingkat Lokal/Wilayah;Juara 1;2024;Pemerintah Daerah;4
MHS00818;Akademik;Sains & Teknologi;Tingkat Lokal/Wilayah;Peserta;2024;Perguruan Tinggi;4
MHS00818;Non-Akademik;Keagamaan;Tingkat Nasional;Juara 3;2024;Pemerintah Daerah;4
MHS00819;Akademik;Seni & Budaya;Tingkat Lokal/Wilayah;Peserta;2023;Kemendikbudristek;1
MHS00822;Akademik;Debat & Karya Tulis;Tingkat Lokal/Wilayah;Juara 2;2024;Pemerintah Daerah;2
MHS00822;Non-Akademik;Seni & Budaya;Tingkat Nasional;Finalis;2025;Kemendikbudristek;2
MHS00827;Non-Akademik;Olahraga;Tingkat Nasional;Juara 3;2025;Komunitas/Organisasi;1
MHS00829;Akademik;Sains & Teknologi;Tingkat Kampus;Juara 3;2026;Perusahaan/Swasta;1
MHS00830;Akademik;Debat & Karya Tulis;Tingkat Lokal/Wilayah;Peserta;2023;Perusahaan/Swasta;3
MHS00830;Non-Akademik;Seni & Budaya;Tingkat Kampus;Peserta;2025;Perguruan Tinggi;3
MHS00830;Akademik;Debat & Karya Tulis;Tingkat Lokal/Wilayah;Juara 1;2025;Pemerintah Daerah;3
MHS00831;Akademik;Debat & Karya Tulis;Tingkat Lokal/Wilayah;Finalis;2022;Pemerintah Daerah;3
MHS00831;Akademik;Sains & Teknologi;Tingkat Kampus;Juara 2;2022;Kemendikbudristek;3
MHS00831;Akademik;Debat & Karya Tulis;Tingkat Kampus;Finalis;2024;Pemerintah Daerah;3
MHS00832;Akademik;Sains & Teknologi;Tingkat Kampus;Peserta;2022;Perguruan Tinggi;8
MHS00832;Akademik;Sains & Teknologi;Tingkat Kampus;Juara 3;2022;Komunitas/Organisasi;8
MHS00832;Akademik;Sains & Teknologi;Tingkat Kampus;Juara 1;2022;Perguruan Tinggi;8
MHS00832;Non-Akademik;Seni & Budaya;Tingkat Nasional;Juara 3;2023;Komunitas/Organisasi;8
MHS00832;Non-Akademik;Olahraga;Tingkat Nasional;Finalis;2023;Pemerintah Daerah;8
MHS00832;Non-Akademik;Seni & Budaya;Tingkat Internasional;Juara 3;2024;Perguruan Tinggi;8
MHS00832;Akademik;Sosial & Kemasyarakatan;Tingkat Nasional;Peserta;2024;Komunitas/Organisasi;8
MHS00832;Akademik;Sains & Teknologi;Tingkat Lokal/Wilayah;Finalis;2025;Komunitas/Organisasi;8
MHS00834;Non-Akademik;Seni & Budaya;Tingkat Nasional;Juara 1;2026;Pemerintah Daerah;2
MHS00834;Non-Akademik;Kewirausahaan;Tingkat Kampus;Juara 1;2026;Pemerintah Daerah;2
MHS00836;Non-Akademik;Olahraga;Tingkat Kampus;Peserta;2025;Pemerintah Daerah;1
MHS00837;Non-Akademik;Seni & Budaya;Tingkat Kampus;Peserta;2026;Pemerintah Daerah;1
MHS00838;Akademik;Sains & Teknologi;Tingkat Kampus;Peserta;2020;Kemendikbudristek;1
MHS00839;Non-Akademik;Kewirausahaan;Tingkat Kampus;Juara 3;2026;Perguruan Tinggi;1
MHS00840;Non-Akademik;Kewirausahaan;Tingkat Nasional;Juara 3;2020;Perusahaan/Swasta;7
MHS00840;Non-Akademik;Keagamaan;Tingkat Lokal/Wilayah;Peserta;2021;Pemerintah Daerah;7
MHS00840;Akademik;Keagamaan;Tingkat Kampus;Juara 2;2022;Kemendikbudristek;7
MHS00840;Akademik;Debat & Karya Tulis;Tingkat Kampus;Juara 1;2022;Perguruan Tinggi;7
MHS00840;Non-Akademik;Keagamaan;Tingkat Internasional;Peserta;2023;Komunitas/Organisasi;7
MHS00840;Akademik;Debat & Karya Tulis;Tingkat Kampus;Finalis;2023;Kemendikbudristek;7
MHS00840;Akademik;Sains & Teknologi;Tingkat Lokal/Wilayah;Juara 1;2023;Perguruan Tinggi;7
MHS00841;Non-Akademik;Olahraga;Tingkat Lokal/Wilayah;Juara 3;2023;Kemendikbudristek;2
MHS00841;Akademik;Sains & Teknologi;Tingkat Kampus;Finalis;2024;Komunitas/Organisasi;2
MHS00843;Non-Akademik;Sosial & Kemasyarakatan;Tingkat Lokal/Wilayah;Peserta;2023;Kemendikbudristek;1
MHS00847;Non-Akademik;Keagamaan;Tingkat Kampus;Juara 3;2024;Kemendikbudristek;3
MHS00847;Non-Akademik;Sosial & Kemasyarakatan;Tingkat Kampus;Juara 3;2024;Pemerintah Daerah;3
MHS00847;Non-Akademik;Sosial & Kemasyarakatan;Tingkat Kampus;Peserta;2025;Perguruan Tinggi;3
MHS00849;Non-Akademik;Sosial & Kemasyarakatan;Tingkat Kampus;Juara 2;2024;Komunitas/Organisasi;1
MHS00850;Akademik;Sains & Teknologi;Tingkat Kampus;Peserta;2026;Perguruan Tinggi;1
MHS00851;Akademik;Sains & Teknologi;Tingkat Nasional;Juara 2;2023;Perusahaan/Swasta;2
MHS00851;Non-Akademik;Olahraga;Tingkat Lokal/Wilayah;Peserta;2025;Perguruan Tinggi;2
MHS00852;Non-Akademik;Seni & Budaya;Tingkat Nasional;Juara 2;2021;Pemerintah Daerah;1
MHS00853;Non-Akademik;Olahraga;Tingkat Nasional;Juara 2;2024;Komunitas/Organisasi;3
MHS00853;Non-Akademik;Kewirausahaan;Tingkat Lokal/Wilayah;Peserta;2025;Perusahaan/Swasta;3
MHS00853;Non-Akademik;Olahraga;Tingkat Kampus;Juara 3;2025;Kemendikbudristek;3
MHS00854;Non-Akademik;Seni & Budaya;Tingkat Kampus;Juara 3;2025;Pemerintah Daerah;2
MHS00854;Akademik;Debat & Karya Tulis;Tingkat Nasional;Juara 2;2026;Kemendikbudristek;2
MHS00855;Non-Akademik;Keagamaan;Tingkat Kampus;Finalis;2025;Komunitas/Organisasi;2
MHS00855;Non-Akademik;Seni & Budaya;Tingkat Nasional;Juara 2;2026;Perusahaan/Swasta;2
MHS00859;Non-Akademik;Sosial & Kemasyarakatan;Tingkat Nasional;Peserta;2023;Perusahaan/Swasta;1
MHS00860;Akademik;Sains & Teknologi;Tingkat Kampus;Juara 2;2025;Komunitas/Organisasi;1
MHS00863;Non-Akademik;Sosial & Kemasyarakatan;Tingkat Kampus;Juara 3;2024;Perguruan Tinggi;1
MHS00864;Non-Akademik;Kewirausahaan;Tingkat Kampus;Finalis;2023;Kemendikbudristek;8
MHS00864;Akademik;Seni & Budaya;Tingkat Kampus;Finalis;2023;Perusahaan/Swasta;8
MHS00864;Non-Akademik;Olahraga;Tingkat Lokal/Wilayah;Peserta;2024;Pemerintah Daerah;8
MHS00864;Akademik;Sains & Teknologi;Tingkat Lokal/Wilayah;Juara 1;2024;Kemendikbudristek;8
MHS00864;Non-Akademik;Kewirausahaan;Tingkat Kampus;Juara 2;2025;Perguruan Tinggi;8
MHS00864;Non-Akademik;Sosial & Kemasyarakatan;Tingkat Nasional;Peserta;2025;Komunitas/Organisasi;8
MHS00864;Akademik;Sains & Teknologi;Tingkat Kampus;Juara 3;2025;Kemendikbudristek;8
MHS00864;Akademik;Debat & Karya Tulis;Tingkat Lokal/Wilayah;Peserta;2026;Komunitas/Organisasi;8
MHS00868;Non-Akademik;Olahraga;Tingkat Nasional;Juara 3;2024;Pemerintah Daerah;2
MHS00868;Non-Akademik;Sosial & Kemasyarakatan;Tingkat Kampus;Finalis;2024;Perguruan Tinggi;2
MHS00869;Non-Akademik;Sosial & Kemasyarakatan;Tingkat Lokal/Wilayah;Finalis;2023;Pemerintah Daerah;4
MHS00869;Non-Akademik;Seni & Budaya;Tingkat Lokal/Wilayah;Juara 1;2023;Komunitas/Organisasi;4
MHS00869;Non-Akademik;Keagamaan;Tingkat Lokal/Wilayah;Juara 2;2024;Pemerintah Daerah;4
MHS00869;Non-Akademik;Seni & Budaya;Tingkat Kampus;Peserta;2024;Komunitas/Organisasi;4
MHS00870;Akademik;Sains & Teknologi;Tingkat Internasional;Peserta;2026;Kemendikbudristek;1
MHS00874;Akademik;Debat & Karya Tulis;Tingkat Kampus;Juara 2;2023;Komunitas/Organisasi;1
MHS00875;Non-Akademik;Sosial & Kemasyarakatan;Tingkat Lokal/Wilayah;Peserta;2020;Kemendikbudristek;2
MHS00875;Non-Akademik;Olahraga;Tingkat Lokal/Wilayah;Juara 3;2021;Perguruan Tinggi;2
MHS00877;Akademik;Keagamaan;Tingkat Kampus;Finalis;2023;Perusahaan/Swasta;3
MHS00877;Akademik;Sosial & Kemasyarakatan;Tingkat Kampus;Peserta;2025;Pemerintah Daerah;3
MHS00877;Non-Akademik;Kewirausahaan;Tingkat Nasional;Finalis;2025;Pemerintah Daerah;3
MHS00879;Non-Akademik;Seni & Budaya;Tingkat Lokal/Wilayah;Juara 1;2025;Perusahaan/Swasta;1
MHS00880;Non-Akademik;Sosial & Kemasyarakatan;Tingkat Kampus;Finalis;2022;Pemerintah Daerah;1
MHS00881;Akademik;Debat & Karya Tulis;Tingkat Kampus;Finalis;2022;Perusahaan/Swasta;2
MHS00881;Non-Akademik;Keagamaan;Tingkat Nasional;Finalis;2024;Perguruan Tinggi;2
MHS00883;Non-Akademik;Keagamaan;Tingkat Internasional;Juara 3;2026;Komunitas/Organisasi;1
MHS00889;Non-Akademik;Sosial & Kemasyarakatan;Tingkat Kampus;Finalis;2023;Perusahaan/Swasta;5
MHS00889;Akademik;Sains & Teknologi;Tingkat Kampus;Finalis;2024;Komunitas/Organisasi;5
MHS00889;Akademik;Sains & Teknologi;Tingkat Lokal/Wilayah;Peserta;2025;Komunitas/Organisasi;5
MHS00889;Akademik;Seni & Budaya;Tingkat Internasional;Juara 1;2025;Kemendikbudristek;5
MHS00889;Akademik;Debat & Karya Tulis;Tingkat Kampus;Peserta;2025;Perusahaan/Swasta;5
MHS00890;Non-Akademik;Seni & Budaya;Tingkat Kampus;Juara 3;2023;Komunitas/Organisasi;2
MHS00890;Non-Akademik;Kewirausahaan;Tingkat Kampus;Peserta;2024;Perguruan Tinggi;2
MHS00893;Non-Akademik;Kewirausahaan;Tingkat Lokal/Wilayah;Finalis;2021;Kemendikbudristek;2
MHS00893;Non-Akademik;Keagamaan;Tingkat Kampus;Peserta;2022;Komunitas/Organisasi;2
MHS00896;Non-Akademik;Seni & Budaya;Tingkat Kampus;Juara 1;2025;Pemerintah Daerah;1
MHS00897;Akademik;Debat & Karya Tulis;Tingkat Kampus;Juara 1;2026;Perguruan Tinggi;2
MHS00897;Non-Akademik;Seni & Budaya;Tingkat Lokal/Wilayah;Finalis;2026;Pemerintah Daerah;2
MHS00899;Akademik;Debat & Karya Tulis;Tingkat Kampus;Peserta;2025;Kemendikbudristek;1
MHS00900;Akademik;Debat & Karya Tulis;Tingkat Nasional;Juara 1;2025;Pemerintah Daerah;1
MHS00902;Non-Akademik;Keagamaan;Tingkat Lokal/Wilayah;Peserta;2026;Kemendikbudristek;2
MHS00902;Non-Akademik;Kewirausahaan;Tingkat Kampus;Juara 3;2026;Perusahaan/Swasta;2
MHS00904;Non-Akademik;Kewirausahaan;Tingkat Kampus;Finalis;2026;Pemerintah Daerah;1
MHS00905;Akademik;Sains & Teknologi;Tingkat Lokal/Wilayah;Juara 2;2025;Perusahaan/Swasta;3
MHS00905;Akademik;Sains & Teknologi;Tingkat Kampus;Juara 3;2025;Komunitas/Organisasi;3
MHS00905;Non-Akademik;Olahraga;Tingkat Kampus;Juara 1;2026;Pemerintah Daerah;3
MHS00909;Non-Akademik;Kewirausahaan;Tingkat Kampus;Peserta;2023;Perusahaan/Swasta;6
MHS00909;Non-Akademik;Sosial & Kemasyarakatan;Tingkat Kampus;Juara 1;2023;Perusahaan/Swasta;6
MHS00909;Akademik;Sains & Teknologi;Tingkat Kampus;Peserta;2024;Perusahaan/Swasta;6
MHS00909;Non-Akademik;Keagamaan;Tingkat Lokal/Wilayah;Juara 3;2024;Perguruan Tinggi;6
MHS00909;Non-Akademik;Keagamaan;Tingkat Kampus;Juara 3;2024;Komunitas/Organisasi;6
MHS00909;Non-Akademik;Kewirausahaan;Tingkat Lokal/Wilayah;Finalis;2026;Komunitas/Organisasi;6
MHS00910;Non-Akademik;Kewirausahaan;Tingkat Lokal/Wilayah;Juara 1;2024;Perusahaan/Swasta;7
MHS00910;Non-Akademik;Seni & Budaya;Tingkat Lokal/Wilayah;Juara 3;2024;Perusahaan/Swasta;7
MHS00910;Non-Akademik;Kewirausahaan;Tingkat Kampus;Finalis;2025;Pemerintah Daerah;7
MHS00910;Akademik;Sains & Teknologi;Tingkat Internasional;Juara 1;2025;Pemerintah Daerah;7
MHS00910;Non-Akademik;Kewirausahaan;Tingkat Nasional;Juara 3;2026;Kemendikbudristek;7
MHS00910;Non-Akademik;Kewirausahaan;Tingkat Kampus;Juara 2;2026;Perguruan Tinggi;7
MHS00910;Non-Akademik;Olahraga;Tingkat Lokal/Wilayah;Juara 3;2026;Perusahaan/Swasta;7
MHS00914;Non-Akademik;Seni & Budaya;Tingkat Kampus;Juara 2;2022;Kemendikbudristek;5
MHS00914;Akademik;Debat & Karya Tulis;Tingkat Nasional;Peserta;2022;Perusahaan/Swasta;5
MHS00914;Non-Akademik;Seni & Budaya;Tingkat Nasional;Peserta;2022;Komunitas/Organisasi;5
MHS00914;Non-Akademik;Olahraga;Tingkat Lokal/Wilayah;Juara 3;2023;Pemerintah Daerah;5
MHS00914;Akademik;Debat & Karya Tulis;Tingkat Kampus;Finalis;2023;Komunitas/Organisasi;5
MHS00915;Non-Akademik;Sosial & Kemasyarakatan;Tingkat Lokal/Wilayah;Peserta;2023;Pemerintah Daerah;3
MHS00915;Non-Akademik;Seni & Budaya;Tingkat Lokal/Wilayah;Finalis;2023;Kemendikbudristek;3
MHS00915;Akademik;Debat & Karya Tulis;Tingkat Lokal/Wilayah;Finalis;2025;Perusahaan/Swasta;3
MHS00916;Akademik;Sains & Teknologi;Tingkat Nasional;Peserta;2026;Komunitas/Organisasi;2
MHS00916;Akademik;Kewirausahaan;Tingkat Nasional;Juara 2;2026;Kemendikbudristek;2
MHS00917;Non-Akademik;Sosial & Kemasyarakatan;Tingkat Nasional;Juara 3;2026;Perguruan Tinggi;2
MHS00917;Akademik;Olahraga;Tingkat Nasional;Juara 1;2026;Perusahaan/Swasta;2
MHS00921;Akademik;Keagamaan;Tingkat Kampus;Finalis;2025;Kemendikbudristek;2
MHS00921;Akademik;Sains & Teknologi;Tingkat Kampus;Finalis;2026;Pemerintah Daerah;2
MHS00922;Akademik;Sains & Teknologi;Tingkat Lokal/Wilayah;Juara 2;2025;Pemerintah Daerah;1
MHS00923;Akademik;Debat & Karya Tulis;Tingkat Nasional;Peserta;2026;Perguruan Tinggi;1
MHS00925;Non-Akademik;Sosial & Kemasyarakatan;Tingkat Nasional;Peserta;2026;Komunitas/Organisasi;1
MHS00928;Non-Akademik;Olahraga;Tingkat Lokal/Wilayah;Peserta;2024;Perusahaan/Swasta;4
MHS00928;Non-Akademik;Kewirausahaan;Tingkat Kampus;Juara 1;2025;Perusahaan/Swasta;4
MHS00928;Non-Akademik;Olahraga;Tingkat Lokal/Wilayah;Juara 2;2025;Perusahaan/Swasta;4
MHS00928;Akademik;Sains & Teknologi;Tingkat Lokal/Wilayah;Juara 3;2026;Pemerintah Daerah;4
MHS00930;Akademik;Sosial & Kemasyarakatan;Tingkat Kampus;Finalis;2026;Komunitas/Organisasi;1
MHS00932;Non-Akademik;Kewirausahaan;Tingkat Kampus;Juara 3;2024;Perusahaan/Swasta;1
MHS00933;Non-Akademik;Seni & Budaya;Tingkat Kampus;Juara 3;2024;Perusahaan/Swasta;1
MHS00934;Akademik;Sains & Teknologi;Tingkat Nasional;Juara 2;2024;Perusahaan/Swasta;8
MHS00934;Akademik;Sains & Teknologi;Tingkat Internasional;Juara 2;2024;Pemerintah Daerah;8
MHS00934;Non-Akademik;Olahraga;Tingkat Nasional;Juara 2;2025;Komunitas/Organisasi;8
MHS00934;Akademik;Debat & Karya Tulis;Tingkat Nasional;Peserta;2025;Kemendikbudristek;8
MHS00934;Non-Akademik;Seni & Budaya;Tingkat Internasional;Finalis;2025;Perguruan Tinggi;8
MHS00934;Akademik;Keagamaan;Tingkat Lokal/Wilayah;Juara 3;2025;Perguruan Tinggi;8
MHS00934;Akademik;Debat & Karya Tulis;Tingkat Kampus;Juara 3;2025;Pemerintah Daerah;8
MHS00934;Non-Akademik;Sosial & Kemasyarakatan;Tingkat Kampus;Juara 1;2026;Pemerintah Daerah;8
MHS00935;Non-Akademik;Olahraga;Tingkat Nasional;Juara 3;2024;Perusahaan/Swasta;8
MHS00935;Akademik;Sains & Teknologi;Tingkat Nasional;Juara 1;2024;Perguruan Tinggi;8
MHS00935;Akademik;Debat & Karya Tulis;Tingkat Internasional;Juara 3;2024;Kemendikbudristek;8
MHS00935;Akademik;Debat & Karya Tulis;Tingkat Nasional;Peserta;2025;Perguruan Tinggi;8
MHS00935;Akademik;Sains & Teknologi;Tingkat Kampus;Juara 1;2025;Pemerintah Daerah;8
MHS00935;Akademik;Debat & Karya Tulis;Tingkat Nasional;Juara 2;2025;Pemerintah Daerah;8
MHS00935;Akademik;Sains & Teknologi;Tingkat Kampus;Finalis;2025;Perguruan Tinggi;8
MHS00935;Non-Akademik;Sosial & Kemasyarakatan;Tingkat Kampus;Peserta;2026;Kemendikbudristek;8
MHS00937;Akademik;Sains & Teknologi;Tingkat Kampus;Finalis;2022;Kemendikbudristek;1
MHS00938;Akademik;Olahraga;Tingkat Nasional;Juara 2;2022;Komunitas/Organisasi;2
MHS00938;Non-Akademik;Seni & Budaya;Tingkat Nasional;Juara 3;2023;Perusahaan/Swasta;2
MHS00940;Akademik;Debat & Karya Tulis;Tingkat Lokal/Wilayah;Juara 2;2021;Komunitas/Organisasi;2
MHS00940;Akademik;Debat & Karya Tulis;Tingkat Lokal/Wilayah;Finalis;2023;Pemerintah Daerah;2
MHS00941;Non-Akademik;Kewirausahaan;Tingkat Nasional;Finalis;2024;Kemendikbudristek;2
MHS00941;Non-Akademik;Keagamaan;Tingkat Kampus;Juara 3;2025;Perusahaan/Swasta;2
MHS00942;Akademik;Sains & Teknologi;Tingkat Lokal/Wilayah;Finalis;2025;Pemerintah Daerah;1
MHS00944;Akademik;Olahraga;Tingkat Kampus;Juara 2;2026;Perusahaan/Swasta;1
MHS00945;Non-Akademik;Seni & Budaya;Tingkat Kampus;Peserta;2025;Perusahaan/Swasta;1
MHS00947;Akademik;Debat & Karya Tulis;Tingkat Internasional;Finalis;2023;Perusahaan/Swasta;5
MHS00947;Akademik;Sains & Teknologi;Tingkat Kampus;Juara 3;2024;Perguruan Tinggi;5
MHS00947;Akademik;Sains & Teknologi;Tingkat Nasional;Juara 3;2024;Perusahaan/Swasta;5
MHS00947;Akademik;Sosial & Kemasyarakatan;Tingkat Nasional;Finalis;2024;Perguruan Tinggi;5
MHS00947;Akademik;Sains & Teknologi;Tingkat Lokal/Wilayah;Peserta;2025;Perusahaan/Swasta;5
MHS00950;Akademik;Sains & Teknologi;Tingkat Kampus;Juara 3;2022;Pemerintah Daerah;4
MHS00950;Akademik;Debat & Karya Tulis;Tingkat Kampus;Juara 3;2024;Komunitas/Organisasi;4
MHS00950;Non-Akademik;Sosial & Kemasyarakatan;Tingkat Nasional;Finalis;2024;Pemerintah Daerah;4
MHS00950;Non-Akademik;Keagamaan;Tingkat Lokal/Wilayah;Finalis;2024;Komunitas/Organisasi;4
MHS00953;Akademik;Sains & Teknologi;Tingkat Lokal/Wilayah;Peserta;2025;Kemendikbudristek;2
MHS00953;Akademik;Debat & Karya Tulis;Tingkat Kampus;Peserta;2025;Pemerintah Daerah;2
MHS00955;Akademik;Debat & Karya Tulis;Tingkat Nasional;Peserta;2023;Perguruan Tinggi;1
MHS00956;Non-Akademik;Kewirausahaan;Tingkat Nasional;Juara 2;2023;Komunitas/Organisasi;4
MHS00956;Non-Akademik;Sosial & Kemasyarakatan;Tingkat Nasional;Finalis;2023;Perusahaan/Swasta;4
MHS00956;Akademik;Olahraga;Tingkat Kampus;Juara 3;2024;Perusahaan/Swasta;4
MHS00956;Akademik;Sains & Teknologi;Tingkat Internasional;Juara 3;2024;Pemerintah Daerah;4
MHS00957;Akademik;Sains & Teknologi;Tingkat Kampus;Juara 2;2025;Perguruan Tinggi;1
MHS00958;Akademik;Debat & Karya Tulis;Tingkat Nasional;Juara 2;2023;Perguruan Tinggi;5
MHS00958;Akademik;Seni & Budaya;Tingkat Nasional;Peserta;2024;Kemendikbudristek;5
MHS00958;Akademik;Debat & Karya Tulis;Tingkat Kampus;Juara 3;2025;Perguruan Tinggi;5
MHS00958;Akademik;Debat & Karya Tulis;Tingkat Nasional;Finalis;2025;Perusahaan/Swasta;5
MHS00958;Akademik;Debat & Karya Tulis;Tingkat Internasional;Peserta;2026;Komunitas/Organisasi;5
MHS00959;Non-Akademik;Kewirausahaan;Tingkat Kampus;Peserta;2023;Pemerintah Daerah;1
MHS00961;Non-Akademik;Olahraga;Tingkat Nasional;Juara 3;2023;Perguruan Tinggi;3
MHS00961;Non-Akademik;Kewirausahaan;Tingkat Kampus;Peserta;2026;Kemendikbudristek;3
MHS00961;Akademik;Seni & Budaya;Tingkat Kampus;Juara 2;2026;Perguruan Tinggi;3
MHS00963;Non-Akademik;Olahraga;Tingkat Lokal/Wilayah;Finalis;2024;Kemendikbudristek;1
MHS00964;Non-Akademik;Keagamaan;Tingkat Kampus;Finalis;2024;Perguruan Tinggi;5
MHS00964;Non-Akademik;Seni & Budaya;Tingkat Lokal/Wilayah;Juara 3;2024;Perusahaan/Swasta;5
MHS00964;Non-Akademik;Olahraga;Tingkat Kampus;Juara 1;2024;Pemerintah Daerah;5
MHS00964;Akademik;Sains & Teknologi;Tingkat Lokal/Wilayah;Finalis;2025;Perguruan Tinggi;5
MHS00964;Akademik;Debat & Karya Tulis;Tingkat Nasional;Juara 3;2025;Kemendikbudristek;5
MHS00966;Akademik;Sains & Teknologi;Tingkat Internasional;Peserta;2025;Perusahaan/Swasta;1
MHS00967;Non-Akademik;Olahraga;Tingkat Kampus;Juara 1;2026;Komunitas/Organisasi;1
MHS00969;Akademik;Debat & Karya Tulis;Tingkat Lokal/Wilayah;Finalis;2025;Pemerintah Daerah;1
MHS00970;Akademik;Debat & Karya Tulis;Tingkat Lokal/Wilayah;Juara 2;2023;Kemendikbudristek;3
MHS00970;Non-Akademik;Kewirausahaan;Tingkat Kampus;Peserta;2026;Kemendikbudristek;3
MHS00970;Akademik;Sains & Teknologi;Tingkat Lokal/Wilayah;Juara 3;2026;Kemendikbudristek;3
MHS00971;Akademik;Debat & Karya Tulis;Tingkat Lokal/Wilayah;Peserta;2024;Perusahaan/Swasta;2
MHS00971;Akademik;Debat & Karya Tulis;Tingkat Nasional;Finalis;2025;Komunitas/Organisasi;2
MHS00975;Akademik;Sains & Teknologi;Tingkat Nasional;Juara 2;2025;Perguruan Tinggi;1
MHS00977;Non-Akademik;Seni & Budaya;Tingkat Lokal/Wilayah;Juara 2;2022;Perguruan Tinggi;1
MHS00978;Non-Akademik;Seni & Budaya;Tingkat Nasional;Peserta;2024;Perguruan Tinggi;4
MHS00978;Akademik;Sains & Teknologi;Tingkat Kampus;Juara 1;2024;Kemendikbudristek;4
MHS00978;Non-Akademik;Sosial & Kemasyarakatan;Tingkat Kampus;Finalis;2025;Kemendikbudristek;4
MHS00978;Akademik;Debat & Karya Tulis;Tingkat Lokal/Wilayah;Finalis;2026;Kemendikbudristek;4
MHS00979;Akademik;Debat & Karya Tulis;Tingkat Kampus;Juara 3;2021;Perguruan Tinggi;1
MHS00980;Akademik;Debat & Karya Tulis;Tingkat Nasional;Juara 3;2025;Kemendikbudristek;2
MHS00980;Akademik;Olahraga;Tingkat Lokal/Wilayah;Peserta;2026;Perguruan Tinggi;2
MHS00981;Non-Akademik;Sosial & Kemasyarakatan;Tingkat Nasional;Juara 3;2025;Pemerintah Daerah;5
MHS00981;Non-Akademik;Olahraga;Tingkat Kampus;Peserta;2025;Komunitas/Organisasi;5
MHS00981;Non-Akademik;Seni & Budaya;Tingkat Nasional;Juara 2;2025;Pemerintah Daerah;5
MHS00981;Non-Akademik;Kewirausahaan;Tingkat Nasional;Juara 2;2026;Kemendikbudristek;5
MHS00981;Non-Akademik;Kewirausahaan;Tingkat Kampus;Finalis;2026;Pemerintah Daerah;5
MHS00983;Akademik;Debat & Karya Tulis;Tingkat Nasional;Peserta;2026;Perguruan Tinggi;2
MHS00983;Non-Akademik;Keagamaan;Tingkat Nasional;Juara 2;2026;Pemerintah Daerah;2
MHS00984;Akademik;Debat & Karya Tulis;Tingkat Internasional;Juara 2;2021;Perusahaan/Swasta;2
MHS00984;Akademik;Sains & Teknologi;Tingkat Kampus;Finalis;2022;Komunitas/Organisasi;2
MHS00985;Akademik;Sains & Teknologi;Tingkat Kampus;Peserta;2025;Perguruan Tinggi;1
MHS00986;Akademik;Sains & Teknologi;Tingkat Lokal/Wilayah;Peserta;2025;Perusahaan/Swasta;5
MHS00986;Akademik;Sosial & Kemasyarakatan;Tingkat Nasional;Juara 1;2025;Komunitas/Organisasi;5
MHS00986;Akademik;Debat & Karya Tulis;Tingkat Nasional;Juara 3;2025;Perusahaan/Swasta;5
MHS00986;Non-Akademik;Olahraga;Tingkat Nasional;Juara 3;2025;Pemerintah Daerah;5
MHS00986;Akademik;Sains & Teknologi;Tingkat Kampus;Juara 2;2026;Kemendikbudristek;5
MHS00988;Akademik;Sains & Teknologi;Tingkat Kampus;Peserta;2025;Komunitas/Organisasi;1
MHS00989;Akademik;Keagamaan;Tingkat Kampus;Peserta;2025;Perusahaan/Swasta;2
MHS00989;Akademik;Sains & Teknologi;Tingkat Lokal/Wilayah;Peserta;2026;Perusahaan/Swasta;2
MHS00990;Non-Akademik;Seni & Budaya;Tingkat Lokal/Wilayah;Finalis;2025;Perusahaan/Swasta;2
MHS00990;Non-Akademik;Keagamaan;Tingkat Lokal/Wilayah;Finalis;2025;Kemendikbudristek;2
MHS00991;Non-Akademik;Olahraga;Tingkat Lokal/Wilayah;Juara 3;2025;Komunitas/Organisasi;1
MHS00992;Akademik;Sains & Teknologi;Tingkat Kampus;Peserta;2024;Perusahaan/Swasta;1
MHS00994;Akademik;Sains & Teknologi;Tingkat Internasional;Juara 3;2022;Perguruan Tinggi;3
MHS00994;Non-Akademik;Sosial & Kemasyarakatan;Tingkat Lokal/Wilayah;Peserta;2022;Kemendikbudristek;3
MHS00994;Akademik;Sains & Teknologi;Tingkat Nasional;Peserta;2025;Perguruan Tinggi;3
MHS00995;Non-Akademik;Keagamaan;Tingkat Kampus;Finalis;2020;Perusahaan/Swasta;2
MHS00995;Non-Akademik;Keagamaan;Tingkat Kampus;Juara 3;2023;Kemendikbudristek;2
MHS00996;Akademik;Seni & Budaya;Tingkat Lokal/Wilayah;Juara 1;2025;Perguruan Tinggi;2
MHS00996;Non-Akademik;Sosial & Kemasyarakatan;Tingkat Lokal/Wilayah;Juara 2;2025;Kemendikbudristek;2
MHS00997;Akademik;Olahraga;Tingkat Kampus;Finalis;2026;Pemerintah Daerah;1
MHS00998;Akademik;Debat & Karya Tulis;Tingkat Kampus;Finalis;2024;Perusahaan/Swasta;2
MHS00998;Non-Akademik;Kewirausahaan;Tingkat Nasional;Juara 2;2025;Komunitas/Organisasi;2
MHS00999;Non-Akademik;Sosial & Kemasyarakatan;Tingkat Nasional;Juara 1;2021;Perusahaan/Swasta;8
MHS00999;Non-Akademik;Seni & Budaya;Tingkat Lokal/Wilayah;Juara 2;2021;Komunitas/Organisasi;8
MHS00999;Akademik;Sains & Teknologi;Tingkat Nasional;Juara 2;2021;Perusahaan/Swasta;8
MHS00999;Non-Akademik;Olahraga;Tingkat Kampus;Juara 2;2022;Perguruan Tinggi;8
MHS00999;Non-Akademik;Sosial & Kemasyarakatan;Tingkat Nasional;Juara 1;2022;Kemendikbudristek;8
MHS00999;Non-Akademik;Keagamaan;Tingkat Kampus;Juara 1;2023;Komunitas/Organisasi;8
MHS00999;Non-Akademik;Olahraga;Tingkat Nasional;Peserta;2024;Kemendikbudristek;8
MHS00999;Non-Akademik;Kewirausahaan;Tingkat Lokal/Wilayah;Juara 1;2025;Kemendikbudristek;8
MHS01000;Akademik;Sains & Teknologi;Tingkat Lokal/Wilayah;Peserta;2025;Perguruan Tinggi;2
MHS01000;Non-Akademik;Seni & Budaya;Tingkat Nasional;Juara 2;2025;Kemendikbudristek;2
MHS01001;Non-Akademik;Sosial & Kemasyarakatan;Tingkat Lokal/Wilayah;Finalis;2025;Perguruan Tinggi;1
MHS01002;Akademik;Debat & Karya Tulis;Tingkat Nasional;Finalis;2022;Kemendikbudristek;3
MHS01002;Akademik;Sains & Teknologi;Tingkat Kampus;Juara 2;2025;Perguruan Tinggi;3
MHS01002;Akademik;Kewirausahaan;Tingkat Internasional;Peserta;2026;Perusahaan/Swasta;3
MHS01004;Akademik;Keagamaan;Tingkat Nasional;Juara 3;2023;Kemendikbudristek;5
MHS01004;Non-Akademik;Kewirausahaan;Tingkat Nasional;Peserta;2023;Pemerintah Daerah;5
MHS01004;Non-Akademik;Seni & Budaya;Tingkat Kampus;Juara 3;2023;Komunitas/Organisasi;5
MHS01004;Akademik;Sains & Teknologi;Tingkat Nasional;Finalis;2024;Kemendikbudristek;5
MHS01004;Akademik;Debat & Karya Tulis;Tingkat Nasional;Juara 2;2025;Kemendikbudristek;5
MHS01005;Non-Akademik;Keagamaan;Tingkat Lokal/Wilayah;Finalis;2026;Pemerintah Daerah;1
MHS01007;Non-Akademik;Keagamaan;Tingkat Kampus;Finalis;2024;Perusahaan/Swasta;6
MHS01007;Akademik;Olahraga;Tingkat Lokal/Wilayah;Juara 2;2024;Kemendikbudristek;6
MHS01007;Non-Akademik;Sosial & Kemasyarakatan;Tingkat Kampus;Juara 1;2025;Perusahaan/Swasta;6
MHS01007;Akademik;Debat & Karya Tulis;Tingkat Lokal/Wilayah;Juara 1;2025;Pemerintah Daerah;6
MHS01007;Akademik;Debat & Karya Tulis;Tingkat Lokal/Wilayah;Finalis;2025;Perusahaan/Swasta;6
MHS01007;Akademik;Sains & Teknologi;Tingkat Kampus;Juara 1;2026;Komunitas/Organisasi;6
MHS01010;Akademik;Sains & Teknologi;Tingkat Kampus;Juara 3;2024;Perusahaan/Swasta;1
MHS01011;Akademik;Sains & Teknologi;Tingkat Nasional;Juara 2;2021;Perusahaan/Swasta;8
MHS01011;Non-Akademik;Seni & Budaya;Tingkat Nasional;Finalis;2021;Komunitas/Organisasi;8
MHS01011;Akademik;Debat & Karya Tulis;Tingkat Kampus;Juara 1;2022;Perguruan Tinggi;8
MHS01011;Akademik;Sains & Teknologi;Tingkat Kampus;Juara 1;2023;Komunitas/Organisasi;8
MHS01011;Non-Akademik;Seni & Budaya;Tingkat Lokal/Wilayah;Juara 2;2023;Komunitas/Organisasi;8
MHS01011;Akademik;Debat & Karya Tulis;Tingkat Nasional;Juara 3;2024;Pemerintah Daerah;8
MHS01011;Non-Akademik;Kewirausahaan;Tingkat Lokal/Wilayah;Finalis;2024;Perusahaan/Swasta;8
MHS01011;Akademik;Olahraga;Tingkat Lokal/Wilayah;Juara 2;2025;Pemerintah Daerah;8
MHS01013;Non-Akademik;Seni & Budaya;Tingkat Kampus;Peserta;2025;Perusahaan/Swasta;1
MHS01015;Akademik;Sains & Teknologi;Tingkat Lokal/Wilayah;Juara 3;2026;Perusahaan/Swasta;1
MHS01016;Akademik;Olahraga;Tingkat Nasional;Juara 3;2025;Kemendikbudristek;2
MHS01016;Non-Akademik;Kewirausahaan;Tingkat Nasional;Finalis;2025;Kemendikbudristek;2
MHS01019;Non-Akademik;Sosial & Kemasyarakatan;Tingkat Kampus;Peserta;2020;Perguruan Tinggi;1
MHS01021;Non-Akademik;Sosial & Kemasyarakatan;Tingkat Kampus;Juara 2;2019;Komunitas/Organisasi;8
MHS01021;Non-Akademik;Seni & Budaya;Tingkat Kampus;Peserta;2020;Kemendikbudristek;8
MHS01021;Non-Akademik;Olahraga;Tingkat Kampus;Peserta;2020;Komunitas/Organisasi;8
MHS01021;Akademik;Debat & Karya Tulis;Tingkat Kampus;Finalis;2021;Pemerintah Daerah;8
MHS01021;Non-Akademik;Sosial & Kemasyarakatan;Tingkat Nasional;Finalis;2021;Pemerintah Daerah;8
MHS01021;Non-Akademik;Olahraga;Tingkat Nasional;Juara 3;2021;Perguruan Tinggi;8
MHS01021;Akademik;Debat & Karya Tulis;Tingkat Nasional;Peserta;2023;Pemerintah Daerah;8
MHS01021;Non-Akademik;Sosial & Kemasyarakatan;Tingkat Kampus;Peserta;2023;Kemendikbudristek;8
MHS01022;Non-Akademik;Kewirausahaan;Tingkat Kampus;Finalis;2022;Pemerintah Daerah;3
MHS01022;Non-Akademik;Sosial & Kemasyarakatan;Tingkat Lokal/Wilayah;Juara 3;2025;Komunitas/Organisasi;3
MHS01022;Non-Akademik;Seni & Budaya;Tingkat Lokal/Wilayah;Juara 1;2025;Perguruan Tinggi;3
MHS01023;Akademik;Sains & Teknologi;Tingkat Lokal/Wilayah;Peserta;2026;Pemerintah Daerah;1
MHS01025;Non-Akademik;Sosial & Kemasyarakatan;Tingkat Kampus;Peserta;2023;Perusahaan/Swasta;3
MHS01025;Akademik;Debat & Karya Tulis;Tingkat Kampus;Juara 3;2023;Perusahaan/Swasta;3
MHS01025;Non-Akademik;Kewirausahaan;Tingkat Lokal/Wilayah;Juara 2;2024;Perusahaan/Swasta;3
MHS01027;Akademik;Sosial & Kemasyarakatan;Tingkat Lokal/Wilayah;Finalis;2026;Perguruan Tinggi;1
MHS01029;Akademik;Seni & Budaya;Tingkat Nasional;Finalis;2025;Komunitas/Organisasi;2
MHS01029;Non-Akademik;Keagamaan;Tingkat Kampus;Juara 2;2025;Komunitas/Organisasi;2
MHS01030;Akademik;Sains & Teknologi;Tingkat Kampus;Juara 2;2025;Kemendikbudristek;1
MHS01031;Akademik;Sains & Teknologi;Tingkat Lokal/Wilayah;Juara 1;2023;Kemendikbudristek;3
MHS01031;Akademik;Sains & Teknologi;Tingkat Kampus;Juara 3;2024;Kemendikbudristek;3
MHS01031;Non-Akademik;Sosial & Kemasyarakatan;Tingkat Kampus;Finalis;2025;Komunitas/Organisasi;3
MHS01033;Non-Akademik;Olahraga;Tingkat Lokal/Wilayah;Juara 3;2023;Perguruan Tinggi;1
MHS01034;Non-Akademik;Olahraga;Tingkat Kampus;Juara 3;2026;Komunitas/Organisasi;2
MHS01034;Akademik;Debat & Karya Tulis;Tingkat Kampus;Juara 1;2026;Kemendikbudristek;2
MHS01035;Akademik;Keagamaan;Tingkat Nasional;Juara 1;2025;Pemerintah Daerah;1
MHS01036;Non-Akademik;Kewirausahaan;Tingkat Kampus;Juara 2;2024;Perguruan Tinggi;4
MHS01036;Akademik;Kewirausahaan;Tingkat Lokal/Wilayah;Peserta;2024;Perusahaan/Swasta;4
MHS01036;Akademik;Sains & Teknologi;Tingkat Kampus;Juara 1;2024;Kemendikbudristek;4
MHS01036;Non-Akademik;Olahraga;Tingkat Kampus;Juara 3;2025;Perusahaan/Swasta;4
MHS01038;Akademik;Seni & Budaya;Tingkat Kampus;Juara 1;2020;Pemerintah Daerah;6
MHS01038;Non-Akademik;Keagamaan;Tingkat Kampus;Juara 3;2021;Komunitas/Organisasi;6
MHS01038;Non-Akademik;Kewirausahaan;Tingkat Lokal/Wilayah;Peserta;2022;Perusahaan/Swasta;6
MHS01038;Non-Akademik;Kewirausahaan;Tingkat Lokal/Wilayah;Finalis;2023;Perguruan Tinggi;6
MHS01038;Non-Akademik;Keagamaan;Tingkat Lokal/Wilayah;Peserta;2023;Perguruan Tinggi;6
MHS01038;Non-Akademik;Kewirausahaan;Tingkat Lokal/Wilayah;Finalis;2024;Perusahaan/Swasta;6
MHS01041;Akademik;Sains & Teknologi;Tingkat Lokal/Wilayah;Finalis;2025;Pemerintah Daerah;1
MHS01043;Non-Akademik;Sosial & Kemasyarakatan;Tingkat Lokal/Wilayah;Juara 2;2023;Komunitas/Organisasi;1
MHS01044;Non-Akademik;Seni & Budaya;Tingkat Lokal/Wilayah;Peserta;2025;Komunitas/Organisasi;1
MHS01045;Non-Akademik;Olahraga;Tingkat Kampus;Juara 1;2026;Perguruan Tinggi;3
MHS01045;Akademik;Debat & Karya Tulis;Tingkat Lokal/Wilayah;Juara 2;2026;Perusahaan/Swasta;3
MHS01045;Akademik;Keagamaan;Tingkat Kampus;Peserta;2026;Pemerintah Daerah;3
MHS01046;Akademik;Sains & Teknologi;Tingkat Kampus;Peserta;2025;Perguruan Tinggi;1
MHS01049;Non-Akademik;Sosial & Kemasyarakatan;Tingkat Lokal/Wilayah;Juara 3;2024;Pemerintah Daerah;2
MHS01049;Akademik;Debat & Karya Tulis;Tingkat Kampus;Juara 2;2025;Pemerintah Daerah;2
MHS01051;Non-Akademik;Kewirausahaan;Tingkat Lokal/Wilayah;Peserta;2023;Komunitas/Organisasi;1
MHS01054;Akademik;Sains & Teknologi;Tingkat Nasional;Juara 2;2023;Pemerintah Daerah;5
MHS01054;Non-Akademik;Olahraga;Tingkat Lokal/Wilayah;Juara 2;2023;Perguruan Tinggi;5
MHS01054;Akademik;Sains & Teknologi;Tingkat Internasional;Finalis;2024;Perusahaan/Swasta;5
MHS01054;Akademik;Sains & Teknologi;Tingkat Lokal/Wilayah;Juara 3;2024;Perguruan Tinggi;5
MHS01054;Akademik;Sains & Teknologi;Tingkat Nasional;Peserta;2025;Perusahaan/Swasta;5
MHS01055;Akademik;Sains & Teknologi;Tingkat Lokal/Wilayah;Juara 3;2025;Perguruan Tinggi;1
MHS01057;Non-Akademik;Olahraga;Tingkat Lokal/Wilayah;Peserta;2021;Komunitas/Organisasi;2
MHS01057;Akademik;Sains & Teknologi;Tingkat Kampus;Juara 3;2022;Perusahaan/Swasta;2
MHS01058;Akademik;Debat & Karya Tulis;Tingkat Kampus;Finalis;2022;Perusahaan/Swasta;1
MHS01059;Akademik;Sains & Teknologi;Tingkat Nasional;Juara 2;2019;Komunitas/Organisasi;3
MHS01059;Akademik;Sains & Teknologi;Tingkat Kampus;Peserta;2020;Pemerintah Daerah;3
MHS01059;Non-Akademik;Kewirausahaan;Tingkat Internasional;Finalis;2022;Komunitas/Organisasi;3
MHS01060;Non-Akademik;Keagamaan;Tingkat Kampus;Juara 3;2024;Perguruan Tinggi;5
MHS01060;Akademik;Sains & Teknologi;Tingkat Nasional;Peserta;2024;Kemendikbudristek;5
MHS01060;Akademik;Sains & Teknologi;Tingkat Internasional;Finalis;2025;Perguruan Tinggi;5
MHS01060;Non-Akademik;Seni & Budaya;Tingkat Kampus;Juara 3;2025;Kemendikbudristek;5
MHS01060;Akademik;Sains & Teknologi;Tingkat Kampus;Juara 2;2025;Pemerintah Daerah;5
MHS01061;Non-Akademik;Sosial & Kemasyarakatan;Tingkat Lokal/Wilayah;Peserta;2024;Komunitas/Organisasi;3
MHS01061;Non-Akademik;Keagamaan;Tingkat Kampus;Juara 1;2025;Pemerintah Daerah;3
MHS01061;Akademik;Sains & Teknologi;Tingkat Lokal/Wilayah;Peserta;2026;Perguruan Tinggi;3
MHS01062;Akademik;Debat & Karya Tulis;Tingkat Lokal/Wilayah;Juara 3;2022;Perguruan Tinggi;3
MHS01062;Non-Akademik;Kewirausahaan;Tingkat Kampus;Finalis;2025;Perguruan Tinggi;3
MHS01062;Akademik;Sains & Teknologi;Tingkat Lokal/Wilayah;Finalis;2026;Perusahaan/Swasta;3
MHS01063;Non-Akademik;Keagamaan;Tingkat Nasional;Juara 1;2020;Perguruan Tinggi;4
MHS01063;Non-Akademik;Seni & Budaya;Tingkat Lokal/Wilayah;Juara 3;2021;Pemerintah Daerah;4
MHS01063;Akademik;Kewirausahaan;Tingkat Nasional;Peserta;2022;Perusahaan/Swasta;4
MHS01063;Akademik;Debat & Karya Tulis;Tingkat Kampus;Juara 3;2022;Perusahaan/Swasta;4
MHS01064;Akademik;Seni & Budaya;Tingkat Kampus;Juara 1;2025;Perguruan Tinggi;2
MHS01064;Akademik;Sains & Teknologi;Tingkat Nasional;Finalis;2025;Kemendikbudristek;2
MHS01065;Non-Akademik;Seni & Budaya;Tingkat Kampus;Peserta;2026;Perusahaan/Swasta;1
MHS01067;Non-Akademik;Olahraga;Tingkat Kampus;Peserta;2025;Komunitas/Organisasi;1
MHS01068;Non-Akademik;Olahraga;Tingkat Lokal/Wilayah;Juara 1;2024;Kemendikbudristek;3
MHS01068;Akademik;Olahraga;Tingkat Kampus;Finalis;2025;Kemendikbudristek;3
MHS01068;Non-Akademik;Olahraga;Tingkat Lokal/Wilayah;Finalis;2025;Komunitas/Organisasi;3
MHS01069;Non-Akademik;Olahraga;Tingkat Kampus;Peserta;2024;Perusahaan/Swasta;2
MHS01069;Non-Akademik;Seni & Budaya;Tingkat Lokal/Wilayah;Finalis;2025;Komunitas/Organisasi;2
MHS01070;Akademik;Debat & Karya Tulis;Tingkat Lokal/Wilayah;Juara 2;2025;Komunitas/Organisasi;1
MHS01072;Non-Akademik;Kewirausahaan;Tingkat Lokal/Wilayah;Peserta;2023;Perguruan Tinggi;1
MHS01073;Akademik;Sains & Teknologi;Tingkat Nasional;Peserta;2020;Komunitas/Organisasi;1
MHS01074;Non-Akademik;Seni & Budaya;Tingkat Internasional;Juara 1;2025;Perusahaan/Swasta;1
MHS01075;Akademik;Kewirausahaan;Tingkat Kampus;Peserta;2023;Perguruan Tinggi;5
MHS01075;Non-Akademik;Olahraga;Tingkat Lokal/Wilayah;Juara 3;2023;Perusahaan/Swasta;5
MHS01075;Akademik;Debat & Karya Tulis;Tingkat Kampus;Peserta;2025;Perguruan Tinggi;5
MHS01075;Non-Akademik;Olahraga;Tingkat Nasional;Juara 2;2025;Komunitas/Organisasi;5
MHS01075;Non-Akademik;Keagamaan;Tingkat Kampus;Finalis;2025;Perguruan Tinggi;5
MHS01077;Akademik;Sains & Teknologi;Tingkat Lokal/Wilayah;Juara 2;2025;Pemerintah Daerah;1
MHS01079;Non-Akademik;Keagamaan;Tingkat Kampus;Juara 3;2026;Perusahaan/Swasta;4
MHS01079;Akademik;Sains & Teknologi;Tingkat Lokal/Wilayah;Juara 1;2026;Perguruan Tinggi;4
MHS01079;Akademik;Debat & Karya Tulis;Tingkat Kampus;Juara 3;2026;Perusahaan/Swasta;4
MHS01079;Non-Akademik;Kewirausahaan;Tingkat Lokal/Wilayah;Peserta;2026;Pemerintah Daerah;4
MHS01080;Non-Akademik;Seni & Budaya;Tingkat Nasional;Juara 1;2022;Perguruan Tinggi;8
MHS01080;Akademik;Sains & Teknologi;Tingkat Nasional;Peserta;2022;Pemerintah Daerah;8
MHS01080;Non-Akademik;Sosial & Kemasyarakatan;Tingkat Nasional;Peserta;2023;Perguruan Tinggi;8
MHS01080;Akademik;Kewirausahaan;Tingkat Lokal/Wilayah;Juara 3;2023;Kemendikbudristek;8
MHS01080;Akademik;Debat & Karya Tulis;Tingkat Lokal/Wilayah;Peserta;2024;Komunitas/Organisasi;8
MHS01080;Non-Akademik;Seni & Budaya;Tingkat Lokal/Wilayah;Finalis;2025;Komunitas/Organisasi;8
MHS01080;Non-Akademik;Keagamaan;Tingkat Nasional;Finalis;2025;Pemerintah Daerah;8
MHS01080;Non-Akademik;Sosial & Kemasyarakatan;Tingkat Nasional;Juara 2;2026;Kemendikbudristek;8
MHS01081;Non-Akademik;Keagamaan;Tingkat Kampus;Juara 1;2023;Perguruan Tinggi;2
MHS01081;Akademik;Debat & Karya Tulis;Tingkat Kampus;Juara 1;2024;Komunitas/Organisasi;2
MHS01083;Non-Akademik;Olahraga;Tingkat Lokal/Wilayah;Peserta;2024;Pemerintah Daerah;1
MHS01084;Akademik;Olahraga;Tingkat Kampus;Juara 2;2024;Komunitas/Organisasi;1
MHS01085;Non-Akademik;Sosial & Kemasyarakatan;Tingkat Kampus;Peserta;2025;Komunitas/Organisasi;3
MHS01085;Non-Akademik;Olahraga;Tingkat Kampus;Juara 2;2025;Perguruan Tinggi;3
MHS01085;Non-Akademik;Olahraga;Tingkat Nasional;Juara 2;2026;Perguruan Tinggi;3
MHS01089;Non-Akademik;Seni & Budaya;Tingkat Nasional;Juara 2;2026;Komunitas/Organisasi;1
MHS01090;Akademik;Sains & Teknologi;Tingkat Kampus;Juara 2;2024;Pemerintah Daerah;2
MHS01090;Akademik;Sains & Teknologi;Tingkat Kampus;Juara 3;2024;Komunitas/Organisasi;2
MHS01091;Non-Akademik;Seni & Budaya;Tingkat Kampus;Juara 3;2022;Kemendikbudristek;1
MHS01093;Akademik;Olahraga;Tingkat Kampus;Finalis;2025;Pemerintah Daerah;1
MHS01094;Non-Akademik;Kewirausahaan;Tingkat Kampus;Juara 1;2024;Kemendikbudristek;3
MHS01094;Akademik;Sains & Teknologi;Tingkat Lokal/Wilayah;Finalis;2024;Komunitas/Organisasi;3
MHS01094;Akademik;Debat & Karya Tulis;Tingkat Kampus;Finalis;2025;Komunitas/Organisasi;3
MHS01095;Akademik;Sains & Teknologi;Tingkat Kampus;Juara 1;2025;Komunitas/Organisasi;1
MHS01096;Akademik;Debat & Karya Tulis;Tingkat Nasional;Juara 2;2026;Komunitas/Organisasi;1
MHS01098;Akademik;Seni & Budaya;Tingkat Kampus;Peserta;2026;Kemendikbudristek;1
MHS01099;Non-Akademik;Seni & Budaya;Tingkat Nasional;Juara 1;2025;Pemerintah Daerah;2
MHS01099;Non-Akademik;Kewirausahaan;Tingkat Kampus;Peserta;2026;Perusahaan/Swasta;2
MHS01100;Akademik;Sains & Teknologi;Tingkat Lokal/Wilayah;Juara 2;2025;Kemendikbudristek;1
MHS01102;Non-Akademik;Sosial & Kemasyarakatan;Tingkat Kampus;Finalis;2023;Perguruan Tinggi;1
MHS01104;Non-Akademik;Seni & Budaya;Tingkat Lokal/Wilayah;Finalis;2026;Komunitas/Organisasi;1
MHS01105;Akademik;Kewirausahaan;Tingkat Lokal/Wilayah;Juara 2;2024;Pemerintah Daerah;2
MHS01105;Non-Akademik;Olahraga;Tingkat Kampus;Juara 2;2026;Pemerintah Daerah;2
MHS01107;Non-Akademik;Olahraga;Tingkat Nasional;Juara 3;2025;Komunitas/Organisasi;2
MHS01107;Akademik;Olahraga;Tingkat Kampus;Peserta;2026;Pemerintah Daerah;2
MHS01108;Non-Akademik;Sosial & Kemasyarakatan;Tingkat Lokal/Wilayah;Juara 3;2021;Perusahaan/Swasta;1
MHS01110;Non-Akademik;Kewirausahaan;Tingkat Kampus;Finalis;2023;Perguruan Tinggi;2
MHS01110;Non-Akademik;Kewirausahaan;Tingkat Kampus;Juara 2;2025;Perusahaan/Swasta;2
MHS01111;Akademik;Debat & Karya Tulis;Tingkat Kampus;Juara 1;2025;Kemendikbudristek;1
MHS01113;Akademik;Sains & Teknologi;Tingkat Nasional;Peserta;2025;Perusahaan/Swasta;2
MHS01113;Akademik;Olahraga;Tingkat Lokal/Wilayah;Peserta;2026;Perusahaan/Swasta;2
MHS01116;Non-Akademik;Sosial & Kemasyarakatan;Tingkat Internasional;Peserta;2021;Komunitas/Organisasi;1
MHS01117;Non-Akademik;Seni & Budaya;Tingkat Kampus;Peserta;2024;Pemerintah Daerah;1
MHS01118;Non-Akademik;Olahraga;Tingkat Kampus;Peserta;2024;Kemendikbudristek;1
MHS01120;Non-Akademik;Keagamaan;Tingkat Kampus;Peserta;2023;Komunitas/Organisasi;1
MHS01122;Non-Akademik;Sosial & Kemasyarakatan;Tingkat Kampus;Peserta;2024;Perusahaan/Swasta;3
MHS01122;Non-Akademik;Keagamaan;Tingkat Nasional;Juara 2;2025;Komunitas/Organisasi;3
MHS01122;Non-Akademik;Keagamaan;Tingkat Lokal/Wilayah;Juara 2;2026;Perusahaan/Swasta;3
MHS01125;Non-Akademik;Keagamaan;Tingkat Kampus;Peserta;2025;Kemendikbudristek;1
MHS01126;Akademik;Debat & Karya Tulis;Tingkat Lokal/Wilayah;Juara 1;2023;Pemerintah Daerah;7
MHS01126;Non-Akademik;Sosial & Kemasyarakatan;Tingkat Nasional;Finalis;2024;Pemerintah Daerah;7
MHS01126;Akademik;Olahraga;Tingkat Kampus;Juara 2;2024;Kemendikbudristek;7
MHS01126;Akademik;Sains & Teknologi;Tingkat Internasional;Peserta;2025;Komunitas/Organisasi;7
MHS01126;Akademik;Kewirausahaan;Tingkat Nasional;Juara 1;2025;Perguruan Tinggi;7
MHS01126;Non-Akademik;Seni & Budaya;Tingkat Nasional;Juara 1;2025;Komunitas/Organisasi;7
MHS01126;Akademik;Sains & Teknologi;Tingkat Kampus;Juara 1;2025;Pemerintah Daerah;7
MHS01132;Akademik;Sains & Teknologi;Tingkat Kampus;Finalis;2025;Komunitas/Organisasi;2
MHS01132;Non-Akademik;Seni & Budaya;Tingkat Kampus;Juara 1;2025;Komunitas/Organisasi;2
MHS01133;Non-Akademik;Sosial & Kemasyarakatan;Tingkat Kampus;Finalis;2022;Pemerintah Daerah;4
MHS01133;Non-Akademik;Olahraga;Tingkat Nasional;Juara 2;2022;Perusahaan/Swasta;4
MHS01133;Akademik;Sains & Teknologi;Tingkat Kampus;Peserta;2025;Perusahaan/Swasta;4
MHS01133;Akademik;Sains & Teknologi;Tingkat Internasional;Finalis;2025;Perguruan Tinggi;4
MHS01134;Non-Akademik;Kewirausahaan;Tingkat Lokal/Wilayah;Peserta;2024;Perguruan Tinggi;2
MHS01134;Non-Akademik;Olahraga;Tingkat Kampus;Juara 2;2025;Perusahaan/Swasta;2
MHS01137;Akademik;Debat & Karya Tulis;Tingkat Nasional;Juara 3;2023;Perusahaan/Swasta;3
MHS01137;Non-Akademik;Seni & Budaya;Tingkat Lokal/Wilayah;Juara 2;2024;Kemendikbudristek;3
MHS01137;Akademik;Sains & Teknologi;Tingkat Lokal/Wilayah;Juara 3;2025;Kemendikbudristek;3
MHS01142;Non-Akademik;Sosial & Kemasyarakatan;Tingkat Lokal/Wilayah;Finalis;2022;Perguruan Tinggi;4
MHS01142;Non-Akademik;Keagamaan;Tingkat Internasional;Juara 3;2024;Kemendikbudristek;4
MHS01142;Non-Akademik;Sosial & Kemasyarakatan;Tingkat Kampus;Juara 2;2024;Perusahaan/Swasta;4
MHS01142;Non-Akademik;Sosial & Kemasyarakatan;Tingkat Lokal/Wilayah;Juara 2;2024;Perguruan Tinggi;4
MHS01143;Akademik;Sains & Teknologi;Tingkat Nasional;Juara 3;2020;Perusahaan/Swasta;3
MHS01143;Akademik;Sains & Teknologi;Tingkat Kampus;Peserta;2021;Komunitas/Organisasi;3
MHS01143;Akademik;Sains & Teknologi;Tingkat Nasional;Peserta;2021;Pemerintah Daerah;3
MHS01144;Akademik;Sains & Teknologi;Tingkat Internasional;Juara 3;2024;Komunitas/Organisasi;3
MHS01144;Akademik;Debat & Karya Tulis;Tingkat Lokal/Wilayah;Juara 3;2024;Komunitas/Organisasi;3
MHS01144;Akademik;Debat & Karya Tulis;Tingkat Lokal/Wilayah;Juara 2;2024;Perguruan Tinggi;3
MHS01145;Non-Akademik;Sosial & Kemasyarakatan;Tingkat Lokal/Wilayah;Peserta;2023;Perusahaan/Swasta;2
MHS01145;Akademik;Debat & Karya Tulis;Tingkat Internasional;Finalis;2026;Perusahaan/Swasta;2
MHS01146;Akademik;Sains & Teknologi;Tingkat Kampus;Peserta;2023;Pemerintah Daerah;1
MHS01148;Non-Akademik;Keagamaan;Tingkat Lokal/Wilayah;Finalis;2025;Perguruan Tinggi;1
MHS01150;Non-Akademik;Kewirausahaan;Tingkat Kampus;Juara 2;2024;Kemendikbudristek;1
MHS01152;Akademik;Sains & Teknologi;Tingkat Kampus;Juara 1;2026;Kemendikbudristek;1
MHS01153;Akademik;Sains & Teknologi;Tingkat Kampus;Peserta;2025;Komunitas/Organisasi;1
MHS01155;Akademik;Debat & Karya Tulis;Tingkat Lokal/Wilayah;Finalis;2025;Pemerintah Daerah;1
MHS01156;Akademik;Sains & Teknologi;Tingkat Kampus;Peserta;2022;Pemerintah Daerah;4
MHS01156;Non-Akademik;Keagamaan;Tingkat Nasional;Finalis;2022;Pemerintah Daerah;4
MHS01156;Akademik;Debat & Karya Tulis;Tingkat Kampus;Peserta;2022;Pemerintah Daerah;4
MHS01156;Akademik;Sains & Teknologi;Tingkat Nasional;Peserta;2024;Perusahaan/Swasta;4
MHS01157;Akademik;Seni & Budaya;Tingkat Kampus;Juara 3;2025;Perguruan Tinggi;1
MHS01160;Akademik;Sains & Teknologi;Tingkat Kampus;Juara 3;2025;Pemerintah Daerah;1
MHS01161;Akademik;Kewirausahaan;Tingkat Lokal/Wilayah;Juara 3;2022;Kemendikbudristek;2
MHS01161;Akademik;Sains & Teknologi;Tingkat Internasional;Finalis;2023;Perguruan Tinggi;2
MHS01163;Non-Akademik;Seni & Budaya;Tingkat Lokal/Wilayah;Juara 3;2024;Pemerintah Daerah;2
MHS01163;Non-Akademik;Seni & Budaya;Tingkat Lokal/Wilayah;Peserta;2024;Komunitas/Organisasi;2
MHS01164;Non-Akademik;Seni & Budaya;Tingkat Nasional;Juara 3;2024;Perusahaan/Swasta;2
MHS01164;Akademik;Sains & Teknologi;Tingkat Lokal/Wilayah;Peserta;2025;Perusahaan/Swasta;2
MHS01166;Akademik;Sains & Teknologi;Tingkat Nasional;Finalis;2022;Pemerintah Daerah;3
MHS01166;Akademik;Debat & Karya Tulis;Tingkat Kampus;Finalis;2023;Komunitas/Organisasi;3
MHS01166;Non-Akademik;Seni & Budaya;Tingkat Kampus;Finalis;2026;Perguruan Tinggi;3
MHS01167;Akademik;Debat & Karya Tulis;Tingkat Lokal/Wilayah;Juara 1;2024;Kemendikbudristek;2
MHS01167;Non-Akademik;Olahraga;Tingkat Kampus;Juara 2;2026;Perguruan Tinggi;2
MHS01168;Non-Akademik;Olahraga;Tingkat Lokal/Wilayah;Juara 2;2023;Pemerintah Daerah;3
MHS01168;Non-Akademik;Seni & Budaya;Tingkat Kampus;Peserta;2023;Komunitas/Organisasi;3
MHS01168;Non-Akademik;Kewirausahaan;Tingkat Kampus;Juara 1;2025;Perusahaan/Swasta;3
MHS01170;Non-Akademik;Kewirausahaan;Tingkat Kampus;Juara 3;2023;Perguruan Tinggi;2
MHS01170;Non-Akademik;Seni & Budaya;Tingkat Lokal/Wilayah;Finalis;2024;Perguruan Tinggi;2
MHS01171;Non-Akademik;Kewirausahaan;Tingkat Nasional;Juara 1;2025;Komunitas/Organisasi;1
MHS01172;Non-Akademik;Keagamaan;Tingkat Lokal/Wilayah;Peserta;2026;Kemendikbudristek;1
MHS01173;Akademik;Debat & Karya Tulis;Tingkat Lokal/Wilayah;Peserta;2025;Pemerintah Daerah;1
MHS01174;Akademik;Debat & Karya Tulis;Tingkat Lokal/Wilayah;Peserta;2024;Perguruan Tinggi;1
MHS01175;Non-Akademik;Sosial & Kemasyarakatan;Tingkat Nasional;Juara 3;2021;Kemendikbudristek;4
MHS01175;Akademik;Sains & Teknologi;Tingkat Nasional;Juara 1;2022;Komunitas/Organisasi;4
MHS01175;Akademik;Sains & Teknologi;Tingkat Kampus;Juara 1;2024;Pemerintah Daerah;4
MHS01175;Akademik;Sains & Teknologi;Tingkat Kampus;Juara 3;2025;Pemerintah Daerah;4
MHS01176;Non-Akademik;Seni & Budaya;Tingkat Kampus;Juara 1;2023;Perusahaan/Swasta;2
MHS01176;Akademik;Debat & Karya Tulis;Tingkat Kampus;Juara 2;2025;Perusahaan/Swasta;2
MHS01177;Non-Akademik;Keagamaan;Tingkat Lokal/Wilayah;Finalis;2023;Kemendikbudristek;4
MHS01177;Non-Akademik;Seni & Budaya;Tingkat Lokal/Wilayah;Juara 1;2023;Perguruan Tinggi;4
MHS01177;Non-Akademik;Seni & Budaya;Tingkat Lokal/Wilayah;Finalis;2024;Komunitas/Organisasi;4
MHS01177;Non-Akademik;Keagamaan;Tingkat Lokal/Wilayah;Finalis;2026;Perguruan Tinggi;4
MHS01180;Akademik;Debat & Karya Tulis;Tingkat Kampus;Finalis;2026;Kemendikbudristek;1
MHS01181;Non-Akademik;Keagamaan;Tingkat Nasional;Juara 1;2022;Komunitas/Organisasi;5
MHS01181;Akademik;Kewirausahaan;Tingkat Kampus;Juara 1;2022;Perusahaan/Swasta;5
MHS01181;Non-Akademik;Keagamaan;Tingkat Nasional;Finalis;2023;Komunitas/Organisasi;5
MHS01181;Non-Akademik;Keagamaan;Tingkat Lokal/Wilayah;Finalis;2023;Komunitas/Organisasi;5
MHS01181;Akademik;Kewirausahaan;Tingkat Lokal/Wilayah;Juara 2;2024;Perusahaan/Swasta;5
MHS01182;Non-Akademik;Keagamaan;Tingkat Kampus;Juara 3;2025;Perguruan Tinggi;2
MHS01182;Akademik;Sains & Teknologi;Tingkat Nasional;Finalis;2025;Perguruan Tinggi;2
MHS01184;Non-Akademik;Kewirausahaan;Tingkat Lokal/Wilayah;Juara 3;2023;Komunitas/Organisasi;4
MHS01184;Non-Akademik;Olahraga;Tingkat Kampus;Finalis;2025;Perusahaan/Swasta;4
MHS01184;Akademik;Debat & Karya Tulis;Tingkat Kampus;Peserta;2025;Kemendikbudristek;4
MHS01184;Akademik;Debat & Karya Tulis;Tingkat Kampus;Juara 3;2026;Pemerintah Daerah;4
MHS01185;Non-Akademik;Kewirausahaan;Tingkat Nasional;Juara 2;2024;Perusahaan/Swasta;3
MHS01185;Akademik;Keagamaan;Tingkat Lokal/Wilayah;Finalis;2025;Pemerintah Daerah;3
MHS01185;Non-Akademik;Keagamaan;Tingkat Nasional;Juara 2;2025;Komunitas/Organisasi;3
MHS01186;Non-Akademik;Keagamaan;Tingkat Kampus;Juara 2;2026;Kemendikbudristek;1
MHS01188;Non-Akademik;Seni & Budaya;Tingkat Kampus;Finalis;2023;Komunitas/Organisasi;4
MHS01188;Non-Akademik;Sosial & Kemasyarakatan;Tingkat Kampus;Peserta;2024;Perusahaan/Swasta;4
MHS01188;Akademik;Debat & Karya Tulis;Tingkat Kampus;Juara 3;2024;Kemendikbudristek;4
MHS01188;Akademik;Sains & Teknologi;Tingkat Lokal/Wilayah;Peserta;2025;Komunitas/Organisasi;4
MHS01189;Non-Akademik;Sosial & Kemasyarakatan;Tingkat Nasional;Peserta;2024;Perusahaan/Swasta;2
MHS01189;Akademik;Sains & Teknologi;Tingkat Kampus;Juara 2;2025;Komunitas/Organisasi;2
MHS01190;Akademik;Sains & Teknologi;Tingkat Nasional;Juara 2;2025;Perguruan Tinggi;1
MHS01191;Non-Akademik;Keagamaan;Tingkat Kampus;Finalis;2025;Perusahaan/Swasta;2
MHS01191;Akademik;Seni & Budaya;Tingkat Kampus;Juara 2;2026;Perusahaan/Swasta;2
MHS01193;Akademik;Keagamaan;Tingkat Lokal/Wilayah;Finalis;2020;Komunitas/Organisasi;1
MHS01194;Non-Akademik;Keagamaan;Tingkat Kampus;Juara 1;2025;Komunitas/Organisasi;5
MHS01194;Non-Akademik;Seni & Budaya;Tingkat Kampus;Juara 2;2025;Komunitas/Organisasi;5
MHS01194;Non-Akademik;Sosial & Kemasyarakatan;Tingkat Lokal/Wilayah;Juara 3;2025;Pemerintah Daerah;5
MHS01194;Akademik;Sains & Teknologi;Tingkat Lokal/Wilayah;Finalis;2025;Kemendikbudristek;5
MHS01194;Akademik;Sains & Teknologi;Tingkat Kampus;Peserta;2026;Pemerintah Daerah;5
MHS01195;Akademik;Sains & Teknologi;Tingkat Kampus;Juara 2;2024;Komunitas/Organisasi;6
MHS01195;Akademik;Kewirausahaan;Tingkat Kampus;Juara 1;2025;Komunitas/Organisasi;6
MHS01195;Akademik;Seni & Budaya;Tingkat Kampus;Juara 2;2025;Perusahaan/Swasta;6
MHS01195;Non-Akademik;Seni & Budaya;Tingkat Kampus;Peserta;2025;Pemerintah Daerah;6
MHS01195;Non-Akademik;Olahraga;Tingkat Kampus;Finalis;2026;Komunitas/Organisasi;6
MHS01195;Akademik;Seni & Budaya;Tingkat Kampus;Peserta;2026;Perguruan Tinggi;6
MHS01198;Akademik;Debat & Karya Tulis;Tingkat Kampus;Peserta;2022;Perusahaan/Swasta;1
MHS01200;Akademik;Seni & Budaya;Tingkat Nasional;Peserta;2022;Perguruan Tinggi;1
MHS01201;Non-Akademik;Seni & Budaya;Tingkat Lokal/Wilayah;Peserta;2024;Komunitas/Organisasi;1
MHS01202;Non-Akademik;Olahraga;Tingkat Kampus;Juara 1;2020;Perguruan Tinggi;2
MHS01202;Akademik;Sains & Teknologi;Tingkat Kampus;Juara 3;2021;Pemerintah Daerah;2
MHS01203;Non-Akademik;Kewirausahaan;Tingkat Kampus;Juara 3;2025;Komunitas/Organisasi;1
MHS01204;Non-Akademik;Olahraga;Tingkat Kampus;Peserta;2026;Komunitas/Organisasi;1
MHS01205;Akademik;Sains & Teknologi;Tingkat Kampus;Juara 3;2024;Komunitas/Organisasi;3
MHS01205;Non-Akademik;Olahraga;Tingkat Lokal/Wilayah;Juara 2;2024;Kemendikbudristek;3
MHS01205;Non-Akademik;Keagamaan;Tingkat Kampus;Juara 3;2025;Kemendikbudristek;3
MHS01209;Akademik;Debat & Karya Tulis;Tingkat Kampus;Juara 1;2021;Perusahaan/Swasta;3
MHS01209;Akademik;Keagamaan;Tingkat Lokal/Wilayah;Juara 1;2023;Perguruan Tinggi;3
MHS01209;Non-Akademik;Kewirausahaan;Tingkat Kampus;Peserta;2025;Perguruan Tinggi;3
MHS01210;Non-Akademik;Keagamaan;Tingkat Nasional;Juara 1;2023;Kemendikbudristek;3
MHS01210;Akademik;Sains & Teknologi;Tingkat Nasional;Juara 1;2024;Perusahaan/Swasta;3
MHS01210;Non-Akademik;Olahraga;Tingkat Nasional;Juara 2;2024;Kemendikbudristek;3
MHS01214;Non-Akademik;Kewirausahaan;Tingkat Lokal/Wilayah;Peserta;2026;Kemendikbudristek;2
MHS01214;Non-Akademik;Sosial & Kemasyarakatan;Tingkat Internasional;Finalis;2026;Perusahaan/Swasta;2
MHS01215;Akademik;Debat & Karya Tulis;Tingkat Kampus;Peserta;2024;Perguruan Tinggi;3
MHS01215;Akademik;Sains & Teknologi;Tingkat Nasional;Juara 1;2024;Komunitas/Organisasi;3
MHS01215;Non-Akademik;Olahraga;Tingkat Kampus;Juara 1;2025;Pemerintah Daerah;3
MHS01217;Akademik;Seni & Budaya;Tingkat Lokal/Wilayah;Juara 2;2024;Perusahaan/Swasta;2
MHS01217;Akademik;Sains & Teknologi;Tingkat Kampus;Peserta;2025;Perusahaan/Swasta;2
MHS01218;Akademik;Debat & Karya Tulis;Tingkat Kampus;Finalis;2026;Perusahaan/Swasta;1
MHS01220;Akademik;Sains & Teknologi;Tingkat Internasional;Juara 1;2026;Perguruan Tinggi;1
MHS01222;Non-Akademik;Kewirausahaan;Tingkat Lokal/Wilayah;Juara 3;2024;Perguruan Tinggi;1
MHS01223;Non-Akademik;Seni & Budaya;Tingkat Kampus;Finalis;2025;Kemendikbudristek;2
MHS01223;Akademik;Sains & Teknologi;Tingkat Lokal/Wilayah;Peserta;2025;Komunitas/Organisasi;2
MHS01226;Non-Akademik;Keagamaan;Tingkat Kampus;Finalis;2022;Komunitas/Organisasi;7
MHS01226;Akademik;Sains & Teknologi;Tingkat Nasional;Juara 2;2023;Perguruan Tinggi;7
MHS01226;Non-Akademik;Olahraga;Tingkat Internasional;Peserta;2024;Perguruan Tinggi;7
MHS01226;Non-Akademik;Kewirausahaan;Tingkat Lokal/Wilayah;Peserta;2024;Perguruan Tinggi;7
MHS01226;Non-Akademik;Keagamaan;Tingkat Kampus;Juara 2;2024;Perguruan Tinggi;7
MHS01226;Non-Akademik;Sosial & Kemasyarakatan;Tingkat Nasional;Juara 1;2025;Perusahaan/Swasta;7
MHS01226;Non-Akademik;Olahraga;Tingkat Lokal/Wilayah;Finalis;2025;Komunitas/Organisasi;7
MHS01227;Non-Akademik;Kewirausahaan;Tingkat Lokal/Wilayah;Finalis;2026;Perguruan Tinggi;1
MHS01228;Akademik;Sains & Teknologi;Tingkat Lokal/Wilayah;Peserta;2024;Komunitas/Organisasi;3
MHS01228;Non-Akademik;Seni & Budaya;Tingkat Kampus;Juara 1;2025;Perguruan Tinggi;3
MHS01228;Akademik;Sains & Teknologi;Tingkat Lokal/Wilayah;Juara 3;2026;Komunitas/Organisasi;3
MHS01230;Non-Akademik;Kewirausahaan;Tingkat Kampus;Peserta;2021;Perguruan Tinggi;7
MHS01230;Akademik;Sains & Teknologi;Tingkat Kampus;Finalis;2021;Pemerintah Daerah;7
MHS01230;Non-Akademik;Seni & Budaya;Tingkat Internasional;Finalis;2022;Pemerintah Daerah;7
MHS01230;Non-Akademik;Kewirausahaan;Tingkat Lokal/Wilayah;Juara 1;2022;Kemendikbudristek;7
MHS01230;Akademik;Sosial & Kemasyarakatan;Tingkat Kampus;Juara 3;2022;Perusahaan/Swasta;7
MHS01230;Non-Akademik;Kewirausahaan;Tingkat Nasional;Juara 2;2023;Komunitas/Organisasi;7
MHS01230;Akademik;Seni & Budaya;Tingkat Kampus;Peserta;2025;Komunitas/Organisasi;7
MHS01235;Non-Akademik;Sosial & Kemasyarakatan;Tingkat Nasional;Peserta;2019;Perusahaan/Swasta;3
MHS01235;Akademik;Sains & Teknologi;Tingkat Nasional;Peserta;2020;Perusahaan/Swasta;3
MHS01235;Akademik;Sains & Teknologi;Tingkat Lokal/Wilayah;Finalis;2022;Pemerintah Daerah;3
MHS01239;Akademik;Debat & Karya Tulis;Tingkat Kampus;Peserta;2025;Kemendikbudristek;1
MHS01241;Akademik;Debat & Karya Tulis;Tingkat Internasional;Finalis;2025;Perguruan Tinggi;2
MHS01241;Non-Akademik;Kewirausahaan;Tingkat Nasional;Finalis;2026;Perusahaan/Swasta;2
MHS01242;Non-Akademik;Keagamaan;Tingkat Lokal/Wilayah;Peserta;2025;Perusahaan/Swasta;1
MHS01243;Akademik;Sains & Teknologi;Tingkat Kampus;Juara 2;2025;Perusahaan/Swasta;1
MHS01244;Akademik;Keagamaan;Tingkat Kampus;Peserta;2025;Kemendikbudristek;2
MHS01244;Akademik;Sains & Teknologi;Tingkat Kampus;Juara 2;2025;Kemendikbudristek;2
MHS01247;Non-Akademik;Sosial & Kemasyarakatan;Tingkat Nasional;Finalis;2023;Perguruan Tinggi;3
MHS01247;Akademik;Seni & Budaya;Tingkat Internasional;Juara 2;2024;Perusahaan/Swasta;3
MHS01247;Non-Akademik;Sosial & Kemasyarakatan;Tingkat Lokal/Wilayah;Finalis;2024;Perusahaan/Swasta;3
MHS01250;Akademik;Olahraga;Tingkat Lokal/Wilayah;Finalis;2026;Perusahaan/Swasta;1
MHS01251;Non-Akademik;Keagamaan;Tingkat Lokal/Wilayah;Finalis;2026;Komunitas/Organisasi;1
MHS01253;Non-Akademik;Kewirausahaan;Tingkat Kampus;Peserta;2023;Komunitas/Organisasi;1
MHS01254;Akademik;Sains & Teknologi;Tingkat Kampus;Peserta;2023;Perusahaan/Swasta;5
MHS01254;Non-Akademik;Seni & Budaya;Tingkat Kampus;Peserta;2023;Kemendikbudristek;5
MHS01254;Akademik;Sains & Teknologi;Tingkat Kampus;Juara 1;2023;Kemendikbudristek;5
MHS01254;Non-Akademik;Seni & Budaya;Tingkat Lokal/Wilayah;Peserta;2023;Kemendikbudristek;5
MHS01254;Non-Akademik;Seni & Budaya;Tingkat Kampus;Juara 1;2025;Pemerintah Daerah;5
MHS01255;Akademik;Debat & Karya Tulis;Tingkat Kampus;Peserta;2025;Perguruan Tinggi;3
MHS01255;Akademik;Debat & Karya Tulis;Tingkat Lokal/Wilayah;Juara 2;2025;Kemendikbudristek;3
MHS01255;Non-Akademik;Keagamaan;Tingkat Lokal/Wilayah;Finalis;2025;Perusahaan/Swasta;3
MHS01256;Non-Akademik;Seni & Budaya;Tingkat Nasional;Juara 3;2026;Perusahaan/Swasta;1
MHS01257;Akademik;Seni & Budaya;Tingkat Lokal/Wilayah;Finalis;2025;Perusahaan/Swasta;2
MHS01257;Non-Akademik;Keagamaan;Tingkat Kampus;Peserta;2026;Komunitas/Organisasi;2
MHS01258;Akademik;Sains & Teknologi;Tingkat Kampus;Finalis;2025;Komunitas/Organisasi;1
MHS01259;Akademik;Debat & Karya Tulis;Tingkat Kampus;Juara 2;2026;Pemerintah Daerah;1
MHS01261;Non-Akademik;Keagamaan;Tingkat Lokal/Wilayah;Juara 2;2024;Kemendikbudristek;6
MHS01261;Akademik;Olahraga;Tingkat Kampus;Juara 2;2024;Perusahaan/Swasta;6
MHS01261;Akademik;Kewirausahaan;Tingkat Kampus;Juara 1;2024;Pemerintah Daerah;6
MHS01261;Akademik;Debat & Karya Tulis;Tingkat Nasional;Finalis;2025;Komunitas/Organisasi;6
MHS01261;Akademik;Seni & Budaya;Tingkat Lokal/Wilayah;Finalis;2025;Perusahaan/Swasta;6
MHS01261;Non-Akademik;Sosial & Kemasyarakatan;Tingkat Nasional;Juara 2;2026;Pemerintah Daerah;6
MHS01263;Non-Akademik;Sosial & Kemasyarakatan;Tingkat Kampus;Juara 3;2025;Komunitas/Organisasi;3
MHS01263;Non-Akademik;Sosial & Kemasyarakatan;Tingkat Lokal/Wilayah;Juara 3;2026;Pemerintah Daerah;3
MHS01263;Non-Akademik;Olahraga;Tingkat Lokal/Wilayah;Juara 3;2026;Pemerintah Daerah;3
MHS01268;Non-Akademik;Seni & Budaya;Tingkat Lokal/Wilayah;Peserta;2026;Perusahaan/Swasta;1
MHS01270;Akademik;Debat & Karya Tulis;Tingkat Internasional;Juara 1;2024;Perguruan Tinggi;2
MHS01270;Non-Akademik;Seni & Budaya;Tingkat Kampus;Peserta;2026;Perguruan Tinggi;2
MHS01272;Akademik;Sains & Teknologi;Tingkat Kampus;Peserta;2022;Komunitas/Organisasi;1
MHS01274;Non-Akademik;Olahraga;Tingkat Kampus;Peserta;2022;Kemendikbudristek;3
MHS01274;Akademik;Sosial & Kemasyarakatan;Tingkat Lokal/Wilayah;Juara 2;2022;Perusahaan/Swasta;3
MHS01274;Akademik;Debat & Karya Tulis;Tingkat Nasional;Finalis;2022;Komunitas/Organisasi;3
MHS01275;Non-Akademik;Kewirausahaan;Tingkat Lokal/Wilayah;Juara 3;2024;Komunitas/Organisasi;1
MHS01277;Akademik;Sains & Teknologi;Tingkat Kampus;Finalis;2025;Komunitas/Organisasi;2
MHS01277;Non-Akademik;Sosial & Kemasyarakatan;Tingkat Internasional;Juara 3;2026;Perusahaan/Swasta;2
MHS01281;Non-Akademik;Seni & Budaya;Tingkat Lokal/Wilayah;Juara 3;2026;Pemerintah Daerah;1
MHS01284;Akademik;Debat & Karya Tulis;Tingkat Kampus;Finalis;2025;Perguruan Tinggi;1
MHS01285;Akademik;Sains & Teknologi;Tingkat Kampus;Juara 2;2024;Pemerintah Daerah;2
MHS01285;Non-Akademik;Sosial & Kemasyarakatan;Tingkat Nasional;Juara 2;2026;Kemendikbudristek;2
MHS01288;Akademik;Debat & Karya Tulis;Tingkat Kampus;Peserta;2022;Perusahaan/Swasta;2
MHS01288;Akademik;Keagamaan;Tingkat Lokal/Wilayah;Finalis;2024;Komunitas/Organisasi;2
MHS01291;Non-Akademik;Olahraga;Tingkat Lokal/Wilayah;Juara 3;2024;Perusahaan/Swasta;1
MHS01292;Akademik;Sains & Teknologi;Tingkat Kampus;Peserta;2024;Perguruan Tinggi;4
MHS01292;Non-Akademik;Seni & Budaya;Tingkat Kampus;Finalis;2024;Pemerintah Daerah;4
MHS01292;Akademik;Debat & Karya Tulis;Tingkat Kampus;Juara 2;2024;Perusahaan/Swasta;4
MHS01292;Akademik;Debat & Karya Tulis;Tingkat Kampus;Peserta;2026;Pemerintah Daerah;4
MHS01294;Non-Akademik;Seni & Budaya;Tingkat Lokal/Wilayah;Peserta;2023;Perusahaan/Swasta;1
MHS01298;Akademik;Debat & Karya Tulis;Tingkat Internasional;Finalis;2023;Pemerintah Daerah;4
MHS01298;Non-Akademik;Kewirausahaan;Tingkat Nasional;Juara 3;2023;Perguruan Tinggi;4
MHS01298;Akademik;Sains & Teknologi;Tingkat Lokal/Wilayah;Peserta;2025;Pemerintah Daerah;4
MHS01298;Akademik;Sains & Teknologi;Tingkat Lokal/Wilayah;Juara 2;2025;Pemerintah Daerah;4
MHS01299;Akademik;Sains & Teknologi;Tingkat Lokal/Wilayah;Finalis;2024;Perusahaan/Swasta;2
MHS01299;Akademik;Olahraga;Tingkat Kampus;Peserta;2026;Perusahaan/Swasta;2
MHS01300;Akademik;Sains & Teknologi;Tingkat Nasional;Juara 2;2025;Komunitas/Organisasi;1
MHS01302;Non-Akademik;Kewirausahaan;Tingkat Nasional;Peserta;2024;Kemendikbudristek;1
MHS01304;Akademik;Debat & Karya Tulis;Tingkat Kampus;Juara 3;2023;Komunitas/Organisasi;2
MHS01304;Non-Akademik;Kewirausahaan;Tingkat Internasional;Juara 1;2024;Pemerintah Daerah;2
MHS01305;Non-Akademik;Olahraga;Tingkat Nasional;Peserta;2025;Perguruan Tinggi;1
MHS01306;Non-Akademik;Olahraga;Tingkat Kampus;Finalis;2024;Komunitas/Organisasi;1
MHS01309;Non-Akademik;Kewirausahaan;Tingkat Lokal/Wilayah;Peserta;2022;Pemerintah Daerah;2
MHS01309;Non-Akademik;Seni & Budaya;Tingkat Lokal/Wilayah;Peserta;2025;Perguruan Tinggi;2
MHS01312;Non-Akademik;Kewirausahaan;Tingkat Lokal/Wilayah;Finalis;2024;Komunitas/Organisasi;3
MHS01312;Non-Akademik;Kewirausahaan;Tingkat Kampus;Finalis;2024;Perusahaan/Swasta;3
MHS01312;Non-Akademik;Keagamaan;Tingkat Kampus;Juara 2;2025;Perusahaan/Swasta;3
MHS01314;Non-Akademik;Olahraga;Tingkat Kampus;Finalis;2026;Komunitas/Organisasi;1
MHS01315;Non-Akademik;Seni & Budaya;Tingkat Kampus;Peserta;2025;Komunitas/Organisasi;1
MHS01316;Non-Akademik;Keagamaan;Tingkat Lokal/Wilayah;Juara 2;2025;Pemerintah Daerah;1
MHS01317;Akademik;Debat & Karya Tulis;Tingkat Lokal/Wilayah;Peserta;2024;Komunitas/Organisasi;2
MHS01317;Non-Akademik;Olahraga;Tingkat Lokal/Wilayah;Juara 3;2025;Pemerintah Daerah;2
MHS01318;Non-Akademik;Kewirausahaan;Tingkat Nasional;Finalis;2024;Perguruan Tinggi;5
MHS01318;Akademik;Sosial & Kemasyarakatan;Tingkat Nasional;Finalis;2024;Pemerintah Daerah;5
MHS01318;Non-Akademik;Olahraga;Tingkat Kampus;Juara 3;2025;Perusahaan/Swasta;5
MHS01318;Non-Akademik;Sosial & Kemasyarakatan;Tingkat Nasional;Juara 1;2025;Perguruan Tinggi;5
MHS01318;Akademik;Kewirausahaan;Tingkat Nasional;Juara 1;2025;Kemendikbudristek;5
MHS01319;Akademik;Sains & Teknologi;Tingkat Lokal/Wilayah;Juara 2;2025;Perusahaan/Swasta;1
MHS01320;Akademik;Sains & Teknologi;Tingkat Kampus;Peserta;2026;Pemerintah Daerah;1
MHS01322;Non-Akademik;Seni & Budaya;Tingkat Lokal/Wilayah;Juara 2;2024;Pemerintah Daerah;2
MHS01322;Non-Akademik;Seni & Budaya;Tingkat Kampus;Finalis;2024;Komunitas/Organisasi;2
MHS01324;Akademik;Sains & Teknologi;Tingkat Lokal/Wilayah;Finalis;2026;Pemerintah Daerah;1
MHS01326;Akademik;Sosial & Kemasyarakatan;Tingkat Nasional;Juara 3;2024;Perguruan Tinggi;1
MHS01327;Akademik;Debat & Karya Tulis;Tingkat Kampus;Finalis;2024;Komunitas/Organisasi;1
MHS01329;Non-Akademik;Seni & Budaya;Tingkat Lokal/Wilayah;Juara 1;2026;Kemendikbudristek;2
MHS01329;Akademik;Debat & Karya Tulis;Tingkat Lokal/Wilayah;Peserta;2026;Kemendikbudristek;2
MHS01330;Akademik;Sosial & Kemasyarakatan;Tingkat Lokal/Wilayah;Juara 1;2025;Perusahaan/Swasta;3
MHS01330;Non-Akademik;Keagamaan;Tingkat Lokal/Wilayah;Juara 3;2026;Komunitas/Organisasi;3
MHS01330;Non-Akademik;Sosial & Kemasyarakatan;Tingkat Lokal/Wilayah;Juara 2;2026;Kemendikbudristek;3
MHS01332;Non-Akademik;Sosial & Kemasyarakatan;Tingkat Nasional;Finalis;2022;Perusahaan/Swasta;4
MHS01332;Non-Akademik;Olahraga;Tingkat Lokal/Wilayah;Juara 1;2023;Komunitas/Organisasi;4
MHS01332;Non-Akademik;Sosial & Kemasyarakatan;Tingkat Kampus;Finalis;2023;Komunitas/Organisasi;4
MHS01332;Non-Akademik;Kewirausahaan;Tingkat Kampus;Peserta;2026;Pemerintah Daerah;4
MHS01333;Non-Akademik;Keagamaan;Tingkat Kampus;Finalis;2023;Perusahaan/Swasta;2
MHS01333;Non-Akademik;Kewirausahaan;Tingkat Kampus;Peserta;2026;Kemendikbudristek;2
MHS01334;Akademik;Debat & Karya Tulis;Tingkat Nasional;Peserta;2025;Komunitas/Organisasi;1
MHS01335;Akademik;Debat & Karya Tulis;Tingkat Kampus;Juara 3;2021;Pemerintah Daerah;1
MHS01341;Akademik;Sains & Teknologi;Tingkat Kampus;Peserta;2021;Perusahaan/Swasta;3
MHS01341;Akademik;Debat & Karya Tulis;Tingkat Kampus;Peserta;2022;Pemerintah Daerah;3
MHS01341;Non-Akademik;Sosial & Kemasyarakatan;Tingkat Kampus;Peserta;2022;Pemerintah Daerah;3
MHS01343;Akademik;Kewirausahaan;Tingkat Nasional;Juara 1;2022;Pemerintah Daerah;5
MHS01343;Non-Akademik;Seni & Budaya;Tingkat Kampus;Juara 3;2022;Komunitas/Organisasi;5
MHS01343;Non-Akademik;Seni & Budaya;Tingkat Kampus;Peserta;2022;Kemendikbudristek;5
MHS01343;Non-Akademik;Sosial & Kemasyarakatan;Tingkat Kampus;Peserta;2023;Perusahaan/Swasta;5
MHS01343;Non-Akademik;Kewirausahaan;Tingkat Lokal/Wilayah;Finalis;2024;Perguruan Tinggi;5
MHS01344;Non-Akademik;Seni & Budaya;Tingkat Lokal/Wilayah;Peserta;2024;Perguruan Tinggi;3
MHS01344;Akademik;Debat & Karya Tulis;Tingkat Kampus;Peserta;2024;Kemendikbudristek;3
MHS01344;Non-Akademik;Keagamaan;Tingkat Nasional;Peserta;2025;Perguruan Tinggi;3
MHS01347;Non-Akademik;Seni & Budaya;Tingkat Kampus;Peserta;2025;Komunitas/Organisasi;2
MHS01347;Non-Akademik;Sosial & Kemasyarakatan;Tingkat Kampus;Peserta;2026;Perusahaan/Swasta;2
MHS01348;Non-Akademik;Sosial & Kemasyarakatan;Tingkat Kampus;Juara 2;2024;Pemerintah Daerah;4
MHS01348;Non-Akademik;Keagamaan;Tingkat Lokal/Wilayah;Peserta;2024;Perguruan Tinggi;4
MHS01348;Akademik;Keagamaan;Tingkat Lokal/Wilayah;Finalis;2025;Kemendikbudristek;4
MHS01348;Akademik;Sains & Teknologi;Tingkat Lokal/Wilayah;Peserta;2025;Kemendikbudristek;4
MHS01349;Non-Akademik;Seni & Budaya;Tingkat Lokal/Wilayah;Juara 1;2022;Pemerintah Daerah;1
MHS01350;Non-Akademik;Keagamaan;Tingkat Kampus;Peserta;2021;Komunitas/Organisasi;3
MHS01350;Akademik;Sains & Teknologi;Tingkat Lokal/Wilayah;Peserta;2023;Pemerintah Daerah;3
MHS01350;Akademik;Debat & Karya Tulis;Tingkat Lokal/Wilayah;Finalis;2025;Perusahaan/Swasta;3
MHS01351;Akademik;Seni & Budaya;Tingkat Kampus;Peserta;2019;Pemerintah Daerah;2
MHS01351;Non-Akademik;Seni & Budaya;Tingkat Lokal/Wilayah;Peserta;2022;Perusahaan/Swasta;2
MHS01352;Non-Akademik;Seni & Budaya;Tingkat Nasional;Juara 2;2024;Perguruan Tinggi;1
MHS01356;Akademik;Seni & Budaya;Tingkat Kampus;Peserta;2024;Perusahaan/Swasta;1
MHS01358;Non-Akademik;Seni & Budaya;Tingkat Kampus;Finalis;2025;Pemerintah Daerah;2
MHS01358;Non-Akademik;Keagamaan;Tingkat Lokal/Wilayah;Peserta;2026;Pemerintah Daerah;2
MHS01361;Akademik;Sains & Teknologi;Tingkat Lokal/Wilayah;Finalis;2025;Pemerintah Daerah;1
MHS01362;Non-Akademik;Keagamaan;Tingkat Nasional;Finalis;2023;Komunitas/Organisasi;3
MHS01362;Akademik;Debat & Karya Tulis;Tingkat Internasional;Peserta;2023;Perguruan Tinggi;3
MHS01362;Akademik;Debat & Karya Tulis;Tingkat Lokal/Wilayah;Finalis;2026;Perguruan Tinggi;3
MHS01363;Akademik;Debat & Karya Tulis;Tingkat Lokal/Wilayah;Finalis;2024;Perusahaan/Swasta;2
MHS01363;Akademik;Sains & Teknologi;Tingkat Lokal/Wilayah;Finalis;2024;Pemerintah Daerah;2
MHS01365;Non-Akademik;Kewirausahaan;Tingkat Lokal/Wilayah;Peserta;2024;Komunitas/Organisasi;1
MHS01367;Akademik;Sosial & Kemasyarakatan;Tingkat Nasional;Juara 3;2023;Komunitas/Organisasi;2
MHS01367;Akademik;Debat & Karya Tulis;Tingkat Lokal/Wilayah;Peserta;2026;Kemendikbudristek;2
MHS01370;Non-Akademik;Kewirausahaan;Tingkat Kampus;Finalis;2025;Komunitas/Organisasi;2
MHS01370;Akademik;Seni & Budaya;Tingkat Kampus;Peserta;2026;Komunitas/Organisasi;2
MHS01371;Akademik;Sains & Teknologi;Tingkat Nasional;Peserta;2024;Pemerintah Daerah;1
MHS01372;Non-Akademik;Keagamaan;Tingkat Internasional;Juara 3;2023;Perguruan Tinggi;1
MHS01377;Akademik;Seni & Budaya;Tingkat Lokal/Wilayah;Juara 2;2020;Kemendikbudristek;7
MHS01377;Akademik;Debat & Karya Tulis;Tingkat Nasional;Juara 3;2020;Komunitas/Organisasi;7
MHS01377;Akademik;Olahraga;Tingkat Internasional;Juara 2;2023;Perguruan Tinggi;7
MHS01377;Non-Akademik;Seni & Budaya;Tingkat Kampus;Finalis;2023;Pemerintah Daerah;7
MHS01377;Akademik;Seni & Budaya;Tingkat Internasional;Peserta;2024;Perguruan Tinggi;7
MHS01377;Akademik;Olahraga;Tingkat Internasional;Peserta;2024;Perusahaan/Swasta;7
MHS01377;Akademik;Debat & Karya Tulis;Tingkat Lokal/Wilayah;Finalis;2024;Komunitas/Organisasi;7
MHS01378;Non-Akademik;Seni & Budaya;Tingkat Kampus;Juara 2;2024;Kemendikbudristek;3
MHS01378;Akademik;Seni & Budaya;Tingkat Lokal/Wilayah;Juara 3;2024;Perusahaan/Swasta;3
MHS01378;Non-Akademik;Olahraga;Tingkat Kampus;Juara 2;2025;Pemerintah Daerah;3
MHS01381;Akademik;Sains & Teknologi;Tingkat Kampus;Peserta;2022;Perusahaan/Swasta;3
MHS01381;Non-Akademik;Sosial & Kemasyarakatan;Tingkat Nasional;Juara 3;2024;Pemerintah Daerah;3
MHS01381;Non-Akademik;Kewirausahaan;Tingkat Kampus;Peserta;2025;Perusahaan/Swasta;3
MHS01382;Akademik;Debat & Karya Tulis;Tingkat Kampus;Peserta;2022;Komunitas/Organisasi;5
MHS01382;Non-Akademik;Kewirausahaan;Tingkat Kampus;Finalis;2022;Perusahaan/Swasta;5
MHS01382;Non-Akademik;Olahraga;Tingkat Lokal/Wilayah;Finalis;2022;Komunitas/Organisasi;5
MHS01382;Akademik;Sains & Teknologi;Tingkat Kampus;Juara 3;2024;Perguruan Tinggi;5
MHS01382;Non-Akademik;Olahraga;Tingkat Kampus;Peserta;2026;Pemerintah Daerah;5
MHS01383;Akademik;Debat & Karya Tulis;Tingkat Nasional;Juara 1;2025;Komunitas/Organisasi;1
MHS01384;Akademik;Sains & Teknologi;Tingkat Lokal/Wilayah;Finalis;2023;Kemendikbudristek;1
MHS01385;Akademik;Sains & Teknologi;Tingkat Kampus;Juara 3;2022;Kemendikbudristek;4
MHS01385;Non-Akademik;Kewirausahaan;Tingkat Lokal/Wilayah;Finalis;2023;Komunitas/Organisasi;4
MHS01385;Non-Akademik;Kewirausahaan;Tingkat Lokal/Wilayah;Peserta;2023;Kemendikbudristek;4
MHS01385;Non-Akademik;Olahraga;Tingkat Kampus;Juara 2;2024;Perusahaan/Swasta;4
MHS01386;Akademik;Sains & Teknologi;Tingkat Kampus;Finalis;2021;Perusahaan/Swasta;4
MHS01386;Non-Akademik;Seni & Budaya;Tingkat Nasional;Peserta;2021;Pemerintah Daerah;4
MHS01386;Akademik;Sains & Teknologi;Tingkat Lokal/Wilayah;Peserta;2022;Komunitas/Organisasi;4
MHS01386;Akademik;Seni & Budaya;Tingkat Lokal/Wilayah;Finalis;2024;Perusahaan/Swasta;4
MHS01387;Akademik;Seni & Budaya;Tingkat Lokal/Wilayah;Juara 2;2023;Komunitas/Organisasi;1
MHS01390;Non-Akademik;Seni & Budaya;Tingkat Kampus;Juara 3;2020;Pemerintah Daerah;2
MHS01390;Non-Akademik;Olahraga;Tingkat Kampus;Peserta;2020;Kemendikbudristek;2
MHS01391;Non-Akademik;Keagamaan;Tingkat Lokal/Wilayah;Finalis;2025;Pemerintah Daerah;1
MHS01393;Akademik;Sosial & Kemasyarakatan;Tingkat Lokal/Wilayah;Finalis;2025;Kemendikbudristek;1
MHS01394;Non-Akademik;Keagamaan;Tingkat Kampus;Juara 3;2026;Perusahaan/Swasta;1
MHS01396;Non-Akademik;Olahraga;Tingkat Kampus;Peserta;2025;Komunitas/Organisasi;3
MHS01396;Akademik;Sains & Teknologi;Tingkat Nasional;Peserta;2025;Perusahaan/Swasta;3
MHS01396;Non-Akademik;Seni & Budaya;Tingkat Nasional;Peserta;2026;Kemendikbudristek;3
MHS01398;Non-Akademik;Keagamaan;Tingkat Kampus;Peserta;2024;Perguruan Tinggi;1
MHS01399;Non-Akademik;Kewirausahaan;Tingkat Lokal/Wilayah;Finalis;2023;Komunitas/Organisasi;1
MHS01401;Akademik;Seni & Budaya;Tingkat Kampus;Peserta;2023;Perusahaan/Swasta;4
MHS01401;Non-Akademik;Kewirausahaan;Tingkat Kampus;Finalis;2023;Komunitas/Organisasi;4
MHS01401;Akademik;Sains & Teknologi;Tingkat Lokal/Wilayah;Finalis;2024;Komunitas/Organisasi;4
MHS01401;Non-Akademik;Sosial & Kemasyarakatan;Tingkat Nasional;Peserta;2025;Pemerintah Daerah;4
MHS01402;Akademik;Olahraga;Tingkat Lokal/Wilayah;Juara 2;2021;Kemendikbudristek;2
MHS01402;Akademik;Sains & Teknologi;Tingkat Nasional;Finalis;2024;Komunitas/Organisasi;2
MHS01404;Non-Akademik;Kewirausahaan;Tingkat Kampus;Juara 3;2024;Perguruan Tinggi;2
MHS01404;Non-Akademik;Kewirausahaan;Tingkat Kampus;Peserta;2024;Perusahaan/Swasta;2
MHS01405;Akademik;Sains & Teknologi;Tingkat Lokal/Wilayah;Juara 3;2024;Komunitas/Organisasi;1
MHS01406;Non-Akademik;Sosial & Kemasyarakatan;Tingkat Nasional;Juara 2;2025;Kemendikbudristek;1
MHS01407;Akademik;Debat & Karya Tulis;Tingkat Lokal/Wilayah;Peserta;2024;Perguruan Tinggi;2
MHS01407;Non-Akademik;Keagamaan;Tingkat Kampus;Juara 2;2026;Perguruan Tinggi;2
MHS01410;Non-Akademik;Seni & Budaya;Tingkat Nasional;Juara 3;2026;Komunitas/Organisasi;1
MHS01412;Akademik;Debat & Karya Tulis;Tingkat Kampus;Juara 2;2026;Perusahaan/Swasta;1
MHS01414;Akademik;Debat & Karya Tulis;Tingkat Lokal/Wilayah;Juara 2;2023;Perguruan Tinggi;4
MHS01414;Akademik;Seni & Budaya;Tingkat Lokal/Wilayah;Juara 2;2023;Kemendikbudristek;4
MHS01414;Non-Akademik;Seni & Budaya;Tingkat Lokal/Wilayah;Peserta;2024;Kemendikbudristek;4
MHS01414;Akademik;Debat & Karya Tulis;Tingkat Kampus;Juara 2;2025;Perusahaan/Swasta;4
MHS01417;Akademik;Kewirausahaan;Tingkat Kampus;Peserta;2020;Komunitas/Organisasi;1
MHS01419;Akademik;Sains & Teknologi;Tingkat Kampus;Peserta;2023;Perguruan Tinggi;4
MHS01419;Akademik;Sains & Teknologi;Tingkat Kampus;Finalis;2024;Komunitas/Organisasi;4
MHS01419;Akademik;Sains & Teknologi;Tingkat Kampus;Juara 1;2024;Perusahaan/Swasta;4
MHS01419;Non-Akademik;Seni & Budaya;Tingkat Lokal/Wilayah;Juara 2;2025;Pemerintah Daerah;4
MHS01420;Non-Akademik;Keagamaan;Tingkat Lokal/Wilayah;Peserta;2025;Perguruan Tinggi;1
MHS01421;Non-Akademik;Kewirausahaan;Tingkat Internasional;Peserta;2025;Perguruan Tinggi;3
MHS01421;Akademik;Seni & Budaya;Tingkat Nasional;Juara 2;2025;Pemerintah Daerah;3
MHS01421;Non-Akademik;Seni & Budaya;Tingkat Kampus;Juara 2;2026;Perusahaan/Swasta;3
MHS01424;Akademik;Debat & Karya Tulis;Tingkat Lokal/Wilayah;Juara 3;2022;Perusahaan/Swasta;2
MHS01424;Non-Akademik;Seni & Budaya;Tingkat Nasional;Finalis;2026;Kemendikbudristek;2
MHS01426;Akademik;Sains & Teknologi;Tingkat Lokal/Wilayah;Peserta;2023;Perusahaan/Swasta;2
MHS01426;Non-Akademik;Sosial & Kemasyarakatan;Tingkat Nasional;Juara 3;2026;Komunitas/Organisasi;2
MHS01427;Non-Akademik;Keagamaan;Tingkat Nasional;Juara 2;2025;Kemendikbudristek;2
MHS01427;Akademik;Sains & Teknologi;Tingkat Lokal/Wilayah;Juara 3;2026;Kemendikbudristek;2
MHS01429;Akademik;Sains & Teknologi;Tingkat Lokal/Wilayah;Peserta;2023;Perguruan Tinggi;5
MHS01429;Non-Akademik;Olahraga;Tingkat Kampus;Finalis;2024;Perguruan Tinggi;5
MHS01429;Non-Akademik;Keagamaan;Tingkat Kampus;Juara 3;2024;Kemendikbudristek;5
MHS01429;Akademik;Kewirausahaan;Tingkat Lokal/Wilayah;Peserta;2025;Perguruan Tinggi;5
MHS01429;Akademik;Debat & Karya Tulis;Tingkat Kampus;Juara 1;2026;Perguruan Tinggi;5
MHS01430;Non-Akademik;Keagamaan;Tingkat Lokal/Wilayah;Peserta;2026;Pemerintah Daerah;1
MHS01432;Akademik;Debat & Karya Tulis;Tingkat Kampus;Juara 2;2024;Pemerintah Daerah;3
MHS01432;Non-Akademik;Kewirausahaan;Tingkat Kampus;Peserta;2024;Pemerintah Daerah;3
MHS01432;Non-Akademik;Keagamaan;Tingkat Lokal/Wilayah;Juara 2;2025;Kemendikbudristek;3
MHS01434;Akademik;Debat & Karya Tulis;Tingkat Kampus;Juara 3;2024;Komunitas/Organisasi;1
MHS01436;Non-Akademik;Keagamaan;Tingkat Kampus;Juara 2;2019;Kemendikbudristek;1
MHS01438;Akademik;Seni & Budaya;Tingkat Nasional;Finalis;2025;Perguruan Tinggi;3
MHS01438;Akademik;Seni & Budaya;Tingkat Kampus;Juara 1;2025;Perguruan Tinggi;3
MHS01438;Non-Akademik;Olahraga;Tingkat Lokal/Wilayah;Finalis;2025;Pemerintah Daerah;3
MHS01439;Akademik;Olahraga;Tingkat Kampus;Finalis;2026;Perusahaan/Swasta;1
MHS01440;Non-Akademik;Keagamaan;Tingkat Lokal/Wilayah;Peserta;2025;Komunitas/Organisasi;1
MHS01441;Non-Akademik;Kewirausahaan;Tingkat Kampus;Juara 2;2026;Perusahaan/Swasta;1
MHS01442;Akademik;Debat & Karya Tulis;Tingkat Internasional;Juara 1;2025;Kemendikbudristek;1
MHS01443;Akademik;Keagamaan;Tingkat Lokal/Wilayah;Juara 3;2021;Perusahaan/Swasta;2
MHS01443;Akademik;Debat & Karya Tulis;Tingkat Lokal/Wilayah;Finalis;2022;Perguruan Tinggi;2
MHS01444;Akademik;Kewirausahaan;Tingkat Lokal/Wilayah;Peserta;2025;Kemendikbudristek;1
MHS01445;Akademik;Sosial & Kemasyarakatan;Tingkat Kampus;Finalis;2024;Perusahaan/Swasta;4
MHS01445;Akademik;Sains & Teknologi;Tingkat Kampus;Finalis;2025;Kemendikbudristek;4
MHS01445;Akademik;Seni & Budaya;Tingkat Kampus;Peserta;2026;Perusahaan/Swasta;4
MHS01445;Non-Akademik;Seni & Budaya;Tingkat Nasional;Juara 1;2026;Komunitas/Organisasi;4
MHS01446;Non-Akademik;Kewirausahaan;Tingkat Kampus;Finalis;2022;Perguruan Tinggi;1
MHS01448;Non-Akademik;Sosial & Kemasyarakatan;Tingkat Lokal/Wilayah;Juara 2;2024;Perusahaan/Swasta;1
MHS01450;Non-Akademik;Kewirausahaan;Tingkat Lokal/Wilayah;Peserta;2025;Perguruan Tinggi;2
MHS01450;Akademik;Sains & Teknologi;Tingkat Lokal/Wilayah;Finalis;2025;Pemerintah Daerah;2
MHS01452;Non-Akademik;Seni & Budaya;Tingkat Kampus;Juara 2;2023;Perguruan Tinggi;2
MHS01452;Non-Akademik;Keagamaan;Tingkat Lokal/Wilayah;Juara 3;2024;Perusahaan/Swasta;2
MHS01457;Non-Akademik;Seni & Budaya;Tingkat Kampus;Juara 1;2024;Pemerintah Daerah;1
MHS01460;Akademik;Debat & Karya Tulis;Tingkat Nasional;Juara 1;2024;Kemendikbudristek;7
MHS01460;Akademik;Sains & Teknologi;Tingkat Nasional;Peserta;2024;Perguruan Tinggi;7
MHS01460;Akademik;Sains & Teknologi;Tingkat Internasional;Finalis;2025;Perusahaan/Swasta;7
MHS01460;Akademik;Debat & Karya Tulis;Tingkat Lokal/Wilayah;Juara 2;2025;Perguruan Tinggi;7
MHS01460;Akademik;Sains & Teknologi;Tingkat Lokal/Wilayah;Peserta;2025;Komunitas/Organisasi;7
MHS01460;Non-Akademik;Kewirausahaan;Tingkat Nasional;Juara 1;2026;Perusahaan/Swasta;7
MHS01460;Non-Akademik;Olahraga;Tingkat Nasional;Juara 1;2026;Pemerintah Daerah;7
MHS01462;Non-Akademik;Sosial & Kemasyarakatan;Tingkat Kampus;Peserta;2019;Kemendikbudristek;1
MHS01463;Non-Akademik;Sosial & Kemasyarakatan;Tingkat Kampus;Juara 3;2024;Pemerintah Daerah;3
MHS01463;Non-Akademik;Keagamaan;Tingkat Kampus;Peserta;2025;Komunitas/Organisasi;3
MHS01463;Non-Akademik;Seni & Budaya;Tingkat Lokal/Wilayah;Juara 2;2026;Perguruan Tinggi;3
MHS01465;Akademik;Sains & Teknologi;Tingkat Kampus;Peserta;2025;Pemerintah Daerah;1
MHS01468;Akademik;Debat & Karya Tulis;Tingkat Kampus;Finalis;2025;Perusahaan/Swasta;2
MHS01468;Non-Akademik;Sosial & Kemasyarakatan;Tingkat Nasional;Juara 2;2026;Kemendikbudristek;2
MHS01470;Non-Akademik;Olahraga;Tingkat Kampus;Finalis;2025;Komunitas/Organisasi;2
MHS01470;Akademik;Debat & Karya Tulis;Tingkat Nasional;Peserta;2026;Komunitas/Organisasi;2
MHS01471;Non-Akademik;Keagamaan;Tingkat Lokal/Wilayah;Peserta;2026;Perguruan Tinggi;1
MHS01478;Akademik;Debat & Karya Tulis;Tingkat Lokal/Wilayah;Finalis;2024;Pemerintah Daerah;2
MHS01478;Non-Akademik;Seni & Budaya;Tingkat Lokal/Wilayah;Finalis;2026;Pemerintah Daerah;2
MHS01479;Akademik;Debat & Karya Tulis;Tingkat Kampus;Peserta;2024;Perusahaan/Swasta;1
MHS01480;Non-Akademik;Seni & Budaya;Tingkat Kampus;Finalis;2025;Pemerintah Daerah;1
MHS01484;Non-Akademik;Olahraga;Tingkat Kampus;Juara 3;2026;Komunitas/Organisasi;1
MHS01486;Akademik;Sains & Teknologi;Tingkat Nasional;Juara 1;2025;Kemendikbudristek;2
MHS01486;Akademik;Olahraga;Tingkat Nasional;Juara 2;2025;Pemerintah Daerah;2
MHS01488;Akademik;Debat & Karya Tulis;Tingkat Kampus;Finalis;2025;Kemendikbudristek;1
MHS01489;Akademik;Sosial & Kemasyarakatan;Tingkat Kampus;Peserta;2025;Kemendikbudristek;3
MHS01489;Akademik;Seni & Budaya;Tingkat Nasional;Finalis;2026;Perusahaan/Swasta;3
MHS01489;Akademik;Sains & Teknologi;Tingkat Kampus;Peserta;2026;Perguruan Tinggi;3
MHS01490;Non-Akademik;Seni & Budaya;Tingkat Lokal/Wilayah;Juara 2;2024;Komunitas/Organisasi;3
MHS01490;Non-Akademik;Kewirausahaan;Tingkat Internasional;Peserta;2024;Pemerintah Daerah;3
MHS01490;Non-Akademik;Keagamaan;Tingkat Lokal/Wilayah;Peserta;2025;Perguruan Tinggi;3
MHS01491;Akademik;Keagamaan;Tingkat Kampus;Juara 1;2025;Perguruan Tinggi;4
MHS01491;Non-Akademik;Olahraga;Tingkat Lokal/Wilayah;Finalis;2025;Perusahaan/Swasta;4
MHS01491;Non-Akademik;Keagamaan;Tingkat Lokal/Wilayah;Peserta;2026;Perguruan Tinggi;4
MHS01491;Non-Akademik;Olahraga;Tingkat Lokal/Wilayah;Finalis;2026;Perguruan Tinggi;4
MHS01492;Akademik;Sains & Teknologi;Tingkat Kampus;Finalis;2023;Kemendikbudristek;2
MHS01492;Akademik;Debat & Karya Tulis;Tingkat Lokal/Wilayah;Peserta;2025;Perguruan Tinggi;2
MHS01493;Akademik;Debat & Karya Tulis;Tingkat Nasional;Juara 1;2024;Komunitas/Organisasi;8
MHS01493;Non-Akademik;Seni & Budaya;Tingkat Kampus;Juara 2;2024;Perguruan Tinggi;8
MHS01493;Akademik;Olahraga;Tingkat Nasional;Juara 1;2025;Perguruan Tinggi;8
MHS01493;Non-Akademik;Keagamaan;Tingkat Nasional;Juara 1;2025;Perusahaan/Swasta;8
MHS01493;Akademik;Debat & Karya Tulis;Tingkat Nasional;Juara 1;2025;Pemerintah Daerah;8
MHS01493;Non-Akademik;Seni & Budaya;Tingkat Kampus;Juara 2;2025;Pemerintah Daerah;8
MHS01493;Non-Akademik;Seni & Budaya;Tingkat Nasional;Juara 1;2026;Perguruan Tinggi;8
MHS01493;Non-Akademik;Kewirausahaan;Tingkat Kampus;Juara 3;2026;Kemendikbudristek;8
MHS01494;Non-Akademik;Keagamaan;Tingkat Kampus;Peserta;2022;Kemendikbudristek;1
MHS01495;Akademik;Debat & Karya Tulis;Tingkat Lokal/Wilayah;Peserta;2025;Komunitas/Organisasi;1
MHS01496;Akademik;Sains & Teknologi;Tingkat Lokal/Wilayah;Juara 2;2022;Perusahaan/Swasta;5
MHS01496;Akademik;Debat & Karya Tulis;Tingkat Nasional;Juara 1;2023;Kemendikbudristek;5
MHS01496;Akademik;Kewirausahaan;Tingkat Kampus;Peserta;2023;Perguruan Tinggi;5
MHS01496;Non-Akademik;Kewirausahaan;Tingkat Kampus;Peserta;2024;Perguruan Tinggi;5
MHS01496;Akademik;Seni & Budaya;Tingkat Nasional;Juara 1;2025;Perguruan Tinggi;5
MHS01497;Non-Akademik;Sosial & Kemasyarakatan;Tingkat Nasional;Peserta;2026;Komunitas/Organisasi;1
MHS01499;Akademik;Debat & Karya Tulis;Tingkat Kampus;Peserta;2022;Perguruan Tinggi;1
MHS01501;Akademik;Sains & Teknologi;Tingkat Kampus;Peserta;2021;Perguruan Tinggi;2
MHS01501;Akademik;Debat & Karya Tulis;Tingkat Kampus;Juara 3;2024;Pemerintah Daerah;2
MHS01502;Akademik;Debat & Karya Tulis;Tingkat Kampus;Peserta;2025;Kemendikbudristek;2
MHS01502;Non-Akademik;Seni & Budaya;Tingkat Lokal/Wilayah;Juara 3;2025;Perusahaan/Swasta;2
MHS01503;Non-Akademik;Olahraga;Tingkat Lokal/Wilayah;Peserta;2024;Perusahaan/Swasta;2
MHS01503;Akademik;Sains & Teknologi;Tingkat Nasional;Juara 2;2026;Komunitas/Organisasi;2
MHS01504;Akademik;Sains & Teknologi;Tingkat Nasional;Juara 2;2024;Pemerintah Daerah;3
MHS01504;Non-Akademik;Seni & Budaya;Tingkat Kampus;Finalis;2024;Pemerintah Daerah;3
MHS01504;Non-Akademik;Seni & Budaya;Tingkat Lokal/Wilayah;Peserta;2024;Pemerintah Daerah;3
MHS01505;Non-Akademik;Sosial & Kemasyarakatan;Tingkat Lokal/Wilayah;Juara 1;2024;Kemendikbudristek;3
MHS01505;Akademik;Sains & Teknologi;Tingkat Lokal/Wilayah;Peserta;2025;Perusahaan/Swasta;3
MHS01505;Akademik;Sosial & Kemasyarakatan;Tingkat Nasional;Juara 3;2026;Perguruan Tinggi;3
MHS01506;Akademik;Sains & Teknologi;Tingkat Lokal/Wilayah;Juara 3;2025;Kemendikbudristek;2
MHS01506;Non-Akademik;Keagamaan;Tingkat Kampus;Finalis;2026;Pemerintah Daerah;2
MHS01507;Akademik;Debat & Karya Tulis;Tingkat Kampus;Juara 2;2023;Kemendikbudristek;2
MHS01507;Non-Akademik;Kewirausahaan;Tingkat Lokal/Wilayah;Finalis;2024;Komunitas/Organisasi;2
MHS01508;Non-Akademik;Seni & Budaya;Tingkat Internasional;Juara 1;2024;Komunitas/Organisasi;1
MHS01510;Non-Akademik;Sosial & Kemasyarakatan;Tingkat Kampus;Juara 3;2023;Perguruan Tinggi;4
MHS01510;Akademik;Debat & Karya Tulis;Tingkat Nasional;Finalis;2023;Perguruan Tinggi;4
MHS01510;Non-Akademik;Keagamaan;Tingkat Lokal/Wilayah;Peserta;2024;Komunitas/Organisasi;4
MHS01510;Non-Akademik;Seni & Budaya;Tingkat Kampus;Peserta;2026;Komunitas/Organisasi;4
MHS01512;Non-Akademik;Olahraga;Tingkat Kampus;Finalis;2024;Perguruan Tinggi;1
MHS01514;Non-Akademik;Seni & Budaya;Tingkat Lokal/Wilayah;Juara 1;2023;Perguruan Tinggi;1
MHS01515;Akademik;Debat & Karya Tulis;Tingkat Kampus;Peserta;2024;Komunitas/Organisasi;2
MHS01515;Non-Akademik;Sosial & Kemasyarakatan;Tingkat Nasional;Juara 2;2025;Kemendikbudristek;2
MHS01519;Akademik;Sains & Teknologi;Tingkat Nasional;Juara 3;2025;Perguruan Tinggi;1
MHS01520;Non-Akademik;Sosial & Kemasyarakatan;Tingkat Kampus;Finalis;2024;Perguruan Tinggi;1
MHS01521;Non-Akademik;Keagamaan;Tingkat Nasional;Peserta;2021;Pemerintah Daerah;7
MHS01521;Akademik;Debat & Karya Tulis;Tingkat Lokal/Wilayah;Peserta;2021;Komunitas/Organisasi;7
MHS01521;Non-Akademik;Kewirausahaan;Tingkat Nasional;Juara 1;2022;Pemerintah Daerah;7
MHS01521;Akademik;Sains & Teknologi;Tingkat Lokal/Wilayah;Peserta;2022;Perusahaan/Swasta;7
MHS01521;Akademik;Debat & Karya Tulis;Tingkat Kampus;Juara 2;2023;Perguruan Tinggi;7
MHS01521;Akademik;Sains & Teknologi;Tingkat Kampus;Juara 1;2024;Pemerintah Daerah;7
MHS01521;Non-Akademik;Sosial & Kemasyarakatan;Tingkat Lokal/Wilayah;Juara 2;2024;Perusahaan/Swasta;7
MHS01522;Akademik;Debat & Karya Tulis;Tingkat Kampus;Juara 2;2024;Pemerintah Daerah;2
MHS01522;Non-Akademik;Seni & Budaya;Tingkat Lokal/Wilayah;Finalis;2024;Perguruan Tinggi;2
MHS01523;Non-Akademik;Olahraga;Tingkat Lokal/Wilayah;Peserta;2025;Perusahaan/Swasta;1
MHS01524;Akademik;Debat & Karya Tulis;Tingkat Kampus;Peserta;2023;Kemendikbudristek;7
MHS01524;Non-Akademik;Olahraga;Tingkat Lokal/Wilayah;Juara 3;2023;Perguruan Tinggi;7
MHS01524;Akademik;Debat & Karya Tulis;Tingkat Kampus;Peserta;2025;Perguruan Tinggi;7
MHS01524;Non-Akademik;Olahraga;Tingkat Kampus;Finalis;2025;Perusahaan/Swasta;7
MHS01524;Akademik;Sains & Teknologi;Tingkat Lokal/Wilayah;Finalis;2025;Komunitas/Organisasi;7
MHS01524;Non-Akademik;Olahraga;Tingkat Lokal/Wilayah;Peserta;2025;Kemendikbudristek;7
MHS01524;Akademik;Debat & Karya Tulis;Tingkat Nasional;Juara 3;2026;Komunitas/Organisasi;7
MHS01526;Non-Akademik;Seni & Budaya;Tingkat Kampus;Finalis;2024;Perguruan Tinggi;3
MHS01526;Non-Akademik;Sosial & Kemasyarakatan;Tingkat Lokal/Wilayah;Juara 1;2025;Kemendikbudristek;3
MHS01526;Non-Akademik;Sosial & Kemasyarakatan;Tingkat Kampus;Finalis;2025;Pemerintah Daerah;3
MHS01527;Akademik;Sains & Teknologi;Tingkat Lokal/Wilayah;Finalis;2025;Pemerintah Daerah;1
MHS01528;Akademik;Keagamaan;Tingkat Internasional;Juara 1;2025;Perusahaan/Swasta;2
MHS01528;Non-Akademik;Keagamaan;Tingkat Kampus;Peserta;2025;Komunitas/Organisasi;2
MHS01529;Non-Akademik;Olahraga;Tingkat Kampus;Juara 2;2023;Perusahaan/Swasta;4
MHS01529;Non-Akademik;Kewirausahaan;Tingkat Lokal/Wilayah;Peserta;2025;Komunitas/Organisasi;4
MHS01529;Akademik;Sains & Teknologi;Tingkat Lokal/Wilayah;Peserta;2025;Perusahaan/Swasta;4
MHS01529;Non-Akademik;Sosial & Kemasyarakatan;Tingkat Kampus;Finalis;2025;Perguruan Tinggi;4
MHS01530;Non-Akademik;Kewirausahaan;Tingkat Lokal/Wilayah;Peserta;2022;Pemerintah Daerah;2
MHS01530;Akademik;Debat & Karya Tulis;Tingkat Lokal/Wilayah;Peserta;2023;Komunitas/Organisasi;2
MHS01534;Akademik;Kewirausahaan;Tingkat Internasional;Juara 3;2024;Perguruan Tinggi;3
MHS01534;Akademik;Debat & Karya Tulis;Tingkat Nasional;Juara 2;2024;Perusahaan/Swasta;3
MHS01534;Akademik;Sains & Teknologi;Tingkat Kampus;Peserta;2026;Komunitas/Organisasi;3
MHS01539;Akademik;Debat & Karya Tulis;Tingkat Lokal/Wilayah;Juara 2;2026;Kemendikbudristek;1
MHS01541;Non-Akademik;Kewirausahaan;Tingkat Kampus;Juara 3;2022;Perguruan Tinggi;4
MHS01541;Non-Akademik;Olahraga;Tingkat Lokal/Wilayah;Peserta;2023;Perusahaan/Swasta;4
MHS01541;Non-Akademik;Kewirausahaan;Tingkat Kampus;Juara 1;2025;Kemendikbudristek;4
MHS01541;Non-Akademik;Kewirausahaan;Tingkat Nasional;Peserta;2025;Kemendikbudristek;4
MHS01542;Non-Akademik;Olahraga;Tingkat Lokal/Wilayah;Peserta;2024;Perusahaan/Swasta;3
MHS01542;Non-Akademik;Sosial & Kemasyarakatan;Tingkat Kampus;Juara 3;2024;Komunitas/Organisasi;3
MHS01542;Akademik;Sains & Teknologi;Tingkat Lokal/Wilayah;Peserta;2025;Kemendikbudristek;3
MHS01543;Akademik;Debat & Karya Tulis;Tingkat Kampus;Finalis;2025;Perguruan Tinggi;1
MHS01544;Non-Akademik;Sosial & Kemasyarakatan;Tingkat Nasional;Finalis;2025;Perusahaan/Swasta;3
MHS01544;Non-Akademik;Seni & Budaya;Tingkat Kampus;Juara 1;2025;Perusahaan/Swasta;3
MHS01544;Non-Akademik;Olahraga;Tingkat Kampus;Juara 1;2025;Komunitas/Organisasi;3
MHS01546;Non-Akademik;Olahraga;Tingkat Nasional;Peserta;2024;Perguruan Tinggi;3
MHS01546;Non-Akademik;Seni & Budaya;Tingkat Nasional;Peserta;2024;Komunitas/Organisasi;3
MHS01546;Non-Akademik;Kewirausahaan;Tingkat Kampus;Peserta;2025;Pemerintah Daerah;3
MHS01547;Non-Akademik;Kewirausahaan;Tingkat Internasional;Juara 3;2025;Perusahaan/Swasta;1
MHS01549;Non-Akademik;Keagamaan;Tingkat Kampus;Finalis;2026;Pemerintah Daerah;1
MHS01550;Non-Akademik;Keagamaan;Tingkat Kampus;Juara 3;2023;Pemerintah Daerah;6
MHS01550;Non-Akademik;Keagamaan;Tingkat Kampus;Finalis;2023;Komunitas/Organisasi;6
MHS01550;Akademik;Sosial & Kemasyarakatan;Tingkat Kampus;Peserta;2024;Perusahaan/Swasta;6
MHS01550;Non-Akademik;Olahraga;Tingkat Kampus;Juara 1;2025;Kemendikbudristek;6
MHS01550;Akademik;Debat & Karya Tulis;Tingkat Kampus;Juara 3;2025;Perusahaan/Swasta;6
MHS01550;Non-Akademik;Olahraga;Tingkat Nasional;Peserta;2026;Komunitas/Organisasi;6
MHS01551;Akademik;Sains & Teknologi;Tingkat Kampus;Peserta;2025;Komunitas/Organisasi;1
MHS01553;Non-Akademik;Olahraga;Tingkat Kampus;Juara 2;2025;Komunitas/Organisasi;2
MHS01553;Akademik;Debat & Karya Tulis;Tingkat Nasional;Juara 1;2025;Kemendikbudristek;2
MHS01555;Non-Akademik;Keagamaan;Tingkat Nasional;Finalis;2022;Komunitas/Organisasi;7
MHS01555;Non-Akademik;Sosial & Kemasyarakatan;Tingkat Nasional;Peserta;2022;Perguruan Tinggi;7
MHS01555;Non-Akademik;Keagamaan;Tingkat Kampus;Finalis;2023;Komunitas/Organisasi;7
MHS01555;Akademik;Sains & Teknologi;Tingkat Lokal/Wilayah;Juara 2;2024;Komunitas/Organisasi;7
MHS01555;Non-Akademik;Sosial & Kemasyarakatan;Tingkat Nasional;Juara 2;2024;Kemendikbudristek;7
MHS01555;Akademik;Sains & Teknologi;Tingkat Nasional;Juara 2;2026;Perguruan Tinggi;7
MHS01555;Non-Akademik;Keagamaan;Tingkat Lokal/Wilayah;Juara 2;2026;Komunitas/Organisasi;7
MHS01558;Akademik;Sains & Teknologi;Tingkat Lokal/Wilayah;Finalis;2024;Perusahaan/Swasta;3
MHS01558;Akademik;Kewirausahaan;Tingkat Kampus;Peserta;2025;Pemerintah Daerah;3
MHS01558;Akademik;Sains & Teknologi;Tingkat Kampus;Juara 2;2025;Perguruan Tinggi;3
MHS01560;Non-Akademik;Kewirausahaan;Tingkat Lokal/Wilayah;Juara 1;2025;Kemendikbudristek;1
MHS01562;Akademik;Olahraga;Tingkat Lokal/Wilayah;Finalis;2026;Komunitas/Organisasi;1
MHS01564;Non-Akademik;Seni & Budaya;Tingkat Lokal/Wilayah;Peserta;2025;Pemerintah Daerah;3
MHS01564;Non-Akademik;Kewirausahaan;Tingkat Kampus;Peserta;2025;Perusahaan/Swasta;3
MHS01564;Akademik;Sains & Teknologi;Tingkat Nasional;Juara 1;2026;Komunitas/Organisasi;3
MHS01566;Akademik;Sains & Teknologi;Tingkat Kampus;Juara 1;2024;Kemendikbudristek;1
MHS01567;Akademik;Sains & Teknologi;Tingkat Lokal/Wilayah;Finalis;2024;Kemendikbudristek;3
MHS01567;Akademik;Sains & Teknologi;Tingkat Nasional;Finalis;2025;Komunitas/Organisasi;3
MHS01567;Non-Akademik;Olahraga;Tingkat Kampus;Peserta;2025;Perusahaan/Swasta;3
MHS01568;Non-Akademik;Seni & Budaya;Tingkat Lokal/Wilayah;Juara 1;2023;Pemerintah Daerah;4
MHS01568;Non-Akademik;Olahraga;Tingkat Kampus;Juara 2;2023;Perusahaan/Swasta;4
MHS01568;Non-Akademik;Keagamaan;Tingkat Kampus;Finalis;2024;Perguruan Tinggi;4
MHS01568;Non-Akademik;Seni & Budaya;Tingkat Nasional;Juara 1;2024;Komunitas/Organisasi;4
MHS01570;Akademik;Keagamaan;Tingkat Kampus;Finalis;2025;Perusahaan/Swasta;2
MHS01570;Non-Akademik;Olahraga;Tingkat Kampus;Juara 2;2026;Pemerintah Daerah;2
MHS01571;Akademik;Sains & Teknologi;Tingkat Lokal/Wilayah;Finalis;2024;Perusahaan/Swasta;2
MHS01571;Non-Akademik;Seni & Budaya;Tingkat Nasional;Finalis;2024;Perguruan Tinggi;2
MHS01573;Akademik;Debat & Karya Tulis;Tingkat Nasional;Finalis;2026;Komunitas/Organisasi;1
MHS01574;Non-Akademik;Sosial & Kemasyarakatan;Tingkat Kampus;Finalis;2025;Pemerintah Daerah;1
MHS01576;Akademik;Sains & Teknologi;Tingkat Nasional;Finalis;2021;Perusahaan/Swasta;1
MHS01580;Akademik;Debat & Karya Tulis;Tingkat Kampus;Peserta;2023;Perguruan Tinggi;1
MHS01581;Non-Akademik;Olahraga;Tingkat Lokal/Wilayah;Finalis;2025;Pemerintah Daerah;1
MHS01583;Akademik;Debat & Karya Tulis;Tingkat Lokal/Wilayah;Peserta;2024;Pemerintah Daerah;1
MHS01584;Akademik;Debat & Karya Tulis;Tingkat Kampus;Peserta;2025;Kemendikbudristek;1
MHS01586;Akademik;Sosial & Kemasyarakatan;Tingkat Kampus;Juara 3;2025;Komunitas/Organisasi;2
MHS01586;Non-Akademik;Olahraga;Tingkat Nasional;Finalis;2025;Komunitas/Organisasi;2
MHS01587;Non-Akademik;Sosial & Kemasyarakatan;Tingkat Kampus;Finalis;2025;Perusahaan/Swasta;3
MHS01587;Non-Akademik;Kewirausahaan;Tingkat Kampus;Peserta;2025;Pemerintah Daerah;3
MHS01587;Non-Akademik;Olahraga;Tingkat Nasional;Peserta;2026;Perusahaan/Swasta;3
MHS01588;Non-Akademik;Sosial & Kemasyarakatan;Tingkat Kampus;Juara 2;2025;Pemerintah Daerah;3
MHS01588;Akademik;Debat & Karya Tulis;Tingkat Kampus;Finalis;2025;Komunitas/Organisasi;3
MHS01588;Non-Akademik;Olahraga;Tingkat Nasional;Juara 1;2026;Perusahaan/Swasta;3
MHS01590;Akademik;Sains & Teknologi;Tingkat Internasional;Juara 1;2024;Pemerintah Daerah;5
MHS01590;Akademik;Sains & Teknologi;Tingkat Nasional;Finalis;2025;Komunitas/Organisasi;5
MHS01590;Non-Akademik;Keagamaan;Tingkat Nasional;Peserta;2025;Perguruan Tinggi;5
MHS01590;Akademik;Sains & Teknologi;Tingkat Nasional;Juara 3;2026;Perguruan Tinggi;5
MHS01590;Akademik;Sains & Teknologi;Tingkat Internasional;Juara 3;2026;Perusahaan/Swasta;5
MHS01591;Non-Akademik;Sosial & Kemasyarakatan;Tingkat Lokal/Wilayah;Peserta;2025;Komunitas/Organisasi;1
MHS01592;Akademik;Debat & Karya Tulis;Tingkat Lokal/Wilayah;Peserta;2025;Komunitas/Organisasi;1
MHS01593;Non-Akademik;Sosial & Kemasyarakatan;Tingkat Internasional;Juara 1;2026;Kemendikbudristek;2
MHS01593;Akademik;Sains & Teknologi;Tingkat Internasional;Finalis;2026;Perusahaan/Swasta;2
MHS01597;Non-Akademik;Seni & Budaya;Tingkat Kampus;Peserta;2024;Komunitas/Organisasi;2
MHS01597;Non-Akademik;Olahraga;Tingkat Kampus;Juara 1;2026;Komunitas/Organisasi;2
MHS01602;Non-Akademik;Seni & Budaya;Tingkat Lokal/Wilayah;Peserta;2022;Pemerintah Daerah;2
MHS01602;Akademik;Debat & Karya Tulis;Tingkat Nasional;Peserta;2024;Perguruan Tinggi;2
MHS01603;Non-Akademik;Seni & Budaya;Tingkat Nasional;Peserta;2025;Pemerintah Daerah;1
MHS01606;Non-Akademik;Keagamaan;Tingkat Lokal/Wilayah;Finalis;2023;Kemendikbudristek;1
MHS01608;Akademik;Olahraga;Tingkat Lokal/Wilayah;Peserta;2024;Perguruan Tinggi;1
MHS01609;Akademik;Seni & Budaya;Tingkat Nasional;Finalis;2021;Pemerintah Daerah;1
MHS01610;Non-Akademik;Kewirausahaan;Tingkat Lokal/Wilayah;Peserta;2022;Kemendikbudristek;1
MHS01611;Non-Akademik;Sosial & Kemasyarakatan;Tingkat Kampus;Peserta;2026;Pemerintah Daerah;1
MHS01612;Non-Akademik;Sosial & Kemasyarakatan;Tingkat Kampus;Juara 3;2024;Pemerintah Daerah;1
MHS01613;Non-Akademik;Olahraga;Tingkat Nasional;Finalis;2021;Perusahaan/Swasta;1
MHS01614;Non-Akademik;Olahraga;Tingkat Nasional;Peserta;2024;Komunitas/Organisasi;5
MHS01614;Non-Akademik;Kewirausahaan;Tingkat Kampus;Juara 3;2024;Komunitas/Organisasi;5
MHS01614;Akademik;Debat & Karya Tulis;Tingkat Internasional;Peserta;2025;Komunitas/Organisasi;5
MHS01614;Akademik;Keagamaan;Tingkat Lokal/Wilayah;Finalis;2025;Perguruan Tinggi;5
MHS01614;Non-Akademik;Sosial & Kemasyarakatan;Tingkat Internasional;Juara 1;2026;Komunitas/Organisasi;5
MHS01617;Non-Akademik;Kewirausahaan;Tingkat Kampus;Finalis;2026;Perusahaan/Swasta;1
MHS01618;Non-Akademik;Kewirausahaan;Tingkat Kampus;Finalis;2025;Perusahaan/Swasta;1
MHS01621;Akademik;Sains & Teknologi;Tingkat Kampus;Peserta;2024;Kemendikbudristek;1
MHS01622;Akademik;Seni & Budaya;Tingkat Lokal/Wilayah;Finalis;2025;Komunitas/Organisasi;1
MHS01623;Non-Akademik;Olahraga;Tingkat Lokal/Wilayah;Juara 3;2025;Pemerintah Daerah;1
MHS01624;Non-Akademik;Keagamaan;Tingkat Lokal/Wilayah;Finalis;2022;Komunitas/Organisasi;1
MHS01625;Non-Akademik;Seni & Budaya;Tingkat Kampus;Peserta;2025;Pemerintah Daerah;2
MHS01625;Non-Akademik;Kewirausahaan;Tingkat Kampus;Peserta;2025;Pemerintah Daerah;2
MHS01626;Non-Akademik;Olahraga;Tingkat Kampus;Finalis;2020;Kemendikbudristek;2
MHS01626;Akademik;Debat & Karya Tulis;Tingkat Kampus;Juara 3;2020;Komunitas/Organisasi;2
MHS01627;Non-Akademik;Seni & Budaya;Tingkat Kampus;Juara 3;2026;Kemendikbudristek;1
MHS01631;Non-Akademik;Seni & Budaya;Tingkat Kampus;Finalis;2022;Perguruan Tinggi;2
MHS01631;Non-Akademik;Sosial & Kemasyarakatan;Tingkat Kampus;Finalis;2026;Kemendikbudristek;2
MHS01632;Non-Akademik;Seni & Budaya;Tingkat Lokal/Wilayah;Finalis;2019;Kemendikbudristek;2
MHS01632;Akademik;Sains & Teknologi;Tingkat Nasional;Peserta;2021;Perguruan Tinggi;2
MHS01634;Non-Akademik;Sosial & Kemasyarakatan;Tingkat Kampus;Juara 3;2025;Komunitas/Organisasi;1
MHS01637;Non-Akademik;Seni & Budaya;Tingkat Nasional;Peserta;2024;Perusahaan/Swasta;1
MHS01639;Akademik;Seni & Budaya;Tingkat Lokal/Wilayah;Peserta;2025;Perusahaan/Swasta;2
MHS01639;Akademik;Sains & Teknologi;Tingkat Kampus;Peserta;2026;Perusahaan/Swasta;2
MHS01641;Non-Akademik;Kewirausahaan;Tingkat Lokal/Wilayah;Finalis;2025;Komunitas/Organisasi;2
MHS01641;Non-Akademik;Keagamaan;Tingkat Kampus;Peserta;2026;Perguruan Tinggi;2
MHS01643;Non-Akademik;Sosial & Kemasyarakatan;Tingkat Kampus;Juara 1;2023;Pemerintah Daerah;4
MHS01643;Akademik;Sains & Teknologi;Tingkat Kampus;Peserta;2024;Perusahaan/Swasta;4
MHS01643;Akademik;Sains & Teknologi;Tingkat Internasional;Juara 3;2024;Pemerintah Daerah;4
MHS01643;Akademik;Debat & Karya Tulis;Tingkat Kampus;Finalis;2024;Perusahaan/Swasta;4
MHS01644;Akademik;Debat & Karya Tulis;Tingkat Lokal/Wilayah;Finalis;2024;Perguruan Tinggi;1
MHS01645;Akademik;Debat & Karya Tulis;Tingkat Lokal/Wilayah;Peserta;2025;Komunitas/Organisasi;1
MHS01646;Non-Akademik;Seni & Budaya;Tingkat Lokal/Wilayah;Finalis;2024;Perguruan Tinggi;2
MHS01646;Non-Akademik;Seni & Budaya;Tingkat Lokal/Wilayah;Juara 2;2026;Komunitas/Organisasi;2
MHS01647;Akademik;Debat & Karya Tulis;Tingkat Lokal/Wilayah;Juara 1;2023;Perguruan Tinggi;5
MHS01647;Non-Akademik;Seni & Budaya;Tingkat Kampus;Juara 1;2023;Kemendikbudristek;5
MHS01647;Akademik;Debat & Karya Tulis;Tingkat Kampus;Juara 1;2024;Perusahaan/Swasta;5
MHS01647;Akademik;Sains & Teknologi;Tingkat Nasional;Finalis;2025;Kemendikbudristek;5
MHS01647;Akademik;Debat & Karya Tulis;Tingkat Lokal/Wilayah;Finalis;2025;Perguruan Tinggi;5
MHS01651;Non-Akademik;Keagamaan;Tingkat Kampus;Peserta;2019;Komunitas/Organisasi;3
MHS01651;Non-Akademik;Kewirausahaan;Tingkat Nasional;Finalis;2022;Perusahaan/Swasta;3
MHS01651;Akademik;Debat & Karya Tulis;Tingkat Lokal/Wilayah;Juara 3;2023;Perguruan Tinggi;3
MHS01653;Non-Akademik;Kewirausahaan;Tingkat Lokal/Wilayah;Finalis;2025;Pemerintah Daerah;1
MHS01654;Akademik;Sains & Teknologi;Tingkat Kampus;Finalis;2025;Kemendikbudristek;1
MHS01655;Non-Akademik;Kewirausahaan;Tingkat Lokal/Wilayah;Finalis;2023;Perguruan Tinggi;2
MHS01655;Non-Akademik;Kewirausahaan;Tingkat Kampus;Finalis;2025;Pemerintah Daerah;2
MHS01661;Akademik;Sosial & Kemasyarakatan;Tingkat Lokal/Wilayah;Peserta;2022;Pemerintah Daerah;3
MHS01661;Non-Akademik;Sosial & Kemasyarakatan;Tingkat Nasional;Peserta;2023;Perusahaan/Swasta;3
MHS01661;Akademik;Kewirausahaan;Tingkat Lokal/Wilayah;Juara 3;2023;Perguruan Tinggi;3
MHS01662;Non-Akademik;Kewirausahaan;Tingkat Nasional;Finalis;2024;Kemendikbudristek;5
MHS01662;Akademik;Sains & Teknologi;Tingkat Kampus;Peserta;2025;Perusahaan/Swasta;5
MHS01662;Akademik;Debat & Karya Tulis;Tingkat Lokal/Wilayah;Juara 1;2025;Perguruan Tinggi;5
MHS01662;Akademik;Olahraga;Tingkat Nasional;Finalis;2026;Perusahaan/Swasta;5
MHS01662;Non-Akademik;Sosial & Kemasyarakatan;Tingkat Kampus;Juara 1;2026;Pemerintah Daerah;5
MHS01663;Akademik;Debat & Karya Tulis;Tingkat Lokal/Wilayah;Juara 2;2021;Pemerintah Daerah;1
MHS01664;Akademik;Debat & Karya Tulis;Tingkat Lokal/Wilayah;Juara 1;2022;Perguruan Tinggi;2
MHS01664;Non-Akademik;Seni & Budaya;Tingkat Kampus;Juara 3;2025;Perguruan Tinggi;2
MHS01665;Non-Akademik;Seni & Budaya;Tingkat Kampus;Juara 1;2023;Perguruan Tinggi;4
MHS01665;Non-Akademik;Seni & Budaya;Tingkat Kampus;Finalis;2024;Pemerintah Daerah;4
MHS01665;Non-Akademik;Seni & Budaya;Tingkat Internasional;Juara 3;2025;Kemendikbudristek;4
MHS01665;Akademik;Debat & Karya Tulis;Tingkat Nasional;Finalis;2025;Komunitas/Organisasi;4
MHS01666;Non-Akademik;Kewirausahaan;Tingkat Lokal/Wilayah;Finalis;2022;Perguruan Tinggi;2
MHS01666;Akademik;Seni & Budaya;Tingkat Nasional;Finalis;2026;Perguruan Tinggi;2
MHS01667;Non-Akademik;Keagamaan;Tingkat Kampus;Finalis;2024;Perguruan Tinggi;3
MHS01667;Akademik;Sains & Teknologi;Tingkat Kampus;Peserta;2025;Pemerintah Daerah;3
MHS01667;Non-Akademik;Kewirausahaan;Tingkat Kampus;Finalis;2026;Perguruan Tinggi;3
MHS01668;Non-Akademik;Seni & Budaya;Tingkat Lokal/Wilayah;Peserta;2025;Perguruan Tinggi;1
MHS01669;Non-Akademik;Sosial & Kemasyarakatan;Tingkat Internasional;Peserta;2025;Komunitas/Organisasi;2
MHS01669;Akademik;Olahraga;Tingkat Lokal/Wilayah;Juara 2;2026;Perguruan Tinggi;2
MHS01670;Non-Akademik;Seni & Budaya;Tingkat Kampus;Peserta;2025;Perusahaan/Swasta;1
MHS01672;Non-Akademik;Kewirausahaan;Tingkat Kampus;Finalis;2023;Pemerintah Daerah;1
MHS01673;Akademik;Sains & Teknologi;Tingkat Lokal/Wilayah;Finalis;2026;Komunitas/Organisasi;2
MHS01673;Akademik;Sosial & Kemasyarakatan;Tingkat Kampus;Juara 1;2026;Komunitas/Organisasi;2
MHS01674;Akademik;Sosial & Kemasyarakatan;Tingkat Lokal/Wilayah;Juara 1;2024;Pemerintah Daerah;2
MHS01674;Akademik;Sosial & Kemasyarakatan;Tingkat Kampus;Juara 2;2025;Pemerintah Daerah;2
MHS01677;Non-Akademik;Seni & Budaya;Tingkat Lokal/Wilayah;Finalis;2024;Pemerintah Daerah;1
MHS01681;Non-Akademik;Kewirausahaan;Tingkat Lokal/Wilayah;Juara 3;2025;Pemerintah Daerah;1
MHS01683;Akademik;Debat & Karya Tulis;Tingkat Kampus;Juara 3;2023;Kemendikbudristek;3
MHS01683;Non-Akademik;Olahraga;Tingkat Nasional;Juara 2;2024;Pemerintah Daerah;3
MHS01683;Akademik;Debat & Karya Tulis;Tingkat Kampus;Juara 3;2025;Komunitas/Organisasi;3
MHS01685;Akademik;Debat & Karya Tulis;Tingkat Kampus;Peserta;2025;Pemerintah Daerah;1
MHS01689;Akademik;Sains & Teknologi;Tingkat Kampus;Finalis;2023;Perguruan Tinggi;4
MHS01689;Non-Akademik;Sosial & Kemasyarakatan;Tingkat Lokal/Wilayah;Finalis;2023;Perguruan Tinggi;4
MHS01689;Akademik;Debat & Karya Tulis;Tingkat Nasional;Juara 1;2023;Perusahaan/Swasta;4
MHS01689;Akademik;Debat & Karya Tulis;Tingkat Kampus;Juara 1;2025;Perusahaan/Swasta;4
MHS01690;Akademik;Keagamaan;Tingkat Lokal/Wilayah;Finalis;2025;Pemerintah Daerah;2
MHS01690;Non-Akademik;Keagamaan;Tingkat Kampus;Finalis;2025;Pemerintah Daerah;2
MHS01691;Non-Akademik;Sosial & Kemasyarakatan;Tingkat Kampus;Peserta;2025;Perusahaan/Swasta;2
MHS01691;Non-Akademik;Sosial & Kemasyarakatan;Tingkat Nasional;Peserta;2026;Perusahaan/Swasta;2
MHS01694;Non-Akademik;Seni & Budaya;Tingkat Kampus;Peserta;2025;Komunitas/Organisasi;1
MHS01697;Non-Akademik;Olahraga;Tingkat Lokal/Wilayah;Finalis;2025;Pemerintah Daerah;3
MHS01697;Non-Akademik;Olahraga;Tingkat Kampus;Finalis;2025;Perusahaan/Swasta;3
MHS01697;Akademik;Debat & Karya Tulis;Tingkat Kampus;Juara 3;2025;Komunitas/Organisasi;3
MHS01699;Akademik;Debat & Karya Tulis;Tingkat Kampus;Peserta;2025;Komunitas/Organisasi;1
MHS01700;Akademik;Olahraga;Tingkat Lokal/Wilayah;Juara 3;2025;Pemerintah Daerah;2
MHS01700;Akademik;Sains & Teknologi;Tingkat Kampus;Peserta;2026;Komunitas/Organisasi;2
MHS01701;Akademik;Sains & Teknologi;Tingkat Internasional;Peserta;2025;Pemerintah Daerah;2
MHS01701;Non-Akademik;Olahraga;Tingkat Internasional;Finalis;2025;Perusahaan/Swasta;2
MHS01702;Non-Akademik;Kewirausahaan;Tingkat Nasional;Juara 1;2024;Pemerintah Daerah;4
MHS01702;Akademik;Kewirausahaan;Tingkat Lokal/Wilayah;Finalis;2024;Komunitas/Organisasi;4
MHS01702;Non-Akademik;Keagamaan;Tingkat Lokal/Wilayah;Peserta;2025;Komunitas/Organisasi;4
MHS01702;Akademik;Sains & Teknologi;Tingkat Nasional;Juara 3;2025;Kemendikbudristek;4
MHS01704;Akademik;Keagamaan;Tingkat Nasional;Juara 3;2025;Komunitas/Organisasi;1
MHS01705;Non-Akademik;Kewirausahaan;Tingkat Internasional;Peserta;2025;Pemerintah Daerah;3
MHS01705;Akademik;Debat & Karya Tulis;Tingkat Kampus;Juara 3;2025;Kemendikbudristek;3
MHS01705;Akademik;Kewirausahaan;Tingkat Kampus;Juara 1;2025;Pemerintah Daerah;3
MHS01706;Akademik;Sosial & Kemasyarakatan;Tingkat Lokal/Wilayah;Finalis;2026;Perguruan Tinggi;1
MHS01707;Non-Akademik;Seni & Budaya;Tingkat Kampus;Juara 3;2024;Pemerintah Daerah;7
MHS01707;Non-Akademik;Keagamaan;Tingkat Kampus;Finalis;2025;Kemendikbudristek;7
MHS01707;Non-Akademik;Keagamaan;Tingkat Nasional;Juara 2;2025;Perusahaan/Swasta;7
MHS01707;Non-Akademik;Keagamaan;Tingkat Nasional;Finalis;2025;Perguruan Tinggi;7
MHS01707;Non-Akademik;Sosial & Kemasyarakatan;Tingkat Nasional;Juara 2;2026;Komunitas/Organisasi;7
MHS01707;Akademik;Sains & Teknologi;Tingkat Lokal/Wilayah;Peserta;2026;Komunitas/Organisasi;7
MHS01707;Non-Akademik;Seni & Budaya;Tingkat Kampus;Juara 3;2026;Perusahaan/Swasta;7
MHS01713;Non-Akademik;Olahraga;Tingkat Kampus;Peserta;2026;Komunitas/Organisasi;1
MHS01714;Non-Akademik;Olahraga;Tingkat Kampus;Juara 2;2023;Kemendikbudristek;2
MHS01714;Non-Akademik;Olahraga;Tingkat Kampus;Peserta;2024;Pemerintah Daerah;2
MHS01715;Non-Akademik;Olahraga;Tingkat Kampus;Juara 3;2025;Kemendikbudristek;1
MHS01716;Akademik;Olahraga;Tingkat Kampus;Peserta;2024;Perusahaan/Swasta;1
MHS01718;Non-Akademik;Kewirausahaan;Tingkat Kampus;Juara 3;2024;Pemerintah Daerah;3
MHS01718;Non-Akademik;Kewirausahaan;Tingkat Lokal/Wilayah;Peserta;2025;Perguruan Tinggi;3
MHS01718;Akademik;Debat & Karya Tulis;Tingkat Kampus;Finalis;2025;Komunitas/Organisasi;3
MHS01723;Non-Akademik;Sosial & Kemasyarakatan;Tingkat Lokal/Wilayah;Juara 3;2024;Perguruan Tinggi;1
MHS01727;Non-Akademik;Sosial & Kemasyarakatan;Tingkat Lokal/Wilayah;Juara 1;2023;Perguruan Tinggi;5
MHS01727;Non-Akademik;Kewirausahaan;Tingkat Kampus;Juara 2;2023;Pemerintah Daerah;5
MHS01727;Akademik;Olahraga;Tingkat Lokal/Wilayah;Juara 3;2024;Perusahaan/Swasta;5
MHS01727;Akademik;Keagamaan;Tingkat Lokal/Wilayah;Peserta;2025;Komunitas/Organisasi;5
MHS01727;Akademik;Sains & Teknologi;Tingkat Nasional;Finalis;2026;Kemendikbudristek;5
MHS01729;Akademik;Debat & Karya Tulis;Tingkat Kampus;Juara 3;2023;Kemendikbudristek;4
MHS01729;Non-Akademik;Kewirausahaan;Tingkat Internasional;Juara 3;2024;Pemerintah Daerah;4
MHS01729;Non-Akademik;Olahraga;Tingkat Nasional;Peserta;2025;Pemerintah Daerah;4
MHS01729;Akademik;Debat & Karya Tulis;Tingkat Internasional;Peserta;2025;Pemerintah Daerah;4
MHS01731;Non-Akademik;Olahraga;Tingkat Kampus;Juara 2;2024;Pemerintah Daerah;1
MHS01732;Akademik;Sains & Teknologi;Tingkat Nasional;Peserta;2026;Komunitas/Organisasi;1
MHS01733;Akademik;Sains & Teknologi;Tingkat Kampus;Juara 1;2025;Komunitas/Organisasi;3
MHS01733;Non-Akademik;Kewirausahaan;Tingkat Internasional;Peserta;2026;Kemendikbudristek;3
MHS01733;Akademik;Sosial & Kemasyarakatan;Tingkat Lokal/Wilayah;Peserta;2026;Kemendikbudristek;3
MHS01734;Non-Akademik;Olahraga;Tingkat Kampus;Finalis;2026;Kemendikbudristek;1
MHS01736;Non-Akademik;Kewirausahaan;Tingkat Kampus;Finalis;2024;Kemendikbudristek;1
MHS01738;Non-Akademik;Keagamaan;Tingkat Kampus;Juara 3;2023;Perguruan Tinggi;1
MHS01739;Akademik;Debat & Karya Tulis;Tingkat Kampus;Finalis;2024;Kemendikbudristek;3
MHS01739;Akademik;Sains & Teknologi;Tingkat Nasional;Juara 3;2025;Perusahaan/Swasta;3
MHS01739;Non-Akademik;Sosial & Kemasyarakatan;Tingkat Kampus;Peserta;2025;Pemerintah Daerah;3
MHS01740;Akademik;Debat & Karya Tulis;Tingkat Nasional;Finalis;2024;Komunitas/Organisasi;1
MHS01741;Non-Akademik;Keagamaan;Tingkat Lokal/Wilayah;Juara 1;2025;Kemendikbudristek;2
MHS01741;Akademik;Sains & Teknologi;Tingkat Lokal/Wilayah;Finalis;2025;Pemerintah Daerah;2
MHS01743;Akademik;Keagamaan;Tingkat Lokal/Wilayah;Finalis;2024;Komunitas/Organisasi;3
MHS01743;Akademik;Debat & Karya Tulis;Tingkat Lokal/Wilayah;Finalis;2024;Komunitas/Organisasi;3
MHS01743;Non-Akademik;Keagamaan;Tingkat Kampus;Juara 3;2025;Perusahaan/Swasta;3
MHS01745;Non-Akademik;Keagamaan;Tingkat Kampus;Juara 3;2023;Pemerintah Daerah;1
MHS01747;Non-Akademik;Keagamaan;Tingkat Lokal/Wilayah;Juara 1;2025;Komunitas/Organisasi;1
MHS01752;Non-Akademik;Sosial & Kemasyarakatan;Tingkat Lokal/Wilayah;Finalis;2024;Komunitas/Organisasi;1
MHS01753;Non-Akademik;Seni & Budaya;Tingkat Nasional;Juara 1;2025;Komunitas/Organisasi;1
MHS01754;Akademik;Kewirausahaan;Tingkat Lokal/Wilayah;Juara 3;2024;Kemendikbudristek;1
MHS01756;Akademik;Debat & Karya Tulis;Tingkat Kampus;Juara 3;2024;Komunitas/Organisasi;1
MHS01758;Non-Akademik;Sosial & Kemasyarakatan;Tingkat Kampus;Peserta;2026;Kemendikbudristek;1
MHS01760;Non-Akademik;Kewirausahaan;Tingkat Kampus;Peserta;2023;Perusahaan/Swasta;2
MHS01760;Akademik;Sosial & Kemasyarakatan;Tingkat Nasional;Juara 2;2025;Perusahaan/Swasta;2
MHS01762;Non-Akademik;Kewirausahaan;Tingkat Kampus;Peserta;2025;Komunitas/Organisasi;2
MHS01762;Non-Akademik;Olahraga;Tingkat Internasional;Juara 3;2025;Perguruan Tinggi;2
MHS01763;Akademik;Sains & Teknologi;Tingkat Kampus;Finalis;2025;Perusahaan/Swasta;1
MHS01764;Akademik;Debat & Karya Tulis;Tingkat Kampus;Finalis;2024;Pemerintah Daerah;2
MHS01764;Non-Akademik;Olahraga;Tingkat Kampus;Finalis;2026;Kemendikbudristek;2
MHS01765;Akademik;Debat & Karya Tulis;Tingkat Kampus;Peserta;2023;Kemendikbudristek;2
MHS01765;Non-Akademik;Sosial & Kemasyarakatan;Tingkat Lokal/Wilayah;Finalis;2026;Kemendikbudristek;2
MHS01767;Akademik;Debat & Karya Tulis;Tingkat Nasional;Juara 3;2024;Perusahaan/Swasta;1
MHS01770;Non-Akademik;Seni & Budaya;Tingkat Lokal/Wilayah;Juara 3;2024;Kemendikbudristek;4
MHS01770;Non-Akademik;Sosial & Kemasyarakatan;Tingkat Lokal/Wilayah;Peserta;2025;Perusahaan/Swasta;4
MHS01770;Akademik;Debat & Karya Tulis;Tingkat Lokal/Wilayah;Juara 3;2025;Perusahaan/Swasta;4
MHS01770;Akademik;Sains & Teknologi;Tingkat Lokal/Wilayah;Finalis;2025;Komunitas/Organisasi;4
MHS01771;Akademik;Debat & Karya Tulis;Tingkat Internasional;Peserta;2025;Kemendikbudristek;1
MHS01772;Non-Akademik;Olahraga;Tingkat Kampus;Finalis;2025;Komunitas/Organisasi;1
MHS01774;Akademik;Sains & Teknologi;Tingkat Kampus;Peserta;2026;Kemendikbudristek;1
MHS01775;Akademik;Sains & Teknologi;Tingkat Kampus;Juara 3;2025;Perusahaan/Swasta;1
MHS01778;Non-Akademik;Keagamaan;Tingkat Kampus;Peserta;2021;Komunitas/Organisasi;2
MHS01778;Akademik;Kewirausahaan;Tingkat Kampus;Juara 2;2023;Pemerintah Daerah;2
MHS01779;Non-Akademik;Seni & Budaya;Tingkat Nasional;Finalis;2026;Perusahaan/Swasta;1
MHS01780;Non-Akademik;Seni & Budaya;Tingkat Nasional;Juara 1;2025;Kemendikbudristek;2
MHS01780;Akademik;Debat & Karya Tulis;Tingkat Nasional;Peserta;2025;Kemendikbudristek;2
MHS01783;Akademik;Sosial & Kemasyarakatan;Tingkat Kampus;Finalis;2024;Komunitas/Organisasi;1
MHS01785;Non-Akademik;Sosial & Kemasyarakatan;Tingkat Lokal/Wilayah;Finalis;2024;Pemerintah Daerah;1
MHS01786;Akademik;Sains & Teknologi;Tingkat Kampus;Juara 2;2025;Komunitas/Organisasi;1
MHS01789;Non-Akademik;Seni & Budaya;Tingkat Kampus;Peserta;2025;Pemerintah Daerah;2
MHS01789;Akademik;Debat & Karya Tulis;Tingkat Kampus;Finalis;2025;Perusahaan/Swasta;2
MHS01790;Akademik;Sains & Teknologi;Tingkat Lokal/Wilayah;Peserta;2024;Komunitas/Organisasi;2
MHS01790;Non-Akademik;Keagamaan;Tingkat Nasional;Peserta;2024;Kemendikbudristek;2
MHS01792;Akademik;Debat & Karya Tulis;Tingkat Kampus;Juara 3;2025;Perusahaan/Swasta;1
MHS01794;Akademik;Debat & Karya Tulis;Tingkat Lokal/Wilayah;Juara 2;2022;Perusahaan/Swasta;7
MHS01794;Akademik;Seni & Budaya;Tingkat Nasional;Peserta;2022;Perusahaan/Swasta;7
MHS01794;Non-Akademik;Kewirausahaan;Tingkat Kampus;Juara 3;2023;Kemendikbudristek;7
MHS01794;Akademik;Sains & Teknologi;Tingkat Kampus;Peserta;2024;Pemerintah Daerah;7
MHS01794;Akademik;Kewirausahaan;Tingkat Lokal/Wilayah;Juara 3;2024;Pemerintah Daerah;7
MHS01794;Akademik;Debat & Karya Tulis;Tingkat Kampus;Peserta;2024;Pemerintah Daerah;7
MHS01794;Non-Akademik;Kewirausahaan;Tingkat Lokal/Wilayah;Finalis;2026;Pemerintah Daerah;7
MHS01795;Akademik;Seni & Budaya;Tingkat Kampus;Peserta;2023;Kemendikbudristek;2
MHS01795;Akademik;Olahraga;Tingkat Kampus;Juara 2;2025;Pemerintah Daerah;2
MHS01796;Non-Akademik;Seni & Budaya;Tingkat Kampus;Peserta;2024;Pemerintah Daerah;2
MHS01796;Akademik;Sains & Teknologi;Tingkat Kampus;Juara 2;2025;Komunitas/Organisasi;2
MHS01797;Akademik;Sains & Teknologi;Tingkat Nasional;Juara 1;2022;Kemendikbudristek;7
MHS01797;Non-Akademik;Kewirausahaan;Tingkat Internasional;Juara 3;2023;Perusahaan/Swasta;7
MHS01797;Non-Akademik;Keagamaan;Tingkat Kampus;Finalis;2023;Komunitas/Organisasi;7
MHS01797;Akademik;Sains & Teknologi;Tingkat Internasional;Juara 3;2023;Perusahaan/Swasta;7
MHS01797;Akademik;Seni & Budaya;Tingkat Kampus;Peserta;2025;Komunitas/Organisasi;7
MHS01797;Non-Akademik;Olahraga;Tingkat Internasional;Finalis;2025;Perguruan Tinggi;7
MHS01797;Akademik;Sains & Teknologi;Tingkat Nasional;Juara 1;2025;Komunitas/Organisasi;7
MHS01800;Akademik;Sains & Teknologi;Tingkat Lokal/Wilayah;Peserta;2025;Komunitas/Organisasi;3
MHS01800;Akademik;Sains & Teknologi;Tingkat Internasional;Juara 3;2026;Pemerintah Daerah;3
MHS01800;Non-Akademik;Olahraga;Tingkat Kampus;Juara 3;2026;Komunitas/Organisasi;3
MHS01802;Akademik;Sosial & Kemasyarakatan;Tingkat Kampus;Peserta;2025;Pemerintah Daerah;1
MHS01803;Non-Akademik;Keagamaan;Tingkat Kampus;Finalis;2023;Perguruan Tinggi;4
MHS01803;Akademik;Sains & Teknologi;Tingkat Kampus;Finalis;2023;Perusahaan/Swasta;4
MHS01803;Akademik;Keagamaan;Tingkat Lokal/Wilayah;Peserta;2023;Perusahaan/Swasta;4
MHS01803;Akademik;Sains & Teknologi;Tingkat Kampus;Peserta;2024;Komunitas/Organisasi;4
MHS01804;Non-Akademik;Sosial & Kemasyarakatan;Tingkat Lokal/Wilayah;Juara 3;2025;Perguruan Tinggi;1
MHS01805;Akademik;Debat & Karya Tulis;Tingkat Lokal/Wilayah;Peserta;2025;Pemerintah Daerah;1
MHS01806;Non-Akademik;Sosial & Kemasyarakatan;Tingkat Kampus;Juara 3;2021;Kemendikbudristek;1
MHS01807;Non-Akademik;Kewirausahaan;Tingkat Kampus;Peserta;2024;Pemerintah Daerah;2
MHS01807;Non-Akademik;Sosial & Kemasyarakatan;Tingkat Kampus;Juara 2;2024;Perguruan Tinggi;2
MHS01810;Non-Akademik;Keagamaan;Tingkat Lokal/Wilayah;Juara 1;2024;Perusahaan/Swasta;5
MHS01810;Akademik;Sosial & Kemasyarakatan;Tingkat Internasional;Finalis;2024;Perguruan Tinggi;5
MHS01810;Akademik;Debat & Karya Tulis;Tingkat Kampus;Juara 2;2025;Kemendikbudristek;5
MHS01810;Akademik;Sosial & Kemasyarakatan;Tingkat Kampus;Peserta;2025;Pemerintah Daerah;5
MHS01810;Akademik;Debat & Karya Tulis;Tingkat Kampus;Finalis;2025;Komunitas/Organisasi;5
MHS01812;Non-Akademik;Olahraga;Tingkat Internasional;Finalis;2022;Perguruan Tinggi;4
MHS01812;Non-Akademik;Sosial & Kemasyarakatan;Tingkat Kampus;Juara 2;2023;Komunitas/Organisasi;4
MHS01812;Akademik;Sains & Teknologi;Tingkat Kampus;Peserta;2024;Komunitas/Organisasi;4
MHS01812;Non-Akademik;Sosial & Kemasyarakatan;Tingkat Kampus;Finalis;2024;Kemendikbudristek;4
MHS01814;Akademik;Olahraga;Tingkat Kampus;Juara 2;2023;Kemendikbudristek;2
MHS01814;Non-Akademik;Keagamaan;Tingkat Kampus;Finalis;2023;Pemerintah Daerah;2
MHS01816;Non-Akademik;Kewirausahaan;Tingkat Lokal/Wilayah;Finalis;2025;Komunitas/Organisasi;1
MHS01817;Akademik;Debat & Karya Tulis;Tingkat Nasional;Juara 2;2026;Perguruan Tinggi;1
MHS01819;Akademik;Kewirausahaan;Tingkat Kampus;Finalis;2023;Kemendikbudristek;2
MHS01819;Non-Akademik;Olahraga;Tingkat Kampus;Peserta;2023;Perusahaan/Swasta;2
MHS01821;Non-Akademik;Kewirausahaan;Tingkat Kampus;Juara 3;2025;Kemendikbudristek;1
MHS01822;Akademik;Debat & Karya Tulis;Tingkat Lokal/Wilayah;Finalis;2025;Pemerintah Daerah;1
MHS01823;Akademik;Sains & Teknologi;Tingkat Kampus;Peserta;2026;Perguruan Tinggi;1
MHS01824;Akademik;Sosial & Kemasyarakatan;Tingkat Nasional;Juara 3;2024;Kemendikbudristek;1
MHS01827;Non-Akademik;Sosial & Kemasyarakatan;Tingkat Kampus;Juara 2;2024;Kemendikbudristek;5
MHS01827;Non-Akademik;Kewirausahaan;Tingkat Nasional;Juara 2;2025;Kemendikbudristek;5
MHS01827;Akademik;Sains & Teknologi;Tingkat Kampus;Finalis;2025;Kemendikbudristek;5
MHS01827;Akademik;Seni & Budaya;Tingkat Lokal/Wilayah;Juara 3;2026;Komunitas/Organisasi;5
MHS01827;Akademik;Kewirausahaan;Tingkat Nasional;Juara 1;2026;Komunitas/Organisasi;5
MHS01828;Non-Akademik;Keagamaan;Tingkat Lokal/Wilayah;Juara 3;2025;Perusahaan/Swasta;1
MHS01830;Akademik;Seni & Budaya;Tingkat Internasional;Finalis;2026;Pemerintah Daerah;1
MHS01832;Non-Akademik;Olahraga;Tingkat Lokal/Wilayah;Juara 3;2020;Perusahaan/Swasta;8
MHS01832;Akademik;Debat & Karya Tulis;Tingkat Nasional;Juara 2;2021;Perguruan Tinggi;8
MHS01832;Non-Akademik;Keagamaan;Tingkat Kampus;Juara 3;2023;Perusahaan/Swasta;8
MHS01832;Akademik;Sains & Teknologi;Tingkat Internasional;Peserta;2023;Kemendikbudristek;8
MHS01832;Akademik;Debat & Karya Tulis;Tingkat Kampus;Finalis;2023;Pemerintah Daerah;8
MHS01832;Non-Akademik;Kewirausahaan;Tingkat Lokal/Wilayah;Juara 2;2023;Komunitas/Organisasi;8
MHS01832;Non-Akademik;Olahraga;Tingkat Internasional;Juara 3;2024;Pemerintah Daerah;8
MHS01832;Non-Akademik;Sosial & Kemasyarakatan;Tingkat Nasional;Juara 2;2024;Pemerintah Daerah;8
MHS01833;Akademik;Olahraga;Tingkat Lokal/Wilayah;Juara 2;2025;Perguruan Tinggi;2
MHS01833;Akademik;Debat & Karya Tulis;Tingkat Lokal/Wilayah;Peserta;2025;Komunitas/Organisasi;2
MHS01834;Akademik;Sains & Teknologi;Tingkat Kampus;Juara 3;2024;Pemerintah Daerah;1
MHS01836;Akademik;Sains & Teknologi;Tingkat Nasional;Juara 3;2023;Pemerintah Daerah;8
MHS01836;Akademik;Kewirausahaan;Tingkat Kampus;Juara 3;2024;Komunitas/Organisasi;8
MHS01836;Akademik;Keagamaan;Tingkat Kampus;Juara 3;2024;Perguruan Tinggi;8
MHS01836;Akademik;Sains & Teknologi;Tingkat Kampus;Juara 1;2024;Pemerintah Daerah;8
MHS01836;Non-Akademik;Kewirausahaan;Tingkat Nasional;Peserta;2024;Perusahaan/Swasta;8
MHS01836;Non-Akademik;Sosial & Kemasyarakatan;Tingkat Lokal/Wilayah;Juara 1;2025;Kemendikbudristek;8
MHS01836;Akademik;Debat & Karya Tulis;Tingkat Kampus;Juara 3;2026;Perguruan Tinggi;8
MHS01836;Akademik;Sains & Teknologi;Tingkat Kampus;Peserta;2026;Pemerintah Daerah;8
MHS01837;Non-Akademik;Olahraga;Tingkat Kampus;Juara 3;2025;Kemendikbudristek;2
MHS01837;Non-Akademik;Olahraga;Tingkat Lokal/Wilayah;Juara 3;2025;Kemendikbudristek;2
MHS01838;Non-Akademik;Kewirausahaan;Tingkat Lokal/Wilayah;Juara 1;2026;Kemendikbudristek;1
MHS01839;Akademik;Sains & Teknologi;Tingkat Kampus;Peserta;2025;Komunitas/Organisasi;1
MHS01842;Akademik;Sains & Teknologi;Tingkat Kampus;Juara 3;2024;Kemendikbudristek;1
MHS01845;Non-Akademik;Seni & Budaya;Tingkat Kampus;Peserta;2025;Kemendikbudristek;1
MHS01846;Non-Akademik;Seni & Budaya;Tingkat Kampus;Peserta;2026;Komunitas/Organisasi;1
MHS01851;Akademik;Sains & Teknologi;Tingkat Kampus;Juara 3;2022;Pemerintah Daerah;1
MHS01853;Akademik;Sains & Teknologi;Tingkat Kampus;Peserta;2024;Perusahaan/Swasta;1
MHS01854;Non-Akademik;Keagamaan;Tingkat Lokal/Wilayah;Finalis;2023;Perusahaan/Swasta;1
MHS01855;Non-Akademik;Kewirausahaan;Tingkat Nasional;Juara 2;2021;Kemendikbudristek;4
MHS01855;Akademik;Sains & Teknologi;Tingkat Kampus;Juara 3;2022;Perusahaan/Swasta;4
MHS01855;Akademik;Sains & Teknologi;Tingkat Internasional;Juara 1;2022;Perusahaan/Swasta;4
MHS01855;Non-Akademik;Kewirausahaan;Tingkat Lokal/Wilayah;Peserta;2024;Kemendikbudristek;4
MHS01856;Akademik;Sains & Teknologi;Tingkat Kampus;Juara 3;2023;Perusahaan/Swasta;4
MHS01856;Non-Akademik;Keagamaan;Tingkat Nasional;Juara 2;2024;Pemerintah Daerah;4
MHS01856;Akademik;Debat & Karya Tulis;Tingkat Nasional;Juara 3;2026;Perusahaan/Swasta;4
MHS01856;Non-Akademik;Olahraga;Tingkat Kampus;Juara 1;2026;Perusahaan/Swasta;4
MHS01857;Akademik;Debat & Karya Tulis;Tingkat Nasional;Juara 3;2026;Perguruan Tinggi;1
MHS01859;Non-Akademik;Seni & Budaya;Tingkat Lokal/Wilayah;Juara 3;2025;Pemerintah Daerah;1
MHS01865;Akademik;Sains & Teknologi;Tingkat Nasional;Peserta;2019;Perusahaan/Swasta;2
MHS01865;Non-Akademik;Seni & Budaya;Tingkat Lokal/Wilayah;Juara 1;2020;Komunitas/Organisasi;2
MHS01866;Non-Akademik;Kewirausahaan;Tingkat Kampus;Juara 1;2022;Komunitas/Organisasi;1
MHS01867;Akademik;Kewirausahaan;Tingkat Lokal/Wilayah;Peserta;2024;Pemerintah Daerah;2
MHS01867;Akademik;Debat & Karya Tulis;Tingkat Kampus;Finalis;2026;Perusahaan/Swasta;2
MHS01868;Akademik;Sains & Teknologi;Tingkat Lokal/Wilayah;Peserta;2026;Perguruan Tinggi;1
MHS01871;Akademik;Keagamaan;Tingkat Kampus;Peserta;2024;Komunitas/Organisasi;1
MHS01872;Non-Akademik;Seni & Budaya;Tingkat Kampus;Juara 3;2025;Kemendikbudristek;1
MHS01873;Akademik;Sosial & Kemasyarakatan;Tingkat Lokal/Wilayah;Finalis;2022;Komunitas/Organisasi;2
MHS01873;Akademik;Keagamaan;Tingkat Lokal/Wilayah;Finalis;2022;Komunitas/Organisasi;2
MHS01875;Non-Akademik;Seni & Budaya;Tingkat Kampus;Peserta;2025;Kemendikbudristek;1
MHS01876;Akademik;Debat & Karya Tulis;Tingkat Lokal/Wilayah;Juara 3;2026;Pemerintah Daerah;1
MHS01877;Non-Akademik;Seni & Budaya;Tingkat Kampus;Peserta;2024;Perguruan Tinggi;1
MHS01880;Akademik;Sains & Teknologi;Tingkat Kampus;Finalis;2019;Komunitas/Organisasi;3
MHS01880;Akademik;Sosial & Kemasyarakatan;Tingkat Kampus;Peserta;2020;Komunitas/Organisasi;3
MHS01880;Akademik;Keagamaan;Tingkat Nasional;Finalis;2021;Pemerintah Daerah;3
MHS01882;Non-Akademik;Kewirausahaan;Tingkat Lokal/Wilayah;Peserta;2021;Perguruan Tinggi;2
MHS01882;Akademik;Olahraga;Tingkat Lokal/Wilayah;Juara 3;2024;Perguruan Tinggi;2
MHS01885;Non-Akademik;Keagamaan;Tingkat Kampus;Juara 3;2023;Kemendikbudristek;1
MHS01886;Akademik;Debat & Karya Tulis;Tingkat Lokal/Wilayah;Finalis;2022;Pemerintah Daerah;4
MHS01886;Akademik;Olahraga;Tingkat Kampus;Peserta;2022;Pemerintah Daerah;4
MHS01886;Non-Akademik;Olahraga;Tingkat Lokal/Wilayah;Finalis;2024;Pemerintah Daerah;4
MHS01886;Non-Akademik;Sosial & Kemasyarakatan;Tingkat Lokal/Wilayah;Finalis;2024;Perguruan Tinggi;4
MHS01887;Non-Akademik;Seni & Budaya;Tingkat Lokal/Wilayah;Juara 3;2026;Pemerintah Daerah;1
MHS01890;Akademik;Sains & Teknologi;Tingkat Lokal/Wilayah;Juara 1;2025;Pemerintah Daerah;1
MHS01892;Non-Akademik;Sosial & Kemasyarakatan;Tingkat Kampus;Peserta;2026;Kemendikbudristek;1
MHS01895;Non-Akademik;Sosial & Kemasyarakatan;Tingkat Kampus;Finalis;2019;Komunitas/Organisasi;2
MHS01895;Non-Akademik;Sosial & Kemasyarakatan;Tingkat Kampus;Finalis;2024;Kemendikbudristek;2
MHS01896;Akademik;Sains & Teknologi;Tingkat Kampus;Peserta;2025;Perusahaan/Swasta;1
MHS01897;Non-Akademik;Seni & Budaya;Tingkat Nasional;Juara 2;2023;Komunitas/Organisasi;3
MHS01897;Akademik;Debat & Karya Tulis;Tingkat Nasional;Juara 3;2025;Kemendikbudristek;3
MHS01897;Non-Akademik;Olahraga;Tingkat Lokal/Wilayah;Juara 1;2025;Perguruan Tinggi;3
MHS01898;Akademik;Sains & Teknologi;Tingkat Kampus;Finalis;2025;Komunitas/Organisasi;1
MHS01899;Non-Akademik;Keagamaan;Tingkat Kampus;Juara 2;2023;Perguruan Tinggi;3
MHS01899;Akademik;Debat & Karya Tulis;Tingkat Kampus;Finalis;2024;Kemendikbudristek;3
MHS01899;Akademik;Keagamaan;Tingkat Kampus;Peserta;2025;Perusahaan/Swasta;3
MHS01900;Non-Akademik;Kewirausahaan;Tingkat Kampus;Finalis;2026;Pemerintah Daerah;2
MHS01900;Akademik;Debat & Karya Tulis;Tingkat Nasional;Peserta;2026;Komunitas/Organisasi;2
MHS01902;Akademik;Sains & Teknologi;Tingkat Nasional;Juara 1;2024;Pemerintah Daerah;2
MHS01902;Non-Akademik;Keagamaan;Tingkat Lokal/Wilayah;Peserta;2026;Kemendikbudristek;2
MHS01903;Non-Akademik;Sosial & Kemasyarakatan;Tingkat Lokal/Wilayah;Peserta;2023;Perusahaan/Swasta;6
MHS01903;Akademik;Sains & Teknologi;Tingkat Nasional;Peserta;2023;Perguruan Tinggi;6
MHS01903;Non-Akademik;Kewirausahaan;Tingkat Lokal/Wilayah;Peserta;2025;Komunitas/Organisasi;6
MHS01903;Non-Akademik;Kewirausahaan;Tingkat Kampus;Juara 2;2025;Pemerintah Daerah;6
MHS01903;Akademik;Debat & Karya Tulis;Tingkat Lokal/Wilayah;Finalis;2025;Kemendikbudristek;6
MHS01903;Akademik;Sains & Teknologi;Tingkat Nasional;Finalis;2026;Komunitas/Organisasi;6
MHS01905;Akademik;Kewirausahaan;Tingkat Lokal/Wilayah;Juara 2;2023;Komunitas/Organisasi;4
MHS01905;Non-Akademik;Olahraga;Tingkat Lokal/Wilayah;Juara 3;2024;Komunitas/Organisasi;4
MHS01905;Akademik;Debat & Karya Tulis;Tingkat Internasional;Juara 2;2026;Komunitas/Organisasi;4
MHS01905;Non-Akademik;Keagamaan;Tingkat Nasional;Juara 1;2026;Perusahaan/Swasta;4
MHS01906;Akademik;Seni & Budaya;Tingkat Nasional;Finalis;2024;Pemerintah Daerah;2
MHS01906;Non-Akademik;Keagamaan;Tingkat Nasional;Juara 1;2025;Pemerintah Daerah;2
MHS01907;Non-Akademik;Keagamaan;Tingkat Lokal/Wilayah;Peserta;2025;Pemerintah Daerah;1
MHS01910;Akademik;Olahraga;Tingkat Lokal/Wilayah;Peserta;2023;Kemendikbudristek;1
MHS01911;Akademik;Debat & Karya Tulis;Tingkat Nasional;Peserta;2025;Komunitas/Organisasi;1
MHS01912;Non-Akademik;Seni & Budaya;Tingkat Kampus;Peserta;2026;Pemerintah Daerah;1
MHS01913;Akademik;Sains & Teknologi;Tingkat Lokal/Wilayah;Finalis;2024;Perusahaan/Swasta;1
MHS01915;Akademik;Debat & Karya Tulis;Tingkat Lokal/Wilayah;Peserta;2023;Perusahaan/Swasta;8
MHS01915;Akademik;Debat & Karya Tulis;Tingkat Nasional;Juara 2;2023;Perguruan Tinggi;8
MHS01915;Akademik;Sains & Teknologi;Tingkat Lokal/Wilayah;Finalis;2023;Perusahaan/Swasta;8
MHS01915;Akademik;Debat & Karya Tulis;Tingkat Nasional;Juara 3;2023;Pemerintah Daerah;8
MHS01915;Non-Akademik;Sosial & Kemasyarakatan;Tingkat Nasional;Juara 3;2023;Pemerintah Daerah;8
MHS01915;Akademik;Keagamaan;Tingkat Nasional;Juara 1;2024;Perusahaan/Swasta;8
MHS01915;Akademik;Sains & Teknologi;Tingkat Nasional;Juara 2;2025;Pemerintah Daerah;8
MHS01915;Non-Akademik;Seni & Budaya;Tingkat Lokal/Wilayah;Finalis;2026;Perusahaan/Swasta;8
MHS01916;Non-Akademik;Olahraga;Tingkat Kampus;Peserta;2023;Perusahaan/Swasta;5
MHS01916;Akademik;Sains & Teknologi;Tingkat Lokal/Wilayah;Juara 2;2024;Komunitas/Organisasi;5
MHS01916;Akademik;Sains & Teknologi;Tingkat Nasional;Juara 3;2025;Kemendikbudristek;5
MHS01916;Akademik;Kewirausahaan;Tingkat Kampus;Finalis;2025;Perguruan Tinggi;5
MHS01916;Non-Akademik;Olahraga;Tingkat Kampus;Finalis;2025;Komunitas/Organisasi;5
MHS01917;Akademik;Debat & Karya Tulis;Tingkat Kampus;Peserta;2025;Kemendikbudristek;2
MHS01917;Akademik;Sains & Teknologi;Tingkat Kampus;Finalis;2025;Perguruan Tinggi;2
MHS01918;Akademik;Debat & Karya Tulis;Tingkat Nasional;Finalis;2025;Pemerintah Daerah;1
MHS01920;Non-Akademik;Kewirausahaan;Tingkat Kampus;Finalis;2024;Perusahaan/Swasta;2
MHS01920;Akademik;Sains & Teknologi;Tingkat Lokal/Wilayah;Peserta;2026;Perusahaan/Swasta;2
MHS01921;Non-Akademik;Seni & Budaya;Tingkat Internasional;Peserta;2023;Pemerintah Daerah;6
MHS01921;Non-Akademik;Olahraga;Tingkat Lokal/Wilayah;Peserta;2023;Komunitas/Organisasi;6
MHS01921;Non-Akademik;Keagamaan;Tingkat Kampus;Finalis;2023;Komunitas/Organisasi;6
MHS01921;Non-Akademik;Keagamaan;Tingkat Lokal/Wilayah;Peserta;2023;Perguruan Tinggi;6
MHS01921;Non-Akademik;Sosial & Kemasyarakatan;Tingkat Lokal/Wilayah;Finalis;2023;Pemerintah Daerah;6
MHS01921;Non-Akademik;Kewirausahaan;Tingkat Kampus;Juara 3;2025;Komunitas/Organisasi;6
MHS01928;Akademik;Sosial & Kemasyarakatan;Tingkat Kampus;Peserta;2021;Perguruan Tinggi;5
MHS01928;Akademik;Debat & Karya Tulis;Tingkat Kampus;Finalis;2023;Komunitas/Organisasi;5
MHS01928;Non-Akademik;Kewirausahaan;Tingkat Lokal/Wilayah;Peserta;2024;Pemerintah Daerah;5
MHS01928;Non-Akademik;Keagamaan;Tingkat Lokal/Wilayah;Finalis;2025;Komunitas/Organisasi;5
MHS01928;Akademik;Debat & Karya Tulis;Tingkat Kampus;Finalis;2026;Perusahaan/Swasta;5
MHS01929;Non-Akademik;Kewirausahaan;Tingkat Internasional;Juara 3;2024;Komunitas/Organisasi;4
MHS01929;Non-Akademik;Seni & Budaya;Tingkat Nasional;Peserta;2025;Perguruan Tinggi;4
MHS01929;Akademik;Sains & Teknologi;Tingkat Nasional;Juara 1;2025;Pemerintah Daerah;4
MHS01929;Non-Akademik;Seni & Budaya;Tingkat Lokal/Wilayah;Finalis;2026;Perguruan Tinggi;4
MHS01931;Non-Akademik;Olahraga;Tingkat Nasional;Finalis;2025;Komunitas/Organisasi;1
MHS01933;Non-Akademik;Seni & Budaya;Tingkat Nasional;Peserta;2025;Perguruan Tinggi;1
MHS01934;Non-Akademik;Kewirausahaan;Tingkat Kampus;Finalis;2023;Perusahaan/Swasta;1
MHS01936;Akademik;Sosial & Kemasyarakatan;Tingkat Kampus;Juara 2;2024;Pemerintah Daerah;2
MHS01936;Akademik;Sains & Teknologi;Tingkat Kampus;Peserta;2026;Perusahaan/Swasta;2
MHS01938;Akademik;Sains & Teknologi;Tingkat Kampus;Juara 3;2023;Perguruan Tinggi;2
MHS01938;Akademik;Sains & Teknologi;Tingkat Kampus;Juara 3;2024;Perguruan Tinggi;2
MHS01939;Akademik;Debat & Karya Tulis;Tingkat Lokal/Wilayah;Peserta;2025;Perguruan Tinggi;2
MHS01939;Akademik;Sains & Teknologi;Tingkat Lokal/Wilayah;Juara 3;2026;Pemerintah Daerah;2
MHS01940;Non-Akademik;Seni & Budaya;Tingkat Lokal/Wilayah;Finalis;2023;Komunitas/Organisasi;1
MHS01941;Akademik;Sains & Teknologi;Tingkat Kampus;Peserta;2026;Perguruan Tinggi;1
MHS01942;Non-Akademik;Sosial & Kemasyarakatan;Tingkat Lokal/Wilayah;Finalis;2025;Komunitas/Organisasi;1
MHS01943;Non-Akademik;Sosial & Kemasyarakatan;Tingkat Nasional;Juara 1;2026;Perguruan Tinggi;1
MHS01945;Non-Akademik;Keagamaan;Tingkat Kampus;Finalis;2025;Perguruan Tinggi;1
MHS01948;Akademik;Kewirausahaan;Tingkat Kampus;Peserta;2025;Kemendikbudristek;1
MHS01949;Akademik;Seni & Budaya;Tingkat Lokal/Wilayah;Peserta;2026;Pemerintah Daerah;1
MHS01950;Akademik;Debat & Karya Tulis;Tingkat Kampus;Juara 3;2025;Perusahaan/Swasta;2
MHS01950;Akademik;Sains & Teknologi;Tingkat Kampus;Juara 1;2026;Komunitas/Organisasi;2
MHS01951;Non-Akademik;Keagamaan;Tingkat Kampus;Peserta;2024;Perguruan Tinggi;1
MHS01953;Non-Akademik;Kewirausahaan;Tingkat Kampus;Peserta;2024;Perusahaan/Swasta;3
MHS01953;Akademik;Sains & Teknologi;Tingkat Lokal/Wilayah;Peserta;2025;Pemerintah Daerah;3
MHS01953;Akademik;Sains & Teknologi;Tingkat Lokal/Wilayah;Juara 3;2025;Kemendikbudristek;3
MHS01954;Non-Akademik;Kewirausahaan;Tingkat Lokal/Wilayah;Peserta;2025;Komunitas/Organisasi;1
MHS01956;Akademik;Debat & Karya Tulis;Tingkat Kampus;Juara 3;2025;Komunitas/Organisasi;1
MHS01957;Akademik;Sains & Teknologi;Tingkat Lokal/Wilayah;Finalis;2024;Komunitas/Organisasi;1
MHS01958;Non-Akademik;Olahraga;Tingkat Lokal/Wilayah;Juara 2;2024;Perguruan Tinggi;3
MHS01958;Akademik;Sains & Teknologi;Tingkat Nasional;Peserta;2025;Perguruan Tinggi;3
MHS01958;Akademik;Seni & Budaya;Tingkat Kampus;Peserta;2026;Kemendikbudristek;3
MHS01959;Akademik;Debat & Karya Tulis;Tingkat Nasional;Peserta;2026;Perguruan Tinggi;1
MHS01962;Akademik;Sains & Teknologi;Tingkat Kampus;Juara 2;2026;Pemerintah Daerah;1
MHS01963;Akademik;Sains & Teknologi;Tingkat Kampus;Juara 1;2024;Komunitas/Organisasi;1
MHS01966;Non-Akademik;Kewirausahaan;Tingkat Internasional;Juara 1;2026;Kemendikbudristek;1
MHS01967;Non-Akademik;Seni & Budaya;Tingkat Kampus;Finalis;2025;Komunitas/Organisasi;1
MHS01968;Akademik;Sosial & Kemasyarakatan;Tingkat Kampus;Finalis;2026;Kemendikbudristek;1
MHS01971;Akademik;Debat & Karya Tulis;Tingkat Lokal/Wilayah;Finalis;2026;Perguruan Tinggi;3
MHS01971;Non-Akademik;Sosial & Kemasyarakatan;Tingkat Internasional;Juara 1;2026;Perguruan Tinggi;3
MHS01971;Non-Akademik;Sosial & Kemasyarakatan;Tingkat Lokal/Wilayah;Peserta;2026;Perguruan Tinggi;3
MHS01974;Non-Akademik;Kewirausahaan;Tingkat Nasional;Juara 3;2025;Perguruan Tinggi;1
MHS01977;Non-Akademik;Olahraga;Tingkat Kampus;Finalis;2026;Pemerintah Daerah;1
MHS01978;Non-Akademik;Kewirausahaan;Tingkat Lokal/Wilayah;Finalis;2024;Komunitas/Organisasi;2
MHS01978;Non-Akademik;Olahraga;Tingkat Lokal/Wilayah;Peserta;2025;Perguruan Tinggi;2
MHS01982;Non-Akademik;Seni & Budaya;Tingkat Lokal/Wilayah;Juara 2;2024;Pemerintah Daerah;3
MHS01982;Non-Akademik;Keagamaan;Tingkat Lokal/Wilayah;Finalis;2024;Perusahaan/Swasta;3
MHS01982;Akademik;Debat & Karya Tulis;Tingkat Kampus;Juara 1;2026;Komunitas/Organisasi;3
MHS01983;Non-Akademik;Seni & Budaya;Tingkat Nasional;Peserta;2025;Komunitas/Organisasi;2
MHS01983;Akademik;Debat & Karya Tulis;Tingkat Kampus;Finalis;2025;Komunitas/Organisasi;2
MHS01984;Non-Akademik;Kewirausahaan;Tingkat Lokal/Wilayah;Juara 1;2021;Komunitas/Organisasi;1
MHS01985;Akademik;Sains & Teknologi;Tingkat Lokal/Wilayah;Juara 2;2024;Pemerintah Daerah;2
MHS01985;Non-Akademik;Sosial & Kemasyarakatan;Tingkat Lokal/Wilayah;Finalis;2025;Perguruan Tinggi;2
MHS01987;Akademik;Debat & Karya Tulis;Tingkat Lokal/Wilayah;Juara 1;2026;Komunitas/Organisasi;1
MHS01989;Akademik;Sains & Teknologi;Tingkat Kampus;Juara 1;2024;Perusahaan/Swasta;1
MHS01990;Non-Akademik;Olahraga;Tingkat Lokal/Wilayah;Finalis;2022;Kemendikbudristek;2
MHS01990;Non-Akademik;Sosial & Kemasyarakatan;Tingkat Kampus;Juara 3;2023;Komunitas/Organisasi;2
MHS01992;Non-Akademik;Seni & Budaya;Tingkat Kampus;Juara 2;2025;Perusahaan/Swasta;1
MHS01993;Non-Akademik;Seni & Budaya;Tingkat Nasional;Juara 2;2020;Komunitas/Organisasi;4
MHS01993;Akademik;Sosial & Kemasyarakatan;Tingkat Kampus;Peserta;2021;Pemerintah Daerah;4
MHS01993;Non-Akademik;Keagamaan;Tingkat Lokal/Wilayah;Juara 3;2022;Perguruan Tinggi;4
MHS01993;Non-Akademik;Keagamaan;Tingkat Kampus;Juara 3;2023;Kemendikbudristek;4
MHS01994;Akademik;Sains & Teknologi;Tingkat Lokal/Wilayah;Peserta;2026;Pemerintah Daerah;2
MHS01994;Akademik;Sains & Teknologi;Tingkat Nasional;Juara 2;2026;Kemendikbudristek;2
MHS01995;Akademik;Debat & Karya Tulis;Tingkat Nasional;Peserta;2024;Pemerintah Daerah;3
MHS01995;Akademik;Sains & Teknologi;Tingkat Nasional;Peserta;2025;Komunitas/Organisasi;3
MHS01995;Akademik;Sains & Teknologi;Tingkat Kampus;Finalis;2025;Perusahaan/Swasta;3
MHS01996;Akademik;Sains & Teknologi;Tingkat Kampus;Juara 2;2024;Perguruan Tinggi;3
MHS01996;Non-Akademik;Sosial & Kemasyarakatan;Tingkat Kampus;Peserta;2025;Perguruan Tinggi;3
MHS01996;Akademik;Sains & Teknologi;Tingkat Kampus;Finalis;2026;Pemerintah Daerah;3
MHS02000;Non-Akademik;Sosial & Kemasyarakatan;Tingkat Kampus;Finalis;2026;Perusahaan/Swasta;1
MHS02001;Akademik;Debat & Karya Tulis;Tingkat Lokal/Wilayah;Peserta;2023;Komunitas/Organisasi;2
MHS02001;Akademik;Sains & Teknologi;Tingkat Kampus;Finalis;2024;Pemerintah Daerah;2
MHS02003;Non-Akademik;Olahraga;Tingkat Lokal/Wilayah;Peserta;2026;Perusahaan/Swasta;1
MHS02004;Akademik;Sains & Teknologi;Tingkat Kampus;Peserta;2025;Komunitas/Organisasi;1
MHS02006;Akademik;Sains & Teknologi;Tingkat Kampus;Juara 3;2026;Komunitas/Organisasi;1
MHS02007;Non-Akademik;Seni & Budaya;Tingkat Lokal/Wilayah;Peserta;2024;Kemendikbudristek;2
MHS02007;Non-Akademik;Seni & Budaya;Tingkat Kampus;Peserta;2025;Komunitas/Organisasi;2
MHS02008;Non-Akademik;Kewirausahaan;Tingkat Lokal/Wilayah;Finalis;2025;Perusahaan/Swasta;6
MHS02008;Non-Akademik;Sosial & Kemasyarakatan;Tingkat Internasional;Juara 3;2026;Kemendikbudristek;6
MHS02008;Akademik;Sains & Teknologi;Tingkat Lokal/Wilayah;Juara 2;2026;Kemendikbudristek;6
MHS02008;Non-Akademik;Olahraga;Tingkat Nasional;Juara 2;2026;Kemendikbudristek;6
MHS02008;Non-Akademik;Seni & Budaya;Tingkat Kampus;Juara 3;2026;Perusahaan/Swasta;6
MHS02008;Non-Akademik;Keagamaan;Tingkat Lokal/Wilayah;Finalis;2026;Perusahaan/Swasta;6
MHS02011;Akademik;Sains & Teknologi;Tingkat Nasional;Finalis;2023;Komunitas/Organisasi;2
MHS02011;Non-Akademik;Olahraga;Tingkat Lokal/Wilayah;Peserta;2023;Perusahaan/Swasta;2
MHS02013;Non-Akademik;Seni & Budaya;Tingkat Kampus;Peserta;2026;Perguruan Tinggi;1
MHS02017;Non-Akademik;Kewirausahaan;Tingkat Lokal/Wilayah;Juara 2;2024;Kemendikbudristek;1
MHS02018;Akademik;Sains & Teknologi;Tingkat Lokal/Wilayah;Peserta;2020;Perguruan Tinggi;2
MHS02018;Non-Akademik;Kewirausahaan;Tingkat Nasional;Juara 2;2023;Pemerintah Daerah;2
MHS02019;Akademik;Keagamaan;Tingkat Kampus;Juara 3;2023;Kemendikbudristek;1
MHS02020;Akademik;Sains & Teknologi;Tingkat Nasional;Juara 3;2021;Kemendikbudristek;6
MHS02020;Non-Akademik;Keagamaan;Tingkat Nasional;Finalis;2021;Perusahaan/Swasta;6
MHS02020;Non-Akademik;Olahraga;Tingkat Lokal/Wilayah;Juara 3;2022;Pemerintah Daerah;6
MHS02020;Non-Akademik;Kewirausahaan;Tingkat Kampus;Juara 2;2023;Pemerintah Daerah;6
MHS02020;Akademik;Sosial & Kemasyarakatan;Tingkat Lokal/Wilayah;Juara 3;2024;Kemendikbudristek;6
MHS02020;Akademik;Sains & Teknologi;Tingkat Kampus;Peserta;2025;Perusahaan/Swasta;6
MHS02021;Non-Akademik;Olahraga;Tingkat Kampus;Peserta;2025;Komunitas/Organisasi;1
MHS02022;Non-Akademik;Olahraga;Tingkat Nasional;Juara 3;2024;Kemendikbudristek;2
MHS02022;Non-Akademik;Olahraga;Tingkat Kampus;Peserta;2025;Kemendikbudristek;2
MHS02023;Akademik;Seni & Budaya;Tingkat Lokal/Wilayah;Juara 1;2025;Perguruan Tinggi;2
MHS02023;Akademik;Sains & Teknologi;Tingkat Kampus;Juara 1;2026;Kemendikbudristek;2
MHS02025;Non-Akademik;Olahraga;Tingkat Nasional;Juara 1;2025;Perusahaan/Swasta;2
MHS02025;Non-Akademik;Seni & Budaya;Tingkat Nasional;Juara 2;2025;Perusahaan/Swasta;2
MHS02026;Non-Akademik;Sosial & Kemasyarakatan;Tingkat Nasional;Juara 3;2020;Perguruan Tinggi;2
MHS02026;Akademik;Sains & Teknologi;Tingkat Nasional;Juara 1;2022;Pemerintah Daerah;2
MHS02027;Non-Akademik;Seni & Budaya;Tingkat Lokal/Wilayah;Peserta;2021;Pemerintah Daerah;1
MHS02029;Akademik;Seni & Budaya;Tingkat Lokal/Wilayah;Finalis;2024;Perguruan Tinggi;1
MHS02030;Non-Akademik;Olahraga;Tingkat Nasional;Peserta;2024;Komunitas/Organisasi;2
MHS02030;Non-Akademik;Seni & Budaya;Tingkat Lokal/Wilayah;Peserta;2026;Perguruan Tinggi;2
MHS02031;Non-Akademik;Keagamaan;Tingkat Lokal/Wilayah;Juara 2;2026;Kemendikbudristek;1
MHS02034;Non-Akademik;Olahraga;Tingkat Nasional;Peserta;2025;Perguruan Tinggi;1
MHS02042;Non-Akademik;Kewirausahaan;Tingkat Lokal/Wilayah;Juara 2;2025;Kemendikbudristek;1
MHS02046;Akademik;Debat & Karya Tulis;Tingkat Lokal/Wilayah;Peserta;2026;Kemendikbudristek;1
MHS02049;Akademik;Debat & Karya Tulis;Tingkat Kampus;Juara 2;2026;Komunitas/Organisasi;1
MHS02050;Non-Akademik;Sosial & Kemasyarakatan;Tingkat Internasional;Juara 2;2021;Kemendikbudristek;7
MHS02050;Non-Akademik;Sosial & Kemasyarakatan;Tingkat Kampus;Juara 1;2022;Perusahaan/Swasta;7
MHS02050;Non-Akademik;Keagamaan;Tingkat Kampus;Juara 3;2022;Perusahaan/Swasta;7
MHS02050;Akademik;Debat & Karya Tulis;Tingkat Internasional;Juara 2;2023;Pemerintah Daerah;7
MHS02050;Akademik;Sains & Teknologi;Tingkat Kampus;Juara 1;2024;Perusahaan/Swasta;7
MHS02050;Non-Akademik;Keagamaan;Tingkat Lokal/Wilayah;Juara 3;2025;Perusahaan/Swasta;7
MHS02050;Non-Akademik;Keagamaan;Tingkat Kampus;Juara 3;2025;Komunitas/Organisasi;7
MHS02051;Non-Akademik;Seni & Budaya;Tingkat Lokal/Wilayah;Juara 1;2024;Perusahaan/Swasta;8
MHS02051;Akademik;Sains & Teknologi;Tingkat Kampus;Juara 1;2024;Komunitas/Organisasi;8
MHS02051;Non-Akademik;Kewirausahaan;Tingkat Nasional;Finalis;2024;Perusahaan/Swasta;8
MHS02051;Non-Akademik;Kewirausahaan;Tingkat Kampus;Peserta;2025;Pemerintah Daerah;8
MHS02051;Non-Akademik;Seni & Budaya;Tingkat Lokal/Wilayah;Juara 2;2025;Pemerintah Daerah;8
MHS02051;Akademik;Sosial & Kemasyarakatan;Tingkat Nasional;Juara 2;2025;Komunitas/Organisasi;8
MHS02051;Akademik;Sains & Teknologi;Tingkat Kampus;Juara 1;2025;Kemendikbudristek;8
MHS02051;Akademik;Sains & Teknologi;Tingkat Nasional;Peserta;2026;Perguruan Tinggi;8
MHS02052;Akademik;Olahraga;Tingkat Nasional;Finalis;2023;Perguruan Tinggi;8
MHS02052;Akademik;Seni & Budaya;Tingkat Nasional;Juara 1;2023;Pemerintah Daerah;8
MHS02052;Akademik;Sains & Teknologi;Tingkat Kampus;Juara 1;2023;Komunitas/Organisasi;8
MHS02052;Non-Akademik;Sosial & Kemasyarakatan;Tingkat Kampus;Peserta;2024;Perusahaan/Swasta;8
MHS02052;Non-Akademik;Kewirausahaan;Tingkat Nasional;Peserta;2024;Perguruan Tinggi;8
MHS02052;Non-Akademik;Seni & Budaya;Tingkat Kampus;Juara 3;2024;Komunitas/Organisasi;8
MHS02052;Non-Akademik;Keagamaan;Tingkat Kampus;Juara 3;2025;Perguruan Tinggi;8
MHS02052;Non-Akademik;Kewirausahaan;Tingkat Lokal/Wilayah;Juara 1;2026;Komunitas/Organisasi;8
MHS02053;Non-Akademik;Keagamaan;Tingkat Lokal/Wilayah;Juara 2;2026;Perguruan Tinggi;2
MHS02053;Non-Akademik;Seni & Budaya;Tingkat Nasional;Peserta;2026;Perusahaan/Swasta;2
MHS02055;Non-Akademik;Seni & Budaya;Tingkat Nasional;Juara 1;2023;Kemendikbudristek;8
MHS02055;Non-Akademik;Kewirausahaan;Tingkat Nasional;Juara 3;2023;Perusahaan/Swasta;8
MHS02055;Akademik;Debat & Karya Tulis;Tingkat Kampus;Peserta;2024;Perguruan Tinggi;8
MHS02055;Non-Akademik;Sosial & Kemasyarakatan;Tingkat Internasional;Peserta;2025;Pemerintah Daerah;8
MHS02055;Akademik;Debat & Karya Tulis;Tingkat Kampus;Juara 3;2025;Kemendikbudristek;8
MHS02055;Non-Akademik;Kewirausahaan;Tingkat Nasional;Juara 3;2026;Komunitas/Organisasi;8
MHS02055;Non-Akademik;Olahraga;Tingkat Lokal/Wilayah;Juara 2;2026;Komunitas/Organisasi;8
MHS02055;Akademik;Sains & Teknologi;Tingkat Nasional;Finalis;2026;Perguruan Tinggi;8
MHS02056;Non-Akademik;Seni & Budaya;Tingkat Kampus;Peserta;2023;Perguruan Tinggi;3
MHS02056;Akademik;Sains & Teknologi;Tingkat Kampus;Finalis;2024;Perguruan Tinggi;3
MHS02056;Akademik;Debat & Karya Tulis;Tingkat Lokal/Wilayah;Peserta;2025;Kemendikbudristek;3
MHS02058;Non-Akademik;Seni & Budaya;Tingkat Lokal/Wilayah;Juara 2;2025;Perguruan Tinggi;2
MHS02058;Akademik;Sains & Teknologi;Tingkat Lokal/Wilayah;Finalis;2026;Perguruan Tinggi;2
MHS02061;Akademik;Debat & Karya Tulis;Tingkat Lokal/Wilayah;Finalis;2024;Pemerintah Daerah;1
MHS02063;Non-Akademik;Sosial & Kemasyarakatan;Tingkat Internasional;Juara 1;2021;Pemerintah Daerah;6
MHS02063;Non-Akademik;Olahraga;Tingkat Lokal/Wilayah;Juara 2;2022;Komunitas/Organisasi;6
MHS02063;Non-Akademik;Kewirausahaan;Tingkat Kampus;Juara 3;2023;Kemendikbudristek;6
MHS02063;Akademik;Sains & Teknologi;Tingkat Internasional;Juara 2;2024;Pemerintah Daerah;6
MHS02063;Akademik;Debat & Karya Tulis;Tingkat Kampus;Juara 3;2024;Kemendikbudristek;6
MHS02063;Akademik;Debat & Karya Tulis;Tingkat Lokal/Wilayah;Juara 1;2025;Pemerintah Daerah;6
MHS02067;Akademik;Sains & Teknologi;Tingkat Lokal/Wilayah;Juara 3;2026;Kemendikbudristek;1
MHS02069;Non-Akademik;Seni & Budaya;Tingkat Lokal/Wilayah;Juara 2;2025;Perusahaan/Swasta;2
MHS02069;Non-Akademik;Seni & Budaya;Tingkat Kampus;Finalis;2025;Perusahaan/Swasta;2
MHS02070;Non-Akademik;Keagamaan;Tingkat Lokal/Wilayah;Juara 3;2026;Pemerintah Daerah;1
MHS02071;Non-Akademik;Kewirausahaan;Tingkat Kampus;Finalis;2022;Perusahaan/Swasta;3
MHS02071;Akademik;Sains & Teknologi;Tingkat Lokal/Wilayah;Finalis;2023;Pemerintah Daerah;3
MHS02071;Non-Akademik;Seni & Budaya;Tingkat Nasional;Juara 1;2025;Komunitas/Organisasi;3
MHS02072;Akademik;Debat & Karya Tulis;Tingkat Lokal/Wilayah;Juara 3;2024;Pemerintah Daerah;3
MHS02072;Non-Akademik;Sosial & Kemasyarakatan;Tingkat Kampus;Juara 2;2025;Komunitas/Organisasi;3
MHS02072;Non-Akademik;Olahraga;Tingkat Lokal/Wilayah;Juara 2;2025;Pemerintah Daerah;3
MHS02073;Akademik;Debat & Karya Tulis;Tingkat Lokal/Wilayah;Juara 2;2024;Perusahaan/Swasta;3
MHS02073;Non-Akademik;Seni & Budaya;Tingkat Lokal/Wilayah;Finalis;2024;Perusahaan/Swasta;3
MHS02073;Akademik;Debat & Karya Tulis;Tingkat Lokal/Wilayah;Juara 2;2026;Pemerintah Daerah;3
MHS02074;Akademik;Sains & Teknologi;Tingkat Lokal/Wilayah;Peserta;2026;Perguruan Tinggi;1
MHS02077;Non-Akademik;Keagamaan;Tingkat Lokal/Wilayah;Juara 2;2025;Perguruan Tinggi;1
MHS02078;Non-Akademik;Seni & Budaya;Tingkat Kampus;Juara 1;2024;Perusahaan/Swasta;1
MHS02079;Akademik;Debat & Karya Tulis;Tingkat Lokal/Wilayah;Peserta;2024;Kemendikbudristek;2
MHS02079;Non-Akademik;Keagamaan;Tingkat Lokal/Wilayah;Peserta;2024;Kemendikbudristek;2
MHS02080;Non-Akademik;Keagamaan;Tingkat Internasional;Juara 1;2024;Perusahaan/Swasta;4
MHS02080;Akademik;Keagamaan;Tingkat Nasional;Juara 1;2024;Kemendikbudristek;4
MHS02080;Akademik;Debat & Karya Tulis;Tingkat Lokal/Wilayah;Juara 2;2025;Kemendikbudristek;4
MHS02080;Non-Akademik;Seni & Budaya;Tingkat Kampus;Juara 1;2025;Pemerintah Daerah;4
MHS02081;Non-Akademik;Keagamaan;Tingkat Kampus;Finalis;2023;Perusahaan/Swasta;5
MHS02081;Non-Akademik;Kewirausahaan;Tingkat Kampus;Juara 2;2023;Perguruan Tinggi;5
MHS02081;Non-Akademik;Seni & Budaya;Tingkat Kampus;Finalis;2024;Pemerintah Daerah;5
MHS02081;Non-Akademik;Olahraga;Tingkat Lokal/Wilayah;Peserta;2026;Komunitas/Organisasi;5
MHS02081;Akademik;Olahraga;Tingkat Kampus;Finalis;2026;Pemerintah Daerah;5
MHS02082;Akademik;Debat & Karya Tulis;Tingkat Kampus;Peserta;2026;Perguruan Tinggi;1
MHS02083;Non-Akademik;Sosial & Kemasyarakatan;Tingkat Lokal/Wilayah;Finalis;2026;Pemerintah Daerah;1
MHS02086;Non-Akademik;Seni & Budaya;Tingkat Lokal/Wilayah;Peserta;2025;Pemerintah Daerah;1
MHS02087;Akademik;Kewirausahaan;Tingkat Kampus;Juara 3;2024;Perguruan Tinggi;2
MHS02087;Non-Akademik;Seni & Budaya;Tingkat Kampus;Finalis;2026;Perusahaan/Swasta;2
MHS02088;Non-Akademik;Olahraga;Tingkat Nasional;Peserta;2022;Kemendikbudristek;3
MHS02088;Akademik;Debat & Karya Tulis;Tingkat Internasional;Finalis;2023;Kemendikbudristek;3
MHS02088;Non-Akademik;Sosial & Kemasyarakatan;Tingkat Nasional;Juara 3;2023;Komunitas/Organisasi;3
MHS02089;Non-Akademik;Keagamaan;Tingkat Lokal/Wilayah;Peserta;2024;Pemerintah Daerah;1
MHS02090;Non-Akademik;Olahraga;Tingkat Nasional;Juara 2;2024;Kemendikbudristek;6
MHS02090;Non-Akademik;Olahraga;Tingkat Lokal/Wilayah;Juara 2;2024;Komunitas/Organisasi;6
MHS02090;Akademik;Sains & Teknologi;Tingkat Kampus;Finalis;2025;Perusahaan/Swasta;6
MHS02090;Non-Akademik;Olahraga;Tingkat Nasional;Peserta;2025;Pemerintah Daerah;6
MHS02090;Akademik;Sains & Teknologi;Tingkat Lokal/Wilayah;Juara 2;2026;Perusahaan/Swasta;6
MHS02090;Akademik;Sains & Teknologi;Tingkat Nasional;Juara 3;2026;Pemerintah Daerah;6
MHS02091;Non-Akademik;Seni & Budaya;Tingkat Kampus;Juara 3;2022;Pemerintah Daerah;7
MHS02091;Non-Akademik;Keagamaan;Tingkat Internasional;Finalis;2022;Perusahaan/Swasta;7
MHS02091;Akademik;Sains & Teknologi;Tingkat Kampus;Finalis;2022;Perusahaan/Swasta;7
MHS02091;Akademik;Debat & Karya Tulis;Tingkat Lokal/Wilayah;Peserta;2022;Perusahaan/Swasta;7
MHS02091;Non-Akademik;Olahraga;Tingkat Kampus;Juara 1;2023;Pemerintah Daerah;7
MHS02091;Non-Akademik;Olahraga;Tingkat Lokal/Wilayah;Juara 3;2025;Kemendikbudristek;7
MHS02091;Non-Akademik;Kewirausahaan;Tingkat Kampus;Juara 1;2025;Perguruan Tinggi;7
MHS02093;Akademik;Debat & Karya Tulis;Tingkat Lokal/Wilayah;Finalis;2022;Perguruan Tinggi;3
MHS02093;Non-Akademik;Seni & Budaya;Tingkat Kampus;Finalis;2023;Perusahaan/Swasta;3
MHS02093;Akademik;Kewirausahaan;Tingkat Kampus;Peserta;2025;Perusahaan/Swasta;3
MHS02096;Non-Akademik;Olahraga;Tingkat Kampus;Juara 2;2025;Komunitas/Organisasi;3
MHS02096;Non-Akademik;Seni & Budaya;Tingkat Lokal/Wilayah;Finalis;2026;Perusahaan/Swasta;3
MHS02096;Non-Akademik;Keagamaan;Tingkat Nasional;Finalis;2026;Kemendikbudristek;3
MHS02097;Non-Akademik;Seni & Budaya;Tingkat Kampus;Finalis;2026;Perguruan Tinggi;2
MHS02097;Non-Akademik;Keagamaan;Tingkat Kampus;Juara 1;2026;Kemendikbudristek;2
MHS02102;Non-Akademik;Seni & Budaya;Tingkat Nasional;Finalis;2023;Pemerintah Daerah;2
MHS02102;Akademik;Sains & Teknologi;Tingkat Kampus;Juara 1;2026;Perusahaan/Swasta;2
MHS02103;Akademik;Debat & Karya Tulis;Tingkat Kampus;Peserta;2026;Pemerintah Daerah;1
MHS02104;Akademik;Debat & Karya Tulis;Tingkat Kampus;Juara 2;2025;Komunitas/Organisasi;1
MHS02106;Non-Akademik;Sosial & Kemasyarakatan;Tingkat Kampus;Finalis;2023;Komunitas/Organisasi;3
MHS02106;Akademik;Sosial & Kemasyarakatan;Tingkat Internasional;Juara 3;2024;Komunitas/Organisasi;3
MHS02106;Non-Akademik;Keagamaan;Tingkat Lokal/Wilayah;Finalis;2025;Perguruan Tinggi;3
MHS02108;Non-Akademik;Sosial & Kemasyarakatan;Tingkat Kampus;Finalis;2025;Komunitas/Organisasi;1
MHS02109;Akademik;Sains & Teknologi;Tingkat Nasional;Finalis;2025;Perguruan Tinggi;2
MHS02109;Akademik;Sains & Teknologi;Tingkat Kampus;Juara 2;2026;Pemerintah Daerah;2
MHS02110;Non-Akademik;Seni & Budaya;Tingkat Kampus;Peserta;2022;Komunitas/Organisasi;1
MHS02111;Non-Akademik;Olahraga;Tingkat Lokal/Wilayah;Peserta;2019;Perusahaan/Swasta;2
MHS02111;Akademik;Sains & Teknologi;Tingkat Internasional;Finalis;2023;Kemendikbudristek;2
MHS02113;Non-Akademik;Sosial & Kemasyarakatan;Tingkat Lokal/Wilayah;Finalis;2025;Komunitas/Organisasi;1
MHS02114;Non-Akademik;Kewirausahaan;Tingkat Kampus;Peserta;2019;Perusahaan/Swasta;4
MHS02114;Akademik;Olahraga;Tingkat Lokal/Wilayah;Juara 2;2019;Perusahaan/Swasta;4
MHS02114;Non-Akademik;Olahraga;Tingkat Lokal/Wilayah;Juara 3;2022;Kemendikbudristek;4
MHS02114;Akademik;Seni & Budaya;Tingkat Lokal/Wilayah;Juara 2;2023;Kemendikbudristek;4
MHS02116;Akademik;Sains & Teknologi;Tingkat Lokal/Wilayah;Peserta;2025;Pemerintah Daerah;2
MHS02116;Akademik;Sains & Teknologi;Tingkat Nasional;Peserta;2025;Kemendikbudristek;2
MHS02117;Non-Akademik;Seni & Budaya;Tingkat Kampus;Peserta;2025;Perusahaan/Swasta;2
MHS02117;Akademik;Debat & Karya Tulis;Tingkat Kampus;Finalis;2026;Pemerintah Daerah;2
MHS02118;Akademik;Sains & Teknologi;Tingkat Nasional;Peserta;2024;Komunitas/Organisasi;2
MHS02118;Non-Akademik;Kewirausahaan;Tingkat Kampus;Peserta;2025;Komunitas/Organisasi;2
MHS02119;Akademik;Kewirausahaan;Tingkat Lokal/Wilayah;Finalis;2025;Perguruan Tinggi;3
MHS02119;Non-Akademik;Keagamaan;Tingkat Nasional;Juara 3;2026;Komunitas/Organisasi;3
MHS02119;Akademik;Debat & Karya Tulis;Tingkat Kampus;Juara 2;2026;Perusahaan/Swasta;3
MHS02120;Non-Akademik;Seni & Budaya;Tingkat Kampus;Finalis;2024;Pemerintah Daerah;3
MHS02120;Akademik;Sains & Teknologi;Tingkat Lokal/Wilayah;Juara 2;2025;Komunitas/Organisasi;3
MHS02120;Non-Akademik;Seni & Budaya;Tingkat Kampus;Juara 3;2025;Kemendikbudristek;3
MHS02123;Non-Akademik;Seni & Budaya;Tingkat Lokal/Wilayah;Juara 3;2020;Perguruan Tinggi;5
MHS02123;Akademik;Sains & Teknologi;Tingkat Kampus;Juara 3;2023;Perguruan Tinggi;5
MHS02123;Non-Akademik;Olahraga;Tingkat Kampus;Peserta;2024;Perusahaan/Swasta;5
MHS02123;Non-Akademik;Olahraga;Tingkat Kampus;Juara 3;2024;Komunitas/Organisasi;5
MHS02123;Non-Akademik;Kewirausahaan;Tingkat Lokal/Wilayah;Peserta;2024;Kemendikbudristek;5
MHS02125;Non-Akademik;Kewirausahaan;Tingkat Nasional;Finalis;2025;Kemendikbudristek;2
MHS02125;Non-Akademik;Sosial & Kemasyarakatan;Tingkat Kampus;Juara 2;2026;Kemendikbudristek;2
MHS02126;Akademik;Debat & Karya Tulis;Tingkat Kampus;Finalis;2024;Perguruan Tinggi;2
MHS02126;Non-Akademik;Kewirausahaan;Tingkat Nasional;Peserta;2026;Perguruan Tinggi;2
MHS02129;Non-Akademik;Keagamaan;Tingkat Lokal/Wilayah;Peserta;2022;Kemendikbudristek;7
MHS02129;Non-Akademik;Kewirausahaan;Tingkat Kampus;Juara 1;2024;Komunitas/Organisasi;7
MHS02129;Akademik;Sains & Teknologi;Tingkat Kampus;Juara 3;2024;Komunitas/Organisasi;7
MHS02129;Non-Akademik;Seni & Budaya;Tingkat Lokal/Wilayah;Juara 3;2024;Perguruan Tinggi;7
MHS02129;Non-Akademik;Sosial & Kemasyarakatan;Tingkat Lokal/Wilayah;Juara 2;2025;Kemendikbudristek;7
MHS02129;Akademik;Debat & Karya Tulis;Tingkat Nasional;Peserta;2026;Perusahaan/Swasta;7
MHS02129;Non-Akademik;Sosial & Kemasyarakatan;Tingkat Nasional;Juara 2;2026;Kemendikbudristek;7
MHS02130;Non-Akademik;Seni & Budaya;Tingkat Nasional;Peserta;2024;Komunitas/Organisasi;2
MHS02130;Akademik;Kewirausahaan;Tingkat Kampus;Juara 3;2026;Perguruan Tinggi;2
MHS02131;Non-Akademik;Olahraga;Tingkat Kampus;Juara 1;2022;Perguruan Tinggi;3
MHS02131;Non-Akademik;Kewirausahaan;Tingkat Lokal/Wilayah;Peserta;2024;Komunitas/Organisasi;3
MHS02131;Non-Akademik;Seni & Budaya;Tingkat Kampus;Finalis;2025;Perguruan Tinggi;3
MHS02132;Akademik;Sains & Teknologi;Tingkat Nasional;Juara 1;2025;Pemerintah Daerah;1
MHS02136;Non-Akademik;Sosial & Kemasyarakatan;Tingkat Lokal/Wilayah;Juara 2;2026;Pemerintah Daerah;1
MHS02140;Akademik;Debat & Karya Tulis;Tingkat Lokal/Wilayah;Juara 2;2020;Perusahaan/Swasta;3
MHS02140;Akademik;Sains & Teknologi;Tingkat Lokal/Wilayah;Juara 2;2022;Perusahaan/Swasta;3
MHS02140;Akademik;Keagamaan;Tingkat Kampus;Peserta;2023;Pemerintah Daerah;3
MHS02143;Non-Akademik;Kewirausahaan;Tingkat Kampus;Finalis;2025;Kemendikbudristek;1
MHS02144;Non-Akademik;Seni & Budaya;Tingkat Nasional;Finalis;2025;Pemerintah Daerah;1
MHS02146;Non-Akademik;Kewirausahaan;Tingkat Lokal/Wilayah;Finalis;2020;Pemerintah Daerah;2
MHS02146;Non-Akademik;Keagamaan;Tingkat Kampus;Finalis;2021;Perguruan Tinggi;2
MHS02148;Akademik;Sains & Teknologi;Tingkat Nasional;Peserta;2023;Komunitas/Organisasi;2
MHS02148;Akademik;Sains & Teknologi;Tingkat Kampus;Peserta;2026;Perusahaan/Swasta;2
MHS02149;Akademik;Sains & Teknologi;Tingkat Kampus;Finalis;2025;Perusahaan/Swasta;1
MHS02153;Non-Akademik;Keagamaan;Tingkat Kampus;Peserta;2026;Perguruan Tinggi;2
MHS02153;Non-Akademik;Kewirausahaan;Tingkat Lokal/Wilayah;Juara 3;2026;Perusahaan/Swasta;2
MHS02154;Akademik;Debat & Karya Tulis;Tingkat Internasional;Finalis;2025;Perguruan Tinggi;3
MHS02154;Non-Akademik;Sosial & Kemasyarakatan;Tingkat Internasional;Peserta;2025;Perusahaan/Swasta;3
MHS02154;Akademik;Seni & Budaya;Tingkat Nasional;Juara 1;2025;Pemerintah Daerah;3
MHS02155;Akademik;Sains & Teknologi;Tingkat Kampus;Juara 3;2025;Perusahaan/Swasta;1
MHS02156;Non-Akademik;Olahraga;Tingkat Lokal/Wilayah;Juara 3;2026;Kemendikbudristek;1
MHS02157;Akademik;Debat & Karya Tulis;Tingkat Lokal/Wilayah;Peserta;2023;Komunitas/Organisasi;2
MHS02157;Non-Akademik;Keagamaan;Tingkat Nasional;Finalis;2024;Kemendikbudristek;2
MHS02158;Non-Akademik;Seni & Budaya;Tingkat Kampus;Finalis;2023;Kemendikbudristek;1
MHS02160;Non-Akademik;Kewirausahaan;Tingkat Kampus;Finalis;2025;Pemerintah Daerah;2
MHS02160;Non-Akademik;Keagamaan;Tingkat Nasional;Peserta;2026;Perguruan Tinggi;2
MHS02161;Non-Akademik;Seni & Budaya;Tingkat Kampus;Finalis;2025;Perguruan Tinggi;1
MHS02162;Akademik;Debat & Karya Tulis;Tingkat Nasional;Peserta;2024;Pemerintah Daerah;1
MHS02164;Akademik;Seni & Budaya;Tingkat Kampus;Peserta;2023;Komunitas/Organisasi;1
MHS02167;Akademik;Sains & Teknologi;Tingkat Kampus;Juara 2;2023;Komunitas/Organisasi;1
MHS02168;Akademik;Seni & Budaya;Tingkat Kampus;Juara 1;2025;Pemerintah Daerah;5
MHS02168;Akademik;Kewirausahaan;Tingkat Kampus;Juara 3;2026;Perusahaan/Swasta;5
MHS02168;Akademik;Debat & Karya Tulis;Tingkat Kampus;Finalis;2026;Perguruan Tinggi;5
MHS02168;Non-Akademik;Seni & Budaya;Tingkat Lokal/Wilayah;Juara 3;2026;Perguruan Tinggi;5
MHS02168;Non-Akademik;Seni & Budaya;Tingkat Kampus;Juara 1;2026;Kemendikbudristek;5
MHS02169;Akademik;Sains & Teknologi;Tingkat Kampus;Finalis;2025;Kemendikbudristek;1
MHS02171;Non-Akademik;Kewirausahaan;Tingkat Lokal/Wilayah;Juara 2;2024;Kemendikbudristek;3
MHS02171;Akademik;Olahraga;Tingkat Lokal/Wilayah;Peserta;2025;Pemerintah Daerah;3
MHS02171;Non-Akademik;Kewirausahaan;Tingkat Internasional;Juara 2;2026;Komunitas/Organisasi;3
MHS02172;Non-Akademik;Keagamaan;Tingkat Kampus;Finalis;2025;Perusahaan/Swasta;1
MHS02173;Akademik;Sains & Teknologi;Tingkat Kampus;Finalis;2025;Pemerintah Daerah;2
MHS02173;Akademik;Debat & Karya Tulis;Tingkat Kampus;Finalis;2026;Kemendikbudristek;2
MHS02174;Non-Akademik;Olahraga;Tingkat Kampus;Peserta;2023;Perusahaan/Swasta;2
MHS02174;Akademik;Debat & Karya Tulis;Tingkat Kampus;Finalis;2024;Perusahaan/Swasta;2
MHS02175;Akademik;Sains & Teknologi;Tingkat Internasional;Juara 3;2026;Komunitas/Organisasi;1
MHS02178;Akademik;Seni & Budaya;Tingkat Nasional;Finalis;2026;Komunitas/Organisasi;1
MHS02180;Akademik;Debat & Karya Tulis;Tingkat Nasional;Juara 2;2025;Perusahaan/Swasta;1
MHS02181;Non-Akademik;Kewirausahaan;Tingkat Nasional;Juara 2;2023;Pemerintah Daerah;8
MHS02181;Non-Akademik;Seni & Budaya;Tingkat Nasional;Juara 1;2024;Perusahaan/Swasta;8
MHS02181;Non-Akademik;Seni & Budaya;Tingkat Nasional;Juara 1;2024;Pemerintah Daerah;8
MHS02181;Akademik;Sains & Teknologi;Tingkat Nasional;Juara 2;2024;Kemendikbudristek;8
MHS02181;Akademik;Sains & Teknologi;Tingkat Internasional;Peserta;2024;Perusahaan/Swasta;8
MHS02181;Akademik;Sains & Teknologi;Tingkat Nasional;Juara 2;2025;Perusahaan/Swasta;8
MHS02181;Non-Akademik;Olahraga;Tingkat Nasional;Juara 3;2025;Pemerintah Daerah;8
MHS02181;Non-Akademik;Olahraga;Tingkat Lokal/Wilayah;Finalis;2026;Perguruan Tinggi;8
MHS02182;Akademik;Sains & Teknologi;Tingkat Kampus;Juara 2;2023;Perusahaan/Swasta;7
MHS02182;Non-Akademik;Sosial & Kemasyarakatan;Tingkat Kampus;Juara 3;2023;Komunitas/Organisasi;7
MHS02182;Non-Akademik;Seni & Budaya;Tingkat Kampus;Finalis;2023;Pemerintah Daerah;7
MHS02182;Non-Akademik;Kewirausahaan;Tingkat Internasional;Juara 2;2024;Perguruan Tinggi;7
MHS02182;Non-Akademik;Seni & Budaya;Tingkat Nasional;Peserta;2024;Perusahaan/Swasta;7
MHS02182;Akademik;Debat & Karya Tulis;Tingkat Lokal/Wilayah;Juara 3;2025;Komunitas/Organisasi;7
MHS02182;Akademik;Debat & Karya Tulis;Tingkat Kampus;Juara 3;2025;Komunitas/Organisasi;7
MHS02185;Non-Akademik;Kewirausahaan;Tingkat Kampus;Juara 1;2023;Pemerintah Daerah;1
MHS02186;Non-Akademik;Keagamaan;Tingkat Kampus;Finalis;2022;Pemerintah Daerah;1
MHS02188;Non-Akademik;Sosial & Kemasyarakatan;Tingkat Kampus;Juara 1;2023;Perguruan Tinggi;1
MHS02189;Akademik;Sains & Teknologi;Tingkat Nasional;Juara 1;2022;Pemerintah Daerah;4
MHS02189;Non-Akademik;Keagamaan;Tingkat Nasional;Juara 1;2023;Kemendikbudristek;4
MHS02189;Non-Akademik;Olahraga;Tingkat Nasional;Peserta;2024;Perguruan Tinggi;4
MHS02189;Non-Akademik;Keagamaan;Tingkat Lokal/Wilayah;Peserta;2024;Perusahaan/Swasta;4
MHS02192;Non-Akademik;Kewirausahaan;Tingkat Nasional;Peserta;2020;Perguruan Tinggi;3
MHS02192;Non-Akademik;Kewirausahaan;Tingkat Kampus;Finalis;2022;Komunitas/Organisasi;3
MHS02192;Akademik;Sains & Teknologi;Tingkat Lokal/Wilayah;Juara 3;2023;Perguruan Tinggi;3
MHS02193;Akademik;Debat & Karya Tulis;Tingkat Kampus;Finalis;2022;Komunitas/Organisasi;1
MHS02194;Akademik;Debat & Karya Tulis;Tingkat Lokal/Wilayah;Peserta;2026;Kemendikbudristek;1
MHS02195;Akademik;Sains & Teknologi;Tingkat Nasional;Peserta;2024;Komunitas/Organisasi;3
MHS02195;Non-Akademik;Olahraga;Tingkat Kampus;Peserta;2024;Kemendikbudristek;3
MHS02195;Akademik;Sains & Teknologi;Tingkat Kampus;Juara 1;2025;Pemerintah Daerah;3
MHS02196;Akademik;Sains & Teknologi;Tingkat Kampus;Peserta;2026;Pemerintah Daerah;2
MHS02196;Akademik;Sains & Teknologi;Tingkat Internasional;Peserta;2026;Komunitas/Organisasi;2
MHS02197;Non-Akademik;Seni & Budaya;Tingkat Lokal/Wilayah;Juara 3;2023;Kemendikbudristek;4
MHS02197;Akademik;Seni & Budaya;Tingkat Kampus;Juara 1;2024;Perusahaan/Swasta;4
MHS02197;Non-Akademik;Olahraga;Tingkat Lokal/Wilayah;Juara 2;2024;Kemendikbudristek;4
MHS02197;Akademik;Sains & Teknologi;Tingkat Nasional;Juara 1;2025;Pemerintah Daerah;4
MHS02199;Non-Akademik;Seni & Budaya;Tingkat Lokal/Wilayah;Juara 2;2025;Kemendikbudristek;1
MHS02200;Non-Akademik;Olahraga;Tingkat Lokal/Wilayah;Peserta;2024;Perusahaan/Swasta;1
MHS02201;Akademik;Sains & Teknologi;Tingkat Lokal/Wilayah;Finalis;2026;Pemerintah Daerah;1
MHS02203;Akademik;Debat & Karya Tulis;Tingkat Nasional;Peserta;2025;Perguruan Tinggi;2
MHS02203;Non-Akademik;Kewirausahaan;Tingkat Nasional;Finalis;2026;Pemerintah Daerah;2
MHS02204;Akademik;Keagamaan;Tingkat Lokal/Wilayah;Peserta;2022;Komunitas/Organisasi;4
MHS02204;Non-Akademik;Olahraga;Tingkat Internasional;Peserta;2024;Perguruan Tinggi;4
MHS02204;Non-Akademik;Seni & Budaya;Tingkat Kampus;Peserta;2024;Kemendikbudristek;4
MHS02204;Akademik;Debat & Karya Tulis;Tingkat Kampus;Juara 1;2024;Komunitas/Organisasi;4
MHS02205;Akademik;Debat & Karya Tulis;Tingkat Lokal/Wilayah;Juara 3;2025;Kemendikbudristek;1
MHS02206;Non-Akademik;Sosial & Kemasyarakatan;Tingkat Internasional;Juara 2;2022;Perusahaan/Swasta;5
MHS02206;Non-Akademik;Kewirausahaan;Tingkat Internasional;Finalis;2024;Pemerintah Daerah;5
MHS02206;Akademik;Debat & Karya Tulis;Tingkat Lokal/Wilayah;Juara 3;2026;Perguruan Tinggi;5
MHS02206;Akademik;Sains & Teknologi;Tingkat Kampus;Juara 1;2026;Komunitas/Organisasi;5
MHS02206;Akademik;Debat & Karya Tulis;Tingkat Kampus;Peserta;2026;Kemendikbudristek;5
MHS02208;Akademik;Sains & Teknologi;Tingkat Nasional;Juara 2;2025;Komunitas/Organisasi;1
MHS02210;Non-Akademik;Kewirausahaan;Tingkat Lokal/Wilayah;Peserta;2024;Perguruan Tinggi;2
MHS02210;Non-Akademik;Kewirausahaan;Tingkat Kampus;Juara 1;2026;Kemendikbudristek;2
MHS02212;Non-Akademik;Seni & Budaya;Tingkat Lokal/Wilayah;Finalis;2024;Komunitas/Organisasi;2
MHS02212;Akademik;Debat & Karya Tulis;Tingkat Kampus;Finalis;2024;Pemerintah Daerah;2
MHS02215;Akademik;Debat & Karya Tulis;Tingkat Lokal/Wilayah;Peserta;2026;Perusahaan/Swasta;1
MHS02216;Non-Akademik;Sosial & Kemasyarakatan;Tingkat Kampus;Finalis;2026;Perusahaan/Swasta;2
MHS02216;Non-Akademik;Seni & Budaya;Tingkat Lokal/Wilayah;Peserta;2026;Perusahaan/Swasta;2
MHS02218;Akademik;Olahraga;Tingkat Lokal/Wilayah;Peserta;2024;Pemerintah Daerah;1
MHS02220;Non-Akademik;Olahraga;Tingkat Kampus;Finalis;2023;Perusahaan/Swasta;2
MHS02220;Non-Akademik;Sosial & Kemasyarakatan;Tingkat Lokal/Wilayah;Finalis;2023;Kemendikbudristek;2
MHS02221;Non-Akademik;Seni & Budaya;Tingkat Kampus;Peserta;2026;Perguruan Tinggi;1
MHS02222;Non-Akademik;Kewirausahaan;Tingkat Internasional;Juara 3;2023;Perguruan Tinggi;3
MHS02222;Non-Akademik;Sosial & Kemasyarakatan;Tingkat Kampus;Juara 2;2026;Perguruan Tinggi;3
MHS02222;Akademik;Seni & Budaya;Tingkat Lokal/Wilayah;Juara 3;2026;Perusahaan/Swasta;3
MHS02224;Non-Akademik;Sosial & Kemasyarakatan;Tingkat Kampus;Finalis;2021;Perguruan Tinggi;1
MHS02225;Non-Akademik;Kewirausahaan;Tingkat Kampus;Finalis;2023;Komunitas/Organisasi;3
MHS02225;Non-Akademik;Seni & Budaya;Tingkat Lokal/Wilayah;Peserta;2024;Komunitas/Organisasi;3
MHS02225;Non-Akademik;Kewirausahaan;Tingkat Lokal/Wilayah;Juara 1;2025;Komunitas/Organisasi;3
MHS02227;Non-Akademik;Olahraga;Tingkat Kampus;Juara 1;2025;Komunitas/Organisasi;3
MHS02227;Akademik;Sains & Teknologi;Tingkat Lokal/Wilayah;Juara 2;2025;Perguruan Tinggi;3
MHS02227;Akademik;Kewirausahaan;Tingkat Lokal/Wilayah;Juara 3;2026;Pemerintah Daerah;3
MHS02228;Non-Akademik;Olahraga;Tingkat Lokal/Wilayah;Juara 2;2025;Perguruan Tinggi;1
MHS02230;Akademik;Sains & Teknologi;Tingkat Kampus;Finalis;2024;Komunitas/Organisasi;1
MHS02232;Akademik;Debat & Karya Tulis;Tingkat Lokal/Wilayah;Finalis;2024;Kemendikbudristek;3
MHS02232;Non-Akademik;Kewirausahaan;Tingkat Lokal/Wilayah;Juara 2;2024;Kemendikbudristek;3
MHS02232;Akademik;Debat & Karya Tulis;Tingkat Nasional;Peserta;2024;Perusahaan/Swasta;3
MHS02235;Non-Akademik;Seni & Budaya;Tingkat Nasional;Finalis;2023;Perguruan Tinggi;8
MHS02235;Non-Akademik;Olahraga;Tingkat Kampus;Peserta;2024;Kemendikbudristek;8
MHS02235;Non-Akademik;Sosial & Kemasyarakatan;Tingkat Lokal/Wilayah;Peserta;2024;Perusahaan/Swasta;8
MHS02235;Non-Akademik;Keagamaan;Tingkat Kampus;Peserta;2024;Kemendikbudristek;8
MHS02235;Non-Akademik;Kewirausahaan;Tingkat Internasional;Juara 1;2024;Kemendikbudristek;8
MHS02235;Akademik;Sains & Teknologi;Tingkat Kampus;Juara 3;2024;Pemerintah Daerah;8
MHS02235;Non-Akademik;Sosial & Kemasyarakatan;Tingkat Kampus;Juara 3;2024;Perguruan Tinggi;8
MHS02235;Akademik;Sains & Teknologi;Tingkat Nasional;Juara 2;2025;Pemerintah Daerah;8
MHS02240;Akademik;Debat & Karya Tulis;Tingkat Lokal/Wilayah;Juara 2;2024;Pemerintah Daerah;3
MHS02240;Akademik;Sains & Teknologi;Tingkat Lokal/Wilayah;Peserta;2025;Perusahaan/Swasta;3
MHS02240;Non-Akademik;Seni & Budaya;Tingkat Internasional;Juara 1;2025;Perusahaan/Swasta;3
MHS02241;Non-Akademik;Kewirausahaan;Tingkat Kampus;Juara 2;2025;Komunitas/Organisasi;1
MHS02242;Non-Akademik;Olahraga;Tingkat Kampus;Peserta;2026;Kemendikbudristek;1
MHS02243;Akademik;Olahraga;Tingkat Internasional;Peserta;2023;Perguruan Tinggi;2
MHS02243;Akademik;Sains & Teknologi;Tingkat Kampus;Finalis;2024;Komunitas/Organisasi;2
MHS02245;Akademik;Debat & Karya Tulis;Tingkat Lokal/Wilayah;Finalis;2022;Perguruan Tinggi;2
MHS02245;Akademik;Debat & Karya Tulis;Tingkat Lokal/Wilayah;Juara 2;2023;Perusahaan/Swasta;2
MHS02248;Non-Akademik;Kewirausahaan;Tingkat Kampus;Finalis;2024;Kemendikbudristek;1
MHS02249;Non-Akademik;Seni & Budaya;Tingkat Kampus;Juara 3;2024;Perusahaan/Swasta;1
MHS02251;Non-Akademik;Keagamaan;Tingkat Lokal/Wilayah;Peserta;2025;Pemerintah Daerah;2
MHS02251;Akademik;Debat & Karya Tulis;Tingkat Kampus;Peserta;2026;Komunitas/Organisasi;2
MHS02252;Non-Akademik;Kewirausahaan;Tingkat Kampus;Juara 3;2025;Komunitas/Organisasi;1
MHS02253;Akademik;Debat & Karya Tulis;Tingkat Lokal/Wilayah;Juara 2;2023;Komunitas/Organisasi;7
MHS02253;Akademik;Sains & Teknologi;Tingkat Kampus;Finalis;2023;Perusahaan/Swasta;7
MHS02253;Non-Akademik;Sosial & Kemasyarakatan;Tingkat Nasional;Juara 3;2024;Pemerintah Daerah;7
MHS02253;Akademik;Sains & Teknologi;Tingkat Kampus;Juara 3;2024;Komunitas/Organisasi;7
MHS02253;Akademik;Seni & Budaya;Tingkat Internasional;Juara 2;2026;Pemerintah Daerah;7
MHS02253;Akademik;Sains & Teknologi;Tingkat Kampus;Juara 3;2026;Komunitas/Organisasi;7
MHS02253;Akademik;Olahraga;Tingkat Lokal/Wilayah;Finalis;2026;Pemerintah Daerah;7
MHS02254;Akademik;Sains & Teknologi;Tingkat Nasional;Juara 1;2024;Perguruan Tinggi;4
MHS02254;Non-Akademik;Kewirausahaan;Tingkat Lokal/Wilayah;Juara 3;2024;Pemerintah Daerah;4
MHS02254;Akademik;Sains & Teknologi;Tingkat Nasional;Juara 1;2025;Kemendikbudristek;4
MHS02254;Akademik;Sains & Teknologi;Tingkat Kampus;Peserta;2025;Komunitas/Organisasi;4
MHS02255;Akademik;Debat & Karya Tulis;Tingkat Internasional;Finalis;2024;Komunitas/Organisasi;1
MHS02256;Akademik;Sains & Teknologi;Tingkat Kampus;Finalis;2024;Perusahaan/Swasta;2
MHS02256;Akademik;Sains & Teknologi;Tingkat Kampus;Peserta;2026;Kemendikbudristek;2
MHS02257;Akademik;Seni & Budaya;Tingkat Kampus;Juara 1;2024;Perusahaan/Swasta;1
MHS02258;Akademik;Sains & Teknologi;Tingkat Lokal/Wilayah;Juara 3;2025;Komunitas/Organisasi;1
MHS02261;Non-Akademik;Kewirausahaan;Tingkat Lokal/Wilayah;Juara 1;2023;Komunitas/Organisasi;6
MHS02261;Akademik;Seni & Budaya;Tingkat Internasional;Finalis;2023;Pemerintah Daerah;6
MHS02261;Non-Akademik;Keagamaan;Tingkat Lokal/Wilayah;Juara 2;2023;Komunitas/Organisasi;6
MHS02261;Non-Akademik;Sosial & Kemasyarakatan;Tingkat Lokal/Wilayah;Peserta;2024;Perguruan Tinggi;6
MHS02261;Non-Akademik;Olahraga;Tingkat Nasional;Juara 3;2025;Pemerintah Daerah;6
MHS02261;Non-Akademik;Kewirausahaan;Tingkat Internasional;Juara 3;2025;Perusahaan/Swasta;6
MHS02262;Akademik;Sains & Teknologi;Tingkat Kampus;Finalis;2022;Kemendikbudristek;4
MHS02262;Non-Akademik;Sosial & Kemasyarakatan;Tingkat Lokal/Wilayah;Juara 3;2023;Perusahaan/Swasta;4
MHS02262;Akademik;Kewirausahaan;Tingkat Lokal/Wilayah;Peserta;2024;Kemendikbudristek;4
MHS02262;Akademik;Sains & Teknologi;Tingkat Lokal/Wilayah;Juara 3;2024;Komunitas/Organisasi;4
MHS02264;Non-Akademik;Keagamaan;Tingkat Kampus;Juara 2;2025;Kemendikbudristek;1
MHS02267;Non-Akademik;Olahraga;Tingkat Kampus;Peserta;2024;Komunitas/Organisasi;2
MHS02267;Akademik;Sains & Teknologi;Tingkat Lokal/Wilayah;Finalis;2026;Pemerintah Daerah;2
MHS02268;Non-Akademik;Keagamaan;Tingkat Lokal/Wilayah;Peserta;2024;Perguruan Tinggi;2
MHS02268;Akademik;Sains & Teknologi;Tingkat Nasional;Juara 2;2025;Komunitas/Organisasi;2
MHS02270;Akademik;Debat & Karya Tulis;Tingkat Kampus;Juara 2;2023;Pemerintah Daerah;2
MHS02270;Non-Akademik;Kewirausahaan;Tingkat Lokal/Wilayah;Juara 3;2025;Komunitas/Organisasi;2
MHS02271;Akademik;Debat & Karya Tulis;Tingkat Nasional;Peserta;2024;Komunitas/Organisasi;1
MHS02276;Akademik;Debat & Karya Tulis;Tingkat Kampus;Juara 3;2022;Perguruan Tinggi;8
MHS02276;Non-Akademik;Kewirausahaan;Tingkat Lokal/Wilayah;Finalis;2022;Kemendikbudristek;8
MHS02276;Akademik;Olahraga;Tingkat Kampus;Juara 2;2024;Pemerintah Daerah;8
MHS02276;Akademik;Debat & Karya Tulis;Tingkat Internasional;Peserta;2024;Perusahaan/Swasta;8
MHS02276;Akademik;Sains & Teknologi;Tingkat Kampus;Finalis;2024;Komunitas/Organisasi;8
MHS02276;Non-Akademik;Olahraga;Tingkat Lokal/Wilayah;Juara 1;2024;Pemerintah Daerah;8
MHS02276;Non-Akademik;Olahraga;Tingkat Lokal/Wilayah;Peserta;2025;Perguruan Tinggi;8
MHS02276;Akademik;Sosial & Kemasyarakatan;Tingkat Kampus;Peserta;2026;Pemerintah Daerah;8
MHS02277;Akademik;Debat & Karya Tulis;Tingkat Kampus;Finalis;2019;Perguruan Tinggi;1
MHS02278;Akademik;Seni & Budaya;Tingkat Lokal/Wilayah;Juara 2;2024;Perusahaan/Swasta;3
MHS02278;Akademik;Keagamaan;Tingkat Nasional;Finalis;2025;Perusahaan/Swasta;3
MHS02278;Non-Akademik;Kewirausahaan;Tingkat Kampus;Peserta;2025;Kemendikbudristek;3
MHS02280;Akademik;Sains & Teknologi;Tingkat Lokal/Wilayah;Peserta;2024;Perusahaan/Swasta;1
MHS02281;Akademik;Debat & Karya Tulis;Tingkat Lokal/Wilayah;Juara 2;2025;Perusahaan/Swasta;1
MHS02284;Non-Akademik;Kewirausahaan;Tingkat Lokal/Wilayah;Peserta;2024;Perusahaan/Swasta;1
MHS02285;Non-Akademik;Kewirausahaan;Tingkat Lokal/Wilayah;Juara 1;2022;Perusahaan/Swasta;1
MHS02287;Akademik;Debat & Karya Tulis;Tingkat Kampus;Juara 2;2025;Perusahaan/Swasta;2
MHS02287;Non-Akademik;Seni & Budaya;Tingkat Lokal/Wilayah;Peserta;2025;Komunitas/Organisasi;2
MHS02288;Akademik;Debat & Karya Tulis;Tingkat Lokal/Wilayah;Peserta;2020;Perusahaan/Swasta;5
MHS02288;Non-Akademik;Olahraga;Tingkat Lokal/Wilayah;Juara 3;2020;Kemendikbudristek;5
MHS02288;Non-Akademik;Olahraga;Tingkat Lokal/Wilayah;Peserta;2022;Pemerintah Daerah;5
MHS02288;Akademik;Sains & Teknologi;Tingkat Nasional;Juara 3;2022;Komunitas/Organisasi;5
MHS02288;Non-Akademik;Kewirausahaan;Tingkat Lokal/Wilayah;Finalis;2023;Komunitas/Organisasi;5
MHS02289;Akademik;Sains & Teknologi;Tingkat Kampus;Peserta;2026;Komunitas/Organisasi;1
MHS02290;Akademik;Kewirausahaan;Tingkat Kampus;Peserta;2023;Komunitas/Organisasi;1
MHS02292;Akademik;Sains & Teknologi;Tingkat Nasional;Juara 1;2025;Komunitas/Organisasi;1
MHS02296;Non-Akademik;Keagamaan;Tingkat Internasional;Peserta;2024;Pemerintah Daerah;2
MHS02296;Akademik;Debat & Karya Tulis;Tingkat Kampus;Peserta;2025;Kemendikbudristek;2
MHS02297;Akademik;Sains & Teknologi;Tingkat Kampus;Finalis;2026;Komunitas/Organisasi;2
MHS02297;Non-Akademik;Seni & Budaya;Tingkat Kampus;Juara 3;2026;Komunitas/Organisasi;2
MHS02298;Akademik;Sains & Teknologi;Tingkat Kampus;Peserta;2021;Perusahaan/Swasta;3
MHS02298;Non-Akademik;Olahraga;Tingkat Kampus;Peserta;2023;Kemendikbudristek;3
MHS02298;Akademik;Sains & Teknologi;Tingkat Kampus;Juara 1;2025;Perusahaan/Swasta;3
MHS02300;Non-Akademik;Kewirausahaan;Tingkat Internasional;Juara 3;2024;Perguruan Tinggi;2
MHS02300;Non-Akademik;Keagamaan;Tingkat Lokal/Wilayah;Finalis;2025;Perusahaan/Swasta;2
MHS02301;Akademik;Debat & Karya Tulis;Tingkat Kampus;Peserta;2023;Kemendikbudristek;1
MHS02302;Non-Akademik;Keagamaan;Tingkat Lokal/Wilayah;Juara 2;2020;Perguruan Tinggi;3
MHS02302;Non-Akademik;Seni & Budaya;Tingkat Nasional;Juara 1;2020;Perusahaan/Swasta;3
MHS02302;Akademik;Seni & Budaya;Tingkat Kampus;Juara 1;2024;Pemerintah Daerah;3
MHS02303;Non-Akademik;Kewirausahaan;Tingkat Nasional;Juara 2;2023;Perguruan Tinggi;4
MHS02303;Akademik;Sains & Teknologi;Tingkat Lokal/Wilayah;Finalis;2023;Perusahaan/Swasta;4
MHS02303;Akademik;Kewirausahaan;Tingkat Kampus;Peserta;2024;Perguruan Tinggi;4
MHS02303;Non-Akademik;Olahraga;Tingkat Kampus;Peserta;2025;Pemerintah Daerah;4
MHS02305;Non-Akademik;Olahraga;Tingkat Kampus;Juara 3;2025;Perguruan Tinggi;1
MHS02306;Non-Akademik;Seni & Budaya;Tingkat Kampus;Finalis;2024;Komunitas/Organisasi;2
MHS02306;Non-Akademik;Seni & Budaya;Tingkat Lokal/Wilayah;Peserta;2025;Perusahaan/Swasta;2
MHS02308;Non-Akademik;Sosial & Kemasyarakatan;Tingkat Nasional;Peserta;2026;Perusahaan/Swasta;1
MHS02311;Non-Akademik;Sosial & Kemasyarakatan;Tingkat Lokal/Wilayah;Juara 2;2022;Komunitas/Organisasi;4
MHS02311;Non-Akademik;Seni & Budaya;Tingkat Kampus;Peserta;2024;Komunitas/Organisasi;4
MHS02311;Non-Akademik;Keagamaan;Tingkat Kampus;Juara 2;2024;Pemerintah Daerah;4
MHS02311;Non-Akademik;Olahraga;Tingkat Kampus;Juara 2;2024;Kemendikbudristek;4
MHS02312;Non-Akademik;Keagamaan;Tingkat Kampus;Juara 3;2025;Perguruan Tinggi;2
MHS02312;Non-Akademik;Keagamaan;Tingkat Kampus;Finalis;2026;Kemendikbudristek;2
MHS02313;Non-Akademik;Sosial & Kemasyarakatan;Tingkat Nasional;Juara 2;2023;Perusahaan/Swasta;2
MHS02313;Non-Akademik;Kewirausahaan;Tingkat Internasional;Juara 1;2023;Perusahaan/Swasta;2
MHS02314;Non-Akademik;Olahraga;Tingkat Lokal/Wilayah;Juara 2;2025;Perusahaan/Swasta;1
MHS02316;Akademik;Sains & Teknologi;Tingkat Kampus;Finalis;2023;Perusahaan/Swasta;2
MHS02316;Non-Akademik;Sosial & Kemasyarakatan;Tingkat Lokal/Wilayah;Finalis;2023;Perusahaan/Swasta;2
MHS02317;Akademik;Debat & Karya Tulis;Tingkat Lokal/Wilayah;Finalis;2021;Perusahaan/Swasta;5
MHS02317;Akademik;Sains & Teknologi;Tingkat Lokal/Wilayah;Finalis;2021;Kemendikbudristek;5
MHS02317;Akademik;Seni & Budaya;Tingkat Lokal/Wilayah;Juara 1;2021;Pemerintah Daerah;5
MHS02317;Non-Akademik;Kewirausahaan;Tingkat Lokal/Wilayah;Peserta;2022;Komunitas/Organisasi;5
MHS02317;Non-Akademik;Kewirausahaan;Tingkat Lokal/Wilayah;Juara 2;2024;Kemendikbudristek;5
MHS02319;Non-Akademik;Olahraga;Tingkat Lokal/Wilayah;Finalis;2024;Perguruan Tinggi;1
MHS02321;Non-Akademik;Sosial & Kemasyarakatan;Tingkat Lokal/Wilayah;Juara 3;2025;Perguruan Tinggi;4
MHS02321;Non-Akademik;Sosial & Kemasyarakatan;Tingkat Kampus;Juara 2;2026;Perguruan Tinggi;4
MHS02321;Non-Akademik;Keagamaan;Tingkat Internasional;Juara 3;2026;Perusahaan/Swasta;4
MHS02321;Akademik;Sains & Teknologi;Tingkat Kampus;Peserta;2026;Komunitas/Organisasi;4
MHS02322;Non-Akademik;Keagamaan;Tingkat Lokal/Wilayah;Finalis;2022;Komunitas/Organisasi;5
MHS02322;Akademik;Seni & Budaya;Tingkat Nasional;Finalis;2023;Kemendikbudristek;5
MHS02322;Non-Akademik;Keagamaan;Tingkat Lokal/Wilayah;Juara 2;2023;Komunitas/Organisasi;5
MHS02322;Non-Akademik;Sosial & Kemasyarakatan;Tingkat Kampus;Peserta;2024;Pemerintah Daerah;5
MHS02322;Akademik;Debat & Karya Tulis;Tingkat Kampus;Peserta;2026;Perusahaan/Swasta;5
MHS02323;Akademik;Debat & Karya Tulis;Tingkat Kampus;Peserta;2024;Kemendikbudristek;1
MHS02325;Akademik;Debat & Karya Tulis;Tingkat Nasional;Peserta;2025;Komunitas/Organisasi;4
MHS02325;Non-Akademik;Olahraga;Tingkat Kampus;Finalis;2025;Kemendikbudristek;4
MHS02325;Non-Akademik;Seni & Budaya;Tingkat Lokal/Wilayah;Peserta;2026;Komunitas/Organisasi;4
MHS02325;Non-Akademik;Seni & Budaya;Tingkat Kampus;Juara 2;2026;Pemerintah Daerah;4
MHS02326;Non-Akademik;Keagamaan;Tingkat Kampus;Peserta;2024;Perusahaan/Swasta;2
MHS02326;Non-Akademik;Keagamaan;Tingkat Kampus;Peserta;2025;Perusahaan/Swasta;2
MHS02328;Non-Akademik;Kewirausahaan;Tingkat Nasional;Juara 2;2022;Perguruan Tinggi;1
MHS02329;Akademik;Sains & Teknologi;Tingkat Lokal/Wilayah;Peserta;2024;Pemerintah Daerah;3
MHS02329;Non-Akademik;Olahraga;Tingkat Nasional;Peserta;2025;Pemerintah Daerah;3
MHS02329;Non-Akademik;Keagamaan;Tingkat Kampus;Finalis;2026;Perguruan Tinggi;3
MHS02330;Akademik;Debat & Karya Tulis;Tingkat Kampus;Juara 1;2026;Komunitas/Organisasi;1
MHS02331;Akademik;Sains & Teknologi;Tingkat Lokal/Wilayah;Finalis;2025;Pemerintah Daerah;2
MHS02331;Non-Akademik;Olahraga;Tingkat Kampus;Finalis;2025;Pemerintah Daerah;2
MHS02332;Non-Akademik;Olahraga;Tingkat Nasional;Finalis;2022;Perusahaan/Swasta;2
MHS02332;Non-Akademik;Seni & Budaya;Tingkat Kampus;Finalis;2024;Pemerintah Daerah;2
MHS02333;Non-Akademik;Olahraga;Tingkat Lokal/Wilayah;Finalis;2024;Kemendikbudristek;5
MHS02333;Non-Akademik;Keagamaan;Tingkat Internasional;Juara 2;2024;Komunitas/Organisasi;5
MHS02333;Akademik;Kewirausahaan;Tingkat Kampus;Finalis;2025;Kemendikbudristek;5
MHS02333;Non-Akademik;Sosial & Kemasyarakatan;Tingkat Lokal/Wilayah;Juara 3;2026;Kemendikbudristek;5
MHS02333;Non-Akademik;Keagamaan;Tingkat Kampus;Finalis;2026;Komunitas/Organisasi;5
MHS02335;Akademik;Sains & Teknologi;Tingkat Kampus;Peserta;2023;Perguruan Tinggi;2
MHS02335;Akademik;Sains & Teknologi;Tingkat Kampus;Juara 3;2023;Pemerintah Daerah;2
MHS02336;Non-Akademik;Olahraga;Tingkat Internasional;Peserta;2025;Pemerintah Daerah;1
MHS02337;Akademik;Sains & Teknologi;Tingkat Kampus;Finalis;2024;Komunitas/Organisasi;2
MHS02337;Non-Akademik;Kewirausahaan;Tingkat Lokal/Wilayah;Peserta;2025;Perusahaan/Swasta;2
MHS02340;Non-Akademik;Keagamaan;Tingkat Kampus;Juara 2;2025;Pemerintah Daerah;2
MHS02340;Non-Akademik;Olahraga;Tingkat Kampus;Juara 3;2025;Pemerintah Daerah;2
MHS02341;Akademik;Sains & Teknologi;Tingkat Lokal/Wilayah;Peserta;2022;Komunitas/Organisasi;2
MHS02341;Akademik;Olahraga;Tingkat Kampus;Peserta;2025;Pemerintah Daerah;2
MHS02344;Non-Akademik;Sosial & Kemasyarakatan;Tingkat Kampus;Juara 1;2024;Pemerintah Daerah;1
MHS02347;Akademik;Sains & Teknologi;Tingkat Lokal/Wilayah;Peserta;2020;Pemerintah Daerah;1
MHS02349;Non-Akademik;Kewirausahaan;Tingkat Lokal/Wilayah;Peserta;2024;Kemendikbudristek;2
MHS02349;Non-Akademik;Sosial & Kemasyarakatan;Tingkat Nasional;Finalis;2025;Perusahaan/Swasta;2
MHS02350;Non-Akademik;Kewirausahaan;Tingkat Nasional;Juara 2;2023;Komunitas/Organisasi;1
MHS02351;Non-Akademik;Keagamaan;Tingkat Lokal/Wilayah;Juara 3;2021;Kemendikbudristek;4
MHS02351;Non-Akademik;Olahraga;Tingkat Kampus;Finalis;2023;Komunitas/Organisasi;4
MHS02351;Akademik;Olahraga;Tingkat Kampus;Juara 1;2024;Perguruan Tinggi;4
MHS02351;Non-Akademik;Keagamaan;Tingkat Nasional;Juara 2;2025;Pemerintah Daerah;4
MHS02352;Non-Akademik;Olahraga;Tingkat Lokal/Wilayah;Juara 1;2021;Kemendikbudristek;2
MHS02352;Akademik;Debat & Karya Tulis;Tingkat Kampus;Finalis;2025;Kemendikbudristek;2
MHS02354;Akademik;Sains & Teknologi;Tingkat Lokal/Wilayah;Finalis;2022;Perusahaan/Swasta;4
MHS02354;Non-Akademik;Olahraga;Tingkat Kampus;Juara 2;2022;Komunitas/Organisasi;4
MHS02354;Akademik;Olahraga;Tingkat Kampus;Peserta;2024;Komunitas/Organisasi;4
MHS02354;Non-Akademik;Kewirausahaan;Tingkat Kampus;Juara 1;2025;Perguruan Tinggi;4
MHS02356;Non-Akademik;Olahraga;Tingkat Lokal/Wilayah;Juara 3;2024;Kemendikbudristek;3
MHS02356;Non-Akademik;Olahraga;Tingkat Lokal/Wilayah;Juara 1;2024;Perguruan Tinggi;3
MHS02356;Akademik;Sains & Teknologi;Tingkat Kampus;Finalis;2025;Komunitas/Organisasi;3
MHS02357;Akademik;Debat & Karya Tulis;Tingkat Kampus;Juara 2;2024;Perguruan Tinggi;1
MHS02358;Non-Akademik;Kewirausahaan;Tingkat Kampus;Finalis;2023;Pemerintah Daerah;2
MHS02358;Akademik;Debat & Karya Tulis;Tingkat Lokal/Wilayah;Peserta;2024;Perguruan Tinggi;2
MHS02359;Non-Akademik;Kewirausahaan;Tingkat Kampus;Finalis;2025;Perguruan Tinggi;1
MHS02361;Non-Akademik;Keagamaan;Tingkat Kampus;Juara 3;2023;Perusahaan/Swasta;2
MHS02361;Akademik;Debat & Karya Tulis;Tingkat Lokal/Wilayah;Peserta;2025;Komunitas/Organisasi;2
MHS02362;Akademik;Sains & Teknologi;Tingkat Lokal/Wilayah;Peserta;2024;Perguruan Tinggi;2
MHS02362;Non-Akademik;Sosial & Kemasyarakatan;Tingkat Kampus;Juara 1;2025;Perusahaan/Swasta;2
MHS02363;Akademik;Debat & Karya Tulis;Tingkat Lokal/Wilayah;Peserta;2025;Perusahaan/Swasta;2
MHS02363;Akademik;Debat & Karya Tulis;Tingkat Kampus;Peserta;2026;Komunitas/Organisasi;2
MHS02364;Non-Akademik;Kewirausahaan;Tingkat Kampus;Peserta;2025;Perusahaan/Swasta;1
MHS02365;Akademik;Debat & Karya Tulis;Tingkat Kampus;Peserta;2024;Perusahaan/Swasta;4
MHS02365;Akademik;Sains & Teknologi;Tingkat Kampus;Finalis;2025;Pemerintah Daerah;4
MHS02365;Akademik;Sains & Teknologi;Tingkat Lokal/Wilayah;Juara 1;2026;Kemendikbudristek;4
MHS02365;Non-Akademik;Seni & Budaya;Tingkat Nasional;Peserta;2026;Perusahaan/Swasta;4
MHS02366;Akademik;Sains & Teknologi;Tingkat Lokal/Wilayah;Finalis;2023;Pemerintah Daerah;1
MHS02371;Non-Akademik;Keagamaan;Tingkat Kampus;Juara 3;2024;Kemendikbudristek;1
MHS02372;Akademik;Sains & Teknologi;Tingkat Kampus;Juara 1;2022;Perguruan Tinggi;5
MHS02372;Non-Akademik;Kewirausahaan;Tingkat Nasional;Juara 3;2022;Komunitas/Organisasi;5
MHS02372;Non-Akademik;Olahraga;Tingkat Kampus;Juara 2;2022;Perguruan Tinggi;5
MHS02372;Akademik;Sains & Teknologi;Tingkat Kampus;Juara 2;2024;Perusahaan/Swasta;5
MHS02372;Non-Akademik;Olahraga;Tingkat Kampus;Juara 1;2025;Pemerintah Daerah;5
MHS02373;Akademik;Debat & Karya Tulis;Tingkat Lokal/Wilayah;Juara 2;2024;Pemerintah Daerah;1
MHS02375;Non-Akademik;Olahraga;Tingkat Kampus;Juara 2;2021;Kemendikbudristek;3
MHS02375;Non-Akademik;Seni & Budaya;Tingkat Nasional;Juara 2;2021;Kemendikbudristek;3
MHS02375;Akademik;Kewirausahaan;Tingkat Kampus;Finalis;2022;Kemendikbudristek;3
MHS02377;Non-Akademik;Kewirausahaan;Tingkat Kampus;Juara 3;2025;Perusahaan/Swasta;3
MHS02377;Non-Akademik;Seni & Budaya;Tingkat Kampus;Juara 2;2026;Perguruan Tinggi;3
MHS02377;Non-Akademik;Keagamaan;Tingkat Lokal/Wilayah;Juara 3;2026;Perguruan Tinggi;3
MHS02379;Akademik;Sains & Teknologi;Tingkat Nasional;Finalis;2026;Perusahaan/Swasta;1
MHS02380;Akademik;Debat & Karya Tulis;Tingkat Kampus;Finalis;2025;Kemendikbudristek;1
MHS02381;Non-Akademik;Sosial & Kemasyarakatan;Tingkat Internasional;Peserta;2024;Perguruan Tinggi;3
MHS02381;Akademik;Sains & Teknologi;Tingkat Kampus;Finalis;2024;Komunitas/Organisasi;3
MHS02381;Non-Akademik;Seni & Budaya;Tingkat Lokal/Wilayah;Finalis;2025;Kemendikbudristek;3
MHS02383;Non-Akademik;Seni & Budaya;Tingkat Kampus;Finalis;2023;Kemendikbudristek;2
MHS02383;Non-Akademik;Olahraga;Tingkat Kampus;Juara 2;2025;Perusahaan/Swasta;2
MHS02384;Non-Akademik;Sosial & Kemasyarakatan;Tingkat Kampus;Juara 3;2022;Pemerintah Daerah;5
MHS02384;Non-Akademik;Kewirausahaan;Tingkat Kampus;Juara 1;2022;Pemerintah Daerah;5
MHS02384;Akademik;Kewirausahaan;Tingkat Kampus;Finalis;2023;Pemerintah Daerah;5
MHS02384;Non-Akademik;Sosial & Kemasyarakatan;Tingkat Internasional;Juara 2;2024;Perusahaan/Swasta;5
MHS02384;Akademik;Sains & Teknologi;Tingkat Nasional;Finalis;2024;Perguruan Tinggi;5
MHS02385;Non-Akademik;Olahraga;Tingkat Kampus;Peserta;2025;Perguruan Tinggi;3
MHS02385;Non-Akademik;Kewirausahaan;Tingkat Lokal/Wilayah;Juara 1;2026;Komunitas/Organisasi;3
MHS02385;Akademik;Sains & Teknologi;Tingkat Nasional;Juara 2;2026;Perusahaan/Swasta;3
MHS02386;Akademik;Sains & Teknologi;Tingkat Internasional;Peserta;2021;Perguruan Tinggi;1
MHS02387;Akademik;Debat & Karya Tulis;Tingkat Kampus;Juara 3;2022;Komunitas/Organisasi;3
MHS02387;Non-Akademik;Seni & Budaya;Tingkat Kampus;Peserta;2023;Pemerintah Daerah;3
MHS02387;Akademik;Debat & Karya Tulis;Tingkat Lokal/Wilayah;Finalis;2025;Pemerintah Daerah;3
MHS02389;Non-Akademik;Sosial & Kemasyarakatan;Tingkat Lokal/Wilayah;Juara 3;2024;Perguruan Tinggi;4
MHS02389;Non-Akademik;Seni & Budaya;Tingkat Kampus;Juara 3;2024;Komunitas/Organisasi;4
MHS02389;Non-Akademik;Sosial & Kemasyarakatan;Tingkat Lokal/Wilayah;Peserta;2025;Kemendikbudristek;4
MHS02389;Akademik;Kewirausahaan;Tingkat Lokal/Wilayah;Juara 2;2025;Perguruan Tinggi;4
MHS02390;Non-Akademik;Keagamaan;Tingkat Kampus;Peserta;2024;Perguruan Tinggi;1
MHS02392;Non-Akademik;Kewirausahaan;Tingkat Internasional;Peserta;2024;Komunitas/Organisasi;4
MHS02392;Non-Akademik;Sosial & Kemasyarakatan;Tingkat Nasional;Juara 3;2025;Perusahaan/Swasta;4
MHS02392;Non-Akademik;Keagamaan;Tingkat Nasional;Juara 1;2025;Komunitas/Organisasi;4
MHS02392;Akademik;Kewirausahaan;Tingkat Nasional;Juara 3;2025;Perguruan Tinggi;4
MHS02393;Non-Akademik;Olahraga;Tingkat Kampus;Juara 1;2024;Perusahaan/Swasta;1
MHS02395;Akademik;Sains & Teknologi;Tingkat Lokal/Wilayah;Finalis;2022;Pemerintah Daerah;3
MHS02395;Non-Akademik;Sosial & Kemasyarakatan;Tingkat Kampus;Peserta;2022;Perusahaan/Swasta;3
MHS02395;Akademik;Olahraga;Tingkat Nasional;Juara 3;2024;Perusahaan/Swasta;3
MHS02397;Non-Akademik;Kewirausahaan;Tingkat Kampus;Peserta;2025;Kemendikbudristek;2
MHS02397;Non-Akademik;Seni & Budaya;Tingkat Kampus;Juara 2;2025;Komunitas/Organisasi;2
MHS02401;Non-Akademik;Olahraga;Tingkat Internasional;Finalis;2022;Kemendikbudristek;1
MHS02403;Non-Akademik;Keagamaan;Tingkat Lokal/Wilayah;Peserta;2024;Komunitas/Organisasi;2
MHS02403;Akademik;Debat & Karya Tulis;Tingkat Lokal/Wilayah;Peserta;2024;Komunitas/Organisasi;2
MHS02405;Akademik;Sains & Teknologi;Tingkat Kampus;Juara 1;2024;Komunitas/Organisasi;1
MHS02406;Akademik;Debat & Karya Tulis;Tingkat Kampus;Peserta;2024;Pemerintah Daerah;2
MHS02406;Akademik;Sains & Teknologi;Tingkat Nasional;Juara 1;2025;Perguruan Tinggi;2
MHS02409;Non-Akademik;Keagamaan;Tingkat Kampus;Juara 3;2023;Komunitas/Organisasi;2
MHS02409;Akademik;Debat & Karya Tulis;Tingkat Kampus;Peserta;2025;Komunitas/Organisasi;2
MHS02410;Non-Akademik;Keagamaan;Tingkat Kampus;Peserta;2023;Perusahaan/Swasta;3
MHS02410;Non-Akademik;Keagamaan;Tingkat Nasional;Peserta;2024;Perguruan Tinggi;3
MHS02410;Non-Akademik;Seni & Budaya;Tingkat Nasional;Peserta;2025;Perusahaan/Swasta;3
MHS02411;Akademik;Debat & Karya Tulis;Tingkat Lokal/Wilayah;Juara 2;2026;Perguruan Tinggi;2
MHS02411;Non-Akademik;Sosial & Kemasyarakatan;Tingkat Kampus;Juara 3;2026;Perguruan Tinggi;2
MHS02414;Akademik;Sains & Teknologi;Tingkat Nasional;Peserta;2022;Pemerintah Daerah;4
MHS02414;Non-Akademik;Sosial & Kemasyarakatan;Tingkat Nasional;Finalis;2023;Perguruan Tinggi;4
MHS02414;Akademik;Sains & Teknologi;Tingkat Lokal/Wilayah;Peserta;2023;Perusahaan/Swasta;4
MHS02414;Akademik;Sains & Teknologi;Tingkat Kampus;Peserta;2025;Perusahaan/Swasta;4
MHS02416;Non-Akademik;Keagamaan;Tingkat Nasional;Juara 1;2026;Komunitas/Organisasi;4
MHS02416;Non-Akademik;Sosial & Kemasyarakatan;Tingkat Internasional;Juara 1;2026;Perusahaan/Swasta;4
MHS02416;Non-Akademik;Kewirausahaan;Tingkat Kampus;Juara 2;2026;Kemendikbudristek;4
MHS02416;Non-Akademik;Sosial & Kemasyarakatan;Tingkat Nasional;Juara 2;2026;Perusahaan/Swasta;4
MHS02419;Non-Akademik;Kewirausahaan;Tingkat Nasional;Juara 2;2023;Perguruan Tinggi;8
MHS02419;Akademik;Sains & Teknologi;Tingkat Lokal/Wilayah;Juara 1;2023;Pemerintah Daerah;8
MHS02419;Non-Akademik;Olahraga;Tingkat Nasional;Finalis;2023;Perguruan Tinggi;8
MHS02419;Non-Akademik;Seni & Budaya;Tingkat Nasional;Juara 3;2024;Perusahaan/Swasta;8
MHS02419;Akademik;Debat & Karya Tulis;Tingkat Internasional;Juara 2;2025;Komunitas/Organisasi;8
MHS02419;Non-Akademik;Seni & Budaya;Tingkat Lokal/Wilayah;Peserta;2025;Komunitas/Organisasi;8
MHS02419;Non-Akademik;Sosial & Kemasyarakatan;Tingkat Lokal/Wilayah;Juara 2;2025;Kemendikbudristek;8
MHS02419;Akademik;Sains & Teknologi;Tingkat Kampus;Juara 2;2026;Pemerintah Daerah;8
MHS02420;Akademik;Debat & Karya Tulis;Tingkat Kampus;Finalis;2025;Kemendikbudristek;4
MHS02420;Non-Akademik;Keagamaan;Tingkat Kampus;Juara 3;2025;Kemendikbudristek;4
MHS02420;Non-Akademik;Seni & Budaya;Tingkat Kampus;Finalis;2026;Kemendikbudristek;4
MHS02420;Akademik;Sains & Teknologi;Tingkat Nasional;Juara 2;2026;Perusahaan/Swasta;4
MHS02421;Akademik;Debat & Karya Tulis;Tingkat Lokal/Wilayah;Finalis;2023;Perusahaan/Swasta;2
MHS02421;Akademik;Sains & Teknologi;Tingkat Nasional;Peserta;2025;Pemerintah Daerah;2
MHS02423;Akademik;Debat & Karya Tulis;Tingkat Kampus;Finalis;2025;Pemerintah Daerah;1
MHS02424;Akademik;Debat & Karya Tulis;Tingkat Kampus;Juara 1;2026;Komunitas/Organisasi;2
MHS02424;Non-Akademik;Olahraga;Tingkat Nasional;Juara 2;2026;Kemendikbudristek;2
MHS02425;Non-Akademik;Sosial & Kemasyarakatan;Tingkat Internasional;Juara 2;2023;Pemerintah Daerah;2
MHS02425;Akademik;Debat & Karya Tulis;Tingkat Kampus;Finalis;2024;Perguruan Tinggi;2
MHS02426;Non-Akademik;Keagamaan;Tingkat Kampus;Peserta;2024;Perusahaan/Swasta;1
MHS02428;Non-Akademik;Seni & Budaya;Tingkat Nasional;Peserta;2025;Perusahaan/Swasta;1
MHS02429;Non-Akademik;Sosial & Kemasyarakatan;Tingkat Kampus;Finalis;2025;Komunitas/Organisasi;1
MHS02430;Non-Akademik;Kewirausahaan;Tingkat Lokal/Wilayah;Finalis;2022;Komunitas/Organisasi;4
MHS02430;Non-Akademik;Seni & Budaya;Tingkat Nasional;Peserta;2022;Perguruan Tinggi;4
MHS02430;Akademik;Sains & Teknologi;Tingkat Lokal/Wilayah;Peserta;2023;Perguruan Tinggi;4
MHS02430;Akademik;Debat & Karya Tulis;Tingkat Kampus;Peserta;2023;Perguruan Tinggi;4
MHS02432;Non-Akademik;Seni & Budaya;Tingkat Nasional;Peserta;2025;Perguruan Tinggi;1
MHS02433;Akademik;Debat & Karya Tulis;Tingkat Kampus;Juara 3;2025;Kemendikbudristek;2
MHS02433;Non-Akademik;Seni & Budaya;Tingkat Lokal/Wilayah;Finalis;2026;Komunitas/Organisasi;2
MHS02434;Akademik;Sains & Teknologi;Tingkat Nasional;Peserta;2023;Perguruan Tinggi;1
MHS02435;Akademik;Keagamaan;Tingkat Lokal/Wilayah;Finalis;2023;Perusahaan/Swasta;2
MHS02435;Non-Akademik;Kewirausahaan;Tingkat Nasional;Juara 2;2025;Kemendikbudristek;2
MHS02436;Non-Akademik;Olahraga;Tingkat Kampus;Juara 2;2024;Pemerintah Daerah;2
MHS02436;Akademik;Debat & Karya Tulis;Tingkat Kampus;Peserta;2025;Perusahaan/Swasta;2
MHS02437;Non-Akademik;Seni & Budaya;Tingkat Lokal/Wilayah;Peserta;2024;Pemerintah Daerah;1
MHS02438;Non-Akademik;Keagamaan;Tingkat Kampus;Juara 1;2026;Komunitas/Organisasi;1
MHS02439;Non-Akademik;Sosial & Kemasyarakatan;Tingkat Kampus;Juara 2;2022;Kemendikbudristek;2
MHS02439;Akademik;Sosial & Kemasyarakatan;Tingkat Nasional;Finalis;2023;Perguruan Tinggi;2
MHS02441;Non-Akademik;Sosial & Kemasyarakatan;Tingkat Lokal/Wilayah;Finalis;2023;Komunitas/Organisasi;3
MHS02441;Non-Akademik;Kewirausahaan;Tingkat Kampus;Peserta;2025;Komunitas/Organisasi;3
MHS02441;Akademik;Debat & Karya Tulis;Tingkat Kampus;Finalis;2025;Perusahaan/Swasta;3
MHS02443;Akademik;Sosial & Kemasyarakatan;Tingkat Kampus;Juara 1;2023;Perusahaan/Swasta;3
MHS02443;Non-Akademik;Sosial & Kemasyarakatan;Tingkat Nasional;Peserta;2023;Pemerintah Daerah;3
MHS02443;Akademik;Sains & Teknologi;Tingkat Nasional;Juara 3;2026;Kemendikbudristek;3
MHS02444;Akademik;Sains & Teknologi;Tingkat Lokal/Wilayah;Finalis;2025;Perusahaan/Swasta;2
MHS02444;Akademik;Debat & Karya Tulis;Tingkat Nasional;Juara 3;2026;Pemerintah Daerah;2
MHS02445;Akademik;Seni & Budaya;Tingkat Kampus;Juara 1;2024;Komunitas/Organisasi;2
MHS02445;Non-Akademik;Kewirausahaan;Tingkat Nasional;Peserta;2025;Perguruan Tinggi;2
MHS02447;Akademik;Sains & Teknologi;Tingkat Lokal/Wilayah;Finalis;2025;Komunitas/Organisasi;2
MHS02447;Non-Akademik;Seni & Budaya;Tingkat Kampus;Peserta;2026;Perusahaan/Swasta;2
MHS02448;Akademik;Debat & Karya Tulis;Tingkat Lokal/Wilayah;Finalis;2026;Komunitas/Organisasi;1
MHS02449;Non-Akademik;Kewirausahaan;Tingkat Lokal/Wilayah;Juara 3;2023;Perusahaan/Swasta;2
MHS02449;Non-Akademik;Keagamaan;Tingkat Lokal/Wilayah;Juara 2;2026;Perusahaan/Swasta;2
MHS02451;Akademik;Sains & Teknologi;Tingkat Nasional;Juara 1;2026;Kemendikbudristek;1
MHS02458;Akademik;Sains & Teknologi;Tingkat Kampus;Peserta;2021;Pemerintah Daerah;1
MHS02465;Akademik;Debat & Karya Tulis;Tingkat Kampus;Peserta;2022;Perusahaan/Swasta;4
MHS02465;Non-Akademik;Olahraga;Tingkat Kampus;Peserta;2022;Pemerintah Daerah;4
MHS02465;Non-Akademik;Olahraga;Tingkat Kampus;Peserta;2024;Perusahaan/Swasta;4
MHS02465;Akademik;Debat & Karya Tulis;Tingkat Kampus;Juara 2;2026;Perusahaan/Swasta;4
MHS02466;Akademik;Debat & Karya Tulis;Tingkat Kampus;Juara 2;2024;Perusahaan/Swasta;2
MHS02466;Non-Akademik;Seni & Budaya;Tingkat Kampus;Finalis;2025;Komunitas/Organisasi;2
MHS02467;Non-Akademik;Sosial & Kemasyarakatan;Tingkat Nasional;Juara 2;2024;Perusahaan/Swasta;2
MHS02467;Non-Akademik;Seni & Budaya;Tingkat Kampus;Peserta;2025;Komunitas/Organisasi;2
MHS02473;Akademik;Seni & Budaya;Tingkat Kampus;Juara 1;2025;Pemerintah Daerah;1
MHS02480;Non-Akademik;Seni & Budaya;Tingkat Nasional;Juara 2;2021;Pemerintah Daerah;4
MHS02480;Akademik;Debat & Karya Tulis;Tingkat Kampus;Peserta;2023;Perguruan Tinggi;4
MHS02480;Non-Akademik;Olahraga;Tingkat Kampus;Finalis;2023;Kemendikbudristek;4
MHS02480;Akademik;Olahraga;Tingkat Nasional;Juara 3;2023;Perusahaan/Swasta;4
MHS02482;Non-Akademik;Kewirausahaan;Tingkat Kampus;Juara 1;2026;Komunitas/Organisasi;1
MHS02485;Non-Akademik;Seni & Budaya;Tingkat Lokal/Wilayah;Juara 1;2024;Kemendikbudristek;4
MHS02485;Akademik;Debat & Karya Tulis;Tingkat Kampus;Juara 2;2024;Kemendikbudristek;4
MHS02485;Akademik;Debat & Karya Tulis;Tingkat Nasional;Peserta;2024;Komunitas/Organisasi;4
MHS02485;Non-Akademik;Kewirausahaan;Tingkat Kampus;Juara 2;2024;Perusahaan/Swasta;4
MHS02486;Akademik;Olahraga;Tingkat Kampus;Juara 1;2026;Komunitas/Organisasi;1
MHS02488;Akademik;Sains & Teknologi;Tingkat Kampus;Juara 3;2023;Komunitas/Organisasi;2
MHS02488;Non-Akademik;Kewirausahaan;Tingkat Nasional;Juara 1;2024;Komunitas/Organisasi;2
MHS02490;Akademik;Keagamaan;Tingkat Kampus;Peserta;2022;Pemerintah Daerah;2
MHS02490;Akademik;Kewirausahaan;Tingkat Kampus;Peserta;2024;Pemerintah Daerah;2
MHS02491;Non-Akademik;Keagamaan;Tingkat Kampus;Peserta;2024;Perguruan Tinggi;2
MHS02491;Non-Akademik;Sosial & Kemasyarakatan;Tingkat Internasional;Juara 1;2026;Kemendikbudristek;2
MHS02493;Non-Akademik;Keagamaan;Tingkat Nasional;Finalis;2021;Perguruan Tinggi;2
MHS02493;Non-Akademik;Seni & Budaya;Tingkat Lokal/Wilayah;Peserta;2022;Kemendikbudristek;2
MHS02495;Non-Akademik;Keagamaan;Tingkat Nasional;Finalis;2025;Perusahaan/Swasta;2
MHS02495;Akademik;Sains & Teknologi;Tingkat Kampus;Juara 1;2025;Kemendikbudristek;2
MHS02498;Akademik;Debat & Karya Tulis;Tingkat Kampus;Juara 3;2024;Kemendikbudristek;1
MHS02499;Non-Akademik;Sosial & Kemasyarakatan;Tingkat Kampus;Juara 3;2024;Perguruan Tinggi;8
MHS02499;Akademik;Sosial & Kemasyarakatan;Tingkat Kampus;Juara 1;2024;Perusahaan/Swasta;8
MHS02499;Akademik;Debat & Karya Tulis;Tingkat Nasional;Peserta;2024;Perusahaan/Swasta;8
MHS02499;Akademik;Sains & Teknologi;Tingkat Nasional;Juara 2;2024;Komunitas/Organisasi;8
MHS02499;Akademik;Debat & Karya Tulis;Tingkat Kampus;Juara 1;2024;Komunitas/Organisasi;8
MHS02499;Non-Akademik;Kewirausahaan;Tingkat Nasional;Peserta;2025;Pemerintah Daerah;8
MHS02499;Non-Akademik;Keagamaan;Tingkat Lokal/Wilayah;Juara 3;2025;Perguruan Tinggi;8
MHS02499;Akademik;Sains & Teknologi;Tingkat Internasional;Juara 1;2026;Perguruan Tinggi;8
MHS02501;Akademik;Keagamaan;Tingkat Lokal/Wilayah;Peserta;2025;Perguruan Tinggi;1
MHS02502;Non-Akademik;Seni & Budaya;Tingkat Kampus;Juara 1;2024;Perguruan Tinggi;1
MHS02504;Non-Akademik;Kewirausahaan;Tingkat Nasional;Finalis;2024;Pemerintah Daerah;2
MHS02504;Akademik;Sains & Teknologi;Tingkat Lokal/Wilayah;Peserta;2025;Kemendikbudristek;2
MHS02506;Non-Akademik;Olahraga;Tingkat Kampus;Peserta;2025;Perusahaan/Swasta;1
MHS02508;Akademik;Sains & Teknologi;Tingkat Kampus;Finalis;2025;Pemerintah Daerah;1
MHS02510;Akademik;Olahraga;Tingkat Kampus;Juara 2;2024;Perusahaan/Swasta;2
MHS02510;Non-Akademik;Kewirausahaan;Tingkat Kampus;Peserta;2026;Pemerintah Daerah;2
MHS02512;Akademik;Debat & Karya Tulis;Tingkat Kampus;Peserta;2023;Perguruan Tinggi;1
MHS02513;Non-Akademik;Seni & Budaya;Tingkat Lokal/Wilayah;Finalis;2024;Perusahaan/Swasta;1
MHS02514;Non-Akademik;Olahraga;Tingkat Nasional;Finalis;2023;Perusahaan/Swasta;8
MHS02514;Akademik;Debat & Karya Tulis;Tingkat Nasional;Juara 3;2023;Kemendikbudristek;8
MHS02514;Non-Akademik;Olahraga;Tingkat Nasional;Juara 1;2024;Komunitas/Organisasi;8
MHS02514;Akademik;Seni & Budaya;Tingkat Kampus;Peserta;2024;Perguruan Tinggi;8
MHS02514;Non-Akademik;Seni & Budaya;Tingkat Nasional;Peserta;2025;Perguruan Tinggi;8
MHS02514;Akademik;Olahraga;Tingkat Nasional;Peserta;2025;Komunitas/Organisasi;8
MHS02514;Non-Akademik;Sosial & Kemasyarakatan;Tingkat Internasional;Finalis;2025;Komunitas/Organisasi;8
MHS02514;Akademik;Debat & Karya Tulis;Tingkat Lokal/Wilayah;Peserta;2025;Pemerintah Daerah;8
MHS02515;Akademik;Sains & Teknologi;Tingkat Kampus;Peserta;2026;Komunitas/Organisasi;1
MHS02516;Akademik;Sains & Teknologi;Tingkat Internasional;Peserta;2025;Kemendikbudristek;6
MHS02516;Akademik;Keagamaan;Tingkat Lokal/Wilayah;Finalis;2025;Perusahaan/Swasta;6
MHS02516;Akademik;Kewirausahaan;Tingkat Lokal/Wilayah;Finalis;2026;Perusahaan/Swasta;6
MHS02516;Akademik;Sains & Teknologi;Tingkat Nasional;Juara 3;2026;Kemendikbudristek;6
MHS02516;Non-Akademik;Kewirausahaan;Tingkat Kampus;Juara 2;2026;Perguruan Tinggi;6
MHS02516;Akademik;Sains & Teknologi;Tingkat Lokal/Wilayah;Juara 3;2026;Kemendikbudristek;6
MHS02517;Akademik;Sains & Teknologi;Tingkat Kampus;Juara 3;2026;Perguruan Tinggi;1
MHS02518;Non-Akademik;Kewirausahaan;Tingkat Lokal/Wilayah;Finalis;2026;Kemendikbudristek;1
MHS02519;Non-Akademik;Sosial & Kemasyarakatan;Tingkat Lokal/Wilayah;Juara 1;2024;Pemerintah Daerah;3
MHS02519;Non-Akademik;Seni & Budaya;Tingkat Kampus;Peserta;2026;Pemerintah Daerah;3
MHS02519;Akademik;Sains & Teknologi;Tingkat Kampus;Finalis;2026;Komunitas/Organisasi;3
MHS02520;Non-Akademik;Kewirausahaan;Tingkat Kampus;Juara 1;2022;Perguruan Tinggi;3
MHS02520;Akademik;Debat & Karya Tulis;Tingkat Kampus;Finalis;2024;Komunitas/Organisasi;3
MHS02520;Akademik;Debat & Karya Tulis;Tingkat Kampus;Finalis;2024;Komunitas/Organisasi;3
MHS02522;Non-Akademik;Seni & Budaya;Tingkat Kampus;Peserta;2025;Perusahaan/Swasta;2
MHS02522;Akademik;Sosial & Kemasyarakatan;Tingkat Nasional;Juara 3;2025;Pemerintah Daerah;2
MHS02523;Akademik;Sosial & Kemasyarakatan;Tingkat Kampus;Peserta;2025;Pemerintah Daerah;1
MHS02524;Non-Akademik;Seni & Budaya;Tingkat Lokal/Wilayah;Finalis;2025;Komunitas/Organisasi;1
MHS02525;Non-Akademik;Keagamaan;Tingkat Lokal/Wilayah;Juara 1;2025;Kemendikbudristek;2
MHS02525;Non-Akademik;Sosial & Kemasyarakatan;Tingkat Lokal/Wilayah;Juara 2;2025;Kemendikbudristek;2
MHS02527;Akademik;Debat & Karya Tulis;Tingkat Kampus;Juara 3;2026;Kemendikbudristek;2
MHS02527;Non-Akademik;Kewirausahaan;Tingkat Lokal/Wilayah;Juara 2;2026;Perusahaan/Swasta;2
MHS02528;Akademik;Debat & Karya Tulis;Tingkat Lokal/Wilayah;Juara 2;2024;Pemerintah Daerah;1
MHS02530;Akademik;Sains & Teknologi;Tingkat Lokal/Wilayah;Juara 2;2025;Perusahaan/Swasta;1
MHS02531;Akademik;Sains & Teknologi;Tingkat Nasional;Finalis;2019;Kemendikbudristek;7
MHS02531;Akademik;Sosial & Kemasyarakatan;Tingkat Lokal/Wilayah;Juara 1;2020;Kemendikbudristek;7
MHS02531;Akademik;Sains & Teknologi;Tingkat Lokal/Wilayah;Juara 1;2021;Perusahaan/Swasta;7
MHS02531;Non-Akademik;Sosial & Kemasyarakatan;Tingkat Nasional;Finalis;2021;Pemerintah Daerah;7
MHS02531;Akademik;Sains & Teknologi;Tingkat Nasional;Peserta;2023;Perguruan Tinggi;7
MHS02531;Non-Akademik;Sosial & Kemasyarakatan;Tingkat Lokal/Wilayah;Juara 3;2023;Kemendikbudristek;7
MHS02531;Akademik;Debat & Karya Tulis;Tingkat Lokal/Wilayah;Juara 2;2023;Komunitas/Organisasi;7
MHS02533;Akademik;Keagamaan;Tingkat Lokal/Wilayah;Peserta;2024;Komunitas/Organisasi;2
MHS02533;Non-Akademik;Olahraga;Tingkat Nasional;Peserta;2025;Pemerintah Daerah;2
MHS02534;Non-Akademik;Keagamaan;Tingkat Internasional;Finalis;2022;Perguruan Tinggi;4
MHS02534;Non-Akademik;Sosial & Kemasyarakatan;Tingkat Lokal/Wilayah;Juara 1;2022;Pemerintah Daerah;4
MHS02534;Non-Akademik;Sosial & Kemasyarakatan;Tingkat Nasional;Peserta;2022;Perusahaan/Swasta;4
MHS02534;Akademik;Sains & Teknologi;Tingkat Nasional;Peserta;2023;Perguruan Tinggi;4
MHS02535;Akademik;Sains & Teknologi;Tingkat Kampus;Juara 3;2026;Pemerintah Daerah;1
MHS02537;Akademik;Debat & Karya Tulis;Tingkat Kampus;Peserta;2022;Kemendikbudristek;5
MHS02537;Non-Akademik;Seni & Budaya;Tingkat Nasional;Juara 1;2022;Komunitas/Organisasi;5
MHS02537;Non-Akademik;Sosial & Kemasyarakatan;Tingkat Internasional;Juara 2;2024;Komunitas/Organisasi;5
MHS02537;Akademik;Sains & Teknologi;Tingkat Lokal/Wilayah;Peserta;2024;Perguruan Tinggi;5
MHS02537;Akademik;Sains & Teknologi;Tingkat Lokal/Wilayah;Peserta;2026;Perusahaan/Swasta;5
MHS02538;Non-Akademik;Keagamaan;Tingkat Lokal/Wilayah;Finalis;2024;Perusahaan/Swasta;1
MHS02541;Non-Akademik;Kewirausahaan;Tingkat Lokal/Wilayah;Peserta;2025;Komunitas/Organisasi;1
MHS02543;Non-Akademik;Keagamaan;Tingkat Nasional;Peserta;2024;Perguruan Tinggi;2
MHS02543;Akademik;Debat & Karya Tulis;Tingkat Kampus;Finalis;2024;Komunitas/Organisasi;2
MHS02544;Akademik;Debat & Karya Tulis;Tingkat Lokal/Wilayah;Peserta;2026;Pemerintah Daerah;1
MHS02545;Non-Akademik;Kewirausahaan;Tingkat Lokal/Wilayah;Juara 2;2025;Perguruan Tinggi;2
MHS02545;Non-Akademik;Seni & Budaya;Tingkat Kampus;Peserta;2025;Kemendikbudristek;2
MHS02550;Non-Akademik;Keagamaan;Tingkat Kampus;Peserta;2025;Pemerintah Daerah;2
MHS02550;Non-Akademik;Seni & Budaya;Tingkat Nasional;Juara 3;2026;Perusahaan/Swasta;2
MHS02551;Akademik;Sains & Teknologi;Tingkat Kampus;Peserta;2024;Perguruan Tinggi;5
MHS02551;Akademik;Sains & Teknologi;Tingkat Kampus;Juara 3;2024;Komunitas/Organisasi;5
MHS02551;Akademik;Sains & Teknologi;Tingkat Lokal/Wilayah;Peserta;2025;Kemendikbudristek;5
MHS02551;Non-Akademik;Olahraga;Tingkat Kampus;Juara 1;2025;Pemerintah Daerah;5
MHS02551;Non-Akademik;Olahraga;Tingkat Kampus;Peserta;2026;Komunitas/Organisasi;5
MHS02554;Akademik;Keagamaan;Tingkat Kampus;Juara 3;2025;Perguruan Tinggi;1
MHS02555;Akademik;Debat & Karya Tulis;Tingkat Lokal/Wilayah;Finalis;2023;Komunitas/Organisasi;4
MHS02555;Akademik;Sains & Teknologi;Tingkat Lokal/Wilayah;Juara 3;2025;Kemendikbudristek;4
MHS02555;Akademik;Debat & Karya Tulis;Tingkat Lokal/Wilayah;Finalis;2026;Komunitas/Organisasi;4
MHS02555;Akademik;Sains & Teknologi;Tingkat Nasional;Juara 2;2026;Pemerintah Daerah;4
MHS02557;Non-Akademik;Seni & Budaya;Tingkat Internasional;Juara 2;2022;Perguruan Tinggi;1
MHS02561;Akademik;Debat & Karya Tulis;Tingkat Nasional;Juara 1;2024;Kemendikbudristek;2
MHS02561;Non-Akademik;Kewirausahaan;Tingkat Kampus;Juara 1;2025;Komunitas/Organisasi;2
MHS02566;Non-Akademik;Sosial & Kemasyarakatan;Tingkat Nasional;Juara 1;2025;Pemerintah Daerah;6
MHS02566;Non-Akademik;Olahraga;Tingkat Nasional;Peserta;2025;Pemerintah Daerah;6
MHS02566;Akademik;Sains & Teknologi;Tingkat Kampus;Peserta;2025;Perusahaan/Swasta;6
MHS02566;Non-Akademik;Sosial & Kemasyarakatan;Tingkat Kampus;Juara 3;2025;Pemerintah Daerah;6
MHS02566;Non-Akademik;Olahraga;Tingkat Internasional;Juara 1;2026;Perguruan Tinggi;6
MHS02566;Non-Akademik;Kewirausahaan;Tingkat Kampus;Finalis;2026;Kemendikbudristek;6
MHS02568;Non-Akademik;Sosial & Kemasyarakatan;Tingkat Lokal/Wilayah;Finalis;2023;Perguruan Tinggi;3
MHS02568;Akademik;Sains & Teknologi;Tingkat Nasional;Juara 3;2024;Komunitas/Organisasi;3
MHS02568;Non-Akademik;Kewirausahaan;Tingkat Nasional;Juara 1;2025;Kemendikbudristek;3
MHS02571;Akademik;Sains & Teknologi;Tingkat Kampus;Juara 1;2024;Pemerintah Daerah;2
MHS02571;Non-Akademik;Kewirausahaan;Tingkat Nasional;Peserta;2025;Perusahaan/Swasta;2
MHS02572;Non-Akademik;Olahraga;Tingkat Nasional;Juara 2;2024;Perusahaan/Swasta;2
MHS02572;Non-Akademik;Keagamaan;Tingkat Lokal/Wilayah;Juara 2;2026;Pemerintah Daerah;2
MHS02573;Akademik;Debat & Karya Tulis;Tingkat Lokal/Wilayah;Peserta;2024;Kemendikbudristek;1
MHS02574;Non-Akademik;Seni & Budaya;Tingkat Lokal/Wilayah;Juara 1;2026;Kemendikbudristek;2
MHS02574;Akademik;Sains & Teknologi;Tingkat Kampus;Peserta;2026;Komunitas/Organisasi;2
MHS02576;Non-Akademik;Olahraga;Tingkat Internasional;Finalis;2024;Komunitas/Organisasi;1
MHS02578;Non-Akademik;Olahraga;Tingkat Lokal/Wilayah;Finalis;2025;Perguruan Tinggi;1
MHS02579;Akademik;Sains & Teknologi;Tingkat Lokal/Wilayah;Peserta;2024;Pemerintah Daerah;3
MHS02579;Non-Akademik;Kewirausahaan;Tingkat Kampus;Juara 1;2025;Komunitas/Organisasi;3
MHS02579;Non-Akademik;Keagamaan;Tingkat Internasional;Finalis;2025;Perusahaan/Swasta;3
MHS02581;Non-Akademik;Olahraga;Tingkat Kampus;Finalis;2025;Komunitas/Organisasi;1
MHS02586;Akademik;Kewirausahaan;Tingkat Lokal/Wilayah;Finalis;2025;Komunitas/Organisasi;2
MHS02586;Akademik;Sains & Teknologi;Tingkat Nasional;Peserta;2025;Perguruan Tinggi;2
MHS02587;Non-Akademik;Kewirausahaan;Tingkat Nasional;Juara 3;2025;Pemerintah Daerah;1
MHS02588;Akademik;Debat & Karya Tulis;Tingkat Lokal/Wilayah;Juara 1;2024;Perguruan Tinggi;3
MHS02588;Akademik;Sains & Teknologi;Tingkat Kampus;Juara 2;2024;Pemerintah Daerah;3
MHS02588;Non-Akademik;Kewirausahaan;Tingkat Lokal/Wilayah;Peserta;2025;Kemendikbudristek;3
MHS02590;Non-Akademik;Kewirausahaan;Tingkat Kampus;Peserta;2024;Komunitas/Organisasi;1
MHS02591;Akademik;Sains & Teknologi;Tingkat Kampus;Juara 2;2026;Kemendikbudristek;1
MHS02593;Non-Akademik;Olahraga;Tingkat Kampus;Juara 1;2024;Komunitas/Organisasi;1
MHS02594;Non-Akademik;Olahraga;Tingkat Lokal/Wilayah;Juara 3;2026;Perguruan Tinggi;1
MHS02597;Non-Akademik;Seni & Budaya;Tingkat Lokal/Wilayah;Peserta;2024;Perusahaan/Swasta;1
MHS02599;Akademik;Sains & Teknologi;Tingkat Kampus;Juara 1;2020;Pemerintah Daerah;8
MHS02599;Akademik;Debat & Karya Tulis;Tingkat Lokal/Wilayah;Juara 3;2020;Pemerintah Daerah;8
MHS02599;Akademik;Sains & Teknologi;Tingkat Kampus;Juara 2;2020;Kemendikbudristek;8
MHS02599;Akademik;Sains & Teknologi;Tingkat Nasional;Juara 1;2021;Perusahaan/Swasta;8
MHS02599;Non-Akademik;Kewirausahaan;Tingkat Lokal/Wilayah;Peserta;2022;Pemerintah Daerah;8
MHS02599;Akademik;Sosial & Kemasyarakatan;Tingkat Lokal/Wilayah;Finalis;2023;Komunitas/Organisasi;8
MHS02599;Non-Akademik;Sosial & Kemasyarakatan;Tingkat Kampus;Peserta;2023;Perusahaan/Swasta;8
MHS02599;Akademik;Debat & Karya Tulis;Tingkat Nasional;Juara 3;2023;Komunitas/Organisasi;8
MHS02601;Akademik;Debat & Karya Tulis;Tingkat Kampus;Juara 1;2026;Pemerintah Daerah;1
MHS02603;Non-Akademik;Olahraga;Tingkat Lokal/Wilayah;Peserta;2024;Pemerintah Daerah;6
MHS02603;Non-Akademik;Olahraga;Tingkat Nasional;Peserta;2024;Perusahaan/Swasta;6
MHS02603;Non-Akademik;Kewirausahaan;Tingkat Kampus;Juara 1;2024;Komunitas/Organisasi;6
MHS02603;Akademik;Debat & Karya Tulis;Tingkat Kampus;Juara 1;2025;Kemendikbudristek;6
MHS02603;Non-Akademik;Keagamaan;Tingkat Kampus;Juara 3;2025;Komunitas/Organisasi;6
MHS02603;Non-Akademik;Keagamaan;Tingkat Kampus;Juara 2;2025;Perguruan Tinggi;6
MHS02604;Akademik;Debat & Karya Tulis;Tingkat Nasional;Juara 2;2025;Pemerintah Daerah;2
MHS02604;Non-Akademik;Kewirausahaan;Tingkat Nasional;Juara 1;2026;Komunitas/Organisasi;2
MHS02605;Akademik;Debat & Karya Tulis;Tingkat Kampus;Peserta;2025;Perguruan Tinggi;1
MHS02607;Akademik;Sains & Teknologi;Tingkat Lokal/Wilayah;Peserta;2022;Perusahaan/Swasta;3
MHS02607;Akademik;Sains & Teknologi;Tingkat Kampus;Juara 2;2024;Perusahaan/Swasta;3
MHS02607;Non-Akademik;Kewirausahaan;Tingkat Nasional;Peserta;2024;Kemendikbudristek;3
MHS02608;Non-Akademik;Sosial & Kemasyarakatan;Tingkat Lokal/Wilayah;Juara 2;2026;Komunitas/Organisasi;1
MHS02609;Akademik;Kewirausahaan;Tingkat Kampus;Finalis;2024;Kemendikbudristek;2
MHS02609;Non-Akademik;Olahraga;Tingkat Kampus;Finalis;2026;Kemendikbudristek;2
MHS02611;Akademik;Debat & Karya Tulis;Tingkat Lokal/Wilayah;Finalis;2026;Komunitas/Organisasi;1
MHS02612;Non-Akademik;Sosial & Kemasyarakatan;Tingkat Lokal/Wilayah;Peserta;2025;Perusahaan/Swasta;2
MHS02612;Non-Akademik;Kewirausahaan;Tingkat Kampus;Finalis;2026;Perusahaan/Swasta;2
MHS02613;Non-Akademik;Kewirausahaan;Tingkat Kampus;Juara 1;2024;Kemendikbudristek;1
MHS02614;Akademik;Sains & Teknologi;Tingkat Kampus;Juara 1;2025;Komunitas/Organisasi;1
MHS02616;Non-Akademik;Sosial & Kemasyarakatan;Tingkat Nasional;Juara 3;2023;Perusahaan/Swasta;2
MHS02616;Akademik;Sains & Teknologi;Tingkat Nasional;Peserta;2025;Perusahaan/Swasta;2
MHS02617;Akademik;Debat & Karya Tulis;Tingkat Lokal/Wilayah;Juara 3;2026;Perusahaan/Swasta;1
MHS02618;Non-Akademik;Olahraga;Tingkat Nasional;Juara 2;2021;Komunitas/Organisasi;4
MHS02618;Non-Akademik;Kewirausahaan;Tingkat Lokal/Wilayah;Peserta;2021;Pemerintah Daerah;4
MHS02618;Non-Akademik;Keagamaan;Tingkat Nasional;Juara 2;2022;Pemerintah Daerah;4
MHS02618;Non-Akademik;Kewirausahaan;Tingkat Kampus;Juara 1;2025;Perusahaan/Swasta;4
MHS02620;Akademik;Sains & Teknologi;Tingkat Kampus;Juara 2;2025;Pemerintah Daerah;4
MHS02620;Akademik;Sains & Teknologi;Tingkat Kampus;Finalis;2025;Pemerintah Daerah;4
MHS02620;Non-Akademik;Olahraga;Tingkat Kampus;Finalis;2026;Perguruan Tinggi;4
MHS02620;Akademik;Debat & Karya Tulis;Tingkat Kampus;Peserta;2026;Kemendikbudristek;4
MHS02621;Non-Akademik;Kewirausahaan;Tingkat Nasional;Juara 3;2024;Perusahaan/Swasta;2
MHS02621;Akademik;Sosial & Kemasyarakatan;Tingkat Kampus;Juara 2;2025;Pemerintah Daerah;2
MHS02622;Akademik;Sains & Teknologi;Tingkat Nasional;Juara 1;2025;Perguruan Tinggi;1
MHS02624;Akademik;Sains & Teknologi;Tingkat Nasional;Peserta;2026;Perguruan Tinggi;1
MHS02626;Non-Akademik;Keagamaan;Tingkat Nasional;Juara 1;2026;Pemerintah Daerah;1
MHS02627;Akademik;Sains & Teknologi;Tingkat Lokal/Wilayah;Finalis;2025;Perguruan Tinggi;1
MHS02631;Non-Akademik;Seni & Budaya;Tingkat Lokal/Wilayah;Juara 3;2025;Pemerintah Daerah;1
MHS02632;Non-Akademik;Seni & Budaya;Tingkat Kampus;Peserta;2025;Perguruan Tinggi;3
MHS02632;Akademik;Debat & Karya Tulis;Tingkat Lokal/Wilayah;Peserta;2025;Perusahaan/Swasta;3
MHS02632;Non-Akademik;Olahraga;Tingkat Lokal/Wilayah;Juara 2;2025;Perusahaan/Swasta;3
MHS02633;Akademik;Sains & Teknologi;Tingkat Kampus;Finalis;2024;Kemendikbudristek;5
MHS02633;Non-Akademik;Sosial & Kemasyarakatan;Tingkat Kampus;Finalis;2024;Komunitas/Organisasi;5
MHS02633;Non-Akademik;Olahraga;Tingkat Nasional;Peserta;2025;Perusahaan/Swasta;5
MHS02633;Akademik;Seni & Budaya;Tingkat Nasional;Finalis;2026;Kemendikbudristek;5
MHS02633;Non-Akademik;Olahraga;Tingkat Kampus;Juara 3;2026;Perguruan Tinggi;5
MHS02637;Akademik;Debat & Karya Tulis;Tingkat Lokal/Wilayah;Juara 1;2022;Perusahaan/Swasta;5
MHS02637;Non-Akademik;Kewirausahaan;Tingkat Kampus;Peserta;2023;Pemerintah Daerah;5
MHS02637;Akademik;Debat & Karya Tulis;Tingkat Kampus;Juara 3;2023;Perusahaan/Swasta;5
MHS02637;Akademik;Debat & Karya Tulis;Tingkat Kampus;Juara 2;2024;Kemendikbudristek;5
MHS02637;Non-Akademik;Sosial & Kemasyarakatan;Tingkat Kampus;Finalis;2025;Komunitas/Organisasi;5
MHS02640;Akademik;Sains & Teknologi;Tingkat Kampus;Peserta;2024;Perusahaan/Swasta;1
MHS02642;Non-Akademik;Sosial & Kemasyarakatan;Tingkat Kampus;Peserta;2024;Komunitas/Organisasi;4
MHS02642;Non-Akademik;Sosial & Kemasyarakatan;Tingkat Kampus;Juara 3;2024;Kemendikbudristek;4
MHS02642;Non-Akademik;Kewirausahaan;Tingkat Nasional;Finalis;2024;Pemerintah Daerah;4
MHS02642;Non-Akademik;Olahraga;Tingkat Nasional;Peserta;2025;Pemerintah Daerah;4
MHS02644;Akademik;Debat & Karya Tulis;Tingkat Kampus;Finalis;2022;Perusahaan/Swasta;2
MHS02644;Non-Akademik;Sosial & Kemasyarakatan;Tingkat Kampus;Peserta;2025;Pemerintah Daerah;2
MHS02646;Akademik;Keagamaan;Tingkat Internasional;Juara 2;2023;Pemerintah Daerah;8
MHS02646;Akademik;Debat & Karya Tulis;Tingkat Kampus;Juara 3;2024;Kemendikbudristek;8
MHS02646;Akademik;Keagamaan;Tingkat Lokal/Wilayah;Juara 1;2025;Pemerintah Daerah;8
MHS02646;Akademik;Sains & Teknologi;Tingkat Nasional;Juara 1;2025;Perusahaan/Swasta;8
MHS02646;Non-Akademik;Keagamaan;Tingkat Nasional;Juara 1;2025;Perusahaan/Swasta;8
MHS02646;Non-Akademik;Olahraga;Tingkat Internasional;Juara 3;2025;Kemendikbudristek;8
MHS02646;Akademik;Sains & Teknologi;Tingkat Lokal/Wilayah;Juara 1;2025;Perusahaan/Swasta;8
MHS02646;Akademik;Sains & Teknologi;Tingkat Lokal/Wilayah;Juara 2;2026;Perguruan Tinggi;8
MHS02647;Non-Akademik;Kewirausahaan;Tingkat Kampus;Finalis;2024;Perguruan Tinggi;1
MHS02648;Non-Akademik;Sosial & Kemasyarakatan;Tingkat Lokal/Wilayah;Peserta;2026;Perusahaan/Swasta;1
MHS02649;Non-Akademik;Olahraga;Tingkat Lokal/Wilayah;Juara 1;2025;Komunitas/Organisasi;1
MHS02650;Non-Akademik;Keagamaan;Tingkat Nasional;Finalis;2025;Perguruan Tinggi;2
MHS02650;Akademik;Sains & Teknologi;Tingkat Nasional;Peserta;2026;Perguruan Tinggi;2
MHS02651;Akademik;Sains & Teknologi;Tingkat Nasional;Juara 2;2023;Perusahaan/Swasta;2
MHS02651;Akademik;Debat & Karya Tulis;Tingkat Lokal/Wilayah;Juara 2;2026;Pemerintah Daerah;2
MHS02652;Non-Akademik;Kewirausahaan;Tingkat Nasional;Juara 2;2025;Komunitas/Organisasi;1
MHS02654;Akademik;Debat & Karya Tulis;Tingkat Kampus;Finalis;2025;Komunitas/Organisasi;1
MHS02658;Akademik;Debat & Karya Tulis;Tingkat Nasional;Finalis;2023;Pemerintah Daerah;2
MHS02658;Akademik;Debat & Karya Tulis;Tingkat Lokal/Wilayah;Finalis;2025;Komunitas/Organisasi;2
MHS02660;Akademik;Debat & Karya Tulis;Tingkat Lokal/Wilayah;Juara 1;2024;Perguruan Tinggi;1
MHS02661;Non-Akademik;Keagamaan;Tingkat Lokal/Wilayah;Peserta;2025;Komunitas/Organisasi;1
MHS02662;Non-Akademik;Kewirausahaan;Tingkat Lokal/Wilayah;Peserta;2020;Kemendikbudristek;3
MHS02662;Non-Akademik;Olahraga;Tingkat Kampus;Juara 3;2021;Komunitas/Organisasi;3
MHS02662;Akademik;Debat & Karya Tulis;Tingkat Kampus;Juara 3;2024;Perusahaan/Swasta;3
MHS02665;Akademik;Debat & Karya Tulis;Tingkat Nasional;Juara 3;2021;Kemendikbudristek;8
MHS02665;Non-Akademik;Sosial & Kemasyarakatan;Tingkat Nasional;Juara 3;2022;Perguruan Tinggi;8
MHS02665;Akademik;Sains & Teknologi;Tingkat Nasional;Finalis;2023;Kemendikbudristek;8
MHS02665;Akademik;Sains & Teknologi;Tingkat Nasional;Finalis;2023;Perguruan Tinggi;8
MHS02665;Akademik;Debat & Karya Tulis;Tingkat Lokal/Wilayah;Juara 2;2024;Perusahaan/Swasta;8
MHS02665;Non-Akademik;Olahraga;Tingkat Internasional;Juara 3;2024;Perusahaan/Swasta;8
MHS02665;Non-Akademik;Olahraga;Tingkat Internasional;Juara 3;2025;Perguruan Tinggi;8
MHS02665;Akademik;Sains & Teknologi;Tingkat Kampus;Juara 2;2025;Perusahaan/Swasta;8
MHS02667;Akademik;Sains & Teknologi;Tingkat Lokal/Wilayah;Finalis;2024;Komunitas/Organisasi;3
MHS02667;Akademik;Debat & Karya Tulis;Tingkat Nasional;Finalis;2024;Perguruan Tinggi;3
MHS02667;Non-Akademik;Olahraga;Tingkat Kampus;Finalis;2026;Perusahaan/Swasta;3
MHS02668;Akademik;Kewirausahaan;Tingkat Kampus;Juara 3;2022;Pemerintah Daerah;2
MHS02668;Akademik;Debat & Karya Tulis;Tingkat Kampus;Peserta;2023;Perusahaan/Swasta;2
MHS02671;Non-Akademik;Seni & Budaya;Tingkat Kampus;Peserta;2026;Pemerintah Daerah;1
MHS02674;Non-Akademik;Kewirausahaan;Tingkat Kampus;Juara 3;2025;Komunitas/Organisasi;1
MHS02675;Non-Akademik;Olahraga;Tingkat Nasional;Juara 1;2022;Perusahaan/Swasta;2
MHS02675;Non-Akademik;Keagamaan;Tingkat Nasional;Peserta;2023;Komunitas/Organisasi;2
MHS02677;Non-Akademik;Kewirausahaan;Tingkat Lokal/Wilayah;Finalis;2023;Perusahaan/Swasta;3
MHS02677;Akademik;Sains & Teknologi;Tingkat Internasional;Juara 1;2024;Pemerintah Daerah;3
MHS02677;Akademik;Sains & Teknologi;Tingkat Lokal/Wilayah;Juara 3;2026;Kemendikbudristek;3
MHS02678;Non-Akademik;Keagamaan;Tingkat Kampus;Peserta;2025;Perguruan Tinggi;2
MHS02678;Non-Akademik;Keagamaan;Tingkat Kampus;Peserta;2026;Perusahaan/Swasta;2
MHS02679;Akademik;Sains & Teknologi;Tingkat Lokal/Wilayah;Peserta;2025;Komunitas/Organisasi;1
MHS02681;Non-Akademik;Seni & Budaya;Tingkat Nasional;Juara 2;2024;Komunitas/Organisasi;1
MHS02682;Non-Akademik;Kewirausahaan;Tingkat Kampus;Finalis;2023;Pemerintah Daerah;4
MHS02682;Akademik;Sains & Teknologi;Tingkat Lokal/Wilayah;Juara 2;2024;Perusahaan/Swasta;4
MHS02682;Non-Akademik;Sosial & Kemasyarakatan;Tingkat Kampus;Finalis;2024;Komunitas/Organisasi;4
MHS02682;Non-Akademik;Olahraga;Tingkat Lokal/Wilayah;Peserta;2025;Perguruan Tinggi;4
MHS02683;Non-Akademik;Seni & Budaya;Tingkat Lokal/Wilayah;Finalis;2025;Perguruan Tinggi;2
MHS02683;Akademik;Sosial & Kemasyarakatan;Tingkat Nasional;Juara 2;2026;Komunitas/Organisasi;2
MHS02689;Non-Akademik;Kewirausahaan;Tingkat Internasional;Juara 3;2025;Komunitas/Organisasi;2
MHS02689;Non-Akademik;Sosial & Kemasyarakatan;Tingkat Lokal/Wilayah;Juara 1;2025;Kemendikbudristek;2
MHS02690;Akademik;Sains & Teknologi;Tingkat Lokal/Wilayah;Peserta;2025;Perusahaan/Swasta;2
MHS02690;Non-Akademik;Kewirausahaan;Tingkat Kampus;Juara 2;2026;Perusahaan/Swasta;2
MHS02693;Non-Akademik;Seni & Budaya;Tingkat Lokal/Wilayah;Peserta;2024;Kemendikbudristek;1
MHS02694;Non-Akademik;Olahraga;Tingkat Lokal/Wilayah;Juara 3;2023;Perusahaan/Swasta;1
MHS02696;Akademik;Kewirausahaan;Tingkat Kampus;Juara 2;2023;Perusahaan/Swasta;1
MHS02699;Non-Akademik;Kewirausahaan;Tingkat Lokal/Wilayah;Finalis;2025;Perusahaan/Swasta;5
MHS02699;Akademik;Sains & Teknologi;Tingkat Kampus;Peserta;2025;Komunitas/Organisasi;5
MHS02699;Non-Akademik;Sosial & Kemasyarakatan;Tingkat Nasional;Finalis;2025;Kemendikbudristek;5
MHS02699;Akademik;Seni & Budaya;Tingkat Internasional;Peserta;2026;Pemerintah Daerah;5
MHS02699;Non-Akademik;Sosial & Kemasyarakatan;Tingkat Kampus;Juara 3;2026;Komunitas/Organisasi;5
MHS02700;Akademik;Debat & Karya Tulis;Tingkat Lokal/Wilayah;Peserta;2024;Perguruan Tinggi;1
MHS02703;Non-Akademik;Sosial & Kemasyarakatan;Tingkat Lokal/Wilayah;Juara 1;2023;Pemerintah Daerah;2
MHS02703;Non-Akademik;Kewirausahaan;Tingkat Lokal/Wilayah;Juara 2;2024;Komunitas/Organisasi;2
MHS02704;Akademik;Sains & Teknologi;Tingkat Lokal/Wilayah;Juara 3;2023;Komunitas/Organisasi;1
MHS02707;Non-Akademik;Olahraga;Tingkat Internasional;Finalis;2025;Kemendikbudristek;1
MHS02708;Akademik;Sains & Teknologi;Tingkat Internasional;Juara 3;2025;Perguruan Tinggi;1
MHS02710;Akademik;Sains & Teknologi;Tingkat Nasional;Finalis;2025;Perusahaan/Swasta;1
MHS02712;Akademik;Sains & Teknologi;Tingkat Kampus;Juara 2;2024;Pemerintah Daerah;3
MHS02712;Akademik;Debat & Karya Tulis;Tingkat Kampus;Peserta;2024;Kemendikbudristek;3
MHS02712;Non-Akademik;Sosial & Kemasyarakatan;Tingkat Lokal/Wilayah;Juara 1;2025;Pemerintah Daerah;3
MHS02713;Akademik;Sains & Teknologi;Tingkat Kampus;Finalis;2025;Perusahaan/Swasta;1
MHS02715;Akademik;Sains & Teknologi;Tingkat Kampus;Finalis;2026;Komunitas/Organisasi;1
MHS02718;Akademik;Sains & Teknologi;Tingkat Kampus;Juara 1;2026;Kemendikbudristek;1
MHS02719;Non-Akademik;Kewirausahaan;Tingkat Lokal/Wilayah;Peserta;2022;Komunitas/Organisasi;3
MHS02719;Non-Akademik;Keagamaan;Tingkat Kampus;Juara 2;2023;Kemendikbudristek;3
MHS02719;Non-Akademik;Sosial & Kemasyarakatan;Tingkat Kampus;Finalis;2023;Kemendikbudristek;3
MHS02720;Non-Akademik;Olahraga;Tingkat Lokal/Wilayah;Peserta;2026;Perusahaan/Swasta;2
MHS02720;Akademik;Sains & Teknologi;Tingkat Lokal/Wilayah;Juara 3;2026;Perusahaan/Swasta;2
MHS02721;Akademik;Sains & Teknologi;Tingkat Kampus;Juara 3;2024;Komunitas/Organisasi;1
MHS02723;Non-Akademik;Olahraga;Tingkat Nasional;Juara 3;2022;Pemerintah Daerah;8
MHS02723;Non-Akademik;Olahraga;Tingkat Nasional;Juara 1;2023;Pemerintah Daerah;8
MHS02723;Non-Akademik;Keagamaan;Tingkat Nasional;Juara 3;2023;Perguruan Tinggi;8
MHS02723;Akademik;Keagamaan;Tingkat Internasional;Finalis;2023;Komunitas/Organisasi;8
MHS02723;Non-Akademik;Olahraga;Tingkat Internasional;Juara 2;2024;Perguruan Tinggi;8
MHS02723;Non-Akademik;Olahraga;Tingkat Nasional;Juara 2;2025;Kemendikbudristek;8
MHS02723;Non-Akademik;Sosial & Kemasyarakatan;Tingkat Nasional;Peserta;2025;Kemendikbudristek;8
MHS02723;Akademik;Debat & Karya Tulis;Tingkat Nasional;Juara 1;2026;Perusahaan/Swasta;8
MHS02724;Non-Akademik;Kewirausahaan;Tingkat Nasional;Peserta;2025;Perguruan Tinggi;2
MHS02724;Akademik;Debat & Karya Tulis;Tingkat Lokal/Wilayah;Juara 3;2025;Perguruan Tinggi;2
MHS02727;Non-Akademik;Seni & Budaya;Tingkat Nasional;Juara 3;2023;Pemerintah Daerah;8
MHS02727;Akademik;Debat & Karya Tulis;Tingkat Internasional;Peserta;2024;Perguruan Tinggi;8
MHS02727;Akademik;Sains & Teknologi;Tingkat Kampus;Juara 1;2024;Perguruan Tinggi;8
MHS02727;Akademik;Sains & Teknologi;Tingkat Kampus;Juara 3;2024;Komunitas/Organisasi;8
MHS02727;Non-Akademik;Seni & Budaya;Tingkat Nasional;Peserta;2025;Kemendikbudristek;8
MHS02727;Non-Akademik;Olahraga;Tingkat Kampus;Finalis;2025;Perusahaan/Swasta;8
MHS02727;Akademik;Debat & Karya Tulis;Tingkat Kampus;Juara 1;2025;Kemendikbudristek;8
MHS02727;Akademik;Keagamaan;Tingkat Kampus;Finalis;2025;Pemerintah Daerah;8
MHS02731;Non-Akademik;Olahraga;Tingkat Lokal/Wilayah;Juara 2;2025;Pemerintah Daerah;2
MHS02731;Non-Akademik;Keagamaan;Tingkat Kampus;Juara 2;2025;Kemendikbudristek;2
MHS02733;Akademik;Sains & Teknologi;Tingkat Nasional;Juara 3;2026;Komunitas/Organisasi;1
MHS02734;Non-Akademik;Keagamaan;Tingkat Lokal/Wilayah;Juara 2;2026;Pemerintah Daerah;1
MHS02735;Akademik;Sains & Teknologi;Tingkat Nasional;Juara 2;2025;Kemendikbudristek;1
MHS02736;Non-Akademik;Sosial & Kemasyarakatan;Tingkat Lokal/Wilayah;Finalis;2022;Perusahaan/Swasta;1
MHS02738;Non-Akademik;Kewirausahaan;Tingkat Nasional;Juara 3;2023;Perguruan Tinggi;4
MHS02738;Akademik;Sains & Teknologi;Tingkat Nasional;Juara 1;2023;Kemendikbudristek;4
MHS02738;Non-Akademik;Keagamaan;Tingkat Kampus;Finalis;2024;Perguruan Tinggi;4
MHS02738;Akademik;Sains & Teknologi;Tingkat Internasional;Peserta;2025;Perguruan Tinggi;4
MHS02740;Akademik;Sains & Teknologi;Tingkat Lokal/Wilayah;Finalis;2025;Perguruan Tinggi;2
MHS02740;Non-Akademik;Kewirausahaan;Tingkat Lokal/Wilayah;Peserta;2025;Perusahaan/Swasta;2
MHS02741;Non-Akademik;Keagamaan;Tingkat Lokal/Wilayah;Peserta;2022;Perguruan Tinggi;1
MHS02742;Akademik;Debat & Karya Tulis;Tingkat Kampus;Juara 2;2024;Perusahaan/Swasta;8
MHS02742;Non-Akademik;Keagamaan;Tingkat Lokal/Wilayah;Juara 2;2024;Komunitas/Organisasi;8
MHS02742;Akademik;Seni & Budaya;Tingkat Internasional;Juara 1;2024;Komunitas/Organisasi;8
MHS02742;Non-Akademik;Kewirausahaan;Tingkat Nasional;Juara 3;2025;Komunitas/Organisasi;8
MHS02742;Akademik;Sains & Teknologi;Tingkat Kampus;Peserta;2025;Komunitas/Organisasi;8
MHS02742;Non-Akademik;Olahraga;Tingkat Kampus;Peserta;2025;Komunitas/Organisasi;8
MHS02742;Akademik;Sosial & Kemasyarakatan;Tingkat Lokal/Wilayah;Juara 3;2025;Perguruan Tinggi;8
MHS02742;Non-Akademik;Olahraga;Tingkat Lokal/Wilayah;Juara 3;2025;Komunitas/Organisasi;8
MHS02745;Akademik;Debat & Karya Tulis;Tingkat Kampus;Peserta;2025;Kemendikbudristek;1
MHS02747;Akademik;Sains & Teknologi;Tingkat Lokal/Wilayah;Peserta;2026;Perguruan Tinggi;1
MHS02748;Akademik;Sains & Teknologi;Tingkat Internasional;Juara 2;2025;Komunitas/Organisasi;6
MHS02748;Akademik;Debat & Karya Tulis;Tingkat Lokal/Wilayah;Juara 2;2025;Perusahaan/Swasta;6
MHS02748;Non-Akademik;Keagamaan;Tingkat Nasional;Juara 3;2025;Perusahaan/Swasta;6
MHS02748;Non-Akademik;Keagamaan;Tingkat Kampus;Finalis;2025;Pemerintah Daerah;6
MHS02748;Non-Akademik;Seni & Budaya;Tingkat Internasional;Finalis;2026;Perusahaan/Swasta;6
MHS02748;Non-Akademik;Keagamaan;Tingkat Nasional;Juara 1;2026;Kemendikbudristek;6
MHS02749;Akademik;Debat & Karya Tulis;Tingkat Lokal/Wilayah;Juara 2;2020;Komunitas/Organisasi;4
MHS02749;Akademik;Debat & Karya Tulis;Tingkat Kampus;Juara 2;2021;Komunitas/Organisasi;4
MHS02749;Akademik;Sains & Teknologi;Tingkat Kampus;Finalis;2023;Komunitas/Organisasi;4
MHS02749;Akademik;Sains & Teknologi;Tingkat Lokal/Wilayah;Peserta;2023;Kemendikbudristek;4
MHS02750;Akademik;Debat & Karya Tulis;Tingkat Lokal/Wilayah;Finalis;2021;Perusahaan/Swasta;5
MHS02750;Akademik;Debat & Karya Tulis;Tingkat Nasional;Juara 3;2023;Perguruan Tinggi;5
MHS02750;Akademik;Kewirausahaan;Tingkat Lokal/Wilayah;Finalis;2023;Perguruan Tinggi;5
MHS02750;Akademik;Sosial & Kemasyarakatan;Tingkat Nasional;Peserta;2024;Komunitas/Organisasi;5
MHS02750;Akademik;Sains & Teknologi;Tingkat Kampus;Peserta;2025;Pemerintah Daerah;5
MHS02751;Non-Akademik;Kewirausahaan;Tingkat Kampus;Finalis;2024;Perusahaan/Swasta;1
MHS02754;Non-Akademik;Sosial & Kemasyarakatan;Tingkat Kampus;Peserta;2023;Pemerintah Daerah;1
MHS02755;Non-Akademik;Sosial & Kemasyarakatan;Tingkat Lokal/Wilayah;Juara 1;2022;Kemendikbudristek;3
MHS02755;Akademik;Debat & Karya Tulis;Tingkat Lokal/Wilayah;Juara 1;2023;Pemerintah Daerah;3
MHS02755;Akademik;Sains & Teknologi;Tingkat Internasional;Juara 1;2023;Perusahaan/Swasta;3
MHS02758;Akademik;Debat & Karya Tulis;Tingkat Kampus;Juara 2;2023;Komunitas/Organisasi;1
MHS02759;Non-Akademik;Kewirausahaan;Tingkat Lokal/Wilayah;Juara 2;2026;Komunitas/Organisasi;1
MHS02761;Akademik;Keagamaan;Tingkat Kampus;Peserta;2024;Pemerintah Daerah;2
MHS02761;Non-Akademik;Sosial & Kemasyarakatan;Tingkat Kampus;Finalis;2024;Perguruan Tinggi;2
MHS02762;Akademik;Sains & Teknologi;Tingkat Lokal/Wilayah;Juara 1;2022;Komunitas/Organisasi;2
MHS02762;Akademik;Sains & Teknologi;Tingkat Lokal/Wilayah;Peserta;2026;Komunitas/Organisasi;2
MHS02764;Non-Akademik;Sosial & Kemasyarakatan;Tingkat Kampus;Peserta;2024;Kemendikbudristek;4
MHS02764;Akademik;Sains & Teknologi;Tingkat Lokal/Wilayah;Finalis;2025;Kemendikbudristek;4
MHS02764;Non-Akademik;Seni & Budaya;Tingkat Kampus;Juara 3;2026;Kemendikbudristek;4
MHS02764;Non-Akademik;Olahraga;Tingkat Lokal/Wilayah;Finalis;2026;Komunitas/Organisasi;4
MHS02765;Akademik;Debat & Karya Tulis;Tingkat Kampus;Finalis;2025;Kemendikbudristek;1
MHS02767;Akademik;Sains & Teknologi;Tingkat Kampus;Juara 2;2026;Komunitas/Organisasi;1
MHS02768;Akademik;Sains & Teknologi;Tingkat Nasional;Peserta;2022;Perguruan Tinggi;3
MHS02768;Akademik;Kewirausahaan;Tingkat Kampus;Finalis;2024;Perguruan Tinggi;3
MHS02768;Non-Akademik;Seni & Budaya;Tingkat Kampus;Juara 2;2026;Komunitas/Organisasi;3
MHS02770;Akademik;Debat & Karya Tulis;Tingkat Nasional;Juara 2;2022;Perusahaan/Swasta;3
MHS02770;Non-Akademik;Kewirausahaan;Tingkat Lokal/Wilayah;Peserta;2023;Perguruan Tinggi;3
MHS02770;Non-Akademik;Kewirausahaan;Tingkat Lokal/Wilayah;Juara 1;2026;Perguruan Tinggi;3
MHS02772;Non-Akademik;Olahraga;Tingkat Kampus;Peserta;2024;Pemerintah Daerah;1
MHS02774;Akademik;Sains & Teknologi;Tingkat Kampus;Finalis;2025;Komunitas/Organisasi;1
MHS02776;Akademik;Sains & Teknologi;Tingkat Kampus;Juara 3;2024;Perguruan Tinggi;1
MHS02777;Akademik;Debat & Karya Tulis;Tingkat Lokal/Wilayah;Juara 2;2023;Komunitas/Organisasi;1
MHS02781;Non-Akademik;Olahraga;Tingkat Nasional;Juara 3;2024;Pemerintah Daerah;4
MHS02781;Non-Akademik;Kewirausahaan;Tingkat Kampus;Peserta;2025;Perguruan Tinggi;4
MHS02781;Akademik;Sosial & Kemasyarakatan;Tingkat Kampus;Juara 1;2025;Kemendikbudristek;4
MHS02781;Akademik;Debat & Karya Tulis;Tingkat Nasional;Finalis;2025;Perguruan Tinggi;4
MHS02784;Non-Akademik;Seni & Budaya;Tingkat Kampus;Peserta;2023;Pemerintah Daerah;2
MHS02784;Akademik;Olahraga;Tingkat Lokal/Wilayah;Juara 3;2024;Komunitas/Organisasi;2
MHS02785;Non-Akademik;Kewirausahaan;Tingkat Nasional;Juara 2;2024;Perusahaan/Swasta;3
MHS02785;Akademik;Debat & Karya Tulis;Tingkat Kampus;Peserta;2026;Kemendikbudristek;3
MHS02785;Akademik;Olahraga;Tingkat Nasional;Juara 1;2026;Perusahaan/Swasta;3
MHS02786;Akademik;Sosial & Kemasyarakatan;Tingkat Lokal/Wilayah;Peserta;2025;Perusahaan/Swasta;1
MHS02787;Akademik;Debat & Karya Tulis;Tingkat Kampus;Juara 3;2023;Komunitas/Organisasi;1
MHS02793;Non-Akademik;Seni & Budaya;Tingkat Kampus;Juara 2;2022;Perguruan Tinggi;2
MHS02793;Akademik;Debat & Karya Tulis;Tingkat Nasional;Finalis;2024;Kemendikbudristek;2
MHS02794;Non-Akademik;Seni & Budaya;Tingkat Lokal/Wilayah;Juara 2;2026;Perusahaan/Swasta;1
MHS02795;Non-Akademik;Olahraga;Tingkat Internasional;Peserta;2024;Kemendikbudristek;2
MHS02795;Akademik;Olahraga;Tingkat Kampus;Peserta;2025;Perguruan Tinggi;2
MHS02796;Non-Akademik;Kewirausahaan;Tingkat Kampus;Juara 1;2025;Perusahaan/Swasta;1
MHS02799;Akademik;Debat & Karya Tulis;Tingkat Kampus;Juara 1;2023;Perusahaan/Swasta;1
MHS02800;Akademik;Debat & Karya Tulis;Tingkat Kampus;Juara 3;2025;Kemendikbudristek;2
MHS02800;Non-Akademik;Sosial & Kemasyarakatan;Tingkat Lokal/Wilayah;Peserta;2026;Perusahaan/Swasta;2
MHS02801;Akademik;Debat & Karya Tulis;Tingkat Internasional;Juara 2;2024;Komunitas/Organisasi;3
MHS02801;Akademik;Sains & Teknologi;Tingkat Lokal/Wilayah;Juara 1;2024;Komunitas/Organisasi;3
MHS02801;Akademik;Sains & Teknologi;Tingkat Lokal/Wilayah;Finalis;2025;Komunitas/Organisasi;3
MHS02802;Non-Akademik;Kewirausahaan;Tingkat Kampus;Peserta;2024;Komunitas/Organisasi;2
MHS02802;Non-Akademik;Olahraga;Tingkat Lokal/Wilayah;Juara 3;2024;Komunitas/Organisasi;2
MHS02804;Akademik;Sains & Teknologi;Tingkat Nasional;Juara 3;2025;Perguruan Tinggi;1
MHS02805;Akademik;Sains & Teknologi;Tingkat Kampus;Finalis;2025;Komunitas/Organisasi;1
MHS02806;Akademik;Sains & Teknologi;Tingkat Nasional;Peserta;2022;Pemerintah Daerah;4
MHS02806;Non-Akademik;Kewirausahaan;Tingkat Lokal/Wilayah;Peserta;2022;Kemendikbudristek;4
MHS02806;Non-Akademik;Keagamaan;Tingkat Kampus;Juara 3;2024;Kemendikbudristek;4
MHS02806;Akademik;Sains & Teknologi;Tingkat Kampus;Juara 3;2025;Perguruan Tinggi;4
MHS02807;Akademik;Kewirausahaan;Tingkat Kampus;Finalis;2023;Perguruan Tinggi;1
MHS02808;Akademik;Sains & Teknologi;Tingkat Kampus;Peserta;2024;Pemerintah Daerah;3
MHS02808;Akademik;Debat & Karya Tulis;Tingkat Nasional;Juara 3;2025;Komunitas/Organisasi;3
MHS02808;Akademik;Sains & Teknologi;Tingkat Lokal/Wilayah;Finalis;2026;Perusahaan/Swasta;3
MHS02809;Non-Akademik;Seni & Budaya;Tingkat Lokal/Wilayah;Finalis;2024;Komunitas/Organisasi;1
MHS02811;Akademik;Debat & Karya Tulis;Tingkat Kampus;Juara 3;2026;Kemendikbudristek;1
MHS02812;Non-Akademik;Keagamaan;Tingkat Kampus;Peserta;2025;Komunitas/Organisasi;1
MHS02813;Akademik;Sains & Teknologi;Tingkat Kampus;Juara 3;2023;Komunitas/Organisasi;2
MHS02813;Non-Akademik;Kewirausahaan;Tingkat Lokal/Wilayah;Finalis;2024;Perguruan Tinggi;2
MHS02814;Non-Akademik;Sosial & Kemasyarakatan;Tingkat Nasional;Juara 1;2026;Pemerintah Daerah;1
MHS02815;Non-Akademik;Kewirausahaan;Tingkat Kampus;Juara 3;2024;Kemendikbudristek;4
MHS02815;Non-Akademik;Kewirausahaan;Tingkat Nasional;Juara 2;2024;Perguruan Tinggi;4
MHS02815;Akademik;Sains & Teknologi;Tingkat Kampus;Juara 2;2026;Pemerintah Daerah;4
MHS02815;Non-Akademik;Olahraga;Tingkat Lokal/Wilayah;Juara 3;2026;Komunitas/Organisasi;4
MHS02817;Akademik;Sains & Teknologi;Tingkat Kampus;Juara 2;2023;Pemerintah Daerah;4
MHS02817;Akademik;Debat & Karya Tulis;Tingkat Lokal/Wilayah;Juara 1;2024;Pemerintah Daerah;4
MHS02817;Non-Akademik;Olahraga;Tingkat Kampus;Juara 1;2024;Komunitas/Organisasi;4
MHS02817;Akademik;Debat & Karya Tulis;Tingkat Lokal/Wilayah;Finalis;2025;Pemerintah Daerah;4
MHS02818;Non-Akademik;Kewirausahaan;Tingkat Kampus;Juara 1;2023;Perguruan Tinggi;1
MHS02821;Akademik;Sains & Teknologi;Tingkat Lokal/Wilayah;Juara 1;2025;Perguruan Tinggi;2
MHS02821;Akademik;Sains & Teknologi;Tingkat Lokal/Wilayah;Juara 1;2026;Komunitas/Organisasi;2
MHS02822;Akademik;Sains & Teknologi;Tingkat Kampus;Finalis;2026;Perguruan Tinggi;1
MHS02825;Akademik;Keagamaan;Tingkat Lokal/Wilayah;Finalis;2022;Kemendikbudristek;4
MHS02825;Non-Akademik;Seni & Budaya;Tingkat Lokal/Wilayah;Juara 3;2023;Kemendikbudristek;4
MHS02825;Akademik;Keagamaan;Tingkat Nasional;Finalis;2023;Kemendikbudristek;4
MHS02825;Non-Akademik;Olahraga;Tingkat Kampus;Peserta;2025;Komunitas/Organisasi;4
MHS02829;Akademik;Debat & Karya Tulis;Tingkat Kampus;Juara 3;2022;Perguruan Tinggi;4
MHS02829;Non-Akademik;Olahraga;Tingkat Kampus;Juara 1;2022;Pemerintah Daerah;4
MHS02829;Non-Akademik;Keagamaan;Tingkat Lokal/Wilayah;Peserta;2023;Kemendikbudristek;4
MHS02829;Akademik;Sains & Teknologi;Tingkat Lokal/Wilayah;Finalis;2025;Perguruan Tinggi;4
MHS02831;Non-Akademik;Sosial & Kemasyarakatan;Tingkat Kampus;Juara 3;2022;Perusahaan/Swasta;1
MHS02834;Non-Akademik;Seni & Budaya;Tingkat Kampus;Peserta;2021;Perguruan Tinggi;2
MHS02834;Non-Akademik;Kewirausahaan;Tingkat Kampus;Juara 3;2025;Kemendikbudristek;2
MHS02837;Non-Akademik;Olahraga;Tingkat Kampus;Finalis;2024;Pemerintah Daerah;1
MHS02841;Non-Akademik;Olahraga;Tingkat Kampus;Peserta;2025;Kemendikbudristek;2
MHS02841;Akademik;Debat & Karya Tulis;Tingkat Kampus;Peserta;2025;Pemerintah Daerah;2
MHS02842;Non-Akademik;Seni & Budaya;Tingkat Lokal/Wilayah;Finalis;2025;Perguruan Tinggi;3
MHS02842;Akademik;Sains & Teknologi;Tingkat Lokal/Wilayah;Peserta;2025;Komunitas/Organisasi;3
MHS02842;Non-Akademik;Kewirausahaan;Tingkat Lokal/Wilayah;Finalis;2026;Kemendikbudristek;3
MHS02846;Akademik;Sains & Teknologi;Tingkat Kampus;Juara 1;2025;Perusahaan/Swasta;2
MHS02846;Akademik;Olahraga;Tingkat Lokal/Wilayah;Juara 2;2026;Perguruan Tinggi;2
MHS02849;Non-Akademik;Keagamaan;Tingkat Kampus;Finalis;2025;Perusahaan/Swasta;1
MHS02853;Akademik;Sains & Teknologi;Tingkat Nasional;Juara 3;2026;Kemendikbudristek;1
MHS02854;Non-Akademik;Kewirausahaan;Tingkat Kampus;Juara 1;2023;Pemerintah Daerah;3
MHS02854;Akademik;Sains & Teknologi;Tingkat Nasional;Juara 3;2024;Kemendikbudristek;3
MHS02854;Akademik;Debat & Karya Tulis;Tingkat Kampus;Finalis;2025;Perusahaan/Swasta;3
MHS02855;Akademik;Debat & Karya Tulis;Tingkat Kampus;Peserta;2025;Perguruan Tinggi;1
MHS02856;Akademik;Debat & Karya Tulis;Tingkat Kampus;Juara 3;2026;Perusahaan/Swasta;1
MHS02857;Akademik;Seni & Budaya;Tingkat Kampus;Finalis;2024;Pemerintah Daerah;4
MHS02857;Non-Akademik;Olahraga;Tingkat Nasional;Juara 1;2025;Perguruan Tinggi;4
MHS02857;Akademik;Sains & Teknologi;Tingkat Kampus;Juara 3;2026;Kemendikbudristek;4
MHS02857;Non-Akademik;Seni & Budaya;Tingkat Kampus;Peserta;2026;Pemerintah Daerah;4
MHS02858;Non-Akademik;Sosial & Kemasyarakatan;Tingkat Lokal/Wilayah;Juara 3;2022;Pemerintah Daerah;8
MHS02858;Non-Akademik;Seni & Budaya;Tingkat Lokal/Wilayah;Finalis;2023;Perusahaan/Swasta;8
MHS02858;Non-Akademik;Kewirausahaan;Tingkat Lokal/Wilayah;Finalis;2024;Perguruan Tinggi;8
MHS02858;Non-Akademik;Kewirausahaan;Tingkat Lokal/Wilayah;Peserta;2025;Komunitas/Organisasi;8
MHS02858;Non-Akademik;Sosial & Kemasyarakatan;Tingkat Lokal/Wilayah;Juara 3;2025;Komunitas/Organisasi;8
MHS02858;Akademik;Debat & Karya Tulis;Tingkat Kampus;Finalis;2025;Perguruan Tinggi;8
MHS02858;Akademik;Debat & Karya Tulis;Tingkat Lokal/Wilayah;Juara 2;2025;Pemerintah Daerah;8
MHS02858;Non-Akademik;Sosial & Kemasyarakatan;Tingkat Kampus;Peserta;2026;Perguruan Tinggi;8
MHS02860;Non-Akademik;Seni & Budaya;Tingkat Lokal/Wilayah;Peserta;2025;Komunitas/Organisasi;1
MHS02861;Non-Akademik;Olahraga;Tingkat Internasional;Finalis;2024;Pemerintah Daerah;4
MHS02861;Non-Akademik;Keagamaan;Tingkat Nasional;Peserta;2025;Pemerintah Daerah;4
MHS02861;Non-Akademik;Olahraga;Tingkat Kampus;Juara 1;2026;Perguruan Tinggi;4
MHS02861;Akademik;Debat & Karya Tulis;Tingkat Nasional;Juara 1;2026;Pemerintah Daerah;4
MHS02862;Akademik;Sains & Teknologi;Tingkat Lokal/Wilayah;Peserta;2025;Kemendikbudristek;2
MHS02862;Akademik;Sosial & Kemasyarakatan;Tingkat Kampus;Peserta;2025;Perusahaan/Swasta;2
MHS02863;Non-Akademik;Keagamaan;Tingkat Kampus;Peserta;2023;Komunitas/Organisasi;4
MHS02863;Akademik;Sains & Teknologi;Tingkat Internasional;Juara 3;2023;Kemendikbudristek;4
MHS02863;Akademik;Debat & Karya Tulis;Tingkat Lokal/Wilayah;Juara 2;2025;Kemendikbudristek;4
MHS02863;Non-Akademik;Keagamaan;Tingkat Lokal/Wilayah;Finalis;2025;Kemendikbudristek;4
MHS02864;Non-Akademik;Olahraga;Tingkat Lokal/Wilayah;Peserta;2022;Kemendikbudristek;1
MHS02865;Non-Akademik;Sosial & Kemasyarakatan;Tingkat Internasional;Finalis;2023;Perusahaan/Swasta;2
MHS02865;Non-Akademik;Kewirausahaan;Tingkat Lokal/Wilayah;Juara 3;2026;Perguruan Tinggi;2
MHS02868;Non-Akademik;Keagamaan;Tingkat Lokal/Wilayah;Juara 3;2023;Pemerintah Daerah;6
MHS02868;Non-Akademik;Olahraga;Tingkat Lokal/Wilayah;Peserta;2024;Perguruan Tinggi;6
MHS02868;Akademik;Debat & Karya Tulis;Tingkat Nasional;Juara 2;2024;Perguruan Tinggi;6
MHS02868;Akademik;Olahraga;Tingkat Nasional;Juara 3;2025;Perguruan Tinggi;6
MHS02868;Akademik;Olahraga;Tingkat Lokal/Wilayah;Peserta;2025;Komunitas/Organisasi;6
MHS02868;Akademik;Debat & Karya Tulis;Tingkat Nasional;Peserta;2026;Perusahaan/Swasta;6
MHS02869;Non-Akademik;Kewirausahaan;Tingkat Kampus;Juara 3;2024;Perguruan Tinggi;5
MHS02869;Non-Akademik;Kewirausahaan;Tingkat Nasional;Juara 3;2024;Perusahaan/Swasta;5
MHS02869;Akademik;Debat & Karya Tulis;Tingkat Kampus;Juara 2;2025;Perusahaan/Swasta;5
MHS02869;Non-Akademik;Seni & Budaya;Tingkat Nasional;Juara 2;2025;Komunitas/Organisasi;5
MHS02869;Non-Akademik;Olahraga;Tingkat Internasional;Finalis;2026;Kemendikbudristek;5
MHS02870;Non-Akademik;Kewirausahaan;Tingkat Lokal/Wilayah;Peserta;2025;Perguruan Tinggi;1
MHS02872;Akademik;Debat & Karya Tulis;Tingkat Lokal/Wilayah;Peserta;2025;Perguruan Tinggi;1
MHS02873;Akademik;Debat & Karya Tulis;Tingkat Kampus;Juara 3;2023;Perguruan Tinggi;1
MHS02874;Akademik;Sains & Teknologi;Tingkat Kampus;Juara 2;2023;Perusahaan/Swasta;1
MHS02876;Akademik;Debat & Karya Tulis;Tingkat Lokal/Wilayah;Juara 3;2025;Kemendikbudristek;2
MHS02876;Akademik;Debat & Karya Tulis;Tingkat Lokal/Wilayah;Finalis;2026;Perguruan Tinggi;2
MHS02877;Akademik;Sains & Teknologi;Tingkat Internasional;Juara 3;2022;Perusahaan/Swasta;2
MHS02877;Non-Akademik;Kewirausahaan;Tingkat Internasional;Peserta;2022;Komunitas/Organisasi;2
MHS02878;Akademik;Sains & Teknologi;Tingkat Lokal/Wilayah;Peserta;2025;Pemerintah Daerah;1
MHS02879;Non-Akademik;Sosial & Kemasyarakatan;Tingkat Lokal/Wilayah;Juara 2;2024;Kemendikbudristek;1
MHS02880;Non-Akademik;Kewirausahaan;Tingkat Lokal/Wilayah;Finalis;2020;Komunitas/Organisasi;1
MHS02887;Non-Akademik;Kewirausahaan;Tingkat Kampus;Peserta;2025;Komunitas/Organisasi;1
MHS02889;Non-Akademik;Keagamaan;Tingkat Kampus;Peserta;2023;Perusahaan/Swasta;1
MHS02890;Non-Akademik;Seni & Budaya;Tingkat Kampus;Juara 2;2024;Kemendikbudristek;7
MHS02890;Non-Akademik;Sosial & Kemasyarakatan;Tingkat Lokal/Wilayah;Juara 3;2024;Pemerintah Daerah;7
MHS02890;Non-Akademik;Sosial & Kemasyarakatan;Tingkat Kampus;Finalis;2024;Pemerintah Daerah;7
MHS02890;Non-Akademik;Keagamaan;Tingkat Lokal/Wilayah;Juara 2;2025;Perusahaan/Swasta;7
MHS02890;Non-Akademik;Seni & Budaya;Tingkat Kampus;Juara 1;2025;Komunitas/Organisasi;7
MHS02890;Non-Akademik;Kewirausahaan;Tingkat Nasional;Juara 2;2026;Kemendikbudristek;7
MHS02890;Akademik;Sains & Teknologi;Tingkat Lokal/Wilayah;Finalis;2026;Pemerintah Daerah;7
MHS02891;Akademik;Kewirausahaan;Tingkat Kampus;Finalis;2023;Pemerintah Daerah;8
MHS02891;Akademik;Olahraga;Tingkat Kampus;Juara 1;2023;Komunitas/Organisasi;8
MHS02891;Non-Akademik;Seni & Budaya;Tingkat Kampus;Finalis;2023;Kemendikbudristek;8
MHS02891;Akademik;Debat & Karya Tulis;Tingkat Kampus;Juara 2;2024;Pemerintah Daerah;8
MHS02891;Akademik;Olahraga;Tingkat Nasional;Juara 2;2024;Perusahaan/Swasta;8
MHS02891;Akademik;Debat & Karya Tulis;Tingkat Kampus;Juara 2;2024;Pemerintah Daerah;8
MHS02891;Akademik;Keagamaan;Tingkat Internasional;Peserta;2024;Komunitas/Organisasi;8
MHS02891;Akademik;Seni & Budaya;Tingkat Nasional;Peserta;2025;Pemerintah Daerah;8
MHS02893;Non-Akademik;Sosial & Kemasyarakatan;Tingkat Lokal/Wilayah;Juara 3;2025;Komunitas/Organisasi;1
MHS02895;Non-Akademik;Sosial & Kemasyarakatan;Tingkat Lokal/Wilayah;Juara 3;2025;Komunitas/Organisasi;1
MHS02896;Non-Akademik;Kewirausahaan;Tingkat Kampus;Juara 2;2021;Perguruan Tinggi;5
MHS02896;Akademik;Sains & Teknologi;Tingkat Nasional;Peserta;2021;Perguruan Tinggi;5
MHS02896;Akademik;Kewirausahaan;Tingkat Kampus;Juara 3;2022;Perguruan Tinggi;5
MHS02896;Akademik;Debat & Karya Tulis;Tingkat Kampus;Peserta;2022;Komunitas/Organisasi;5
MHS02896;Akademik;Debat & Karya Tulis;Tingkat Kampus;Juara 2;2025;Pemerintah Daerah;5
MHS02898;Akademik;Sains & Teknologi;Tingkat Lokal/Wilayah;Juara 2;2025;Komunitas/Organisasi;1
MHS02899;Non-Akademik;Sosial & Kemasyarakatan;Tingkat Kampus;Juara 3;2026;Perguruan Tinggi;1
MHS02901;Non-Akademik;Olahraga;Tingkat Lokal/Wilayah;Peserta;2021;Kemendikbudristek;2
MHS02901;Non-Akademik;Sosial & Kemasyarakatan;Tingkat Kampus;Peserta;2021;Perusahaan/Swasta;2
MHS02903;Non-Akademik;Seni & Budaya;Tingkat Kampus;Finalis;2024;Komunitas/Organisasi;1
MHS02904;Non-Akademik;Olahraga;Tingkat Kampus;Finalis;2024;Perguruan Tinggi;1
MHS02905;Akademik;Keagamaan;Tingkat Lokal/Wilayah;Juara 3;2024;Kemendikbudristek;1
MHS02907;Akademik;Sains & Teknologi;Tingkat Internasional;Peserta;2026;Komunitas/Organisasi;1
MHS02910;Akademik;Olahraga;Tingkat Nasional;Juara 1;2025;Perusahaan/Swasta;1
MHS02912;Non-Akademik;Seni & Budaya;Tingkat Lokal/Wilayah;Finalis;2023;Komunitas/Organisasi;1
MHS02913;Akademik;Debat & Karya Tulis;Tingkat Lokal/Wilayah;Finalis;2025;Perusahaan/Swasta;2
MHS02913;Akademik;Debat & Karya Tulis;Tingkat Nasional;Finalis;2026;Perusahaan/Swasta;2
MHS02914;Non-Akademik;Sosial & Kemasyarakatan;Tingkat Kampus;Finalis;2025;Kemendikbudristek;2
MHS02914;Akademik;Sains & Teknologi;Tingkat Kampus;Peserta;2026;Kemendikbudristek;2
MHS02916;Akademik;Sains & Teknologi;Tingkat Lokal/Wilayah;Peserta;2024;Perusahaan/Swasta;1
MHS02917;Non-Akademik;Sosial & Kemasyarakatan;Tingkat Lokal/Wilayah;Peserta;2022;Pemerintah Daerah;1
MHS02919;Akademik;Sains & Teknologi;Tingkat Kampus;Juara 2;2023;Perguruan Tinggi;1
MHS02920;Non-Akademik;Olahraga;Tingkat Nasional;Juara 2;2021;Kemendikbudristek;3
MHS02920;Non-Akademik;Sosial & Kemasyarakatan;Tingkat Lokal/Wilayah;Peserta;2024;Perusahaan/Swasta;3
MHS02920;Non-Akademik;Keagamaan;Tingkat Nasional;Peserta;2025;Perusahaan/Swasta;3
MHS02921;Akademik;Sosial & Kemasyarakatan;Tingkat Lokal/Wilayah;Peserta;2024;Pemerintah Daerah;8
MHS02921;Non-Akademik;Sosial & Kemasyarakatan;Tingkat Kampus;Finalis;2024;Perusahaan/Swasta;8
MHS02921;Akademik;Sains & Teknologi;Tingkat Kampus;Peserta;2024;Pemerintah Daerah;8
MHS02921;Non-Akademik;Seni & Budaya;Tingkat Kampus;Juara 3;2025;Perguruan Tinggi;8
MHS02921;Non-Akademik;Kewirausahaan;Tingkat Nasional;Peserta;2026;Pemerintah Daerah;8
MHS02921;Non-Akademik;Keagamaan;Tingkat Kampus;Juara 2;2026;Perguruan Tinggi;8
MHS02921;Akademik;Sains & Teknologi;Tingkat Nasional;Peserta;2026;Perusahaan/Swasta;8
MHS02921;Akademik;Debat & Karya Tulis;Tingkat Nasional;Peserta;2026;Perusahaan/Swasta;8
MHS02923;Non-Akademik;Seni & Budaya;Tingkat Lokal/Wilayah;Juara 3;2025;Perguruan Tinggi;1
MHS02925;Akademik;Seni & Budaya;Tingkat Kampus;Peserta;2022;Perusahaan/Swasta;3
MHS02925;Non-Akademik;Keagamaan;Tingkat Kampus;Finalis;2023;Perguruan Tinggi;3
MHS02925;Akademik;Sosial & Kemasyarakatan;Tingkat Kampus;Juara 2;2024;Pemerintah Daerah;3
MHS02926;Akademik;Sains & Teknologi;Tingkat Kampus;Peserta;2025;Kemendikbudristek;2
MHS02926;Akademik;Sains & Teknologi;Tingkat Kampus;Finalis;2025;Pemerintah Daerah;2
MHS02930;Akademik;Keagamaan;Tingkat Kampus;Juara 2;2025;Perusahaan/Swasta;1
MHS02931;Non-Akademik;Seni & Budaya;Tingkat Nasional;Peserta;2021;Pemerintah Daerah;4
MHS02931;Akademik;Debat & Karya Tulis;Tingkat Nasional;Peserta;2023;Pemerintah Daerah;4
MHS02931;Akademik;Olahraga;Tingkat Lokal/Wilayah;Peserta;2023;Kemendikbudristek;4
MHS02931;Akademik;Sains & Teknologi;Tingkat Lokal/Wilayah;Peserta;2024;Komunitas/Organisasi;4
MHS02933;Non-Akademik;Kewirausahaan;Tingkat Kampus;Juara 3;2022;Perusahaan/Swasta;4
MHS02933;Non-Akademik;Keagamaan;Tingkat Kampus;Peserta;2025;Perguruan Tinggi;4
MHS02933;Akademik;Debat & Karya Tulis;Tingkat Kampus;Finalis;2025;Komunitas/Organisasi;4
MHS02933;Non-Akademik;Keagamaan;Tingkat Kampus;Juara 3;2025;Komunitas/Organisasi;4
MHS02936;Non-Akademik;Sosial & Kemasyarakatan;Tingkat Lokal/Wilayah;Juara 2;2021;Perusahaan/Swasta;4
MHS02936;Non-Akademik;Keagamaan;Tingkat Kampus;Finalis;2021;Kemendikbudristek;4
MHS02936;Akademik;Debat & Karya Tulis;Tingkat Internasional;Peserta;2022;Perusahaan/Swasta;4
MHS02936;Non-Akademik;Kewirausahaan;Tingkat Kampus;Juara 1;2024;Pemerintah Daerah;4
MHS02938;Non-Akademik;Keagamaan;Tingkat Nasional;Juara 2;2025;Perusahaan/Swasta;2
MHS02938;Non-Akademik;Keagamaan;Tingkat Kampus;Peserta;2026;Perguruan Tinggi;2
MHS02939;Non-Akademik;Sosial & Kemasyarakatan;Tingkat Lokal/Wilayah;Peserta;2022;Perguruan Tinggi;2
MHS02939;Akademik;Sains & Teknologi;Tingkat Lokal/Wilayah;Peserta;2024;Perusahaan/Swasta;2
MHS02940;Non-Akademik;Kewirausahaan;Tingkat Kampus;Juara 2;2025;Kemendikbudristek;2
MHS02940;Akademik;Sains & Teknologi;Tingkat Lokal/Wilayah;Juara 1;2026;Perusahaan/Swasta;2
MHS02943;Non-Akademik;Olahraga;Tingkat Internasional;Finalis;2025;Perusahaan/Swasta;2
MHS02943;Akademik;Sains & Teknologi;Tingkat Nasional;Finalis;2026;Pemerintah Daerah;2
MHS02944;Akademik;Olahraga;Tingkat Kampus;Peserta;2022;Perusahaan/Swasta;3
MHS02944;Akademik;Kewirausahaan;Tingkat Kampus;Juara 3;2023;Perusahaan/Swasta;3
MHS02944;Non-Akademik;Sosial & Kemasyarakatan;Tingkat Nasional;Peserta;2024;Perusahaan/Swasta;3
MHS02946;Non-Akademik;Sosial & Kemasyarakatan;Tingkat Nasional;Juara 2;2022;Perguruan Tinggi;2
MHS02946;Non-Akademik;Olahraga;Tingkat Kampus;Juara 3;2022;Pemerintah Daerah;2
MHS02947;Akademik;Seni & Budaya;Tingkat Lokal/Wilayah;Juara 3;2024;Kemendikbudristek;1
MHS02949;Non-Akademik;Sosial & Kemasyarakatan;Tingkat Lokal/Wilayah;Finalis;2025;Perusahaan/Swasta;1
MHS02952;Akademik;Sains & Teknologi;Tingkat Lokal/Wilayah;Finalis;2025;Kemendikbudristek;1
MHS02954;Non-Akademik;Olahraga;Tingkat Kampus;Finalis;2022;Perusahaan/Swasta;2
MHS02954;Non-Akademik;Olahraga;Tingkat Lokal/Wilayah;Juara 2;2025;Pemerintah Daerah;2
MHS02956;Akademik;Debat & Karya Tulis;Tingkat Lokal/Wilayah;Peserta;2024;Kemendikbudristek;1
MHS02957;Non-Akademik;Sosial & Kemasyarakatan;Tingkat Lokal/Wilayah;Peserta;2022;Pemerintah Daerah;4
MHS02957;Non-Akademik;Kewirausahaan;Tingkat Kampus;Juara 3;2023;Komunitas/Organisasi;4
MHS02957;Akademik;Debat & Karya Tulis;Tingkat Kampus;Finalis;2023;Komunitas/Organisasi;4
MHS02957;Akademik;Keagamaan;Tingkat Nasional;Finalis;2023;Perusahaan/Swasta;4
MHS02958;Non-Akademik;Seni & Budaya;Tingkat Internasional;Finalis;2025;Pemerintah Daerah;2
MHS02958;Non-Akademik;Olahraga;Tingkat Kampus;Finalis;2026;Perguruan Tinggi;2
MHS02959;Akademik;Debat & Karya Tulis;Tingkat Kampus;Juara 1;2025;Kemendikbudristek;2
MHS02959;Akademik;Sains & Teknologi;Tingkat Internasional;Juara 2;2026;Pemerintah Daerah;2
MHS02960;Akademik;Debat & Karya Tulis;Tingkat Nasional;Peserta;2025;Perguruan Tinggi;4
MHS02960;Akademik;Debat & Karya Tulis;Tingkat Lokal/Wilayah;Peserta;2026;Perusahaan/Swasta;4
MHS02960;Akademik;Debat & Karya Tulis;Tingkat Nasional;Juara 2;2026;Perusahaan/Swasta;4
MHS02960;Akademik;Sosial & Kemasyarakatan;Tingkat Kampus;Juara 1;2026;Perguruan Tinggi;4
MHS02961;Non-Akademik;Keagamaan;Tingkat Lokal/Wilayah;Juara 3;2024;Pemerintah Daerah;2
MHS02961;Non-Akademik;Sosial & Kemasyarakatan;Tingkat Nasional;Juara 3;2024;Kemendikbudristek;2
MHS02962;Non-Akademik;Olahraga;Tingkat Kampus;Juara 3;2026;Perusahaan/Swasta;1
MHS02963;Non-Akademik;Sosial & Kemasyarakatan;Tingkat Internasional;Peserta;2025;Perguruan Tinggi;1
MHS02965;Non-Akademik;Seni & Budaya;Tingkat Nasional;Peserta;2023;Perusahaan/Swasta;7
MHS02965;Akademik;Debat & Karya Tulis;Tingkat Kampus;Peserta;2025;Komunitas/Organisasi;7
MHS02965;Akademik;Sains & Teknologi;Tingkat Nasional;Juara 2;2025;Perusahaan/Swasta;7
MHS02965;Non-Akademik;Keagamaan;Tingkat Nasional;Finalis;2025;Komunitas/Organisasi;7
MHS02965;Akademik;Olahraga;Tingkat Nasional;Finalis;2025;Komunitas/Organisasi;7
MHS02965;Non-Akademik;Seni & Budaya;Tingkat Lokal/Wilayah;Juara 2;2026;Perguruan Tinggi;7
MHS02965;Akademik;Olahraga;Tingkat Nasional;Juara 3;2026;Pemerintah Daerah;7
MHS02966;Akademik;Sains & Teknologi;Tingkat Lokal/Wilayah;Peserta;2022;Komunitas/Organisasi;1
MHS02967;Non-Akademik;Kewirausahaan;Tingkat Lokal/Wilayah;Peserta;2022;Komunitas/Organisasi;3
MHS02967;Non-Akademik;Olahraga;Tingkat Internasional;Peserta;2023;Perguruan Tinggi;3
MHS02967;Akademik;Debat & Karya Tulis;Tingkat Kampus;Peserta;2024;Komunitas/Organisasi;3
MHS02968;Akademik;Debat & Karya Tulis;Tingkat Kampus;Finalis;2025;Perusahaan/Swasta;1
MHS02969;Non-Akademik;Olahraga;Tingkat Kampus;Peserta;2026;Perguruan Tinggi;1
MHS02971;Akademik;Debat & Karya Tulis;Tingkat Kampus;Juara 1;2024;Perusahaan/Swasta;8
MHS02971;Akademik;Sains & Teknologi;Tingkat Kampus;Juara 3;2024;Komunitas/Organisasi;8
MHS02971;Non-Akademik;Keagamaan;Tingkat Lokal/Wilayah;Juara 1;2024;Perguruan Tinggi;8
MHS02971;Non-Akademik;Seni & Budaya;Tingkat Kampus;Juara 1;2025;Perguruan Tinggi;8
MHS02971;Non-Akademik;Keagamaan;Tingkat Nasional;Juara 2;2025;Komunitas/Organisasi;8
MHS02971;Non-Akademik;Sosial & Kemasyarakatan;Tingkat Lokal/Wilayah;Juara 1;2025;Perusahaan/Swasta;8
MHS02971;Non-Akademik;Seni & Budaya;Tingkat Kampus;Juara 1;2026;Perguruan Tinggi;8
MHS02971;Non-Akademik;Keagamaan;Tingkat Kampus;Juara 2;2026;Pemerintah Daerah;8
MHS02972;Akademik;Debat & Karya Tulis;Tingkat Kampus;Finalis;2025;Pemerintah Daerah;1
MHS02974;Akademik;Olahraga;Tingkat Lokal/Wilayah;Juara 1;2022;Pemerintah Daerah;1
MHS02975;Akademik;Sains & Teknologi;Tingkat Lokal/Wilayah;Finalis;2024;Perguruan Tinggi;1
MHS02977;Non-Akademik;Kewirausahaan;Tingkat Nasional;Juara 2;2023;Pemerintah Daerah;3
MHS02977;Non-Akademik;Seni & Budaya;Tingkat Nasional;Finalis;2024;Komunitas/Organisasi;3
MHS02977;Non-Akademik;Seni & Budaya;Tingkat Nasional;Peserta;2025;Pemerintah Daerah;3
MHS02978;Non-Akademik;Olahraga;Tingkat Kampus;Peserta;2024;Pemerintah Daerah;1
MHS02979;Akademik;Olahraga;Tingkat Kampus;Finalis;2024;Kemendikbudristek;2
MHS02979;Akademik;Sains & Teknologi;Tingkat Nasional;Juara 2;2025;Perusahaan/Swasta;2
MHS02981;Akademik;Sains & Teknologi;Tingkat Kampus;Peserta;2025;Kemendikbudristek;3
MHS02981;Non-Akademik;Olahraga;Tingkat Internasional;Finalis;2026;Perusahaan/Swasta;3
MHS02981;Akademik;Debat & Karya Tulis;Tingkat Lokal/Wilayah;Juara 3;2026;Perguruan Tinggi;3
MHS02983;Akademik;Sains & Teknologi;Tingkat Lokal/Wilayah;Juara 3;2022;Komunitas/Organisasi;8
MHS02983;Non-Akademik;Olahraga;Tingkat Internasional;Finalis;2022;Pemerintah Daerah;8
MHS02983;Non-Akademik;Sosial & Kemasyarakatan;Tingkat Internasional;Juara 3;2022;Kemendikbudristek;8
MHS02983;Non-Akademik;Olahraga;Tingkat Kampus;Juara 1;2022;Komunitas/Organisasi;8
MHS02983;Akademik;Kewirausahaan;Tingkat Nasional;Juara 1;2023;Komunitas/Organisasi;8
MHS02983;Akademik;Sains & Teknologi;Tingkat Lokal/Wilayah;Juara 2;2024;Perusahaan/Swasta;8
MHS02983;Non-Akademik;Olahraga;Tingkat Lokal/Wilayah;Juara 3;2024;Perguruan Tinggi;8
MHS02983;Non-Akademik;Kewirausahaan;Tingkat Lokal/Wilayah;Peserta;2025;Perguruan Tinggi;8
MHS02984;Non-Akademik;Seni & Budaya;Tingkat Lokal/Wilayah;Peserta;2026;Pemerintah Daerah;1
MHS02985;Non-Akademik;Seni & Budaya;Tingkat Kampus;Juara 1;2025;Perguruan Tinggi;1
MHS02986;Akademik;Debat & Karya Tulis;Tingkat Kampus;Peserta;2025;Komunitas/Organisasi;2
MHS02986;Non-Akademik;Kewirausahaan;Tingkat Kampus;Peserta;2025;Perguruan Tinggi;2
MHS02987;Non-Akademik;Kewirausahaan;Tingkat Nasional;Juara 2;2021;Pemerintah Daerah;7
MHS02987;Akademik;Debat & Karya Tulis;Tingkat Nasional;Peserta;2022;Komunitas/Organisasi;7
MHS02987;Non-Akademik;Keagamaan;Tingkat Lokal/Wilayah;Juara 3;2022;Perusahaan/Swasta;7
MHS02987;Non-Akademik;Kewirausahaan;Tingkat Lokal/Wilayah;Finalis;2023;Kemendikbudristek;7
MHS02987;Akademik;Kewirausahaan;Tingkat Nasional;Juara 3;2024;Pemerintah Daerah;7
MHS02987;Non-Akademik;Olahraga;Tingkat Nasional;Juara 1;2024;Komunitas/Organisasi;7
MHS02987;Akademik;Sains & Teknologi;Tingkat Nasional;Juara 2;2025;Perusahaan/Swasta;7
MHS02988;Akademik;Kewirausahaan;Tingkat Lokal/Wilayah;Finalis;2022;Kemendikbudristek;3
MHS02988;Akademik;Sains & Teknologi;Tingkat Nasional;Finalis;2023;Pemerintah Daerah;3
MHS02988;Non-Akademik;Kewirausahaan;Tingkat Kampus;Peserta;2023;Perusahaan/Swasta;3
MHS02989;Non-Akademik;Seni & Budaya;Tingkat Nasional;Juara 3;2026;Perguruan Tinggi;2
MHS02989;Akademik;Debat & Karya Tulis;Tingkat Lokal/Wilayah;Peserta;2026;Perguruan Tinggi;2
MHS02990;Akademik;Debat & Karya Tulis;Tingkat Kampus;Finalis;2025;Kemendikbudristek;1
MHS02992;Akademik;Sains & Teknologi;Tingkat Nasional;Finalis;2026;Pemerintah Daerah;1
MHS02994;Akademik;Seni & Budaya;Tingkat Kampus;Peserta;2025;Pemerintah Daerah;1
MHS02998;Akademik;Sains & Teknologi;Tingkat Lokal/Wilayah;Juara 2;2024;Kemendikbudristek;3
MHS02998;Akademik;Debat & Karya Tulis;Tingkat Kampus;Peserta;2025;Pemerintah Daerah;3
MHS02998;Akademik;Sains & Teknologi;Tingkat Lokal/Wilayah;Juara 2;2025;Pemerintah Daerah;3
MHS03000;Akademik;Kewirausahaan;Tingkat Lokal/Wilayah;Finalis;2023;Perguruan Tinggi;1
MHS03003;Non-Akademik;Seni & Budaya;Tingkat Internasional;Finalis;2026;Perusahaan/Swasta;1
MHS03006;Non-Akademik;Olahraga;Tingkat Lokal/Wilayah;Finalis;2024;Pemerintah Daerah;1
MHS03007;Akademik;Sains & Teknologi;Tingkat Lokal/Wilayah;Juara 2;2023;Kemendikbudristek;5
MHS03007;Akademik;Olahraga;Tingkat Lokal/Wilayah;Finalis;2023;Pemerintah Daerah;5
MHS03007;Non-Akademik;Kewirausahaan;Tingkat Kampus;Finalis;2024;Pemerintah Daerah;5
MHS03007;Akademik;Debat & Karya Tulis;Tingkat Lokal/Wilayah;Juara 3;2026;Kemendikbudristek;5
MHS03007;Akademik;Debat & Karya Tulis;Tingkat Kampus;Juara 1;2026;Perusahaan/Swasta;5
MHS03009;Non-Akademik;Olahraga;Tingkat Lokal/Wilayah;Finalis;2024;Komunitas/Organisasi;2
MHS03009;Non-Akademik;Seni & Budaya;Tingkat Lokal/Wilayah;Finalis;2026;Perguruan Tinggi;2
MHS03012;Akademik;Debat & Karya Tulis;Tingkat Lokal/Wilayah;Juara 3;2021;Komunitas/Organisasi;8
MHS03012;Akademik;Sains & Teknologi;Tingkat Kampus;Peserta;2022;Komunitas/Organisasi;8
MHS03012;Non-Akademik;Olahraga;Tingkat Internasional;Juara 2;2023;Kemendikbudristek;8
MHS03012;Akademik;Keagamaan;Tingkat Internasional;Juara 3;2024;Pemerintah Daerah;8
MHS03012;Non-Akademik;Keagamaan;Tingkat Kampus;Finalis;2024;Pemerintah Daerah;8
MHS03012;Akademik;Debat & Karya Tulis;Tingkat Nasional;Peserta;2025;Perusahaan/Swasta;8
MHS03012;Non-Akademik;Kewirausahaan;Tingkat Nasional;Juara 3;2025;Kemendikbudristek;8
MHS03012;Akademik;Kewirausahaan;Tingkat Nasional;Finalis;2025;Perusahaan/Swasta;8
MHS03014;Akademik;Sains & Teknologi;Tingkat Kampus;Finalis;2023;Kemendikbudristek;3
MHS03014;Non-Akademik;Olahraga;Tingkat Internasional;Juara 1;2024;Kemendikbudristek;3
MHS03014;Non-Akademik;Sosial & Kemasyarakatan;Tingkat Lokal/Wilayah;Finalis;2024;Pemerintah Daerah;3
MHS03015;Non-Akademik;Seni & Budaya;Tingkat Nasional;Juara 3;2020;Perusahaan/Swasta;5
MHS03015;Non-Akademik;Seni & Budaya;Tingkat Kampus;Peserta;2020;Pemerintah Daerah;5
MHS03015;Akademik;Sains & Teknologi;Tingkat Lokal/Wilayah;Peserta;2021;Perusahaan/Swasta;5
MHS03015;Akademik;Sains & Teknologi;Tingkat Lokal/Wilayah;Finalis;2023;Pemerintah Daerah;5
MHS03015;Non-Akademik;Sosial & Kemasyarakatan;Tingkat Nasional;Finalis;2024;Perusahaan/Swasta;5
MHS03016;Akademik;Sains & Teknologi;Tingkat Kampus;Peserta;2022;Kemendikbudristek;4
MHS03016;Non-Akademik;Olahraga;Tingkat Nasional;Peserta;2022;Perguruan Tinggi;4
MHS03016;Akademik;Debat & Karya Tulis;Tingkat Nasional;Juara 3;2022;Perusahaan/Swasta;4
MHS03016;Non-Akademik;Kewirausahaan;Tingkat Kampus;Peserta;2024;Perguruan Tinggi;4
MHS03017;Akademik;Sains & Teknologi;Tingkat Lokal/Wilayah;Peserta;2026;Pemerintah Daerah;1
MHS03018;Non-Akademik;Sosial & Kemasyarakatan;Tingkat Lokal/Wilayah;Peserta;2025;Perguruan Tinggi;3
MHS03018;Non-Akademik;Sosial & Kemasyarakatan;Tingkat Lokal/Wilayah;Finalis;2026;Perguruan Tinggi;3
MHS03018;Akademik;Debat & Karya Tulis;Tingkat Lokal/Wilayah;Juara 1;2026;Kemendikbudristek;3
MHS03019;Non-Akademik;Seni & Budaya;Tingkat Lokal/Wilayah;Juara 2;2026;Komunitas/Organisasi;1
MHS03020;Non-Akademik;Kewirausahaan;Tingkat Internasional;Juara 1;2025;Komunitas/Organisasi;8
MHS03020;Non-Akademik;Kewirausahaan;Tingkat Lokal/Wilayah;Juara 3;2025;Komunitas/Organisasi;8
MHS03020;Akademik;Seni & Budaya;Tingkat Kampus;Peserta;2025;Kemendikbudristek;8
MHS03020;Akademik;Debat & Karya Tulis;Tingkat Lokal/Wilayah;Finalis;2025;Pemerintah Daerah;8
MHS03020;Non-Akademik;Kewirausahaan;Tingkat Nasional;Finalis;2026;Kemendikbudristek;8
MHS03020;Akademik;Debat & Karya Tulis;Tingkat Kampus;Juara 2;2026;Perguruan Tinggi;8
MHS03020;Non-Akademik;Olahraga;Tingkat Lokal/Wilayah;Juara 1;2026;Pemerintah Daerah;8
MHS03020;Akademik;Debat & Karya Tulis;Tingkat Kampus;Juara 1;2026;Perusahaan/Swasta;8
MHS03021;Non-Akademik;Seni & Budaya;Tingkat Kampus;Juara 1;2023;Pemerintah Daerah;1
MHS03022;Non-Akademik;Keagamaan;Tingkat Lokal/Wilayah;Peserta;2023;Perusahaan/Swasta;3
MHS03022;Akademik;Sains & Teknologi;Tingkat Internasional;Juara 2;2024;Pemerintah Daerah;3
MHS03022;Non-Akademik;Olahraga;Tingkat Kampus;Juara 1;2024;Komunitas/Organisasi;3
MHS03025;Non-Akademik;Olahraga;Tingkat Kampus;Juara 2;2023;Perusahaan/Swasta;4
MHS03025;Akademik;Seni & Budaya;Tingkat Nasional;Juara 2;2023;Perusahaan/Swasta;4
MHS03025;Akademik;Seni & Budaya;Tingkat Kampus;Juara 3;2023;Pemerintah Daerah;4
MHS03025;Akademik;Sains & Teknologi;Tingkat Nasional;Juara 3;2024;Perguruan Tinggi;4
MHS03026;Akademik;Sosial & Kemasyarakatan;Tingkat Kampus;Juara 1;2023;Kemendikbudristek;8
MHS03026;Non-Akademik;Sosial & Kemasyarakatan;Tingkat Lokal/Wilayah;Juara 3;2023;Kemendikbudristek;8
MHS03026;Non-Akademik;Olahraga;Tingkat Nasional;Juara 2;2025;Perusahaan/Swasta;8
MHS03026;Non-Akademik;Kewirausahaan;Tingkat Nasional;Juara 3;2025;Pemerintah Daerah;8
MHS03026;Non-Akademik;Olahraga;Tingkat Kampus;Juara 2;2025;Komunitas/Organisasi;8
MHS03026;Akademik;Sains & Teknologi;Tingkat Nasional;Juara 3;2025;Pemerintah Daerah;8
MHS03026;Non-Akademik;Kewirausahaan;Tingkat Nasional;Juara 2;2025;Perguruan Tinggi;8
MHS03026;Non-Akademik;Sosial & Kemasyarakatan;Tingkat Nasional;Juara 1;2026;Perusahaan/Swasta;8
MHS03029;Akademik;Sains & Teknologi;Tingkat Kampus;Juara 2;2024;Pemerintah Daerah;1
MHS03030;Akademik;Sains & Teknologi;Tingkat Kampus;Finalis;2023;Perguruan Tinggi;1
MHS03032;Akademik;Debat & Karya Tulis;Tingkat Nasional;Peserta;2024;Komunitas/Organisasi;5
MHS03032;Akademik;Seni & Budaya;Tingkat Lokal/Wilayah;Juara 1;2024;Komunitas/Organisasi;5
MHS03032;Akademik;Sosial & Kemasyarakatan;Tingkat Lokal/Wilayah;Juara 1;2024;Komunitas/Organisasi;5
MHS03032;Non-Akademik;Sosial & Kemasyarakatan;Tingkat Lokal/Wilayah;Juara 1;2025;Komunitas/Organisasi;5
MHS03032;Akademik;Seni & Budaya;Tingkat Lokal/Wilayah;Finalis;2025;Kemendikbudristek;5
MHS03033;Akademik;Debat & Karya Tulis;Tingkat Nasional;Juara 2;2023;Komunitas/Organisasi;2
MHS03033;Akademik;Debat & Karya Tulis;Tingkat Lokal/Wilayah;Juara 2;2023;Komunitas/Organisasi;2
MHS03035;Non-Akademik;Olahraga;Tingkat Kampus;Finalis;2025;Perguruan Tinggi;1
MHS03037;Non-Akademik;Sosial & Kemasyarakatan;Tingkat Nasional;Finalis;2022;Komunitas/Organisasi;1
MHS03040;Non-Akademik;Seni & Budaya;Tingkat Kampus;Peserta;2026;Kemendikbudristek;1
MHS03041;Non-Akademik;Seni & Budaya;Tingkat Kampus;Juara 3;2023;Perusahaan/Swasta;1
MHS03042;Akademik;Sains & Teknologi;Tingkat Nasional;Juara 3;2021;Perguruan Tinggi;8
MHS03042;Akademik;Sains & Teknologi;Tingkat Nasional;Peserta;2022;Pemerintah Daerah;8
MHS03042;Non-Akademik;Sosial & Kemasyarakatan;Tingkat Lokal/Wilayah;Juara 1;2022;Perusahaan/Swasta;8
MHS03042;Non-Akademik;Seni & Budaya;Tingkat Nasional;Juara 3;2022;Kemendikbudristek;8
MHS03042;Non-Akademik;Seni & Budaya;Tingkat Internasional;Juara 3;2022;Pemerintah Daerah;8
MHS03042;Akademik;Debat & Karya Tulis;Tingkat Lokal/Wilayah;Juara 1;2023;Komunitas/Organisasi;8
MHS03042;Non-Akademik;Keagamaan;Tingkat Internasional;Finalis;2024;Kemendikbudristek;8
MHS03042;Non-Akademik;Sosial & Kemasyarakatan;Tingkat Nasional;Juara 1;2024;Pemerintah Daerah;8
MHS03043;Non-Akademik;Kewirausahaan;Tingkat Nasional;Juara 3;2024;Komunitas/Organisasi;5
MHS03043;Non-Akademik;Sosial & Kemasyarakatan;Tingkat Lokal/Wilayah;Finalis;2025;Pemerintah Daerah;5
MHS03043;Akademik;Debat & Karya Tulis;Tingkat Lokal/Wilayah;Juara 1;2025;Kemendikbudristek;5
MHS03043;Non-Akademik;Olahraga;Tingkat Kampus;Juara 2;2025;Perguruan Tinggi;5
MHS03043;Akademik;Sains & Teknologi;Tingkat Lokal/Wilayah;Juara 1;2025;Pemerintah Daerah;5
MHS03048;Akademik;Debat & Karya Tulis;Tingkat Lokal/Wilayah;Peserta;2026;Perguruan Tinggi;1
MHS03049;Non-Akademik;Kewirausahaan;Tingkat Lokal/Wilayah;Juara 3;2026;Pemerintah Daerah;1
MHS03051;Non-Akademik;Seni & Budaya;Tingkat Internasional;Juara 1;2021;Kemendikbudristek;3
MHS03051;Akademik;Debat & Karya Tulis;Tingkat Kampus;Juara 3;2021;Perusahaan/Swasta;3
MHS03051;Non-Akademik;Sosial & Kemasyarakatan;Tingkat Lokal/Wilayah;Juara 2;2024;Kemendikbudristek;3
MHS03053;Akademik;Sains & Teknologi;Tingkat Kampus;Juara 3;2025;Komunitas/Organisasi;1
MHS03055;Non-Akademik;Seni & Budaya;Tingkat Lokal/Wilayah;Finalis;2026;Perusahaan/Swasta;1
MHS03056;Akademik;Debat & Karya Tulis;Tingkat Nasional;Finalis;2023;Perguruan Tinggi;2
MHS03056;Akademik;Sains & Teknologi;Tingkat Internasional;Peserta;2025;Pemerintah Daerah;2
MHS03057;Non-Akademik;Sosial & Kemasyarakatan;Tingkat Kampus;Juara 1;2024;Perusahaan/Swasta;1
MHS03058;Non-Akademik;Sosial & Kemasyarakatan;Tingkat Kampus;Peserta;2024;Pemerintah Daerah;4
MHS03058;Non-Akademik;Keagamaan;Tingkat Kampus;Juara 1;2024;Pemerintah Daerah;4
MHS03058;Non-Akademik;Kewirausahaan;Tingkat Kampus;Juara 2;2024;Pemerintah Daerah;4
MHS03058;Non-Akademik;Keagamaan;Tingkat Internasional;Juara 3;2025;Perusahaan/Swasta;4
MHS03060;Akademik;Olahraga;Tingkat Kampus;Peserta;2021;Pemerintah Daerah;4
MHS03060;Akademik;Debat & Karya Tulis;Tingkat Kampus;Peserta;2021;Perguruan Tinggi;4
MHS03060;Akademik;Sains & Teknologi;Tingkat Nasional;Finalis;2023;Kemendikbudristek;4
MHS03060;Non-Akademik;Sosial & Kemasyarakatan;Tingkat Kampus;Juara 1;2025;Pemerintah Daerah;4
MHS03062;Non-Akademik;Kewirausahaan;Tingkat Internasional;Juara 1;2023;Komunitas/Organisasi;2
MHS03062;Akademik;Debat & Karya Tulis;Tingkat Kampus;Juara 3;2025;Perguruan Tinggi;2
MHS03068;Non-Akademik;Olahraga;Tingkat Kampus;Juara 1;2025;Kemendikbudristek;1
MHS03071;Akademik;Sains & Teknologi;Tingkat Lokal/Wilayah;Finalis;2023;Perusahaan/Swasta;1
MHS03073;Akademik;Debat & Karya Tulis;Tingkat Kampus;Juara 3;2024;Perguruan Tinggi;2
MHS03073;Akademik;Debat & Karya Tulis;Tingkat Lokal/Wilayah;Juara 2;2026;Perusahaan/Swasta;2
MHS03074;Non-Akademik;Seni & Budaya;Tingkat Nasional;Peserta;2023;Perguruan Tinggi;2
MHS03074;Non-Akademik;Olahraga;Tingkat Kampus;Finalis;2024;Kemendikbudristek;2
MHS03076;Akademik;Sains & Teknologi;Tingkat Kampus;Juara 1;2022;Perusahaan/Swasta;1
MHS03078;Akademik;Sains & Teknologi;Tingkat Lokal/Wilayah;Finalis;2026;Perguruan Tinggi;2
MHS03078;Non-Akademik;Sosial & Kemasyarakatan;Tingkat Lokal/Wilayah;Finalis;2026;Kemendikbudristek;2
MHS03080;Non-Akademik;Sosial & Kemasyarakatan;Tingkat Lokal/Wilayah;Peserta;2024;Komunitas/Organisasi;2
MHS03080;Akademik;Seni & Budaya;Tingkat Nasional;Juara 1;2026;Pemerintah Daerah;2
MHS03082;Akademik;Kewirausahaan;Tingkat Lokal/Wilayah;Finalis;2025;Komunitas/Organisasi;1
MHS03083;Akademik;Debat & Karya Tulis;Tingkat Lokal/Wilayah;Juara 3;2026;Perguruan Tinggi;1
MHS03084;Akademik;Debat & Karya Tulis;Tingkat Lokal/Wilayah;Peserta;2024;Perusahaan/Swasta;4
MHS03084;Akademik;Olahraga;Tingkat Lokal/Wilayah;Juara 3;2024;Komunitas/Organisasi;4
MHS03084;Non-Akademik;Olahraga;Tingkat Kampus;Peserta;2024;Komunitas/Organisasi;4
MHS03084;Akademik;Debat & Karya Tulis;Tingkat Lokal/Wilayah;Peserta;2026;Komunitas/Organisasi;4
MHS03087;Akademik;Keagamaan;Tingkat Kampus;Juara 3;2024;Perusahaan/Swasta;3
MHS03087;Akademik;Kewirausahaan;Tingkat Kampus;Peserta;2024;Komunitas/Organisasi;3
MHS03087;Akademik;Sosial & Kemasyarakatan;Tingkat Nasional;Juara 3;2026;Pemerintah Daerah;3
MHS03088;Non-Akademik;Keagamaan;Tingkat Kampus;Finalis;2022;Perusahaan/Swasta;2
MHS03088;Akademik;Sains & Teknologi;Tingkat Kampus;Finalis;2025;Perusahaan/Swasta;2
MHS03089;Akademik;Sains & Teknologi;Tingkat Kampus;Peserta;2023;Perguruan Tinggi;1
MHS03090;Non-Akademik;Seni & Budaya;Tingkat Kampus;Peserta;2023;Kemendikbudristek;1
MHS03094;Non-Akademik;Sosial & Kemasyarakatan;Tingkat Kampus;Finalis;2021;Perguruan Tinggi;3
MHS03094;Non-Akademik;Olahraga;Tingkat Kampus;Peserta;2022;Perusahaan/Swasta;3
MHS03094;Akademik;Debat & Karya Tulis;Tingkat Lokal/Wilayah;Peserta;2023;Perguruan Tinggi;3
MHS03096;Non-Akademik;Sosial & Kemasyarakatan;Tingkat Lokal/Wilayah;Peserta;2022;Komunitas/Organisasi;2
MHS03096;Akademik;Sains & Teknologi;Tingkat Kampus;Finalis;2024;Perusahaan/Swasta;2
MHS03101;Akademik;Sosial & Kemasyarakatan;Tingkat Lokal/Wilayah;Juara 3;2023;Kemendikbudristek;4
MHS03101;Non-Akademik;Olahraga;Tingkat Nasional;Finalis;2025;Pemerintah Daerah;4
MHS03101;Non-Akademik;Kewirausahaan;Tingkat Lokal/Wilayah;Juara 2;2025;Pemerintah Daerah;4
MHS03101;Akademik;Debat & Karya Tulis;Tingkat Lokal/Wilayah;Finalis;2025;Perguruan Tinggi;4
MHS03103;Akademik;Debat & Karya Tulis;Tingkat Lokal/Wilayah;Juara 2;2025;Komunitas/Organisasi;1
MHS03104;Non-Akademik;Seni & Budaya;Tingkat Kampus;Finalis;2024;Perguruan Tinggi;1
MHS03105;Akademik;Debat & Karya Tulis;Tingkat Kampus;Juara 3;2021;Perguruan Tinggi;1
MHS03106;Non-Akademik;Keagamaan;Tingkat Kampus;Peserta;2023;Perguruan Tinggi;1
MHS03107;Non-Akademik;Keagamaan;Tingkat Lokal/Wilayah;Peserta;2025;Komunitas/Organisasi;2
MHS03107;Non-Akademik;Kewirausahaan;Tingkat Nasional;Peserta;2025;Perguruan Tinggi;2
MHS03110;Akademik;Sains & Teknologi;Tingkat Nasional;Juara 1;2024;Komunitas/Organisasi;1
MHS03111;Non-Akademik;Kewirausahaan;Tingkat Nasional;Juara 2;2025;Perguruan Tinggi;1
MHS03112;Akademik;Sains & Teknologi;Tingkat Nasional;Juara 3;2024;Perusahaan/Swasta;1
MHS03114;Akademik;Debat & Karya Tulis;Tingkat Kampus;Peserta;2024;Pemerintah Daerah;1
MHS03115;Akademik;Debat & Karya Tulis;Tingkat Lokal/Wilayah;Juara 3;2022;Komunitas/Organisasi;2
MHS03115;Akademik;Kewirausahaan;Tingkat Lokal/Wilayah;Juara 2;2026;Pemerintah Daerah;2
MHS03116;Akademik;Sains & Teknologi;Tingkat Lokal/Wilayah;Finalis;2025;Perguruan Tinggi;2
MHS03116;Non-Akademik;Seni & Budaya;Tingkat Lokal/Wilayah;Juara 2;2026;Kemendikbudristek;2
MHS03117;Non-Akademik;Keagamaan;Tingkat Lokal/Wilayah;Juara 3;2022;Kemendikbudristek;2
MHS03117;Akademik;Sains & Teknologi;Tingkat Nasional;Peserta;2022;Perusahaan/Swasta;2
MHS03119;Non-Akademik;Olahraga;Tingkat Kampus;Peserta;2025;Kemendikbudristek;2
MHS03119;Non-Akademik;Olahraga;Tingkat Lokal/Wilayah;Peserta;2026;Pemerintah Daerah;2
MHS03120;Non-Akademik;Olahraga;Tingkat Nasional;Finalis;2025;Komunitas/Organisasi;1
MHS03121;Akademik;Debat & Karya Tulis;Tingkat Kampus;Finalis;2026;Kemendikbudristek;1
MHS03124;Akademik;Debat & Karya Tulis;Tingkat Kampus;Juara 3;2026;Pemerintah Daerah;1
MHS03126;Non-Akademik;Seni & Budaya;Tingkat Nasional;Finalis;2023;Perguruan Tinggi;3
MHS03126;Akademik;Olahraga;Tingkat Kampus;Finalis;2024;Perusahaan/Swasta;3
MHS03126;Akademik;Debat & Karya Tulis;Tingkat Lokal/Wilayah;Finalis;2026;Perguruan Tinggi;3
MHS03128;Akademik;Debat & Karya Tulis;Tingkat Kampus;Finalis;2025;Kemendikbudristek;2
MHS03128;Akademik;Debat & Karya Tulis;Tingkat Nasional;Finalis;2025;Perusahaan/Swasta;2
MHS03129;Akademik;Sains & Teknologi;Tingkat Kampus;Juara 3;2025;Perusahaan/Swasta;1
MHS03131;Akademik;Sains & Teknologi;Tingkat Kampus;Finalis;2024;Perguruan Tinggi;3
MHS03131;Akademik;Debat & Karya Tulis;Tingkat Lokal/Wilayah;Juara 3;2024;Pemerintah Daerah;3
MHS03131;Akademik;Debat & Karya Tulis;Tingkat Lokal/Wilayah;Juara 1;2026;Komunitas/Organisasi;3
MHS03132;Non-Akademik;Sosial & Kemasyarakatan;Tingkat Kampus;Juara 2;2025;Perguruan Tinggi;1
MHS03133;Non-Akademik;Sosial & Kemasyarakatan;Tingkat Nasional;Juara 3;2024;Pemerintah Daerah;3
MHS03133;Akademik;Debat & Karya Tulis;Tingkat Nasional;Juara 2;2025;Perguruan Tinggi;3
MHS03133;Non-Akademik;Keagamaan;Tingkat Kampus;Peserta;2025;Perguruan Tinggi;3
MHS03134;Non-Akademik;Seni & Budaya;Tingkat Lokal/Wilayah;Juara 2;2025;Kemendikbudristek;1
MHS03137;Non-Akademik;Sosial & Kemasyarakatan;Tingkat Lokal/Wilayah;Juara 1;2022;Perguruan Tinggi;8
MHS03137;Non-Akademik;Seni & Budaya;Tingkat Lokal/Wilayah;Juara 1;2022;Perguruan Tinggi;8
MHS03137;Non-Akademik;Kewirausahaan;Tingkat Kampus;Juara 2;2023;Perusahaan/Swasta;8
MHS03137;Non-Akademik;Olahraga;Tingkat Lokal/Wilayah;Juara 1;2023;Komunitas/Organisasi;8
MHS03137;Non-Akademik;Kewirausahaan;Tingkat Nasional;Peserta;2024;Komunitas/Organisasi;8
MHS03137;Non-Akademik;Olahraga;Tingkat Kampus;Juara 3;2024;Komunitas/Organisasi;8
MHS03137;Akademik;Olahraga;Tingkat Kampus;Finalis;2024;Kemendikbudristek;8
MHS03137;Non-Akademik;Sosial & Kemasyarakatan;Tingkat Internasional;Juara 1;2025;Kemendikbudristek;8
MHS03138;Akademik;Debat & Karya Tulis;Tingkat Internasional;Peserta;2023;Perusahaan/Swasta;1
MHS03140;Akademik;Sains & Teknologi;Tingkat Kampus;Finalis;2020;Perusahaan/Swasta;1
MHS03141;Akademik;Sains & Teknologi;Tingkat Lokal/Wilayah;Peserta;2022;Pemerintah Daerah;3
MHS03141;Akademik;Sains & Teknologi;Tingkat Lokal/Wilayah;Peserta;2023;Komunitas/Organisasi;3
MHS03141;Non-Akademik;Sosial & Kemasyarakatan;Tingkat Nasional;Juara 3;2023;Komunitas/Organisasi;3
MHS03142;Non-Akademik;Keagamaan;Tingkat Kampus;Peserta;2022;Kemendikbudristek;1
MHS03143;Akademik;Sosial & Kemasyarakatan;Tingkat Kampus;Peserta;2023;Pemerintah Daerah;3
MHS03143;Akademik;Seni & Budaya;Tingkat Kampus;Peserta;2025;Kemendikbudristek;3
MHS03143;Non-Akademik;Sosial & Kemasyarakatan;Tingkat Lokal/Wilayah;Peserta;2025;Kemendikbudristek;3
MHS03145;Non-Akademik;Keagamaan;Tingkat Kampus;Finalis;2025;Perguruan Tinggi;1
MHS03148;Non-Akademik;Olahraga;Tingkat Kampus;Juara 3;2025;Perusahaan/Swasta;2
MHS03148;Non-Akademik;Keagamaan;Tingkat Kampus;Juara 3;2025;Kemendikbudristek;2
MHS03151;Non-Akademik;Keagamaan;Tingkat Kampus;Finalis;2022;Pemerintah Daerah;1
MHS03153;Akademik;Sains & Teknologi;Tingkat Kampus;Peserta;2023;Perusahaan/Swasta;2
MHS03153;Non-Akademik;Olahraga;Tingkat Nasional;Juara 2;2024;Pemerintah Daerah;2
MHS03155;Akademik;Debat & Karya Tulis;Tingkat Kampus;Peserta;2023;Perusahaan/Swasta;4
MHS03155;Non-Akademik;Seni & Budaya;Tingkat Kampus;Juara 3;2023;Perusahaan/Swasta;4
MHS03155;Akademik;Debat & Karya Tulis;Tingkat Kampus;Juara 2;2025;Perusahaan/Swasta;4
MHS03155;Akademik;Sains & Teknologi;Tingkat Kampus;Juara 1;2025;Pemerintah Daerah;4
MHS03158;Non-Akademik;Olahraga;Tingkat Kampus;Peserta;2024;Perusahaan/Swasta;1
MHS03159;Non-Akademik;Keagamaan;Tingkat Kampus;Juara 1;2021;Komunitas/Organisasi;1
MHS03162;Akademik;Seni & Budaya;Tingkat Kampus;Peserta;2025;Kemendikbudristek;3
MHS03162;Non-Akademik;Kewirausahaan;Tingkat Kampus;Juara 3;2026;Perusahaan/Swasta;3
MHS03162;Akademik;Debat & Karya Tulis;Tingkat Lokal/Wilayah;Peserta;2026;Komunitas/Organisasi;3
MHS03164;Akademik;Debat & Karya Tulis;Tingkat Nasional;Juara 3;2022;Pemerintah Daerah;8
MHS03164;Akademik;Olahraga;Tingkat Kampus;Peserta;2022;Pemerintah Daerah;8
MHS03164;Non-Akademik;Seni & Budaya;Tingkat Lokal/Wilayah;Finalis;2022;Pemerintah Daerah;8
MHS03164;Akademik;Sosial & Kemasyarakatan;Tingkat Nasional;Finalis;2024;Kemendikbudristek;8
MHS03164;Akademik;Sosial & Kemasyarakatan;Tingkat Kampus;Peserta;2024;Komunitas/Organisasi;8
MHS03164;Non-Akademik;Olahraga;Tingkat Kampus;Peserta;2025;Perusahaan/Swasta;8
MHS03164;Non-Akademik;Sosial & Kemasyarakatan;Tingkat Nasional;Juara 1;2025;Kemendikbudristek;8
MHS03164;Non-Akademik;Sosial & Kemasyarakatan;Tingkat Nasional;Juara 2;2026;Komunitas/Organisasi;8
MHS03166;Non-Akademik;Seni & Budaya;Tingkat Kampus;Juara 1;2025;Perusahaan/Swasta;2
MHS03166;Non-Akademik;Sosial & Kemasyarakatan;Tingkat Lokal/Wilayah;Juara 1;2025;Komunitas/Organisasi;2
MHS03167;Non-Akademik;Seni & Budaya;Tingkat Kampus;Finalis;2024;Perusahaan/Swasta;1
MHS03170;Akademik;Sains & Teknologi;Tingkat Lokal/Wilayah;Finalis;2024;Perguruan Tinggi;1
MHS03171;Akademik;Sains & Teknologi;Tingkat Kampus;Juara 1;2025;Perguruan Tinggi;1
MHS03173;Non-Akademik;Kewirausahaan;Tingkat Lokal/Wilayah;Peserta;2022;Perusahaan/Swasta;1
MHS03174;Akademik;Olahraga;Tingkat Kampus;Finalis;2025;Komunitas/Organisasi;2
MHS03174;Akademik;Sosial & Kemasyarakatan;Tingkat Kampus;Finalis;2025;Komunitas/Organisasi;2
MHS03177;Akademik;Olahraga;Tingkat Kampus;Juara 1;2026;Perusahaan/Swasta;1
MHS03179;Akademik;Seni & Budaya;Tingkat Nasional;Juara 1;2023;Komunitas/Organisasi;1
MHS03180;Akademik;Olahraga;Tingkat Kampus;Juara 1;2024;Pemerintah Daerah;1
MHS03182;Non-Akademik;Seni & Budaya;Tingkat Lokal/Wilayah;Juara 2;2023;Pemerintah Daerah;2
MHS03182;Akademik;Sains & Teknologi;Tingkat Lokal/Wilayah;Juara 3;2025;Perusahaan/Swasta;2
MHS03184;Non-Akademik;Kewirausahaan;Tingkat Nasional;Juara 3;2025;Kemendikbudristek;2
MHS03184;Non-Akademik;Sosial & Kemasyarakatan;Tingkat Nasional;Juara 2;2026;Perguruan Tinggi;2
MHS03185;Akademik;Debat & Karya Tulis;Tingkat Nasional;Finalis;2026;Komunitas/Organisasi;1
MHS03186;Non-Akademik;Kewirausahaan;Tingkat Lokal/Wilayah;Juara 2;2022;Komunitas/Organisasi;8
MHS03186;Akademik;Debat & Karya Tulis;Tingkat Kampus;Finalis;2023;Kemendikbudristek;8
MHS03186;Non-Akademik;Kewirausahaan;Tingkat Lokal/Wilayah;Finalis;2023;Perusahaan/Swasta;8
MHS03186;Akademik;Sains & Teknologi;Tingkat Kampus;Peserta;2023;Perusahaan/Swasta;8
MHS03186;Akademik;Debat & Karya Tulis;Tingkat Lokal/Wilayah;Juara 3;2024;Perguruan Tinggi;8
MHS03186;Akademik;Kewirausahaan;Tingkat Kampus;Peserta;2024;Kemendikbudristek;8
MHS03186;Non-Akademik;Sosial & Kemasyarakatan;Tingkat Kampus;Juara 1;2026;Pemerintah Daerah;8
MHS03186;Akademik;Debat & Karya Tulis;Tingkat Nasional;Finalis;2026;Pemerintah Daerah;8
MHS03187;Non-Akademik;Keagamaan;Tingkat Internasional;Juara 1;2023;Perusahaan/Swasta;8
MHS03187;Akademik;Debat & Karya Tulis;Tingkat Lokal/Wilayah;Juara 2;2024;Kemendikbudristek;8
MHS03187;Akademik;Debat & Karya Tulis;Tingkat Kampus;Juara 3;2024;Komunitas/Organisasi;8
MHS03187;Akademik;Sains & Teknologi;Tingkat Lokal/Wilayah;Juara 2;2025;Pemerintah Daerah;8
MHS03187;Akademik;Sains & Teknologi;Tingkat Lokal/Wilayah;Peserta;2025;Komunitas/Organisasi;8
MHS03187;Non-Akademik;Keagamaan;Tingkat Kampus;Juara 2;2025;Perusahaan/Swasta;8
MHS03187;Akademik;Sains & Teknologi;Tingkat Nasional;Peserta;2025;Perusahaan/Swasta;8
MHS03187;Non-Akademik;Keagamaan;Tingkat Lokal/Wilayah;Juara 1;2026;Pemerintah Daerah;8
MHS03188;Non-Akademik;Sosial & Kemasyarakatan;Tingkat Kampus;Juara 3;2021;Pemerintah Daerah;2
MHS03188;Akademik;Seni & Budaya;Tingkat Lokal/Wilayah;Finalis;2024;Perusahaan/Swasta;2
MHS03190;Non-Akademik;Seni & Budaya;Tingkat Lokal/Wilayah;Finalis;2022;Komunitas/Organisasi;3
MHS03190;Non-Akademik;Keagamaan;Tingkat Kampus;Finalis;2022;Kemendikbudristek;3
MHS03190;Akademik;Sains & Teknologi;Tingkat Kampus;Peserta;2022;Perguruan Tinggi;3
MHS03192;Akademik;Debat & Karya Tulis;Tingkat Kampus;Finalis;2022;Perusahaan/Swasta;8
MHS03192;Non-Akademik;Kewirausahaan;Tingkat Nasional;Juara 3;2022;Perguruan Tinggi;8
MHS03192;Akademik;Seni & Budaya;Tingkat Internasional;Peserta;2023;Perusahaan/Swasta;8
MHS03192;Non-Akademik;Keagamaan;Tingkat Lokal/Wilayah;Juara 1;2023;Perguruan Tinggi;8
MHS03192;Non-Akademik;Seni & Budaya;Tingkat Nasional;Juara 3;2024;Perusahaan/Swasta;8
MHS03192;Akademik;Sains & Teknologi;Tingkat Kampus;Peserta;2024;Perusahaan/Swasta;8
MHS03192;Non-Akademik;Seni & Budaya;Tingkat Nasional;Peserta;2024;Perusahaan/Swasta;8
MHS03192;Akademik;Sains & Teknologi;Tingkat Kampus;Finalis;2026;Pemerintah Daerah;8
MHS03195;Non-Akademik;Sosial & Kemasyarakatan;Tingkat Kampus;Juara 3;2022;Kemendikbudristek;1
MHS03196;Non-Akademik;Keagamaan;Tingkat Kampus;Juara 2;2024;Komunitas/Organisasi;1
MHS03197;Non-Akademik;Seni & Budaya;Tingkat Nasional;Juara 3;2026;Perguruan Tinggi;1
MHS03200;Non-Akademik;Seni & Budaya;Tingkat Kampus;Juara 1;2022;Perguruan Tinggi;3
MHS03200;Akademik;Kewirausahaan;Tingkat Kampus;Peserta;2022;Komunitas/Organisasi;3
MHS03200;Akademik;Sains & Teknologi;Tingkat Lokal/Wilayah;Peserta;2025;Komunitas/Organisasi;3
MHS03202;Akademik;Seni & Budaya;Tingkat Nasional;Finalis;2023;Kemendikbudristek;3
MHS03202;Non-Akademik;Seni & Budaya;Tingkat Kampus;Peserta;2023;Komunitas/Organisasi;3
MHS03202;Non-Akademik;Seni & Budaya;Tingkat Lokal/Wilayah;Peserta;2024;Pemerintah Daerah;3
MHS03204;Akademik;Sains & Teknologi;Tingkat Lokal/Wilayah;Peserta;2024;Perguruan Tinggi;1
MHS03208;Non-Akademik;Sosial & Kemasyarakatan;Tingkat Kampus;Juara 3;2026;Kemendikbudristek;1
MHS03209;Non-Akademik;Seni & Budaya;Tingkat Lokal/Wilayah;Peserta;2024;Pemerintah Daerah;1
MHS03212;Akademik;Sains & Teknologi;Tingkat Lokal/Wilayah;Peserta;2026;Perusahaan/Swasta;1
MHS03214;Akademik;Debat & Karya Tulis;Tingkat Kampus;Juara 2;2025;Kemendikbudristek;1
MHS03219;Akademik;Sains & Teknologi;Tingkat Kampus;Juara 3;2026;Komunitas/Organisasi;1
MHS03221;Non-Akademik;Kewirausahaan;Tingkat Lokal/Wilayah;Finalis;2025;Perguruan Tinggi;2
MHS03221;Non-Akademik;Sosial & Kemasyarakatan;Tingkat Kampus;Juara 1;2026;Pemerintah Daerah;2
MHS03225;Non-Akademik;Kewirausahaan;Tingkat Nasional;Juara 1;2026;Pemerintah Daerah;1
MHS03226;Non-Akademik;Seni & Budaya;Tingkat Kampus;Peserta;2023;Perusahaan/Swasta;2
MHS03226;Non-Akademik;Sosial & Kemasyarakatan;Tingkat Nasional;Finalis;2024;Perguruan Tinggi;2
MHS03227;Non-Akademik;Seni & Budaya;Tingkat Nasional;Juara 3;2024;Perguruan Tinggi;1
MHS03230;Non-Akademik;Seni & Budaya;Tingkat Kampus;Juara 1;2023;Pemerintah Daerah;4
MHS03230;Non-Akademik;Keagamaan;Tingkat Internasional;Juara 3;2024;Komunitas/Organisasi;4
MHS03230;Akademik;Sains & Teknologi;Tingkat Nasional;Juara 3;2025;Perguruan Tinggi;4
MHS03230;Akademik;Debat & Karya Tulis;Tingkat Lokal/Wilayah;Peserta;2026;Perusahaan/Swasta;4
MHS03231;Non-Akademik;Olahraga;Tingkat Lokal/Wilayah;Juara 3;2025;Perguruan Tinggi;3
MHS03231;Non-Akademik;Kewirausahaan;Tingkat Lokal/Wilayah;Peserta;2026;Komunitas/Organisasi;3
MHS03231;Non-Akademik;Keagamaan;Tingkat Kampus;Juara 2;2026;Perguruan Tinggi;3
MHS03233;Akademik;Sains & Teknologi;Tingkat Nasional;Peserta;2026;Komunitas/Organisasi;1
MHS03235;Non-Akademik;Kewirausahaan;Tingkat Kampus;Peserta;2025;Komunitas/Organisasi;1
MHS03236;Non-Akademik;Sosial & Kemasyarakatan;Tingkat Lokal/Wilayah;Juara 3;2024;Kemendikbudristek;4
MHS03236;Non-Akademik;Olahraga;Tingkat Kampus;Finalis;2025;Perguruan Tinggi;4
MHS03236;Akademik;Sains & Teknologi;Tingkat Kampus;Finalis;2026;Perguruan Tinggi;4
MHS03236;Akademik;Debat & Karya Tulis;Tingkat Lokal/Wilayah;Juara 3;2026;Komunitas/Organisasi;4
MHS03237;Non-Akademik;Seni & Budaya;Tingkat Kampus;Peserta;2024;Pemerintah Daerah;1
MHS03238;Non-Akademik;Kewirausahaan;Tingkat Nasional;Juara 3;2025;Kemendikbudristek;3
MHS03238;Non-Akademik;Seni & Budaya;Tingkat Lokal/Wilayah;Juara 2;2026;Perusahaan/Swasta;3
MHS03238;Akademik;Kewirausahaan;Tingkat Nasional;Finalis;2026;Kemendikbudristek;3
MHS03239;Akademik;Sains & Teknologi;Tingkat Lokal/Wilayah;Juara 1;2026;Perguruan Tinggi;1
MHS03240;Akademik;Debat & Karya Tulis;Tingkat Kampus;Juara 3;2025;Perusahaan/Swasta;2
MHS03240;Akademik;Debat & Karya Tulis;Tingkat Kampus;Juara 2;2026;Pemerintah Daerah;2
MHS03241;Akademik;Debat & Karya Tulis;Tingkat Internasional;Peserta;2025;Kemendikbudristek;3
MHS03241;Akademik;Olahraga;Tingkat Lokal/Wilayah;Juara 2;2026;Perguruan Tinggi;3
MHS03241;Akademik;Keagamaan;Tingkat Lokal/Wilayah;Peserta;2026;Komunitas/Organisasi;3
MHS03242;Akademik;Sains & Teknologi;Tingkat Lokal/Wilayah;Peserta;2024;Perguruan Tinggi;2
MHS03242;Akademik;Sains & Teknologi;Tingkat Lokal/Wilayah;Peserta;2025;Pemerintah Daerah;2
MHS03244;Akademik;Seni & Budaya;Tingkat Kampus;Finalis;2026;Komunitas/Organisasi;1
MHS03245;Akademik;Sains & Teknologi;Tingkat Kampus;Juara 2;2024;Perguruan Tinggi;3
MHS03245;Non-Akademik;Seni & Budaya;Tingkat Nasional;Peserta;2025;Pemerintah Daerah;3
MHS03245;Non-Akademik;Seni & Budaya;Tingkat Kampus;Juara 3;2026;Perusahaan/Swasta;3
MHS03247;Akademik;Sains & Teknologi;Tingkat Kampus;Finalis;2024;Pemerintah Daerah;1
MHS03249;Non-Akademik;Sosial & Kemasyarakatan;Tingkat Nasional;Juara 2;2025;Perusahaan/Swasta;1
MHS03251;Non-Akademik;Kewirausahaan;Tingkat Kampus;Finalis;2026;Komunitas/Organisasi;1
MHS03252;Non-Akademik;Kewirausahaan;Tingkat Lokal/Wilayah;Juara 2;2026;Komunitas/Organisasi;1
MHS03254;Non-Akademik;Sosial & Kemasyarakatan;Tingkat Nasional;Peserta;2025;Perguruan Tinggi;2
MHS03254;Non-Akademik;Seni & Budaya;Tingkat Internasional;Juara 3;2026;Perguruan Tinggi;2
MHS03256;Akademik;Debat & Karya Tulis;Tingkat Lokal/Wilayah;Peserta;2023;Perguruan Tinggi;2
MHS03256;Non-Akademik;Kewirausahaan;Tingkat Lokal/Wilayah;Peserta;2025;Komunitas/Organisasi;2
MHS03257;Akademik;Olahraga;Tingkat Lokal/Wilayah;Peserta;2025;Perusahaan/Swasta;2
MHS03257;Non-Akademik;Keagamaan;Tingkat Nasional;Peserta;2025;Komunitas/Organisasi;2
MHS03259;Non-Akademik;Sosial & Kemasyarakatan;Tingkat Lokal/Wilayah;Finalis;2023;Kemendikbudristek;2
MHS03259;Non-Akademik;Sosial & Kemasyarakatan;Tingkat Kampus;Peserta;2024;Komunitas/Organisasi;2
MHS03261;Akademik;Debat & Karya Tulis;Tingkat Internasional;Finalis;2025;Komunitas/Organisasi;2
MHS03261;Akademik;Debat & Karya Tulis;Tingkat Lokal/Wilayah;Finalis;2026;Perguruan Tinggi;2
MHS03262;Non-Akademik;Keagamaan;Tingkat Nasional;Juara 3;2025;Komunitas/Organisasi;5
MHS03262;Non-Akademik;Kewirausahaan;Tingkat Nasional;Juara 2;2026;Komunitas/Organisasi;5
MHS03262;Akademik;Debat & Karya Tulis;Tingkat Lokal/Wilayah;Juara 3;2026;Perguruan Tinggi;5
MHS03262;Non-Akademik;Sosial & Kemasyarakatan;Tingkat Lokal/Wilayah;Juara 1;2026;Perguruan Tinggi;5
MHS03262;Akademik;Sosial & Kemasyarakatan;Tingkat Lokal/Wilayah;Juara 2;2026;Perusahaan/Swasta;5
MHS03264;Non-Akademik;Kewirausahaan;Tingkat Nasional;Juara 2;2023;Komunitas/Organisasi;4
MHS03264;Akademik;Sains & Teknologi;Tingkat Lokal/Wilayah;Juara 3;2023;Pemerintah Daerah;4
MHS03264;Akademik;Debat & Karya Tulis;Tingkat Kampus;Finalis;2025;Pemerintah Daerah;4
MHS03264;Non-Akademik;Kewirausahaan;Tingkat Nasional;Juara 3;2025;Perusahaan/Swasta;4
MHS03266;Akademik;Debat & Karya Tulis;Tingkat Kampus;Peserta;2026;Pemerintah Daerah;1
MHS03267;Non-Akademik;Sosial & Kemasyarakatan;Tingkat Kampus;Juara 1;2024;Perusahaan/Swasta;2
MHS03267;Non-Akademik;Sosial & Kemasyarakatan;Tingkat Kampus;Juara 3;2025;Pemerintah Daerah;2
MHS03270;Akademik;Seni & Budaya;Tingkat Lokal/Wilayah;Peserta;2025;Perguruan Tinggi;3
MHS03270;Non-Akademik;Olahraga;Tingkat Kampus;Juara 1;2026;Kemendikbudristek;3
MHS03270;Non-Akademik;Seni & Budaya;Tingkat Nasional;Finalis;2026;Pemerintah Daerah;3
MHS03271;Non-Akademik;Olahraga;Tingkat Internasional;Finalis;2021;Perguruan Tinggi;2
MHS03271;Akademik;Seni & Budaya;Tingkat Nasional;Juara 2;2024;Perusahaan/Swasta;2
MHS03272;Non-Akademik;Sosial & Kemasyarakatan;Tingkat Kampus;Peserta;2025;Pemerintah Daerah;1
MHS03274;Non-Akademik;Olahraga;Tingkat Lokal/Wilayah;Juara 2;2023;Perusahaan/Swasta;2
MHS03274;Akademik;Sains & Teknologi;Tingkat Lokal/Wilayah;Peserta;2024;Perusahaan/Swasta;2
MHS03275;Non-Akademik;Seni & Budaya;Tingkat Kampus;Juara 3;2024;Komunitas/Organisasi;2
MHS03275;Non-Akademik;Olahraga;Tingkat Kampus;Finalis;2025;Perguruan Tinggi;2
MHS03276;Akademik;Debat & Karya Tulis;Tingkat Nasional;Juara 3;2023;Pemerintah Daerah;2
MHS03276;Akademik;Sains & Teknologi;Tingkat Kampus;Juara 2;2023;Perusahaan/Swasta;2
MHS03280;Akademik;Kewirausahaan;Tingkat Lokal/Wilayah;Finalis;2023;Pemerintah Daerah;5
MHS03280;Akademik;Kewirausahaan;Tingkat Kampus;Juara 1;2024;Kemendikbudristek;5
MHS03280;Non-Akademik;Kewirausahaan;Tingkat Lokal/Wilayah;Juara 1;2024;Perusahaan/Swasta;5
MHS03280;Non-Akademik;Kewirausahaan;Tingkat Kampus;Finalis;2024;Komunitas/Organisasi;5
MHS03280;Akademik;Sains & Teknologi;Tingkat Kampus;Finalis;2025;Perusahaan/Swasta;5
MHS03282;Akademik;Sains & Teknologi;Tingkat Internasional;Juara 3;2025;Perusahaan/Swasta;1
MHS03284;Non-Akademik;Keagamaan;Tingkat Kampus;Juara 2;2022;Perusahaan/Swasta;8
MHS03284;Non-Akademik;Keagamaan;Tingkat Lokal/Wilayah;Juara 1;2023;Perguruan Tinggi;8
MHS03284;Non-Akademik;Kewirausahaan;Tingkat Kampus;Peserta;2023;Perguruan Tinggi;8
MHS03284;Non-Akademik;Seni & Budaya;Tingkat Kampus;Peserta;2023;Komunitas/Organisasi;8
MHS03284;Non-Akademik;Olahraga;Tingkat Lokal/Wilayah;Finalis;2025;Perguruan Tinggi;8
MHS03284;Non-Akademik;Seni & Budaya;Tingkat Nasional;Finalis;2025;Perguruan Tinggi;8
MHS03284;Non-Akademik;Kewirausahaan;Tingkat Lokal/Wilayah;Juara 1;2026;Perguruan Tinggi;8
MHS03284;Akademik;Debat & Karya Tulis;Tingkat Kampus;Juara 1;2026;Komunitas/Organisasi;8
MHS03286;Akademik;Olahraga;Tingkat Kampus;Juara 2;2024;Kemendikbudristek;3
MHS03286;Akademik;Debat & Karya Tulis;Tingkat Kampus;Finalis;2025;Kemendikbudristek;3
MHS03286;Non-Akademik;Kewirausahaan;Tingkat Kampus;Peserta;2026;Pemerintah Daerah;3
MHS03287;Akademik;Debat & Karya Tulis;Tingkat Lokal/Wilayah;Juara 3;2025;Perusahaan/Swasta;2
MHS03287;Non-Akademik;Seni & Budaya;Tingkat Lokal/Wilayah;Peserta;2025;Komunitas/Organisasi;2
MHS03289;Non-Akademik;Seni & Budaya;Tingkat Kampus;Finalis;2023;Perguruan Tinggi;2
MHS03289;Akademik;Kewirausahaan;Tingkat Lokal/Wilayah;Juara 2;2024;Komunitas/Organisasi;2
MHS03290;Non-Akademik;Olahraga;Tingkat Kampus;Juara 3;2024;Kemendikbudristek;2
MHS03290;Akademik;Debat & Karya Tulis;Tingkat Lokal/Wilayah;Peserta;2024;Pemerintah Daerah;2
MHS03293;Non-Akademik;Keagamaan;Tingkat Kampus;Finalis;2019;Kemendikbudristek;4
MHS03293;Akademik;Debat & Karya Tulis;Tingkat Nasional;Juara 1;2021;Kemendikbudristek;4
MHS03293;Non-Akademik;Seni & Budaya;Tingkat Kampus;Peserta;2021;Komunitas/Organisasi;4
MHS03293;Akademik;Sains & Teknologi;Tingkat Kampus;Juara 3;2021;Pemerintah Daerah;4
MHS03294;Non-Akademik;Sosial & Kemasyarakatan;Tingkat Nasional;Peserta;2024;Komunitas/Organisasi;3
MHS03294;Non-Akademik;Sosial & Kemasyarakatan;Tingkat Kampus;Peserta;2025;Pemerintah Daerah;3
MHS03294;Non-Akademik;Kewirausahaan;Tingkat Kampus;Finalis;2025;Komunitas/Organisasi;3
MHS03295;Akademik;Seni & Budaya;Tingkat Kampus;Juara 2;2025;Perusahaan/Swasta;2
MHS03295;Akademik;Sains & Teknologi;Tingkat Kampus;Juara 2;2025;Pemerintah Daerah;2
MHS03297;Akademik;Sains & Teknologi;Tingkat Kampus;Juara 2;2025;Pemerintah Daerah;1
MHS03298;Akademik;Sains & Teknologi;Tingkat Nasional;Juara 3;2025;Pemerintah Daerah;1
MHS03299;Non-Akademik;Seni & Budaya;Tingkat Lokal/Wilayah;Finalis;2026;Perguruan Tinggi;1
MHS03302;Non-Akademik;Seni & Budaya;Tingkat Kampus;Juara 2;2026;Perusahaan/Swasta;1
MHS03303;Non-Akademik;Kewirausahaan;Tingkat Internasional;Finalis;2025;Kemendikbudristek;3
MHS03303;Non-Akademik;Olahraga;Tingkat Nasional;Peserta;2025;Pemerintah Daerah;3
MHS03303;Non-Akademik;Seni & Budaya;Tingkat Nasional;Juara 1;2026;Perguruan Tinggi;3
MHS03306;Non-Akademik;Olahraga;Tingkat Lokal/Wilayah;Peserta;2022;Komunitas/Organisasi;1
MHS03307;Non-Akademik;Sosial & Kemasyarakatan;Tingkat Kampus;Finalis;2025;Kemendikbudristek;1
MHS03308;Non-Akademik;Sosial & Kemasyarakatan;Tingkat Kampus;Juara 1;2021;Perusahaan/Swasta;3
MHS03308;Non-Akademik;Sosial & Kemasyarakatan;Tingkat Lokal/Wilayah;Finalis;2022;Komunitas/Organisasi;3
MHS03308;Akademik;Kewirausahaan;Tingkat Lokal/Wilayah;Juara 3;2024;Perguruan Tinggi;3
MHS03310;Non-Akademik;Seni & Budaya;Tingkat Kampus;Finalis;2025;Kemendikbudristek;1
MHS03312;Akademik;Sosial & Kemasyarakatan;Tingkat Kampus;Juara 3;2024;Pemerintah Daerah;1
MHS03313;Akademik;Debat & Karya Tulis;Tingkat Kampus;Juara 2;2020;Perguruan Tinggi;6
MHS03313;Non-Akademik;Kewirausahaan;Tingkat Lokal/Wilayah;Finalis;2020;Perguruan Tinggi;6
MHS03313;Non-Akademik;Sosial & Kemasyarakatan;Tingkat Nasional;Peserta;2022;Pemerintah Daerah;6
MHS03313;Non-Akademik;Keagamaan;Tingkat Lokal/Wilayah;Finalis;2022;Perguruan Tinggi;6
MHS03313;Non-Akademik;Olahraga;Tingkat Lokal/Wilayah;Juara 2;2022;Perguruan Tinggi;6
MHS03313;Non-Akademik;Kewirausahaan;Tingkat Kampus;Finalis;2023;Perguruan Tinggi;6
MHS03314;Akademik;Sains & Teknologi;Tingkat Nasional;Peserta;2023;Perguruan Tinggi;3
MHS03314;Akademik;Debat & Karya Tulis;Tingkat Kampus;Juara 1;2024;Perusahaan/Swasta;3
MHS03314;Non-Akademik;Olahraga;Tingkat Internasional;Peserta;2025;Perguruan Tinggi;3
MHS03315;Non-Akademik;Olahraga;Tingkat Lokal/Wilayah;Finalis;2024;Kemendikbudristek;3
MHS03315;Non-Akademik;Keagamaan;Tingkat Kampus;Peserta;2024;Perusahaan/Swasta;3
MHS03315;Non-Akademik;Olahraga;Tingkat Lokal/Wilayah;Juara 1;2025;Pemerintah Daerah;3
MHS03316;Non-Akademik;Kewirausahaan;Tingkat Kampus;Finalis;2023;Perguruan Tinggi;4
MHS03316;Non-Akademik;Kewirausahaan;Tingkat Internasional;Juara 2;2024;Komunitas/Organisasi;4
MHS03316;Non-Akademik;Sosial & Kemasyarakatan;Tingkat Kampus;Peserta;2026;Komunitas/Organisasi;4
MHS03316;Non-Akademik;Kewirausahaan;Tingkat Kampus;Finalis;2026;Perusahaan/Swasta;4
MHS03319;Akademik;Sains & Teknologi;Tingkat Lokal/Wilayah;Peserta;2022;Komunitas/Organisasi;2
MHS03319;Non-Akademik;Sosial & Kemasyarakatan;Tingkat Kampus;Peserta;2026;Pemerintah Daerah;2
MHS03321;Akademik;Sains & Teknologi;Tingkat Internasional;Juara 2;2021;Komunitas/Organisasi;2
MHS03321;Akademik;Debat & Karya Tulis;Tingkat Kampus;Juara 2;2024;Pemerintah Daerah;2
MHS03322;Non-Akademik;Kewirausahaan;Tingkat Lokal/Wilayah;Finalis;2022;Pemerintah Daerah;3
MHS03322;Akademik;Debat & Karya Tulis;Tingkat Internasional;Juara 2;2026;Komunitas/Organisasi;3
MHS03322;Non-Akademik;Keagamaan;Tingkat Lokal/Wilayah;Juara 3;2026;Perguruan Tinggi;3
MHS03325;Non-Akademik;Sosial & Kemasyarakatan;Tingkat Lokal/Wilayah;Juara 2;2022;Perusahaan/Swasta;1
MHS03326;Akademik;Sains & Teknologi;Tingkat Lokal/Wilayah;Juara 1;2023;Perguruan Tinggi;7
MHS03326;Non-Akademik;Sosial & Kemasyarakatan;Tingkat Nasional;Finalis;2023;Perusahaan/Swasta;7
MHS03326;Akademik;Sains & Teknologi;Tingkat Lokal/Wilayah;Juara 1;2024;Komunitas/Organisasi;7
MHS03326;Akademik;Debat & Karya Tulis;Tingkat Kampus;Juara 1;2024;Perguruan Tinggi;7
MHS03326;Non-Akademik;Keagamaan;Tingkat Lokal/Wilayah;Juara 1;2024;Perguruan Tinggi;7
MHS03326;Non-Akademik;Sosial & Kemasyarakatan;Tingkat Kampus;Juara 3;2025;Perusahaan/Swasta;7
MHS03326;Non-Akademik;Seni & Budaya;Tingkat Lokal/Wilayah;Finalis;2026;Komunitas/Organisasi;7
MHS03328;Akademik;Keagamaan;Tingkat Kampus;Peserta;2024;Perguruan Tinggi;2
MHS03328;Non-Akademik;Sosial & Kemasyarakatan;Tingkat Kampus;Finalis;2025;Komunitas/Organisasi;2
MHS03330;Non-Akademik;Kewirausahaan;Tingkat Lokal/Wilayah;Juara 3;2025;Perguruan Tinggi;2
MHS03330;Non-Akademik;Seni & Budaya;Tingkat Lokal/Wilayah;Peserta;2025;Perusahaan/Swasta;2
MHS03331;Akademik;Sains & Teknologi;Tingkat Kampus;Juara 1;2025;Kemendikbudristek;2
MHS03331;Akademik;Sains & Teknologi;Tingkat Kampus;Finalis;2025;Kemendikbudristek;2
MHS03332;Non-Akademik;Seni & Budaya;Tingkat Kampus;Peserta;2022;Pemerintah Daerah;3
MHS03332;Akademik;Sains & Teknologi;Tingkat Kampus;Peserta;2024;Perusahaan/Swasta;3
MHS03332;Non-Akademik;Sosial & Kemasyarakatan;Tingkat Lokal/Wilayah;Juara 3;2025;Pemerintah Daerah;3
MHS03333;Akademik;Sains & Teknologi;Tingkat Internasional;Juara 2;2023;Komunitas/Organisasi;6
MHS03333;Akademik;Sains & Teknologi;Tingkat Kampus;Juara 2;2023;Komunitas/Organisasi;6
MHS03333;Non-Akademik;Sosial & Kemasyarakatan;Tingkat Internasional;Peserta;2024;Perusahaan/Swasta;6
MHS03333;Non-Akademik;Olahraga;Tingkat Nasional;Juara 2;2025;Perguruan Tinggi;6
MHS03333;Akademik;Olahraga;Tingkat Kampus;Peserta;2025;Perguruan Tinggi;6
MHS03333;Non-Akademik;Olahraga;Tingkat Kampus;Juara 2;2026;Perguruan Tinggi;6
MHS03334;Non-Akademik;Seni & Budaya;Tingkat Kampus;Peserta;2024;Komunitas/Organisasi;2
MHS03334;Non-Akademik;Kewirausahaan;Tingkat Nasional;Finalis;2024;Komunitas/Organisasi;2
MHS03335;Non-Akademik;Kewirausahaan;Tingkat Nasional;Finalis;2025;Perusahaan/Swasta;1
MHS03336;Non-Akademik;Olahraga;Tingkat Kampus;Peserta;2023;Komunitas/Organisasi;6
MHS03336;Akademik;Olahraga;Tingkat Lokal/Wilayah;Juara 2;2023;Perguruan Tinggi;6
MHS03336;Akademik;Kewirausahaan;Tingkat Kampus;Juara 1;2023;Kemendikbudristek;6
MHS03336;Akademik;Sains & Teknologi;Tingkat Nasional;Juara 2;2024;Komunitas/Organisasi;6
MHS03336;Non-Akademik;Seni & Budaya;Tingkat Kampus;Juara 3;2025;Pemerintah Daerah;6
MHS03336;Non-Akademik;Seni & Budaya;Tingkat Kampus;Juara 3;2025;Pemerintah Daerah;6
MHS03337;Akademik;Sosial & Kemasyarakatan;Tingkat Kampus;Juara 2;2024;Perguruan Tinggi;1
MHS03339;Akademik;Sains & Teknologi;Tingkat Nasional;Juara 3;2023;Komunitas/Organisasi;1
MHS03340;Non-Akademik;Olahraga;Tingkat Nasional;Juara 1;2021;Kemendikbudristek;1
MHS03341;Non-Akademik;Seni & Budaya;Tingkat Kampus;Peserta;2022;Kemendikbudristek;1
MHS03345;Non-Akademik;Keagamaan;Tingkat Kampus;Peserta;2025;Pemerintah Daerah;1
MHS03346;Non-Akademik;Olahraga;Tingkat Internasional;Juara 1;2024;Perguruan Tinggi;1
MHS03347;Non-Akademik;Kewirausahaan;Tingkat Kampus;Peserta;2026;Komunitas/Organisasi;1
MHS03348;Non-Akademik;Seni & Budaya;Tingkat Kampus;Juara 3;2025;Komunitas/Organisasi;2
MHS03348;Non-Akademik;Olahraga;Tingkat Kampus;Juara 3;2026;Kemendikbudristek;2
MHS03349;Akademik;Debat & Karya Tulis;Tingkat Internasional;Juara 1;2024;Perusahaan/Swasta;3
MHS03349;Non-Akademik;Sosial & Kemasyarakatan;Tingkat Nasional;Juara 1;2024;Perusahaan/Swasta;3
MHS03349;Akademik;Debat & Karya Tulis;Tingkat Lokal/Wilayah;Juara 2;2024;Komunitas/Organisasi;3
MHS03350;Non-Akademik;Seni & Budaya;Tingkat Kampus;Finalis;2024;Perusahaan/Swasta;3
MHS03350;Akademik;Debat & Karya Tulis;Tingkat Nasional;Finalis;2024;Perguruan Tinggi;3
MHS03350;Non-Akademik;Keagamaan;Tingkat Kampus;Peserta;2026;Perusahaan/Swasta;3
MHS03352;Non-Akademik;Olahraga;Tingkat Lokal/Wilayah;Peserta;2024;Kemendikbudristek;1
MHS03356;Akademik;Olahraga;Tingkat Lokal/Wilayah;Juara 3;2026;Kemendikbudristek;1
MHS03359;Non-Akademik;Kewirausahaan;Tingkat Nasional;Finalis;2025;Komunitas/Organisasi;2
MHS03359;Akademik;Debat & Karya Tulis;Tingkat Nasional;Juara 2;2025;Perusahaan/Swasta;2
MHS03360;Akademik;Sains & Teknologi;Tingkat Kampus;Peserta;2023;Perusahaan/Swasta;5
MHS03360;Akademik;Sains & Teknologi;Tingkat Kampus;Juara 2;2024;Perusahaan/Swasta;5
MHS03360;Non-Akademik;Keagamaan;Tingkat Kampus;Juara 2;2025;Komunitas/Organisasi;5
MHS03360;Akademik;Debat & Karya Tulis;Tingkat Lokal/Wilayah;Peserta;2025;Komunitas/Organisasi;5
MHS03360;Non-Akademik;Seni & Budaya;Tingkat Lokal/Wilayah;Finalis;2025;Komunitas/Organisasi;5
MHS03365;Akademik;Debat & Karya Tulis;Tingkat Lokal/Wilayah;Peserta;2026;Pemerintah Daerah;1
MHS03367;Non-Akademik;Seni & Budaya;Tingkat Lokal/Wilayah;Juara 3;2024;Perusahaan/Swasta;1
MHS03369;Non-Akademik;Seni & Budaya;Tingkat Lokal/Wilayah;Juara 3;2024;Komunitas/Organisasi;1
MHS03370;Akademik;Olahraga;Tingkat Nasional;Juara 2;2019;Komunitas/Organisasi;6
MHS03370;Non-Akademik;Kewirausahaan;Tingkat Lokal/Wilayah;Juara 1;2020;Komunitas/Organisasi;6
MHS03370;Akademik;Debat & Karya Tulis;Tingkat Kampus;Juara 1;2020;Kemendikbudristek;6
MHS03370;Akademik;Sains & Teknologi;Tingkat Kampus;Finalis;2021;Kemendikbudristek;6
MHS03370;Akademik;Debat & Karya Tulis;Tingkat Nasional;Peserta;2022;Perusahaan/Swasta;6
MHS03370;Non-Akademik;Kewirausahaan;Tingkat Lokal/Wilayah;Peserta;2023;Perusahaan/Swasta;6
MHS03371;Akademik;Sains & Teknologi;Tingkat Nasional;Peserta;2025;Perusahaan/Swasta;3
MHS03371;Non-Akademik;Seni & Budaya;Tingkat Kampus;Juara 2;2025;Kemendikbudristek;3
MHS03371;Non-Akademik;Kewirausahaan;Tingkat Lokal/Wilayah;Juara 2;2026;Kemendikbudristek;3
MHS03373;Non-Akademik;Sosial & Kemasyarakatan;Tingkat Kampus;Peserta;2022;Pemerintah Daerah;2
MHS03373;Non-Akademik;Keagamaan;Tingkat Kampus;Peserta;2024;Perguruan Tinggi;2
MHS03377;Non-Akademik;Kewirausahaan;Tingkat Kampus;Juara 1;2024;Perusahaan/Swasta;1
MHS03378;Non-Akademik;Seni & Budaya;Tingkat Nasional;Juara 2;2025;Pemerintah Daerah;1
MHS03379;Non-Akademik;Keagamaan;Tingkat Lokal/Wilayah;Juara 2;2024;Kemendikbudristek;1
MHS03385;Non-Akademik;Olahraga;Tingkat Nasional;Peserta;2025;Pemerintah Daerah;1
MHS03387;Non-Akademik;Sosial & Kemasyarakatan;Tingkat Nasional;Finalis;2024;Kemendikbudristek;3
MHS03387;Non-Akademik;Kewirausahaan;Tingkat Lokal/Wilayah;Juara 2;2025;Perusahaan/Swasta;3
MHS03387;Akademik;Debat & Karya Tulis;Tingkat Lokal/Wilayah;Juara 3;2026;Pemerintah Daerah;3
MHS03388;Non-Akademik;Keagamaan;Tingkat Kampus;Juara 2;2025;Perguruan Tinggi;3
MHS03388;Non-Akademik;Kewirausahaan;Tingkat Lokal/Wilayah;Peserta;2025;Kemendikbudristek;3
MHS03388;Akademik;Sosial & Kemasyarakatan;Tingkat Kampus;Juara 1;2026;Pemerintah Daerah;3
MHS03389;Akademik;Kewirausahaan;Tingkat Kampus;Juara 2;2020;Pemerintah Daerah;3
MHS03389;Non-Akademik;Seni & Budaya;Tingkat Kampus;Juara 3;2021;Perguruan Tinggi;3
MHS03389;Akademik;Sains & Teknologi;Tingkat Kampus;Juara 3;2023;Komunitas/Organisasi;3
MHS03393;Non-Akademik;Olahraga;Tingkat Kampus;Finalis;2025;Perusahaan/Swasta;5
MHS03393;Akademik;Sains & Teknologi;Tingkat Nasional;Juara 2;2025;Kemendikbudristek;5
MHS03393;Non-Akademik;Sosial & Kemasyarakatan;Tingkat Nasional;Juara 2;2025;Perguruan Tinggi;5
MHS03393;Non-Akademik;Keagamaan;Tingkat Nasional;Juara 2;2025;Perusahaan/Swasta;5
MHS03393;Non-Akademik;Olahraga;Tingkat Kampus;Juara 1;2026;Komunitas/Organisasi;5
MHS03394;Akademik;Debat & Karya Tulis;Tingkat Kampus;Peserta;2019;Pemerintah Daerah;7
MHS03394;Akademik;Debat & Karya Tulis;Tingkat Nasional;Finalis;2020;Perguruan Tinggi;7
MHS03394;Non-Akademik;Olahraga;Tingkat Lokal/Wilayah;Finalis;2020;Pemerintah Daerah;7
MHS03394;Akademik;Sains & Teknologi;Tingkat Nasional;Finalis;2020;Kemendikbudristek;7
MHS03394;Akademik;Sosial & Kemasyarakatan;Tingkat Kampus;Finalis;2022;Perguruan Tinggi;7
MHS03394;Non-Akademik;Kewirausahaan;Tingkat Kampus;Finalis;2023;Perusahaan/Swasta;7
MHS03394;Non-Akademik;Keagamaan;Tingkat Kampus;Juara 2;2023;Komunitas/Organisasi;7
MHS03397;Non-Akademik;Seni & Budaya;Tingkat Lokal/Wilayah;Finalis;2025;Komunitas/Organisasi;1
MHS03398;Akademik;Sosial & Kemasyarakatan;Tingkat Nasional;Peserta;2024;Pemerintah Daerah;4
MHS03398;Akademik;Sains & Teknologi;Tingkat Internasional;Finalis;2024;Pemerintah Daerah;4
MHS03398;Akademik;Debat & Karya Tulis;Tingkat Lokal/Wilayah;Juara 1;2024;Pemerintah Daerah;4
MHS03398;Akademik;Seni & Budaya;Tingkat Internasional;Juara 2;2026;Perguruan Tinggi;4
MHS03399;Akademik;Debat & Karya Tulis;Tingkat Lokal/Wilayah;Juara 3;2022;Pemerintah Daerah;4
MHS03399;Akademik;Sosial & Kemasyarakatan;Tingkat Lokal/Wilayah;Finalis;2023;Perguruan Tinggi;4
MHS03399;Non-Akademik;Olahraga;Tingkat Nasional;Peserta;2024;Komunitas/Organisasi;4
MHS03399;Non-Akademik;Kewirausahaan;Tingkat Nasional;Juara 1;2024;Pemerintah Daerah;4
MHS03400;Non-Akademik;Olahraga;Tingkat Nasional;Finalis;2024;Kemendikbudristek;1
MHS03401;Akademik;Debat & Karya Tulis;Tingkat Lokal/Wilayah;Juara 2;2022;Pemerintah Daerah;4
MHS03401;Akademik;Debat & Karya Tulis;Tingkat Lokal/Wilayah;Finalis;2022;Kemendikbudristek;4
MHS03401;Non-Akademik;Kewirausahaan;Tingkat Lokal/Wilayah;Peserta;2024;Kemendikbudristek;4
MHS03401;Akademik;Sains & Teknologi;Tingkat Kampus;Juara 1;2025;Komunitas/Organisasi;4
MHS03403;Akademik;Debat & Karya Tulis;Tingkat Kampus;Finalis;2024;Pemerintah Daerah;1
MHS03405;Akademik;Sains & Teknologi;Tingkat Lokal/Wilayah;Peserta;2023;Pemerintah Daerah;2
MHS03405;Akademik;Sains & Teknologi;Tingkat Lokal/Wilayah;Juara 3;2025;Kemendikbudristek;2
MHS03407;Akademik;Sains & Teknologi;Tingkat Internasional;Peserta;2023;Pemerintah Daerah;3
MHS03407;Non-Akademik;Seni & Budaya;Tingkat Lokal/Wilayah;Juara 3;2023;Perguruan Tinggi;3
MHS03407;Akademik;Debat & Karya Tulis;Tingkat Lokal/Wilayah;Peserta;2024;Perusahaan/Swasta;3
MHS03409;Akademik;Sains & Teknologi;Tingkat Kampus;Juara 3;2025;Perusahaan/Swasta;1
MHS03410;Non-Akademik;Keagamaan;Tingkat Kampus;Finalis;2024;Pemerintah Daerah;2
MHS03410;Akademik;Keagamaan;Tingkat Nasional;Finalis;2025;Pemerintah Daerah;2
MHS03416;Akademik;Sains & Teknologi;Tingkat Kampus;Peserta;2024;Pemerintah Daerah;3
MHS03416;Non-Akademik;Keagamaan;Tingkat Nasional;Juara 2;2024;Perguruan Tinggi;3
MHS03416;Akademik;Debat & Karya Tulis;Tingkat Internasional;Juara 2;2025;Pemerintah Daerah;3
MHS03419;Akademik;Sains & Teknologi;Tingkat Nasional;Juara 3;2024;Komunitas/Organisasi;1
MHS03420;Non-Akademik;Olahraga;Tingkat Kampus;Peserta;2022;Komunitas/Organisasi;4
MHS03420;Non-Akademik;Seni & Budaya;Tingkat Kampus;Peserta;2024;Komunitas/Organisasi;4
MHS03420;Akademik;Debat & Karya Tulis;Tingkat Lokal/Wilayah;Finalis;2024;Kemendikbudristek;4
MHS03420;Non-Akademik;Keagamaan;Tingkat Lokal/Wilayah;Peserta;2024;Kemendikbudristek;4
MHS03421;Akademik;Debat & Karya Tulis;Tingkat Kampus;Finalis;2025;Pemerintah Daerah;1
MHS03422;Non-Akademik;Kewirausahaan;Tingkat Kampus;Peserta;2022;Perusahaan/Swasta;1
MHS03423;Non-Akademik;Olahraga;Tingkat Lokal/Wilayah;Juara 3;2023;Pemerintah Daerah;1
MHS03424;Non-Akademik;Seni & Budaya;Tingkat Nasional;Juara 1;2024;Komunitas/Organisasi;4
MHS03424;Akademik;Debat & Karya Tulis;Tingkat Lokal/Wilayah;Peserta;2024;Perusahaan/Swasta;4
MHS03424;Akademik;Sains & Teknologi;Tingkat Kampus;Peserta;2024;Perguruan Tinggi;4
MHS03424;Akademik;Sains & Teknologi;Tingkat Kampus;Juara 3;2025;Pemerintah Daerah;4
MHS03425;Akademik;Olahraga;Tingkat Internasional;Juara 1;2025;Perusahaan/Swasta;2
MHS03425;Non-Akademik;Olahraga;Tingkat Lokal/Wilayah;Finalis;2026;Perusahaan/Swasta;2
MHS03426;Akademik;Sains & Teknologi;Tingkat Lokal/Wilayah;Peserta;2026;Pemerintah Daerah;1
MHS03427;Akademik;Sains & Teknologi;Tingkat Kampus;Finalis;2024;Kemendikbudristek;1
MHS03428;Non-Akademik;Keagamaan;Tingkat Nasional;Peserta;2024;Pemerintah Daerah;2
MHS03428;Non-Akademik;Seni & Budaya;Tingkat Kampus;Juara 3;2025;Komunitas/Organisasi;2
MHS03430;Akademik;Sains & Teknologi;Tingkat Lokal/Wilayah;Juara 3;2025;Perguruan Tinggi;1
MHS03432;Akademik;Debat & Karya Tulis;Tingkat Kampus;Finalis;2024;Perusahaan/Swasta;3
MHS03432;Akademik;Debat & Karya Tulis;Tingkat Kampus;Juara 1;2025;Perusahaan/Swasta;3
MHS03432;Akademik;Sains & Teknologi;Tingkat Lokal/Wilayah;Juara 2;2026;Komunitas/Organisasi;3
MHS03433;Akademik;Kewirausahaan;Tingkat Kampus;Juara 2;2025;Perguruan Tinggi;2
MHS03433;Non-Akademik;Keagamaan;Tingkat Nasional;Juara 1;2026;Pemerintah Daerah;2
MHS03435;Akademik;Debat & Karya Tulis;Tingkat Internasional;Finalis;2025;Perguruan Tinggi;4
MHS03435;Non-Akademik;Keagamaan;Tingkat Kampus;Juara 2;2025;Perguruan Tinggi;4
MHS03435;Non-Akademik;Keagamaan;Tingkat Kampus;Peserta;2026;Pemerintah Daerah;4
MHS03435;Akademik;Debat & Karya Tulis;Tingkat Kampus;Juara 2;2026;Kemendikbudristek;4
MHS03437;Akademik;Sains & Teknologi;Tingkat Lokal/Wilayah;Juara 1;2024;Komunitas/Organisasi;1
MHS03439;Non-Akademik;Olahraga;Tingkat Kampus;Finalis;2025;Perusahaan/Swasta;2
MHS03439;Non-Akademik;Sosial & Kemasyarakatan;Tingkat Kampus;Finalis;2025;Perguruan Tinggi;2
MHS03441;Non-Akademik;Sosial & Kemasyarakatan;Tingkat Lokal/Wilayah;Finalis;2024;Perusahaan/Swasta;1
MHS03445;Non-Akademik;Sosial & Kemasyarakatan;Tingkat Lokal/Wilayah;Finalis;2020;Perusahaan/Swasta;1
MHS03446;Non-Akademik;Seni & Budaya;Tingkat Kampus;Peserta;2026;Perusahaan/Swasta;1
MHS03447;Akademik;Keagamaan;Tingkat Kampus;Finalis;2026;Perguruan Tinggi;1
MHS03448;Non-Akademik;Olahraga;Tingkat Lokal/Wilayah;Finalis;2025;Komunitas/Organisasi;1
MHS03454;Akademik;Debat & Karya Tulis;Tingkat Lokal/Wilayah;Juara 1;2025;Perusahaan/Swasta;1
MHS03455;Non-Akademik;Seni & Budaya;Tingkat Kampus;Finalis;2022;Komunitas/Organisasi;3
MHS03455;Akademik;Sains & Teknologi;Tingkat Lokal/Wilayah;Juara 2;2025;Kemendikbudristek;3
MHS03455;Akademik;Sains & Teknologi;Tingkat Lokal/Wilayah;Juara 2;2025;Kemendikbudristek;3
MHS03456;Non-Akademik;Keagamaan;Tingkat Kampus;Peserta;2024;Perguruan Tinggi;1
MHS03460;Non-Akademik;Olahraga;Tingkat Lokal/Wilayah;Peserta;2026;Perusahaan/Swasta;1
MHS03461;Non-Akademik;Olahraga;Tingkat Nasional;Peserta;2026;Komunitas/Organisasi;4
MHS03461;Akademik;Sains & Teknologi;Tingkat Kampus;Juara 2;2026;Perusahaan/Swasta;4
MHS03461;Akademik;Seni & Budaya;Tingkat Lokal/Wilayah;Peserta;2026;Perusahaan/Swasta;4
MHS03461;Non-Akademik;Olahraga;Tingkat Kampus;Peserta;2026;Komunitas/Organisasi;4
MHS03462;Non-Akademik;Kewirausahaan;Tingkat Kampus;Juara 3;2026;Pemerintah Daerah;1
MHS03464;Akademik;Seni & Budaya;Tingkat Kampus;Finalis;2021;Kemendikbudristek;3
MHS03464;Akademik;Debat & Karya Tulis;Tingkat Nasional;Peserta;2023;Perusahaan/Swasta;3
MHS03464;Akademik;Sains & Teknologi;Tingkat Kampus;Juara 2;2025;Perguruan Tinggi;3
MHS03468;Akademik;Sains & Teknologi;Tingkat Lokal/Wilayah;Juara 2;2022;Kemendikbudristek;5
MHS03468;Non-Akademik;Seni & Budaya;Tingkat Kampus;Juara 2;2023;Komunitas/Organisasi;5
MHS03468;Non-Akademik;Kewirausahaan;Tingkat Kampus;Peserta;2023;Komunitas/Organisasi;5
MHS03468;Akademik;Olahraga;Tingkat Lokal/Wilayah;Peserta;2024;Komunitas/Organisasi;5
MHS03468;Akademik;Keagamaan;Tingkat Kampus;Juara 1;2026;Kemendikbudristek;5
MHS03470;Akademik;Sains & Teknologi;Tingkat Nasional;Juara 2;2024;Perguruan Tinggi;8
MHS03470;Non-Akademik;Sosial & Kemasyarakatan;Tingkat Nasional;Juara 3;2025;Kemendikbudristek;8
MHS03470;Non-Akademik;Olahraga;Tingkat Nasional;Juara 2;2025;Pemerintah Daerah;8
MHS03470;Akademik;Debat & Karya Tulis;Tingkat Nasional;Juara 1;2026;Pemerintah Daerah;8
MHS03470;Akademik;Sains & Teknologi;Tingkat Nasional;Peserta;2026;Perusahaan/Swasta;8
MHS03470;Akademik;Debat & Karya Tulis;Tingkat Nasional;Juara 3;2026;Kemendikbudristek;8
MHS03470;Non-Akademik;Olahraga;Tingkat Nasional;Peserta;2026;Perguruan Tinggi;8
MHS03470;Non-Akademik;Sosial & Kemasyarakatan;Tingkat Internasional;Juara 1;2026;Komunitas/Organisasi;8
MHS03471;Akademik;Debat & Karya Tulis;Tingkat Kampus;Juara 3;2023;Perguruan Tinggi;8
MHS03471;Non-Akademik;Seni & Budaya;Tingkat Kampus;Juara 3;2023;Perusahaan/Swasta;8
MHS03471;Non-Akademik;Seni & Budaya;Tingkat Kampus;Juara 1;2024;Perguruan Tinggi;8
MHS03471;Akademik;Sains & Teknologi;Tingkat Nasional;Peserta;2024;Komunitas/Organisasi;8
MHS03471;Akademik;Seni & Budaya;Tingkat Lokal/Wilayah;Juara 1;2025;Komunitas/Organisasi;8
MHS03471;Non-Akademik;Keagamaan;Tingkat Kampus;Juara 2;2025;Kemendikbudristek;8
MHS03471;Non-Akademik;Olahraga;Tingkat Kampus;Juara 2;2026;Kemendikbudristek;8
MHS03471;Akademik;Sains & Teknologi;Tingkat Lokal/Wilayah;Juara 3;2026;Perguruan Tinggi;8
MHS03475;Non-Akademik;Seni & Budaya;Tingkat Kampus;Peserta;2025;Perusahaan/Swasta;1
MHS03476;Akademik;Debat & Karya Tulis;Tingkat Internasional;Juara 1;2025;Komunitas/Organisasi;1
MHS03477;Non-Akademik;Olahraga;Tingkat Nasional;Juara 3;2024;Kemendikbudristek;2
MHS03477;Akademik;Olahraga;Tingkat Internasional;Peserta;2024;Perusahaan/Swasta;2
MHS03478;Non-Akademik;Seni & Budaya;Tingkat Lokal/Wilayah;Finalis;2026;Perguruan Tinggi;1
MHS03481;Non-Akademik;Kewirausahaan;Tingkat Nasional;Juara 3;2025;Komunitas/Organisasi;1
MHS03485;Non-Akademik;Olahraga;Tingkat Kampus;Finalis;2024;Kemendikbudristek;1
MHS03487;Non-Akademik;Sosial & Kemasyarakatan;Tingkat Nasional;Peserta;2021;Perusahaan/Swasta;2
MHS03487;Akademik;Sosial & Kemasyarakatan;Tingkat Kampus;Juara 3;2022;Pemerintah Daerah;2
MHS03490;Non-Akademik;Sosial & Kemasyarakatan;Tingkat Kampus;Finalis;2026;Perusahaan/Swasta;1
MHS03491;Non-Akademik;Kewirausahaan;Tingkat Nasional;Juara 3;2024;Perguruan Tinggi;2
MHS03491;Non-Akademik;Olahraga;Tingkat Nasional;Juara 3;2025;Kemendikbudristek;2
MHS03492;Non-Akademik;Sosial & Kemasyarakatan;Tingkat Lokal/Wilayah;Peserta;2025;Komunitas/Organisasi;1
MHS03495;Non-Akademik;Olahraga;Tingkat Nasional;Peserta;2021;Komunitas/Organisasi;1
MHS03498;Akademik;Seni & Budaya;Tingkat Kampus;Peserta;2026;Kemendikbudristek;2
MHS03498;Non-Akademik;Keagamaan;Tingkat Kampus;Finalis;2026;Kemendikbudristek;2
MHS03503;Akademik;Sains & Teknologi;Tingkat Kampus;Juara 2;2024;Perusahaan/Swasta;3
MHS03503;Non-Akademik;Olahraga;Tingkat Lokal/Wilayah;Juara 2;2024;Pemerintah Daerah;3
MHS03503;Akademik;Debat & Karya Tulis;Tingkat Kampus;Peserta;2026;Komunitas/Organisasi;3
MHS03505;Non-Akademik;Seni & Budaya;Tingkat Nasional;Peserta;2021;Komunitas/Organisasi;4
MHS03505;Non-Akademik;Sosial & Kemasyarakatan;Tingkat Lokal/Wilayah;Juara 2;2023;Perusahaan/Swasta;4
MHS03505;Akademik;Seni & Budaya;Tingkat Nasional;Peserta;2024;Kemendikbudristek;4
MHS03505;Non-Akademik;Olahraga;Tingkat Kampus;Finalis;2025;Perusahaan/Swasta;4
MHS03508;Non-Akademik;Olahraga;Tingkat Kampus;Peserta;2025;Komunitas/Organisasi;1
MHS03510;Non-Akademik;Seni & Budaya;Tingkat Kampus;Juara 3;2025;Kemendikbudristek;1
MHS03511;Akademik;Debat & Karya Tulis;Tingkat Kampus;Juara 1;2020;Perguruan Tinggi;1
MHS03512;Akademik;Debat & Karya Tulis;Tingkat Nasional;Juara 3;2022;Komunitas/Organisasi;3
MHS03512;Akademik;Sains & Teknologi;Tingkat Lokal/Wilayah;Juara 2;2023;Kemendikbudristek;3
MHS03512;Non-Akademik;Olahraga;Tingkat Kampus;Juara 1;2024;Kemendikbudristek;3
MHS03518;Akademik;Debat & Karya Tulis;Tingkat Kampus;Juara 1;2025;Perguruan Tinggi;1
MHS03519;Non-Akademik;Keagamaan;Tingkat Nasional;Juara 2;2026;Kemendikbudristek;1
MHS03520;Akademik;Sains & Teknologi;Tingkat Lokal/Wilayah;Finalis;2025;Perusahaan/Swasta;1
MHS03521;Non-Akademik;Seni & Budaya;Tingkat Nasional;Peserta;2022;Komunitas/Organisasi;2
MHS03521;Non-Akademik;Kewirausahaan;Tingkat Lokal/Wilayah;Juara 2;2023;Perguruan Tinggi;2
MHS03522;Non-Akademik;Olahraga;Tingkat Lokal/Wilayah;Peserta;2024;Kemendikbudristek;2
MHS03522;Non-Akademik;Kewirausahaan;Tingkat Kampus;Peserta;2025;Perusahaan/Swasta;2
MHS03523;Non-Akademik;Sosial & Kemasyarakatan;Tingkat Kampus;Peserta;2024;Perusahaan/Swasta;3
MHS03523;Non-Akademik;Kewirausahaan;Tingkat Kampus;Finalis;2025;Pemerintah Daerah;3
MHS03523;Akademik;Debat & Karya Tulis;Tingkat Internasional;Finalis;2025;Komunitas/Organisasi;3
MHS03524;Non-Akademik;Sosial & Kemasyarakatan;Tingkat Lokal/Wilayah;Finalis;2020;Pemerintah Daerah;4
MHS03524;Non-Akademik;Seni & Budaya;Tingkat Kampus;Peserta;2022;Perguruan Tinggi;4
MHS03524;Non-Akademik;Sosial & Kemasyarakatan;Tingkat Lokal/Wilayah;Juara 3;2024;Perguruan Tinggi;4
MHS03524;Non-Akademik;Seni & Budaya;Tingkat Kampus;Peserta;2024;Komunitas/Organisasi;4
MHS03525;Non-Akademik;Kewirausahaan;Tingkat Lokal/Wilayah;Juara 1;2025;Komunitas/Organisasi;1
MHS03526;Akademik;Debat & Karya Tulis;Tingkat Internasional;Juara 2;2024;Perguruan Tinggi;1
MHS03528;Akademik;Keagamaan;Tingkat Kampus;Juara 1;2026;Pemerintah Daerah;1
MHS03530;Akademik;Sains & Teknologi;Tingkat Internasional;Juara 1;2026;Kemendikbudristek;1
MHS03531;Akademik;Sains & Teknologi;Tingkat Kampus;Finalis;2024;Kemendikbudristek;2
MHS03531;Akademik;Debat & Karya Tulis;Tingkat Kampus;Peserta;2026;Perguruan Tinggi;2
MHS03532;Non-Akademik;Sosial & Kemasyarakatan;Tingkat Nasional;Peserta;2025;Komunitas/Organisasi;1
MHS03533;Non-Akademik;Seni & Budaya;Tingkat Lokal/Wilayah;Peserta;2025;Pemerintah Daerah;1
MHS03534;Non-Akademik;Sosial & Kemasyarakatan;Tingkat Nasional;Juara 3;2025;Pemerintah Daerah;1
MHS03535;Akademik;Debat & Karya Tulis;Tingkat Kampus;Peserta;2022;Komunitas/Organisasi;3
MHS03535;Non-Akademik;Seni & Budaya;Tingkat Kampus;Juara 2;2025;Pemerintah Daerah;3
MHS03535;Non-Akademik;Keagamaan;Tingkat Kampus;Juara 2;2026;Perusahaan/Swasta;3
MHS03540;Non-Akademik;Seni & Budaya;Tingkat Lokal/Wilayah;Juara 3;2020;Komunitas/Organisasi;2
MHS03540;Akademik;Sains & Teknologi;Tingkat Lokal/Wilayah;Juara 2;2023;Komunitas/Organisasi;2
MHS03542;Non-Akademik;Sosial & Kemasyarakatan;Tingkat Lokal/Wilayah;Juara 3;2023;Perguruan Tinggi;2
MHS03542;Akademik;Sains & Teknologi;Tingkat Nasional;Juara 2;2025;Komunitas/Organisasi;2
MHS03543;Non-Akademik;Olahraga;Tingkat Kampus;Juara 2;2022;Perguruan Tinggi;4
MHS03543;Non-Akademik;Sosial & Kemasyarakatan;Tingkat Lokal/Wilayah;Juara 1;2022;Perusahaan/Swasta;4
MHS03543;Akademik;Sains & Teknologi;Tingkat Kampus;Juara 3;2024;Perguruan Tinggi;4
MHS03543;Non-Akademik;Olahraga;Tingkat Kampus;Juara 3;2025;Kemendikbudristek;4
MHS03546;Akademik;Seni & Budaya;Tingkat Lokal/Wilayah;Peserta;2025;Perguruan Tinggi;2
MHS03546;Non-Akademik;Sosial & Kemasyarakatan;Tingkat Lokal/Wilayah;Finalis;2025;Perusahaan/Swasta;2
MHS03547;Akademik;Debat & Karya Tulis;Tingkat Kampus;Finalis;2026;Komunitas/Organisasi;1
MHS03548;Akademik;Kewirausahaan;Tingkat Nasional;Juara 2;2025;Komunitas/Organisasi;1
MHS03549;Akademik;Olahraga;Tingkat Nasional;Juara 1;2024;Perguruan Tinggi;2
MHS03549;Non-Akademik;Kewirausahaan;Tingkat Kampus;Peserta;2025;Perguruan Tinggi;2
MHS03550;Non-Akademik;Olahraga;Tingkat Lokal/Wilayah;Finalis;2026;Komunitas/Organisasi;1
MHS03554;Non-Akademik;Sosial & Kemasyarakatan;Tingkat Kampus;Finalis;2024;Komunitas/Organisasi;3
MHS03554;Akademik;Debat & Karya Tulis;Tingkat Kampus;Peserta;2026;Kemendikbudristek;3
MHS03554;Non-Akademik;Sosial & Kemasyarakatan;Tingkat Kampus;Juara 3;2026;Komunitas/Organisasi;3
MHS03555;Non-Akademik;Olahraga;Tingkat Nasional;Juara 1;2023;Kemendikbudristek;1
MHS03557;Akademik;Debat & Karya Tulis;Tingkat Lokal/Wilayah;Juara 2;2022;Kemendikbudristek;5
MHS03557;Non-Akademik;Kewirausahaan;Tingkat Internasional;Juara 3;2022;Perusahaan/Swasta;5
MHS03557;Akademik;Sosial & Kemasyarakatan;Tingkat Nasional;Juara 2;2022;Pemerintah Daerah;5
MHS03557;Non-Akademik;Kewirausahaan;Tingkat Nasional;Peserta;2022;Perguruan Tinggi;5
MHS03557;Non-Akademik;Sosial & Kemasyarakatan;Tingkat Nasional;Peserta;2023;Perusahaan/Swasta;5
MHS03558;Non-Akademik;Sosial & Kemasyarakatan;Tingkat Nasional;Juara 3;2022;Komunitas/Organisasi;6
MHS03558;Akademik;Sains & Teknologi;Tingkat Nasional;Juara 2;2022;Komunitas/Organisasi;6
MHS03558;Akademik;Sains & Teknologi;Tingkat Nasional;Juara 3;2023;Pemerintah Daerah;6
MHS03558;Non-Akademik;Seni & Budaya;Tingkat Nasional;Peserta;2023;Perguruan Tinggi;6
MHS03558;Akademik;Keagamaan;Tingkat Nasional;Juara 3;2023;Perguruan Tinggi;6
MHS03558;Non-Akademik;Seni & Budaya;Tingkat Kampus;Juara 1;2023;Perguruan Tinggi;6
MHS03559;Non-Akademik;Sosial & Kemasyarakatan;Tingkat Kampus;Peserta;2024;Perguruan Tinggi;3
MHS03559;Akademik;Keagamaan;Tingkat Lokal/Wilayah;Finalis;2025;Perguruan Tinggi;3
MHS03559;Non-Akademik;Seni & Budaya;Tingkat Nasional;Finalis;2026;Pemerintah Daerah;3
MHS03560;Akademik;Keagamaan;Tingkat Lokal/Wilayah;Finalis;2025;Kemendikbudristek;1
MHS03562;Akademik;Seni & Budaya;Tingkat Nasional;Juara 3;2023;Pemerintah Daerah;1
MHS03563;Akademik;Sains & Teknologi;Tingkat Kampus;Finalis;2022;Komunitas/Organisasi;4
MHS03563;Non-Akademik;Seni & Budaya;Tingkat Kampus;Juara 3;2022;Perusahaan/Swasta;4
MHS03563;Akademik;Sains & Teknologi;Tingkat Kampus;Juara 2;2023;Kemendikbudristek;4
MHS03563;Non-Akademik;Kewirausahaan;Tingkat Lokal/Wilayah;Peserta;2024;Pemerintah Daerah;4
MHS03564;Non-Akademik;Seni & Budaya;Tingkat Kampus;Finalis;2024;Kemendikbudristek;1
MHS03565;Akademik;Debat & Karya Tulis;Tingkat Kampus;Juara 2;2025;Perguruan Tinggi;1
MHS03566;Non-Akademik;Sosial & Kemasyarakatan;Tingkat Lokal/Wilayah;Juara 3;2024;Kemendikbudristek;1
MHS03567;Non-Akademik;Keagamaan;Tingkat Lokal/Wilayah;Juara 2;2025;Pemerintah Daerah;1
MHS03569;Non-Akademik;Kewirausahaan;Tingkat Lokal/Wilayah;Juara 1;2025;Perguruan Tinggi;1
MHS03570;Non-Akademik;Keagamaan;Tingkat Kampus;Finalis;2026;Kemendikbudristek;1
MHS03571;Akademik;Sains & Teknologi;Tingkat Kampus;Peserta;2026;Kemendikbudristek;1
MHS03572;Akademik;Olahraga;Tingkat Kampus;Finalis;2026;Komunitas/Organisasi;1
MHS03573;Akademik;Sains & Teknologi;Tingkat Lokal/Wilayah;Peserta;2022;Komunitas/Organisasi;7
MHS03573;Non-Akademik;Seni & Budaya;Tingkat Nasional;Juara 1;2022;Perguruan Tinggi;7
MHS03573;Akademik;Debat & Karya Tulis;Tingkat Nasional;Peserta;2022;Komunitas/Organisasi;7
MHS03573;Akademik;Debat & Karya Tulis;Tingkat Nasional;Juara 3;2023;Pemerintah Daerah;7
MHS03573;Akademik;Sains & Teknologi;Tingkat Kampus;Finalis;2025;Pemerintah Daerah;7
MHS03573;Akademik;Debat & Karya Tulis;Tingkat Nasional;Juara 3;2025;Perusahaan/Swasta;7
MHS03573;Non-Akademik;Seni & Budaya;Tingkat Kampus;Peserta;2025;Komunitas/Organisasi;7
MHS03574;Non-Akademik;Sosial & Kemasyarakatan;Tingkat Kampus;Peserta;2025;Komunitas/Organisasi;2
MHS03574;Non-Akademik;Seni & Budaya;Tingkat Nasional;Juara 3;2026;Kemendikbudristek;2
MHS03577;Non-Akademik;Kewirausahaan;Tingkat Lokal/Wilayah;Juara 3;2026;Komunitas/Organisasi;1
MHS03578;Non-Akademik;Kewirausahaan;Tingkat Kampus;Juara 1;2024;Pemerintah Daerah;1
MHS03580;Non-Akademik;Keagamaan;Tingkat Kampus;Peserta;2025;Perusahaan/Swasta;1
MHS03585;Non-Akademik;Seni & Budaya;Tingkat Nasional;Peserta;2022;Perusahaan/Swasta;5
MHS03585;Akademik;Debat & Karya Tulis;Tingkat Lokal/Wilayah;Finalis;2023;Perusahaan/Swasta;5
MHS03585;Akademik;Debat & Karya Tulis;Tingkat Lokal/Wilayah;Peserta;2024;Perusahaan/Swasta;5
MHS03585;Non-Akademik;Olahraga;Tingkat Lokal/Wilayah;Juara 2;2025;Perusahaan/Swasta;5
MHS03585;Non-Akademik;Seni & Budaya;Tingkat Kampus;Juara 3;2025;Kemendikbudristek;5
MHS03586;Akademik;Keagamaan;Tingkat Internasional;Peserta;2023;Pemerintah Daerah;4
MHS03586;Non-Akademik;Seni & Budaya;Tingkat Kampus;Peserta;2024;Kemendikbudristek;4
MHS03586;Non-Akademik;Seni & Budaya;Tingkat Kampus;Finalis;2024;Pemerintah Daerah;4
MHS03586;Akademik;Debat & Karya Tulis;Tingkat Internasional;Juara 2;2026;Perguruan Tinggi;4
MHS03589;Akademik;Olahraga;Tingkat Kampus;Juara 3;2022;Pemerintah Daerah;8
MHS03589;Akademik;Sains & Teknologi;Tingkat Nasional;Juara 3;2022;Pemerintah Daerah;8
MHS03589;Non-Akademik;Keagamaan;Tingkat Nasional;Juara 2;2023;Perguruan Tinggi;8
MHS03589;Non-Akademik;Seni & Budaya;Tingkat Lokal/Wilayah;Juara 1;2024;Perusahaan/Swasta;8
MHS03589;Akademik;Sains & Teknologi;Tingkat Nasional;Finalis;2024;Pemerintah Daerah;8
MHS03589;Akademik;Kewirausahaan;Tingkat Kampus;Juara 1;2024;Kemendikbudristek;8
MHS03589;Non-Akademik;Olahraga;Tingkat Nasional;Finalis;2024;Pemerintah Daerah;8
MHS03589;Akademik;Debat & Karya Tulis;Tingkat Internasional;Juara 1;2025;Kemendikbudristek;8
MHS03591;Akademik;Seni & Budaya;Tingkat Nasional;Juara 1;2022;Kemendikbudristek;3
MHS03591;Non-Akademik;Sosial & Kemasyarakatan;Tingkat Nasional;Juara 1;2023;Komunitas/Organisasi;3
MHS03591;Non-Akademik;Sosial & Kemasyarakatan;Tingkat Lokal/Wilayah;Finalis;2024;Kemendikbudristek;3
MHS03592;Non-Akademik;Seni & Budaya;Tingkat Lokal/Wilayah;Peserta;2025;Komunitas/Organisasi;1
MHS03593;Akademik;Sosial & Kemasyarakatan;Tingkat Kampus;Juara 3;2022;Perguruan Tinggi;3
MHS03593;Non-Akademik;Kewirausahaan;Tingkat Kampus;Juara 3;2022;Perguruan Tinggi;3
MHS03593;Non-Akademik;Sosial & Kemasyarakatan;Tingkat Kampus;Juara 2;2023;Perusahaan/Swasta;3
MHS03594;Non-Akademik;Seni & Budaya;Tingkat Lokal/Wilayah;Juara 1;2023;Pemerintah Daerah;3
MHS03594;Akademik;Debat & Karya Tulis;Tingkat Kampus;Peserta;2024;Kemendikbudristek;3
MHS03594;Non-Akademik;Keagamaan;Tingkat Kampus;Finalis;2024;Komunitas/Organisasi;3
MHS03596;Akademik;Sains & Teknologi;Tingkat Kampus;Peserta;2024;Pemerintah Daerah;8
MHS03596;Non-Akademik;Keagamaan;Tingkat Nasional;Juara 1;2024;Komunitas/Organisasi;8
MHS03596;Non-Akademik;Seni & Budaya;Tingkat Nasional;Peserta;2025;Pemerintah Daerah;8
MHS03596;Non-Akademik;Sosial & Kemasyarakatan;Tingkat Internasional;Juara 1;2025;Kemendikbudristek;8
MHS03596;Non-Akademik;Sosial & Kemasyarakatan;Tingkat Kampus;Juara 3;2025;Kemendikbudristek;8
MHS03596;Akademik;Debat & Karya Tulis;Tingkat Nasional;Finalis;2026;Kemendikbudristek;8
MHS03596;Non-Akademik;Sosial & Kemasyarakatan;Tingkat Kampus;Juara 1;2026;Perusahaan/Swasta;8
MHS03596;Akademik;Sains & Teknologi;Tingkat Nasional;Peserta;2026;Kemendikbudristek;8
MHS03597;Akademik;Debat & Karya Tulis;Tingkat Kampus;Finalis;2025;Perguruan Tinggi;3
MHS03597;Akademik;Sains & Teknologi;Tingkat Kampus;Juara 2;2026;Perusahaan/Swasta;3
MHS03597;Akademik;Kewirausahaan;Tingkat Kampus;Peserta;2026;Perguruan Tinggi;3
MHS03598;Non-Akademik;Olahraga;Tingkat Kampus;Finalis;2025;Komunitas/Organisasi;1
MHS03600;Akademik;Debat & Karya Tulis;Tingkat Nasional;Finalis;2026;Perguruan Tinggi;1
MHS03601;Akademik;Kewirausahaan;Tingkat Lokal/Wilayah;Juara 1;2024;Kemendikbudristek;4
MHS03601;Akademik;Olahraga;Tingkat Nasional;Peserta;2025;Perusahaan/Swasta;4
MHS03601;Akademik;Debat & Karya Tulis;Tingkat Nasional;Juara 1;2025;Perusahaan/Swasta;4
MHS03601;Non-Akademik;Kewirausahaan;Tingkat Lokal/Wilayah;Peserta;2026;Perusahaan/Swasta;4
MHS03605;Akademik;Sains & Teknologi;Tingkat Lokal/Wilayah;Finalis;2024;Perguruan Tinggi;1
MHS03606;Akademik;Sains & Teknologi;Tingkat Kampus;Juara 1;2024;Pemerintah Daerah;3
MHS03606;Akademik;Debat & Karya Tulis;Tingkat Lokal/Wilayah;Finalis;2024;Perusahaan/Swasta;3
MHS03606;Akademik;Sains & Teknologi;Tingkat Nasional;Juara 2;2025;Kemendikbudristek;3
MHS03607;Non-Akademik;Kewirausahaan;Tingkat Kampus;Juara 2;2023;Perusahaan/Swasta;2
MHS03607;Akademik;Debat & Karya Tulis;Tingkat Internasional;Finalis;2025;Komunitas/Organisasi;2
MHS03608;Akademik;Sains & Teknologi;Tingkat Lokal/Wilayah;Peserta;2026;Perusahaan/Swasta;2
MHS03608;Non-Akademik;Sosial & Kemasyarakatan;Tingkat Lokal/Wilayah;Juara 1;2026;Perguruan Tinggi;2
MHS03609;Akademik;Sains & Teknologi;Tingkat Kampus;Finalis;2021;Komunitas/Organisasi;4
MHS03609;Non-Akademik;Olahraga;Tingkat Lokal/Wilayah;Juara 3;2022;Kemendikbudristek;4
MHS03609;Akademik;Sains & Teknologi;Tingkat Nasional;Juara 1;2023;Komunitas/Organisasi;4
MHS03609;Akademik;Seni & Budaya;Tingkat Nasional;Finalis;2024;Pemerintah Daerah;4
MHS03612;Non-Akademik;Seni & Budaya;Tingkat Nasional;Peserta;2024;Kemendikbudristek;1
MHS03616;Non-Akademik;Sosial & Kemasyarakatan;Tingkat Internasional;Finalis;2026;Komunitas/Organisasi;1
MHS03618;Akademik;Sains & Teknologi;Tingkat Internasional;Juara 1;2025;Komunitas/Organisasi;1
MHS03619;Non-Akademik;Seni & Budaya;Tingkat Lokal/Wilayah;Finalis;2019;Pemerintah Daerah;4
MHS03619;Non-Akademik;Keagamaan;Tingkat Lokal/Wilayah;Finalis;2023;Pemerintah Daerah;4
MHS03619;Akademik;Keagamaan;Tingkat Kampus;Finalis;2023;Komunitas/Organisasi;4
MHS03619;Akademik;Sains & Teknologi;Tingkat Kampus;Finalis;2023;Komunitas/Organisasi;4
MHS03620;Akademik;Debat & Karya Tulis;Tingkat Nasional;Peserta;2025;Pemerintah Daerah;1
MHS03621;Non-Akademik;Keagamaan;Tingkat Kampus;Finalis;2026;Perusahaan/Swasta;1
MHS03626;Non-Akademik;Kewirausahaan;Tingkat Nasional;Peserta;2026;Pemerintah Daerah;1
MHS03628;Akademik;Kewirausahaan;Tingkat Kampus;Peserta;2026;Pemerintah Daerah;1
MHS03632;Akademik;Sains & Teknologi;Tingkat Kampus;Peserta;2024;Perusahaan/Swasta;2
MHS03632;Akademik;Sosial & Kemasyarakatan;Tingkat Nasional;Juara 1;2025;Perguruan Tinggi;2
MHS03634;Non-Akademik;Kewirausahaan;Tingkat Kampus;Juara 2;2025;Kemendikbudristek;1
MHS03637;Non-Akademik;Keagamaan;Tingkat Internasional;Juara 3;2023;Perusahaan/Swasta;1
MHS03638;Akademik;Keagamaan;Tingkat Lokal/Wilayah;Juara 2;2024;Komunitas/Organisasi;3
MHS03638;Non-Akademik;Keagamaan;Tingkat Kampus;Peserta;2025;Kemendikbudristek;3
MHS03638;Non-Akademik;Kewirausahaan;Tingkat Kampus;Juara 3;2026;Komunitas/Organisasi;3
MHS03639;Non-Akademik;Seni & Budaya;Tingkat Kampus;Peserta;2026;Pemerintah Daerah;1
MHS03640;Non-Akademik;Sosial & Kemasyarakatan;Tingkat Lokal/Wilayah;Juara 1;2024;Komunitas/Organisasi;4
MHS03640;Non-Akademik;Seni & Budaya;Tingkat Lokal/Wilayah;Juara 2;2025;Komunitas/Organisasi;4
MHS03640;Akademik;Sains & Teknologi;Tingkat Nasional;Juara 3;2025;Perusahaan/Swasta;4
MHS03640;Akademik;Sains & Teknologi;Tingkat Nasional;Juara 1;2025;Komunitas/Organisasi;4
MHS03642;Akademik;Keagamaan;Tingkat Lokal/Wilayah;Peserta;2023;Kemendikbudristek;6
MHS03642;Non-Akademik;Keagamaan;Tingkat Lokal/Wilayah;Juara 1;2024;Perguruan Tinggi;6
MHS03642;Akademik;Debat & Karya Tulis;Tingkat Nasional;Finalis;2024;Perusahaan/Swasta;6
MHS03642;Non-Akademik;Keagamaan;Tingkat Lokal/Wilayah;Finalis;2024;Perusahaan/Swasta;6
MHS03642;Akademik;Sains & Teknologi;Tingkat Kampus;Peserta;2025;Kemendikbudristek;6
MHS03642;Non-Akademik;Kewirausahaan;Tingkat Kampus;Finalis;2026;Perguruan Tinggi;6
MHS03643;Non-Akademik;Kewirausahaan;Tingkat Kampus;Finalis;2021;Perguruan Tinggi;6
MHS03643;Non-Akademik;Kewirausahaan;Tingkat Nasional;Juara 3;2021;Pemerintah Daerah;6
MHS03643;Non-Akademik;Olahraga;Tingkat Lokal/Wilayah;Peserta;2023;Perguruan Tinggi;6
MHS03643;Akademik;Sains & Teknologi;Tingkat Nasional;Juara 3;2023;Kemendikbudristek;6
MHS03643;Non-Akademik;Seni & Budaya;Tingkat Nasional;Juara 3;2023;Pemerintah Daerah;6
MHS03643;Akademik;Sains & Teknologi;Tingkat Internasional;Juara 3;2024;Perusahaan/Swasta;6
MHS03645;Akademik;Sains & Teknologi;Tingkat Lokal/Wilayah;Finalis;2024;Perusahaan/Swasta;3
MHS03645;Akademik;Debat & Karya Tulis;Tingkat Lokal/Wilayah;Peserta;2026;Perusahaan/Swasta;3
MHS03645;Non-Akademik;Olahraga;Tingkat Kampus;Peserta;2026;Kemendikbudristek;3
MHS03646;Non-Akademik;Kewirausahaan;Tingkat Kampus;Juara 2;2026;Pemerintah Daerah;2
MHS03646;Non-Akademik;Keagamaan;Tingkat Lokal/Wilayah;Juara 3;2026;Perusahaan/Swasta;2
MHS03647;Akademik;Kewirausahaan;Tingkat Kampus;Finalis;2024;Perusahaan/Swasta;5
MHS03647;Non-Akademik;Sosial & Kemasyarakatan;Tingkat Kampus;Juara 3;2025;Perusahaan/Swasta;5
MHS03647;Akademik;Debat & Karya Tulis;Tingkat Internasional;Juara 2;2025;Komunitas/Organisasi;5
MHS03647;Non-Akademik;Keagamaan;Tingkat Lokal/Wilayah;Peserta;2025;Kemendikbudristek;5
MHS03647;Akademik;Sains & Teknologi;Tingkat Lokal/Wilayah;Juara 2;2025;Komunitas/Organisasi;5
MHS03649;Akademik;Sains & Teknologi;Tingkat Lokal/Wilayah;Finalis;2023;Pemerintah Daerah;2
MHS03649;Non-Akademik;Seni & Budaya;Tingkat Nasional;Peserta;2023;Perusahaan/Swasta;2
MHS03651;Non-Akademik;Sosial & Kemasyarakatan;Tingkat Kampus;Peserta;2026;Perusahaan/Swasta;1
MHS03654;Akademik;Sains & Teknologi;Tingkat Nasional;Finalis;2022;Kemendikbudristek;5
MHS03654;Non-Akademik;Kewirausahaan;Tingkat Nasional;Peserta;2023;Kemendikbudristek;5
MHS03654;Non-Akademik;Kewirausahaan;Tingkat Lokal/Wilayah;Peserta;2023;Komunitas/Organisasi;5
MHS03654;Non-Akademik;Kewirausahaan;Tingkat Kampus;Peserta;2024;Kemendikbudristek;5
MHS03654;Akademik;Sains & Teknologi;Tingkat Kampus;Juara 3;2025;Perguruan Tinggi;5
MHS03655;Akademik;Debat & Karya Tulis;Tingkat Nasional;Finalis;2025;Perusahaan/Swasta;1
MHS03656;Akademik;Sains & Teknologi;Tingkat Lokal/Wilayah;Finalis;2021;Kemendikbudristek;3
MHS03656;Non-Akademik;Kewirausahaan;Tingkat Lokal/Wilayah;Peserta;2023;Perguruan Tinggi;3
MHS03656;Akademik;Debat & Karya Tulis;Tingkat Kampus;Finalis;2023;Perguruan Tinggi;3
MHS03659;Non-Akademik;Olahraga;Tingkat Kampus;Juara 1;2024;Komunitas/Organisasi;2
MHS03659;Non-Akademik;Kewirausahaan;Tingkat Lokal/Wilayah;Finalis;2025;Kemendikbudristek;2
MHS03660;Akademik;Sosial & Kemasyarakatan;Tingkat Lokal/Wilayah;Peserta;2025;Perguruan Tinggi;2
MHS03660;Non-Akademik;Kewirausahaan;Tingkat Kampus;Juara 3;2026;Kemendikbudristek;2
MHS03662;Non-Akademik;Kewirausahaan;Tingkat Kampus;Juara 2;2023;Perguruan Tinggi;2
MHS03662;Akademik;Debat & Karya Tulis;Tingkat Kampus;Finalis;2023;Perguruan Tinggi;2
MHS03663;Non-Akademik;Seni & Budaya;Tingkat Kampus;Finalis;2025;Pemerintah Daerah;1
MHS03667;Non-Akademik;Olahraga;Tingkat Nasional;Peserta;2025;Kemendikbudristek;1
MHS03668;Non-Akademik;Keagamaan;Tingkat Lokal/Wilayah;Peserta;2024;Komunitas/Organisasi;2
MHS03668;Non-Akademik;Kewirausahaan;Tingkat Lokal/Wilayah;Peserta;2024;Perguruan Tinggi;2
MHS03671;Non-Akademik;Keagamaan;Tingkat Kampus;Juara 1;2024;Perguruan Tinggi;1
MHS03673;Akademik;Debat & Karya Tulis;Tingkat Lokal/Wilayah;Juara 2;2022;Kemendikbudristek;4
MHS03673;Akademik;Kewirausahaan;Tingkat Kampus;Finalis;2025;Komunitas/Organisasi;4
MHS03673;Akademik;Debat & Karya Tulis;Tingkat Nasional;Juara 1;2025;Pemerintah Daerah;4
MHS03673;Akademik;Debat & Karya Tulis;Tingkat Kampus;Juara 2;2026;Pemerintah Daerah;4
MHS03674;Akademik;Debat & Karya Tulis;Tingkat Lokal/Wilayah;Finalis;2024;Pemerintah Daerah;3
MHS03674;Akademik;Debat & Karya Tulis;Tingkat Nasional;Juara 2;2025;Perusahaan/Swasta;3
MHS03674;Non-Akademik;Kewirausahaan;Tingkat Internasional;Peserta;2026;Kemendikbudristek;3
MHS03675;Akademik;Sains & Teknologi;Tingkat Kampus;Peserta;2025;Kemendikbudristek;1
MHS03677;Non-Akademik;Olahraga;Tingkat Kampus;Finalis;2026;Pemerintah Daerah;2
MHS03677;Akademik;Sains & Teknologi;Tingkat Nasional;Peserta;2026;Perusahaan/Swasta;2
MHS03678;Non-Akademik;Olahraga;Tingkat Internasional;Juara 3;2023;Kemendikbudristek;2
MHS03678;Akademik;Olahraga;Tingkat Kampus;Juara 1;2023;Perguruan Tinggi;2
MHS03679;Akademik;Debat & Karya Tulis;Tingkat Kampus;Peserta;2022;Perusahaan/Swasta;4
MHS03679;Non-Akademik;Olahraga;Tingkat Kampus;Juara 3;2022;Perguruan Tinggi;4
MHS03679;Akademik;Debat & Karya Tulis;Tingkat Kampus;Finalis;2023;Perguruan Tinggi;4
MHS03679;Akademik;Debat & Karya Tulis;Tingkat Kampus;Juara 2;2025;Komunitas/Organisasi;4
MHS03680;Akademik;Sains & Teknologi;Tingkat Kampus;Peserta;2024;Komunitas/Organisasi;2
MHS03680;Non-Akademik;Olahraga;Tingkat Kampus;Peserta;2025;Perusahaan/Swasta;2
MHS03681;Akademik;Debat & Karya Tulis;Tingkat Nasional;Peserta;2025;Perusahaan/Swasta;2
MHS03681;Non-Akademik;Seni & Budaya;Tingkat Kampus;Peserta;2025;Kemendikbudristek;2
MHS03682;Non-Akademik;Kewirausahaan;Tingkat Lokal/Wilayah;Finalis;2024;Pemerintah Daerah;1
MHS03683;Non-Akademik;Keagamaan;Tingkat Lokal/Wilayah;Finalis;2025;Kemendikbudristek;1
MHS03684;Non-Akademik;Sosial & Kemasyarakatan;Tingkat Lokal/Wilayah;Juara 3;2023;Pemerintah Daerah;2
MHS03684;Akademik;Sains & Teknologi;Tingkat Kampus;Peserta;2025;Perguruan Tinggi;2
MHS03685;Non-Akademik;Sosial & Kemasyarakatan;Tingkat Kampus;Finalis;2026;Kemendikbudristek;1
MHS03686;Non-Akademik;Kewirausahaan;Tingkat Kampus;Juara 1;2025;Pemerintah Daerah;2
MHS03686;Non-Akademik;Kewirausahaan;Tingkat Kampus;Finalis;2025;Kemendikbudristek;2
MHS03687;Akademik;Kewirausahaan;Tingkat Kampus;Finalis;2026;Perusahaan/Swasta;1
MHS03689;Non-Akademik;Olahraga;Tingkat Nasional;Juara 1;2022;Perguruan Tinggi;1
MHS03692;Akademik;Sains & Teknologi;Tingkat Kampus;Juara 2;2026;Kemendikbudristek;1
MHS03694;Non-Akademik;Kewirausahaan;Tingkat Lokal/Wilayah;Finalis;2024;Perguruan Tinggi;1
MHS03696;Non-Akademik;Kewirausahaan;Tingkat Nasional;Juara 3;2025;Kemendikbudristek;3
MHS03696;Akademik;Debat & Karya Tulis;Tingkat Nasional;Peserta;2025;Perusahaan/Swasta;3
MHS03696;Akademik;Sains & Teknologi;Tingkat Nasional;Juara 3;2026;Perguruan Tinggi;3
MHS03698;Akademik;Debat & Karya Tulis;Tingkat Kampus;Finalis;2026;Kemendikbudristek;1
MHS03699;Non-Akademik;Olahraga;Tingkat Kampus;Juara 2;2025;Perguruan Tinggi;1
MHS03700;Akademik;Sains & Teknologi;Tingkat Nasional;Juara 2;2026;Perguruan Tinggi;1
MHS03701;Non-Akademik;Olahraga;Tingkat Lokal/Wilayah;Juara 3;2025;Komunitas/Organisasi;1
MHS03706;Non-Akademik;Olahraga;Tingkat Kampus;Juara 3;2021;Perusahaan/Swasta;4
MHS03706;Non-Akademik;Sosial & Kemasyarakatan;Tingkat Kampus;Juara 2;2023;Komunitas/Organisasi;4
MHS03706;Akademik;Olahraga;Tingkat Lokal/Wilayah;Finalis;2024;Komunitas/Organisasi;4
MHS03706;Akademik;Sains & Teknologi;Tingkat Kampus;Finalis;2025;Perusahaan/Swasta;4
MHS03707;Non-Akademik;Seni & Budaya;Tingkat Kampus;Juara 2;2025;Perusahaan/Swasta;1
MHS03708;Akademik;Olahraga;Tingkat Kampus;Finalis;2023;Kemendikbudristek;3
MHS03708;Akademik;Sains & Teknologi;Tingkat Nasional;Peserta;2024;Komunitas/Organisasi;3
MHS03708;Non-Akademik;Keagamaan;Tingkat Lokal/Wilayah;Finalis;2024;Perguruan Tinggi;3
MHS03712;Akademik;Kewirausahaan;Tingkat Lokal/Wilayah;Juara 1;2025;Perusahaan/Swasta;2
MHS03712;Akademik;Debat & Karya Tulis;Tingkat Lokal/Wilayah;Juara 2;2026;Komunitas/Organisasi;2
MHS03713;Non-Akademik;Kewirausahaan;Tingkat Kampus;Peserta;2023;Perguruan Tinggi;1
MHS03714;Akademik;Debat & Karya Tulis;Tingkat Kampus;Peserta;2024;Perguruan Tinggi;1
MHS03715;Non-Akademik;Seni & Budaya;Tingkat Nasional;Peserta;2025;Perguruan Tinggi;3
MHS03715;Akademik;Sains & Teknologi;Tingkat Kampus;Peserta;2025;Komunitas/Organisasi;3
MHS03715;Non-Akademik;Sosial & Kemasyarakatan;Tingkat Nasional;Juara 3;2025;Komunitas/Organisasi;3
MHS03716;Non-Akademik;Seni & Budaya;Tingkat Nasional;Juara 3;2023;Perusahaan/Swasta;7
MHS03716;Non-Akademik;Seni & Budaya;Tingkat Nasional;Juara 1;2024;Perusahaan/Swasta;7
MHS03716;Non-Akademik;Olahraga;Tingkat Kampus;Juara 1;2024;Pemerintah Daerah;7
MHS03716;Akademik;Sains & Teknologi;Tingkat Kampus;Peserta;2025;Pemerintah Daerah;7
MHS03716;Akademik;Olahraga;Tingkat Kampus;Juara 1;2025;Perusahaan/Swasta;7
MHS03716;Akademik;Sains & Teknologi;Tingkat Kampus;Juara 3;2025;Kemendikbudristek;7
MHS03716;Non-Akademik;Sosial & Kemasyarakatan;Tingkat Nasional;Juara 3;2026;Pemerintah Daerah;7
MHS03720;Non-Akademik;Keagamaan;Tingkat Kampus;Peserta;2022;Perusahaan/Swasta;3
MHS03720;Non-Akademik;Seni & Budaya;Tingkat Nasional;Juara 3;2023;Perguruan Tinggi;3
MHS03720;Akademik;Sains & Teknologi;Tingkat Lokal/Wilayah;Juara 3;2023;Pemerintah Daerah;3
MHS03722;Non-Akademik;Keagamaan;Tingkat Kampus;Finalis;2025;Perusahaan/Swasta;2
MHS03722;Akademik;Sains & Teknologi;Tingkat Lokal/Wilayah;Finalis;2025;Perusahaan/Swasta;2
MHS03725;Non-Akademik;Olahraga;Tingkat Nasional;Finalis;2023;Perusahaan/Swasta;2
MHS03725;Non-Akademik;Keagamaan;Tingkat Nasional;Peserta;2025;Kemendikbudristek;2
MHS03728;Non-Akademik;Sosial & Kemasyarakatan;Tingkat Kampus;Juara 3;2023;Perusahaan/Swasta;8
MHS03728;Akademik;Sains & Teknologi;Tingkat Nasional;Finalis;2023;Kemendikbudristek;8
MHS03728;Akademik;Sains & Teknologi;Tingkat Kampus;Finalis;2024;Kemendikbudristek;8
MHS03728;Non-Akademik;Sosial & Kemasyarakatan;Tingkat Nasional;Juara 3;2025;Perguruan Tinggi;8
MHS03728;Non-Akademik;Keagamaan;Tingkat Nasional;Finalis;2025;Kemendikbudristek;8
MHS03728;Non-Akademik;Olahraga;Tingkat Nasional;Finalis;2025;Perguruan Tinggi;8
MHS03728;Non-Akademik;Sosial & Kemasyarakatan;Tingkat Kampus;Finalis;2025;Kemendikbudristek;8
MHS03728;Akademik;Debat & Karya Tulis;Tingkat Nasional;Juara 2;2026;Perguruan Tinggi;8
MHS03730;Akademik;Sains & Teknologi;Tingkat Kampus;Finalis;2024;Komunitas/Organisasi;1
MHS03731;Non-Akademik;Seni & Budaya;Tingkat Kampus;Finalis;2021;Kemendikbudristek;1
MHS03732;Akademik;Sains & Teknologi;Tingkat Nasional;Peserta;2024;Pemerintah Daerah;5
MHS03732;Non-Akademik;Olahraga;Tingkat Nasional;Juara 1;2024;Perusahaan/Swasta;5
MHS03732;Akademik;Debat & Karya Tulis;Tingkat Lokal/Wilayah;Peserta;2024;Perguruan Tinggi;5
MHS03732;Akademik;Sains & Teknologi;Tingkat Internasional;Juara 1;2025;Kemendikbudristek;5
MHS03732;Akademik;Olahraga;Tingkat Nasional;Juara 3;2026;Perusahaan/Swasta;5
MHS03733;Akademik;Debat & Karya Tulis;Tingkat Lokal/Wilayah;Finalis;2020;Pemerintah Daerah;1
MHS03734;Non-Akademik;Seni & Budaya;Tingkat Lokal/Wilayah;Peserta;2026;Pemerintah Daerah;1
MHS03737;Non-Akademik;Keagamaan;Tingkat Nasional;Peserta;2025;Komunitas/Organisasi;1
MHS03738;Akademik;Sains & Teknologi;Tingkat Lokal/Wilayah;Peserta;2024;Perguruan Tinggi;2
MHS03738;Non-Akademik;Kewirausahaan;Tingkat Kampus;Peserta;2024;Perguruan Tinggi;2
MHS03740;Akademik;Sains & Teknologi;Tingkat Internasional;Juara 3;2021;Perusahaan/Swasta;8
MHS03740;Akademik;Olahraga;Tingkat Nasional;Juara 1;2022;Kemendikbudristek;8
MHS03740;Non-Akademik;Olahraga;Tingkat Internasional;Juara 3;2022;Kemendikbudristek;8
MHS03740;Akademik;Kewirausahaan;Tingkat Nasional;Finalis;2023;Komunitas/Organisasi;8
MHS03740;Non-Akademik;Sosial & Kemasyarakatan;Tingkat Kampus;Juara 3;2023;Pemerintah Daerah;8
MHS03740;Akademik;Sains & Teknologi;Tingkat Nasional;Juara 1;2023;Komunitas/Organisasi;8
MHS03740;Non-Akademik;Sosial & Kemasyarakatan;Tingkat Nasional;Finalis;2023;Komunitas/Organisasi;8
MHS03740;Non-Akademik;Keagamaan;Tingkat Kampus;Peserta;2024;Pemerintah Daerah;8
MHS03742;Akademik;Sains & Teknologi;Tingkat Lokal/Wilayah;Juara 1;2023;Perusahaan/Swasta;1
MHS03743;Akademik;Olahraga;Tingkat Kampus;Finalis;2025;Kemendikbudristek;1
MHS03747;Akademik;Kewirausahaan;Tingkat Kampus;Peserta;2022;Komunitas/Organisasi;2
MHS03747;Akademik;Debat & Karya Tulis;Tingkat Lokal/Wilayah;Peserta;2022;Pemerintah Daerah;2
MHS03748;Non-Akademik;Seni & Budaya;Tingkat Kampus;Peserta;2025;Perguruan Tinggi;1
MHS03750;Non-Akademik;Sosial & Kemasyarakatan;Tingkat Kampus;Juara 2;2024;Perusahaan/Swasta;6
MHS03750;Akademik;Sains & Teknologi;Tingkat Kampus;Peserta;2024;Perguruan Tinggi;6
MHS03750;Akademik;Debat & Karya Tulis;Tingkat Lokal/Wilayah;Peserta;2025;Komunitas/Organisasi;6
MHS03750;Non-Akademik;Keagamaan;Tingkat Lokal/Wilayah;Juara 3;2026;Komunitas/Organisasi;6
MHS03750;Akademik;Debat & Karya Tulis;Tingkat Nasional;Finalis;2026;Perguruan Tinggi;6
MHS03750;Non-Akademik;Olahraga;Tingkat Nasional;Finalis;2026;Perguruan Tinggi;6
MHS03751;Non-Akademik;Seni & Budaya;Tingkat Nasional;Juara 2;2020;Kemendikbudristek;8
MHS03751;Non-Akademik;Sosial & Kemasyarakatan;Tingkat Kampus;Juara 2;2021;Pemerintah Daerah;8
MHS03751;Non-Akademik;Olahraga;Tingkat Internasional;Juara 2;2021;Kemendikbudristek;8
MHS03751;Akademik;Debat & Karya Tulis;Tingkat Lokal/Wilayah;Juara 1;2023;Perusahaan/Swasta;8
MHS03751;Akademik;Debat & Karya Tulis;Tingkat Kampus;Finalis;2023;Perguruan Tinggi;8
MHS03751;Non-Akademik;Kewirausahaan;Tingkat Kampus;Finalis;2024;Komunitas/Organisasi;8
MHS03751;Akademik;Sains & Teknologi;Tingkat Lokal/Wilayah;Juara 1;2024;Pemerintah Daerah;8
MHS03751;Akademik;Debat & Karya Tulis;Tingkat Kampus;Juara 1;2024;Komunitas/Organisasi;8
MHS03753;Akademik;Sosial & Kemasyarakatan;Tingkat Kampus;Peserta;2020;Perusahaan/Swasta;3
MHS03753;Non-Akademik;Keagamaan;Tingkat Kampus;Juara 1;2022;Pemerintah Daerah;3
MHS03753;Non-Akademik;Olahraga;Tingkat Lokal/Wilayah;Peserta;2024;Komunitas/Organisasi;3
MHS03755;Non-Akademik;Kewirausahaan;Tingkat Kampus;Finalis;2023;Komunitas/Organisasi;2
MHS03755;Akademik;Debat & Karya Tulis;Tingkat Kampus;Finalis;2026;Perusahaan/Swasta;2
MHS03759;Non-Akademik;Kewirausahaan;Tingkat Lokal/Wilayah;Juara 1;2021;Kemendikbudristek;3
MHS03759;Akademik;Debat & Karya Tulis;Tingkat Nasional;Juara 1;2023;Komunitas/Organisasi;3
MHS03759;Akademik;Keagamaan;Tingkat Lokal/Wilayah;Juara 2;2024;Perusahaan/Swasta;3
MHS03760;Akademik;Debat & Karya Tulis;Tingkat Nasional;Finalis;2026;Perguruan Tinggi;1
MHS03763;Non-Akademik;Kewirausahaan;Tingkat Kampus;Finalis;2025;Perusahaan/Swasta;2
MHS03763;Non-Akademik;Seni & Budaya;Tingkat Kampus;Peserta;2025;Perguruan Tinggi;2
MHS03764;Non-Akademik;Keagamaan;Tingkat Kampus;Finalis;2023;Perguruan Tinggi;3
MHS03764;Non-Akademik;Olahraga;Tingkat Lokal/Wilayah;Juara 2;2024;Perguruan Tinggi;3
MHS03764;Non-Akademik;Seni & Budaya;Tingkat Internasional;Peserta;2025;Kemendikbudristek;3
MHS03765;Non-Akademik;Olahraga;Tingkat Kampus;Juara 1;2025;Kemendikbudristek;1
MHS03766;Non-Akademik;Sosial & Kemasyarakatan;Tingkat Nasional;Juara 2;2025;Perusahaan/Swasta;3
MHS03766;Non-Akademik;Sosial & Kemasyarakatan;Tingkat Lokal/Wilayah;Finalis;2025;Perusahaan/Swasta;3
MHS03766;Non-Akademik;Sosial & Kemasyarakatan;Tingkat Kampus;Finalis;2026;Komunitas/Organisasi;3
MHS03767;Akademik;Kewirausahaan;Tingkat Nasional;Peserta;2025;Kemendikbudristek;1
MHS03768;Non-Akademik;Kewirausahaan;Tingkat Nasional;Juara 1;2023;Perusahaan/Swasta;5
MHS03768;Akademik;Debat & Karya Tulis;Tingkat Kampus;Peserta;2025;Kemendikbudristek;5
MHS03768;Non-Akademik;Keagamaan;Tingkat Kampus;Finalis;2025;Perguruan Tinggi;5
MHS03768;Non-Akademik;Seni & Budaya;Tingkat Lokal/Wilayah;Finalis;2025;Kemendikbudristek;5
MHS03768;Akademik;Debat & Karya Tulis;Tingkat Lokal/Wilayah;Finalis;2025;Perguruan Tinggi;5
MHS03770;Akademik;Sains & Teknologi;Tingkat Lokal/Wilayah;Finalis;2023;Pemerintah Daerah;5
MHS03770;Akademik;Debat & Karya Tulis;Tingkat Kampus;Juara 3;2023;Perusahaan/Swasta;5
MHS03770;Akademik;Sains & Teknologi;Tingkat Kampus;Peserta;2024;Perusahaan/Swasta;5
MHS03770;Akademik;Sains & Teknologi;Tingkat Lokal/Wilayah;Peserta;2025;Komunitas/Organisasi;5
MHS03770;Non-Akademik;Sosial & Kemasyarakatan;Tingkat Lokal/Wilayah;Juara 1;2026;Komunitas/Organisasi;5
MHS03772;Non-Akademik;Kewirausahaan;Tingkat Lokal/Wilayah;Juara 1;2025;Perguruan Tinggi;1
MHS03774;Non-Akademik;Kewirausahaan;Tingkat Lokal/Wilayah;Peserta;2024;Komunitas/Organisasi;1
MHS03775;Non-Akademik;Sosial & Kemasyarakatan;Tingkat Kampus;Finalis;2025;Perusahaan/Swasta;1
MHS03776;Non-Akademik;Seni & Budaya;Tingkat Nasional;Peserta;2020;Komunitas/Organisasi;4
MHS03776;Non-Akademik;Keagamaan;Tingkat Kampus;Finalis;2020;Perusahaan/Swasta;4
MHS03776;Non-Akademik;Kewirausahaan;Tingkat Nasional;Juara 1;2023;Perguruan Tinggi;4
MHS03776;Non-Akademik;Sosial & Kemasyarakatan;Tingkat Kampus;Juara 3;2023;Pemerintah Daerah;4
MHS03777;Akademik;Debat & Karya Tulis;Tingkat Kampus;Juara 3;2025;Perguruan Tinggi;2
MHS03777;Akademik;Keagamaan;Tingkat Lokal/Wilayah;Peserta;2025;Perguruan Tinggi;2
MHS03779;Akademik;Sains & Teknologi;Tingkat Kampus;Peserta;2026;Komunitas/Organisasi;1
MHS03780;Non-Akademik;Seni & Budaya;Tingkat Nasional;Finalis;2021;Perusahaan/Swasta;6
MHS03780;Non-Akademik;Kewirausahaan;Tingkat Lokal/Wilayah;Peserta;2022;Pemerintah Daerah;6
MHS03780;Akademik;Debat & Karya Tulis;Tingkat Kampus;Finalis;2022;Pemerintah Daerah;6
MHS03780;Akademik;Debat & Karya Tulis;Tingkat Lokal/Wilayah;Finalis;2022;Kemendikbudristek;6
MHS03780;Akademik;Seni & Budaya;Tingkat Kampus;Juara 1;2022;Pemerintah Daerah;6
MHS03780;Non-Akademik;Kewirausahaan;Tingkat Internasional;Juara 3;2022;Komunitas/Organisasi;6
MHS03781;Non-Akademik;Sosial & Kemasyarakatan;Tingkat Kampus;Juara 1;2025;Perguruan Tinggi;2
MHS03781;Non-Akademik;Olahraga;Tingkat Kampus;Peserta;2025;Pemerintah Daerah;2
MHS03782;Akademik;Kewirausahaan;Tingkat Nasional;Peserta;2024;Perusahaan/Swasta;2
MHS03782;Non-Akademik;Olahraga;Tingkat Kampus;Finalis;2026;Perguruan Tinggi;2
MHS03785;Akademik;Sains & Teknologi;Tingkat Internasional;Juara 3;2024;Pemerintah Daerah;8
MHS03785;Non-Akademik;Keagamaan;Tingkat Kampus;Peserta;2024;Komunitas/Organisasi;8
MHS03785;Non-Akademik;Kewirausahaan;Tingkat Nasional;Peserta;2024;Perguruan Tinggi;8
MHS03785;Akademik;Debat & Karya Tulis;Tingkat Nasional;Finalis;2025;Komunitas/Organisasi;8
MHS03785;Akademik;Sains & Teknologi;Tingkat Lokal/Wilayah;Finalis;2025;Pemerintah Daerah;8
MHS03785;Akademik;Debat & Karya Tulis;Tingkat Lokal/Wilayah;Juara 1;2025;Kemendikbudristek;8
MHS03785;Akademik;Debat & Karya Tulis;Tingkat Internasional;Juara 1;2025;Pemerintah Daerah;8
MHS03785;Akademik;Sains & Teknologi;Tingkat Kampus;Juara 3;2026;Kemendikbudristek;8
MHS03786;Non-Akademik;Sosial & Kemasyarakatan;Tingkat Internasional;Peserta;2024;Kemendikbudristek;4
MHS03786;Non-Akademik;Keagamaan;Tingkat Kampus;Peserta;2024;Komunitas/Organisasi;4
MHS03786;Non-Akademik;Keagamaan;Tingkat Kampus;Finalis;2025;Pemerintah Daerah;4
MHS03786;Akademik;Sains & Teknologi;Tingkat Nasional;Juara 3;2026;Kemendikbudristek;4
MHS03787;Akademik;Debat & Karya Tulis;Tingkat Lokal/Wilayah;Peserta;2025;Komunitas/Organisasi;2
MHS03787;Non-Akademik;Kewirausahaan;Tingkat Lokal/Wilayah;Juara 3;2025;Komunitas/Organisasi;2
MHS03788;Non-Akademik;Olahraga;Tingkat Kampus;Finalis;2022;Perusahaan/Swasta;7
MHS03788;Non-Akademik;Kewirausahaan;Tingkat Lokal/Wilayah;Peserta;2023;Perusahaan/Swasta;7
MHS03788;Non-Akademik;Keagamaan;Tingkat Kampus;Finalis;2023;Perguruan Tinggi;7
MHS03788;Non-Akademik;Keagamaan;Tingkat Lokal/Wilayah;Juara 2;2023;Komunitas/Organisasi;7
MHS03788;Non-Akademik;Olahraga;Tingkat Nasional;Juara 2;2025;Komunitas/Organisasi;7
MHS03788;Akademik;Sains & Teknologi;Tingkat Lokal/Wilayah;Juara 3;2025;Komunitas/Organisasi;7
MHS03788;Non-Akademik;Sosial & Kemasyarakatan;Tingkat Kampus;Juara 2;2025;Perguruan Tinggi;7
MHS03789;Akademik;Sains & Teknologi;Tingkat Kampus;Finalis;2022;Komunitas/Organisasi;5
MHS03789;Akademik;Sains & Teknologi;Tingkat Kampus;Finalis;2023;Perusahaan/Swasta;5
MHS03789;Akademik;Kewirausahaan;Tingkat Kampus;Juara 3;2025;Perusahaan/Swasta;5
MHS03789;Non-Akademik;Seni & Budaya;Tingkat Lokal/Wilayah;Peserta;2026;Pemerintah Daerah;5
MHS03789;Akademik;Seni & Budaya;Tingkat Kampus;Peserta;2026;Perusahaan/Swasta;5
MHS03791;Akademik;Debat & Karya Tulis;Tingkat Nasional;Juara 3;2025;Komunitas/Organisasi;1
MHS03794;Akademik;Kewirausahaan;Tingkat Lokal/Wilayah;Peserta;2023;Pemerintah Daerah;1
MHS03798;Akademik;Debat & Karya Tulis;Tingkat Kampus;Finalis;2024;Perusahaan/Swasta;1
MHS03799;Akademik;Debat & Karya Tulis;Tingkat Kampus;Peserta;2019;Perusahaan/Swasta;4
MHS03799;Akademik;Debat & Karya Tulis;Tingkat Kampus;Juara 3;2020;Komunitas/Organisasi;4
MHS03799;Non-Akademik;Keagamaan;Tingkat Nasional;Juara 3;2021;Perguruan Tinggi;4
MHS03799;Akademik;Sains & Teknologi;Tingkat Nasional;Juara 2;2022;Komunitas/Organisasi;4
MHS03800;Akademik;Sains & Teknologi;Tingkat Lokal/Wilayah;Juara 2;2024;Pemerintah Daerah;2
MHS03800;Akademik;Debat & Karya Tulis;Tingkat Kampus;Juara 2;2025;Komunitas/Organisasi;2
MHS03801;Akademik;Keagamaan;Tingkat Kampus;Peserta;2024;Perusahaan/Swasta;1
MHS03802;Non-Akademik;Keagamaan;Tingkat Lokal/Wilayah;Juara 3;2026;Perguruan Tinggi;1
MHS03803;Non-Akademik;Keagamaan;Tingkat Nasional;Finalis;2025;Komunitas/Organisasi;2
MHS03803;Akademik;Debat & Karya Tulis;Tingkat Nasional;Juara 3;2026;Perusahaan/Swasta;2
MHS03804;Non-Akademik;Sosial & Kemasyarakatan;Tingkat Nasional;Finalis;2025;Perguruan Tinggi;1
MHS03807;Akademik;Sosial & Kemasyarakatan;Tingkat Nasional;Finalis;2024;Perguruan Tinggi;1
MHS03810;Akademik;Debat & Karya Tulis;Tingkat Kampus;Juara 1;2023;Komunitas/Organisasi;3
MHS03810;Non-Akademik;Olahraga;Tingkat Lokal/Wilayah;Juara 2;2025;Perusahaan/Swasta;3
MHS03810;Non-Akademik;Olahraga;Tingkat Kampus;Peserta;2026;Komunitas/Organisasi;3
MHS03811;Non-Akademik;Olahraga;Tingkat Lokal/Wilayah;Juara 1;2025;Kemendikbudristek;1
MHS03814;Akademik;Seni & Budaya;Tingkat Lokal/Wilayah;Juara 2;2023;Kemendikbudristek;7
MHS03814;Non-Akademik;Kewirausahaan;Tingkat Kampus;Juara 3;2024;Komunitas/Organisasi;7
MHS03814;Akademik;Sosial & Kemasyarakatan;Tingkat Nasional;Juara 2;2024;Pemerintah Daerah;7
MHS03814;Akademik;Debat & Karya Tulis;Tingkat Kampus;Finalis;2025;Perusahaan/Swasta;7
MHS03814;Akademik;Olahraga;Tingkat Kampus;Juara 1;2026;Perguruan Tinggi;7
MHS03814;Akademik;Sains & Teknologi;Tingkat Lokal/Wilayah;Juara 1;2026;Perusahaan/Swasta;7
MHS03814;Non-Akademik;Keagamaan;Tingkat Nasional;Juara 3;2026;Perusahaan/Swasta;7
MHS03815;Akademik;Sosial & Kemasyarakatan;Tingkat Nasional;Juara 2;2023;Pemerintah Daerah;2
MHS03815;Akademik;Debat & Karya Tulis;Tingkat Lokal/Wilayah;Peserta;2024;Pemerintah Daerah;2
MHS03816;Akademik;Keagamaan;Tingkat Nasional;Peserta;2020;Komunitas/Organisasi;2
MHS03816;Non-Akademik;Sosial & Kemasyarakatan;Tingkat Kampus;Juara 2;2023;Perusahaan/Swasta;2
MHS03818;Akademik;Debat & Karya Tulis;Tingkat Nasional;Finalis;2024;Pemerintah Daerah;4
MHS03818;Non-Akademik;Seni & Budaya;Tingkat Lokal/Wilayah;Juara 1;2025;Komunitas/Organisasi;4
MHS03818;Non-Akademik;Keagamaan;Tingkat Nasional;Juara 3;2026;Perguruan Tinggi;4
MHS03818;Akademik;Sains & Teknologi;Tingkat Kampus;Finalis;2026;Komunitas/Organisasi;4
MHS03822;Non-Akademik;Seni & Budaya;Tingkat Kampus;Finalis;2025;Kemendikbudristek;1
MHS03823;Akademik;Debat & Karya Tulis;Tingkat Nasional;Juara 1;2024;Kemendikbudristek;1
MHS03825;Non-Akademik;Seni & Budaya;Tingkat Lokal/Wilayah;Peserta;2025;Kemendikbudristek;2
MHS03825;Non-Akademik;Sosial & Kemasyarakatan;Tingkat Kampus;Juara 2;2025;Kemendikbudristek;2
MHS03828;Non-Akademik;Seni & Budaya;Tingkat Kampus;Finalis;2026;Kemendikbudristek;1
MHS03829;Non-Akademik;Keagamaan;Tingkat Kampus;Juara 3;2024;Kemendikbudristek;1
MHS03833;Akademik;Debat & Karya Tulis;Tingkat Lokal/Wilayah;Peserta;2021;Kemendikbudristek;4
MHS03833;Non-Akademik;Seni & Budaya;Tingkat Kampus;Juara 2;2023;Pemerintah Daerah;4
MHS03833;Akademik;Sains & Teknologi;Tingkat Lokal/Wilayah;Finalis;2023;Komunitas/Organisasi;4
MHS03833;Non-Akademik;Olahraga;Tingkat Kampus;Finalis;2023;Komunitas/Organisasi;4
MHS03834;Akademik;Sains & Teknologi;Tingkat Nasional;Juara 1;2021;Komunitas/Organisasi;2
MHS03834;Non-Akademik;Sosial & Kemasyarakatan;Tingkat Lokal/Wilayah;Juara 3;2024;Perguruan Tinggi;2
MHS03837;Akademik;Debat & Karya Tulis;Tingkat Lokal/Wilayah;Juara 3;2023;Pemerintah Daerah;2
MHS03837;Akademik;Debat & Karya Tulis;Tingkat Lokal/Wilayah;Peserta;2024;Perguruan Tinggi;2
MHS03839;Non-Akademik;Keagamaan;Tingkat Kampus;Finalis;2024;Perguruan Tinggi;1
MHS03840;Akademik;Debat & Karya Tulis;Tingkat Kampus;Finalis;2025;Perusahaan/Swasta;1
MHS03841;Akademik;Keagamaan;Tingkat Nasional;Juara 2;2023;Perusahaan/Swasta;4
MHS03841;Akademik;Seni & Budaya;Tingkat Lokal/Wilayah;Juara 2;2024;Komunitas/Organisasi;4
MHS03841;Non-Akademik;Keagamaan;Tingkat Kampus;Juara 2;2025;Perusahaan/Swasta;4
MHS03841;Non-Akademik;Keagamaan;Tingkat Lokal/Wilayah;Juara 3;2026;Komunitas/Organisasi;4
MHS03842;Akademik;Debat & Karya Tulis;Tingkat Kampus;Peserta;2023;Komunitas/Organisasi;3
MHS03842;Non-Akademik;Seni & Budaya;Tingkat Nasional;Juara 1;2023;Perguruan Tinggi;3
MHS03842;Non-Akademik;Seni & Budaya;Tingkat Internasional;Juara 1;2024;Perusahaan/Swasta;3
MHS03843;Non-Akademik;Sosial & Kemasyarakatan;Tingkat Nasional;Finalis;2024;Perguruan Tinggi;1
MHS03845;Akademik;Sains & Teknologi;Tingkat Kampus;Juara 2;2023;Perguruan Tinggi;5
MHS03845;Non-Akademik;Sosial & Kemasyarakatan;Tingkat Kampus;Peserta;2024;Pemerintah Daerah;5
MHS03845;Akademik;Sains & Teknologi;Tingkat Kampus;Juara 2;2024;Kemendikbudristek;5
MHS03845;Akademik;Sains & Teknologi;Tingkat Kampus;Juara 2;2025;Perguruan Tinggi;5
MHS03845;Akademik;Keagamaan;Tingkat Kampus;Peserta;2026;Perusahaan/Swasta;5
MHS03846;Non-Akademik;Olahraga;Tingkat Nasional;Juara 3;2024;Perguruan Tinggi;3
MHS03846;Non-Akademik;Sosial & Kemasyarakatan;Tingkat Kampus;Juara 3;2025;Komunitas/Organisasi;3
MHS03846;Non-Akademik;Sosial & Kemasyarakatan;Tingkat Kampus;Juara 2;2025;Pemerintah Daerah;3
MHS03851;Akademik;Debat & Karya Tulis;Tingkat Kampus;Peserta;2025;Perusahaan/Swasta;2
MHS03851;Akademik;Sains & Teknologi;Tingkat Kampus;Finalis;2025;Perguruan Tinggi;2
MHS03852;Non-Akademik;Sosial & Kemasyarakatan;Tingkat Kampus;Finalis;2022;Kemendikbudristek;2
MHS03852;Akademik;Sains & Teknologi;Tingkat Kampus;Juara 3;2022;Perguruan Tinggi;2
MHS03854;Non-Akademik;Keagamaan;Tingkat Kampus;Peserta;2022;Kemendikbudristek;2
MHS03854;Akademik;Sains & Teknologi;Tingkat Kampus;Peserta;2025;Perguruan Tinggi;2
MHS03855;Akademik;Debat & Karya Tulis;Tingkat Kampus;Peserta;2024;Perguruan Tinggi;2
MHS03855;Non-Akademik;Kewirausahaan;Tingkat Lokal/Wilayah;Peserta;2024;Perguruan Tinggi;2
MHS03856;Non-Akademik;Olahraga;Tingkat Kampus;Finalis;2026;Komunitas/Organisasi;1
MHS03857;Non-Akademik;Seni & Budaya;Tingkat Nasional;Finalis;2026;Pemerintah Daerah;1
MHS03859;Non-Akademik;Kewirausahaan;Tingkat Lokal/Wilayah;Peserta;2023;Komunitas/Organisasi;5
MHS03859;Akademik;Sains & Teknologi;Tingkat Kampus;Juara 3;2024;Komunitas/Organisasi;5
MHS03859;Non-Akademik;Olahraga;Tingkat Kampus;Juara 1;2025;Perusahaan/Swasta;5
MHS03859;Akademik;Debat & Karya Tulis;Tingkat Internasional;Finalis;2025;Perguruan Tinggi;5
MHS03859;Akademik;Sains & Teknologi;Tingkat Nasional;Juara 2;2026;Perguruan Tinggi;5
MHS03860;Akademik;Seni & Budaya;Tingkat Kampus;Peserta;2025;Perusahaan/Swasta;1
MHS03861;Non-Akademik;Seni & Budaya;Tingkat Kampus;Juara 3;2024;Perusahaan/Swasta;1
MHS03865;Non-Akademik;Sosial & Kemasyarakatan;Tingkat Internasional;Juara 1;2023;Perguruan Tinggi;5
MHS03865;Non-Akademik;Sosial & Kemasyarakatan;Tingkat Kampus;Juara 2;2023;Kemendikbudristek;5
MHS03865;Non-Akademik;Olahraga;Tingkat Lokal/Wilayah;Finalis;2024;Kemendikbudristek;5
MHS03865;Non-Akademik;Sosial & Kemasyarakatan;Tingkat Nasional;Juara 3;2025;Pemerintah Daerah;5
MHS03865;Non-Akademik;Sosial & Kemasyarakatan;Tingkat Nasional;Finalis;2026;Pemerintah Daerah;5
MHS03867;Non-Akademik;Sosial & Kemasyarakatan;Tingkat Kampus;Peserta;2025;Perusahaan/Swasta;1
MHS03869;Akademik;Sains & Teknologi;Tingkat Lokal/Wilayah;Finalis;2024;Komunitas/Organisasi;1
MHS03872;Akademik;Debat & Karya Tulis;Tingkat Kampus;Finalis;2023;Perguruan Tinggi;1
MHS03873;Non-Akademik;Kewirausahaan;Tingkat Kampus;Juara 2;2026;Perusahaan/Swasta;1
MHS03881;Non-Akademik;Sosial & Kemasyarakatan;Tingkat Kampus;Peserta;2024;Perusahaan/Swasta;1
MHS03882;Akademik;Debat & Karya Tulis;Tingkat Kampus;Juara 2;2026;Perusahaan/Swasta;1
MHS03883;Non-Akademik;Olahraga;Tingkat Kampus;Juara 1;2022;Kemendikbudristek;8
MHS03883;Non-Akademik;Keagamaan;Tingkat Internasional;Finalis;2023;Pemerintah Daerah;8
MHS03883;Akademik;Sains & Teknologi;Tingkat Lokal/Wilayah;Peserta;2023;Perusahaan/Swasta;8
MHS03883;Akademik;Kewirausahaan;Tingkat Nasional;Finalis;2024;Komunitas/Organisasi;8
MHS03883;Akademik;Sosial & Kemasyarakatan;Tingkat Internasional;Juara 1;2024;Perguruan Tinggi;8
MHS03883;Akademik;Sains & Teknologi;Tingkat Kampus;Juara 3;2024;Perguruan Tinggi;8
MHS03883;Akademik;Debat & Karya Tulis;Tingkat Lokal/Wilayah;Juara 3;2025;Perguruan Tinggi;8
MHS03883;Non-Akademik;Kewirausahaan;Tingkat Kampus;Juara 1;2025;Perusahaan/Swasta;8
MHS03886;Akademik;Sains & Teknologi;Tingkat Kampus;Finalis;2026;Komunitas/Organisasi;1
MHS03887;Non-Akademik;Seni & Budaya;Tingkat Lokal/Wilayah;Peserta;2025;Perusahaan/Swasta;2
MHS03887;Non-Akademik;Kewirausahaan;Tingkat Kampus;Juara 3;2026;Perguruan Tinggi;2
MHS03889;Akademik;Sains & Teknologi;Tingkat Kampus;Finalis;2024;Pemerintah Daerah;3
MHS03889;Non-Akademik;Kewirausahaan;Tingkat Nasional;Juara 1;2024;Perusahaan/Swasta;3
MHS03889;Non-Akademik;Sosial & Kemasyarakatan;Tingkat Kampus;Finalis;2025;Komunitas/Organisasi;3
MHS03892;Non-Akademik;Kewirausahaan;Tingkat Kampus;Finalis;2023;Perusahaan/Swasta;1
MHS03893;Non-Akademik;Sosial & Kemasyarakatan;Tingkat Kampus;Juara 1;2024;Perguruan Tinggi;3
MHS03893;Akademik;Debat & Karya Tulis;Tingkat Kampus;Juara 3;2024;Kemendikbudristek;3
MHS03893;Non-Akademik;Keagamaan;Tingkat Nasional;Juara 1;2024;Perguruan Tinggi;3
MHS03895;Non-Akademik;Sosial & Kemasyarakatan;Tingkat Lokal/Wilayah;Peserta;2023;Kemendikbudristek;1
MHS03896;Non-Akademik;Seni & Budaya;Tingkat Lokal/Wilayah;Peserta;2021;Perusahaan/Swasta;3
MHS03896;Non-Akademik;Olahraga;Tingkat Kampus;Juara 3;2024;Perguruan Tinggi;3
MHS03896;Non-Akademik;Seni & Budaya;Tingkat Kampus;Finalis;2025;Kemendikbudristek;3
MHS03897;Non-Akademik;Olahraga;Tingkat Lokal/Wilayah;Finalis;2023;Kemendikbudristek;2
MHS03897;Akademik;Sains & Teknologi;Tingkat Kampus;Peserta;2023;Pemerintah Daerah;2
MHS03898;Non-Akademik;Kewirausahaan;Tingkat Nasional;Finalis;2022;Perguruan Tinggi;2
MHS03898;Akademik;Debat & Karya Tulis;Tingkat Kampus;Juara 2;2023;Kemendikbudristek;2
MHS03899;Akademik;Debat & Karya Tulis;Tingkat Lokal/Wilayah;Juara 2;2025;Pemerintah Daerah;2
MHS03899;Non-Akademik;Olahraga;Tingkat Nasional;Peserta;2026;Kemendikbudristek;2
MHS03900;Akademik;Kewirausahaan;Tingkat Kampus;Peserta;2024;Perguruan Tinggi;1
MHS03902;Akademik;Debat & Karya Tulis;Tingkat Kampus;Peserta;2022;Komunitas/Organisasi;2
MHS03902;Non-Akademik;Olahraga;Tingkat Kampus;Peserta;2024;Perusahaan/Swasta;2
MHS03904;Non-Akademik;Seni & Budaya;Tingkat Nasional;Peserta;2024;Komunitas/Organisasi;2
MHS03904;Akademik;Sains & Teknologi;Tingkat Kampus;Peserta;2026;Pemerintah Daerah;2
MHS03907;Akademik;Seni & Budaya;Tingkat Nasional;Juara 3;2025;Perusahaan/Swasta;5
MHS03907;Non-Akademik;Seni & Budaya;Tingkat Nasional;Juara 3;2025;Kemendikbudristek;5
MHS03907;Non-Akademik;Kewirausahaan;Tingkat Nasional;Juara 2;2025;Pemerintah Daerah;5
MHS03907;Non-Akademik;Keagamaan;Tingkat Nasional;Finalis;2025;Kemendikbudristek;5
MHS03907;Non-Akademik;Seni & Budaya;Tingkat Kampus;Finalis;2026;Kemendikbudristek;5
MHS03908;Non-Akademik;Keagamaan;Tingkat Kampus;Juara 3;2023;Komunitas/Organisasi;1
MHS03909;Akademik;Sains & Teknologi;Tingkat Lokal/Wilayah;Juara 3;2022;Kemendikbudristek;2
MHS03909;Akademik;Sains & Teknologi;Tingkat Kampus;Juara 1;2024;Pemerintah Daerah;2
MHS03910;Non-Akademik;Kewirausahaan;Tingkat Kampus;Peserta;2022;Komunitas/Organisasi;5
MHS03910;Akademik;Seni & Budaya;Tingkat Nasional;Peserta;2023;Perguruan Tinggi;5
MHS03910;Non-Akademik;Sosial & Kemasyarakatan;Tingkat Internasional;Juara 3;2024;Komunitas/Organisasi;5
MHS03910;Non-Akademik;Kewirausahaan;Tingkat Lokal/Wilayah;Peserta;2024;Pemerintah Daerah;5
MHS03910;Non-Akademik;Kewirausahaan;Tingkat Kampus;Finalis;2025;Kemendikbudristek;5
MHS03911;Non-Akademik;Sosial & Kemasyarakatan;Tingkat Kampus;Juara 2;2022;Kemendikbudristek;1
MHS03913;Non-Akademik;Seni & Budaya;Tingkat Lokal/Wilayah;Peserta;2021;Komunitas/Organisasi;4
MHS03913;Akademik;Seni & Budaya;Tingkat Kampus;Peserta;2022;Perusahaan/Swasta;4
MHS03913;Akademik;Debat & Karya Tulis;Tingkat Lokal/Wilayah;Juara 1;2023;Pemerintah Daerah;4
MHS03913;Akademik;Debat & Karya Tulis;Tingkat Lokal/Wilayah;Peserta;2025;Pemerintah Daerah;4
MHS03914;Akademik;Debat & Karya Tulis;Tingkat Kampus;Finalis;2026;Kemendikbudristek;1
MHS03915;Non-Akademik;Kewirausahaan;Tingkat Kampus;Peserta;2026;Komunitas/Organisasi;1
MHS03916;Non-Akademik;Olahraga;Tingkat Kampus;Juara 2;2026;Pemerintah Daerah;1
MHS03917;Akademik;Debat & Karya Tulis;Tingkat Lokal/Wilayah;Juara 3;2021;Perusahaan/Swasta;1
MHS03919;Akademik;Sains & Teknologi;Tingkat Kampus;Finalis;2025;Perusahaan/Swasta;2
MHS03919;Akademik;Sosial & Kemasyarakatan;Tingkat Nasional;Juara 1;2026;Komunitas/Organisasi;2
MHS03921;Akademik;Sains & Teknologi;Tingkat Internasional;Juara 1;2020;Komunitas/Organisasi;4
MHS03921;Akademik;Sains & Teknologi;Tingkat Kampus;Juara 1;2022;Perguruan Tinggi;4
MHS03921;Non-Akademik;Sosial & Kemasyarakatan;Tingkat Nasional;Juara 2;2022;Pemerintah Daerah;4
MHS03921;Non-Akademik;Keagamaan;Tingkat Lokal/Wilayah;Peserta;2024;Komunitas/Organisasi;4
MHS03923;Non-Akademik;Kewirausahaan;Tingkat Kampus;Juara 1;2021;Perguruan Tinggi;5
MHS03923;Non-Akademik;Seni & Budaya;Tingkat Internasional;Finalis;2021;Perguruan Tinggi;5
MHS03923;Akademik;Debat & Karya Tulis;Tingkat Kampus;Peserta;2023;Perusahaan/Swasta;5
MHS03923;Non-Akademik;Seni & Budaya;Tingkat Kampus;Juara 1;2024;Perusahaan/Swasta;5
MHS03923;Non-Akademik;Kewirausahaan;Tingkat Kampus;Finalis;2025;Komunitas/Organisasi;5
MHS03924;Akademik;Debat & Karya Tulis;Tingkat Nasional;Juara 2;2024;Kemendikbudristek;2
MHS03924;Akademik;Seni & Budaya;Tingkat Kampus;Juara 2;2025;Perguruan Tinggi;2
MHS03925;Non-Akademik;Kewirausahaan;Tingkat Nasional;Peserta;2023;Pemerintah Daerah;2
MHS03925;Akademik;Sains & Teknologi;Tingkat Nasional;Peserta;2026;Perguruan Tinggi;2
MHS03927;Non-Akademik;Kewirausahaan;Tingkat Lokal/Wilayah;Peserta;2025;Perusahaan/Swasta;1
MHS03928;Akademik;Sains & Teknologi;Tingkat Lokal/Wilayah;Juara 1;2026;Komunitas/Organisasi;1
MHS03929;Akademik;Seni & Budaya;Tingkat Lokal/Wilayah;Peserta;2024;Perguruan Tinggi;1
MHS03930;Akademik;Debat & Karya Tulis;Tingkat Kampus;Juara 2;2024;Perguruan Tinggi;5
MHS03930;Akademik;Sains & Teknologi;Tingkat Lokal/Wilayah;Juara 2;2024;Perusahaan/Swasta;5
MHS03930;Non-Akademik;Kewirausahaan;Tingkat Kampus;Finalis;2024;Pemerintah Daerah;5
MHS03930;Akademik;Debat & Karya Tulis;Tingkat Kampus;Juara 2;2025;Komunitas/Organisasi;5
MHS03930;Akademik;Sains & Teknologi;Tingkat Kampus;Peserta;2026;Komunitas/Organisasi;5
MHS03932;Non-Akademik;Sosial & Kemasyarakatan;Tingkat Lokal/Wilayah;Peserta;2021;Perusahaan/Swasta;4
MHS03932;Akademik;Sains & Teknologi;Tingkat Internasional;Peserta;2021;Pemerintah Daerah;4
MHS03932;Akademik;Sains & Teknologi;Tingkat Lokal/Wilayah;Peserta;2023;Komunitas/Organisasi;4
MHS03932;Non-Akademik;Sosial & Kemasyarakatan;Tingkat Nasional;Finalis;2023;Perusahaan/Swasta;4
MHS03935;Akademik;Olahraga;Tingkat Kampus;Juara 2;2025;Perusahaan/Swasta;1
MHS03936;Non-Akademik;Olahraga;Tingkat Lokal/Wilayah;Peserta;2025;Perusahaan/Swasta;1
MHS03937;Akademik;Sains & Teknologi;Tingkat Kampus;Finalis;2025;Perguruan Tinggi;1
MHS03939;Non-Akademik;Olahraga;Tingkat Nasional;Juara 3;2025;Pemerintah Daerah;3
MHS03939;Akademik;Debat & Karya Tulis;Tingkat Internasional;Peserta;2026;Kemendikbudristek;3
MHS03939;Akademik;Sains & Teknologi;Tingkat Nasional;Peserta;2026;Pemerintah Daerah;3
MHS03940;Akademik;Sains & Teknologi;Tingkat Lokal/Wilayah;Finalis;2025;Pemerintah Daerah;1
MHS03941;Non-Akademik;Kewirausahaan;Tingkat Kampus;Juara 1;2025;Pemerintah Daerah;2
MHS03941;Non-Akademik;Kewirausahaan;Tingkat Lokal/Wilayah;Finalis;2025;Perguruan Tinggi;2
MHS03942;Akademik;Sains & Teknologi;Tingkat Kampus;Peserta;2024;Pemerintah Daerah;1
MHS03943;Non-Akademik;Seni & Budaya;Tingkat Nasional;Peserta;2021;Perguruan Tinggi;4
MHS03943;Akademik;Olahraga;Tingkat Nasional;Peserta;2022;Kemendikbudristek;4
MHS03943;Akademik;Sains & Teknologi;Tingkat Kampus;Juara 3;2024;Komunitas/Organisasi;4
MHS03943;Akademik;Sains & Teknologi;Tingkat Kampus;Juara 1;2025;Komunitas/Organisasi;4
MHS03944;Akademik;Sains & Teknologi;Tingkat Lokal/Wilayah;Finalis;2024;Kemendikbudristek;1
MHS03945;Non-Akademik;Sosial & Kemasyarakatan;Tingkat Lokal/Wilayah;Peserta;2023;Kemendikbudristek;1
MHS03946;Non-Akademik;Olahraga;Tingkat Kampus;Peserta;2022;Kemendikbudristek;1
MHS03947;Akademik;Sains & Teknologi;Tingkat Nasional;Finalis;2024;Komunitas/Organisasi;1
MHS03949;Non-Akademik;Seni & Budaya;Tingkat Lokal/Wilayah;Peserta;2023;Pemerintah Daerah;3
MHS03949;Non-Akademik;Sosial & Kemasyarakatan;Tingkat Kampus;Juara 2;2025;Perguruan Tinggi;3
MHS03949;Non-Akademik;Keagamaan;Tingkat Nasional;Finalis;2026;Perguruan Tinggi;3
MHS03951;Non-Akademik;Olahraga;Tingkat Kampus;Peserta;2024;Komunitas/Organisasi;2
MHS03951;Akademik;Sains & Teknologi;Tingkat Lokal/Wilayah;Finalis;2026;Perguruan Tinggi;2
MHS03953;Akademik;Sosial & Kemasyarakatan;Tingkat Kampus;Finalis;2023;Komunitas/Organisasi;2
MHS03953;Non-Akademik;Olahraga;Tingkat Lokal/Wilayah;Juara 1;2024;Perguruan Tinggi;2
MHS03954;Non-Akademik;Kewirausahaan;Tingkat Nasional;Finalis;2025;Kemendikbudristek;1
MHS03956;Akademik;Sains & Teknologi;Tingkat Kampus;Juara 1;2024;Perguruan Tinggi;1
MHS03957;Akademik;Sains & Teknologi;Tingkat Lokal/Wilayah;Finalis;2025;Kemendikbudristek;1
MHS03958;Non-Akademik;Sosial & Kemasyarakatan;Tingkat Lokal/Wilayah;Finalis;2024;Kemendikbudristek;1
MHS03959;Non-Akademik;Keagamaan;Tingkat Kampus;Juara 1;2024;Kemendikbudristek;2
MHS03959;Non-Akademik;Olahraga;Tingkat Nasional;Peserta;2025;Pemerintah Daerah;2
MHS03960;Non-Akademik;Olahraga;Tingkat Lokal/Wilayah;Peserta;2025;Perusahaan/Swasta;1
MHS03962;Akademik;Debat & Karya Tulis;Tingkat Lokal/Wilayah;Peserta;2026;Komunitas/Organisasi;1
MHS03963;Non-Akademik;Sosial & Kemasyarakatan;Tingkat Kampus;Juara 1;2024;Perguruan Tinggi;3
MHS03963;Akademik;Debat & Karya Tulis;Tingkat Kampus;Juara 1;2025;Perguruan Tinggi;3
MHS03963;Non-Akademik;Seni & Budaya;Tingkat Kampus;Juara 2;2025;Perguruan Tinggi;3
MHS03964;Non-Akademik;Keagamaan;Tingkat Nasional;Peserta;2023;Perguruan Tinggi;6
MHS03964;Non-Akademik;Seni & Budaya;Tingkat Kampus;Peserta;2023;Perguruan Tinggi;6
MHS03964;Akademik;Debat & Karya Tulis;Tingkat Nasional;Juara 1;2023;Perusahaan/Swasta;6
MHS03964;Non-Akademik;Olahraga;Tingkat Lokal/Wilayah;Juara 2;2024;Kemendikbudristek;6
MHS03964;Non-Akademik;Seni & Budaya;Tingkat Kampus;Peserta;2025;Komunitas/Organisasi;6
MHS03964;Akademik;Sains & Teknologi;Tingkat Nasional;Juara 3;2025;Perusahaan/Swasta;6
MHS03966;Non-Akademik;Olahraga;Tingkat Kampus;Juara 2;2021;Komunitas/Organisasi;2
MHS03966;Non-Akademik;Olahraga;Tingkat Nasional;Finalis;2021;Perguruan Tinggi;2
MHS03970;Akademik;Sains & Teknologi;Tingkat Nasional;Juara 3;2023;Kemendikbudristek;3
MHS03970;Akademik;Debat & Karya Tulis;Tingkat Kampus;Juara 3;2024;Komunitas/Organisasi;3
MHS03970;Akademik;Debat & Karya Tulis;Tingkat Kampus;Peserta;2026;Perusahaan/Swasta;3
MHS03973;Akademik;Debat & Karya Tulis;Tingkat Kampus;Juara 3;2026;Pemerintah Daerah;1
MHS03974;Akademik;Sains & Teknologi;Tingkat Kampus;Juara 2;2024;Kemendikbudristek;3
MHS03974;Non-Akademik;Kewirausahaan;Tingkat Kampus;Juara 1;2024;Komunitas/Organisasi;3
MHS03974;Non-Akademik;Keagamaan;Tingkat Kampus;Juara 3;2025;Pemerintah Daerah;3
MHS03976;Non-Akademik;Sosial & Kemasyarakatan;Tingkat Lokal/Wilayah;Juara 3;2026;Perusahaan/Swasta;1
MHS03978;Non-Akademik;Kewirausahaan;Tingkat Kampus;Peserta;2023;Komunitas/Organisasi;5
MHS03978;Non-Akademik;Kewirausahaan;Tingkat Nasional;Finalis;2023;Pemerintah Daerah;5
MHS03978;Non-Akademik;Sosial & Kemasyarakatan;Tingkat Kampus;Finalis;2024;Perguruan Tinggi;5
MHS03978;Non-Akademik;Keagamaan;Tingkat Kampus;Juara 1;2024;Kemendikbudristek;5
MHS03978;Akademik;Sains & Teknologi;Tingkat Lokal/Wilayah;Juara 1;2025;Komunitas/Organisasi;5
MHS03980;Akademik;Seni & Budaya;Tingkat Kampus;Juara 1;2026;Pemerintah Daerah;1
MHS03981;Akademik;Debat & Karya Tulis;Tingkat Internasional;Finalis;2023;Kemendikbudristek;3
MHS03981;Non-Akademik;Sosial & Kemasyarakatan;Tingkat Kampus;Finalis;2023;Komunitas/Organisasi;3
MHS03981;Akademik;Seni & Budaya;Tingkat Kampus;Juara 2;2024;Komunitas/Organisasi;3
MHS03982;Non-Akademik;Seni & Budaya;Tingkat Nasional;Juara 1;2023;Perusahaan/Swasta;7
MHS03982;Akademik;Debat & Karya Tulis;Tingkat Kampus;Finalis;2024;Perusahaan/Swasta;7
MHS03982;Non-Akademik;Keagamaan;Tingkat Lokal/Wilayah;Juara 1;2024;Komunitas/Organisasi;7
MHS03982;Non-Akademik;Olahraga;Tingkat Internasional;Finalis;2025;Perguruan Tinggi;7
MHS03982;Non-Akademik;Olahraga;Tingkat Lokal/Wilayah;Peserta;2026;Pemerintah Daerah;7
MHS03982;Akademik;Olahraga;Tingkat Lokal/Wilayah;Finalis;2026;Perusahaan/Swasta;7
MHS03982;Akademik;Debat & Karya Tulis;Tingkat Nasional;Peserta;2026;Kemendikbudristek;7
MHS03983;Akademik;Sains & Teknologi;Tingkat Kampus;Finalis;2024;Pemerintah Daerah;1
MHS03985;Akademik;Debat & Karya Tulis;Tingkat Kampus;Finalis;2020;Komunitas/Organisasi;8
MHS03985;Akademik;Sosial & Kemasyarakatan;Tingkat Kampus;Finalis;2022;Komunitas/Organisasi;8
MHS03985;Akademik;Sains & Teknologi;Tingkat Nasional;Finalis;2022;Komunitas/Organisasi;8
MHS03985;Akademik;Olahraga;Tingkat Kampus;Juara 2;2023;Pemerintah Daerah;8
MHS03985;Non-Akademik;Kewirausahaan;Tingkat Lokal/Wilayah;Finalis;2023;Perguruan Tinggi;8
MHS03985;Non-Akademik;Seni & Budaya;Tingkat Nasional;Peserta;2023;Perusahaan/Swasta;8
MHS03985;Akademik;Sains & Teknologi;Tingkat Nasional;Peserta;2023;Pemerintah Daerah;8
MHS03985;Non-Akademik;Seni & Budaya;Tingkat Internasional;Juara 3;2024;Kemendikbudristek;8
MHS03987;Akademik;Debat & Karya Tulis;Tingkat Kampus;Juara 3;2024;Komunitas/Organisasi;1
MHS03988;Akademik;Debat & Karya Tulis;Tingkat Kampus;Juara 3;2024;Pemerintah Daerah;1
MHS03989;Akademik;Sains & Teknologi;Tingkat Nasional;Juara 2;2025;Perusahaan/Swasta;3
MHS03989;Non-Akademik;Sosial & Kemasyarakatan;Tingkat Nasional;Juara 2;2025;Perusahaan/Swasta;3
MHS03989;Akademik;Sains & Teknologi;Tingkat Internasional;Juara 2;2026;Komunitas/Organisasi;3
MHS03991;Akademik;Sains & Teknologi;Tingkat Lokal/Wilayah;Peserta;2025;Perusahaan/Swasta;2
MHS03991;Non-Akademik;Keagamaan;Tingkat Kampus;Finalis;2025;Komunitas/Organisasi;2
MHS03995;Non-Akademik;Kewirausahaan;Tingkat Kampus;Juara 2;2021;Pemerintah Daerah;4
MHS03995;Akademik;Sains & Teknologi;Tingkat Kampus;Juara 2;2023;Pemerintah Daerah;4
MHS03995;Akademik;Sains & Teknologi;Tingkat Nasional;Juara 3;2023;Perusahaan/Swasta;4
MHS03995;Akademik;Sains & Teknologi;Tingkat Lokal/Wilayah;Juara 1;2024;Perguruan Tinggi;4
MHS04000;Akademik;Sains & Teknologi;Tingkat Lokal/Wilayah;Juara 3;2020;Pemerintah Daerah;3
MHS04000;Akademik;Sains & Teknologi;Tingkat Internasional;Finalis;2022;Kemendikbudristek;3
MHS04000;Akademik;Sains & Teknologi;Tingkat Lokal/Wilayah;Juara 3;2023;Perguruan Tinggi;3
MHS04001;Non-Akademik;Kewirausahaan;Tingkat Kampus;Juara 1;2023;Perusahaan/Swasta;8
MHS04001;Non-Akademik;Kewirausahaan;Tingkat Lokal/Wilayah;Peserta;2023;Komunitas/Organisasi;8
MHS04001;Non-Akademik;Olahraga;Tingkat Nasional;Juara 1;2024;Kemendikbudristek;8
MHS04001;Akademik;Olahraga;Tingkat Kampus;Peserta;2024;Pemerintah Daerah;8
MHS04001;Akademik;Seni & Budaya;Tingkat Nasional;Juara 2;2025;Kemendikbudristek;8
MHS04001;Akademik;Sains & Teknologi;Tingkat Nasional;Finalis;2025;Komunitas/Organisasi;8
MHS04001;Akademik;Sains & Teknologi;Tingkat Kampus;Finalis;2026;Pemerintah Daerah;8
MHS04001;Akademik;Sains & Teknologi;Tingkat Kampus;Juara 1;2026;Pemerintah Daerah;8
MHS04002;Akademik;Sains & Teknologi;Tingkat Kampus;Juara 2;2025;Komunitas/Organisasi;1
MHS04005;Non-Akademik;Keagamaan;Tingkat Kampus;Peserta;2021;Pemerintah Daerah;2
MHS04005;Akademik;Sains & Teknologi;Tingkat Nasional;Juara 2;2022;Komunitas/Organisasi;2
MHS04006;Non-Akademik;Olahraga;Tingkat Internasional;Peserta;2024;Perguruan Tinggi;3
MHS04006;Non-Akademik;Seni & Budaya;Tingkat Kampus;Juara 3;2025;Pemerintah Daerah;3
MHS04006;Akademik;Sains & Teknologi;Tingkat Kampus;Peserta;2026;Pemerintah Daerah;3
MHS04011;Non-Akademik;Kewirausahaan;Tingkat Kampus;Juara 3;2025;Perusahaan/Swasta;2
MHS04011;Non-Akademik;Olahraga;Tingkat Kampus;Peserta;2025;Pemerintah Daerah;2
MHS04012;Akademik;Sosial & Kemasyarakatan;Tingkat Nasional;Juara 2;2025;Perusahaan/Swasta;1
MHS04013;Akademik;Debat & Karya Tulis;Tingkat Kampus;Finalis;2021;Komunitas/Organisasi;6
MHS04013;Akademik;Sains & Teknologi;Tingkat Kampus;Juara 3;2022;Komunitas/Organisasi;6
MHS04013;Non-Akademik;Kewirausahaan;Tingkat Lokal/Wilayah;Peserta;2023;Pemerintah Daerah;6
MHS04013;Non-Akademik;Sosial & Kemasyarakatan;Tingkat Lokal/Wilayah;Peserta;2023;Kemendikbudristek;6
MHS04013;Akademik;Sains & Teknologi;Tingkat Lokal/Wilayah;Juara 3;2024;Kemendikbudristek;6
MHS04013;Akademik;Sains & Teknologi;Tingkat Kampus;Juara 3;2024;Perusahaan/Swasta;6
MHS04015;Akademik;Sains & Teknologi;Tingkat Kampus;Finalis;2020;Perguruan Tinggi;2
MHS04015;Non-Akademik;Keagamaan;Tingkat Lokal/Wilayah;Finalis;2021;Kemendikbudristek;2
MHS04016;Akademik;Sains & Teknologi;Tingkat Nasional;Juara 1;2020;Pemerintah Daerah;3
MHS04016;Non-Akademik;Keagamaan;Tingkat Nasional;Juara 1;2022;Komunitas/Organisasi;3
MHS04016;Non-Akademik;Olahraga;Tingkat Nasional;Juara 1;2023;Perusahaan/Swasta;3
MHS04017;Akademik;Sosial & Kemasyarakatan;Tingkat Lokal/Wilayah;Juara 2;2024;Pemerintah Daerah;4
MHS04017;Akademik;Kewirausahaan;Tingkat Lokal/Wilayah;Finalis;2025;Komunitas/Organisasi;4
MHS04017;Akademik;Sains & Teknologi;Tingkat Kampus;Juara 1;2025;Pemerintah Daerah;4
MHS04017;Non-Akademik;Olahraga;Tingkat Nasional;Juara 1;2026;Perguruan Tinggi;4
MHS04020;Non-Akademik;Kewirausahaan;Tingkat Nasional;Juara 2;2019;Komunitas/Organisasi;4
MHS04020;Akademik;Debat & Karya Tulis;Tingkat Lokal/Wilayah;Peserta;2020;Pemerintah Daerah;4
MHS04020;Akademik;Kewirausahaan;Tingkat Internasional;Juara 1;2022;Kemendikbudristek;4
MHS04020;Non-Akademik;Kewirausahaan;Tingkat Kampus;Juara 1;2022;Kemendikbudristek;4
MHS04023;Non-Akademik;Olahraga;Tingkat Nasional;Juara 3;2024;Perusahaan/Swasta;2
MHS04023;Non-Akademik;Olahraga;Tingkat Kampus;Peserta;2024;Perguruan Tinggi;2
MHS04024;Non-Akademik;Keagamaan;Tingkat Nasional;Peserta;2024;Pemerintah Daerah;1
MHS04025;Non-Akademik;Keagamaan;Tingkat Lokal/Wilayah;Finalis;2024;Perusahaan/Swasta;6
MHS04025;Akademik;Debat & Karya Tulis;Tingkat Nasional;Finalis;2024;Kemendikbudristek;6
MHS04025;Akademik;Sains & Teknologi;Tingkat Nasional;Juara 1;2025;Perguruan Tinggi;6
MHS04025;Akademik;Seni & Budaya;Tingkat Lokal/Wilayah;Finalis;2025;Perguruan Tinggi;6
MHS04025;Akademik;Debat & Karya Tulis;Tingkat Nasional;Juara 3;2025;Pemerintah Daerah;6
MHS04025;Akademik;Kewirausahaan;Tingkat Nasional;Juara 3;2026;Pemerintah Daerah;6
MHS04026;Akademik;Debat & Karya Tulis;Tingkat Lokal/Wilayah;Juara 2;2026;Perusahaan/Swasta;1
MHS04028;Akademik;Sosial & Kemasyarakatan;Tingkat Lokal/Wilayah;Peserta;2022;Perguruan Tinggi;7
MHS04028;Non-Akademik;Olahraga;Tingkat Nasional;Peserta;2023;Perguruan Tinggi;7
MHS04028;Non-Akademik;Keagamaan;Tingkat Kampus;Finalis;2023;Perusahaan/Swasta;7
MHS04028;Akademik;Debat & Karya Tulis;Tingkat Internasional;Peserta;2024;Kemendikbudristek;7
MHS04028;Akademik;Sains & Teknologi;Tingkat Kampus;Peserta;2025;Kemendikbudristek;7
MHS04028;Non-Akademik;Keagamaan;Tingkat Kampus;Peserta;2026;Perguruan Tinggi;7
MHS04028;Non-Akademik;Olahraga;Tingkat Nasional;Juara 2;2026;Komunitas/Organisasi;7
MHS04029;Akademik;Sains & Teknologi;Tingkat Nasional;Peserta;2024;Perusahaan/Swasta;3
MHS04029;Akademik;Debat & Karya Tulis;Tingkat Kampus;Peserta;2024;Perusahaan/Swasta;3
MHS04029;Akademik;Olahraga;Tingkat Kampus;Finalis;2025;Perguruan Tinggi;3
MHS04031;Non-Akademik;Keagamaan;Tingkat Kampus;Juara 3;2025;Kemendikbudristek;2
MHS04031;Akademik;Debat & Karya Tulis;Tingkat Lokal/Wilayah;Juara 2;2025;Pemerintah Daerah;2
MHS04033;Akademik;Kewirausahaan;Tingkat Nasional;Peserta;2025;Pemerintah Daerah;1
MHS04035;Non-Akademik;Keagamaan;Tingkat Lokal/Wilayah;Juara 1;2025;Kemendikbudristek;1
MHS04036;Akademik;Debat & Karya Tulis;Tingkat Lokal/Wilayah;Finalis;2024;Komunitas/Organisasi;1
MHS04040;Non-Akademik;Seni & Budaya;Tingkat Kampus;Finalis;2024;Perguruan Tinggi;3
MHS04040;Non-Akademik;Kewirausahaan;Tingkat Nasional;Peserta;2025;Komunitas/Organisasi;3
MHS04040;Akademik;Olahraga;Tingkat Lokal/Wilayah;Peserta;2025;Perguruan Tinggi;3
MHS04041;Non-Akademik;Kewirausahaan;Tingkat Kampus;Finalis;2024;Komunitas/Organisasi;1
MHS04042;Non-Akademik;Keagamaan;Tingkat Lokal/Wilayah;Juara 3;2023;Pemerintah Daerah;1
MHS04043;Non-Akademik;Kewirausahaan;Tingkat Nasional;Juara 3;2021;Perguruan Tinggi;3
MHS04043;Non-Akademik;Kewirausahaan;Tingkat Kampus;Peserta;2023;Perusahaan/Swasta;3
MHS04043;Akademik;Seni & Budaya;Tingkat Kampus;Peserta;2025;Perguruan Tinggi;3
MHS04044;Akademik;Sains & Teknologi;Tingkat Kampus;Finalis;2024;Pemerintah Daerah;1
MHS04045;Non-Akademik;Olahraga;Tingkat Nasional;Peserta;2021;Komunitas/Organisasi;5
MHS04045;Akademik;Kewirausahaan;Tingkat Lokal/Wilayah;Finalis;2022;Perguruan Tinggi;5
MHS04045;Non-Akademik;Olahraga;Tingkat Kampus;Juara 1;2022;Perguruan Tinggi;5
MHS04045;Non-Akademik;Kewirausahaan;Tingkat Lokal/Wilayah;Finalis;2023;Perusahaan/Swasta;5
MHS04045;Non-Akademik;Kewirausahaan;Tingkat Nasional;Juara 2;2025;Kemendikbudristek;5
MHS04049;Akademik;Olahraga;Tingkat Kampus;Finalis;2024;Kemendikbudristek;1
MHS04050;Akademik;Sains & Teknologi;Tingkat Nasional;Juara 1;2024;Kemendikbudristek;3
MHS04050;Non-Akademik;Olahraga;Tingkat Lokal/Wilayah;Peserta;2025;Kemendikbudristek;3
MHS04050;Non-Akademik;Keagamaan;Tingkat Nasional;Peserta;2025;Pemerintah Daerah;3
MHS04051;Non-Akademik;Olahraga;Tingkat Kampus;Finalis;2019;Komunitas/Organisasi;1
MHS04052;Non-Akademik;Olahraga;Tingkat Kampus;Finalis;2024;Komunitas/Organisasi;1
MHS04055;Akademik;Sains & Teknologi;Tingkat Kampus;Juara 1;2024;Komunitas/Organisasi;4
MHS04055;Akademik;Keagamaan;Tingkat Kampus;Finalis;2025;Komunitas/Organisasi;4
MHS04055;Akademik;Olahraga;Tingkat Kampus;Juara 2;2026;Komunitas/Organisasi;4
MHS04055;Akademik;Sains & Teknologi;Tingkat Internasional;Juara 3;2026;Pemerintah Daerah;4
MHS04056;Akademik;Debat & Karya Tulis;Tingkat Kampus;Peserta;2025;Perguruan Tinggi;2
MHS04056;Akademik;Debat & Karya Tulis;Tingkat Kampus;Finalis;2025;Komunitas/Organisasi;2
MHS04057;Non-Akademik;Keagamaan;Tingkat Lokal/Wilayah;Peserta;2025;Komunitas/Organisasi;1
MHS04058;Akademik;Sains & Teknologi;Tingkat Kampus;Juara 3;2023;Komunitas/Organisasi;3
MHS04058;Akademik;Sains & Teknologi;Tingkat Nasional;Juara 2;2024;Perusahaan/Swasta;3
MHS04058;Non-Akademik;Seni & Budaya;Tingkat Kampus;Juara 1;2025;Perusahaan/Swasta;3
MHS04062;Akademik;Debat & Karya Tulis;Tingkat Kampus;Juara 3;2020;Perguruan Tinggi;8
MHS04062;Non-Akademik;Olahraga;Tingkat Kampus;Juara 1;2020;Perusahaan/Swasta;8
MHS04062;Non-Akademik;Sosial & Kemasyarakatan;Tingkat Lokal/Wilayah;Juara 3;2021;Perusahaan/Swasta;8
MHS04062;Non-Akademik;Olahraga;Tingkat Nasional;Juara 2;2022;Kemendikbudristek;8
MHS04062;Non-Akademik;Sosial & Kemasyarakatan;Tingkat Kampus;Juara 2;2023;Pemerintah Daerah;8
MHS04062;Non-Akademik;Kewirausahaan;Tingkat Lokal/Wilayah;Juara 1;2023;Perusahaan/Swasta;8
MHS04062;Akademik;Debat & Karya Tulis;Tingkat Nasional;Juara 2;2024;Perusahaan/Swasta;8
MHS04062;Akademik;Sosial & Kemasyarakatan;Tingkat Internasional;Peserta;2024;Perguruan Tinggi;8
MHS04064;Non-Akademik;Sosial & Kemasyarakatan;Tingkat Kampus;Peserta;2023;Kemendikbudristek;5
MHS04064;Non-Akademik;Olahraga;Tingkat Kampus;Peserta;2024;Perusahaan/Swasta;5
MHS04064;Akademik;Kewirausahaan;Tingkat Nasional;Peserta;2024;Komunitas/Organisasi;5
MHS04064;Akademik;Sains & Teknologi;Tingkat Kampus;Finalis;2024;Perusahaan/Swasta;5
MHS04064;Non-Akademik;Seni & Budaya;Tingkat Kampus;Finalis;2025;Perusahaan/Swasta;5
MHS04069;Non-Akademik;Sosial & Kemasyarakatan;Tingkat Kampus;Peserta;2026;Perguruan Tinggi;2
MHS04069;Non-Akademik;Kewirausahaan;Tingkat Lokal/Wilayah;Juara 3;2026;Pemerintah Daerah;2
MHS04071;Non-Akademik;Kewirausahaan;Tingkat Lokal/Wilayah;Juara 3;2024;Pemerintah Daerah;1
MHS04072;Akademik;Sains & Teknologi;Tingkat Lokal/Wilayah;Juara 3;2024;Kemendikbudristek;1
MHS04075;Non-Akademik;Kewirausahaan;Tingkat Kampus;Peserta;2024;Pemerintah Daerah;3
MHS04075;Non-Akademik;Keagamaan;Tingkat Kampus;Juara 2;2025;Perusahaan/Swasta;3
MHS04075;Akademik;Debat & Karya Tulis;Tingkat Kampus;Juara 2;2026;Perguruan Tinggi;3
MHS04076;Non-Akademik;Olahraga;Tingkat Kampus;Juara 3;2023;Perguruan Tinggi;1
MHS04077;Non-Akademik;Keagamaan;Tingkat Kampus;Juara 2;2023;Komunitas/Organisasi;1
MHS04080;Akademik;Debat & Karya Tulis;Tingkat Kampus;Peserta;2025;Perusahaan/Swasta;1
MHS04082;Akademik;Debat & Karya Tulis;Tingkat Lokal/Wilayah;Juara 1;2025;Perguruan Tinggi;1
MHS04084;Akademik;Debat & Karya Tulis;Tingkat Nasional;Juara 1;2023;Perusahaan/Swasta;3
MHS04084;Non-Akademik;Seni & Budaya;Tingkat Internasional;Peserta;2023;Pemerintah Daerah;3
MHS04084;Akademik;Debat & Karya Tulis;Tingkat Kampus;Finalis;2026;Komunitas/Organisasi;3
MHS04085;Akademik;Debat & Karya Tulis;Tingkat Internasional;Finalis;2026;Pemerintah Daerah;1
MHS04086;Non-Akademik;Seni & Budaya;Tingkat Kampus;Finalis;2024;Komunitas/Organisasi;2
MHS04086;Non-Akademik;Kewirausahaan;Tingkat Lokal/Wilayah;Peserta;2026;Perusahaan/Swasta;2
MHS04087;Non-Akademik;Kewirausahaan;Tingkat Kampus;Peserta;2024;Kemendikbudristek;1
MHS04089;Non-Akademik;Olahraga;Tingkat Lokal/Wilayah;Peserta;2021;Perusahaan/Swasta;8
MHS04089;Non-Akademik;Sosial & Kemasyarakatan;Tingkat Nasional;Juara 1;2021;Pemerintah Daerah;8
MHS04089;Akademik;Debat & Karya Tulis;Tingkat Lokal/Wilayah;Peserta;2022;Perguruan Tinggi;8
MHS04089;Akademik;Sains & Teknologi;Tingkat Nasional;Peserta;2022;Perguruan Tinggi;8
MHS04089;Non-Akademik;Kewirausahaan;Tingkat Kampus;Juara 1;2023;Komunitas/Organisasi;8
MHS04089;Akademik;Kewirausahaan;Tingkat Lokal/Wilayah;Juara 2;2025;Perguruan Tinggi;8
MHS04089;Non-Akademik;Keagamaan;Tingkat Lokal/Wilayah;Finalis;2025;Perguruan Tinggi;8
MHS04089;Non-Akademik;Kewirausahaan;Tingkat Nasional;Juara 1;2025;Perguruan Tinggi;8
MHS04091;Akademik;Sains & Teknologi;Tingkat Kampus;Peserta;2022;Komunitas/Organisasi;1
MHS04092;Akademik;Debat & Karya Tulis;Tingkat Kampus;Peserta;2024;Pemerintah Daerah;2
MHS04092;Non-Akademik;Keagamaan;Tingkat Internasional;Juara 1;2025;Perguruan Tinggi;2
MHS04097;Akademik;Sosial & Kemasyarakatan;Tingkat Kampus;Juara 2;2024;Perguruan Tinggi;3
MHS04097;Non-Akademik;Kewirausahaan;Tingkat Kampus;Juara 2;2024;Pemerintah Daerah;3
MHS04097;Akademik;Debat & Karya Tulis;Tingkat Lokal/Wilayah;Juara 2;2025;Kemendikbudristek;3
MHS04100;Non-Akademik;Sosial & Kemasyarakatan;Tingkat Lokal/Wilayah;Juara 3;2026;Perusahaan/Swasta;1
MHS04101;Akademik;Debat & Karya Tulis;Tingkat Nasional;Finalis;2019;Perusahaan/Swasta;4
MHS04101;Akademik;Sains & Teknologi;Tingkat Nasional;Peserta;2021;Pemerintah Daerah;4
MHS04101;Non-Akademik;Keagamaan;Tingkat Kampus;Peserta;2022;Pemerintah Daerah;4
MHS04101;Akademik;Debat & Karya Tulis;Tingkat Lokal/Wilayah;Finalis;2023;Komunitas/Organisasi;4
MHS04102;Non-Akademik;Sosial & Kemasyarakatan;Tingkat Lokal/Wilayah;Juara 2;2022;Komunitas/Organisasi;1
MHS04103;Non-Akademik;Keagamaan;Tingkat Lokal/Wilayah;Juara 1;2025;Pemerintah Daerah;4
MHS04103;Non-Akademik;Kewirausahaan;Tingkat Kampus;Peserta;2025;Perguruan Tinggi;4
MHS04103;Akademik;Sains & Teknologi;Tingkat Kampus;Juara 3;2025;Komunitas/Organisasi;4
MHS04103;Non-Akademik;Keagamaan;Tingkat Lokal/Wilayah;Finalis;2025;Perguruan Tinggi;4
MHS04104;Non-Akademik;Sosial & Kemasyarakatan;Tingkat Lokal/Wilayah;Peserta;2024;Komunitas/Organisasi;1
MHS04105;Non-Akademik;Olahraga;Tingkat Kampus;Finalis;2025;Komunitas/Organisasi;1
MHS04107;Non-Akademik;Keagamaan;Tingkat Kampus;Peserta;2024;Kemendikbudristek;2
MHS04107;Akademik;Debat & Karya Tulis;Tingkat Kampus;Finalis;2025;Pemerintah Daerah;2
MHS04108;Akademik;Sains & Teknologi;Tingkat Lokal/Wilayah;Finalis;2024;Kemendikbudristek;7
MHS04108;Non-Akademik;Kewirausahaan;Tingkat Kampus;Juara 3;2024;Kemendikbudristek;7
MHS04108;Non-Akademik;Olahraga;Tingkat Lokal/Wilayah;Juara 1;2025;Perusahaan/Swasta;7
MHS04108;Akademik;Debat & Karya Tulis;Tingkat Kampus;Juara 3;2025;Perusahaan/Swasta;7
MHS04108;Akademik;Sains & Teknologi;Tingkat Nasional;Juara 1;2025;Pemerintah Daerah;7
MHS04108;Non-Akademik;Sosial & Kemasyarakatan;Tingkat Kampus;Juara 2;2026;Pemerintah Daerah;7
MHS04108;Non-Akademik;Keagamaan;Tingkat Internasional;Peserta;2026;Kemendikbudristek;7
MHS04109;Akademik;Debat & Karya Tulis;Tingkat Kampus;Juara 3;2023;Perusahaan/Swasta;1
MHS04111;Non-Akademik;Kewirausahaan;Tingkat Kampus;Juara 2;2024;Perguruan Tinggi;2
MHS04111;Non-Akademik;Olahraga;Tingkat Kampus;Juara 2;2025;Komunitas/Organisasi;2
MHS04115;Non-Akademik;Keagamaan;Tingkat Lokal/Wilayah;Finalis;2024;Komunitas/Organisasi;1
MHS04116;Akademik;Debat & Karya Tulis;Tingkat Kampus;Juara 1;2022;Pemerintah Daerah;3
MHS04116;Non-Akademik;Olahraga;Tingkat Lokal/Wilayah;Peserta;2024;Kemendikbudristek;3
MHS04116;Non-Akademik;Sosial & Kemasyarakatan;Tingkat Internasional;Peserta;2024;Kemendikbudristek;3
MHS04117;Non-Akademik;Sosial & Kemasyarakatan;Tingkat Lokal/Wilayah;Finalis;2024;Perusahaan/Swasta;3
MHS04117;Akademik;Olahraga;Tingkat Internasional;Finalis;2025;Komunitas/Organisasi;3
MHS04117;Non-Akademik;Olahraga;Tingkat Kampus;Peserta;2026;Perusahaan/Swasta;3
MHS04118;Non-Akademik;Seni & Budaya;Tingkat Nasional;Juara 3;2024;Perguruan Tinggi;1
MHS04119;Non-Akademik;Olahraga;Tingkat Nasional;Juara 1;2023;Kemendikbudristek;1
MHS04121;Akademik;Olahraga;Tingkat Lokal/Wilayah;Juara 1;2025;Perguruan Tinggi;1
MHS04123;Akademik;Debat & Karya Tulis;Tingkat Nasional;Juara 1;2024;Kemendikbudristek;5
MHS04123;Akademik;Sosial & Kemasyarakatan;Tingkat Internasional;Juara 3;2025;Kemendikbudristek;5
MHS04123;Akademik;Sains & Teknologi;Tingkat Internasional;Finalis;2025;Perguruan Tinggi;5
MHS04123;Akademik;Seni & Budaya;Tingkat Lokal/Wilayah;Finalis;2025;Komunitas/Organisasi;5
MHS04123;Non-Akademik;Olahraga;Tingkat Nasional;Juara 1;2025;Perusahaan/Swasta;5
MHS04124;Akademik;Debat & Karya Tulis;Tingkat Kampus;Juara 3;2021;Kemendikbudristek;3
MHS04124;Akademik;Sains & Teknologi;Tingkat Lokal/Wilayah;Juara 3;2022;Pemerintah Daerah;3
MHS04124;Akademik;Kewirausahaan;Tingkat Nasional;Peserta;2022;Perguruan Tinggi;3
MHS04127;Non-Akademik;Keagamaan;Tingkat Kampus;Finalis;2024;Perguruan Tinggi;5
MHS04127;Non-Akademik;Seni & Budaya;Tingkat Lokal/Wilayah;Juara 3;2024;Komunitas/Organisasi;5
MHS04127;Non-Akademik;Olahraga;Tingkat Nasional;Peserta;2024;Komunitas/Organisasi;5
MHS04127;Non-Akademik;Sosial & Kemasyarakatan;Tingkat Kampus;Finalis;2025;Komunitas/Organisasi;5
MHS04127;Akademik;Sains & Teknologi;Tingkat Kampus;Peserta;2025;Kemendikbudristek;5
MHS04129;Non-Akademik;Kewirausahaan;Tingkat Kampus;Juara 1;2023;Komunitas/Organisasi;2
MHS04129;Akademik;Seni & Budaya;Tingkat Nasional;Juara 3;2024;Komunitas/Organisasi;2
MHS04131;Non-Akademik;Kewirausahaan;Tingkat Kampus;Juara 3;2022;Perguruan Tinggi;5
MHS04131;Non-Akademik;Keagamaan;Tingkat Kampus;Juara 1;2022;Perguruan Tinggi;5
MHS04131;Akademik;Sains & Teknologi;Tingkat Kampus;Finalis;2023;Perguruan Tinggi;5
MHS04131;Non-Akademik;Keagamaan;Tingkat Nasional;Finalis;2024;Perusahaan/Swasta;5
MHS04131;Akademik;Debat & Karya Tulis;Tingkat Lokal/Wilayah;Finalis;2024;Pemerintah Daerah;5
MHS04133;Akademik;Debat & Karya Tulis;Tingkat Kampus;Juara 3;2022;Komunitas/Organisasi;4
MHS04133;Non-Akademik;Sosial & Kemasyarakatan;Tingkat Nasional;Finalis;2024;Komunitas/Organisasi;4
MHS04133;Akademik;Sains & Teknologi;Tingkat Kampus;Finalis;2024;Perguruan Tinggi;4
MHS04133;Non-Akademik;Keagamaan;Tingkat Lokal/Wilayah;Peserta;2025;Perusahaan/Swasta;4
MHS04134;Non-Akademik;Olahraga;Tingkat Nasional;Peserta;2026;Komunitas/Organisasi;1
MHS04135;Non-Akademik;Kewirausahaan;Tingkat Kampus;Juara 3;2022;Perguruan Tinggi;5
MHS04135;Non-Akademik;Kewirausahaan;Tingkat Nasional;Juara 2;2023;Kemendikbudristek;5
MHS04135;Non-Akademik;Kewirausahaan;Tingkat Lokal/Wilayah;Juara 3;2024;Komunitas/Organisasi;5
MHS04135;Akademik;Keagamaan;Tingkat Kampus;Juara 2;2025;Perguruan Tinggi;5
MHS04135;Non-Akademik;Olahraga;Tingkat Lokal/Wilayah;Peserta;2025;Perusahaan/Swasta;5
MHS04136;Akademik;Sains & Teknologi;Tingkat Lokal/Wilayah;Juara 1;2025;Perusahaan/Swasta;1
MHS04137;Non-Akademik;Seni & Budaya;Tingkat Lokal/Wilayah;Peserta;2025;Kemendikbudristek;1
MHS04140;Non-Akademik;Olahraga;Tingkat Lokal/Wilayah;Juara 3;2026;Perusahaan/Swasta;2
MHS04140;Non-Akademik;Seni & Budaya;Tingkat Kampus;Finalis;2026;Kemendikbudristek;2
MHS04141;Akademik;Debat & Karya Tulis;Tingkat Kampus;Finalis;2025;Pemerintah Daerah;1
MHS04142;Akademik;Sains & Teknologi;Tingkat Lokal/Wilayah;Peserta;2024;Pemerintah Daerah;2
MHS04142;Akademik;Sains & Teknologi;Tingkat Kampus;Peserta;2025;Komunitas/Organisasi;2
MHS04143;Akademik;Sains & Teknologi;Tingkat Kampus;Peserta;2023;Kemendikbudristek;1
MHS04148;Non-Akademik;Olahraga;Tingkat Kampus;Peserta;2024;Kemendikbudristek;1
MHS04149;Non-Akademik;Sosial & Kemasyarakatan;Tingkat Kampus;Juara 3;2024;Pemerintah Daerah;2
MHS04149;Akademik;Sains & Teknologi;Tingkat Lokal/Wilayah;Juara 2;2025;Komunitas/Organisasi;2
MHS04150;Akademik;Sains & Teknologi;Tingkat Kampus;Peserta;2022;Komunitas/Organisasi;6
MHS04150;Non-Akademik;Sosial & Kemasyarakatan;Tingkat Nasional;Finalis;2022;Pemerintah Daerah;6
MHS04150;Non-Akademik;Olahraga;Tingkat Kampus;Peserta;2023;Komunitas/Organisasi;6
MHS04150;Non-Akademik;Keagamaan;Tingkat Nasional;Juara 3;2024;Komunitas/Organisasi;6
MHS04150;Non-Akademik;Olahraga;Tingkat Kampus;Finalis;2025;Komunitas/Organisasi;6
MHS04150;Non-Akademik;Seni & Budaya;Tingkat Kampus;Finalis;2026;Perusahaan/Swasta;6
MHS04153;Akademik;Sains & Teknologi;Tingkat Nasional;Juara 3;2023;Perguruan Tinggi;5
MHS04153;Akademik;Keagamaan;Tingkat Kampus;Juara 2;2024;Perusahaan/Swasta;5
MHS04153;Non-Akademik;Seni & Budaya;Tingkat Lokal/Wilayah;Finalis;2024;Perusahaan/Swasta;5
MHS04153;Akademik;Debat & Karya Tulis;Tingkat Kampus;Juara 2;2024;Perusahaan/Swasta;5
MHS04153;Akademik;Debat & Karya Tulis;Tingkat Lokal/Wilayah;Peserta;2025;Perusahaan/Swasta;5
MHS04155;Akademik;Debat & Karya Tulis;Tingkat Lokal/Wilayah;Finalis;2024;Pemerintah Daerah;3
MHS04155;Akademik;Debat & Karya Tulis;Tingkat Nasional;Finalis;2025;Komunitas/Organisasi;3
MHS04155;Akademik;Sains & Teknologi;Tingkat Lokal/Wilayah;Finalis;2026;Komunitas/Organisasi;3
MHS04159;Akademik;Sains & Teknologi;Tingkat Nasional;Juara 3;2025;Pemerintah Daerah;2
MHS04159;Non-Akademik;Keagamaan;Tingkat Kampus;Peserta;2026;Kemendikbudristek;2
MHS04162;Akademik;Sains & Teknologi;Tingkat Kampus;Juara 1;2020;Perguruan Tinggi;2
MHS04162;Non-Akademik;Keagamaan;Tingkat Kampus;Juara 1;2023;Kemendikbudristek;2
MHS04164;Non-Akademik;Olahraga;Tingkat Kampus;Peserta;2026;Kemendikbudristek;1
MHS04166;Akademik;Sains & Teknologi;Tingkat Lokal/Wilayah;Juara 3;2024;Komunitas/Organisasi;2
MHS04166;Non-Akademik;Olahraga;Tingkat Nasional;Peserta;2025;Komunitas/Organisasi;2
MHS04168;Non-Akademik;Sosial & Kemasyarakatan;Tingkat Kampus;Finalis;2026;Perguruan Tinggi;1
MHS04173;Akademik;Sains & Teknologi;Tingkat Kampus;Finalis;2025;Perusahaan/Swasta;1
MHS04178;Akademik;Sains & Teknologi;Tingkat Lokal/Wilayah;Peserta;2022;Komunitas/Organisasi;2
MHS04178;Akademik;Debat & Karya Tulis;Tingkat Nasional;Finalis;2023;Kemendikbudristek;2
MHS04179;Akademik;Seni & Budaya;Tingkat Lokal/Wilayah;Peserta;2026;Pemerintah Daerah;1
MHS04181;Akademik;Seni & Budaya;Tingkat Internasional;Finalis;2025;Komunitas/Organisasi;1
MHS04183;Akademik;Sains & Teknologi;Tingkat Kampus;Juara 1;2025;Komunitas/Organisasi;1
MHS04184;Akademik;Kewirausahaan;Tingkat Lokal/Wilayah;Peserta;2019;Perusahaan/Swasta;2
MHS04184;Akademik;Sains & Teknologi;Tingkat Nasional;Peserta;2023;Perguruan Tinggi;2
MHS04187;Non-Akademik;Keagamaan;Tingkat Kampus;Finalis;2023;Pemerintah Daerah;2
MHS04187;Non-Akademik;Kewirausahaan;Tingkat Kampus;Peserta;2023;Kemendikbudristek;2
MHS04190;Akademik;Debat & Karya Tulis;Tingkat Kampus;Finalis;2025;Komunitas/Organisasi;2
MHS04190;Non-Akademik;Kewirausahaan;Tingkat Internasional;Juara 3;2025;Komunitas/Organisasi;2
MHS04192;Akademik;Sains & Teknologi;Tingkat Lokal/Wilayah;Peserta;2026;Kemendikbudristek;1
MHS04193;Non-Akademik;Kewirausahaan;Tingkat Lokal/Wilayah;Juara 3;2024;Perusahaan/Swasta;1
MHS04195;Akademik;Debat & Karya Tulis;Tingkat Kampus;Juara 3;2021;Kemendikbudristek;4
MHS04195;Akademik;Sains & Teknologi;Tingkat Nasional;Juara 2;2022;Pemerintah Daerah;4
MHS04195;Akademik;Sosial & Kemasyarakatan;Tingkat Kampus;Juara 1;2022;Pemerintah Daerah;4
MHS04195;Akademik;Olahraga;Tingkat Nasional;Finalis;2024;Perguruan Tinggi;4
MHS04196;Non-Akademik;Sosial & Kemasyarakatan;Tingkat Nasional;Peserta;2019;Kemendikbudristek;6
MHS04196;Akademik;Sains & Teknologi;Tingkat Lokal/Wilayah;Juara 3;2020;Komunitas/Organisasi;6
MHS04196;Non-Akademik;Sosial & Kemasyarakatan;Tingkat Lokal/Wilayah;Finalis;2020;Perusahaan/Swasta;6
MHS04196;Akademik;Sains & Teknologi;Tingkat Kampus;Juara 3;2021;Perusahaan/Swasta;6
MHS04196;Non-Akademik;Olahraga;Tingkat Kampus;Juara 2;2022;Perguruan Tinggi;6
MHS04196;Non-Akademik;Seni & Budaya;Tingkat Kampus;Juara 1;2023;Kemendikbudristek;6
MHS04197;Non-Akademik;Olahraga;Tingkat Kampus;Peserta;2026;Perusahaan/Swasta;1
MHS04198;Akademik;Debat & Karya Tulis;Tingkat Lokal/Wilayah;Juara 3;2025;Kemendikbudristek;2
MHS04198;Non-Akademik;Olahraga;Tingkat Kampus;Finalis;2026;Kemendikbudristek;2
MHS04199;Akademik;Debat & Karya Tulis;Tingkat Nasional;Finalis;2026;Kemendikbudristek;1
MHS04200;Non-Akademik;Keagamaan;Tingkat Nasional;Juara 3;2025;Komunitas/Organisasi;2
MHS04200;Akademik;Sains & Teknologi;Tingkat Lokal/Wilayah;Peserta;2025;Komunitas/Organisasi;2
MHS04203;Non-Akademik;Keagamaan;Tingkat Lokal/Wilayah;Juara 3;2026;Kemendikbudristek;1
MHS04204;Akademik;Keagamaan;Tingkat Kampus;Finalis;2024;Perguruan Tinggi;1
MHS04205;Akademik;Sosial & Kemasyarakatan;Tingkat Kampus;Peserta;2025;Perguruan Tinggi;1
MHS04207;Non-Akademik;Sosial & Kemasyarakatan;Tingkat Internasional;Peserta;2024;Kemendikbudristek;3
MHS04207;Non-Akademik;Sosial & Kemasyarakatan;Tingkat Lokal/Wilayah;Juara 2;2025;Pemerintah Daerah;3
MHS04207;Akademik;Olahraga;Tingkat Kampus;Juara 3;2025;Perguruan Tinggi;3
MHS04209;Non-Akademik;Keagamaan;Tingkat Kampus;Peserta;2024;Komunitas/Organisasi;1
MHS04210;Non-Akademik;Kewirausahaan;Tingkat Lokal/Wilayah;Juara 1;2024;Pemerintah Daerah;3
MHS04210;Akademik;Seni & Budaya;Tingkat Internasional;Finalis;2024;Kemendikbudristek;3
MHS04210;Akademik;Sains & Teknologi;Tingkat Kampus;Juara 3;2026;Perusahaan/Swasta;3
MHS04213;Akademik;Debat & Karya Tulis;Tingkat Kampus;Juara 2;2026;Komunitas/Organisasi;1
MHS04215;Akademik;Olahraga;Tingkat Lokal/Wilayah;Finalis;2024;Komunitas/Organisasi;2
MHS04215;Non-Akademik;Sosial & Kemasyarakatan;Tingkat Kampus;Juara 3;2025;Kemendikbudristek;2
MHS04217;Non-Akademik;Kewirausahaan;Tingkat Nasional;Juara 2;2025;Komunitas/Organisasi;2
MHS04217;Non-Akademik;Olahraga;Tingkat Kampus;Finalis;2026;Perguruan Tinggi;2
MHS04218;Non-Akademik;Keagamaan;Tingkat Nasional;Juara 2;2023;Komunitas/Organisasi;8
MHS04218;Non-Akademik;Keagamaan;Tingkat Nasional;Finalis;2023;Perguruan Tinggi;8
MHS04218;Non-Akademik;Sosial & Kemasyarakatan;Tingkat Lokal/Wilayah;Juara 3;2023;Kemendikbudristek;8
MHS04218;Akademik;Sains & Teknologi;Tingkat Kampus;Juara 1;2024;Perguruan Tinggi;8
MHS04218;Akademik;Sains & Teknologi;Tingkat Kampus;Peserta;2024;Kemendikbudristek;8
MHS04218;Non-Akademik;Seni & Budaya;Tingkat Nasional;Juara 2;2025;Pemerintah Daerah;8
MHS04218;Non-Akademik;Seni & Budaya;Tingkat Nasional;Juara 2;2025;Pemerintah Daerah;8
MHS04218;Akademik;Debat & Karya Tulis;Tingkat Kampus;Juara 1;2026;Kemendikbudristek;8
MHS04219;Non-Akademik;Olahraga;Tingkat Kampus;Finalis;2022;Pemerintah Daerah;2
MHS04219;Non-Akademik;Olahraga;Tingkat Lokal/Wilayah;Juara 1;2024;Perusahaan/Swasta;2
MHS04220;Akademik;Debat & Karya Tulis;Tingkat Lokal/Wilayah;Peserta;2023;Komunitas/Organisasi;1
MHS04221;Non-Akademik;Keagamaan;Tingkat Lokal/Wilayah;Finalis;2022;Perusahaan/Swasta;4
MHS04221;Akademik;Sains & Teknologi;Tingkat Kampus;Juara 3;2022;Komunitas/Organisasi;4
MHS04221;Non-Akademik;Olahraga;Tingkat Kampus;Finalis;2022;Pemerintah Daerah;4
MHS04221;Non-Akademik;Keagamaan;Tingkat Kampus;Finalis;2023;Komunitas/Organisasi;4
MHS04223;Non-Akademik;Sosial & Kemasyarakatan;Tingkat Kampus;Juara 3;2026;Pemerintah Daerah;1
MHS04224;Akademik;Sains & Teknologi;Tingkat Kampus;Juara 3;2023;Perguruan Tinggi;2
MHS04224;Akademik;Debat & Karya Tulis;Tingkat Kampus;Juara 2;2023;Perusahaan/Swasta;2
MHS04225;Non-Akademik;Keagamaan;Tingkat Kampus;Juara 3;2023;Komunitas/Organisasi;2
MHS04225;Non-Akademik;Keagamaan;Tingkat Kampus;Juara 3;2026;Komunitas/Organisasi;2
MHS04226;Non-Akademik;Keagamaan;Tingkat Nasional;Juara 3;2025;Pemerintah Daerah;2
MHS04226;Non-Akademik;Seni & Budaya;Tingkat Kampus;Peserta;2025;Pemerintah Daerah;2
MHS04228;Non-Akademik;Seni & Budaya;Tingkat Internasional;Peserta;2021;Perusahaan/Swasta;1
MHS04229;Akademik;Sains & Teknologi;Tingkat Kampus;Juara 3;2026;Komunitas/Organisasi;1
MHS04230;Akademik;Debat & Karya Tulis;Tingkat Nasional;Juara 3;2024;Komunitas/Organisasi;2
MHS04230;Akademik;Keagamaan;Tingkat Lokal/Wilayah;Juara 2;2025;Komunitas/Organisasi;2
MHS04231;Non-Akademik;Sosial & Kemasyarakatan;Tingkat Kampus;Finalis;2024;Kemendikbudristek;1
MHS04237;Akademik;Olahraga;Tingkat Kampus;Juara 1;2024;Pemerintah Daerah;3
MHS04237;Non-Akademik;Kewirausahaan;Tingkat Kampus;Finalis;2024;Komunitas/Organisasi;3
MHS04237;Akademik;Debat & Karya Tulis;Tingkat Nasional;Juara 3;2025;Perusahaan/Swasta;3
MHS04238;Akademik;Sains & Teknologi;Tingkat Kampus;Peserta;2025;Perusahaan/Swasta;1
MHS04240;Non-Akademik;Sosial & Kemasyarakatan;Tingkat Nasional;Peserta;2025;Pemerintah Daerah;1
MHS04242;Non-Akademik;Seni & Budaya;Tingkat Nasional;Juara 1;2026;Perusahaan/Swasta;1
MHS04243;Akademik;Sosial & Kemasyarakatan;Tingkat Kampus;Juara 1;2026;Perguruan Tinggi;1
MHS04245;Akademik;Sains & Teknologi;Tingkat Kampus;Finalis;2023;Kemendikbudristek;4
MHS04245;Non-Akademik;Keagamaan;Tingkat Kampus;Juara 2;2024;Perusahaan/Swasta;4
MHS04245;Akademik;Sains & Teknologi;Tingkat Kampus;Juara 2;2025;Pemerintah Daerah;4
MHS04245;Non-Akademik;Seni & Budaya;Tingkat Kampus;Peserta;2026;Kemendikbudristek;4
MHS04246;Akademik;Sosial & Kemasyarakatan;Tingkat Nasional;Finalis;2024;Kemendikbudristek;2
MHS04246;Akademik;Debat & Karya Tulis;Tingkat Lokal/Wilayah;Finalis;2025;Komunitas/Organisasi;2
MHS04247;Akademik;Debat & Karya Tulis;Tingkat Lokal/Wilayah;Juara 2;2025;Komunitas/Organisasi;1
MHS04251;Akademik;Debat & Karya Tulis;Tingkat Lokal/Wilayah;Finalis;2023;Perusahaan/Swasta;2
MHS04251;Akademik;Debat & Karya Tulis;Tingkat Nasional;Juara 3;2024;Kemendikbudristek;2
MHS04252;Akademik;Debat & Karya Tulis;Tingkat Lokal/Wilayah;Juara 1;2026;Pemerintah Daerah;3
MHS04252;Akademik;Sains & Teknologi;Tingkat Kampus;Finalis;2026;Pemerintah Daerah;3
MHS04252;Akademik;Olahraga;Tingkat Kampus;Peserta;2026;Perusahaan/Swasta;3
MHS04253;Non-Akademik;Sosial & Kemasyarakatan;Tingkat Kampus;Juara 2;2022;Perguruan Tinggi;5
MHS04253;Non-Akademik;Keagamaan;Tingkat Lokal/Wilayah;Peserta;2023;Perusahaan/Swasta;5
MHS04253;Non-Akademik;Sosial & Kemasyarakatan;Tingkat Internasional;Peserta;2024;Pemerintah Daerah;5
MHS04253;Akademik;Debat & Karya Tulis;Tingkat Nasional;Peserta;2025;Pemerintah Daerah;5
MHS04253;Non-Akademik;Keagamaan;Tingkat Kampus;Finalis;2025;Perguruan Tinggi;5
MHS04254;Non-Akademik;Olahraga;Tingkat Lokal/Wilayah;Juara 2;2026;Pemerintah Daerah;2
MHS04254;Akademik;Sains & Teknologi;Tingkat Internasional;Juara 1;2026;Perusahaan/Swasta;2
MHS04256;Non-Akademik;Seni & Budaya;Tingkat Kampus;Peserta;2026;Pemerintah Daerah;2
MHS04256;Akademik;Sains & Teknologi;Tingkat Kampus;Finalis;2026;Perguruan Tinggi;2
MHS04258;Non-Akademik;Keagamaan;Tingkat Kampus;Juara 3;2025;Komunitas/Organisasi;2
MHS04258;Non-Akademik;Kewirausahaan;Tingkat Lokal/Wilayah;Juara 2;2026;Pemerintah Daerah;2
MHS04260;Non-Akademik;Kewirausahaan;Tingkat Kampus;Finalis;2021;Komunitas/Organisasi;2
MHS04260;Non-Akademik;Sosial & Kemasyarakatan;Tingkat Kampus;Finalis;2022;Kemendikbudristek;2
MHS04261;Akademik;Debat & Karya Tulis;Tingkat Nasional;Juara 3;2023;Perusahaan/Swasta;2
MHS04261;Non-Akademik;Sosial & Kemasyarakatan;Tingkat Lokal/Wilayah;Juara 3;2025;Perusahaan/Swasta;2
MHS04264;Non-Akademik;Sosial & Kemasyarakatan;Tingkat Nasional;Juara 3;2022;Pemerintah Daerah;4
MHS04264;Non-Akademik;Keagamaan;Tingkat Kampus;Juara 3;2022;Komunitas/Organisasi;4
MHS04264;Akademik;Debat & Karya Tulis;Tingkat Kampus;Juara 3;2022;Perguruan Tinggi;4
MHS04264;Akademik;Sains & Teknologi;Tingkat Lokal/Wilayah;Juara 2;2025;Perguruan Tinggi;4
MHS04266;Akademik;Debat & Karya Tulis;Tingkat Lokal/Wilayah;Juara 3;2022;Pemerintah Daerah;7
MHS04266;Akademik;Debat & Karya Tulis;Tingkat Lokal/Wilayah;Juara 2;2022;Kemendikbudristek;7
MHS04266;Non-Akademik;Kewirausahaan;Tingkat Lokal/Wilayah;Juara 3;2023;Perusahaan/Swasta;7
MHS04266;Non-Akademik;Olahraga;Tingkat Kampus;Peserta;2023;Komunitas/Organisasi;7
MHS04266;Akademik;Sains & Teknologi;Tingkat Lokal/Wilayah;Juara 1;2023;Perguruan Tinggi;7
MHS04266;Non-Akademik;Olahraga;Tingkat Kampus;Peserta;2024;Pemerintah Daerah;7
MHS04266;Akademik;Sains & Teknologi;Tingkat Kampus;Peserta;2025;Perguruan Tinggi;7
MHS04267;Non-Akademik;Sosial & Kemasyarakatan;Tingkat Nasional;Juara 2;2025;Pemerintah Daerah;1
MHS04268;Non-Akademik;Keagamaan;Tingkat Kampus;Finalis;2026;Perguruan Tinggi;1
MHS04272;Non-Akademik;Sosial & Kemasyarakatan;Tingkat Lokal/Wilayah;Juara 3;2023;Komunitas/Organisasi;3
MHS04272;Akademik;Seni & Budaya;Tingkat Kampus;Juara 1;2024;Komunitas/Organisasi;3
MHS04272;Akademik;Debat & Karya Tulis;Tingkat Lokal/Wilayah;Finalis;2024;Kemendikbudristek;3
MHS04273;Akademik;Keagamaan;Tingkat Nasional;Juara 2;2021;Perusahaan/Swasta;3
MHS04273;Akademik;Sains & Teknologi;Tingkat Internasional;Juara 1;2021;Komunitas/Organisasi;3
MHS04273;Non-Akademik;Olahraga;Tingkat Lokal/Wilayah;Juara 3;2022;Perusahaan/Swasta;3
MHS04274;Akademik;Sains & Teknologi;Tingkat Nasional;Finalis;2023;Perguruan Tinggi;3
MHS04274;Akademik;Sains & Teknologi;Tingkat Lokal/Wilayah;Juara 3;2023;Perusahaan/Swasta;3
MHS04274;Akademik;Sains & Teknologi;Tingkat Internasional;Juara 2;2026;Kemendikbudristek;3
MHS04276;Akademik;Debat & Karya Tulis;Tingkat Lokal/Wilayah;Peserta;2025;Perusahaan/Swasta;2
MHS04276;Non-Akademik;Keagamaan;Tingkat Kampus;Peserta;2026;Komunitas/Organisasi;2
MHS04277;Non-Akademik;Sosial & Kemasyarakatan;Tingkat Kampus;Juara 2;2026;Pemerintah Daerah;1
MHS04280;Non-Akademik;Sosial & Kemasyarakatan;Tingkat Kampus;Juara 1;2025;Perusahaan/Swasta;1
MHS04281;Non-Akademik;Kewirausahaan;Tingkat Lokal/Wilayah;Peserta;2024;Perusahaan/Swasta;3
MHS04281;Akademik;Sains & Teknologi;Tingkat Kampus;Juara 1;2025;Komunitas/Organisasi;3
MHS04281;Akademik;Sains & Teknologi;Tingkat Kampus;Juara 1;2025;Perusahaan/Swasta;3
MHS04282;Akademik;Seni & Budaya;Tingkat Kampus;Peserta;2023;Komunitas/Organisasi;2
MHS04282;Akademik;Kewirausahaan;Tingkat Nasional;Peserta;2024;Komunitas/Organisasi;2
MHS04283;Non-Akademik;Olahraga;Tingkat Kampus;Peserta;2026;Perguruan Tinggi;1
MHS04284;Akademik;Sains & Teknologi;Tingkat Kampus;Finalis;2025;Kemendikbudristek;2
MHS04284;Non-Akademik;Seni & Budaya;Tingkat Nasional;Juara 1;2025;Pemerintah Daerah;2
MHS04285;Akademik;Debat & Karya Tulis;Tingkat Kampus;Peserta;2025;Perusahaan/Swasta;1
MHS04286;Akademik;Seni & Budaya;Tingkat Lokal/Wilayah;Finalis;2021;Komunitas/Organisasi;2
MHS04286;Non-Akademik;Sosial & Kemasyarakatan;Tingkat Lokal/Wilayah;Finalis;2024;Perusahaan/Swasta;2
MHS04289;Akademik;Sains & Teknologi;Tingkat Lokal/Wilayah;Peserta;2020;Komunitas/Organisasi;2
MHS04289;Akademik;Sains & Teknologi;Tingkat Kampus;Peserta;2023;Pemerintah Daerah;2
MHS04290;Non-Akademik;Olahraga;Tingkat Kampus;Juara 3;2026;Pemerintah Daerah;1
MHS04292;Non-Akademik;Seni & Budaya;Tingkat Nasional;Juara 1;2025;Komunitas/Organisasi;3
MHS04292;Akademik;Debat & Karya Tulis;Tingkat Kampus;Juara 1;2026;Pemerintah Daerah;3
MHS04292;Non-Akademik;Sosial & Kemasyarakatan;Tingkat Kampus;Peserta;2026;Perusahaan/Swasta;3
MHS04297;Non-Akademik;Olahraga;Tingkat Kampus;Peserta;2024;Perusahaan/Swasta;4
MHS04297;Non-Akademik;Seni & Budaya;Tingkat Nasional;Juara 3;2024;Perusahaan/Swasta;4
MHS04297;Non-Akademik;Olahraga;Tingkat Kampus;Juara 1;2025;Komunitas/Organisasi;4
MHS04297;Non-Akademik;Kewirausahaan;Tingkat Lokal/Wilayah;Juara 2;2026;Kemendikbudristek;4
MHS04298;Non-Akademik;Seni & Budaya;Tingkat Lokal/Wilayah;Finalis;2025;Perguruan Tinggi;1
MHS04299;Non-Akademik;Sosial & Kemasyarakatan;Tingkat Internasional;Juara 2;2024;Perguruan Tinggi;3
MHS04299;Akademik;Sains & Teknologi;Tingkat Nasional;Finalis;2024;Pemerintah Daerah;3
MHS04299;Akademik;Sains & Teknologi;Tingkat Kampus;Juara 3;2026;Perguruan Tinggi;3
MHS04300;Non-Akademik;Keagamaan;Tingkat Lokal/Wilayah;Juara 3;2020;Pemerintah Daerah;3
MHS04300;Non-Akademik;Sosial & Kemasyarakatan;Tingkat Kampus;Juara 1;2021;Perusahaan/Swasta;3
MHS04300;Non-Akademik;Kewirausahaan;Tingkat Kampus;Juara 1;2023;Komunitas/Organisasi;3
MHS04301;Akademik;Sains & Teknologi;Tingkat Lokal/Wilayah;Juara 3;2024;Pemerintah Daerah;2
MHS04301;Non-Akademik;Kewirausahaan;Tingkat Nasional;Peserta;2026;Pemerintah Daerah;2
MHS04304;Akademik;Sains & Teknologi;Tingkat Kampus;Juara 1;2025;Komunitas/Organisasi;2
MHS04304;Non-Akademik;Sosial & Kemasyarakatan;Tingkat Nasional;Juara 1;2026;Perusahaan/Swasta;2
MHS04306;Non-Akademik;Kewirausahaan;Tingkat Nasional;Juara 3;2025;Komunitas/Organisasi;1
MHS04310;Non-Akademik;Keagamaan;Tingkat Lokal/Wilayah;Peserta;2026;Perusahaan/Swasta;2
MHS04310;Non-Akademik;Kewirausahaan;Tingkat Kampus;Juara 2;2026;Kemendikbudristek;2
MHS04311;Non-Akademik;Olahraga;Tingkat Kampus;Juara 3;2022;Komunitas/Organisasi;3
MHS04311;Non-Akademik;Olahraga;Tingkat Kampus;Peserta;2023;Pemerintah Daerah;3
MHS04311;Akademik;Sains & Teknologi;Tingkat Kampus;Juara 3;2024;Kemendikbudristek;3
MHS04312;Non-Akademik;Keagamaan;Tingkat Kampus;Juara 1;2023;Perguruan Tinggi;3
MHS04312;Non-Akademik;Kewirausahaan;Tingkat Nasional;Finalis;2024;Komunitas/Organisasi;3
MHS04312;Non-Akademik;Seni & Budaya;Tingkat Lokal/Wilayah;Finalis;2026;Perusahaan/Swasta;3
MHS04314;Non-Akademik;Sosial & Kemasyarakatan;Tingkat Nasional;Peserta;2022;Pemerintah Daerah;2
MHS04314;Non-Akademik;Keagamaan;Tingkat Nasional;Finalis;2022;Pemerintah Daerah;2
MHS04315;Akademik;Debat & Karya Tulis;Tingkat Kampus;Finalis;2021;Komunitas/Organisasi;5
MHS04315;Non-Akademik;Kewirausahaan;Tingkat Lokal/Wilayah;Finalis;2022;Perusahaan/Swasta;5
MHS04315;Non-Akademik;Kewirausahaan;Tingkat Lokal/Wilayah;Juara 3;2023;Perguruan Tinggi;5
MHS04315;Akademik;Sains & Teknologi;Tingkat Lokal/Wilayah;Finalis;2025;Pemerintah Daerah;5
MHS04315;Akademik;Sains & Teknologi;Tingkat Lokal/Wilayah;Finalis;2025;Pemerintah Daerah;5
MHS04316;Non-Akademik;Sosial & Kemasyarakatan;Tingkat Nasional;Juara 2;2025;Pemerintah Daerah;1
MHS04321;Akademik;Kewirausahaan;Tingkat Nasional;Peserta;2022;Komunitas/Organisasi;2
MHS04321;Akademik;Debat & Karya Tulis;Tingkat Nasional;Juara 3;2023;Perusahaan/Swasta;2
MHS04322;Non-Akademik;Keagamaan;Tingkat Kampus;Juara 3;2026;Perguruan Tinggi;1
MHS04325;Non-Akademik;Kewirausahaan;Tingkat Lokal/Wilayah;Juara 3;2021;Pemerintah Daerah;2
MHS04325;Non-Akademik;Seni & Budaya;Tingkat Nasional;Juara 1;2023;Perusahaan/Swasta;2
MHS04328;Akademik;Seni & Budaya;Tingkat Kampus;Juara 3;2022;Perusahaan/Swasta;1
MHS04329;Akademik;Sosial & Kemasyarakatan;Tingkat Lokal/Wilayah;Finalis;2024;Komunitas/Organisasi;3
MHS04329;Akademik;Sains & Teknologi;Tingkat Kampus;Peserta;2026;Perguruan Tinggi;3
MHS04329;Non-Akademik;Sosial & Kemasyarakatan;Tingkat Kampus;Peserta;2026;Komunitas/Organisasi;3
MHS04330;Non-Akademik;Olahraga;Tingkat Lokal/Wilayah;Finalis;2024;Perusahaan/Swasta;1
MHS04331;Non-Akademik;Kewirausahaan;Tingkat Kampus;Finalis;2026;Perguruan Tinggi;2
MHS04331;Akademik;Keagamaan;Tingkat Lokal/Wilayah;Finalis;2026;Pemerintah Daerah;2
MHS04332;Akademik;Sains & Teknologi;Tingkat Kampus;Juara 2;2025;Kemendikbudristek;2
MHS04332;Non-Akademik;Keagamaan;Tingkat Lokal/Wilayah;Finalis;2025;Perusahaan/Swasta;2
MHS04334;Akademik;Sains & Teknologi;Tingkat Kampus;Finalis;2024;Perusahaan/Swasta;3
MHS04334;Akademik;Sains & Teknologi;Tingkat Nasional;Juara 3;2025;Komunitas/Organisasi;3
MHS04334;Non-Akademik;Keagamaan;Tingkat Kampus;Peserta;2025;Pemerintah Daerah;3
MHS04336;Non-Akademik;Kewirausahaan;Tingkat Kampus;Juara 3;2026;Perguruan Tinggi;2
MHS04336;Akademik;Keagamaan;Tingkat Internasional;Peserta;2026;Komunitas/Organisasi;2
MHS04337;Non-Akademik;Olahraga;Tingkat Kampus;Juara 3;2024;Perusahaan/Swasta;1
MHS04344;Non-Akademik;Olahraga;Tingkat Nasional;Peserta;2021;Perusahaan/Swasta;1
MHS04345;Non-Akademik;Olahraga;Tingkat Nasional;Juara 3;2022;Perusahaan/Swasta;3
MHS04345;Non-Akademik;Kewirausahaan;Tingkat Lokal/Wilayah;Peserta;2025;Pemerintah Daerah;3
MHS04345;Non-Akademik;Seni & Budaya;Tingkat Kampus;Juara 2;2026;Perguruan Tinggi;3
MHS04346;Akademik;Olahraga;Tingkat Lokal/Wilayah;Peserta;2024;Komunitas/Organisasi;1
MHS04348;Non-Akademik;Sosial & Kemasyarakatan;Tingkat Lokal/Wilayah;Juara 3;2023;Pemerintah Daerah;2
MHS04348;Akademik;Debat & Karya Tulis;Tingkat Lokal/Wilayah;Peserta;2024;Perusahaan/Swasta;2
MHS04350;Akademik;Sains & Teknologi;Tingkat Lokal/Wilayah;Peserta;2023;Komunitas/Organisasi;3
MHS04350;Akademik;Sains & Teknologi;Tingkat Lokal/Wilayah;Finalis;2026;Pemerintah Daerah;3
MHS04350;Non-Akademik;Kewirausahaan;Tingkat Lokal/Wilayah;Finalis;2026;Komunitas/Organisasi;3
MHS04351;Non-Akademik;Sosial & Kemasyarakatan;Tingkat Kampus;Juara 1;2024;Perguruan Tinggi;1
MHS04352;Non-Akademik;Sosial & Kemasyarakatan;Tingkat Kampus;Peserta;2026;Perguruan Tinggi;1
MHS04355;Non-Akademik;Kewirausahaan;Tingkat Kampus;Juara 1;2021;Perusahaan/Swasta;1
MHS04358;Non-Akademik;Kewirausahaan;Tingkat Nasional;Juara 3;2024;Perguruan Tinggi;1
MHS04361;Akademik;Debat & Karya Tulis;Tingkat Kampus;Juara 2;2024;Kemendikbudristek;1
MHS04362;Akademik;Sains & Teknologi;Tingkat Kampus;Juara 1;2023;Kemendikbudristek;2
MHS04362;Non-Akademik;Seni & Budaya;Tingkat Kampus;Juara 3;2024;Perguruan Tinggi;2
MHS04365;Akademik;Sains & Teknologi;Tingkat Lokal/Wilayah;Peserta;2026;Kemendikbudristek;1
MHS04366;Akademik;Sains & Teknologi;Tingkat Kampus;Juara 3;2022;Kemendikbudristek;4
MHS04366;Akademik;Sains & Teknologi;Tingkat Lokal/Wilayah;Peserta;2022;Pemerintah Daerah;4
MHS04366;Akademik;Debat & Karya Tulis;Tingkat Lokal/Wilayah;Finalis;2023;Komunitas/Organisasi;4
MHS04366;Akademik;Sains & Teknologi;Tingkat Lokal/Wilayah;Juara 2;2024;Kemendikbudristek;4
MHS04367;Akademik;Debat & Karya Tulis;Tingkat Lokal/Wilayah;Juara 3;2025;Pemerintah Daerah;1
MHS04368;Akademik;Debat & Karya Tulis;Tingkat Kampus;Finalis;2025;Komunitas/Organisasi;1
MHS04369;Akademik;Seni & Budaya;Tingkat Kampus;Peserta;2023;Kemendikbudristek;1
MHS04370;Non-Akademik;Seni & Budaya;Tingkat Lokal/Wilayah;Juara 1;2024;Komunitas/Organisasi;7
MHS04370;Akademik;Sains & Teknologi;Tingkat Nasional;Juara 2;2024;Pemerintah Daerah;7
MHS04370;Non-Akademik;Keagamaan;Tingkat Internasional;Peserta;2024;Perguruan Tinggi;7
MHS04370;Non-Akademik;Kewirausahaan;Tingkat Kampus;Peserta;2025;Kemendikbudristek;7
MHS04370;Non-Akademik;Olahraga;Tingkat Nasional;Juara 1;2025;Pemerintah Daerah;7
MHS04370;Non-Akademik;Kewirausahaan;Tingkat Kampus;Peserta;2025;Perusahaan/Swasta;7
MHS04370;Akademik;Debat & Karya Tulis;Tingkat Lokal/Wilayah;Juara 3;2026;Kemendikbudristek;7
MHS04375;Non-Akademik;Sosial & Kemasyarakatan;Tingkat Lokal/Wilayah;Finalis;2024;Perusahaan/Swasta;1
MHS04376;Non-Akademik;Seni & Budaya;Tingkat Kampus;Peserta;2022;Perusahaan/Swasta;1
MHS04378;Non-Akademik;Sosial & Kemasyarakatan;Tingkat Lokal/Wilayah;Finalis;2024;Kemendikbudristek;2
MHS04378;Non-Akademik;Seni & Budaya;Tingkat Nasional;Peserta;2025;Perusahaan/Swasta;2
MHS04379;Akademik;Sains & Teknologi;Tingkat Lokal/Wilayah;Finalis;2025;Perguruan Tinggi;1
MHS04381;Akademik;Sains & Teknologi;Tingkat Internasional;Juara 3;2023;Perusahaan/Swasta;3
MHS04381;Akademik;Debat & Karya Tulis;Tingkat Lokal/Wilayah;Finalis;2024;Pemerintah Daerah;3
MHS04381;Akademik;Olahraga;Tingkat Lokal/Wilayah;Juara 3;2026;Perguruan Tinggi;3
MHS04384;Non-Akademik;Seni & Budaya;Tingkat Lokal/Wilayah;Peserta;2024;Komunitas/Organisasi;2
MHS04384;Akademik;Debat & Karya Tulis;Tingkat Lokal/Wilayah;Juara 3;2026;Komunitas/Organisasi;2
MHS04385;Akademik;Kewirausahaan;Tingkat Kampus;Peserta;2026;Perguruan Tinggi;1
MHS04386;Non-Akademik;Olahraga;Tingkat Lokal/Wilayah;Juara 3;2024;Pemerintah Daerah;2
MHS04386;Non-Akademik;Sosial & Kemasyarakatan;Tingkat Nasional;Juara 1;2024;Komunitas/Organisasi;2
MHS04387;Akademik;Debat & Karya Tulis;Tingkat Lokal/Wilayah;Peserta;2025;Perguruan Tinggi;1
MHS04389;Akademik;Debat & Karya Tulis;Tingkat Nasional;Peserta;2021;Perguruan Tinggi;7
MHS04389;Akademik;Debat & Karya Tulis;Tingkat Kampus;Juara 3;2022;Pemerintah Daerah;7
MHS04389;Akademik;Sains & Teknologi;Tingkat Lokal/Wilayah;Finalis;2022;Perguruan Tinggi;7
MHS04389;Akademik;Sosial & Kemasyarakatan;Tingkat Nasional;Peserta;2023;Perusahaan/Swasta;7
MHS04389;Non-Akademik;Kewirausahaan;Tingkat Lokal/Wilayah;Peserta;2024;Kemendikbudristek;7
MHS04389;Akademik;Debat & Karya Tulis;Tingkat Kampus;Juara 2;2025;Pemerintah Daerah;7
MHS04389;Akademik;Sains & Teknologi;Tingkat Lokal/Wilayah;Juara 2;2025;Pemerintah Daerah;7
MHS04390;Non-Akademik;Seni & Budaya;Tingkat Lokal/Wilayah;Peserta;2023;Kemendikbudristek;3
MHS04390;Akademik;Sains & Teknologi;Tingkat Kampus;Finalis;2024;Pemerintah Daerah;3
MHS04390;Non-Akademik;Kewirausahaan;Tingkat Kampus;Finalis;2025;Kemendikbudristek;3
MHS04391;Non-Akademik;Seni & Budaya;Tingkat Kampus;Juara 3;2022;Perguruan Tinggi;4
MHS04391;Non-Akademik;Olahraga;Tingkat Kampus;Juara 3;2023;Pemerintah Daerah;4
MHS04391;Akademik;Olahraga;Tingkat Kampus;Peserta;2024;Kemendikbudristek;4
MHS04391;Non-Akademik;Kewirausahaan;Tingkat Nasional;Juara 3;2026;Komunitas/Organisasi;4
MHS04395;Akademik;Sains & Teknologi;Tingkat Nasional;Juara 2;2025;Pemerintah Daerah;1
MHS04396;Akademik;Debat & Karya Tulis;Tingkat Lokal/Wilayah;Peserta;2023;Perguruan Tinggi;5
MHS04396;Non-Akademik;Seni & Budaya;Tingkat Kampus;Peserta;2023;Kemendikbudristek;5
MHS04396;Akademik;Sosial & Kemasyarakatan;Tingkat Kampus;Juara 1;2023;Perusahaan/Swasta;5
MHS04396;Akademik;Debat & Karya Tulis;Tingkat Lokal/Wilayah;Peserta;2024;Komunitas/Organisasi;5
MHS04396;Non-Akademik;Sosial & Kemasyarakatan;Tingkat Nasional;Juara 3;2025;Kemendikbudristek;5
MHS04398;Non-Akademik;Seni & Budaya;Tingkat Lokal/Wilayah;Peserta;2023;Pemerintah Daerah;2
MHS04398;Akademik;Debat & Karya Tulis;Tingkat Lokal/Wilayah;Peserta;2026;Perusahaan/Swasta;2
MHS04399;Akademik;Debat & Karya Tulis;Tingkat Lokal/Wilayah;Juara 1;2024;Kemendikbudristek;4
MHS04399;Akademik;Sains & Teknologi;Tingkat Nasional;Juara 1;2024;Pemerintah Daerah;4
MHS04399;Non-Akademik;Sosial & Kemasyarakatan;Tingkat Kampus;Juara 1;2025;Pemerintah Daerah;4
MHS04399;Akademik;Debat & Karya Tulis;Tingkat Nasional;Juara 3;2026;Pemerintah Daerah;4
MHS04400;Akademik;Debat & Karya Tulis;Tingkat Kampus;Finalis;2025;Perguruan Tinggi;2
MHS04400;Non-Akademik;Sosial & Kemasyarakatan;Tingkat Lokal/Wilayah;Finalis;2026;Perusahaan/Swasta;2
MHS04401;Non-Akademik;Kewirausahaan;Tingkat Kampus;Peserta;2020;Kemendikbudristek;1
MHS04405;Akademik;Olahraga;Tingkat Lokal/Wilayah;Juara 2;2025;Komunitas/Organisasi;2
MHS04405;Akademik;Debat & Karya Tulis;Tingkat Kampus;Juara 3;2025;Komunitas/Organisasi;2
MHS04406;Akademik;Sains & Teknologi;Tingkat Lokal/Wilayah;Juara 3;2026;Perusahaan/Swasta;1
MHS04410;Akademik;Debat & Karya Tulis;Tingkat Kampus;Juara 3;2024;Perusahaan/Swasta;2
MHS04410;Non-Akademik;Olahraga;Tingkat Kampus;Peserta;2025;Pemerintah Daerah;2
MHS04411;Non-Akademik;Keagamaan;Tingkat Nasional;Juara 2;2022;Kemendikbudristek;8
MHS04411;Non-Akademik;Sosial & Kemasyarakatan;Tingkat Lokal/Wilayah;Juara 3;2022;Komunitas/Organisasi;8
MHS04411;Akademik;Debat & Karya Tulis;Tingkat Internasional;Finalis;2023;Komunitas/Organisasi;8
MHS04411;Akademik;Debat & Karya Tulis;Tingkat Kampus;Juara 2;2024;Perusahaan/Swasta;8
MHS04411;Non-Akademik;Sosial & Kemasyarakatan;Tingkat Nasional;Juara 1;2024;Kemendikbudristek;8
MHS04411;Akademik;Olahraga;Tingkat Kampus;Juara 2;2025;Kemendikbudristek;8
MHS04411;Non-Akademik;Seni & Budaya;Tingkat Nasional;Juara 2;2025;Perusahaan/Swasta;8
MHS04411;Akademik;Sosial & Kemasyarakatan;Tingkat Lokal/Wilayah;Juara 2;2025;Perguruan Tinggi;8
MHS04414;Akademik;Debat & Karya Tulis;Tingkat Kampus;Juara 1;2026;Perusahaan/Swasta;1
MHS04417;Non-Akademik;Sosial & Kemasyarakatan;Tingkat Kampus;Peserta;2020;Perguruan Tinggi;1
MHS04418;Akademik;Seni & Budaya;Tingkat Lokal/Wilayah;Juara 3;2024;Komunitas/Organisasi;2
MHS04418;Non-Akademik;Keagamaan;Tingkat Kampus;Peserta;2024;Perusahaan/Swasta;2
MHS04420;Akademik;Debat & Karya Tulis;Tingkat Lokal/Wilayah;Finalis;2025;Perusahaan/Swasta;1
MHS04428;Akademik;Debat & Karya Tulis;Tingkat Lokal/Wilayah;Juara 1;2024;Perusahaan/Swasta;4
MHS04428;Akademik;Debat & Karya Tulis;Tingkat Nasional;Juara 1;2026;Perusahaan/Swasta;4
MHS04428;Non-Akademik;Sosial & Kemasyarakatan;Tingkat Nasional;Juara 1;2026;Perguruan Tinggi;4
MHS04428;Akademik;Sains & Teknologi;Tingkat Nasional;Juara 1;2026;Kemendikbudristek;4
MHS04430;Non-Akademik;Kewirausahaan;Tingkat Kampus;Juara 2;2020;Perusahaan/Swasta;3
MHS04430;Non-Akademik;Sosial & Kemasyarakatan;Tingkat Nasional;Finalis;2021;Pemerintah Daerah;3
MHS04430;Akademik;Debat & Karya Tulis;Tingkat Kampus;Juara 3;2023;Pemerintah Daerah;3
MHS04431;Non-Akademik;Sosial & Kemasyarakatan;Tingkat Nasional;Finalis;2023;Pemerintah Daerah;5
MHS04431;Akademik;Kewirausahaan;Tingkat Kampus;Finalis;2023;Pemerintah Daerah;5
MHS04431;Akademik;Sains & Teknologi;Tingkat Nasional;Finalis;2024;Perusahaan/Swasta;5
MHS04431;Non-Akademik;Keagamaan;Tingkat Lokal/Wilayah;Finalis;2026;Perguruan Tinggi;5
MHS04431;Akademik;Olahraga;Tingkat Lokal/Wilayah;Peserta;2026;Pemerintah Daerah;5
MHS04432;Akademik;Sains & Teknologi;Tingkat Nasional;Juara 3;2022;Kemendikbudristek;8
MHS04432;Akademik;Debat & Karya Tulis;Tingkat Nasional;Juara 2;2022;Perguruan Tinggi;8
MHS04432;Akademik;Sains & Teknologi;Tingkat Kampus;Juara 1;2022;Perusahaan/Swasta;8
MHS04432;Non-Akademik;Kewirausahaan;Tingkat Kampus;Juara 1;2023;Kemendikbudristek;8
MHS04432;Akademik;Keagamaan;Tingkat Lokal/Wilayah;Juara 2;2024;Komunitas/Organisasi;8
MHS04432;Non-Akademik;Seni & Budaya;Tingkat Lokal/Wilayah;Juara 1;2024;Pemerintah Daerah;8
MHS04432;Akademik;Debat & Karya Tulis;Tingkat Kampus;Juara 3;2025;Komunitas/Organisasi;8
MHS04432;Non-Akademik;Olahraga;Tingkat Kampus;Finalis;2026;Kemendikbudristek;8
MHS04434;Non-Akademik;Olahraga;Tingkat Lokal/Wilayah;Juara 3;2025;Perguruan Tinggi;1
MHS04435;Akademik;Sains & Teknologi;Tingkat Kampus;Finalis;2024;Perguruan Tinggi;1
MHS04436;Non-Akademik;Seni & Budaya;Tingkat Nasional;Juara 2;2019;Komunitas/Organisasi;3
MHS04436;Non-Akademik;Olahraga;Tingkat Kampus;Peserta;2022;Perguruan Tinggi;3
MHS04436;Non-Akademik;Keagamaan;Tingkat Kampus;Finalis;2023;Komunitas/Organisasi;3
MHS04437;Non-Akademik;Kewirausahaan;Tingkat Lokal/Wilayah;Juara 1;2021;Perguruan Tinggi;1
MHS04438;Akademik;Kewirausahaan;Tingkat Lokal/Wilayah;Juara 2;2025;Perusahaan/Swasta;2
MHS04438;Non-Akademik;Kewirausahaan;Tingkat Kampus;Finalis;2025;Pemerintah Daerah;2
MHS04439;Akademik;Debat & Karya Tulis;Tingkat Kampus;Peserta;2022;Komunitas/Organisasi;3
MHS04439;Akademik;Sains & Teknologi;Tingkat Kampus;Finalis;2025;Kemendikbudristek;3
MHS04439;Akademik;Debat & Karya Tulis;Tingkat Lokal/Wilayah;Peserta;2026;Perguruan Tinggi;3
MHS04440;Akademik;Sains & Teknologi;Tingkat Nasional;Finalis;2022;Perusahaan/Swasta;2
MHS04440;Akademik;Sains & Teknologi;Tingkat Internasional;Peserta;2026;Perusahaan/Swasta;2
MHS04441;Non-Akademik;Olahraga;Tingkat Lokal/Wilayah;Juara 3;2025;Perusahaan/Swasta;2
MHS04441;Akademik;Seni & Budaya;Tingkat Lokal/Wilayah;Peserta;2026;Komunitas/Organisasi;2
MHS04442;Non-Akademik;Keagamaan;Tingkat Nasional;Finalis;2026;Pemerintah Daerah;1
MHS04444;Non-Akademik;Kewirausahaan;Tingkat Kampus;Peserta;2024;Pemerintah Daerah;6
MHS04444;Akademik;Olahraga;Tingkat Kampus;Finalis;2024;Perguruan Tinggi;6
MHS04444;Non-Akademik;Olahraga;Tingkat Kampus;Juara 2;2024;Komunitas/Organisasi;6
MHS04444;Akademik;Sains & Teknologi;Tingkat Kampus;Peserta;2025;Komunitas/Organisasi;6
MHS04444;Akademik;Olahraga;Tingkat Kampus;Juara 2;2025;Perguruan Tinggi;6
MHS04444;Akademik;Debat & Karya Tulis;Tingkat Kampus;Peserta;2026;Perusahaan/Swasta;6
MHS04446;Akademik;Seni & Budaya;Tingkat Kampus;Juara 1;2026;Perguruan Tinggi;2
MHS04446;Akademik;Debat & Karya Tulis;Tingkat Internasional;Finalis;2026;Perguruan Tinggi;2
MHS04447;Non-Akademik;Olahraga;Tingkat Lokal/Wilayah;Juara 3;2024;Perusahaan/Swasta;2
MHS04447;Akademik;Debat & Karya Tulis;Tingkat Kampus;Finalis;2026;Perguruan Tinggi;2
MHS04448;Akademik;Sains & Teknologi;Tingkat Lokal/Wilayah;Juara 3;2025;Perguruan Tinggi;4
MHS04448;Akademik;Debat & Karya Tulis;Tingkat Lokal/Wilayah;Juara 1;2025;Komunitas/Organisasi;4
MHS04448;Akademik;Debat & Karya Tulis;Tingkat Lokal/Wilayah;Juara 2;2025;Pemerintah Daerah;4
MHS04448;Non-Akademik;Kewirausahaan;Tingkat Internasional;Juara 1;2025;Komunitas/Organisasi;4
MHS04449;Non-Akademik;Kewirausahaan;Tingkat Nasional;Juara 2;2022;Pemerintah Daerah;2
MHS04449;Akademik;Sains & Teknologi;Tingkat Kampus;Juara 3;2025;Perguruan Tinggi;2
MHS04453;Akademik;Sains & Teknologi;Tingkat Nasional;Juara 3;2025;Perguruan Tinggi;1
MHS04455;Akademik;Sains & Teknologi;Tingkat Lokal/Wilayah;Finalis;2024;Pemerintah Daerah;5
MHS04455;Non-Akademik;Kewirausahaan;Tingkat Lokal/Wilayah;Peserta;2024;Pemerintah Daerah;5
MHS04455;Akademik;Debat & Karya Tulis;Tingkat Nasional;Juara 1;2024;Kemendikbudristek;5
MHS04455;Akademik;Sains & Teknologi;Tingkat Internasional;Juara 2;2024;Kemendikbudristek;5
MHS04455;Non-Akademik;Keagamaan;Tingkat Nasional;Peserta;2026;Kemendikbudristek;5
MHS04465;Akademik;Seni & Budaya;Tingkat Lokal/Wilayah;Finalis;2024;Kemendikbudristek;1
MHS04466;Akademik;Seni & Budaya;Tingkat Lokal/Wilayah;Juara 1;2023;Komunitas/Organisasi;1
MHS04467;Non-Akademik;Keagamaan;Tingkat Nasional;Finalis;2026;Pemerintah Daerah;1
MHS04468;Akademik;Sains & Teknologi;Tingkat Lokal/Wilayah;Juara 3;2025;Komunitas/Organisasi;4
MHS04468;Non-Akademik;Sosial & Kemasyarakatan;Tingkat Kampus;Juara 2;2025;Komunitas/Organisasi;4
MHS04468;Non-Akademik;Olahraga;Tingkat Nasional;Peserta;2025;Perusahaan/Swasta;4
MHS04468;Akademik;Sains & Teknologi;Tingkat Nasional;Peserta;2026;Perguruan Tinggi;4
MHS04470;Non-Akademik;Sosial & Kemasyarakatan;Tingkat Lokal/Wilayah;Finalis;2025;Komunitas/Organisasi;1
MHS04471;Non-Akademik;Seni & Budaya;Tingkat Kampus;Juara 2;2022;Perguruan Tinggi;2
MHS04471;Akademik;Sains & Teknologi;Tingkat Nasional;Juara 3;2025;Komunitas/Organisasi;2
MHS04475;Akademik;Debat & Karya Tulis;Tingkat Lokal/Wilayah;Peserta;2026;Kemendikbudristek;2
MHS04475;Akademik;Seni & Budaya;Tingkat Nasional;Juara 3;2026;Perusahaan/Swasta;2
MHS04476;Akademik;Debat & Karya Tulis;Tingkat Kampus;Peserta;2023;Kemendikbudristek;1
MHS04480;Akademik;Debat & Karya Tulis;Tingkat Lokal/Wilayah;Peserta;2024;Pemerintah Daerah;1
MHS04482;Akademik;Sains & Teknologi;Tingkat Kampus;Juara 1;2024;Perusahaan/Swasta;5
MHS04482;Non-Akademik;Sosial & Kemasyarakatan;Tingkat Kampus;Peserta;2024;Pemerintah Daerah;5
MHS04482;Non-Akademik;Kewirausahaan;Tingkat Nasional;Juara 1;2025;Komunitas/Organisasi;5
MHS04482;Akademik;Seni & Budaya;Tingkat Kampus;Juara 3;2026;Komunitas/Organisasi;5
MHS04482;Akademik;Keagamaan;Tingkat Nasional;Finalis;2026;Kemendikbudristek;5
MHS04484;Akademik;Keagamaan;Tingkat Nasional;Finalis;2025;Komunitas/Organisasi;2
MHS04484;Non-Akademik;Sosial & Kemasyarakatan;Tingkat Nasional;Juara 1;2025;Pemerintah Daerah;2
MHS04485;Non-Akademik;Sosial & Kemasyarakatan;Tingkat Lokal/Wilayah;Juara 3;2026;Komunitas/Organisasi;1
MHS04486;Non-Akademik;Sosial & Kemasyarakatan;Tingkat Kampus;Finalis;2025;Komunitas/Organisasi;1
MHS04487;Akademik;Debat & Karya Tulis;Tingkat Kampus;Peserta;2025;Pemerintah Daerah;1
MHS04490;Akademik;Olahraga;Tingkat Internasional;Juara 1;2025;Komunitas/Organisasi;1
MHS04491;Non-Akademik;Seni & Budaya;Tingkat Nasional;Juara 2;2023;Perusahaan/Swasta;4
MHS04491;Akademik;Sains & Teknologi;Tingkat Internasional;Juara 3;2024;Pemerintah Daerah;4
MHS04491;Akademik;Debat & Karya Tulis;Tingkat Lokal/Wilayah;Juara 3;2025;Perguruan Tinggi;4
MHS04491;Akademik;Debat & Karya Tulis;Tingkat Nasional;Juara 3;2025;Kemendikbudristek;4
MHS04492;Non-Akademik;Olahraga;Tingkat Nasional;Juara 2;2025;Perguruan Tinggi;1
MHS04493;Akademik;Sains & Teknologi;Tingkat Kampus;Finalis;2026;Komunitas/Organisasi;1
MHS04494;Non-Akademik;Olahraga;Tingkat Lokal/Wilayah;Peserta;2023;Komunitas/Organisasi;1
MHS04495;Akademik;Sains & Teknologi;Tingkat Kampus;Juara 3;2026;Pemerintah Daerah;1
MHS04496;Akademik;Olahraga;Tingkat Kampus;Peserta;2026;Pemerintah Daerah;1
MHS04498;Non-Akademik;Seni & Budaya;Tingkat Kampus;Finalis;2022;Komunitas/Organisasi;2
MHS04498;Non-Akademik;Seni & Budaya;Tingkat Kampus;Peserta;2025;Komunitas/Organisasi;2
MHS04499;Non-Akademik;Olahraga;Tingkat Nasional;Juara 1;2024;Pemerintah Daerah;1
MHS04500;Akademik;Sains & Teknologi;Tingkat Kampus;Juara 1;2026;Komunitas/Organisasi;1
MHS04501;Non-Akademik;Kewirausahaan;Tingkat Kampus;Peserta;2025;Kemendikbudristek;1
MHS04502;Non-Akademik;Keagamaan;Tingkat Lokal/Wilayah;Finalis;2025;Perguruan Tinggi;1
MHS04503;Non-Akademik;Sosial & Kemasyarakatan;Tingkat Lokal/Wilayah;Juara 3;2023;Kemendikbudristek;2
MHS04503;Akademik;Debat & Karya Tulis;Tingkat Nasional;Peserta;2025;Pemerintah Daerah;2
MHS04505;Akademik;Sains & Teknologi;Tingkat Kampus;Peserta;2024;Perguruan Tinggi;2
MHS04505;Non-Akademik;Kewirausahaan;Tingkat Nasional;Juara 1;2024;Perguruan Tinggi;2
MHS04506;Non-Akademik;Sosial & Kemasyarakatan;Tingkat Lokal/Wilayah;Finalis;2025;Pemerintah Daerah;1
MHS04507;Non-Akademik;Olahraga;Tingkat Kampus;Finalis;2023;Perusahaan/Swasta;2
MHS04507;Akademik;Debat & Karya Tulis;Tingkat Nasional;Juara 1;2026;Kemendikbudristek;2
MHS04509;Akademik;Sains & Teknologi;Tingkat Lokal/Wilayah;Juara 1;2025;Pemerintah Daerah;1
MHS04510;Akademik;Sains & Teknologi;Tingkat Lokal/Wilayah;Juara 3;2021;Perguruan Tinggi;4
MHS04510;Non-Akademik;Sosial & Kemasyarakatan;Tingkat Internasional;Finalis;2021;Perusahaan/Swasta;4
MHS04510;Akademik;Sains & Teknologi;Tingkat Kampus;Juara 1;2022;Perguruan Tinggi;4
MHS04510;Akademik;Debat & Karya Tulis;Tingkat Internasional;Peserta;2023;Pemerintah Daerah;4
MHS04512;Akademik;Debat & Karya Tulis;Tingkat Lokal/Wilayah;Peserta;2022;Pemerintah Daerah;3
MHS04512;Akademik;Debat & Karya Tulis;Tingkat Internasional;Peserta;2023;Komunitas/Organisasi;3
MHS04512;Non-Akademik;Sosial & Kemasyarakatan;Tingkat Lokal/Wilayah;Peserta;2025;Perusahaan/Swasta;3
MHS04513;Non-Akademik;Olahraga;Tingkat Kampus;Juara 1;2024;Komunitas/Organisasi;3
MHS04513;Akademik;Seni & Budaya;Tingkat Nasional;Juara 2;2024;Komunitas/Organisasi;3
MHS04513;Akademik;Sains & Teknologi;Tingkat Kampus;Finalis;2026;Pemerintah Daerah;3
MHS04514;Akademik;Debat & Karya Tulis;Tingkat Kampus;Finalis;2025;Pemerintah Daerah;1
MHS04515;Non-Akademik;Seni & Budaya;Tingkat Nasional;Juara 3;2022;Kemendikbudristek;4
MHS04515;Non-Akademik;Sosial & Kemasyarakatan;Tingkat Nasional;Finalis;2022;Komunitas/Organisasi;4
MHS04515;Non-Akademik;Kewirausahaan;Tingkat Nasional;Peserta;2024;Perguruan Tinggi;4
MHS04515;Akademik;Sains & Teknologi;Tingkat Lokal/Wilayah;Peserta;2025;Komunitas/Organisasi;4
MHS04518;Akademik;Debat & Karya Tulis;Tingkat Kampus;Finalis;2026;Kemendikbudristek;1
MHS04520;Non-Akademik;Olahraga;Tingkat Kampus;Peserta;2025;Perguruan Tinggi;1
MHS04523;Akademik;Seni & Budaya;Tingkat Kampus;Peserta;2023;Kemendikbudristek;1
MHS04524;Akademik;Debat & Karya Tulis;Tingkat Lokal/Wilayah;Peserta;2022;Pemerintah Daerah;3
MHS04524;Non-Akademik;Sosial & Kemasyarakatan;Tingkat Kampus;Juara 1;2024;Pemerintah Daerah;3
MHS04524;Akademik;Debat & Karya Tulis;Tingkat Lokal/Wilayah;Finalis;2024;Perguruan Tinggi;3
MHS04525;Non-Akademik;Olahraga;Tingkat Kampus;Finalis;2026;Komunitas/Organisasi;1
MHS04528;Non-Akademik;Sosial & Kemasyarakatan;Tingkat Lokal/Wilayah;Finalis;2022;Perguruan Tinggi;2
MHS04528;Akademik;Sains & Teknologi;Tingkat Kampus;Juara 3;2024;Komunitas/Organisasi;2
MHS04530;Akademik;Debat & Karya Tulis;Tingkat Nasional;Juara 1;2025;Perusahaan/Swasta;1
MHS04533;Akademik;Sains & Teknologi;Tingkat Kampus;Juara 3;2025;Perguruan Tinggi;1
MHS04535;Akademik;Debat & Karya Tulis;Tingkat Kampus;Peserta;2021;Komunitas/Organisasi;3
MHS04535;Akademik;Sains & Teknologi;Tingkat Kampus;Juara 1;2021;Pemerintah Daerah;3
MHS04535;Akademik;Sosial & Kemasyarakatan;Tingkat Lokal/Wilayah;Peserta;2025;Perusahaan/Swasta;3
MHS04536;Akademik;Debat & Karya Tulis;Tingkat Lokal/Wilayah;Peserta;2024;Perusahaan/Swasta;2
MHS04536;Akademik;Sosial & Kemasyarakatan;Tingkat Lokal/Wilayah;Peserta;2026;Kemendikbudristek;2
MHS04541;Akademik;Debat & Karya Tulis;Tingkat Kampus;Peserta;2025;Pemerintah Daerah;1
MHS04542;Non-Akademik;Kewirausahaan;Tingkat Kampus;Peserta;2025;Komunitas/Organisasi;1
MHS04544;Non-Akademik;Seni & Budaya;Tingkat Kampus;Juara 1;2024;Komunitas/Organisasi;1
MHS04545;Non-Akademik;Seni & Budaya;Tingkat Nasional;Peserta;2022;Komunitas/Organisasi;4
MHS04545;Non-Akademik;Olahraga;Tingkat Lokal/Wilayah;Peserta;2023;Perusahaan/Swasta;4
MHS04545;Non-Akademik;Seni & Budaya;Tingkat Lokal/Wilayah;Finalis;2025;Pemerintah Daerah;4
MHS04545;Non-Akademik;Keagamaan;Tingkat Nasional;Juara 3;2025;Komunitas/Organisasi;4
MHS04548;Akademik;Debat & Karya Tulis;Tingkat Lokal/Wilayah;Finalis;2025;Kemendikbudristek;1
MHS04549;Non-Akademik;Seni & Budaya;Tingkat Kampus;Juara 3;2025;Perusahaan/Swasta;1
MHS04553;Non-Akademik;Kewirausahaan;Tingkat Kampus;Peserta;2026;Perguruan Tinggi;1
MHS04554;Non-Akademik;Keagamaan;Tingkat Lokal/Wilayah;Peserta;2022;Perguruan Tinggi;2
MHS04554;Akademik;Sains & Teknologi;Tingkat Kampus;Juara 3;2022;Komunitas/Organisasi;2
MHS04555;Non-Akademik;Olahraga;Tingkat Nasional;Peserta;2024;Pemerintah Daerah;2
MHS04555;Akademik;Sosial & Kemasyarakatan;Tingkat Lokal/Wilayah;Peserta;2026;Kemendikbudristek;2
MHS04556;Akademik;Debat & Karya Tulis;Tingkat Kampus;Finalis;2025;Pemerintah Daerah;1
MHS04557;Non-Akademik;Olahraga;Tingkat Kampus;Peserta;2024;Komunitas/Organisasi;2
MHS04557;Akademik;Debat & Karya Tulis;Tingkat Nasional;Juara 2;2026;Perusahaan/Swasta;2
MHS04558;Non-Akademik;Sosial & Kemasyarakatan;Tingkat Lokal/Wilayah;Juara 3;2026;Perusahaan/Swasta;1
MHS04563;Akademik;Sosial & Kemasyarakatan;Tingkat Nasional;Juara 3;2022;Pemerintah Daerah;3
MHS04563;Non-Akademik;Sosial & Kemasyarakatan;Tingkat Nasional;Finalis;2023;Pemerintah Daerah;3
MHS04563;Non-Akademik;Seni & Budaya;Tingkat Kampus;Juara 3;2025;Komunitas/Organisasi;3
MHS04566;Akademik;Sains & Teknologi;Tingkat Kampus;Juara 2;2025;Perguruan Tinggi;2
MHS04566;Non-Akademik;Kewirausahaan;Tingkat Lokal/Wilayah;Juara 1;2026;Komunitas/Organisasi;2
MHS04568;Non-Akademik;Kewirausahaan;Tingkat Lokal/Wilayah;Juara 1;2023;Pemerintah Daerah;3
MHS04568;Akademik;Keagamaan;Tingkat Kampus;Juara 2;2024;Perguruan Tinggi;3
MHS04568;Non-Akademik;Kewirausahaan;Tingkat Kampus;Juara 2;2025;Perusahaan/Swasta;3
MHS04569;Akademik;Debat & Karya Tulis;Tingkat Nasional;Finalis;2026;Perguruan Tinggi;2
MHS04569;Non-Akademik;Keagamaan;Tingkat Internasional;Juara 2;2026;Perguruan Tinggi;2
MHS04571;Akademik;Debat & Karya Tulis;Tingkat Lokal/Wilayah;Juara 2;2021;Komunitas/Organisasi;3
MHS04571;Akademik;Kewirausahaan;Tingkat Lokal/Wilayah;Juara 2;2021;Kemendikbudristek;3
MHS04571;Akademik;Kewirausahaan;Tingkat Kampus;Finalis;2024;Kemendikbudristek;3
MHS04572;Non-Akademik;Sosial & Kemasyarakatan;Tingkat Kampus;Peserta;2024;Perusahaan/Swasta;1
MHS04574;Akademik;Sains & Teknologi;Tingkat Kampus;Juara 2;2025;Perusahaan/Swasta;1
MHS04575;Akademik;Debat & Karya Tulis;Tingkat Kampus;Juara 2;2019;Perusahaan/Swasta;5
MHS04575;Non-Akademik;Sosial & Kemasyarakatan;Tingkat Kampus;Peserta;2020;Komunitas/Organisasi;5
MHS04575;Akademik;Sains & Teknologi;Tingkat Kampus;Juara 1;2020;Komunitas/Organisasi;5
MHS04575;Non-Akademik;Kewirausahaan;Tingkat Nasional;Juara 1;2022;Kemendikbudristek;5
MHS04575;Akademik;Sains & Teknologi;Tingkat Lokal/Wilayah;Juara 3;2023;Kemendikbudristek;5
MHS04577;Akademik;Debat & Karya Tulis;Tingkat Lokal/Wilayah;Finalis;2024;Kemendikbudristek;1
MHS04578;Akademik;Seni & Budaya;Tingkat Nasional;Juara 2;2023;Pemerintah Daerah;2
MHS04578;Non-Akademik;Sosial & Kemasyarakatan;Tingkat Lokal/Wilayah;Peserta;2025;Pemerintah Daerah;2
MHS04579;Akademik;Keagamaan;Tingkat Kampus;Peserta;2022;Komunitas/Organisasi;1
MHS04580;Akademik;Debat & Karya Tulis;Tingkat Lokal/Wilayah;Finalis;2023;Perguruan Tinggi;4
MHS04580;Non-Akademik;Keagamaan;Tingkat Kampus;Peserta;2024;Kemendikbudristek;4
MHS04580;Akademik;Sains & Teknologi;Tingkat Kampus;Peserta;2024;Komunitas/Organisasi;4
MHS04580;Non-Akademik;Sosial & Kemasyarakatan;Tingkat Kampus;Peserta;2026;Pemerintah Daerah;4
MHS04581;Akademik;Sains & Teknologi;Tingkat Lokal/Wilayah;Juara 2;2023;Perusahaan/Swasta;5
MHS04581;Akademik;Olahraga;Tingkat Lokal/Wilayah;Juara 2;2024;Perusahaan/Swasta;5
MHS04581;Non-Akademik;Keagamaan;Tingkat Kampus;Juara 3;2024;Kemendikbudristek;5
MHS04581;Akademik;Seni & Budaya;Tingkat Lokal/Wilayah;Juara 1;2026;Kemendikbudristek;5
MHS04581;Akademik;Sosial & Kemasyarakatan;Tingkat Lokal/Wilayah;Juara 3;2026;Perusahaan/Swasta;5
MHS04582;Non-Akademik;Sosial & Kemasyarakatan;Tingkat Nasional;Juara 3;2025;Perusahaan/Swasta;1
MHS04583;Non-Akademik;Olahraga;Tingkat Nasional;Juara 3;2024;Perguruan Tinggi;3
MHS04583;Non-Akademik;Sosial & Kemasyarakatan;Tingkat Nasional;Juara 2;2024;Perguruan Tinggi;3
MHS04583;Non-Akademik;Sosial & Kemasyarakatan;Tingkat Lokal/Wilayah;Peserta;2025;Komunitas/Organisasi;3
MHS04584;Akademik;Sains & Teknologi;Tingkat Lokal/Wilayah;Peserta;2024;Perusahaan/Swasta;1
MHS04585;Akademik;Sains & Teknologi;Tingkat Kampus;Peserta;2025;Perusahaan/Swasta;1
MHS04587;Akademik;Debat & Karya Tulis;Tingkat Kampus;Finalis;2023;Kemendikbudristek;8
MHS04587;Non-Akademik;Kewirausahaan;Tingkat Nasional;Juara 3;2023;Pemerintah Daerah;8
MHS04587;Non-Akademik;Sosial & Kemasyarakatan;Tingkat Kampus;Peserta;2023;Perguruan Tinggi;8
MHS04587;Akademik;Debat & Karya Tulis;Tingkat Nasional;Juara 3;2024;Komunitas/Organisasi;8
MHS04587;Non-Akademik;Seni & Budaya;Tingkat Kampus;Finalis;2025;Komunitas/Organisasi;8
MHS04587;Non-Akademik;Olahraga;Tingkat Nasional;Juara 2;2025;Kemendikbudristek;8
MHS04587;Non-Akademik;Olahraga;Tingkat Nasional;Finalis;2026;Perguruan Tinggi;8
MHS04587;Akademik;Sains & Teknologi;Tingkat Lokal/Wilayah;Peserta;2026;Pemerintah Daerah;8
MHS04588;Non-Akademik;Keagamaan;Tingkat Lokal/Wilayah;Peserta;2026;Perusahaan/Swasta;1
MHS04592;Non-Akademik;Kewirausahaan;Tingkat Kampus;Peserta;2022;Komunitas/Organisasi;8
MHS04592;Non-Akademik;Keagamaan;Tingkat Lokal/Wilayah;Finalis;2024;Perusahaan/Swasta;8
MHS04592;Non-Akademik;Kewirausahaan;Tingkat Kampus;Juara 3;2024;Perusahaan/Swasta;8
MHS04592;Akademik;Sains & Teknologi;Tingkat Lokal/Wilayah;Juara 1;2024;Pemerintah Daerah;8
MHS04592;Akademik;Debat & Karya Tulis;Tingkat Nasional;Juara 3;2024;Perguruan Tinggi;8
MHS04592;Non-Akademik;Sosial & Kemasyarakatan;Tingkat Nasional;Finalis;2025;Komunitas/Organisasi;8
MHS04592;Non-Akademik;Olahraga;Tingkat Kampus;Juara 3;2026;Perguruan Tinggi;8
MHS04592;Akademik;Debat & Karya Tulis;Tingkat Kampus;Finalis;2026;Perusahaan/Swasta;8
MHS04595;Non-Akademik;Kewirausahaan;Tingkat Kampus;Finalis;2025;Kemendikbudristek;1
MHS04596;Akademik;Sains & Teknologi;Tingkat Nasional;Peserta;2023;Pemerintah Daerah;3
MHS04596;Akademik;Sains & Teknologi;Tingkat Internasional;Juara 1;2024;Kemendikbudristek;3
MHS04596;Akademik;Sosial & Kemasyarakatan;Tingkat Kampus;Juara 3;2026;Pemerintah Daerah;3
MHS04598;Akademik;Sosial & Kemasyarakatan;Tingkat Lokal/Wilayah;Juara 3;2025;Komunitas/Organisasi;1
MHS04600;Akademik;Debat & Karya Tulis;Tingkat Lokal/Wilayah;Peserta;2024;Perusahaan/Swasta;1
MHS04601;Akademik;Sosial & Kemasyarakatan;Tingkat Kampus;Juara 1;2024;Perguruan Tinggi;4
MHS04601;Non-Akademik;Seni & Budaya;Tingkat Kampus;Peserta;2025;Pemerintah Daerah;4
MHS04601;Non-Akademik;Olahraga;Tingkat Nasional;Finalis;2026;Pemerintah Daerah;4
MHS04601;Non-Akademik;Sosial & Kemasyarakatan;Tingkat Lokal/Wilayah;Finalis;2026;Perguruan Tinggi;4
MHS04602;Akademik;Debat & Karya Tulis;Tingkat Lokal/Wilayah;Juara 1;2023;Kemendikbudristek;2
MHS04602;Non-Akademik;Kewirausahaan;Tingkat Kampus;Juara 3;2025;Kemendikbudristek;2
MHS04603;Akademik;Sosial & Kemasyarakatan;Tingkat Kampus;Finalis;2025;Perusahaan/Swasta;1
MHS04605;Akademik;Sains & Teknologi;Tingkat Kampus;Juara 3;2025;Pemerintah Daerah;2
MHS04605;Non-Akademik;Olahraga;Tingkat Kampus;Juara 3;2026;Komunitas/Organisasi;2
MHS04606;Non-Akademik;Keagamaan;Tingkat Lokal/Wilayah;Finalis;2024;Kemendikbudristek;1
MHS04607;Non-Akademik;Olahraga;Tingkat Kampus;Juara 2;2023;Pemerintah Daerah;4
MHS04607;Non-Akademik;Keagamaan;Tingkat Nasional;Finalis;2023;Perguruan Tinggi;4
MHS04607;Non-Akademik;Kewirausahaan;Tingkat Nasional;Finalis;2025;Perguruan Tinggi;4
MHS04607;Akademik;Sains & Teknologi;Tingkat Kampus;Finalis;2025;Kemendikbudristek;4
MHS04608;Akademik;Sains & Teknologi;Tingkat Nasional;Juara 2;2023;Pemerintah Daerah;2
MHS04608;Non-Akademik;Seni & Budaya;Tingkat Nasional;Peserta;2025;Kemendikbudristek;2
MHS04609;Akademik;Sains & Teknologi;Tingkat Kampus;Finalis;2023;Komunitas/Organisasi;2
MHS04609;Akademik;Sains & Teknologi;Tingkat Nasional;Juara 2;2024;Komunitas/Organisasi;2
MHS04611;Akademik;Sains & Teknologi;Tingkat Kampus;Peserta;2022;Komunitas/Organisasi;3
MHS04611;Akademik;Debat & Karya Tulis;Tingkat Lokal/Wilayah;Peserta;2024;Kemendikbudristek;3
MHS04611;Non-Akademik;Keagamaan;Tingkat Lokal/Wilayah;Juara 3;2025;Pemerintah Daerah;3
MHS04612;Non-Akademik;Sosial & Kemasyarakatan;Tingkat Kampus;Juara 3;2024;Kemendikbudristek;5
MHS04612;Non-Akademik;Keagamaan;Tingkat Lokal/Wilayah;Finalis;2025;Kemendikbudristek;5
MHS04612;Non-Akademik;Kewirausahaan;Tingkat Nasional;Juara 2;2025;Pemerintah Daerah;5
MHS04612;Non-Akademik;Olahraga;Tingkat Lokal/Wilayah;Juara 2;2025;Pemerintah Daerah;5
MHS04612;Non-Akademik;Sosial & Kemasyarakatan;Tingkat Kampus;Juara 2;2026;Komunitas/Organisasi;5
MHS04613;Akademik;Debat & Karya Tulis;Tingkat Internasional;Juara 2;2024;Perusahaan/Swasta;3
MHS04613;Akademik;Keagamaan;Tingkat Lokal/Wilayah;Peserta;2024;Kemendikbudristek;3
MHS04613;Akademik;Keagamaan;Tingkat Kampus;Juara 1;2026;Komunitas/Organisasi;3
MHS04617;Akademik;Debat & Karya Tulis;Tingkat Lokal/Wilayah;Juara 1;2022;Komunitas/Organisasi;3
MHS04617;Non-Akademik;Keagamaan;Tingkat Lokal/Wilayah;Juara 3;2022;Pemerintah Daerah;3
MHS04617;Non-Akademik;Kewirausahaan;Tingkat Nasional;Juara 2;2023;Perguruan Tinggi;3
MHS04621;Non-Akademik;Seni & Budaya;Tingkat Lokal/Wilayah;Juara 3;2026;Pemerintah Daerah;1
MHS04626;Non-Akademik;Seni & Budaya;Tingkat Lokal/Wilayah;Juara 3;2022;Perusahaan/Swasta;7
MHS04626;Non-Akademik;Seni & Budaya;Tingkat Lokal/Wilayah;Juara 3;2022;Komunitas/Organisasi;7
MHS04626;Non-Akademik;Olahraga;Tingkat Nasional;Juara 3;2023;Perguruan Tinggi;7
MHS04626;Non-Akademik;Olahraga;Tingkat Nasional;Peserta;2024;Perguruan Tinggi;7
MHS04626;Non-Akademik;Sosial & Kemasyarakatan;Tingkat Lokal/Wilayah;Peserta;2024;Perusahaan/Swasta;7
MHS04626;Non-Akademik;Sosial & Kemasyarakatan;Tingkat Kampus;Juara 2;2024;Komunitas/Organisasi;7
MHS04626;Non-Akademik;Seni & Budaya;Tingkat Lokal/Wilayah;Juara 3;2024;Kemendikbudristek;7
MHS04627;Akademik;Sains & Teknologi;Tingkat Kampus;Juara 3;2025;Perusahaan/Swasta;1
MHS04629;Non-Akademik;Keagamaan;Tingkat Lokal/Wilayah;Peserta;2023;Komunitas/Organisasi;1
MHS04634;Non-Akademik;Sosial & Kemasyarakatan;Tingkat Kampus;Peserta;2025;Perguruan Tinggi;2
MHS04634;Non-Akademik;Sosial & Kemasyarakatan;Tingkat Nasional;Peserta;2025;Kemendikbudristek;2
MHS04636;Akademik;Debat & Karya Tulis;Tingkat Lokal/Wilayah;Peserta;2019;Pemerintah Daerah;2
MHS04636;Akademik;Debat & Karya Tulis;Tingkat Lokal/Wilayah;Juara 1;2023;Perusahaan/Swasta;2
MHS04637;Non-Akademik;Keagamaan;Tingkat Lokal/Wilayah;Finalis;2023;Kemendikbudristek;2
MHS04637;Akademik;Debat & Karya Tulis;Tingkat Kampus;Peserta;2025;Pemerintah Daerah;2
MHS04638;Akademik;Olahraga;Tingkat Kampus;Finalis;2025;Perguruan Tinggi;2
MHS04638;Akademik;Sains & Teknologi;Tingkat Lokal/Wilayah;Finalis;2026;Perusahaan/Swasta;2
MHS04643;Akademik;Sosial & Kemasyarakatan;Tingkat Nasional;Juara 1;2025;Komunitas/Organisasi;2
MHS04643;Akademik;Debat & Karya Tulis;Tingkat Kampus;Peserta;2026;Perusahaan/Swasta;2
MHS04644;Non-Akademik;Olahraga;Tingkat Lokal/Wilayah;Peserta;2024;Perguruan Tinggi;2
MHS04644;Non-Akademik;Keagamaan;Tingkat Kampus;Juara 3;2026;Perguruan Tinggi;2
MHS04645;Akademik;Sains & Teknologi;Tingkat Kampus;Juara 3;2026;Pemerintah Daerah;1
MHS04646;Akademik;Sosial & Kemasyarakatan;Tingkat Kampus;Juara 3;2022;Pemerintah Daerah;8
MHS04646;Akademik;Sains & Teknologi;Tingkat Lokal/Wilayah;Juara 1;2022;Perusahaan/Swasta;8
MHS04646;Non-Akademik;Seni & Budaya;Tingkat Nasional;Juara 2;2023;Kemendikbudristek;8
MHS04646;Akademik;Sains & Teknologi;Tingkat Lokal/Wilayah;Peserta;2024;Perguruan Tinggi;8
MHS04646;Akademik;Sains & Teknologi;Tingkat Lokal/Wilayah;Peserta;2025;Perguruan Tinggi;8
MHS04646;Non-Akademik;Olahraga;Tingkat Nasional;Juara 1;2025;Perguruan Tinggi;8
MHS04646;Akademik;Sosial & Kemasyarakatan;Tingkat Lokal/Wilayah;Finalis;2025;Perusahaan/Swasta;8
MHS04646;Akademik;Debat & Karya Tulis;Tingkat Nasional;Finalis;2026;Komunitas/Organisasi;8
MHS04648;Non-Akademik;Keagamaan;Tingkat Nasional;Peserta;2025;Perusahaan/Swasta;3
MHS04648;Non-Akademik;Kewirausahaan;Tingkat Kampus;Juara 1;2026;Perguruan Tinggi;3
MHS04648;Non-Akademik;Sosial & Kemasyarakatan;Tingkat Kampus;Juara 3;2026;Kemendikbudristek;3
MHS04652;Akademik;Sains & Teknologi;Tingkat Nasional;Juara 2;2022;Perusahaan/Swasta;2
MHS04652;Non-Akademik;Kewirausahaan;Tingkat Kampus;Juara 1;2022;Pemerintah Daerah;2
MHS04656;Akademik;Sains & Teknologi;Tingkat Lokal/Wilayah;Juara 3;2025;Komunitas/Organisasi;3
MHS04656;Non-Akademik;Sosial & Kemasyarakatan;Tingkat Kampus;Juara 1;2025;Perusahaan/Swasta;3
MHS04656;Non-Akademik;Kewirausahaan;Tingkat Kampus;Juara 3;2025;Kemendikbudristek;3
MHS04659;Non-Akademik;Sosial & Kemasyarakatan;Tingkat Lokal/Wilayah;Juara 1;2022;Pemerintah Daerah;2
MHS04659;Non-Akademik;Seni & Budaya;Tingkat Nasional;Juara 1;2026;Komunitas/Organisasi;2
MHS04660;Non-Akademik;Seni & Budaya;Tingkat Lokal/Wilayah;Peserta;2025;Komunitas/Organisasi;1
MHS04661;Non-Akademik;Seni & Budaya;Tingkat Kampus;Juara 2;2025;Perusahaan/Swasta;1
MHS04663;Non-Akademik;Seni & Budaya;Tingkat Kampus;Peserta;2026;Perguruan Tinggi;1
MHS04667;Akademik;Sains & Teknologi;Tingkat Kampus;Juara 2;2025;Kemendikbudristek;1
MHS04669;Non-Akademik;Olahraga;Tingkat Nasional;Finalis;2021;Pemerintah Daerah;8
MHS04669;Non-Akademik;Sosial & Kemasyarakatan;Tingkat Lokal/Wilayah;Juara 3;2021;Kemendikbudristek;8
MHS04669;Akademik;Seni & Budaya;Tingkat Lokal/Wilayah;Juara 1;2021;Kemendikbudristek;8
MHS04669;Akademik;Sosial & Kemasyarakatan;Tingkat Kampus;Juara 2;2023;Perusahaan/Swasta;8
MHS04669;Non-Akademik;Sosial & Kemasyarakatan;Tingkat Nasional;Finalis;2023;Komunitas/Organisasi;8
MHS04669;Akademik;Sains & Teknologi;Tingkat Lokal/Wilayah;Juara 1;2024;Perusahaan/Swasta;8
MHS04669;Akademik;Sains & Teknologi;Tingkat Internasional;Juara 2;2025;Kemendikbudristek;8
MHS04669;Akademik;Sains & Teknologi;Tingkat Kampus;Peserta;2025;Pemerintah Daerah;8
MHS04670;Non-Akademik;Kewirausahaan;Tingkat Nasional;Peserta;2026;Perguruan Tinggi;2
MHS04670;Akademik;Sains & Teknologi;Tingkat Nasional;Peserta;2026;Perusahaan/Swasta;2
MHS04671;Akademik;Sains & Teknologi;Tingkat Kampus;Finalis;2025;Perguruan Tinggi;1
MHS04672;Akademik;Sains & Teknologi;Tingkat Lokal/Wilayah;Juara 3;2024;Perusahaan/Swasta;2
MHS04672;Non-Akademik;Seni & Budaya;Tingkat Lokal/Wilayah;Juara 3;2026;Perusahaan/Swasta;2
MHS04676;Akademik;Sains & Teknologi;Tingkat Lokal/Wilayah;Finalis;2023;Perusahaan/Swasta;2
MHS04676;Non-Akademik;Kewirausahaan;Tingkat Lokal/Wilayah;Juara 3;2025;Komunitas/Organisasi;2
MHS04677;Non-Akademik;Seni & Budaya;Tingkat Lokal/Wilayah;Juara 2;2023;Perusahaan/Swasta;2
MHS04677;Non-Akademik;Kewirausahaan;Tingkat Kampus;Finalis;2024;Perusahaan/Swasta;2
MHS04681;Non-Akademik;Seni & Budaya;Tingkat Nasional;Finalis;2025;Pemerintah Daerah;2
MHS04681;Akademik;Debat & Karya Tulis;Tingkat Lokal/Wilayah;Juara 2;2025;Kemendikbudristek;2
MHS04682;Non-Akademik;Sosial & Kemasyarakatan;Tingkat Kampus;Peserta;2021;Komunitas/Organisasi;8
MHS04682;Non-Akademik;Keagamaan;Tingkat Nasional;Juara 2;2022;Kemendikbudristek;8
MHS04682;Akademik;Keagamaan;Tingkat Kampus;Juara 1;2022;Perusahaan/Swasta;8
MHS04682;Non-Akademik;Kewirausahaan;Tingkat Lokal/Wilayah;Finalis;2023;Pemerintah Daerah;8
MHS04682;Akademik;Debat & Karya Tulis;Tingkat Lokal/Wilayah;Juara 3;2024;Perusahaan/Swasta;8
MHS04682;Akademik;Debat & Karya Tulis;Tingkat Lokal/Wilayah;Juara 3;2024;Perguruan Tinggi;8
MHS04682;Akademik;Debat & Karya Tulis;Tingkat Lokal/Wilayah;Juara 2;2024;Komunitas/Organisasi;8
MHS04682;Non-Akademik;Sosial & Kemasyarakatan;Tingkat Kampus;Finalis;2025;Pemerintah Daerah;8
MHS04683;Akademik;Seni & Budaya;Tingkat Nasional;Juara 2;2025;Pemerintah Daerah;1
MHS04685;Non-Akademik;Kewirausahaan;Tingkat Nasional;Peserta;2025;Komunitas/Organisasi;1
MHS04686;Akademik;Debat & Karya Tulis;Tingkat Lokal/Wilayah;Finalis;2024;Perguruan Tinggi;3
MHS04686;Non-Akademik;Seni & Budaya;Tingkat Lokal/Wilayah;Juara 1;2025;Komunitas/Organisasi;3
MHS04686;Non-Akademik;Sosial & Kemasyarakatan;Tingkat Lokal/Wilayah;Peserta;2026;Perusahaan/Swasta;3
MHS04687;Non-Akademik;Kewirausahaan;Tingkat Kampus;Juara 2;2023;Pemerintah Daerah;7
MHS04687;Akademik;Debat & Karya Tulis;Tingkat Kampus;Finalis;2024;Perguruan Tinggi;7
MHS04687;Non-Akademik;Kewirausahaan;Tingkat Internasional;Juara 3;2024;Perguruan Tinggi;7
MHS04687;Akademik;Olahraga;Tingkat Nasional;Juara 1;2025;Perguruan Tinggi;7
MHS04687;Akademik;Debat & Karya Tulis;Tingkat Nasional;Juara 3;2025;Perguruan Tinggi;7
MHS04687;Akademik;Debat & Karya Tulis;Tingkat Kampus;Juara 1;2026;Pemerintah Daerah;7
MHS04687;Akademik;Sains & Teknologi;Tingkat Lokal/Wilayah;Finalis;2026;Perusahaan/Swasta;7
MHS04692;Akademik;Debat & Karya Tulis;Tingkat Kampus;Finalis;2023;Perguruan Tinggi;1
MHS04693;Non-Akademik;Kewirausahaan;Tingkat Nasional;Peserta;2025;Komunitas/Organisasi;1
MHS04698;Non-Akademik;Sosial & Kemasyarakatan;Tingkat Nasional;Finalis;2025;Pemerintah Daerah;1
MHS04700;Non-Akademik;Kewirausahaan;Tingkat Nasional;Finalis;2025;Kemendikbudristek;3
MHS04700;Akademik;Debat & Karya Tulis;Tingkat Nasional;Finalis;2026;Perguruan Tinggi;3
MHS04700;Akademik;Debat & Karya Tulis;Tingkat Lokal/Wilayah;Peserta;2026;Perusahaan/Swasta;3
MHS04702;Non-Akademik;Keagamaan;Tingkat Kampus;Juara 2;2024;Komunitas/Organisasi;4
MHS04702;Non-Akademik;Seni & Budaya;Tingkat Nasional;Juara 2;2025;Pemerintah Daerah;4
MHS04702;Akademik;Sains & Teknologi;Tingkat Kampus;Juara 3;2025;Perusahaan/Swasta;4
MHS04702;Non-Akademik;Kewirausahaan;Tingkat Kampus;Peserta;2026;Perguruan Tinggi;4
MHS04706;Akademik;Sains & Teknologi;Tingkat Kampus;Juara 3;2023;Kemendikbudristek;1
MHS04707;Non-Akademik;Seni & Budaya;Tingkat Kampus;Juara 2;2025;Pemerintah Daerah;1
MHS04708;Akademik;Kewirausahaan;Tingkat Lokal/Wilayah;Finalis;2024;Perusahaan/Swasta;3
MHS04708;Non-Akademik;Sosial & Kemasyarakatan;Tingkat Nasional;Finalis;2024;Pemerintah Daerah;3
MHS04708;Akademik;Debat & Karya Tulis;Tingkat Nasional;Juara 3;2025;Perguruan Tinggi;3
MHS04709;Non-Akademik;Kewirausahaan;Tingkat Kampus;Juara 3;2024;Perusahaan/Swasta;1
MHS04711;Akademik;Debat & Karya Tulis;Tingkat Kampus;Juara 3;2024;Pemerintah Daerah;1
MHS04715;Akademik;Debat & Karya Tulis;Tingkat Kampus;Finalis;2022;Komunitas/Organisasi;1
MHS04716;Non-Akademik;Keagamaan;Tingkat Lokal/Wilayah;Juara 2;2024;Kemendikbudristek;1
MHS04717;Non-Akademik;Keagamaan;Tingkat Kampus;Peserta;2022;Komunitas/Organisasi;1
MHS04719;Akademik;Debat & Karya Tulis;Tingkat Kampus;Finalis;2025;Kemendikbudristek;2
MHS04719;Non-Akademik;Olahraga;Tingkat Kampus;Peserta;2026;Perusahaan/Swasta;2
MHS04722;Non-Akademik;Sosial & Kemasyarakatan;Tingkat Kampus;Peserta;2021;Kemendikbudristek;2
MHS04722;Akademik;Debat & Karya Tulis;Tingkat Nasional;Juara 2;2023;Perusahaan/Swasta;2
MHS04724;Non-Akademik;Keagamaan;Tingkat Lokal/Wilayah;Juara 3;2025;Pemerintah Daerah;2
MHS04724;Akademik;Sains & Teknologi;Tingkat Kampus;Peserta;2026;Kemendikbudristek;2
MHS04725;Non-Akademik;Olahraga;Tingkat Lokal/Wilayah;Peserta;2026;Pemerintah Daerah;1
MHS04726;Akademik;Sains & Teknologi;Tingkat Kampus;Finalis;2023;Pemerintah Daerah;1
MHS04731;Non-Akademik;Kewirausahaan;Tingkat Lokal/Wilayah;Juara 1;2023;Komunitas/Organisasi;4
MHS04731;Akademik;Debat & Karya Tulis;Tingkat Kampus;Peserta;2024;Perguruan Tinggi;4
MHS04731;Non-Akademik;Seni & Budaya;Tingkat Nasional;Finalis;2025;Perusahaan/Swasta;4
MHS04731;Non-Akademik;Sosial & Kemasyarakatan;Tingkat Kampus;Finalis;2025;Komunitas/Organisasi;4
MHS04732;Akademik;Sains & Teknologi;Tingkat Kampus;Peserta;2024;Perusahaan/Swasta;1
MHS04735;Non-Akademik;Seni & Budaya;Tingkat Lokal/Wilayah;Juara 1;2026;Komunitas/Organisasi;1
MHS04736;Akademik;Sains & Teknologi;Tingkat Lokal/Wilayah;Finalis;2023;Kemendikbudristek;3
MHS04736;Non-Akademik;Sosial & Kemasyarakatan;Tingkat Kampus;Peserta;2024;Perguruan Tinggi;3
MHS04736;Akademik;Kewirausahaan;Tingkat Kampus;Juara 1;2025;Perguruan Tinggi;3
MHS04739;Non-Akademik;Olahraga;Tingkat Nasional;Juara 3;2025;Perguruan Tinggi;1
MHS04741;Non-Akademik;Kewirausahaan;Tingkat Kampus;Peserta;2023;Pemerintah Daerah;3
MHS04741;Non-Akademik;Kewirausahaan;Tingkat Kampus;Juara 2;2025;Komunitas/Organisasi;3
MHS04741;Non-Akademik;Seni & Budaya;Tingkat Nasional;Juara 3;2025;Pemerintah Daerah;3
MHS04742;Non-Akademik;Sosial & Kemasyarakatan;Tingkat Lokal/Wilayah;Juara 2;2025;Kemendikbudristek;2
MHS04742;Non-Akademik;Seni & Budaya;Tingkat Internasional;Juara 2;2026;Perusahaan/Swasta;2
MHS04743;Non-Akademik;Olahraga;Tingkat Kampus;Juara 3;2023;Komunitas/Organisasi;3
MHS04743;Akademik;Sains & Teknologi;Tingkat Kampus;Peserta;2024;Pemerintah Daerah;3
MHS04743;Non-Akademik;Olahraga;Tingkat Nasional;Juara 2;2026;Pemerintah Daerah;3
MHS04745;Akademik;Sains & Teknologi;Tingkat Kampus;Juara 3;2025;Komunitas/Organisasi;1
MHS04746;Non-Akademik;Kewirausahaan;Tingkat Nasional;Juara 1;2020;Pemerintah Daerah;4
MHS04746;Akademik;Debat & Karya Tulis;Tingkat Lokal/Wilayah;Finalis;2021;Perusahaan/Swasta;4
MHS04746;Akademik;Debat & Karya Tulis;Tingkat Kampus;Juara 1;2023;Komunitas/Organisasi;4
MHS04746;Akademik;Debat & Karya Tulis;Tingkat Internasional;Peserta;2023;Pemerintah Daerah;4
MHS04747;Non-Akademik;Seni & Budaya;Tingkat Lokal/Wilayah;Juara 2;2026;Kemendikbudristek;1
MHS04750;Akademik;Debat & Karya Tulis;Tingkat Kampus;Peserta;2021;Perguruan Tinggi;1
MHS04752;Akademik;Sosial & Kemasyarakatan;Tingkat Nasional;Juara 3;2025;Pemerintah Daerah;1
MHS04754;Non-Akademik;Seni & Budaya;Tingkat Nasional;Juara 3;2024;Pemerintah Daerah;3
MHS04754;Non-Akademik;Sosial & Kemasyarakatan;Tingkat Lokal/Wilayah;Peserta;2024;Perguruan Tinggi;3
MHS04754;Non-Akademik;Seni & Budaya;Tingkat Nasional;Peserta;2024;Pemerintah Daerah;3
MHS04755;Akademik;Sains & Teknologi;Tingkat Kampus;Peserta;2024;Kemendikbudristek;2
MHS04755;Non-Akademik;Olahraga;Tingkat Lokal/Wilayah;Finalis;2026;Kemendikbudristek;2
MHS04756;Akademik;Sains & Teknologi;Tingkat Lokal/Wilayah;Juara 2;2024;Komunitas/Organisasi;1
MHS04759;Non-Akademik;Sosial & Kemasyarakatan;Tingkat Nasional;Peserta;2025;Komunitas/Organisasi;2
MHS04759;Akademik;Keagamaan;Tingkat Kampus;Peserta;2025;Komunitas/Organisasi;2
MHS04760;Akademik;Olahraga;Tingkat Nasional;Peserta;2025;Perusahaan/Swasta;2
MHS04760;Akademik;Debat & Karya Tulis;Tingkat Kampus;Peserta;2026;Perusahaan/Swasta;2
MHS04761;Akademik;Sosial & Kemasyarakatan;Tingkat Kampus;Peserta;2022;Komunitas/Organisasi;2
MHS04761;Akademik;Keagamaan;Tingkat Lokal/Wilayah;Juara 3;2023;Pemerintah Daerah;2
MHS04764;Non-Akademik;Sosial & Kemasyarakatan;Tingkat Lokal/Wilayah;Finalis;2025;Pemerintah Daerah;4
MHS04764;Akademik;Seni & Budaya;Tingkat Lokal/Wilayah;Peserta;2026;Perguruan Tinggi;4
MHS04764;Akademik;Sains & Teknologi;Tingkat Kampus;Finalis;2026;Komunitas/Organisasi;4
MHS04764;Non-Akademik;Seni & Budaya;Tingkat Kampus;Finalis;2026;Perguruan Tinggi;4
MHS04765;Non-Akademik;Seni & Budaya;Tingkat Kampus;Peserta;2024;Perusahaan/Swasta;1
MHS04768;Non-Akademik;Sosial & Kemasyarakatan;Tingkat Kampus;Juara 2;2022;Kemendikbudristek;4
MHS04768;Akademik;Debat & Karya Tulis;Tingkat Kampus;Peserta;2022;Perusahaan/Swasta;4
MHS04768;Non-Akademik;Olahraga;Tingkat Nasional;Juara 3;2022;Perusahaan/Swasta;4
MHS04768;Non-Akademik;Keagamaan;Tingkat Lokal/Wilayah;Juara 2;2023;Perguruan Tinggi;4
MHS04769;Non-Akademik;Keagamaan;Tingkat Nasional;Peserta;2024;Komunitas/Organisasi;3
MHS04769;Non-Akademik;Sosial & Kemasyarakatan;Tingkat Kampus;Juara 3;2025;Komunitas/Organisasi;3
MHS04769;Akademik;Sains & Teknologi;Tingkat Lokal/Wilayah;Juara 3;2025;Komunitas/Organisasi;3
MHS04770;Non-Akademik;Seni & Budaya;Tingkat Lokal/Wilayah;Juara 2;2024;Perusahaan/Swasta;5
MHS04770;Akademik;Sains & Teknologi;Tingkat Kampus;Juara 2;2024;Perguruan Tinggi;5
MHS04770;Non-Akademik;Seni & Budaya;Tingkat Kampus;Finalis;2024;Kemendikbudristek;5
MHS04770;Non-Akademik;Kewirausahaan;Tingkat Kampus;Juara 1;2025;Perusahaan/Swasta;5
MHS04770;Akademik;Sains & Teknologi;Tingkat Lokal/Wilayah;Peserta;2026;Perusahaan/Swasta;5
MHS04772;Non-Akademik;Keagamaan;Tingkat Kampus;Juara 3;2025;Perusahaan/Swasta;1
MHS04773;Akademik;Sosial & Kemasyarakatan;Tingkat Nasional;Juara 1;2025;Pemerintah Daerah;2
MHS04773;Non-Akademik;Olahraga;Tingkat Nasional;Juara 3;2025;Pemerintah Daerah;2
MHS04774;Non-Akademik;Kewirausahaan;Tingkat Lokal/Wilayah;Peserta;2024;Komunitas/Organisasi;1
MHS04775;Akademik;Debat & Karya Tulis;Tingkat Nasional;Peserta;2025;Komunitas/Organisasi;1
MHS04776;Non-Akademik;Sosial & Kemasyarakatan;Tingkat Lokal/Wilayah;Peserta;2025;Pemerintah Daerah;4
MHS04776;Non-Akademik;Kewirausahaan;Tingkat Lokal/Wilayah;Juara 2;2025;Perusahaan/Swasta;4
MHS04776;Akademik;Sains & Teknologi;Tingkat Lokal/Wilayah;Juara 3;2025;Pemerintah Daerah;4
MHS04776;Non-Akademik;Kewirausahaan;Tingkat Lokal/Wilayah;Finalis;2026;Komunitas/Organisasi;4
MHS04777;Non-Akademik;Olahraga;Tingkat Lokal/Wilayah;Juara 3;2024;Perusahaan/Swasta;1
MHS04778;Akademik;Sains & Teknologi;Tingkat Kampus;Juara 2;2022;Kemendikbudristek;2
MHS04778;Akademik;Sains & Teknologi;Tingkat Kampus;Finalis;2024;Perusahaan/Swasta;2
MHS04779;Akademik;Debat & Karya Tulis;Tingkat Lokal/Wilayah;Peserta;2023;Perguruan Tinggi;2
MHS04779;Akademik;Debat & Karya Tulis;Tingkat Lokal/Wilayah;Juara 2;2025;Perusahaan/Swasta;2
MHS04780;Non-Akademik;Sosial & Kemasyarakatan;Tingkat Kampus;Peserta;2025;Kemendikbudristek;1
MHS04781;Akademik;Sains & Teknologi;Tingkat Kampus;Peserta;2026;Perusahaan/Swasta;1
MHS04783;Non-Akademik;Kewirausahaan;Tingkat Lokal/Wilayah;Juara 1;2022;Komunitas/Organisasi;7
MHS04783;Akademik;Seni & Budaya;Tingkat Lokal/Wilayah;Juara 2;2022;Komunitas/Organisasi;7
MHS04783;Non-Akademik;Keagamaan;Tingkat Nasional;Finalis;2023;Komunitas/Organisasi;7
MHS04783;Akademik;Sosial & Kemasyarakatan;Tingkat Kampus;Juara 2;2023;Komunitas/Organisasi;7
MHS04783;Non-Akademik;Keagamaan;Tingkat Lokal/Wilayah;Finalis;2023;Perusahaan/Swasta;7
MHS04783;Akademik;Keagamaan;Tingkat Nasional;Juara 2;2024;Komunitas/Organisasi;7
MHS04783;Non-Akademik;Keagamaan;Tingkat Nasional;Finalis;2025;Komunitas/Organisasi;7
MHS04784;Akademik;Sosial & Kemasyarakatan;Tingkat Nasional;Juara 2;2024;Perguruan Tinggi;8
MHS04784;Non-Akademik;Seni & Budaya;Tingkat Nasional;Finalis;2025;Pemerintah Daerah;8
MHS04784;Non-Akademik;Keagamaan;Tingkat Lokal/Wilayah;Juara 2;2025;Komunitas/Organisasi;8
MHS04784;Akademik;Debat & Karya Tulis;Tingkat Nasional;Juara 2;2025;Perguruan Tinggi;8
MHS04784;Non-Akademik;Seni & Budaya;Tingkat Nasional;Peserta;2025;Perguruan Tinggi;8
MHS04784;Akademik;Sains & Teknologi;Tingkat Nasional;Juara 2;2025;Perusahaan/Swasta;8
MHS04784;Non-Akademik;Seni & Budaya;Tingkat Nasional;Juara 1;2026;Kemendikbudristek;8
MHS04784;Akademik;Debat & Karya Tulis;Tingkat Kampus;Juara 2;2026;Perguruan Tinggi;8
MHS04789;Non-Akademik;Sosial & Kemasyarakatan;Tingkat Lokal/Wilayah;Peserta;2025;Perusahaan/Swasta;2
MHS04789;Non-Akademik;Sosial & Kemasyarakatan;Tingkat Kampus;Finalis;2026;Pemerintah Daerah;2
MHS04792;Non-Akademik;Kewirausahaan;Tingkat Internasional;Peserta;2025;Pemerintah Daerah;1
MHS04793;Non-Akademik;Seni & Budaya;Tingkat Lokal/Wilayah;Finalis;2022;Perguruan Tinggi;2
MHS04793;Akademik;Keagamaan;Tingkat Nasional;Peserta;2025;Pemerintah Daerah;2
MHS04794;Non-Akademik;Sosial & Kemasyarakatan;Tingkat Kampus;Juara 2;2023;Perguruan Tinggi;2
MHS04794;Non-Akademik;Seni & Budaya;Tingkat Lokal/Wilayah;Peserta;2023;Perusahaan/Swasta;2
MHS04797;Akademik;Sains & Teknologi;Tingkat Kampus;Finalis;2024;Perguruan Tinggi;2
MHS04797;Non-Akademik;Seni & Budaya;Tingkat Kampus;Finalis;2026;Kemendikbudristek;2
MHS04798;Akademik;Olahraga;Tingkat Lokal/Wilayah;Juara 3;2021;Perusahaan/Swasta;2
MHS04798;Non-Akademik;Olahraga;Tingkat Kampus;Peserta;2023;Perusahaan/Swasta;2
MHS04807;Non-Akademik;Keagamaan;Tingkat Kampus;Finalis;2023;Perguruan Tinggi;1
MHS04808;Akademik;Debat & Karya Tulis;Tingkat Lokal/Wilayah;Finalis;2024;Perguruan Tinggi;2
MHS04808;Non-Akademik;Kewirausahaan;Tingkat Lokal/Wilayah;Peserta;2025;Komunitas/Organisasi;2
MHS04810;Akademik;Kewirausahaan;Tingkat Nasional;Peserta;2026;Perusahaan/Swasta;1
MHS04811;Non-Akademik;Seni & Budaya;Tingkat Kampus;Juara 2;2025;Pemerintah Daerah;4
MHS04811;Akademik;Debat & Karya Tulis;Tingkat Kampus;Finalis;2026;Komunitas/Organisasi;4
MHS04811;Akademik;Sosial & Kemasyarakatan;Tingkat Kampus;Juara 3;2026;Kemendikbudristek;4
MHS04811;Akademik;Sosial & Kemasyarakatan;Tingkat Nasional;Juara 3;2026;Pemerintah Daerah;4
MHS04814;Non-Akademik;Kewirausahaan;Tingkat Nasional;Finalis;2023;Kemendikbudristek;1
MHS04815;Non-Akademik;Sosial & Kemasyarakatan;Tingkat Kampus;Peserta;2026;Perguruan Tinggi;1
MHS04816;Akademik;Sains & Teknologi;Tingkat Nasional;Finalis;2021;Perguruan Tinggi;1
MHS04817;Akademik;Sains & Teknologi;Tingkat Lokal/Wilayah;Juara 1;2022;Kemendikbudristek;3
MHS04817;Akademik;Sains & Teknologi;Tingkat Nasional;Juara 2;2023;Perguruan Tinggi;3
MHS04817;Akademik;Kewirausahaan;Tingkat Kampus;Juara 1;2026;Perusahaan/Swasta;3
MHS04819;Non-Akademik;Seni & Budaya;Tingkat Lokal/Wilayah;Peserta;2023;Kemendikbudristek;1
MHS04820;Akademik;Sains & Teknologi;Tingkat Nasional;Finalis;2022;Perusahaan/Swasta;3
MHS04820;Akademik;Seni & Budaya;Tingkat Kampus;Finalis;2023;Perusahaan/Swasta;3
MHS04820;Akademik;Debat & Karya Tulis;Tingkat Kampus;Juara 3;2026;Kemendikbudristek;3
MHS04822;Non-Akademik;Olahraga;Tingkat Kampus;Peserta;2026;Pemerintah Daerah;1
MHS04823;Akademik;Sains & Teknologi;Tingkat Kampus;Finalis;2024;Perguruan Tinggi;1
MHS04827;Akademik;Olahraga;Tingkat Lokal/Wilayah;Finalis;2024;Komunitas/Organisasi;2
MHS04827;Non-Akademik;Keagamaan;Tingkat Nasional;Juara 3;2025;Kemendikbudristek;2
MHS04828;Non-Akademik;Kewirausahaan;Tingkat Lokal/Wilayah;Finalis;2021;Kemendikbudristek;1
MHS04829;Non-Akademik;Keagamaan;Tingkat Lokal/Wilayah;Juara 3;2024;Kemendikbudristek;1
MHS04830;Akademik;Olahraga;Tingkat Lokal/Wilayah;Finalis;2024;Perguruan Tinggi;4
MHS04830;Non-Akademik;Kewirausahaan;Tingkat Lokal/Wilayah;Juara 1;2024;Kemendikbudristek;4
MHS04830;Non-Akademik;Sosial & Kemasyarakatan;Tingkat Kampus;Peserta;2025;Perguruan Tinggi;4
MHS04830;Akademik;Sains & Teknologi;Tingkat Nasional;Finalis;2026;Perguruan Tinggi;4
MHS04831;Non-Akademik;Olahraga;Tingkat Kampus;Peserta;2026;Perguruan Tinggi;1
MHS04834;Non-Akademik;Olahraga;Tingkat Kampus;Finalis;2025;Perusahaan/Swasta;1
MHS04837;Non-Akademik;Sosial & Kemasyarakatan;Tingkat Kampus;Juara 2;2025;Perguruan Tinggi;1
MHS04838;Akademik;Olahraga;Tingkat Kampus;Finalis;2025;Perusahaan/Swasta;1
MHS04842;Akademik;Sosial & Kemasyarakatan;Tingkat Kampus;Peserta;2025;Komunitas/Organisasi;1
MHS04843;Non-Akademik;Sosial & Kemasyarakatan;Tingkat Lokal/Wilayah;Juara 1;2022;Perguruan Tinggi;1
MHS04845;Akademik;Debat & Karya Tulis;Tingkat Nasional;Juara 1;2023;Perguruan Tinggi;3
MHS04845;Akademik;Olahraga;Tingkat Lokal/Wilayah;Juara 2;2024;Pemerintah Daerah;3
MHS04845;Akademik;Debat & Karya Tulis;Tingkat Internasional;Peserta;2025;Kemendikbudristek;3
MHS04846;Akademik;Sains & Teknologi;Tingkat Kampus;Peserta;2026;Pemerintah Daerah;1
MHS04848;Non-Akademik;Seni & Budaya;Tingkat Nasional;Juara 3;2022;Komunitas/Organisasi;3
MHS04848;Non-Akademik;Olahraga;Tingkat Nasional;Finalis;2024;Perusahaan/Swasta;3
MHS04848;Non-Akademik;Kewirausahaan;Tingkat Kampus;Peserta;2024;Pemerintah Daerah;3
MHS04855;Akademik;Seni & Budaya;Tingkat Kampus;Finalis;2025;Kemendikbudristek;3
MHS04855;Non-Akademik;Sosial & Kemasyarakatan;Tingkat Lokal/Wilayah;Finalis;2025;Perguruan Tinggi;3
MHS04855;Akademik;Debat & Karya Tulis;Tingkat Kampus;Finalis;2025;Pemerintah Daerah;3
MHS04856;Akademik;Debat & Karya Tulis;Tingkat Internasional;Juara 2;2024;Komunitas/Organisasi;2
MHS04856;Akademik;Sains & Teknologi;Tingkat Kampus;Finalis;2026;Komunitas/Organisasi;2
MHS04857;Non-Akademik;Olahraga;Tingkat Lokal/Wilayah;Peserta;2025;Perguruan Tinggi;1
MHS04858;Non-Akademik;Keagamaan;Tingkat Kampus;Juara 3;2026;Pemerintah Daerah;1
MHS04859;Non-Akademik;Keagamaan;Tingkat Kampus;Juara 2;2026;Perguruan Tinggi;1
MHS04860;Non-Akademik;Keagamaan;Tingkat Kampus;Peserta;2022;Kemendikbudristek;2
MHS04860;Akademik;Olahraga;Tingkat Nasional;Peserta;2024;Komunitas/Organisasi;2
MHS04861;Akademik;Sains & Teknologi;Tingkat Kampus;Finalis;2024;Perusahaan/Swasta;1
MHS04862;Non-Akademik;Seni & Budaya;Tingkat Kampus;Peserta;2020;Perguruan Tinggi;6
MHS04862;Non-Akademik;Olahraga;Tingkat Kampus;Juara 3;2020;Kemendikbudristek;6
MHS04862;Akademik;Sains & Teknologi;Tingkat Internasional;Juara 3;2021;Perguruan Tinggi;6
MHS04862;Non-Akademik;Kewirausahaan;Tingkat Lokal/Wilayah;Juara 1;2021;Komunitas/Organisasi;6
MHS04862;Non-Akademik;Sosial & Kemasyarakatan;Tingkat Lokal/Wilayah;Juara 2;2022;Komunitas/Organisasi;6
MHS04862;Akademik;Debat & Karya Tulis;Tingkat Lokal/Wilayah;Juara 1;2024;Perusahaan/Swasta;6
MHS04863;Non-Akademik;Kewirausahaan;Tingkat Kampus;Juara 2;2022;Perusahaan/Swasta;5
MHS04863;Non-Akademik;Olahraga;Tingkat Lokal/Wilayah;Finalis;2023;Komunitas/Organisasi;5
MHS04863;Non-Akademik;Olahraga;Tingkat Lokal/Wilayah;Juara 3;2023;Perguruan Tinggi;5
MHS04863;Non-Akademik;Keagamaan;Tingkat Kampus;Juara 2;2026;Komunitas/Organisasi;5
MHS04863;Akademik;Debat & Karya Tulis;Tingkat Nasional;Finalis;2026;Kemendikbudristek;5
MHS04864;Akademik;Sains & Teknologi;Tingkat Nasional;Peserta;2023;Perguruan Tinggi;6
MHS04864;Non-Akademik;Kewirausahaan;Tingkat Kampus;Juara 2;2024;Pemerintah Daerah;6
MHS04864;Akademik;Sains & Teknologi;Tingkat Nasional;Juara 1;2024;Perusahaan/Swasta;6
MHS04864;Akademik;Sains & Teknologi;Tingkat Kampus;Juara 2;2025;Perusahaan/Swasta;6
MHS04864;Akademik;Kewirausahaan;Tingkat Kampus;Juara 1;2025;Pemerintah Daerah;6
MHS04864;Akademik;Keagamaan;Tingkat Kampus;Juara 2;2025;Perusahaan/Swasta;6
MHS04868;Non-Akademik;Seni & Budaya;Tingkat Internasional;Juara 1;2024;Kemendikbudristek;7
MHS04868;Akademik;Sains & Teknologi;Tingkat Lokal/Wilayah;Peserta;2024;Pemerintah Daerah;7
MHS04868;Akademik;Sosial & Kemasyarakatan;Tingkat Nasional;Juara 2;2024;Komunitas/Organisasi;7
MHS04868;Akademik;Sains & Teknologi;Tingkat Lokal/Wilayah;Juara 3;2025;Perusahaan/Swasta;7
MHS04868;Non-Akademik;Sosial & Kemasyarakatan;Tingkat Nasional;Peserta;2026;Pemerintah Daerah;7
MHS04868;Non-Akademik;Olahraga;Tingkat Kampus;Juara 1;2026;Perusahaan/Swasta;7
MHS04868;Non-Akademik;Kewirausahaan;Tingkat Kampus;Juara 3;2026;Pemerintah Daerah;7
MHS04869;Non-Akademik;Kewirausahaan;Tingkat Nasional;Juara 3;2024;Perusahaan/Swasta;2
MHS04869;Akademik;Sains & Teknologi;Tingkat Kampus;Juara 1;2025;Perguruan Tinggi;2
MHS04870;Akademik;Debat & Karya Tulis;Tingkat Kampus;Finalis;2023;Pemerintah Daerah;1
MHS04872;Akademik;Sains & Teknologi;Tingkat Lokal/Wilayah;Finalis;2025;Kemendikbudristek;1
MHS04874;Akademik;Debat & Karya Tulis;Tingkat Nasional;Juara 2;2024;Komunitas/Organisasi;1
MHS04875;Non-Akademik;Sosial & Kemasyarakatan;Tingkat Kampus;Juara 1;2024;Pemerintah Daerah;1
MHS04877;Non-Akademik;Seni & Budaya;Tingkat Kampus;Peserta;2022;Kemendikbudristek;3
MHS04877;Non-Akademik;Kewirausahaan;Tingkat Nasional;Finalis;2024;Pemerintah Daerah;3
MHS04877;Non-Akademik;Keagamaan;Tingkat Nasional;Juara 3;2024;Perusahaan/Swasta;3
MHS04878;Non-Akademik;Keagamaan;Tingkat Kampus;Juara 2;2024;Pemerintah Daerah;1
MHS04881;Non-Akademik;Sosial & Kemasyarakatan;Tingkat Kampus;Juara 1;2025;Pemerintah Daerah;3
MHS04881;Non-Akademik;Seni & Budaya;Tingkat Lokal/Wilayah;Juara 2;2026;Perguruan Tinggi;3
MHS04881;Non-Akademik;Olahraga;Tingkat Lokal/Wilayah;Peserta;2026;Pemerintah Daerah;3
MHS04883;Akademik;Olahraga;Tingkat Kampus;Juara 3;2025;Pemerintah Daerah;1
MHS04885;Akademik;Debat & Karya Tulis;Tingkat Lokal/Wilayah;Juara 3;2023;Komunitas/Organisasi;1
MHS04889;Akademik;Sains & Teknologi;Tingkat Kampus;Peserta;2023;Perguruan Tinggi;2
MHS04889;Non-Akademik;Seni & Budaya;Tingkat Kampus;Peserta;2024;Komunitas/Organisasi;2
MHS04895;Non-Akademik;Keagamaan;Tingkat Kampus;Juara 3;2022;Perguruan Tinggi;1
MHS04896;Akademik;Sains & Teknologi;Tingkat Nasional;Peserta;2026;Perusahaan/Swasta;1
MHS04898;Non-Akademik;Keagamaan;Tingkat Kampus;Peserta;2020;Pemerintah Daerah;2
MHS04898;Akademik;Debat & Karya Tulis;Tingkat Kampus;Finalis;2022;Perguruan Tinggi;2
MHS04903;Akademik;Debat & Karya Tulis;Tingkat Nasional;Juara 3;2025;Kemendikbudristek;1
MHS04905;Akademik;Olahraga;Tingkat Lokal/Wilayah;Peserta;2024;Perusahaan/Swasta;2
MHS04905;Non-Akademik;Olahraga;Tingkat Internasional;Juara 2;2024;Perguruan Tinggi;2
MHS04907;Non-Akademik;Olahraga;Tingkat Lokal/Wilayah;Finalis;2023;Perguruan Tinggi;3
MHS04907;Akademik;Sosial & Kemasyarakatan;Tingkat Nasional;Finalis;2024;Perusahaan/Swasta;3
MHS04907;Non-Akademik;Sosial & Kemasyarakatan;Tingkat Kampus;Finalis;2025;Kemendikbudristek;3
MHS04910;Akademik;Olahraga;Tingkat Lokal/Wilayah;Finalis;2024;Perusahaan/Swasta;3
MHS04910;Akademik;Sains & Teknologi;Tingkat Lokal/Wilayah;Juara 1;2025;Komunitas/Organisasi;3
MHS04910;Akademik;Sains & Teknologi;Tingkat Nasional;Finalis;2025;Komunitas/Organisasi;3
MHS04911;Akademik;Sosial & Kemasyarakatan;Tingkat Kampus;Finalis;2024;Perguruan Tinggi;1
MHS04912;Non-Akademik;Kewirausahaan;Tingkat Lokal/Wilayah;Juara 1;2025;Pemerintah Daerah;3
MHS04912;Akademik;Debat & Karya Tulis;Tingkat Kampus;Juara 2;2026;Kemendikbudristek;3
MHS04912;Akademik;Sains & Teknologi;Tingkat Kampus;Finalis;2026;Pemerintah Daerah;3
MHS04914;Non-Akademik;Keagamaan;Tingkat Kampus;Finalis;2023;Perguruan Tinggi;5
MHS04914;Non-Akademik;Kewirausahaan;Tingkat Kampus;Peserta;2024;Komunitas/Organisasi;5
MHS04914;Akademik;Seni & Budaya;Tingkat Kampus;Juara 3;2024;Perguruan Tinggi;5
MHS04914;Akademik;Sains & Teknologi;Tingkat Kampus;Peserta;2025;Komunitas/Organisasi;5
MHS04914;Non-Akademik;Sosial & Kemasyarakatan;Tingkat Kampus;Peserta;2026;Perguruan Tinggi;5
MHS04916;Akademik;Sosial & Kemasyarakatan;Tingkat Lokal/Wilayah;Finalis;2026;Kemendikbudristek;1
MHS04919;Non-Akademik;Keagamaan;Tingkat Kampus;Peserta;2025;Perguruan Tinggi;3
MHS04919;Non-Akademik;Keagamaan;Tingkat Nasional;Peserta;2026;Kemendikbudristek;3
MHS04919;Non-Akademik;Seni & Budaya;Tingkat Kampus;Juara 3;2026;Kemendikbudristek;3
MHS04921;Akademik;Debat & Karya Tulis;Tingkat Lokal/Wilayah;Peserta;2026;Kemendikbudristek;2
MHS04921;Non-Akademik;Keagamaan;Tingkat Kampus;Peserta;2026;Pemerintah Daerah;2
MHS04927;Non-Akademik;Kewirausahaan;Tingkat Nasional;Finalis;2026;Perguruan Tinggi;1
MHS04928;Akademik;Sains & Teknologi;Tingkat Nasional;Juara 3;2025;Pemerintah Daerah;1
MHS04929;Akademik;Sains & Teknologi;Tingkat Lokal/Wilayah;Juara 2;2025;Kemendikbudristek;3
MHS04929;Akademik;Debat & Karya Tulis;Tingkat Nasional;Juara 3;2025;Perusahaan/Swasta;3
MHS04929;Non-Akademik;Kewirausahaan;Tingkat Nasional;Juara 3;2026;Perusahaan/Swasta;3
MHS04930;Akademik;Sains & Teknologi;Tingkat Nasional;Finalis;2025;Perguruan Tinggi;3
MHS04930;Non-Akademik;Seni & Budaya;Tingkat Nasional;Juara 3;2026;Komunitas/Organisasi;3
MHS04930;Akademik;Debat & Karya Tulis;Tingkat Internasional;Juara 3;2026;Perusahaan/Swasta;3
MHS04932;Akademik;Sains & Teknologi;Tingkat Kampus;Juara 2;2025;Kemendikbudristek;2
MHS04932;Non-Akademik;Kewirausahaan;Tingkat Kampus;Juara 3;2026;Pemerintah Daerah;2
MHS04933;Non-Akademik;Kewirausahaan;Tingkat Kampus;Juara 2;2021;Perusahaan/Swasta;2
MHS04933;Non-Akademik;Kewirausahaan;Tingkat Kampus;Juara 3;2022;Perusahaan/Swasta;2
MHS04934;Non-Akademik;Seni & Budaya;Tingkat Lokal/Wilayah;Finalis;2023;Komunitas/Organisasi;3
MHS04934;Non-Akademik;Sosial & Kemasyarakatan;Tingkat Kampus;Juara 2;2024;Perguruan Tinggi;3
MHS04934;Akademik;Keagamaan;Tingkat Kampus;Juara 2;2025;Pemerintah Daerah;3
MHS04935;Akademik;Sains & Teknologi;Tingkat Kampus;Juara 3;2023;Perusahaan/Swasta;4
MHS04935;Akademik;Debat & Karya Tulis;Tingkat Kampus;Peserta;2023;Pemerintah Daerah;4
MHS04935;Akademik;Debat & Karya Tulis;Tingkat Nasional;Juara 1;2025;Pemerintah Daerah;4
MHS04935;Non-Akademik;Kewirausahaan;Tingkat Nasional;Peserta;2025;Komunitas/Organisasi;4
MHS04939;Non-Akademik;Seni & Budaya;Tingkat Lokal/Wilayah;Finalis;2025;Perguruan Tinggi;2
MHS04939;Akademik;Sains & Teknologi;Tingkat Internasional;Juara 2;2026;Pemerintah Daerah;2
MHS04942;Akademik;Kewirausahaan;Tingkat Nasional;Juara 2;2024;Pemerintah Daerah;1
MHS04943;Non-Akademik;Kewirausahaan;Tingkat Lokal/Wilayah;Finalis;2023;Perusahaan/Swasta;5
MHS04943;Non-Akademik;Keagamaan;Tingkat Internasional;Finalis;2024;Perusahaan/Swasta;5
MHS04943;Non-Akademik;Sosial & Kemasyarakatan;Tingkat Internasional;Juara 3;2026;Kemendikbudristek;5
MHS04943;Non-Akademik;Kewirausahaan;Tingkat Kampus;Finalis;2026;Pemerintah Daerah;5
MHS04943;Akademik;Sosial & Kemasyarakatan;Tingkat Lokal/Wilayah;Peserta;2026;Perusahaan/Swasta;5
MHS04945;Akademik;Debat & Karya Tulis;Tingkat Kampus;Finalis;2025;Perguruan Tinggi;1
MHS04946;Akademik;Sains & Teknologi;Tingkat Lokal/Wilayah;Juara 1;2021;Perguruan Tinggi;4
MHS04946;Akademik;Sains & Teknologi;Tingkat Lokal/Wilayah;Finalis;2022;Pemerintah Daerah;4
MHS04946;Non-Akademik;Olahraga;Tingkat Kampus;Juara 2;2022;Komunitas/Organisasi;4
MHS04946;Non-Akademik;Kewirausahaan;Tingkat Lokal/Wilayah;Peserta;2023;Komunitas/Organisasi;4
MHS04947;Non-Akademik;Keagamaan;Tingkat Kampus;Peserta;2024;Perusahaan/Swasta;1
MHS04948;Non-Akademik;Keagamaan;Tingkat Kampus;Finalis;2026;Kemendikbudristek;1
MHS04949;Non-Akademik;Sosial & Kemasyarakatan;Tingkat Kampus;Peserta;2021;Perguruan Tinggi;8
MHS04949;Akademik;Sains & Teknologi;Tingkat Lokal/Wilayah;Peserta;2022;Pemerintah Daerah;8
MHS04949;Akademik;Debat & Karya Tulis;Tingkat Internasional;Peserta;2024;Pemerintah Daerah;8
MHS04949;Akademik;Sains & Teknologi;Tingkat Lokal/Wilayah;Peserta;2024;Perusahaan/Swasta;8
MHS04949;Non-Akademik;Olahraga;Tingkat Lokal/Wilayah;Finalis;2025;Kemendikbudristek;8
MHS04949;Non-Akademik;Kewirausahaan;Tingkat Kampus;Finalis;2025;Perguruan Tinggi;8
MHS04949;Akademik;Sains & Teknologi;Tingkat Lokal/Wilayah;Peserta;2025;Perusahaan/Swasta;8
MHS04949;Non-Akademik;Kewirausahaan;Tingkat Kampus;Juara 2;2025;Perguruan Tinggi;8
MHS04951;Akademik;Sains & Teknologi;Tingkat Lokal/Wilayah;Finalis;2025;Komunitas/Organisasi;1
MHS04952;Akademik;Seni & Budaya;Tingkat Kampus;Finalis;2024;Pemerintah Daerah;2
MHS04952;Akademik;Sosial & Kemasyarakatan;Tingkat Kampus;Juara 3;2024;Perusahaan/Swasta;2
MHS04953;Non-Akademik;Sosial & Kemasyarakatan;Tingkat Lokal/Wilayah;Juara 3;2023;Pemerintah Daerah;8
MHS04953;Non-Akademik;Kewirausahaan;Tingkat Kampus;Finalis;2023;Perguruan Tinggi;8
MHS04953;Non-Akademik;Sosial & Kemasyarakatan;Tingkat Lokal/Wilayah;Peserta;2024;Perguruan Tinggi;8
MHS04953;Akademik;Debat & Karya Tulis;Tingkat Nasional;Peserta;2024;Kemendikbudristek;8
MHS04953;Non-Akademik;Seni & Budaya;Tingkat Lokal/Wilayah;Juara 2;2025;Komunitas/Organisasi;8
MHS04953;Non-Akademik;Seni & Budaya;Tingkat Nasional;Peserta;2025;Perguruan Tinggi;8
MHS04953;Akademik;Keagamaan;Tingkat Lokal/Wilayah;Juara 3;2025;Perusahaan/Swasta;8
MHS04953;Akademik;Kewirausahaan;Tingkat Kampus;Juara 1;2026;Perguruan Tinggi;8
MHS04954;Non-Akademik;Sosial & Kemasyarakatan;Tingkat Lokal/Wilayah;Juara 1;2025;Kemendikbudristek;1
MHS04956;Akademik;Sains & Teknologi;Tingkat Nasional;Peserta;2022;Pemerintah Daerah;8
MHS04956;Non-Akademik;Olahraga;Tingkat Nasional;Juara 3;2022;Kemendikbudristek;8
MHS04956;Non-Akademik;Sosial & Kemasyarakatan;Tingkat Kampus;Juara 3;2023;Perusahaan/Swasta;8
MHS04956;Non-Akademik;Sosial & Kemasyarakatan;Tingkat Kampus;Finalis;2023;Pemerintah Daerah;8
MHS04956;Non-Akademik;Kewirausahaan;Tingkat Kampus;Peserta;2025;Perguruan Tinggi;8
MHS04956;Non-Akademik;Seni & Budaya;Tingkat Kampus;Finalis;2025;Komunitas/Organisasi;8
MHS04956;Non-Akademik;Kewirausahaan;Tingkat Kampus;Finalis;2025;Pemerintah Daerah;8
MHS04956;Non-Akademik;Keagamaan;Tingkat Lokal/Wilayah;Juara 1;2026;Komunitas/Organisasi;8
MHS04957;Akademik;Sains & Teknologi;Tingkat Lokal/Wilayah;Juara 2;2022;Perusahaan/Swasta;2
MHS04957;Akademik;Debat & Karya Tulis;Tingkat Lokal/Wilayah;Juara 1;2024;Komunitas/Organisasi;2
MHS04958;Non-Akademik;Seni & Budaya;Tingkat Kampus;Peserta;2024;Perguruan Tinggi;6
MHS04958;Non-Akademik;Seni & Budaya;Tingkat Kampus;Finalis;2024;Perguruan Tinggi;6
MHS04958;Akademik;Debat & Karya Tulis;Tingkat Lokal/Wilayah;Peserta;2025;Pemerintah Daerah;6
MHS04958;Akademik;Sains & Teknologi;Tingkat Nasional;Finalis;2025;Kemendikbudristek;6
MHS04958;Non-Akademik;Sosial & Kemasyarakatan;Tingkat Lokal/Wilayah;Peserta;2026;Pemerintah Daerah;6
MHS04958;Akademik;Olahraga;Tingkat Kampus;Juara 1;2026;Komunitas/Organisasi;6
MHS04959;Non-Akademik;Seni & Budaya;Tingkat Kampus;Peserta;2026;Perguruan Tinggi;1
MHS04960;Akademik;Sains & Teknologi;Tingkat Nasional;Finalis;2025;Pemerintah Daerah;1
MHS04962;Non-Akademik;Kewirausahaan;Tingkat Lokal/Wilayah;Finalis;2026;Pemerintah Daerah;1
MHS04964;Non-Akademik;Olahraga;Tingkat Kampus;Peserta;2023;Pemerintah Daerah;3
MHS04964;Non-Akademik;Seni & Budaya;Tingkat Kampus;Juara 1;2025;Perusahaan/Swasta;3
MHS04964;Akademik;Debat & Karya Tulis;Tingkat Kampus;Finalis;2025;Pemerintah Daerah;3
MHS04965;Akademik;Sains & Teknologi;Tingkat Nasional;Finalis;2026;Perusahaan/Swasta;1
MHS04966;Akademik;Sains & Teknologi;Tingkat Lokal/Wilayah;Juara 1;2020;Perguruan Tinggi;2
MHS04966;Akademik;Seni & Budaya;Tingkat Kampus;Peserta;2021;Perusahaan/Swasta;2
MHS04967;Akademik;Debat & Karya Tulis;Tingkat Nasional;Juara 3;2026;Perguruan Tinggi;1
MHS04970;Non-Akademik;Sosial & Kemasyarakatan;Tingkat Nasional;Peserta;2024;Pemerintah Daerah;3
MHS04970;Akademik;Debat & Karya Tulis;Tingkat Kampus;Juara 2;2024;Perguruan Tinggi;3
MHS04970;Akademik;Debat & Karya Tulis;Tingkat Internasional;Juara 3;2024;Perguruan Tinggi;3
MHS04971;Akademik;Sains & Teknologi;Tingkat Lokal/Wilayah;Finalis;2024;Perusahaan/Swasta;2
MHS04971;Akademik;Olahraga;Tingkat Kampus;Peserta;2026;Perguruan Tinggi;2
MHS04972;Non-Akademik;Seni & Budaya;Tingkat Internasional;Peserta;2025;Kemendikbudristek;1
MHS04973;Non-Akademik;Sosial & Kemasyarakatan;Tingkat Nasional;Peserta;2024;Komunitas/Organisasi;1
MHS04974;Akademik;Sains & Teknologi;Tingkat Lokal/Wilayah;Juara 3;2026;Komunitas/Organisasi;1
MHS04975;Non-Akademik;Kewirausahaan;Tingkat Internasional;Peserta;2024;Perusahaan/Swasta;3
MHS04975;Non-Akademik;Seni & Budaya;Tingkat Kampus;Juara 2;2026;Komunitas/Organisasi;3
MHS04975;Non-Akademik;Kewirausahaan;Tingkat Nasional;Finalis;2026;Perusahaan/Swasta;3
MHS04976;Akademik;Debat & Karya Tulis;Tingkat Lokal/Wilayah;Juara 2;2022;Perguruan Tinggi;4
MHS04976;Non-Akademik;Olahraga;Tingkat Kampus;Juara 3;2022;Perguruan Tinggi;4
MHS04976;Akademik;Olahraga;Tingkat Kampus;Juara 2;2023;Pemerintah Daerah;4
MHS04976;Akademik;Sains & Teknologi;Tingkat Lokal/Wilayah;Juara 1;2024;Kemendikbudristek;4
MHS04977;Non-Akademik;Seni & Budaya;Tingkat Nasional;Juara 3;2024;Komunitas/Organisasi;2
MHS04977;Non-Akademik;Sosial & Kemasyarakatan;Tingkat Nasional;Juara 2;2024;Kemendikbudristek;2
MHS04978;Akademik;Sains & Teknologi;Tingkat Lokal/Wilayah;Juara 3;2023;Kemendikbudristek;2
MHS04978;Akademik;Sains & Teknologi;Tingkat Kampus;Juara 1;2024;Kemendikbudristek;2
MHS04980;Non-Akademik;Kewirausahaan;Tingkat Lokal/Wilayah;Juara 2;2026;Komunitas/Organisasi;1
MHS04984;Akademik;Sains & Teknologi;Tingkat Kampus;Peserta;2026;Pemerintah Daerah;1
MHS04985;Akademik;Debat & Karya Tulis;Tingkat Lokal/Wilayah;Juara 1;2021;Pemerintah Daerah;8
MHS04985;Non-Akademik;Keagamaan;Tingkat Lokal/Wilayah;Peserta;2021;Perguruan Tinggi;8
MHS04985;Non-Akademik;Keagamaan;Tingkat Kampus;Juara 3;2022;Pemerintah Daerah;8
MHS04985;Akademik;Sains & Teknologi;Tingkat Nasional;Juara 1;2022;Perguruan Tinggi;8
MHS04985;Non-Akademik;Olahraga;Tingkat Nasional;Juara 2;2023;Perusahaan/Swasta;8
MHS04985;Akademik;Sains & Teknologi;Tingkat Kampus;Finalis;2024;Komunitas/Organisasi;8
MHS04985;Non-Akademik;Seni & Budaya;Tingkat Internasional;Juara 2;2024;Perguruan Tinggi;8
MHS04985;Non-Akademik;Olahraga;Tingkat Kampus;Juara 1;2024;Komunitas/Organisasi;8
MHS04986;Non-Akademik;Keagamaan;Tingkat Nasional;Finalis;2025;Perusahaan/Swasta;2
MHS04986;Akademik;Debat & Karya Tulis;Tingkat Lokal/Wilayah;Finalis;2025;Perusahaan/Swasta;2
MHS04989;Non-Akademik;Olahraga;Tingkat Nasional;Juara 2;2022;Kemendikbudristek;6
MHS04989;Non-Akademik;Sosial & Kemasyarakatan;Tingkat Internasional;Peserta;2022;Kemendikbudristek;6
MHS04989;Akademik;Sains & Teknologi;Tingkat Lokal/Wilayah;Juara 2;2024;Perusahaan/Swasta;6
MHS04989;Akademik;Sains & Teknologi;Tingkat Kampus;Juara 1;2024;Perguruan Tinggi;6
MHS04989;Akademik;Sains & Teknologi;Tingkat Lokal/Wilayah;Juara 2;2024;Perguruan Tinggi;6
MHS04989;Non-Akademik;Seni & Budaya;Tingkat Lokal/Wilayah;Juara 3;2024;Komunitas/Organisasi;6
MHS04992;Non-Akademik;Kewirausahaan;Tingkat Kampus;Juara 3;2026;Perusahaan/Swasta;1
MHS04993;Akademik;Debat & Karya Tulis;Tingkat Lokal/Wilayah;Finalis;2022;Pemerintah Daerah;2
MHS04993;Akademik;Kewirausahaan;Tingkat Kampus;Finalis;2024;Pemerintah Daerah;2
MHS04994;Non-Akademik;Olahraga;Tingkat Nasional;Juara 1;2025;Perusahaan/Swasta;1
MHS04996;Non-Akademik;Keagamaan;Tingkat Kampus;Juara 3;2025;Pemerintah Daerah;1
MHS04997;Akademik;Debat & Karya Tulis;Tingkat Nasional;Finalis;2024;Perusahaan/Swasta;5
MHS04997;Non-Akademik;Keagamaan;Tingkat Kampus;Juara 1;2024;Perguruan Tinggi;5
MHS04997;Akademik;Debat & Karya Tulis;Tingkat Internasional;Peserta;2025;Perusahaan/Swasta;5
MHS04997;Non-Akademik;Keagamaan;Tingkat Lokal/Wilayah;Juara 1;2026;Pemerintah Daerah;5
MHS04997;Non-Akademik;Sosial & Kemasyarakatan;Tingkat Kampus;Juara 1;2026;Perusahaan/Swasta;5
MHS04998;Non-Akademik;Kewirausahaan;Tingkat Internasional;Juara 3;2025;Perguruan Tinggi;2
MHS04998;Non-Akademik;Seni & Budaya;Tingkat Kampus;Juara 2;2025;Komunitas/Organisasi;2
MHS04999;Non-Akademik;Keagamaan;Tingkat Kampus;Peserta;2023;Pemerintah Daerah;2
MHS04999;Akademik;Debat & Karya Tulis;Tingkat Lokal/Wilayah;Peserta;2024;Perusahaan/Swasta;2
MHS05000;Non-Akademik;Kewirausahaan;Tingkat Kampus;Juara 3;2025;Perusahaan/Swasta;1
