ID_Mahasiswa;Status_Generasi_Pertama;Pendidikan_Terakhir_Ayah;Pendidikan_Terakhir_Ibu;Pekerjaan_Ayah;Pekerjaan_Ibu;Jumlah_Saudara_Kuliah;Tingkat_Dukungan_Keluarga;Kendala_Utama;Ikut_Program_Pendampingan
MHS00001;Tidak;S1;D3;Petani/Nelayan;Tidak Bekerja;0;3;Finansial;Tidak
MHS00002;Ya;SMP;SMP;Wiraswasta;Tidak Bekerja;0;2;Akademik;Tidak
MHS00003;Ya;SD;SD;Petani/Nelayan;Buruh/Pekerja Harian;0;2;Finansial;Tidak
MHS00004;Tidak;SMP;S1;Petani/Nelayan;Wiraswasta;0;4;Akademik;Tidak
MHS00005;Ya;SMA/SMK;Tidak Sekolah;TNI/Polri;Tidak Bekerja;0;2;Finansial;Tidak
MHS00006;Tidak;S1;SMA/SMK;Profesional (dokter/guru/dll);Wiraswasta;0;2;Finansial;Tidak
MHS00007;Tidak;SD;D3;Wiraswasta;Wiraswasta;0;1;Finansial;Ya
MHS00008;Tidak;S2;S2;Karyawan Swasta;Profesional (dokter/guru/dll);1;5;Akademik;Tidak
MHS00009;Tidak;D3;S1;Karyawan Swasta;Tidak Bekerja;1;4;Finansial;Ya
MHS00010;Ya;SMA/SMK;SMP;Wiraswasta;Buruh/Pekerja Harian;0;2;Finansial;Tidak
MHS00011;Tidak;S1;SMA/SMK;Wiraswasta;Wiraswasta;1;4;Adaptasi;Tidak
MHS00012;Tidak;S2;D3;Wiraswasta;Tidak Bekerja;0;4;Akademik;Tidak
MHS00013;Ya;SMA/SMK;SMP;PNS/ASN;Tidak Bekerja;0;4;Finansial;Ya
MHS00014;Ya;SMA/SMK;SMA/SMK;Karyawan Swasta;PNS/ASN;1;2;Adaptasi;Ya
MHS00015;Tidak;D3;S1;Buruh/Pekerja Harian;Karyawan Swasta;1;4;Akademik;Tidak
MHS00016;Ya;Tidak Sekolah;SD;Buruh/Pekerja Harian;Tidak Bekerja;0;1;Finansial;Ya
MHS00017;Tidak;S1;SMA/SMK;PNS/ASN;Buruh/Pekerja Harian;1;3;Sosial;Tidak
MHS00018;Tidak;SMA/SMK;S1;Profesional (dokter/guru/dll);Wiraswasta;1;4;Akademik;Tidak
MHS00019;Tidak;S1;SMP;TNI/Polri;Karyawan Swasta;2;5;Sosial;Tidak
MHS00020;Tidak;S1;S1;Karyawan Swasta;Karyawan Swasta;0;4;Sosial;Ya
MHS00021;Tidak;S1;SMA/SMK;PNS/ASN;Tidak Bekerja;0;4;Finansial;Ya
MHS00022;Ya;SD;SMA/SMK;Buruh/Pekerja Harian;Wiraswasta;0;2;Finansial;Ya
MHS00023;Tidak;S1;S2;PNS/ASN;Karyawan Swasta;0;4;Akademik;Tidak
MHS00024;Tidak;D3;SMA/SMK;Profesional (dokter/guru/dll);Tidak Bekerja;1;5;Akademik;Tidak
MHS00025;Tidak;D3;S1;TNI/Polri;Karyawan Swasta;2;3;Sosial;Tidak
MHS00026;Ya;SMA/SMK;SMP;Karyawan Swasta;Tidak Bekerja;1;3;Akademik;Ya
MHS00027;Tidak;S1;SMA/SMK;Karyawan Swasta;PNS/ASN;0;2;Adaptasi;Ya
MHS00028;Ya;Tidak Sekolah;Tidak Sekolah;Buruh/Pekerja Harian;Tidak Bekerja;0;1;Finansial;Ya
MHS00029;Ya;SD;SMA/SMK;Karyawan Swasta;Wiraswasta;0;4;Akademik;Ya
MHS00030;Tidak;D3;D3;PNS/ASN;Profesional (dokter/guru/dll);1;5;Adaptasi;Tidak
MHS00031;Tidak;SMA/SMK;S1;Petani/Nelayan;Karyawan Swasta;0;3;Finansial;Tidak
MHS00032;Tidak;D3;Tidak Sekolah;TNI/Polri;Tidak Bekerja;0;4;Akademik;Tidak
MHS00033;Tidak;S2;SMA/SMK;Karyawan Swasta;Karyawan Swasta;1;3;Sosial;Tidak
MHS00034;Ya;SMA/SMK;Tidak Sekolah;Tidak Bekerja;Tidak Bekerja;0;1;Finansial;Ya
MHS00035;Tidak;S1;SMP;Profesional (dokter/guru/dll);Buruh/Pekerja Harian;1;1;Adaptasi;Ya
MHS00036;Tidak;SMA/SMK;D3;Buruh/Pekerja Harian;Profesional (dokter/guru/dll);0;5;Akademik;Tidak
MHS00037;Ya;SMA/SMK;SMP;Tidak Bekerja;Karyawan Swasta;0;1;Akademik;Tidak
MHS00038;Ya;SMA/SMK;SMA/SMK;Karyawan Swasta;Tidak Bekerja;0;4;Sosial;Tidak
MHS00039;Ya;SMP;SMP;Petani/Nelayan;Wiraswasta;0;2;Finansial;Tidak
MHS00040;Ya;SMP;SMA/SMK;Petani/Nelayan;Tidak Bekerja;0;2;Sosial;Ya
MHS00041;Tidak;S2;SMA/SMK;Profesional (dokter/guru/dll);Buruh/Pekerja Harian;0;4;Adaptasi;Tidak
MHS00042;Tidak;S1;SMP;Profesional (dokter/guru/dll);Tidak Bekerja;1;4;Adaptasi;Tidak
MHS00043;Ya;SMP;SMA/SMK;Petani/Nelayan;Tidak Bekerja;0;3;Akademik;Ya
MHS00044;Ya;SMP;SMA/SMK;Petani/Nelayan;Wiraswasta;0;2;Finansial;Ya
MHS00045;Tidak;SMA/SMK;D3;PNS/ASN;Profesional (dokter/guru/dll);2;3;Finansial;Tidak
MHS00046;Ya;SMP;SMA/SMK;Wiraswasta;Wiraswasta;0;5;Finansial;Tidak
MHS00047;Tidak;S1;SMA/SMK;Karyawan Swasta;Tidak Bekerja;0;3;Sosial;Tidak
MHS00048;Ya;SMA/SMK;SMP;Buruh/Pekerja Harian;Buruh/Pekerja Harian;1;3;Akademik;Ya
MHS00049;Ya;SMP;SMP;Petani/Nelayan;Tidak Bekerja;0;4;Finansial;Ya
MHS00050;Tidak;SMA/SMK;D3;Buruh/Pekerja Harian;Wiraswasta;0;4;Adaptasi;Tidak
MHS00051;Tidak;D3;SMA/SMK;Wiraswasta;Buruh/Pekerja Harian;0;2;Akademik;Tidak
MHS00052;Tidak;D3;SMP;Wiraswasta;Wiraswasta;0;1;Finansial;Ya
MHS00053;Tidak;SMA/SMK;S1;TNI/Polri;Karyawan Swasta;0;4;Finansial;Ya
MHS00054;Ya;SMA/SMK;SMA/SMK;PNS/ASN;PNS/ASN;0;2;Akademik;Tidak
MHS00055;Tidak;S2;SMA/SMK;Wiraswasta;Wiraswasta;0;3;Sosial;Tidak
MHS00056;Tidak;SMA/SMK;S1;Karyawan Swasta;Profesional (dokter/guru/dll);0;3;Akademik;Tidak
MHS00057;Ya;SMP;SMA/SMK;Petani/Nelayan;Tidak Bekerja;0;3;Akademik;Tidak
MHS00058;Tidak;SMA/SMK;S1;Wiraswasta;PNS/ASN;1;4;Finansial;Tidak
MHS00059;Tidak;D3;D3;Wiraswasta;Wiraswasta;0;5;Sosial;Tidak
MHS00060;Ya;SMA/SMK;SD;PNS/ASN;Tidak Bekerja;0;1;Adaptasi;Ya
MHS00061;Tidak;SMA/SMK;D3;Karyawan Swasta;Buruh/Pekerja Harian;2;3;Sosial;Tidak
MHS00062;Tidak;S2;S1;Karyawan Swasta;Tidak Bekerja;2;5;Akademik;Tidak
MHS00063;Tidak;D3;S1;TNI/Polri;Wiraswasta;0;2;Sosial;Tidak
MHS00064;Ya;SMA/SMK;SMP;Wiraswasta;Tidak Bekerja;0;4;Sosial;Tidak
MHS00065;Ya;SD;SMP;Petani/Nelayan;Tidak Bekerja;0;4;Akademik;Ya
MHS00066;Tidak;S1;D3;Petani/Nelayan;Karyawan Swasta;1;2;Finansial;Ya
MHS00067;Ya;Tidak Sekolah;Tidak Sekolah;Petani/Nelayan;Tidak Bekerja;0;1;Finansial;Ya
MHS00068;Ya;SMA/SMK;Tidak Sekolah;Buruh/Pekerja Harian;Karyawan Swasta;0;3;Finansial;Ya
MHS00069;Ya;SMA/SMK;SMA/SMK;Karyawan Swasta;Karyawan Swasta;2;1;Akademik;Tidak
MHS00070;Ya;SMA/SMK;SMA/SMK;Profesional (dokter/guru/dll);Tidak Bekerja;0;3;Sosial;Tidak
MHS00071;Ya;SMP;SMP;Wiraswasta;Tidak Bekerja;0;1;Akademik;Tidak
MHS00072;Ya;SMP;SMP;Karyawan Swasta;Tidak Bekerja;0;3;Finansial;Ya
MHS00073;Tidak;D3;SMP;Karyawan Swasta;Tidak Bekerja;0;3;Finansial;Tidak
MHS00074;Tidak;SMA/SMK;S1;Petani/Nelayan;Profesional (dokter/guru/dll);1;4;Finansial;Tidak
MHS00075;Tidak;S2;SMA/SMK;Profesional (dokter/guru/dll);Buruh/Pekerja Harian;1;3;Adaptasi;Ya
MHS00076;Tidak;SMP;D3;Buruh/Pekerja Harian;Buruh/Pekerja Harian;0;3;Akademik;Tidak
MHS00077;Tidak;S2;S1;Wiraswasta;Karyawan Swasta;0;5;Adaptasi;Tidak
MHS00078;Tidak;S1;SMA/SMK;Karyawan Swasta;Karyawan Swasta;3;5;Finansial;Tidak
MHS00079;Tidak;S1;S2;Wiraswasta;Profesional (dokter/guru/dll);0;4;Akademik;Tidak
MHS00080;Tidak;D3;S1;Karyawan Swasta;Profesional (dokter/guru/dll);1;5;Akademik;Ya
MHS00081;Tidak;S1;S3;TNI/Polri;Wiraswasta;1;4;Akademik;Tidak
MHS00082;Ya;SMA/SMK;SMA/SMK;Karyawan Swasta;Buruh/Pekerja Harian;0;4;Akademik;Tidak
MHS00083;Ya;SD;SMA/SMK;Petani/Nelayan;Karyawan Swasta;0;3;Finansial;Ya
MHS00084;Tidak;D3;S1;Karyawan Swasta;Wiraswasta;0;2;Finansial;Tidak
MHS00085;Ya;SMP;SMA/SMK;Tidak Bekerja;Karyawan Swasta;1;3;Finansial;Tidak
MHS00086;Tidak;S1;SMA/SMK;PNS/ASN;Tidak Bekerja;1;4;Akademik;Tidak
MHS00087;Ya;SMA/SMK;SD;TNI/Polri;Tidak Bekerja;0;2;Akademik;Ya
MHS00088;Tidak;S1;SMP;Profesional (dokter/guru/dll);Tidak Bekerja;0;4;Akademik;Tidak
MHS00089;Tidak;S1;Tidak Sekolah;Wiraswasta;Tidak Bekerja;0;5;Akademik;Tidak
MHS00090;Tidak;SMA/SMK;S1;TNI/Polri;Buruh/Pekerja Harian;2;5;Akademik;Tidak
MHS00091;Tidak;SMA/SMK;S1;PNS/ASN;Profesional (dokter/guru/dll);0;1;Adaptasi;Ya
MHS00092;Ya;SD;SMP;Tidak Bekerja;Tidak Bekerja;0;2;Finansial;Ya
MHS00093;Tidak;D3;SMA/SMK;PNS/ASN;Tidak Bekerja;0;4;Adaptasi;Tidak
MHS00094;Ya;SMA/SMK;SMP;Wiraswasta;PNS/ASN;1;2;Akademik;Tidak
MHS00095;Tidak;D3;SMA/SMK;Wiraswasta;Buruh/Pekerja Harian;0;4;Finansial;Tidak
MHS00096;Tidak;SMP;S2;Buruh/Pekerja Harian;Karyawan Swasta;0;4;Akademik;Tidak
MHS00097;Ya;SMA/SMK;SMA/SMK;Karyawan Swasta;Tidak Bekerja;0;3;Finansial;Ya
MHS00098;Tidak;SMA/SMK;S1;Wiraswasta;Tidak Bekerja;0;4;Sosial;Tidak
MHS00099;Ya;SMP;SMA/SMK;Karyawan Swasta;Wiraswasta;1;2;Akademik;Tidak
MHS00100;Tidak;S3;S1;Wiraswasta;Wiraswasta;1;5;Akademik;Tidak
MHS00101;Tidak;S2;S1;PNS/ASN;Karyawan Swasta;2;5;Sosial;Tidak
MHS00102;Tidak;D3;S2;Buruh/Pekerja Harian;Wiraswasta;1;5;Sosial;Tidak
MHS00103;Tidak;S2;D3;Profesional (dokter/guru/dll);Profesional (dokter/guru/dll);0;5;Akademik;Tidak
MHS00104;Ya;SMP;SMA/SMK;Petani/Nelayan;Tidak Bekerja;0;3;Akademik;Tidak
MHS00105;Tidak;SMA/SMK;D3;Wiraswasta;Tidak Bekerja;1;4;Akademik;Tidak
MHS00106;Tidak;S1;SMP;Wiraswasta;Tidak Bekerja;0;2;Akademik;Tidak
MHS00107;Tidak;S1;S2;Profesional (dokter/guru/dll);PNS/ASN;2;5;Adaptasi;Tidak
MHS00108;Tidak;D3;D3;Karyawan Swasta;Karyawan Swasta;1;3;Akademik;Tidak
MHS00109;Ya;SD;SMP;Tidak Bekerja;Buruh/Pekerja Harian;1;3;Finansial;Ya
MHS00110;Tidak;SMA/SMK;S1;Wiraswasta;PNS/ASN;0;4;Sosial;Tidak
MHS00111;Tidak;S1;SD;Karyawan Swasta;Tidak Bekerja;0;3;Finansial;Tidak
MHS00112;Tidak;S1;SMA/SMK;Karyawan Swasta;PNS/ASN;0;3;Adaptasi;Tidak
MHS00113;Tidak;S1;D3;PNS/ASN;Tidak Bekerja;0;3;Finansial;Tidak
MHS00114;Ya;SMA/SMK;Tidak Sekolah;Buruh/Pekerja Harian;Tidak Bekerja;1;2;Finansial;Ya
MHS00115;Tidak;S1;D3;Petani/Nelayan;Karyawan Swasta;1;3;Akademik;Tidak
MHS00116;Tidak;S1;SMA/SMK;Karyawan Swasta;Wiraswasta;2;4;Akademik;Tidak
MHS00117;Tidak;S1;S1;Petani/Nelayan;PNS/ASN;0;4;Adaptasi;Tidak
MHS00118;Tidak;S3;S2;PNS/ASN;Tidak Bekerja;0;4;Akademik;Ya
MHS00119;Ya;SMA/SMK;SMA/SMK;Profesional (dokter/guru/dll);Profesional (dokter/guru/dll);1;3;Adaptasi;Tidak
MHS00120;Tidak;S1;SMA/SMK;Petani/Nelayan;Tidak Bekerja;1;2;Finansial;Ya
MHS00121;Tidak;S2;S1;Karyawan Swasta;Tidak Bekerja;1;3;Akademik;Tidak
MHS00122;Ya;SD;Tidak Sekolah;Tidak Bekerja;Tidak Bekerja;1;3;Adaptasi;Tidak
MHS00123;Tidak;S2;S1;Buruh/Pekerja Harian;Tidak Bekerja;1;3;Adaptasi;Ya
MHS00124;Tidak;SMA/SMK;S1;Buruh/Pekerja Harian;Karyawan Swasta;3;3;Akademik;Tidak
MHS00125;Ya;SD;SMP;Petani/Nelayan;PNS/ASN;0;1;Adaptasi;Ya
MHS00126;Tidak;S1;SMA/SMK;Karyawan Swasta;Tidak Bekerja;1;5;Akademik;Tidak
MHS00127;Tidak;S2;SMA/SMK;TNI/Polri;PNS/ASN;0;4;Sosial;Tidak
MHS00128;Tidak;D3;SMA/SMK;PNS/ASN;PNS/ASN;0;3;Adaptasi;Tidak
MHS00129;Tidak;SMA/SMK;S2;Buruh/Pekerja Harian;Profesional (dokter/guru/dll);0;4;Akademik;Tidak
MHS00130;Ya;SD;SMA/SMK;Buruh/Pekerja Harian;Tidak Bekerja;0;4;Adaptasi;Ya
MHS00131;Tidak;S1;D3;Karyawan Swasta;Tidak Bekerja;0;5;Akademik;Tidak
MHS00132;Tidak;D3;D3;Wiraswasta;Karyawan Swasta;0;4;Sosial;Tidak
MHS00133;Tidak;D3;S2;Petani/Nelayan;PNS/ASN;2;4;Akademik;Tidak
MHS00134;Tidak;D3;S2;Karyawan Swasta;Tidak Bekerja;2;4;Akademik;Tidak
MHS00135;Tidak;S1;S1;PNS/ASN;PNS/ASN;2;4;Akademik;Ya
MHS00136;Ya;Tidak Sekolah;SMA/SMK;TNI/Polri;PNS/ASN;0;2;Finansial;Ya
MHS00137;Ya;SMA/SMK;SMP;PNS/ASN;Karyawan Swasta;1;2;Finansial;Ya
MHS00138;Ya;Tidak Sekolah;SD;Petani/Nelayan;Buruh/Pekerja Harian;0;2;Finansial;Ya
MHS00139;Tidak;S1;S1;Wiraswasta;Karyawan Swasta;0;4;Sosial;Tidak
MHS00140;Tidak;S1;S2;Buruh/Pekerja Harian;Karyawan Swasta;1;5;Akademik;Tidak
MHS00141;Ya;Tidak Sekolah;Tidak Sekolah;Buruh/Pekerja Harian;Tidak Bekerja;0;1;Finansial;Ya
MHS00142;Tidak;S1;S3;TNI/Polri;PNS/ASN;0;4;Sosial;Ya
MHS00143;Tidak;SMP;S1;Karyawan Swasta;PNS/ASN;1;4;Akademik;Tidak
MHS00144;Ya;SMA/SMK;SD;Wiraswasta;Tidak Bekerja;0;2;Akademik;Ya
MHS00145;Tidak;S1;D3;Profesional (dokter/guru/dll);Buruh/Pekerja Harian;1;5;Akademik;Tidak
MHS00146;Tidak;S1;S1;Wiraswasta;Karyawan Swasta;1;5;Adaptasi;Ya
MHS00147;Ya;SD;Tidak Sekolah;Petani/Nelayan;Tidak Bekerja;0;2;Finansial;Ya
MHS00148;Ya;SMP;SD;TNI/Polri;Tidak Bekerja;1;3;Finansial;Tidak
MHS00149;Tidak;S1;SD;Wiraswasta;Buruh/Pekerja Harian;0;5;Akademik;Tidak
MHS00150;Tidak;SMA/SMK;D3;Petani/Nelayan;Karyawan Swasta;2;3;Akademik;Ya
MHS00151;Tidak;S1;SMA/SMK;Karyawan Swasta;PNS/ASN;2;3;Akademik;Ya
MHS00152;Tidak;S2;S2;PNS/ASN;Karyawan Swasta;0;4;Akademik;Tidak
MHS00153;Ya;SMP;SMP;Wiraswasta;Tidak Bekerja;0;1;Akademik;Ya
MHS00154;Ya;SMP;SMA/SMK;Buruh/Pekerja Harian;Tidak Bekerja;1;1;Sosial;Tidak
MHS00155;Tidak;D3;S3;Wiraswasta;Wiraswasta;0;3;Sosial;Tidak
MHS00156;Ya;SMP;SMA/SMK;TNI/Polri;Wiraswasta;0;4;Adaptasi;Ya
MHS00157;Tidak;SMA/SMK;S2;Profesional (dokter/guru/dll);Karyawan Swasta;0;5;Adaptasi;Tidak
MHS00158;Ya;SMA/SMK;SMA/SMK;PNS/ASN;Wiraswasta;1;3;Sosial;Ya
MHS00159;Tidak;D3;SMP;Wiraswasta;Wiraswasta;0;3;Akademik;Ya
MHS00160;Tidak;S1;S2;PNS/ASN;Profesional (dokter/guru/dll);0;4;Akademik;Tidak
MHS00161;Tidak;S1;SMA/SMK;Karyawan Swasta;Wiraswasta;2;3;Adaptasi;Ya
MHS00162;Tidak;S1;SMA/SMK;Karyawan Swasta;Karyawan Swasta;1;4;Akademik;Ya
MHS00163;Tidak;D3;SMA/SMK;Wiraswasta;PNS/ASN;1;4;Adaptasi;Tidak
MHS00164;Tidak;S2;SD;PNS/ASN;Tidak Bekerja;0;3;Finansial;Ya
MHS00165;Tidak;S1;S1;Karyawan Swasta;Profesional (dokter/guru/dll);0;3;Adaptasi;Tidak
MHS00166;Tidak;S1;D3;Karyawan Swasta;Profesional (dokter/guru/dll);1;4;Akademik;Ya
MHS00167;Ya;SMA/SMK;SMP;Buruh/Pekerja Harian;Tidak Bekerja;0;2;Finansial;Ya
MHS00168;Tidak;Tidak Sekolah;S1;Petani/Nelayan;PNS/ASN;0;4;Finansial;Tidak
MHS00169;Tidak;S1;SMP;Wiraswasta;Tidak Bekerja;0;4;Sosial;Tidak
MHS00170;Tidak;SMA/SMK;S2;PNS/ASN;Profesional (dokter/guru/dll);1;4;Adaptasi;Tidak
MHS00171;Tidak;S1;S2;Wiraswasta;Profesional (dokter/guru/dll);2;5;Akademik;Tidak
MHS00172;Tidak;SMA/SMK;S1;Wiraswasta;Karyawan Swasta;0;4;Finansial;Tidak
MHS00173;Ya;SMA/SMK;SMA/SMK;Karyawan Swasta;Tidak Bekerja;1;3;Sosial;Tidak
MHS00174;Tidak;S1;SMA/SMK;Profesional (dokter/guru/dll);Buruh/Pekerja Harian;0;4;Finansial;Tidak
MHS00175;Ya;SMP;SD;Petani/Nelayan;Buruh/Pekerja Harian;1;4;Akademik;Tidak
MHS00176;Tidak;SMA/SMK;S1;PNS/ASN;Wiraswasta;1;5;Adaptasi;Tidak
MHS00177;Ya;SMP;SMA/SMK;Buruh/Pekerja Harian;PNS/ASN;1;3;Adaptasi;Ya
MHS00178;Tidak;S1;D3;PNS/ASN;Karyawan Swasta;1;4;Adaptasi;Tidak
MHS00179;Tidak;S1;S3;TNI/Polri;Profesional (dokter/guru/dll);2;4;Akademik;Ya
MHS00180;Tidak;S1;S1;PNS/ASN;PNS/ASN;2;4;Adaptasi;Ya
MHS00181;Tidak;S1;S1;Profesional (dokter/guru/dll);Wiraswasta;1;5;Akademik;Tidak
MHS00182;Tidak;D3;SMA/SMK;Karyawan Swasta;Karyawan Swasta;0;5;Sosial;Tidak
MHS00183;Ya;SMA/SMK;SMP;Petani/Nelayan;PNS/ASN;1;5;Finansial;Tidak
MHS00184;Ya;Tidak Sekolah;SD;Tidak Bekerja;Tidak Bekerja;1;1;Finansial;Ya
MHS00185;Tidak;S1;SMA/SMK;Karyawan Swasta;Tidak Bekerja;0;3;Adaptasi;Tidak
MHS00186;Tidak;SD;S2;Wiraswasta;Karyawan Swasta;1;3;Adaptasi;Tidak
MHS00187;Ya;SMA/SMK;SMA/SMK;Petani/Nelayan;Tidak Bekerja;0;3;Adaptasi;Tidak
MHS00188;Tidak;SMA/SMK;S2;Petani/Nelayan;PNS/ASN;0;5;Adaptasi;Tidak
MHS00189;Ya;SMA/SMK;SMA/SMK;Buruh/Pekerja Harian;PNS/ASN;0;2;Finansial;Ya
MHS00190;Tidak;SMP;D3;Tidak Bekerja;Karyawan Swasta;1;1;Adaptasi;Tidak
MHS00191;Tidak;S2;SMP;TNI/Polri;Tidak Bekerja;0;5;Akademik;Tidak
MHS00192;Tidak;S2;SMP;Profesional (dokter/guru/dll);Buruh/Pekerja Harian;0;3;Akademik;Tidak
MHS00193;Tidak;S1;S2;PNS/ASN;Karyawan Swasta;2;4;Sosial;Tidak
MHS00194;Ya;SMA/SMK;SMP;Buruh/Pekerja Harian;Buruh/Pekerja Harian;0;3;Finansial;Tidak
MHS00195;Ya;SMA/SMK;SMA/SMK;Petani/Nelayan;Tidak Bekerja;2;4;Finansial;Tidak
MHS00196;Ya;SMP;SMA/SMK;Petani/Nelayan;Tidak Bekerja;1;2;Finansial;Ya
MHS00197;Tidak;SMP;D3;Karyawan Swasta;Wiraswasta;0;3;Finansial;Ya
MHS00198;Tidak;SMP;D3;TNI/Polri;Wiraswasta;2;4;Sosial;Tidak
MHS00199;Ya;SMA/SMK;SMP;Wiraswasta;Tidak Bekerja;0;4;Adaptasi;Tidak
MHS00200;Tidak;SMA/SMK;S1;Profesional (dokter/guru/dll);Wiraswasta;1;4;Akademik;Tidak
MHS00201;Tidak;S1;SMA/SMK;Petani/Nelayan;Karyawan Swasta;2;5;Adaptasi;Tidak
MHS00202;Ya;SMA/SMK;SMA/SMK;Wiraswasta;Wiraswasta;1;5;Finansial;Tidak
MHS00203;Ya;SMA/SMK;SMA/SMK;Profesional (dokter/guru/dll);Tidak Bekerja;1;3;Adaptasi;Tidak
MHS00204;Ya;SMA/SMK;SMA/SMK;Karyawan Swasta;Karyawan Swasta;0;2;Finansial;Tidak
MHS00205;Tidak;S1;SMA/SMK;Profesional (dokter/guru/dll);Tidak Bekerja;0;4;Finansial;Tidak
MHS00206;Tidak;S2;S1;Profesional (dokter/guru/dll);Karyawan Swasta;0;5;Adaptasi;Tidak
MHS00207;Tidak;S3;S1;Wiraswasta;Profesional (dokter/guru/dll);0;4;Akademik;Tidak
MHS00208;Tidak;D3;S1;TNI/Polri;Wiraswasta;0;4;Akademik;Tidak
MHS00209;Ya;SMA/SMK;SMA/SMK;Petani/Nelayan;Tidak Bekerja;1;3;Akademik;Tidak
MHS00210;Tidak;D3;S1;Wiraswasta;Karyawan Swasta;2;5;Adaptasi;Tidak
MHS00211;Ya;SMA/SMK;SMP;TNI/Polri;Tidak Bekerja;2;1;Finansial;Tidak
MHS00212;Tidak;SMA/SMK;S1;Karyawan Swasta;PNS/ASN;0;2;Finansial;Tidak
MHS00213;Tidak;S3;S2;PNS/ASN;Profesional (dokter/guru/dll);0;5;Sosial;Tidak
MHS00214;Tidak;S1;D3;Buruh/Pekerja Harian;Karyawan Swasta;1;4;Sosial;Tidak
MHS00215;Ya;SMA/SMK;SMA/SMK;Wiraswasta;Karyawan Swasta;0;5;Akademik;Tidak
MHS00216;Ya;Tidak Sekolah;SMP;Petani/Nelayan;PNS/ASN;0;3;Finansial;Tidak
MHS00217;Ya;SMP;SMA/SMK;Profesional (dokter/guru/dll);Wiraswasta;1;5;Adaptasi;Ya
MHS00218;Tidak;S1;SMA/SMK;Wiraswasta;Tidak Bekerja;0;1;Finansial;Tidak
MHS00219;Tidak;D3;S2;TNI/Polri;Tidak Bekerja;1;3;Akademik;Ya
MHS00220;Tidak;Tidak Sekolah;S1;Petani/Nelayan;Karyawan Swasta;0;4;Akademik;Ya
MHS00221;Tidak;S1;SMA/SMK;PNS/ASN;Tidak Bekerja;0;3;Akademik;Tidak
MHS00222;Ya;SMP;SMP;Petani/Nelayan;Buruh/Pekerja Harian;0;4;Akademik;Tidak
MHS00223;Ya;SMA/SMK;SMA/SMK;Tidak Bekerja;Karyawan Swasta;0;3;Finansial;Ya
MHS00224;Ya;SMA/SMK;SMP;Tidak Bekerja;Wiraswasta;3;3;Finansial;Ya
MHS00225;Tidak;D3;S1;Karyawan Swasta;Wiraswasta;2;3;Sosial;Ya
MHS00226;Tidak;S3;S2;Profesional (dokter/guru/dll);Tidak Bekerja;0;5;Adaptasi;Tidak
MHS00227;Tidak;SMA/SMK;S1;Petani/Nelayan;PNS/ASN;2;2;Akademik;Ya
MHS00228;Tidak;D3;Tidak Sekolah;Wiraswasta;Buruh/Pekerja Harian;0;4;Adaptasi;Tidak
MHS00229;Ya;SMA/SMK;SD;Karyawan Swasta;Buruh/Pekerja Harian;1;3;Finansial;Ya
MHS00230;Tidak;D3;SMA/SMK;TNI/Polri;Buruh/Pekerja Harian;0;4;Adaptasi;Tidak
MHS00231;Ya;SMA/SMK;SMP;TNI/Polri;Tidak Bekerja;0;4;Akademik;Tidak
MHS00232;Tidak;S2;S1;Wiraswasta;Karyawan Swasta;3;3;Sosial;Tidak
MHS00233;Tidak;SMP;S1;Buruh/Pekerja Harian;Karyawan Swasta;0;5;Akademik;Tidak
MHS00234;Ya;SMA/SMK;SD;Wiraswasta;Tidak Bekerja;1;3;Akademik;Tidak
MHS00235;Tidak;S1;S1;TNI/Polri;PNS/ASN;0;5;Akademik;Ya
MHS00236;Tidak;D3;SMA/SMK;Wiraswasta;PNS/ASN;1;3;Akademik;Tidak
MHS00237;Tidak;D3;SMA/SMK;Wiraswasta;Karyawan Swasta;3;2;Adaptasi;Ya
MHS00238;Ya;SMA/SMK;SMP;Wiraswasta;Tidak Bekerja;1;2;Adaptasi;Ya
MHS00239;Tidak;S2;SMA/SMK;Profesional (dokter/guru/dll);Tidak Bekerja;1;4;Adaptasi;Tidak
MHS00240;Tidak;D3;S1;Wiraswasta;Karyawan Swasta;0;3;Adaptasi;Tidak
MHS00241;Ya;SMA/SMK;SMA/SMK;TNI/Polri;Tidak Bekerja;0;4;Akademik;Tidak
MHS00242;Ya;SD;SMA/SMK;Petani/Nelayan;Tidak Bekerja;0;3;Finansial;Ya
MHS00243;Tidak;S1;S1;Profesional (dokter/guru/dll);Profesional (dokter/guru/dll);0;4;Adaptasi;Tidak
MHS00244;Tidak;SMA/SMK;S1;Wiraswasta;Wiraswasta;1;3;Finansial;Tidak
MHS00245;Ya;SMA/SMK;SMA/SMK;Wiraswasta;Tidak Bekerja;0;4;Finansial;Tidak
MHS00246;Tidak;S2;S1;Karyawan Swasta;Karyawan Swasta;0;5;Akademik;Tidak
MHS00247;Tidak;S1;S2;Petani/Nelayan;PNS/ASN;0;3;Akademik;Ya
MHS00248;Ya;SD;SMP;Buruh/Pekerja Harian;Buruh/Pekerja Harian;0;3;Finansial;Tidak
MHS00249;Ya;Tidak Sekolah;SMA/SMK;Buruh/Pekerja Harian;Buruh/Pekerja Harian;1;3;Finansial;Ya
MHS00250;Ya;SMA/SMK;SMA/SMK;Wiraswasta;Tidak Bekerja;0;2;Akademik;Ya
MHS00251;Tidak;SMA/SMK;S1;Profesional (dokter/guru/dll);Wiraswasta;1;4;Akademik;Tidak
MHS00252;Tidak;S1;D3;Wiraswasta;Tidak Bekerja;0;3;Adaptasi;Tidak
MHS00253;Tidak;S2;D3;PNS/ASN;Tidak Bekerja;0;2;Akademik;Ya
MHS00254;Tidak;S1;SMP;TNI/Polri;Buruh/Pekerja Harian;0;2;Finansial;Tidak
MHS00255;Tidak;D3;S2;Karyawan Swasta;Karyawan Swasta;0;5;Sosial;Ya
MHS00256;Tidak;S1;SMA/SMK;TNI/Polri;Karyawan Swasta;0;5;Sosial;Ya
MHS00257;Tidak;S1;S1;Tidak Bekerja;Wiraswasta;1;5;Finansial;Tidak
MHS00258;Ya;SMA/SMK;SMA/SMK;Tidak Bekerja;Karyawan Swasta;0;4;Finansial;Ya
MHS00259;Tidak;S1;S1;TNI/Polri;Karyawan Swasta;1;2;Sosial;Tidak
MHS00260;Tidak;D3;D3;Wiraswasta;Profesional (dokter/guru/dll);2;3;Akademik;Tidak
MHS00261;Tidak;S1;SMP;Petani/Nelayan;PNS/ASN;1;5;Finansial;Tidak
MHS00262;Tidak;D3;SMA/SMK;Karyawan Swasta;Tidak Bekerja;1;3;Finansial;Tidak
MHS00263;Tidak;D3;SMA/SMK;Karyawan Swasta;Wiraswasta;0;5;Akademik;Tidak
MHS00264;Tidak;SMP;S1;Karyawan Swasta;Wiraswasta;1;2;Finansial;Tidak
MHS00265;Tidak;S1;D3;Karyawan Swasta;PNS/ASN;1;5;Sosial;Tidak
MHS00266;Tidak;S1;D3;Karyawan Swasta;Wiraswasta;1;3;Finansial;Tidak
MHS00267;Tidak;S3;SMA/SMK;Karyawan Swasta;Karyawan Swasta;1;4;Akademik;Tidak
MHS00268;Tidak;SMA/SMK;S1;Karyawan Swasta;Karyawan Swasta;0;2;Akademik;Tidak
MHS00269;Tidak;SMP;D3;PNS/ASN;Wiraswasta;1;3;Akademik;Ya
MHS00270;Ya;SD;SMP;Petani/Nelayan;Karyawan Swasta;0;1;Akademik;Ya
MHS00271;Tidak;SMA/SMK;S1;Karyawan Swasta;Profesional (dokter/guru/dll);0;5;Adaptasi;Ya
MHS00272;Ya;SMA/SMK;SMA/SMK;PNS/ASN;Tidak Bekerja;2;5;Akademik;Ya
MHS00273;Ya;SMP;Tidak Sekolah;Tidak Bekerja;Tidak Bekerja;0;1;Akademik;Ya
MHS00274;Tidak;D3;SMA/SMK;Karyawan Swasta;Wiraswasta;0;5;Adaptasi;Tidak
MHS00275;Tidak;D3;SMA/SMK;Karyawan Swasta;Karyawan Swasta;2;2;Finansial;Ya
MHS00276;Tidak;SMA/SMK;S1;Wiraswasta;Tidak Bekerja;0;5;Akademik;Tidak
MHS00277;Tidak;SMA/SMK;S1;PNS/ASN;Wiraswasta;3;2;Akademik;Ya
MHS00278;Ya;SMP;SD;Buruh/Pekerja Harian;Tidak Bekerja;0;2;Finansial;Ya
MHS00279;Tidak;D3;SMA/SMK;Karyawan Swasta;Wiraswasta;0;3;Akademik;Ya
MHS00280;Ya;SD;SMA/SMK;Tidak Bekerja;Wiraswasta;0;2;Akademik;Tidak
MHS00281;Tidak;D3;D3;Petani/Nelayan;Wiraswasta;0;3;Adaptasi;Tidak
MHS00282;Tidak;S2;D3;Wiraswasta;Tidak Bekerja;0;4;Akademik;Ya
MHS00283;Ya;Tidak Sekolah;SMP;Petani/Nelayan;Tidak Bekerja;0;2;Akademik;Ya
MHS00284;Ya;SMA/SMK;SMP;Karyawan Swasta;Tidak Bekerja;0;3;Finansial;Ya
MHS00285;Tidak;SMP;D3;Petani/Nelayan;Tidak Bekerja;0;3;Akademik;Tidak
MHS00286;Tidak;S2;D3;Profesional (dokter/guru/dll);Wiraswasta;1;4;Akademik;Ya
MHS00287;Ya;SMP;SMA/SMK;Buruh/Pekerja Harian;Buruh/Pekerja Harian;1;4;Akademik;Tidak
MHS00288;Tidak;D3;SMA/SMK;Wiraswasta;Tidak Bekerja;0;3;Finansial;Tidak
MHS00289;Ya;SMP;SMA/SMK;Buruh/Pekerja Harian;Karyawan Swasta;0;2;Finansial;Ya
MHS00290;Ya;SMP;SMA/SMK;Petani/Nelayan;Wiraswasta;0;4;Finansial;Ya
MHS00291;Ya;SMP;SMA/SMK;Buruh/Pekerja Harian;Buruh/Pekerja Harian;1;2;Akademik;Tidak
MHS00292;Ya;Tidak Sekolah;SMA/SMK;Buruh/Pekerja Harian;Tidak Bekerja;0;3;Finansial;Ya
MHS00293;Ya;SMA/SMK;SMP;Profesional (dokter/guru/dll);Tidak Bekerja;0;2;Finansial;Ya
MHS00294;Tidak;SMA/SMK;D3;Petani/Nelayan;Tidak Bekerja;0;3;Finansial;Tidak
MHS00295;Tidak;D3;D3;Karyawan Swasta;PNS/ASN;2;3;Adaptasi;Tidak
MHS00296;Ya;SMA/SMK;SMA/SMK;Petani/Nelayan;Wiraswasta;1;4;Finansial;Ya
MHS00297;Tidak;D3;S1;PNS/ASN;Buruh/Pekerja Harian;1;5;Sosial;Tidak
MHS00298;Ya;SMA/SMK;SMA/SMK;Buruh/Pekerja Harian;Wiraswasta;1;4;Sosial;Tidak
MHS00299;Ya;SMP;SMP;Buruh/Pekerja Harian;Karyawan Swasta;0;4;Finansial;Ya
MHS00300;Tidak;D3;SMA/SMK;Wiraswasta;Buruh/Pekerja Harian;0;1;Finansial;Ya
MHS00301;Tidak;SMA/SMK;S1;Petani/Nelayan;Karyawan Swasta;0;4;Adaptasi;Tidak
MHS00302;Tidak;D3;S1;Karyawan Swasta;Tidak Bekerja;0;3;Sosial;Tidak
MHS00303;Ya;SMA/SMK;SMA/SMK;Karyawan Swasta;Karyawan Swasta;0;2;Akademik;Tidak
MHS00304;Tidak;SMA/SMK;D3;Wiraswasta;Tidak Bekerja;1;3;Sosial;Ya
MHS00305;Ya;SMA/SMK;SMA/SMK;Karyawan Swasta;Karyawan Swasta;0;3;Finansial;Tidak
MHS00306;Tidak;D3;SMA/SMK;Petani/Nelayan;PNS/ASN;0;3;Sosial;Tidak
MHS00307;Ya;SMA/SMK;SD;Karyawan Swasta;Tidak Bekerja;0;4;Sosial;Ya
MHS00308;Tidak;S2;S1;TNI/Polri;Buruh/Pekerja Harian;0;4;Adaptasi;Ya
MHS00309;Tidak;D3;SMA/SMK;Wiraswasta;Buruh/Pekerja Harian;2;4;Adaptasi;Tidak
MHS00310;Tidak;S1;SMA/SMK;PNS/ASN;Karyawan Swasta;1;4;Adaptasi;Tidak
MHS00311;Ya;Tidak Sekolah;SMA/SMK;Tidak Bekerja;Wiraswasta;0;3;Akademik;Ya
MHS00312;Ya;SMP;SMA/SMK;Petani/Nelayan;Tidak Bekerja;1;3;Finansial;Tidak
MHS00313;Tidak;S2;SMA/SMK;Profesional (dokter/guru/dll);Tidak Bekerja;3;3;Finansial;Ya
MHS00314;Tidak;SMA/SMK;S1;TNI/Polri;Wiraswasta;0;3;Sosial;Ya
MHS00315;Tidak;SMA/SMK;S1;TNI/Polri;Profesional (dokter/guru/dll);0;5;Adaptasi;Tidak
MHS00316;Ya;SMA/SMK;SMP;Karyawan Swasta;PNS/ASN;1;4;Finansial;Ya
MHS00317;Ya;SMA/SMK;Tidak Sekolah;Tidak Bekerja;Tidak Bekerja;0;2;Finansial;Tidak
MHS00318;Ya;SMA/SMK;SMA/SMK;Karyawan Swasta;Wiraswasta;0;4;Akademik;Ya
MHS00319;Ya;SMA/SMK;SMP;Buruh/Pekerja Harian;Tidak Bekerja;1;3;Finansial;Ya
MHS00320;Ya;SMP;Tidak Sekolah;TNI/Polri;Tidak Bekerja;0;2;Akademik;Ya
MHS00321;Ya;SMA/SMK;SMA/SMK;Buruh/Pekerja Harian;Buruh/Pekerja Harian;0;2;Adaptasi;Ya
MHS00322;Tidak;D3;SMA/SMK;Wiraswasta;Tidak Bekerja;1;3;Finansial;Ya
MHS00323;Ya;SMA/SMK;SMP;Wiraswasta;Tidak Bekerja;2;3;Finansial;Tidak
MHS00324;Tidak;D3;D3;Profesional (dokter/guru/dll);Karyawan Swasta;0;3;Sosial;Tidak
MHS00325;Ya;SMA/SMK;SMP;PNS/ASN;Tidak Bekerja;0;1;Akademik;Ya
MHS00326;Ya;SMA/SMK;SMA/SMK;TNI/Polri;Wiraswasta;2;4;Akademik;Tidak
MHS00327;Ya;SD;SMA/SMK;TNI/Polri;Wiraswasta;0;3;Adaptasi;Tidak
MHS00328;Tidak;SD;D3;Buruh/Pekerja Harian;Karyawan Swasta;1;4;Akademik;Tidak
MHS00329;Tidak;SMA/SMK;D3;Wiraswasta;Tidak Bekerja;3;1;Akademik;Tidak
MHS00330;Tidak;D3;D3;Profesional (dokter/guru/dll);Karyawan Swasta;2;5;Adaptasi;Tidak
MHS00331;Tidak;S1;D3;Karyawan Swasta;PNS/ASN;0;5;Adaptasi;Tidak
MHS00332;Tidak;D3;S1;Tidak Bekerja;Tidak Bekerja;2;4;Sosial;Tidak
MHS00333;Tidak;S1;D3;Profesional (dokter/guru/dll);Tidak Bekerja;1;3;Akademik;Ya
MHS00334;Tidak;S1;SMA/SMK;PNS/ASN;Karyawan Swasta;0;3;Adaptasi;Tidak
MHS00335;Tidak;S1;S1;Profesional (dokter/guru/dll);Tidak Bekerja;0;3;Finansial;Ya
MHS00336;Tidak;S1;D3;PNS/ASN;PNS/ASN;0;4;Finansial;Tidak
MHS00337;Tidak;SMA/SMK;S1;Buruh/Pekerja Harian;Karyawan Swasta;0;4;Adaptasi;Tidak
MHS00338;Tidak;S1;S1;PNS/ASN;Tidak Bekerja;1;5;Finansial;Tidak
MHS00339;Ya;SMP;SMP;Karyawan Swasta;Buruh/Pekerja Harian;2;2;Finansial;Ya
MHS00340;Ya;SMA/SMK;SMA/SMK;PNS/ASN;Wiraswasta;0;5;Akademik;Tidak
MHS00341;Tidak;S1;Tidak Sekolah;TNI/Polri;Tidak Bekerja;0;3;Sosial;Tidak
MHS00342;Tidak;S2;S2;Profesional (dokter/guru/dll);Tidak Bekerja;0;4;Sosial;Tidak
MHS00343;Tidak;D3;D3;Wiraswasta;Karyawan Swasta;0;2;Finansial;Tidak
MHS00344;Tidak;S1;S1;TNI/Polri;Karyawan Swasta;3;4;Sosial;Tidak
MHS00345;Tidak;S3;S2;Profesional (dokter/guru/dll);Karyawan Swasta;0;5;Akademik;Tidak
MHS00346;Tidak;SMP;S1;Buruh/Pekerja Harian;Karyawan Swasta;1;5;Finansial;Tidak
MHS00347;Tidak;S1;SMA/SMK;PNS/ASN;Tidak Bekerja;1;4;Adaptasi;Tidak
MHS00348;Tidak;S1;S1;Profesional (dokter/guru/dll);PNS/ASN;0;4;Sosial;Tidak
MHS00349;Ya;SMP;SMA/SMK;Tidak Bekerja;Buruh/Pekerja Harian;1;2;Adaptasi;Tidak
MHS00350;Tidak;S1;S1;TNI/Polri;Profesional (dokter/guru/dll);0;3;Adaptasi;Ya
MHS00351;Tidak;S1;S2;Karyawan Swasta;PNS/ASN;0;3;Adaptasi;Tidak
MHS00352;Ya;SMA/SMK;SMA/SMK;Buruh/Pekerja Harian;Buruh/Pekerja Harian;0;4;Adaptasi;Tidak
MHS00353;Ya;SD;SMP;Petani/Nelayan;Tidak Bekerja;0;4;Finansial;Ya
MHS00354;Tidak;S2;S2;PNS/ASN;PNS/ASN;0;4;Sosial;Tidak
MHS00355;Tidak;D3;SMA/SMK;Petani/Nelayan;Wiraswasta;1;2;Finansial;Ya
MHS00356;Tidak;SMA/SMK;S1;Petani/Nelayan;PNS/ASN;2;3;Akademik;Tidak
MHS00357;Ya;SMP;SMP;Buruh/Pekerja Harian;Tidak Bekerja;0;3;Akademik;Tidak
MHS00358;Ya;SMP;SMA/SMK;Buruh/Pekerja Harian;Karyawan Swasta;1;2;Adaptasi;Ya
MHS00359;Ya;SMA/SMK;SMA/SMK;PNS/ASN;Buruh/Pekerja Harian;0;4;Finansial;Ya
MHS00360;Ya;SMA/SMK;SMA/SMK;Karyawan Swasta;Tidak Bekerja;0;3;Finansial;Tidak
MHS00361;Tidak;D3;SD;Profesional (dokter/guru/dll);Tidak Bekerja;0;3;Adaptasi;Tidak
MHS00362;Tidak;S1;SMA/SMK;Profesional (dokter/guru/dll);Karyawan Swasta;1;4;Finansial;Tidak
MHS00363;Ya;SMA/SMK;Tidak Sekolah;Buruh/Pekerja Harian;Tidak Bekerja;1;2;Finansial;Ya
MHS00364;Tidak;D3;S1;PNS/ASN;Tidak Bekerja;1;4;Finansial;Tidak
MHS00365;Tidak;D3;SMA/SMK;TNI/Polri;Wiraswasta;3;5;Akademik;Tidak
MHS00366;Tidak;S1;SMA/SMK;Karyawan Swasta;Tidak Bekerja;3;3;Adaptasi;Tidak
MHS00367;Tidak;S1;SMA/SMK;Karyawan Swasta;Wiraswasta;1;2;Adaptasi;Ya
MHS00368;Ya;SMP;SMA/SMK;Buruh/Pekerja Harian;Tidak Bekerja;0;3;Finansial;Ya
MHS00369;Ya;SMA/SMK;SMA/SMK;PNS/ASN;PNS/ASN;0;3;Adaptasi;Tidak
MHS00370;Ya;SMA/SMK;SMA/SMK;Tidak Bekerja;Wiraswasta;2;3;Finansial;Tidak
MHS00371;Tidak;S1;S2;Karyawan Swasta;PNS/ASN;0;3;Sosial;Tidak
MHS00372;Ya;SMA/SMK;SMA/SMK;TNI/Polri;Tidak Bekerja;0;4;Adaptasi;Ya
MHS00373;Ya;SMA/SMK;SMA/SMK;Wiraswasta;PNS/ASN;0;3;Sosial;Tidak
MHS00374;Tidak;S1;D3;Karyawan Swasta;PNS/ASN;2;5;Finansial;Tidak
MHS00375;Ya;SMA/SMK;SMA/SMK;Wiraswasta;Wiraswasta;1;2;Adaptasi;Tidak
MHS00376;Tidak;S1;SMP;Karyawan Swasta;Buruh/Pekerja Harian;0;4;Finansial;Tidak
MHS00377;Tidak;S2;S2;PNS/ASN;PNS/ASN;1;5;Akademik;Tidak
MHS00378;Tidak;S1;SMP;Wiraswasta;Tidak Bekerja;0;5;Finansial;Tidak
MHS00379;Ya;SMA/SMK;SMA/SMK;Tidak Bekerja;Wiraswasta;3;5;Akademik;Tidak
MHS00380;Tidak;SMP;S1;Buruh/Pekerja Harian;Wiraswasta;0;4;Adaptasi;Tidak
MHS00381;Tidak;S2;SMA/SMK;PNS/ASN;Buruh/Pekerja Harian;1;4;Akademik;Tidak
MHS00382;Tidak;SMA/SMK;D3;Buruh/Pekerja Harian;PNS/ASN;1;2;Sosial;Ya
MHS00383;Ya;SMA/SMK;SMA/SMK;PNS/ASN;Wiraswasta;0;3;Finansial;Tidak
MHS00384;Ya;SD;SMA/SMK;Wiraswasta;Karyawan Swasta;1;2;Finansial;Ya
MHS00385;Tidak;S1;D3;Karyawan Swasta;Tidak Bekerja;1;5;Akademik;Tidak
MHS00386;Tidak;S1;SMA/SMK;Wiraswasta;Tidak Bekerja;1;3;Akademik;Ya
MHS00387;Tidak;S2;S1;TNI/Polri;PNS/ASN;0;5;Sosial;Ya
MHS00388;Ya;SMP;SD;Buruh/Pekerja Harian;Tidak Bekerja;1;2;Finansial;Ya
MHS00389;Ya;Tidak Sekolah;SMP;Tidak Bekerja;Buruh/Pekerja Harian;0;2;Finansial;Ya
MHS00390;Tidak;S1;SMA/SMK;Karyawan Swasta;PNS/ASN;1;5;Adaptasi;Tidak
MHS00391;Tidak;S1;D3;Profesional (dokter/guru/dll);Wiraswasta;0;4;Sosial;Tidak
MHS00392;Tidak;S1;SMA/SMK;Karyawan Swasta;Tidak Bekerja;1;4;Adaptasi;Tidak
MHS00393;Ya;SMP;SMA/SMK;Buruh/Pekerja Harian;Wiraswasta;2;2;Finansial;Ya
MHS00394;Tidak;S1;SMA/SMK;Petani/Nelayan;Wiraswasta;1;4;Adaptasi;Ya
MHS00395;Ya;SMP;SMA/SMK;Petani/Nelayan;Wiraswasta;0;4;Adaptasi;Ya
MHS00396;Ya;SMP;SMA/SMK;Buruh/Pekerja Harian;Wiraswasta;0;3;Finansial;Ya
MHS00397;Tidak;SMA/SMK;D3;Wiraswasta;Karyawan Swasta;2;1;Finansial;Tidak
MHS00398;Tidak;S2;S1;Karyawan Swasta;Karyawan Swasta;1;5;Akademik;Tidak
MHS00399;Tidak;D3;SD;Karyawan Swasta;PNS/ASN;0;3;Finansial;Ya
MHS00400;Tidak;S1;S1;TNI/Polri;Karyawan Swasta;1;4;Sosial;Ya
MHS00401;Tidak;SMA/SMK;D3;TNI/Polri;Profesional (dokter/guru/dll);0;3;Akademik;Tidak
MHS00402;Tidak;D3;S1;PNS/ASN;Profesional (dokter/guru/dll);1;2;Akademik;Tidak
MHS00403;Tidak;S2;D3;Tidak Bekerja;Wiraswasta;4;4;Sosial;Tidak
MHS00404;Tidak;S2;S1;Karyawan Swasta;Tidak Bekerja;0;3;Akademik;Tidak
MHS00405;Ya;SMA/SMK;SMP;Tidak Bekerja;Wiraswasta;1;2;Finansial;Tidak
MHS00406;Ya;SMP;SMA/SMK;PNS/ASN;Wiraswasta;0;2;Akademik;Tidak
MHS00407;Ya;SMA/SMK;SMP;Buruh/Pekerja Harian;Tidak Bekerja;1;2;Akademik;Ya
MHS00408;Tidak;S1;S1;Wiraswasta;Karyawan Swasta;2;5;Akademik;Tidak
MHS00409;Tidak;S1;D3;Karyawan Swasta;PNS/ASN;0;3;Akademik;Ya
MHS00410;Tidak;S1;S1;Wiraswasta;Karyawan Swasta;2;4;Akademik;Tidak
MHS00411;Tidak;SMA/SMK;S1;Karyawan Swasta;Karyawan Swasta;2;4;Akademik;Tidak
MHS00412;Ya;SD;SD;Petani/Nelayan;Tidak Bekerja;0;1;Akademik;Ya
MHS00413;Tidak;D3;S1;PNS/ASN;Profesional (dokter/guru/dll);0;4;Sosial;Tidak
MHS00414;Ya;SD;SMA/SMK;Buruh/Pekerja Harian;Tidak Bekerja;0;3;Akademik;Ya
MHS00415;Tidak;SMA/SMK;S2;TNI/Polri;Profesional (dokter/guru/dll);0;3;Adaptasi;Tidak
MHS00416;Tidak;S2;SMA/SMK;PNS/ASN;Wiraswasta;2;3;Finansial;Tidak
MHS00417;Tidak;S1;D3;Karyawan Swasta;Karyawan Swasta;0;4;Finansial;Tidak
MHS00418;Ya;SMP;SMA/SMK;Tidak Bekerja;Tidak Bekerja;1;3;Adaptasi;Ya
MHS00419;Ya;SMA/SMK;SMP;Buruh/Pekerja Harian;Tidak Bekerja;0;3;Finansial;Ya
MHS00420;Tidak;S2;D3;TNI/Polri;PNS/ASN;0;4;Akademik;Tidak
MHS00421;Tidak;SMA/SMK;D3;Wiraswasta;Tidak Bekerja;2;4;Akademik;Tidak
MHS00422;Tidak;SMA/SMK;S1;Karyawan Swasta;Tidak Bekerja;0;4;Akademik;Tidak
MHS00423;Tidak;S1;S1;Wiraswasta;PNS/ASN;0;3;Finansial;Tidak
MHS00424;Tidak;S1;S2;PNS/ASN;Wiraswasta;0;3;Akademik;Tidak
MHS00425;Ya;SMP;SMA/SMK;Buruh/Pekerja Harian;Tidak Bekerja;0;2;Sosial;Tidak
MHS00426;Ya;SMA/SMK;SMA/SMK;Karyawan Swasta;Karyawan Swasta;0;2;Finansial;Ya
MHS00427;Ya;SMA/SMK;Tidak Sekolah;Petani/Nelayan;Tidak Bekerja;0;1;Finansial;Tidak
MHS00428;Ya;SMP;SMA/SMK;Petani/Nelayan;Tidak Bekerja;0;2;Akademik;Ya
MHS00429;Ya;SMA/SMK;SMP;Karyawan Swasta;Tidak Bekerja;0;2;Adaptasi;Tidak
MHS00430;Tidak;S3;S3;Profesional (dokter/guru/dll);PNS/ASN;0;4;Adaptasi;Tidak
MHS00431;Tidak;SMA/SMK;S1;Wiraswasta;Wiraswasta;0;5;Finansial;Tidak
MHS00432;Tidak;D3;SMA/SMK;Karyawan Swasta;Buruh/Pekerja Harian;1;4;Sosial;Tidak
MHS00433;Ya;SMA/SMK;SMP;PNS/ASN;Tidak Bekerja;1;2;Akademik;Tidak
MHS00434;Tidak;S1;SMP;Wiraswasta;Buruh/Pekerja Harian;1;3;Adaptasi;Tidak
MHS00435;Ya;SMA/SMK;SMA/SMK;Wiraswasta;Wiraswasta;0;4;Finansial;Tidak
MHS00436;Tidak;S1;S1;TNI/Polri;PNS/ASN;0;3;Sosial;Tidak
MHS00437;Tidak;S1;S1;Karyawan Swasta;Wiraswasta;0;4;Sosial;Tidak
MHS00438;Ya;SD;SMP;Karyawan Swasta;Wiraswasta;0;3;Finansial;Tidak
MHS00439;Ya;SMA/SMK;Tidak Sekolah;Karyawan Swasta;Wiraswasta;0;4;Finansial;Ya
MHS00440;Ya;SMA/SMK;SMA/SMK;Wiraswasta;Buruh/Pekerja Harian;2;2;Finansial;Tidak
MHS00441;Tidak;SMA/SMK;S1;Wiraswasta;Wiraswasta;0;3;Akademik;Tidak
MHS00442;Ya;Tidak Sekolah;SMP;Buruh/Pekerja Harian;Tidak Bekerja;1;2;Finansial;Tidak
MHS00443;Tidak;S2;SMA/SMK;Profesional (dokter/guru/dll);Wiraswasta;1;5;Akademik;Tidak
MHS00444;Tidak;S1;D3;Karyawan Swasta;Wiraswasta;0;5;Adaptasi;Tidak
MHS00445;Tidak;SMA/SMK;D3;Wiraswasta;Tidak Bekerja;0;3;Finansial;Tidak
MHS00446;Ya;SD;SD;Petani/Nelayan;Buruh/Pekerja Harian;0;2;Adaptasi;Ya
MHS00447;Tidak;S1;S1;Karyawan Swasta;Wiraswasta;1;4;Akademik;Ya
MHS00448;Tidak;S1;D3;Karyawan Swasta;Karyawan Swasta;0;5;Akademik;Tidak
MHS00449;Tidak;SMA/SMK;D3;Petani/Nelayan;PNS/ASN;1;2;Akademik;Tidak
MHS00450;Tidak;S3;S3;PNS/ASN;PNS/ASN;2;3;Akademik;Tidak
MHS00451;Tidak;SMA/SMK;S1;TNI/Polri;Tidak Bekerja;0;3;Akademik;Tidak
MHS00452;Tidak;SMA/SMK;S1;TNI/Polri;Tidak Bekerja;0;3;Finansial;Tidak
MHS00453;Ya;SD;SMA/SMK;Karyawan Swasta;Karyawan Swasta;0;3;Adaptasi;Tidak
MHS00454;Tidak;D3;S1;PNS/ASN;PNS/ASN;0;3;Akademik;Tidak
MHS00455;Ya;SMA/SMK;SMA/SMK;Karyawan Swasta;Tidak Bekerja;0;3;Finansial;Tidak
MHS00456;Tidak;S1;SMA/SMK;Karyawan Swasta;Tidak Bekerja;0;3;Finansial;Tidak
MHS00457;Tidak;S1;S1;Wiraswasta;Karyawan Swasta;1;5;Adaptasi;Tidak
MHS00458;Ya;SMA/SMK;SMA/SMK;Petani/Nelayan;Tidak Bekerja;1;4;Akademik;Tidak
MHS00459;Ya;Tidak Sekolah;SMA/SMK;Buruh/Pekerja Harian;Tidak Bekerja;2;4;Finansial;Tidak
MHS00460;Tidak;S1;D3;PNS/ASN;Tidak Bekerja;0;4;Akademik;Ya
MHS00461;Tidak;S3;SMA/SMK;Profesional (dokter/guru/dll);Tidak Bekerja;2;4;Akademik;Tidak
MHS00462;Tidak;S1;S2;Wiraswasta;Karyawan Swasta;0;4;Adaptasi;Tidak
MHS00463;Tidak;SD;D3;Petani/Nelayan;Karyawan Swasta;0;1;Akademik;Ya
MHS00464;Tidak;S1;D3;Wiraswasta;Tidak Bekerja;0;5;Akademik;Tidak
MHS00465;Tidak;S1;S1;Karyawan Swasta;Profesional (dokter/guru/dll);0;3;Finansial;Tidak
MHS00466;Tidak;D3;S1;Karyawan Swasta;Wiraswasta;2;4;Akademik;Ya
MHS00467;Tidak;S1;D3;PNS/ASN;Profesional (dokter/guru/dll);0;3;Finansial;Ya
MHS00468;Tidak;S1;SMP;PNS/ASN;Tidak Bekerja;1;4;Akademik;Tidak
MHS00469;Ya;SMA/SMK;SMP;Wiraswasta;Buruh/Pekerja Harian;0;2;Akademik;Tidak
MHS00470;Tidak;S1;SMA/SMK;Profesional (dokter/guru/dll);Wiraswasta;1;4;Akademik;Tidak
MHS00471;Tidak;S3;SMA/SMK;PNS/ASN;Tidak Bekerja;2;3;Akademik;Tidak
MHS00472;Tidak;S2;S1;Wiraswasta;PNS/ASN;3;3;Akademik;Tidak
MHS00473;Tidak;SMA/SMK;S1;TNI/Polri;PNS/ASN;0;5;Finansial;Tidak
MHS00474;Tidak;S1;SMP;PNS/ASN;Buruh/Pekerja Harian;0;3;Akademik;Tidak
MHS00475;Tidak;SMA/SMK;S1;Petani/Nelayan;PNS/ASN;3;3;Finansial;Tidak
MHS00476;Ya;SMA/SMK;SMA/SMK;Karyawan Swasta;Wiraswasta;1;2;Finansial;Tidak
MHS00477;Tidak;SMA/SMK;S1;Karyawan Swasta;Karyawan Swasta;2;2;Akademik;Tidak
MHS00478;Tidak;D3;SMP;Wiraswasta;Buruh/Pekerja Harian;0;4;Akademik;Tidak
MHS00479;Ya;SMA/SMK;SMA/SMK;Buruh/Pekerja Harian;Tidak Bekerja;0;4;Sosial;Tidak
MHS00480;Ya;SMA/SMK;SMA/SMK;Karyawan Swasta;Tidak Bekerja;0;3;Finansial;Ya
MHS00481;Tidak;S1;D3;PNS/ASN;Wiraswasta;1;4;Akademik;Tidak
MHS00482;Tidak;SMA/SMK;S1;PNS/ASN;Tidak Bekerja;0;4;Adaptasi;Tidak
MHS00483;Tidak;D3;S1;Karyawan Swasta;PNS/ASN;2;5;Akademik;Tidak
MHS00484;Tidak;S1;S2;Karyawan Swasta;Profesional (dokter/guru/dll);1;3;Akademik;Tidak
MHS00485;Ya;SMA/SMK;SMP;Wiraswasta;Tidak Bekerja;0;3;Adaptasi;Ya
MHS00486;Ya;SMP;SMP;Petani/Nelayan;Tidak Bekerja;0;3;Finansial;Tidak
MHS00487;Ya;SMP;SMA/SMK;Petani/Nelayan;Karyawan Swasta;1;5;Akademik;Ya
MHS00488;Tidak;S1;SMA/SMK;Karyawan Swasta;Tidak Bekerja;0;2;Finansial;Tidak
MHS00489;Tidak;S1;SMA/SMK;PNS/ASN;Karyawan Swasta;0;3;Akademik;Tidak
MHS00490;Tidak;S1;SMA/SMK;Karyawan Swasta;Tidak Bekerja;1;3;Finansial;Tidak
MHS00491;Tidak;S2;S1;PNS/ASN;Karyawan Swasta;0;5;Adaptasi;Tidak
MHS00492;Ya;SMP;SD;Tidak Bekerja;Tidak Bekerja;1;1;Adaptasi;Ya
MHS00493;Ya;SMP;Tidak Sekolah;Petani/Nelayan;Tidak Bekerja;0;1;Finansial;Tidak
MHS00494;Tidak;SMA/SMK;S1;Petani/Nelayan;Buruh/Pekerja Harian;1;3;Akademik;Ya
MHS00495;Ya;SMA/SMK;SMP;Wiraswasta;Tidak Bekerja;2;4;Finansial;Ya
MHS00496;Tidak;S1;S1;Wiraswasta;Profesional (dokter/guru/dll);0;5;Akademik;Ya
MHS00497;Ya;SMP;SMA/SMK;Karyawan Swasta;Wiraswasta;0;3;Finansial;Tidak
MHS00498;Ya;SMA/SMK;SMP;Wiraswasta;Tidak Bekerja;0;4;Sosial;Ya
MHS00499;Ya;SD;SD;Petani/Nelayan;Buruh/Pekerja Harian;0;2;Adaptasi;Tidak
MHS00500;Ya;SMA/SMK;SMA/SMK;Petani/Nelayan;Karyawan Swasta;0;2;Akademik;Ya
MHS00501;Ya;SMA/SMK;SMA/SMK;Petani/Nelayan;Tidak Bekerja;0;4;Akademik;Tidak
MHS00502;Tidak;S1;S1;Tidak Bekerja;Profesional (dokter/guru/dll);2;5;Finansial;Tidak
MHS00503;Ya;SMA/SMK;SMP;Karyawan Swasta;Tidak Bekerja;0;3;Adaptasi;Ya
MHS00504;Tidak;D3;D3;Karyawan Swasta;Wiraswasta;0;4;Akademik;Ya
MHS00505;Tidak;S1;D3;Karyawan Swasta;Profesional (dokter/guru/dll);0;4;Sosial;Tidak
MHS00506;Tidak;SMA/SMK;D3;PNS/ASN;Wiraswasta;1;5;Akademik;Tidak
MHS00507;Tidak;D3;S2;Karyawan Swasta;Wiraswasta;0;4;Akademik;Tidak
MHS00508;Tidak;S1;S1;PNS/ASN;Karyawan Swasta;2;5;Finansial;Tidak
MHS00509;Ya;SMA/SMK;SMA/SMK;Karyawan Swasta;Karyawan Swasta;0;5;Akademik;Tidak
MHS00510;Tidak;SMA/SMK;S1;PNS/ASN;Wiraswasta;0;3;Finansial;Tidak
MHS00511;Tidak;D3;S1;TNI/Polri;Buruh/Pekerja Harian;1;4;Finansial;Ya
MHS00512;Ya;SMA/SMK;SMP;Wiraswasta;Buruh/Pekerja Harian;0;5;Finansial;Tidak
MHS00513;Ya;Tidak Sekolah;SMA/SMK;Wiraswasta;Tidak Bekerja;0;5;Akademik;Tidak
MHS00514;Tidak;S1;SMP;PNS/ASN;Wiraswasta;0;3;Sosial;Tidak
MHS00515;Ya;SD;SMP;Petani/Nelayan;Tidak Bekerja;2;3;Finansial;Ya
MHS00516;Tidak;SMA/SMK;S1;Karyawan Swasta;Karyawan Swasta;0;3;Akademik;Ya
MHS00517;Ya;SD;SD;Petani/Nelayan;Tidak Bekerja;0;2;Finansial;Ya
MHS00518;Tidak;S1;D3;Profesional (dokter/guru/dll);Karyawan Swasta;1;4;Adaptasi;Tidak
MHS00519;Ya;SMA/SMK;SMP;Buruh/Pekerja Harian;Tidak Bekerja;0;2;Akademik;Ya
MHS00520;Tidak;S1;S1;TNI/Polri;PNS/ASN;1;5;Akademik;Ya
MHS00521;Tidak;S1;S1;Profesional (dokter/guru/dll);Karyawan Swasta;1;5;Akademik;Tidak
MHS00522;Ya;Tidak Sekolah;SMA/SMK;Petani/Nelayan;PNS/ASN;1;1;Finansial;Tidak
MHS00523;Ya;SMA/SMK;SMP;Petani/Nelayan;Tidak Bekerja;1;1;Akademik;Tidak
MHS00524;Ya;SMA/SMK;SMP;Wiraswasta;Buruh/Pekerja Harian;0;1;Akademik;Tidak
MHS00525;Ya;SD;SMA/SMK;Petani/Nelayan;Tidak Bekerja;0;2;Finansial;Ya
MHS00526;Tidak;SMA/SMK;D3;Buruh/Pekerja Harian;Tidak Bekerja;3;5;Finansial;Tidak
MHS00527;Ya;SMA/SMK;SMP;Wiraswasta;Buruh/Pekerja Harian;0;2;Akademik;Tidak
MHS00528;Tidak;S1;SMA/SMK;PNS/ASN;Wiraswasta;1;4;Akademik;Ya
MHS00529;Tidak;SMA/SMK;S2;Karyawan Swasta;Karyawan Swasta;0;5;Adaptasi;Tidak
MHS00530;Ya;SMP;SMA/SMK;Karyawan Swasta;Tidak Bekerja;1;2;Finansial;Tidak
MHS00531;Ya;SMA/SMK;SMA/SMK;Wiraswasta;Buruh/Pekerja Harian;1;5;Adaptasi;Tidak
MHS00532;Tidak;SMA/SMK;S1;Tidak Bekerja;Tidak Bekerja;1;2;Akademik;Ya
MHS00533;Tidak;S1;SMA/SMK;Wiraswasta;Tidak Bekerja;1;3;Finansial;Tidak
MHS00534;Tidak;SMA/SMK;S1;Petani/Nelayan;Karyawan Swasta;0;2;Adaptasi;Tidak
MHS00535;Tidak;D3;SMA/SMK;PNS/ASN;Wiraswasta;1;3;Sosial;Tidak
MHS00536;Ya;SMA/SMK;SD;Karyawan Swasta;Wiraswasta;0;4;Akademik;Ya
MHS00537;Ya;SMA/SMK;SMA/SMK;Buruh/Pekerja Harian;Tidak Bekerja;0;3;Finansial;Ya
MHS00538;Tidak;S1;SMP;Karyawan Swasta;Tidak Bekerja;0;3;Adaptasi;Tidak
MHS00539;Tidak;S1;S2;Karyawan Swasta;Karyawan Swasta;3;5;Akademik;Tidak
MHS00540;Tidak;S3;S3;Profesional (dokter/guru/dll);Karyawan Swasta;1;5;Sosial;Tidak
MHS00541;Tidak;S2;D3;PNS/ASN;Karyawan Swasta;4;4;Adaptasi;Tidak
MHS00542;Tidak;D3;SMA/SMK;Buruh/Pekerja Harian;Buruh/Pekerja Harian;0;2;Adaptasi;Tidak
MHS00543;Tidak;SMP;D3;Karyawan Swasta;Buruh/Pekerja Harian;1;5;Akademik;Ya
MHS00544;Tidak;D3;S1;Wiraswasta;Wiraswasta;0;4;Akademik;Tidak
MHS00545;Ya;SMA/SMK;SMA/SMK;PNS/ASN;Karyawan Swasta;1;4;Finansial;Tidak
MHS00546;Tidak;S1;SMA/SMK;Wiraswasta;Tidak Bekerja;0;2;Akademik;Tidak
MHS00547;Tidak;S1;SMA/SMK;Wiraswasta;Buruh/Pekerja Harian;3;3;Finansial;Ya
MHS00548;Tidak;D3;D3;Karyawan Swasta;PNS/ASN;1;4;Adaptasi;Tidak
MHS00549;Tidak;SMA/SMK;D3;Tidak Bekerja;Karyawan Swasta;1;2;Finansial;Tidak
MHS00550;Ya;SMP;SD;TNI/Polri;Tidak Bekerja;2;3;Finansial;Tidak
MHS00551;Tidak;SMA/SMK;S1;Wiraswasta;Karyawan Swasta;0;4;Akademik;Tidak
MHS00552;Ya;Tidak Sekolah;SMP;Buruh/Pekerja Harian;Tidak Bekerja;1;1;Finansial;Ya
MHS00553;Tidak;S1;D3;Wiraswasta;Wiraswasta;2;4;Finansial;Tidak
MHS00554;Tidak;SMA/SMK;D3;Petani/Nelayan;Wiraswasta;0;4;Adaptasi;Tidak
MHS00555;Tidak;S2;SMA/SMK;PNS/ASN;Karyawan Swasta;0;4;Sosial;Tidak
MHS00556;Ya;SMP;SMA/SMK;Petani/Nelayan;Wiraswasta;0;3;Akademik;Tidak
MHS00557;Tidak;D3;S1;Wiraswasta;Profesional (dokter/guru/dll);1;2;Akademik;Tidak
MHS00558;Tidak;S1;SMA/SMK;Karyawan Swasta;Karyawan Swasta;2;4;Akademik;Tidak
MHS00559;Ya;SMA/SMK;SMA/SMK;Petani/Nelayan;Karyawan Swasta;0;3;Finansial;Tidak
MHS00560;Ya;SMA/SMK;SMA/SMK;Petani/Nelayan;Tidak Bekerja;1;4;Finansial;Tidak
MHS00561;Tidak;S1;SMA/SMK;PNS/ASN;Tidak Bekerja;0;3;Finansial;Tidak
MHS00562;Ya;SMA/SMK;SMP;Buruh/Pekerja Harian;Wiraswasta;0;3;Finansial;Ya
MHS00563;Tidak;D3;SMA/SMK;Petani/Nelayan;Tidak Bekerja;0;1;Sosial;Ya
MHS00564;Tidak;S1;S1;PNS/ASN;Wiraswasta;0;4;Akademik;Tidak
MHS00565;Ya;SMA/SMK;SMA/SMK;Karyawan Swasta;Tidak Bekerja;2;3;Finansial;Ya
MHS00566;Tidak;S1;S1;Profesional (dokter/guru/dll);Wiraswasta;0;5;Adaptasi;Tidak
MHS00567;Ya;SMA/SMK;SMA/SMK;Karyawan Swasta;Wiraswasta;1;5;Finansial;Ya
MHS00568;Tidak;S2;SMP;Wiraswasta;Tidak Bekerja;0;1;Adaptasi;Ya
MHS00569;Ya;SMP;SMP;Wiraswasta;Tidak Bekerja;0;3;Akademik;Tidak
MHS00570;Tidak;S1;D3;TNI/Polri;Karyawan Swasta;0;5;Adaptasi;Tidak
MHS00571;Tidak;D3;S1;Wiraswasta;Tidak Bekerja;2;3;Finansial;Ya
MHS00572;Ya;SMA/SMK;SMA/SMK;Wiraswasta;Tidak Bekerja;0;4;Finansial;Tidak
MHS00573;Tidak;S1;SMA/SMK;Wiraswasta;Wiraswasta;0;4;Sosial;Ya
MHS00574;Tidak;S1;SMA/SMK;Wiraswasta;Profesional (dokter/guru/dll);1;2;Sosial;Ya
MHS00575;Tidak;S3;S2;PNS/ASN;Karyawan Swasta;0;4;Adaptasi;Tidak
MHS00576;Ya;SMA/SMK;SMP;Petani/Nelayan;Buruh/Pekerja Harian;0;3;Finansial;Ya
MHS00577;Ya;SMP;SMA/SMK;Wiraswasta;Wiraswasta;1;5;Akademik;Tidak
MHS00578;Tidak;S1;D3;PNS/ASN;Tidak Bekerja;0;4;Finansial;Tidak
MHS00579;Tidak;S3;D3;PNS/ASN;Wiraswasta;2;4;Sosial;Tidak
MHS00580;Ya;SMA/SMK;SMA/SMK;PNS/ASN;Buruh/Pekerja Harian;0;2;Akademik;Tidak
MHS00581;Tidak;S1;SMA/SMK;PNS/ASN;Tidak Bekerja;0;3;Akademik;Ya
MHS00582;Tidak;S1;S1;Karyawan Swasta;Profesional (dokter/guru/dll);0;5;Adaptasi;Tidak
MHS00583;Tidak;D3;S1;Karyawan Swasta;Profesional (dokter/guru/dll);0;3;Akademik;Tidak
MHS00584;Ya;SMA/SMK;SMP;Karyawan Swasta;Tidak Bekerja;0;2;Finansial;Tidak
MHS00585;Tidak;S1;SD;Wiraswasta;Buruh/Pekerja Harian;0;4;Akademik;Ya
MHS00586;Ya;SMA/SMK;SMP;Buruh/Pekerja Harian;Tidak Bekerja;0;3;Akademik;Tidak
MHS00587;Tidak;S1;SMA/SMK;TNI/Polri;Tidak Bekerja;0;4;Finansial;Ya
MHS00588;Ya;SMA/SMK;SMA/SMK;Wiraswasta;Wiraswasta;0;2;Adaptasi;Tidak
MHS00589;Ya;SMP;SMA/SMK;Wiraswasta;Tidak Bekerja;0;4;Akademik;Ya
MHS00590;Tidak;SMA/SMK;D3;PNS/ASN;Buruh/Pekerja Harian;1;3;Finansial;Ya
MHS00591;Tidak;S1;S2;Buruh/Pekerja Harian;Profesional (dokter/guru/dll);1;3;Sosial;Tidak
MHS00592;Tidak;SMA/SMK;S1;Karyawan Swasta;PNS/ASN;1;3;Akademik;Tidak
MHS00593;Tidak;SMA/SMK;S1;Karyawan Swasta;Wiraswasta;0;2;Akademik;Ya
MHS00594;Tidak;S1;D3;Petani/Nelayan;Wiraswasta;1;5;Akademik;Tidak
MHS00595;Ya;SMA/SMK;SMP;Karyawan Swasta;Tidak Bekerja;1;4;Finansial;Ya
MHS00596;Ya;SMA/SMK;SMP;Wiraswasta;Tidak Bekerja;0;2;Adaptasi;Tidak
MHS00597;Tidak;S1;S1;TNI/Polri;Karyawan Swasta;3;4;Sosial;Tidak
MHS00598;Ya;SMA/SMK;SD;Karyawan Swasta;Tidak Bekerja;0;3;Finansial;Ya
MHS00599;Tidak;SMA/SMK;S1;Karyawan Swasta;Tidak Bekerja;0;4;Akademik;Tidak
MHS00600;Tidak;S1;S2;TNI/Polri;PNS/ASN;1;5;Sosial;Tidak
MHS00601;Tidak;D3;S1;Profesional (dokter/guru/dll);Profesional (dokter/guru/dll);0;4;Adaptasi;Tidak
MHS00602;Tidak;D3;SMP;Wiraswasta;Wiraswasta;0;5;Sosial;Tidak
MHS00603;Ya;SMP;SMP;Petani/Nelayan;Buruh/Pekerja Harian;0;3;Adaptasi;Tidak
MHS00604;Tidak;S1;Tidak Sekolah;Buruh/Pekerja Harian;Buruh/Pekerja Harian;1;4;Adaptasi;Tidak
MHS00605;Tidak;S1;S1;Wiraswasta;Karyawan Swasta;1;5;Adaptasi;Tidak
MHS00606;Tidak;SMA/SMK;S2;Karyawan Swasta;PNS/ASN;0;5;Akademik;Tidak
MHS00607;Ya;SMA/SMK;SMP;PNS/ASN;Buruh/Pekerja Harian;0;3;Finansial;Tidak
MHS00608;Tidak;SD;S1;TNI/Polri;Wiraswasta;1;3;Akademik;Tidak
MHS00609;Tidak;D3;D3;Wiraswasta;Profesional (dokter/guru/dll);1;5;Adaptasi;Tidak
MHS00610;Tidak;S1;SMA/SMK;Profesional (dokter/guru/dll);Wiraswasta;2;4;Adaptasi;Tidak
MHS00611;Tidak;SMA/SMK;D3;TNI/Polri;PNS/ASN;0;4;Sosial;Tidak
MHS00612;Ya;SMP;SD;Tidak Bekerja;Tidak Bekerja;0;2;Sosial;Ya
MHS00613;Tidak;S1;SMA/SMK;Petani/Nelayan;Karyawan Swasta;1;4;Adaptasi;Tidak
MHS00614;Tidak;D3;SMA/SMK;PNS/ASN;Tidak Bekerja;1;4;Akademik;Ya
MHS00615;Tidak;S2;D3;PNS/ASN;Karyawan Swasta;0;5;Finansial;Tidak
MHS00616;Tidak;S1;SMA/SMK;Petani/Nelayan;Karyawan Swasta;0;3;Akademik;Tidak
MHS00617;Tidak;S1;SMA/SMK;Wiraswasta;Karyawan Swasta;2;3;Akademik;Tidak
MHS00618;Ya;SMA/SMK;SMA/SMK;Petani/Nelayan;Tidak Bekerja;0;3;Finansial;Tidak
MHS00619;Tidak;SMP;S1;Buruh/Pekerja Harian;PNS/ASN;1;3;Sosial;Ya
MHS00620;Ya;SMA/SMK;SMA/SMK;Karyawan Swasta;Wiraswasta;0;4;Akademik;Tidak
MHS00621;Ya;SMP;SMA/SMK;Petani/Nelayan;Wiraswasta;1;2;Finansial;Ya
MHS00622;Tidak;S1;SMA/SMK;TNI/Polri;Buruh/Pekerja Harian;3;3;Adaptasi;Tidak
MHS00623;Ya;SMA/SMK;SMA/SMK;TNI/Polri;Karyawan Swasta;0;2;Sosial;Ya
MHS00624;Ya;SMA/SMK;SMP;Buruh/Pekerja Harian;Tidak Bekerja;0;3;Finansial;Ya
MHS00625;Tidak;S1;SD;Profesional (dokter/guru/dll);Buruh/Pekerja Harian;0;5;Akademik;Ya
MHS00626;Tidak;SMA/SMK;S1;TNI/Polri;PNS/ASN;0;5;Akademik;Tidak
MHS00627;Tidak;SMA/SMK;S1;Petani/Nelayan;PNS/ASN;2;1;Finansial;Ya
MHS00628;Ya;SMA/SMK;SMP;Karyawan Swasta;Tidak Bekerja;0;4;Finansial;Ya
MHS00629;Ya;SMA/SMK;SMA/SMK;TNI/Polri;Tidak Bekerja;0;3;Adaptasi;Tidak
MHS00630;Tidak;S2;SMA/SMK;Karyawan Swasta;Karyawan Swasta;2;3;Adaptasi;Tidak
MHS00631;Tidak;S1;S1;Karyawan Swasta;Tidak Bekerja;1;4;Sosial;Tidak
MHS00632;Ya;SMP;SMP;Tidak Bekerja;Buruh/Pekerja Harian;0;4;Finansial;Ya
MHS00633;Ya;Tidak Sekolah;SMP;Buruh/Pekerja Harian;Wiraswasta;0;3;Finansial;Ya
MHS00634;Tidak;SMA/SMK;D3;PNS/ASN;Wiraswasta;0;2;Akademik;Tidak
MHS00635;Ya;SMA/SMK;SMA/SMK;Buruh/Pekerja Harian;Tidak Bekerja;0;3;Akademik;Ya
MHS00636;Tidak;S2;S1;Profesional (dokter/guru/dll);Karyawan Swasta;0;5;Adaptasi;Tidak
MHS00637;Tidak;S3;S1;Profesional (dokter/guru/dll);PNS/ASN;3;3;Sosial;Tidak
MHS00638;Tidak;SMA/SMK;D3;Profesional (dokter/guru/dll);PNS/ASN;0;3;Akademik;Tidak
MHS00639;Tidak;S1;S1;Profesional (dokter/guru/dll);Karyawan Swasta;1;5;Finansial;Tidak
MHS00640;Ya;SMA/SMK;SMA/SMK;Petani/Nelayan;Tidak Bekerja;0;4;Finansial;Tidak
MHS00641;Ya;SMA/SMK;Tidak Sekolah;Buruh/Pekerja Harian;Tidak Bekerja;0;1;Finansial;Ya
MHS00642;Tidak;D3;D3;Profesional (dokter/guru/dll);Tidak Bekerja;0;3;Adaptasi;Tidak
MHS00643;Tidak;S1;SMA/SMK;Buruh/Pekerja Harian;Wiraswasta;1;2;Finansial;Tidak
MHS00644;Ya;SD;SMA/SMK;Wiraswasta;Wiraswasta;0;2;Akademik;Tidak
MHS00645;Tidak;S3;S1;Profesional (dokter/guru/dll);Karyawan Swasta;1;5;Akademik;Tidak
MHS00646;Tidak;S2;SMA/SMK;Wiraswasta;Buruh/Pekerja Harian;1;5;Finansial;Tidak
MHS00647;Tidak;D3;Tidak Sekolah;PNS/ASN;Tidak Bekerja;0;3;Akademik;Ya
MHS00648;Tidak;S2;D3;Karyawan Swasta;Karyawan Swasta;1;5;Finansial;Tidak
MHS00649;Tidak;S1;D3;Profesional (dokter/guru/dll);Wiraswasta;1;4;Sosial;Tidak
MHS00650;Tidak;D3;SMP;Petani/Nelayan;Wiraswasta;1;5;Finansial;Ya
MHS00651;Tidak;S1;SMA/SMK;Profesional (dokter/guru/dll);Wiraswasta;1;3;Finansial;Tidak
MHS00652;Ya;SMP;Tidak Sekolah;Petani/Nelayan;Tidak Bekerja;1;4;Akademik;Tidak
MHS00653;Tidak;D3;S1;Karyawan Swasta;PNS/ASN;1;2;Sosial;Tidak
MHS00654;Tidak;D3;D3;Tidak Bekerja;Tidak Bekerja;1;4;Finansial;Tidak
MHS00655;Ya;SMA/SMK;SD;Karyawan Swasta;Buruh/Pekerja Harian;0;1;Finansial;Ya
MHS00656;Ya;SMA/SMK;SMA/SMK;Buruh/Pekerja Harian;Tidak Bekerja;1;2;Akademik;Ya
MHS00657;Tidak;S2;SMA/SMK;Karyawan Swasta;Wiraswasta;1;5;Adaptasi;Tidak
MHS00658;Ya;SD;SMA/SMK;Buruh/Pekerja Harian;Tidak Bekerja;1;3;Adaptasi;Ya
MHS00659;Tidak;SD;S1;Buruh/Pekerja Harian;PNS/ASN;1;2;Adaptasi;Ya
MHS00660;Tidak;S2;S1;Profesional (dokter/guru/dll);Wiraswasta;1;5;Adaptasi;Tidak
MHS00661;Tidak;SMA/SMK;S1;Buruh/Pekerja Harian;PNS/ASN;1;3;Finansial;Ya
MHS00662;Tidak;SMA/SMK;S1;Wiraswasta;Profesional (dokter/guru/dll);1;4;Adaptasi;Tidak
MHS00663;Tidak;S2;S1;Profesional (dokter/guru/dll);PNS/ASN;1;5;Adaptasi;Ya
MHS00664;Tidak;S1;S1;PNS/ASN;Karyawan Swasta;3;3;Akademik;Tidak
MHS00665;Ya;SMA/SMK;SMA/SMK;Petani/Nelayan;Tidak Bekerja;2;5;Finansial;Tidak
MHS00666;Ya;SMP;SMA/SMK;Petani/Nelayan;Buruh/Pekerja Harian;0;2;Akademik;Tidak
MHS00667;Ya;SMA/SMK;SMP;Wiraswasta;Tidak Bekerja;0;1;Finansial;Ya
MHS00668;Tidak;SMA/SMK;D3;Karyawan Swasta;PNS/ASN;0;4;Akademik;Ya
MHS00669;Tidak;SMP;S1;Petani/Nelayan;Wiraswasta;1;4;Finansial;Tidak
MHS00670;Tidak;S2;SMA/SMK;Profesional (dokter/guru/dll);Tidak Bekerja;1;3;Adaptasi;Tidak
MHS00671;Ya;SMA/SMK;SMA/SMK;Petani/Nelayan;Tidak Bekerja;1;2;Finansial;Ya
MHS00672;Tidak;D3;D3;PNS/ASN;Wiraswasta;0;4;Finansial;Tidak
MHS00673;Tidak;S1;D3;PNS/ASN;Tidak Bekerja;0;5;Sosial;Ya
MHS00674;Tidak;D3;S1;Buruh/Pekerja Harian;Wiraswasta;2;4;Akademik;Ya
MHS00675;Ya;SMA/SMK;Tidak Sekolah;Buruh/Pekerja Harian;Tidak Bekerja;0;3;Finansial;Ya
MHS00676;Tidak;D3;SMA/SMK;PNS/ASN;Wiraswasta;0;3;Akademik;Tidak
MHS00677;Tidak;SMP;D3;Petani/Nelayan;Tidak Bekerja;0;2;Adaptasi;Tidak
MHS00678;Tidak;S1;S2;Karyawan Swasta;Karyawan Swasta;2;4;Akademik;Tidak
MHS00679;Tidak;S1;S1;TNI/Polri;Karyawan Swasta;0;5;Adaptasi;Ya
MHS00680;Tidak;S2;S1;Karyawan Swasta;Wiraswasta;0;4;Adaptasi;Tidak
MHS00681;Ya;SMA/SMK;SMP;Karyawan Swasta;Wiraswasta;0;3;Akademik;Ya
MHS00682;Tidak;SMA/SMK;S2;PNS/ASN;PNS/ASN;0;4;Adaptasi;Ya
MHS00683;Tidak;SMA/SMK;S1;Karyawan Swasta;Karyawan Swasta;1;4;Akademik;Tidak
MHS00684;Tidak;S1;SMA/SMK;PNS/ASN;Karyawan Swasta;1;2;Akademik;Tidak
MHS00685;Tidak;S1;S1;Wiraswasta;Wiraswasta;0;4;Akademik;Tidak
MHS00686;Tidak;D3;D3;Karyawan Swasta;Tidak Bekerja;2;4;Finansial;Ya
MHS00687;Tidak;S3;S2;Profesional (dokter/guru/dll);Profesional (dokter/guru/dll);1;4;Sosial;Tidak
MHS00688;Tidak;D3;SMP;TNI/Polri;Karyawan Swasta;1;3;Akademik;Tidak
MHS00689;Tidak;D3;SMP;Buruh/Pekerja Harian;Tidak Bekerja;1;5;Akademik;Ya
MHS00690;Tidak;SMA/SMK;D3;Tidak Bekerja;PNS/ASN;1;3;Finansial;Ya
MHS00691;Tidak;D3;SMA/SMK;Karyawan Swasta;Tidak Bekerja;0;3;Sosial;Tidak
MHS00692;Tidak;SMA/SMK;S1;Wiraswasta;Karyawan Swasta;0;5;Akademik;Ya
MHS00693;Ya;SD;SD;Petani/Nelayan;Karyawan Swasta;0;1;Finansial;Tidak
MHS00694;Ya;SMA/SMK;SMP;Wiraswasta;Tidak Bekerja;0;4;Finansial;Tidak
MHS00695;Ya;SMP;SMA/SMK;Buruh/Pekerja Harian;Karyawan Swasta;0;4;Finansial;Ya
MHS00696;Tidak;S1;SMP;Karyawan Swasta;Tidak Bekerja;1;4;Adaptasi;Ya
MHS00697;Ya;SMA/SMK;SMA/SMK;Wiraswasta;Wiraswasta;0;4;Adaptasi;Tidak
MHS00698;Tidak;S1;SMA/SMK;Wiraswasta;Wiraswasta;2;5;Akademik;Tidak
MHS00699;Ya;SMA/SMK;Tidak Sekolah;TNI/Polri;Buruh/Pekerja Harian;0;3;Akademik;Ya
MHS00700;Ya;Tidak Sekolah;SD;Tidak Bekerja;Tidak Bekerja;0;1;Finansial;Tidak
MHS00701;Tidak;S1;SMA/SMK;TNI/Polri;Buruh/Pekerja Harian;0;3;Finansial;Tidak
MHS00702;Ya;SMA/SMK;SMA/SMK;Karyawan Swasta;Tidak Bekerja;2;4;Finansial;Ya
MHS00703;Tidak;S1;SMA/SMK;PNS/ASN;Wiraswasta;0;5;Sosial;Ya
MHS00704;Tidak;SMA/SMK;S1;Wiraswasta;Profesional (dokter/guru/dll);2;5;Adaptasi;Tidak
MHS00705;Tidak;SMA/SMK;S2;Karyawan Swasta;Karyawan Swasta;1;3;Akademik;Tidak
MHS00706;Tidak;S1;S2;Karyawan Swasta;Wiraswasta;2;4;Sosial;Tidak
MHS00707;Tidak;S1;SMP;Karyawan Swasta;Tidak Bekerja;0;5;Akademik;Tidak
MHS00708;Ya;SMA/SMK;SMA/SMK;Buruh/Pekerja Harian;Karyawan Swasta;0;2;Finansial;Tidak
MHS00709;Tidak;S1;SMA/SMK;Karyawan Swasta;Wiraswasta;0;3;Sosial;Tidak
MHS00710;Ya;SMA/SMK;SMA/SMK;PNS/ASN;Tidak Bekerja;0;4;Finansial;Tidak
MHS00711;Ya;SMP;SMA/SMK;Karyawan Swasta;Tidak Bekerja;2;4;Akademik;Tidak
MHS00712;Tidak;D3;SD;Karyawan Swasta;Buruh/Pekerja Harian;0;3;Finansial;Tidak
MHS00713;Tidak;S2;S2;Profesional (dokter/guru/dll);PNS/ASN;1;5;Adaptasi;Tidak
MHS00714;Ya;Tidak Sekolah;SD;Buruh/Pekerja Harian;Tidak Bekerja;0;1;Finansial;Ya
MHS00715;Ya;SMP;SMA/SMK;Wiraswasta;Karyawan Swasta;2;5;Finansial;Tidak
MHS00716;Ya;SMA/SMK;SMA/SMK;Petani/Nelayan;Karyawan Swasta;0;3;Finansial;Ya
MHS00717;Tidak;S1;S1;Profesional (dokter/guru/dll);Tidak Bekerja;1;4;Adaptasi;Ya
MHS00718;Tidak;S1;S1;Buruh/Pekerja Harian;Tidak Bekerja;0;4;Adaptasi;Tidak
MHS00719;Tidak;D3;S1;PNS/ASN;Wiraswasta;1;5;Akademik;Tidak
MHS00720;Ya;SMP;SMA/SMK;Buruh/Pekerja Harian;Tidak Bekerja;0;3;Finansial;Ya
MHS00721;Ya;SMA/SMK;SMP;Tidak Bekerja;Tidak Bekerja;0;2;Akademik;Ya
MHS00722;Tidak;S1;D3;PNS/ASN;Wiraswasta;1;3;Akademik;Tidak
MHS00723;Tidak;SMA/SMK;S1;Buruh/Pekerja Harian;Tidak Bekerja;0;3;Sosial;Tidak
MHS00724;Tidak;S1;S2;PNS/ASN;Wiraswasta;1;5;Adaptasi;Ya
MHS00725;Tidak;S1;S1;Karyawan Swasta;Karyawan Swasta;2;5;Sosial;Tidak
MHS00726;Ya;SMA/SMK;SMA/SMK;Tidak Bekerja;Tidak Bekerja;1;2;Adaptasi;Tidak
MHS00727;Tidak;S1;D3;Karyawan Swasta;Karyawan Swasta;1;4;Akademik;Tidak
MHS00728;Tidak;S1;S1;PNS/ASN;Tidak Bekerja;1;4;Akademik;Tidak
MHS00729;Ya;SMA/SMK;SMA/SMK;Karyawan Swasta;Tidak Bekerja;0;4;Akademik;Ya
MHS00730;Tidak;S2;SMA/SMK;PNS/ASN;Karyawan Swasta;0;3;Sosial;Tidak
MHS00731;Tidak;D3;SMA/SMK;Tidak Bekerja;Karyawan Swasta;1;4;Finansial;Ya
MHS00732;Ya;Tidak Sekolah;SMA/SMK;Buruh/Pekerja Harian;PNS/ASN;0;1;Finansial;Ya
MHS00733;Ya;SMA/SMK;SMA/SMK;Wiraswasta;Tidak Bekerja;0;1;Sosial;Ya
MHS00734;Ya;SMA/SMK;SMA/SMK;Karyawan Swasta;Tidak Bekerja;1;3;Finansial;Tidak
MHS00735;Ya;SD;SMA/SMK;Wiraswasta;Tidak Bekerja;1;3;Finansial;Ya
MHS00736;Ya;SMP;Tidak Sekolah;Wiraswasta;Tidak Bekerja;0;3;Finansial;Ya
MHS00737;Ya;SMA/SMK;SMA/SMK;Petani/Nelayan;Wiraswasta;0;3;Finansial;Ya
MHS00738;Tidak;D3;S1;Karyawan Swasta;Wiraswasta;2;3;Finansial;Tidak
MHS00739;Tidak;SMA/SMK;S1;Wiraswasta;Wiraswasta;1;5;Adaptasi;Tidak
MHS00740;Ya;SMA/SMK;SMA/SMK;Wiraswasta;Karyawan Swasta;0;2;Akademik;Tidak
MHS00741;Ya;SMA/SMK;SMA/SMK;Petani/Nelayan;Wiraswasta;0;3;Finansial;Ya
MHS00742;Ya;SMP;SMA/SMK;Buruh/Pekerja Harian;Tidak Bekerja;1;3;Akademik;Tidak
MHS00743;Tidak;SMP;S2;Buruh/Pekerja Harian;PNS/ASN;1;3;Finansial;Tidak
MHS00744;Tidak;SMP;S1;Buruh/Pekerja Harian;Wiraswasta;1;4;Finansial;Ya
MHS00745;Tidak;S1;SMP;PNS/ASN;Tidak Bekerja;0;3;Finansial;Tidak
MHS00746;Tidak;S1;D3;PNS/ASN;Wiraswasta;1;3;Adaptasi;Tidak
MHS00747;Ya;SMP;SD;Tidak Bekerja;Wiraswasta;0;3;Finansial;Ya
MHS00748;Tidak;D3;D3;TNI/Polri;Karyawan Swasta;0;3;Akademik;Tidak
MHS00749;Tidak;S3;SMA/SMK;Karyawan Swasta;PNS/ASN;0;4;Akademik;Tidak
MHS00750;Ya;SMA/SMK;SMA/SMK;PNS/ASN;Tidak Bekerja;0;3;Adaptasi;Ya
MHS00751;Tidak;S2;S3;Wiraswasta;Tidak Bekerja;1;5;Akademik;Tidak
MHS00752;Ya;SMA/SMK;SMA/SMK;Profesional (dokter/guru/dll);Tidak Bekerja;0;4;Akademik;Tidak
MHS00753;Ya;SD;SMP;Tidak Bekerja;Tidak Bekerja;1;2;Sosial;Tidak
MHS00754;Tidak;SMA/SMK;S1;Wiraswasta;PNS/ASN;1;2;Finansial;Ya
MHS00755;Tidak;S1;S1;Wiraswasta;Tidak Bekerja;1;3;Adaptasi;Tidak
MHS00756;Tidak;SMP;S1;Buruh/Pekerja Harian;Profesional (dokter/guru/dll);0;3;Finansial;Tidak
MHS00757;Ya;SMP;SMA/SMK;Buruh/Pekerja Harian;PNS/ASN;0;2;Akademik;Tidak
MHS00758;Tidak;S1;SMA/SMK;Profesional (dokter/guru/dll);PNS/ASN;0;4;Finansial;Tidak
MHS00759;Ya;SMP;SD;Profesional (dokter/guru/dll);Wiraswasta;0;3;Adaptasi;Tidak
MHS00760;Tidak;SMA/SMK;S1;Wiraswasta;Wiraswasta;0;4;Adaptasi;Tidak
MHS00761;Tidak;D3;S2;Wiraswasta;Profesional (dokter/guru/dll);2;4;Sosial;Ya
MHS00762;Ya;SD;Tidak Sekolah;Wiraswasta;Tidak Bekerja;0;4;Finansial;Ya
MHS00763;Ya;SMA/SMK;SMA/SMK;Wiraswasta;Wiraswasta;0;4;Akademik;Tidak
MHS00764;Tidak;S1;SMA/SMK;TNI/Polri;Karyawan Swasta;2;4;Akademik;Tidak
MHS00765;Tidak;SD;D3;Petani/Nelayan;Tidak Bekerja;0;3;Finansial;Ya
MHS00766;Tidak;SD;D3;Buruh/Pekerja Harian;Tidak Bekerja;0;2;Finansial;Tidak
MHS00767;Ya;SD;SMA/SMK;Buruh/Pekerja Harian;Tidak Bekerja;0;3;Finansial;Tidak
MHS00768;Ya;SD;SMA/SMK;Buruh/Pekerja Harian;Tidak Bekerja;0;3;Adaptasi;Ya
MHS00769;Tidak;SMA/SMK;S1;PNS/ASN;Karyawan Swasta;0;4;Akademik;Tidak
MHS00770;Tidak;D3;SMA/SMK;PNS/ASN;Tidak Bekerja;1;3;Akademik;Tidak
MHS00771;Ya;SMA/SMK;SMA/SMK;Karyawan Swasta;PNS/ASN;1;2;Akademik;Ya
MHS00772;Tidak;S1;SMP;Profesional (dokter/guru/dll);Tidak Bekerja;1;2;Sosial;Tidak
MHS00773;Tidak;D3;S3;Wiraswasta;Profesional (dokter/guru/dll);0;4;Finansial;Ya
MHS00774;Tidak;D3;S3;Profesional (dokter/guru/dll);Karyawan Swasta;0;3;Akademik;Tidak
MHS00775;Ya;SMP;SMA/SMK;Wiraswasta;Tidak Bekerja;0;2;Finansial;Tidak
MHS00776;Ya;SMA/SMK;SMA/SMK;Wiraswasta;Tidak Bekerja;0;3;Sosial;Tidak
MHS00777;Ya;SMA/SMK;SMA/SMK;Buruh/Pekerja Harian;Wiraswasta;0;5;Adaptasi;Tidak
MHS00778;Tidak;SMP;D3;Petani/Nelayan;Tidak Bekerja;1;2;Finansial;Ya
MHS00779;Tidak;SMA/SMK;D3;PNS/ASN;Tidak Bekerja;0;3;Finansial;Tidak
MHS00780;Tidak;S2;S1;PNS/ASN;Wiraswasta;0;5;Adaptasi;Tidak
MHS00781;Tidak;S3;D3;Profesional (dokter/guru/dll);Tidak Bekerja;4;4;Sosial;Tidak
MHS00782;Tidak;S1;D3;Wiraswasta;Wiraswasta;1;2;Akademik;Ya
MHS00783;Ya;SMA/SMK;SMA/SMK;Buruh/Pekerja Harian;Tidak Bekerja;0;3;Adaptasi;Tidak
MHS00784;Tidak;D3;SMA/SMK;PNS/ASN;Wiraswasta;0;4;Finansial;Tidak
MHS00785;Ya;SD;SMA/SMK;Petani/Nelayan;Tidak Bekerja;0;1;Akademik;Tidak
MHS00786;Tidak;S1;S2;Karyawan Swasta;PNS/ASN;3;1;Sosial;Ya
MHS00787;Tidak;S1;SMA/SMK;Profesional (dokter/guru/dll);Tidak Bekerja;1;4;Adaptasi;Tidak
MHS00788;Tidak;D3;S1;Wiraswasta;Karyawan Swasta;0;4;Adaptasi;Tidak
MHS00789;Ya;SMA/SMK;SMP;Wiraswasta;Tidak Bekerja;0;3;Sosial;Ya
MHS00790;Tidak;S1;SMA/SMK;Karyawan Swasta;Wiraswasta;1;5;Akademik;Tidak
MHS00791;Ya;SMA/SMK;SD;Karyawan Swasta;Karyawan Swasta;0;2;Akademik;Tidak
MHS00792;Tidak;S2;S1;Profesional (dokter/guru/dll);Wiraswasta;2;4;Adaptasi;Tidak
MHS00793;Tidak;S1;D3;Karyawan Swasta;Karyawan Swasta;0;3;Adaptasi;Tidak
MHS00794;Ya;SMP;SD;Wiraswasta;Tidak Bekerja;3;3;Akademik;Tidak
MHS00795;Tidak;D3;S1;PNS/ASN;PNS/ASN;1;4;Adaptasi;Tidak
MHS00796;Tidak;S2;S2;Karyawan Swasta;Karyawan Swasta;1;5;Sosial;Ya
MHS00797;Tidak;S3;S1;Wiraswasta;Buruh/Pekerja Harian;1;5;Akademik;Tidak
MHS00798;Tidak;S1;D3;Wiraswasta;PNS/ASN;0;5;Akademik;Tidak
MHS00799;Ya;SMP;SMA/SMK;Karyawan Swasta;Wiraswasta;3;2;Adaptasi;Tidak
MHS00800;Tidak;S1;S1;Wiraswasta;Profesional (dokter/guru/dll);1;4;Akademik;Tidak
MHS00801;Ya;SMP;SMA/SMK;Buruh/Pekerja Harian;Tidak Bekerja;0;4;Adaptasi;Tidak
MHS00802;Tidak;S2;S1;PNS/ASN;Wiraswasta;0;5;Akademik;Tidak
MHS00803;Ya;SMP;SMP;Wiraswasta;Tidak Bekerja;0;2;Finansial;Tidak
MHS00804;Tidak;SMP;S1;Buruh/Pekerja Harian;PNS/ASN;0;4;Akademik;Ya
MHS00805;Tidak;D3;S1;PNS/ASN;Profesional (dokter/guru/dll);0;4;Akademik;Ya
MHS00806;Tidak;S1;SD;Profesional (dokter/guru/dll);Tidak Bekerja;1;1;Adaptasi;Tidak
MHS00807;Tidak;D3;SMA/SMK;Wiraswasta;Karyawan Swasta;0;4;Finansial;Tidak
MHS00808;Ya;SMA/SMK;SMA/SMK;PNS/ASN;Wiraswasta;1;3;Finansial;Ya
MHS00809;Ya;SMA/SMK;SMA/SMK;PNS/ASN;Tidak Bekerja;2;4;Adaptasi;Tidak
MHS00810;Ya;SD;SMA/SMK;PNS/ASN;PNS/ASN;2;3;Akademik;Tidak
MHS00811;Ya;SMP;SMA/SMK;Wiraswasta;Wiraswasta;1;4;Akademik;Ya
MHS00812;Tidak;S1;S1;Petani/Nelayan;PNS/ASN;2;4;Adaptasi;Tidak
MHS00813;Tidak;SMA/SMK;S1;PNS/ASN;Wiraswasta;2;2;Finansial;Tidak
MHS00814;Ya;SMA/SMK;SMA/SMK;Buruh/Pekerja Harian;Karyawan Swasta;0;4;Finansial;Ya
MHS00815;Ya;SMP;SMA/SMK;Tidak Bekerja;Wiraswasta;1;3;Sosial;Ya
MHS00816;Ya;Tidak Sekolah;Tidak Sekolah;Buruh/Pekerja Harian;Buruh/Pekerja Harian;0;1;Finansial;Ya
MHS00817;Tidak;S1;S1;PNS/ASN;PNS/ASN;1;5;Sosial;Tidak
MHS00818;Tidak;S1;S1;TNI/Polri;Karyawan Swasta;0;3;Akademik;Tidak
MHS00819;Tidak;D3;SMA/SMK;Karyawan Swasta;Tidak Bekerja;0;5;Adaptasi;Tidak
MHS00820;Ya;SD;Tidak Sekolah;Petani/Nelayan;Tidak Bekerja;1;3;Finansial;Ya
MHS00821;Ya;SMA/SMK;SMA/SMK;Buruh/Pekerja Harian;Buruh/Pekerja Harian;1;4;Finansial;Ya
MHS00822;Tidak;S1;SMA/SMK;Karyawan Swasta;Buruh/Pekerja Harian;0;4;Akademik;Tidak
MHS00823;Tidak;SMP;S1;Karyawan Swasta;Karyawan Swasta;1;4;Akademik;Ya
MHS00824;Tidak;S2;SMP;Karyawan Swasta;Tidak Bekerja;0;3;Finansial;Tidak
MHS00825;Ya;SMA/SMK;SMA/SMK;Petani/Nelayan;PNS/ASN;0;5;Akademik;Tidak
MHS00826;Ya;SMA/SMK;SMP;Petani/Nelayan;Buruh/Pekerja Harian;0;4;Finansial;Tidak
MHS00827;Tidak;S1;S2;Karyawan Swasta;PNS/ASN;0;4;Akademik;Tidak
MHS00828;Tidak;SD;S1;Tidak Bekerja;Karyawan Swasta;1;3;Akademik;Ya
MHS00829;Ya;SD;SMP;Buruh/Pekerja Harian;Buruh/Pekerja Harian;1;3;Finansial;Tidak
MHS00830;Tidak;S1;SMA/SMK;Karyawan Swasta;Buruh/Pekerja Harian;0;2;Akademik;Ya
MHS00831;Tidak;SMA/SMK;S1;Buruh/Pekerja Harian;Karyawan Swasta;0;4;Sosial;Ya
MHS00832;Tidak;D3;D3;Karyawan Swasta;PNS/ASN;0;1;Finansial;Ya
MHS00833;Tidak;S1;S1;Buruh/Pekerja Harian;Wiraswasta;1;2;Adaptasi;Tidak
MHS00834;Tidak;S3;S1;Profesional (dokter/guru/dll);Tidak Bekerja;1;4;Akademik;Tidak
MHS00835;Tidak;SMP;S1;Buruh/Pekerja Harian;Profesional (dokter/guru/dll);0;3;Akademik;Tidak
MHS00836;Tidak;S3;S1;Profesional (dokter/guru/dll);Karyawan Swasta;1;4;Sosial;Tidak
MHS00837;Tidak;SMA/SMK;S1;Karyawan Swasta;PNS/ASN;0;3;Sosial;Tidak
MHS00838;Ya;SMP;SMP;Petani/Nelayan;Wiraswasta;0;4;Finansial;Ya
MHS00839;Tidak;SMA/SMK;S1;Buruh/Pekerja Harian;PNS/ASN;0;4;Finansial;Tidak
MHS00840;Tidak;S1;SMA/SMK;Wiraswasta;Tidak Bekerja;0;4;Akademik;Tidak
MHS00841;Tidak;S1;S2;Buruh/Pekerja Harian;Wiraswasta;0;3;Akademik;Tidak
MHS00842;Ya;SMA/SMK;SMA/SMK;Karyawan Swasta;PNS/ASN;0;3;Finansial;Ya
MHS00843;Ya;SD;SMP;Buruh/Pekerja Harian;Buruh/Pekerja Harian;0;2;Akademik;Tidak
MHS00844;Ya;Tidak Sekolah;SMA/SMK;Petani/Nelayan;Tidak Bekerja;0;1;Finansial;Ya
MHS00845;Ya;SMA/SMK;SMA/SMK;Petani/Nelayan;Karyawan Swasta;0;3;Akademik;Ya
MHS00846;Ya;SMA/SMK;SMP;Karyawan Swasta;Buruh/Pekerja Harian;1;4;Adaptasi;Ya
MHS00847;Ya;SMA/SMK;SMA/SMK;Wiraswasta;Karyawan Swasta;1;3;Finansial;Ya
MHS00848;Ya;SMA/SMK;SMP;Wiraswasta;Karyawan Swasta;0;1;Finansial;Ya
MHS00849;Ya;SMA/SMK;SMA/SMK;TNI/Polri;Tidak Bekerja;0;4;Adaptasi;Tidak
MHS00850;Ya;SMA/SMK;SMA/SMK;PNS/ASN;Karyawan Swasta;0;4;Sosial;Tidak
MHS00851;Ya;SMP;SMP;Petani/Nelayan;PNS/ASN;1;3;Sosial;Tidak
MHS00852;Ya;SMP;SMA/SMK;Petani/Nelayan;Tidak Bekerja;0;1;Finansial;Ya
MHS00853;Tidak;S1;S1;Wiraswasta;Wiraswasta;1;3;Akademik;Tidak
MHS00854;Tidak;S2;SMA/SMK;Wiraswasta;Wiraswasta;1;5;Akademik;Tidak
MHS00855;Tidak;S1;SMP;PNS/ASN;Tidak Bekerja;1;4;Adaptasi;Tidak
MHS00856;Ya;SMP;SMA/SMK;Wiraswasta;Tidak Bekerja;1;3;Sosial;Ya
MHS00857;Tidak;D3;D3;Karyawan Swasta;Tidak Bekerja;1;4;Finansial;Ya
MHS00858;Ya;SMP;SMA/SMK;Buruh/Pekerja Harian;Tidak Bekerja;5;1;Finansial;Ya
MHS00859;Tidak;SMA/SMK;S1;Wiraswasta;Karyawan Swasta;2;4;Akademik;Ya
MHS00860;Ya;SD;SMP;Tidak Bekerja;Buruh/Pekerja Harian;1;1;Finansial;Ya
MHS00861;Tidak;SMA/SMK;D3;Petani/Nelayan;PNS/ASN;2;3;Finansial;Tidak
MHS00862;Ya;SMA/SMK;SMA/SMK;Petani/Nelayan;Profesional (dokter/guru/dll);0;4;Finansial;Tidak
MHS00863;Tidak;SMA/SMK;D3;PNS/ASN;Karyawan Swasta;0;3;Akademik;Ya
MHS00864;Tidak;S1;S1;PNS/ASN;PNS/ASN;2;5;Sosial;Ya
MHS00865;Ya;SMA/SMK;SMA/SMK;Karyawan Swasta;Tidak Bekerja;1;2;Adaptasi;Tidak
MHS00866;Ya;SMA/SMK;SMA/SMK;Buruh/Pekerja Harian;Karyawan Swasta;0;5;Finansial;Ya
MHS00867;Tidak;D3;SMA/SMK;Buruh/Pekerja Harian;Wiraswasta;0;2;Finansial;Tidak
MHS00868;Tidak;S3;S2;PNS/ASN;Karyawan Swasta;4;5;Adaptasi;Tidak
MHS00869;Tidak;SMA/SMK;D3;Buruh/Pekerja Harian;PNS/ASN;2;4;Sosial;Ya
MHS00870;Ya;Tidak Sekolah;SMP;Petani/Nelayan;Tidak Bekerja;0;1;Finansial;Tidak
MHS00871;Ya;SMP;SD;Wiraswasta;Wiraswasta;0;1;Finansial;Tidak
MHS00872;Tidak;S1;D3;PNS/ASN;PNS/ASN;1;3;Finansial;Tidak
MHS00873;Tidak;S1;S1;Wiraswasta;Wiraswasta;1;3;Adaptasi;Tidak
MHS00874;Ya;SMA/SMK;SMA/SMK;Karyawan Swasta;Karyawan Swasta;0;3;Sosial;Tidak
MHS00875;Ya;SMP;SMP;Petani/Nelayan;Buruh/Pekerja Harian;2;3;Finansial;Tidak
MHS00876;Ya;SMP;SMP;Buruh/Pekerja Harian;Buruh/Pekerja Harian;1;1;Finansial;Ya
MHS00877;Tidak;SMA/SMK;S1;Wiraswasta;Wiraswasta;0;3;Finansial;Tidak
MHS00878;Ya;SMA/SMK;SMA/SMK;TNI/Polri;Tidak Bekerja;0;2;Finansial;Tidak
MHS00879;Ya;SMA/SMK;SMA/SMK;Karyawan Swasta;Tidak Bekerja;1;3;Finansial;Tidak
MHS00880;Tidak;SMA/SMK;S2;PNS/ASN;Karyawan Swasta;1;4;Finansial;Tidak
MHS00881;Ya;SD;SD;Petani/Nelayan;Buruh/Pekerja Harian;0;2;Finansial;Tidak
MHS00882;Tidak;D3;D3;Wiraswasta;Buruh/Pekerja Harian;0;5;Akademik;Ya
MHS00883;Ya;SD;SMA/SMK;Petani/Nelayan;Profesional (dokter/guru/dll);1;2;Finansial;Tidak
MHS00884;Ya;SMA/SMK;SD;Wiraswasta;Tidak Bekerja;1;3;Finansial;Ya
MHS00885;Tidak;SMA/SMK;S1;Wiraswasta;PNS/ASN;1;4;Akademik;Tidak
MHS00886;Ya;SMP;SMA/SMK;Petani/Nelayan;Karyawan Swasta;1;3;Finansial;Ya
MHS00887;Tidak;SMA/SMK;S1;Karyawan Swasta;Tidak Bekerja;0;4;Akademik;Tidak
MHS00888;Tidak;S1;SMP;TNI/Polri;Buruh/Pekerja Harian;2;3;Sosial;Ya
MHS00889;Tidak;S2;SMA/SMK;Profesional (dokter/guru/dll);Tidak Bekerja;2;3;Adaptasi;Tidak
MHS00890;Ya;SMA/SMK;SMP;Wiraswasta;Buruh/Pekerja Harian;0;5;Akademik;Tidak
MHS00891;Tidak;D3;SMP;Wiraswasta;Wiraswasta;1;4;Sosial;Ya
MHS00892;Ya;SMA/SMK;SMA/SMK;Petani/Nelayan;Buruh/Pekerja Harian;0;4;Finansial;Ya
MHS00893;Tidak;SMA/SMK;S1;Buruh/Pekerja Harian;Tidak Bekerja;2;3;Finansial;Tidak
MHS00894;Ya;SMP;SMA/SMK;Petani/Nelayan;Wiraswasta;1;2;Finansial;Tidak
MHS00895;Tidak;SMA/SMK;S3;Petani/Nelayan;Wiraswasta;0;4;Sosial;Tidak
MHS00896;Tidak;S2;S2;Petani/Nelayan;PNS/ASN;1;3;Finansial;Tidak
MHS00897;Tidak;D3;D3;Profesional (dokter/guru/dll);Karyawan Swasta;0;4;Akademik;Tidak
MHS00898;Ya;SD;SMP;Buruh/Pekerja Harian;Tidak Bekerja;0;1;Finansial;Ya
MHS00899;Ya;SD;SD;Tidak Bekerja;Karyawan Swasta;0;2;Finansial;Ya
MHS00900;Tidak;SMP;D3;TNI/Polri;Wiraswasta;2;5;Adaptasi;Tidak
MHS00901;Tidak;SMA/SMK;S1;PNS/ASN;Wiraswasta;2;4;Finansial;Tidak
MHS00902;Ya;SMP;SMP;Profesional (dokter/guru/dll);Tidak Bekerja;0;2;Adaptasi;Ya
MHS00903;Tidak;S2;S1;Wiraswasta;Karyawan Swasta;2;5;Finansial;Tidak
MHS00904;Tidak;S1;SMP;Karyawan Swasta;Tidak Bekerja;0;4;Sosial;Tidak
MHS00905;Tidak;SMA/SMK;S1;Karyawan Swasta;PNS/ASN;0;4;Adaptasi;Tidak
MHS00906;Ya;SMA/SMK;SD;Wiraswasta;Tidak Bekerja;0;3;Adaptasi;Tidak
MHS00907;Ya;SMA/SMK;SMP;Karyawan Swasta;Wiraswasta;0;3;Akademik;Tidak
MHS00908;Ya;SMA/SMK;SMA/SMK;Buruh/Pekerja Harian;Tidak Bekerja;0;2;Adaptasi;Tidak
MHS00909;Tidak;S2;S1;Profesional (dokter/guru/dll);Karyawan Swasta;2;5;Sosial;Tidak
MHS00910;Tidak;SMA/SMK;D3;Petani/Nelayan;Karyawan Swasta;1;5;Adaptasi;Tidak
MHS00911;Ya;SMP;SMP;Buruh/Pekerja Harian;Tidak Bekerja;1;3;Akademik;Ya
MHS00912;Ya;SMA/SMK;SMP;PNS/ASN;Buruh/Pekerja Harian;1;4;Finansial;Tidak
MHS00913;Ya;Tidak Sekolah;SMA/SMK;Tidak Bekerja;Buruh/Pekerja Harian;0;1;Finansial;Ya
MHS00914;Tidak;S1;S2;Petani/Nelayan;Profesional (dokter/guru/dll);2;3;Sosial;Tidak
MHS00915;Tidak;S1;S3;PNS/ASN;Karyawan Swasta;1;5;Adaptasi;Tidak
MHS00916;Tidak;S2;SMA/SMK;PNS/ASN;Tidak Bekerja;0;4;Akademik;Tidak
MHS00917;Tidak;S1;S1;TNI/Polri;Karyawan Swasta;1;5;Finansial;Ya
MHS00918;Tidak;S2;SMA/SMK;PNS/ASN;Buruh/Pekerja Harian;0;5;Adaptasi;Tidak
MHS00919;Ya;SMA/SMK;SD;Karyawan Swasta;Tidak Bekerja;1;3;Akademik;Tidak
MHS00920;Tidak;S3;S3;PNS/ASN;PNS/ASN;5;4;Akademik;Tidak
MHS00921;Tidak;SMP;S1;Buruh/Pekerja Harian;Karyawan Swasta;0;2;Adaptasi;Ya
MHS00922;Tidak;D3;SMA/SMK;Karyawan Swasta;Karyawan Swasta;1;3;Akademik;Ya
MHS00923;Tidak;SMA/SMK;S1;Wiraswasta;Profesional (dokter/guru/dll);1;4;Adaptasi;Tidak
MHS00924;Ya;SMP;SMP;Buruh/Pekerja Harian;Buruh/Pekerja Harian;1;3;Finansial;Ya
MHS00925;Ya;SD;SMP;Buruh/Pekerja Harian;Karyawan Swasta;1;1;Finansial;Ya
MHS00926;Tidak;S1;D3;Wiraswasta;PNS/ASN;0;4;Akademik;Tidak
MHS00927;Ya;SMA/SMK;SMP;Karyawan Swasta;Karyawan Swasta;0;3;Adaptasi;Tidak
MHS00928;Tidak;SMA/SMK;D3;Buruh/Pekerja Harian;Tidak Bekerja;1;5;Akademik;Tidak
MHS00929;Ya;SMP;Tidak Sekolah;Wiraswasta;Karyawan Swasta;0;3;Akademik;Ya
MHS00930;Tidak;D3;SMA/SMK;Karyawan Swasta;PNS/ASN;0;3;Akademik;Tidak
MHS00931;Tidak;D3;SD;Karyawan Swasta;Tidak Bekerja;0;2;Finansial;Tidak
MHS00932;Ya;SMP;SMA/SMK;TNI/Polri;Wiraswasta;2;3;Finansial;Tidak
MHS00933;Tidak;SMP;D3;Buruh/Pekerja Harian;Karyawan Swasta;1;3;Finansial;Ya
MHS00934;Tidak;S2;SMA/SMK;Wiraswasta;Karyawan Swasta;0;4;Adaptasi;Tidak
MHS00935;Tidak;SMA/SMK;D3;Karyawan Swasta;Wiraswasta;1;4;Finansial;Tidak
MHS00936;Ya;SMA/SMK;SMP;Karyawan Swasta;Tidak Bekerja;0;4;Sosial;Tidak
MHS00937;Ya;SMP;SMP;Karyawan Swasta;Karyawan Swasta;0;2;Sosial;Tidak
MHS00938;Ya;SMA/SMK;SMA/SMK;Tidak Bekerja;Tidak Bekerja;0;1;Finansial;Ya
MHS00939;Tidak;D3;SMA/SMK;Wiraswasta;Buruh/Pekerja Harian;0;4;Finansial;Tidak
MHS00940;Ya;SMA/SMK;SMA/SMK;Karyawan Swasta;Tidak Bekerja;0;3;Akademik;Tidak
MHS00941;Ya;SD;SMA/SMK;Buruh/Pekerja Harian;Tidak Bekerja;0;3;Adaptasi;Ya
MHS00942;Tidak;SMP;S2;PNS/ASN;Profesional (dokter/guru/dll);1;3;Adaptasi;Tidak
MHS00943;Tidak;SMA/SMK;S1;PNS/ASN;PNS/ASN;0;3;Akademik;Ya
MHS00944;Tidak;S2;SMA/SMK;Wiraswasta;Tidak Bekerja;1;4;Sosial;Tidak
MHS00945;Tidak;S1;S1;Karyawan Swasta;Karyawan Swasta;0;4;Akademik;Ya
MHS00946;Tidak;SMA/SMK;S1;Karyawan Swasta;Wiraswasta;1;2;Sosial;Ya
MHS00947;Tidak;S2;S2;PNS/ASN;Karyawan Swasta;4;4;Adaptasi;Tidak
MHS00948;Ya;SMA/SMK;SMA/SMK;Buruh/Pekerja Harian;PNS/ASN;0;1;Adaptasi;Tidak
MHS00949;Ya;SMP;SD;Buruh/Pekerja Harian;Buruh/Pekerja Harian;0;2;Finansial;Ya
MHS00950;Tidak;S1;S1;Karyawan Swasta;Tidak Bekerja;1;4;Finansial;Tidak
MHS00951;Tidak;D3;D3;Tidak Bekerja;Tidak Bekerja;0;2;Adaptasi;Tidak
MHS00952;Ya;SMP;SMA/SMK;Karyawan Swasta;PNS/ASN;0;2;Finansial;Tidak
MHS00953;Tidak;SMA/SMK;S1;Karyawan Swasta;Wiraswasta;0;4;Adaptasi;Tidak
MHS00954;Ya;SMP;SMA/SMK;Wiraswasta;Karyawan Swasta;0;3;Finansial;Ya
MHS00955;Tidak;S1;S1;Wiraswasta;Profesional (dokter/guru/dll);3;5;Sosial;Tidak
MHS00956;Tidak;S2;S1;Profesional (dokter/guru/dll);Karyawan Swasta;0;5;Akademik;Tidak
MHS00957;Tidak;D3;SMA/SMK;Karyawan Swasta;Wiraswasta;1;5;Akademik;Tidak
MHS00958;Tidak;S1;S1;Wiraswasta;Karyawan Swasta;3;3;Akademik;Tidak
MHS00959;Ya;SMP;Tidak Sekolah;Karyawan Swasta;Tidak Bekerja;1;4;Finansial;Ya
MHS00960;Tidak;SMA/SMK;D3;TNI/Polri;Karyawan Swasta;1;5;Akademik;Tidak
MHS00961;Ya;SMP;SMP;Petani/Nelayan;Karyawan Swasta;0;4;Finansial;Ya
MHS00962;Ya;SMP;SD;Buruh/Pekerja Harian;Buruh/Pekerja Harian;0;3;Akademik;Ya
MHS00963;Ya;SMP;SMA/SMK;Karyawan Swasta;Karyawan Swasta;0;4;Akademik;Ya
MHS00964;Tidak;S2;SMA/SMK;Karyawan Swasta;Wiraswasta;0;3;Sosial;Ya
MHS00965;Ya;SMA/SMK;SMP;Buruh/Pekerja Harian;Wiraswasta;0;2;Adaptasi;Ya
MHS00966;Tidak;S1;SMA/SMK;Buruh/Pekerja Harian;Karyawan Swasta;1;4;Adaptasi;Ya
MHS00967;Tidak;S1;S2;Wiraswasta;Tidak Bekerja;0;5;Sosial;Tidak
MHS00968;Ya;SMA/SMK;SMA/SMK;Wiraswasta;Karyawan Swasta;1;2;Akademik;Ya
MHS00969;Tidak;D3;SMP;Wiraswasta;Tidak Bekerja;0;3;Sosial;Tidak
MHS00970;Ya;SMA/SMK;SMP;TNI/Polri;Tidak Bekerja;1;4;Finansial;Tidak
MHS00971;Ya;SMP;SMP;Wiraswasta;Karyawan Swasta;1;3;Akademik;Tidak
MHS00972;Tidak;S1;S1;PNS/ASN;Tidak Bekerja;2;3;Adaptasi;Tidak
MHS00973;Ya;SD;SMP;Buruh/Pekerja Harian;Wiraswasta;0;3;Sosial;Ya
MHS00974;Tidak;SMP;D3;Petani/Nelayan;Tidak Bekerja;1;1;Finansial;Tidak
MHS00975;Tidak;SMP;D3;Wiraswasta;Tidak Bekerja;0;3;Akademik;Tidak
MHS00976;Tidak;SMA/SMK;S1;Buruh/Pekerja Harian;Wiraswasta;0;4;Finansial;Tidak
MHS00977;Ya;SMA/SMK;SMP;Wiraswasta;PNS/ASN;0;2;Akademik;Tidak
MHS00978;Tidak;SMA/SMK;S1;PNS/ASN;PNS/ASN;1;5;Akademik;Ya
MHS00979;Tidak;D3;SMA/SMK;PNS/ASN;Tidak Bekerja;0;5;Akademik;Tidak
MHS00980;Tidak;S1;S1;PNS/ASN;Karyawan Swasta;1;4;Akademik;Tidak
MHS00981;Tidak;S1;SMA/SMK;Karyawan Swasta;Karyawan Swasta;1;4;Akademik;Tidak
MHS00982;Tidak;S1;SD;Karyawan Swasta;Tidak Bekerja;2;5;Akademik;Tidak
MHS00983;Ya;SMA/SMK;SMA/SMK;Petani/Nelayan;Wiraswasta;0;4;Adaptasi;Tidak
MHS00984;Tidak;SMA/SMK;S1;Petani/Nelayan;Tidak Bekerja;0;4;Finansial;Tidak
MHS00985;Ya;SMA/SMK;SMA/SMK;Petani/Nelayan;Tidak Bekerja;2;3;Akademik;Tidak
MHS00986;Tidak;S1;S3;PNS/ASN;Profesional (dokter/guru/dll);1;4;Akademik;Tidak
MHS00987;Ya;SMA/SMK;SMA/SMK;Petani/Nelayan;Wiraswasta;0;4;Akademik;Ya
MHS00988;Ya;SMA/SMK;SMA/SMK;TNI/Polri;Tidak Bekerja;0;1;Sosial;Tidak
MHS00989;Tidak;S2;D3;PNS/ASN;Buruh/Pekerja Harian;0;5;Sosial;Tidak
MHS00990;Tidak;S1;SMP;Wiraswasta;Wiraswasta;0;3;Sosial;Ya
MHS00991;Ya;SMP;SMA/SMK;Petani/Nelayan;Tidak Bekerja;0;4;Akademik;Ya
MHS00992;Ya;SMA/SMK;SMP;Karyawan Swasta;Tidak Bekerja;1;4;Finansial;Tidak
MHS00993;Ya;SMP;SMP;Tidak Bekerja;Wiraswasta;0;2;Finansial;Ya
MHS00994;Tidak;S1;S1;Buruh/Pekerja Harian;PNS/ASN;1;2;Sosial;Tidak
MHS00995;Tidak;D3;S1;Wiraswasta;Profesional (dokter/guru/dll);0;3;Akademik;Tidak
MHS00996;Tidak;SMA/SMK;S1;Wiraswasta;Karyawan Swasta;2;3;Finansial;Ya
MHS00997;Ya;SMA/SMK;SMP;Petani/Nelayan;Wiraswasta;1;3;Akademik;Ya
MHS00998;Tidak;SMA/SMK;D3;Wiraswasta;Wiraswasta;0;2;Sosial;Ya
MHS00999;Tidak;S3;S2;Karyawan Swasta;Wiraswasta;1;5;Sosial;Tidak
MHS01000;Tidak;S1;SMA/SMK;PNS/ASN;PNS/ASN;0;3;Finansial;Tidak
MHS01001;Ya;SMA/SMK;SMA/SMK;Wiraswasta;Karyawan Swasta;0;4;Finansial;Ya
MHS01002;Tidak;S2;SMP;PNS/ASN;Tidak Bekerja;0;2;Finansial;Tidak
MHS01003;Ya;SMA/SMK;SMA/SMK;Karyawan Swasta;Karyawan Swasta;0;1;Finansial;Tidak
MHS01004;Tidak;D3;D3;Karyawan Swasta;Wiraswasta;1;4;Sosial;Tidak
MHS01005;Tidak;D3;D3;Profesional (dokter/guru/dll);Profesional (dokter/guru/dll);1;4;Akademik;Ya
MHS01006;Tidak;S2;S1;Karyawan Swasta;Tidak Bekerja;1;3;Finansial;Tidak
MHS01007;Tidak;D3;S1;Wiraswasta;Karyawan Swasta;0;4;Adaptasi;Ya
MHS01008;Ya;SMP;SD;Buruh/Pekerja Harian;Tidak Bekerja;0;2;Finansial;Ya
MHS01009;Tidak;S1;SMA/SMK;Karyawan Swasta;Tidak Bekerja;0;4;Akademik;Tidak
MHS01010;Tidak;S1;SMP;Wiraswasta;Profesional (dokter/guru/dll);0;4;Akademik;Tidak
MHS01011;Tidak;S1;D3;Profesional (dokter/guru/dll);Karyawan Swasta;0;4;Akademik;Tidak
MHS01012;Tidak;D3;SD;Karyawan Swasta;Wiraswasta;0;4;Akademik;Ya
MHS01013;Tidak;D3;D3;PNS/ASN;Tidak Bekerja;0;5;Akademik;Tidak
MHS01014;Tidak;S1;D3;Karyawan Swasta;Tidak Bekerja;1;3;Finansial;Tidak
MHS01015;Tidak;S1;S1;PNS/ASN;Profesional (dokter/guru/dll);2;5;Finansial;Tidak
MHS01016;Ya;SMP;SD;Karyawan Swasta;Buruh/Pekerja Harian;0;3;Finansial;Tidak
MHS01017;Tidak;SMA/SMK;S1;Buruh/Pekerja Harian;Wiraswasta;0;2;Finansial;Tidak
MHS01018;Ya;SMA/SMK;SMA/SMK;Karyawan Swasta;Buruh/Pekerja Harian;0;3;Sosial;Tidak
MHS01019;Tidak;S1;SMA/SMK;PNS/ASN;Tidak Bekerja;0;4;Akademik;Tidak
MHS01020;Ya;SMP;SMP;Wiraswasta;Wiraswasta;1;3;Akademik;Tidak
MHS01021;Tidak;D3;S1;Profesional (dokter/guru/dll);Buruh/Pekerja Harian;3;3;Adaptasi;Tidak
MHS01022;Tidak;SMA/SMK;D3;TNI/Polri;Profesional (dokter/guru/dll);0;4;Sosial;Tidak
MHS01023;Tidak;SMA/SMK;S2;Petani/Nelayan;PNS/ASN;1;3;Finansial;Tidak
MHS01024;Tidak;D3;SD;Profesional (dokter/guru/dll);Wiraswasta;0;3;Akademik;Ya
MHS01025;Tidak;S1;SMA/SMK;Karyawan Swasta;Buruh/Pekerja Harian;0;3;Akademik;Tidak
MHS01026;Ya;Tidak Sekolah;SD;Buruh/Pekerja Harian;Tidak Bekerja;0;2;Finansial;Ya
MHS01027;Tidak;SMA/SMK;S1;Buruh/Pekerja Harian;Karyawan Swasta;1;4;Finansial;Tidak
MHS01028;Ya;SMA/SMK;SMA/SMK;PNS/ASN;Karyawan Swasta;0;2;Sosial;Ya
MHS01029;Tidak;S1;SMA/SMK;Karyawan Swasta;Tidak Bekerja;1;4;Akademik;Tidak
MHS01030;Tidak;S2;S1;TNI/Polri;Karyawan Swasta;0;4;Akademik;Tidak
MHS01031;Tidak;SMA/SMK;S1;Wiraswasta;Tidak Bekerja;2;4;Akademik;Tidak
MHS01032;Ya;SMP;SMA/SMK;Buruh/Pekerja Harian;Wiraswasta;0;2;Finansial;Tidak
MHS01033;Tidak;SMA/SMK;S1;Petani/Nelayan;PNS/ASN;0;5;Finansial;Ya
MHS01034;Tidak;S1;SMA/SMK;Karyawan Swasta;Wiraswasta;2;3;Adaptasi;Tidak
MHS01035;Tidak;S1;D3;Karyawan Swasta;Karyawan Swasta;1;5;Sosial;Tidak
MHS01036;Tidak;S2;SMA/SMK;Petani/Nelayan;Tidak Bekerja;0;5;Akademik;Tidak
MHS01037;Tidak;SMP;S1;Wiraswasta;Tidak Bekerja;0;3;Finansial;Ya
MHS01038;Tidak;S3;D3;Profesional (dokter/guru/dll);Karyawan Swasta;0;3;Akademik;Tidak
MHS01039;Ya;Tidak Sekolah;SD;Buruh/Pekerja Harian;Tidak Bekerja;0;3;Finansial;Tidak
MHS01040;Tidak;SMP;S2;Tidak Bekerja;Tidak Bekerja;0;3;Finansial;Ya
MHS01041;Ya;SMP;SMA/SMK;Wiraswasta;Tidak Bekerja;0;4;Finansial;Ya
MHS01042;Tidak;D3;SMA/SMK;Tidak Bekerja;Tidak Bekerja;1;2;Akademik;Ya
MHS01043;Tidak;SMA/SMK;S3;Petani/Nelayan;PNS/ASN;2;4;Akademik;Tidak
MHS01044;Tidak;SMA/SMK;S1;Tidak Bekerja;Wiraswasta;1;3;Finansial;Tidak
MHS01045;Tidak;S2;SMA/SMK;Karyawan Swasta;Karyawan Swasta;1;3;Adaptasi;Tidak
MHS01046;Ya;SMA/SMK;SMP;Petani/Nelayan;Buruh/Pekerja Harian;0;3;Adaptasi;Ya
MHS01047;Ya;SD;SMA/SMK;Buruh/Pekerja Harian;Karyawan Swasta;1;1;Finansial;Ya
MHS01048;Ya;SMA/SMK;SD;PNS/ASN;Tidak Bekerja;2;2;Finansial;Ya
MHS01049;Tidak;D3;SMA/SMK;PNS/ASN;PNS/ASN;0;4;Finansial;Tidak
MHS01050;Tidak;D3;SMA/SMK;Wiraswasta;Wiraswasta;1;2;Sosial;Ya
MHS01051;Tidak;SMA/SMK;D3;Buruh/Pekerja Harian;Buruh/Pekerja Harian;0;4;Adaptasi;Tidak
MHS01052;Ya;SMP;SMA/SMK;Buruh/Pekerja Harian;Tidak Bekerja;0;2;Finansial;Tidak
MHS01053;Tidak;S1;S1;Buruh/Pekerja Harian;Profesional (dokter/guru/dll);0;4;Adaptasi;Tidak
MHS01054;Tidak;D3;S1;TNI/Polri;Wiraswasta;1;4;Adaptasi;Tidak
MHS01055;Tidak;S1;S1;PNS/ASN;Wiraswasta;1;5;Finansial;Ya
MHS01056;Tidak;SMP;S1;Buruh/Pekerja Harian;Tidak Bekerja;0;2;Finansial;Tidak
MHS01057;Tidak;D3;SD;Buruh/Pekerja Harian;Tidak Bekerja;0;3;Finansial;Tidak
MHS01058;Tidak;S1;S1;Wiraswasta;Wiraswasta;1;4;Akademik;Tidak
MHS01059;Tidak;S1;SMP;Karyawan Swasta;Buruh/Pekerja Harian;0;3;Finansial;Tidak
MHS01060;Tidak;S1;S1;Profesional (dokter/guru/dll);Tidak Bekerja;0;3;Akademik;Tidak
MHS01061;Tidak;S2;S3;Karyawan Swasta;Tidak Bekerja;3;3;Finansial;Tidak
MHS01062;Tidak;S1;D3;PNS/ASN;Tidak Bekerja;1;5;Adaptasi;Tidak
MHS01063;Tidak;S2;D3;Karyawan Swasta;PNS/ASN;0;2;Finansial;Tidak
MHS01064;Tidak;S2;SMA/SMK;PNS/ASN;Wiraswasta;2;5;Akademik;Tidak
MHS01065;Tidak;SMA/SMK;S1;Petani/Nelayan;PNS/ASN;0;5;Akademik;Tidak
MHS01066;Tidak;S1;S1;Profesional (dokter/guru/dll);PNS/ASN;0;4;Akademik;Tidak
MHS01067;Tidak;S1;SMA/SMK;PNS/ASN;Wiraswasta;2;4;Finansial;Ya
MHS01068;Tidak;D3;SMP;Karyawan Swasta;Wiraswasta;1;3;Akademik;Ya
MHS01069;Ya;Tidak Sekolah;SMA/SMK;Buruh/Pekerja Harian;Tidak Bekerja;0;2;Finansial;Ya
MHS01070;Ya;SD;SMA/SMK;Petani/Nelayan;Profesional (dokter/guru/dll);0;3;Finansial;Tidak
MHS01071;Ya;SMA/SMK;SMP;Karyawan Swasta;Karyawan Swasta;0;2;Finansial;Tidak
MHS01072;Tidak;SMA/SMK;S2;Profesional (dokter/guru/dll);Profesional (dokter/guru/dll);0;3;Sosial;Tidak
MHS01073;Ya;SMP;SMA/SMK;Tidak Bekerja;Karyawan Swasta;0;2;Finansial;Ya
MHS01074;Ya;SMA/SMK;Tidak Sekolah;PNS/ASN;Karyawan Swasta;0;2;Adaptasi;Ya
MHS01075;Tidak;S1;S2;PNS/ASN;Profesional (dokter/guru/dll);1;4;Adaptasi;Tidak
MHS01076;Ya;SMA/SMK;SMA/SMK;TNI/Polri;Buruh/Pekerja Harian;0;3;Finansial;Ya
MHS01077;Tidak;S1;D3;Profesional (dokter/guru/dll);Wiraswasta;1;4;Sosial;Tidak
MHS01078;Ya;SMA/SMK;SMP;Profesional (dokter/guru/dll);PNS/ASN;0;3;Akademik;Ya
MHS01079;Tidak;S1;SMA/SMK;Wiraswasta;Wiraswasta;1;4;Sosial;Tidak
MHS01080;Tidak;S2;S1;Karyawan Swasta;Karyawan Swasta;2;5;Adaptasi;Tidak
MHS01081;Tidak;S1;SMA/SMK;Karyawan Swasta;Tidak Bekerja;0;3;Adaptasi;Tidak
MHS01082;Tidak;S1;SMA/SMK;Tidak Bekerja;Tidak Bekerja;0;2;Sosial;Tidak
MHS01083;Tidak;S3;S1;PNS/ASN;PNS/ASN;5;4;Sosial;Tidak
MHS01084;Tidak;S1;SMA/SMK;PNS/ASN;Tidak Bekerja;0;3;Finansial;Ya
MHS01085;Ya;SMP;SMA/SMK;Karyawan Swasta;Tidak Bekerja;0;3;Akademik;Ya
MHS01086;Tidak;D3;S1;PNS/ASN;Tidak Bekerja;1;5;Akademik;Tidak
MHS01087;Ya;SD;SMA/SMK;Buruh/Pekerja Harian;Tidak Bekerja;0;4;Adaptasi;Tidak
MHS01088;Tidak;S1;SMP;PNS/ASN;Tidak Bekerja;0;3;Adaptasi;Tidak
MHS01089;Tidak;S2;S1;Profesional (dokter/guru/dll);Tidak Bekerja;0;5;Akademik;Tidak
MHS01090;Tidak;SMP;S1;Wiraswasta;Karyawan Swasta;0;3;Akademik;Tidak
MHS01091;Tidak;D3;SMA/SMK;Profesional (dokter/guru/dll);PNS/ASN;2;3;Adaptasi;Tidak
MHS01092;Ya;SD;SD;Tidak Bekerja;Buruh/Pekerja Harian;0;1;Finansial;Ya
MHS01093;Tidak;S1;S2;Karyawan Swasta;Karyawan Swasta;4;4;Akademik;Tidak
MHS01094;Tidak;S1;D3;Profesional (dokter/guru/dll);Tidak Bekerja;1;5;Akademik;Tidak
MHS01095;Tidak;SMA/SMK;D3;Tidak Bekerja;Profesional (dokter/guru/dll);0;3;Finansial;Tidak
MHS01096;Ya;SMA/SMK;Tidak Sekolah;Buruh/Pekerja Harian;Tidak Bekerja;0;2;Finansial;Tidak
MHS01097;Tidak;S1;SMA/SMK;TNI/Polri;Karyawan Swasta;1;3;Sosial;Ya
MHS01098;Ya;SMA/SMK;SMA/SMK;Karyawan Swasta;Tidak Bekerja;1;5;Finansial;Ya
MHS01099;Tidak;D3;SMP;TNI/Polri;Karyawan Swasta;0;5;Sosial;Tidak
MHS01100;Tidak;D3;SMA/SMK;TNI/Polri;Karyawan Swasta;0;4;Finansial;Tidak
MHS01101;Ya;SMA/SMK;Tidak Sekolah;Karyawan Swasta;Buruh/Pekerja Harian;1;2;Finansial;Ya
MHS01102;Ya;SMA/SMK;SMP;Karyawan Swasta;Buruh/Pekerja Harian;0;3;Sosial;Tidak
MHS01103;Ya;SMA/SMK;SMA/SMK;Wiraswasta;Karyawan Swasta;0;2;Adaptasi;Ya
MHS01104;Ya;SMP;Tidak Sekolah;PNS/ASN;Tidak Bekerja;1;3;Akademik;Tidak
MHS01105;Tidak;D3;S1;PNS/ASN;Tidak Bekerja;0;3;Finansial;Tidak
MHS01106;Tidak;S1;S3;Wiraswasta;PNS/ASN;1;2;Sosial;Tidak
MHS01107;Tidak;SMA/SMK;S2;Karyawan Swasta;PNS/ASN;2;5;Akademik;Tidak
MHS01108;Ya;SMP;SMA/SMK;Buruh/Pekerja Harian;Karyawan Swasta;4;2;Finansial;Ya
MHS01109;Ya;SMA/SMK;SD;Petani/Nelayan;Tidak Bekerja;0;3;Finansial;Ya
MHS01110;Tidak;D3;S1;Wiraswasta;Karyawan Swasta;0;3;Akademik;Tidak
MHS01111;Tidak;S1;SMA/SMK;Profesional (dokter/guru/dll);Tidak Bekerja;0;2;Finansial;Tidak
MHS01112;Ya;SMA/SMK;SMP;Petani/Nelayan;Wiraswasta;0;3;Finansial;Tidak
MHS01113;Ya;SMA/SMK;Tidak Sekolah;Wiraswasta;Tidak Bekerja;0;3;Akademik;Tidak
MHS01114;Tidak;D3;SMP;Buruh/Pekerja Harian;Tidak Bekerja;0;3;Sosial;Tidak
MHS01115;Tidak;SMA/SMK;S1;TNI/Polri;Buruh/Pekerja Harian;0;2;Adaptasi;Tidak
MHS01116;Ya;SMP;SD;Karyawan Swasta;Tidak Bekerja;1;2;Finansial;Ya
MHS01117;Tidak;S1;D3;Wiraswasta;PNS/ASN;2;5;Akademik;Tidak
MHS01118;Tidak;D3;S1;Karyawan Swasta;Tidak Bekerja;0;4;Finansial;Tidak
MHS01119;Ya;SMP;Tidak Sekolah;Wiraswasta;Wiraswasta;1;3;Finansial;Ya
MHS01120;Tidak;S1;SMA/SMK;Wiraswasta;Buruh/Pekerja Harian;0;3;Akademik;Ya
MHS01121;Tidak;SMA/SMK;D3;Wiraswasta;Profesional (dokter/guru/dll);0;1;Adaptasi;Ya
MHS01122;Tidak;SMA/SMK;D3;Karyawan Swasta;Tidak Bekerja;0;5;Adaptasi;Tidak
MHS01123;Ya;Tidak Sekolah;SD;Buruh/Pekerja Harian;Wiraswasta;0;2;Finansial;Ya
MHS01124;Tidak;SMA/SMK;S1;TNI/Polri;Karyawan Swasta;2;3;Akademik;Tidak
MHS01125;Tidak;SMP;D3;Petani/Nelayan;Karyawan Swasta;1;5;Finansial;Tidak
MHS01126;Tidak;SMA/SMK;S1;Wiraswasta;Tidak Bekerja;2;4;Adaptasi;Tidak
MHS01127;Tidak;SMP;S1;Petani/Nelayan;PNS/ASN;0;2;Finansial;Ya
MHS01128;Tidak;S1;SMP;Wiraswasta;Buruh/Pekerja Harian;1;2;Akademik;Tidak
MHS01129;Ya;SMP;Tidak Sekolah;Karyawan Swasta;Tidak Bekerja;1;2;Finansial;Ya
MHS01130;Tidak;S2;S1;Profesional (dokter/guru/dll);Wiraswasta;1;3;Adaptasi;Tidak
MHS01131;Ya;Tidak Sekolah;SMP;Tidak Bekerja;Wiraswasta;0;1;Finansial;Ya
MHS01132;Tidak;SMA/SMK;D3;Wiraswasta;Karyawan Swasta;0;3;Adaptasi;Tidak
MHS01133;Tidak;S2;S2;Wiraswasta;Wiraswasta;1;4;Finansial;Tidak
MHS01134;Tidak;SMA/SMK;S1;Petani/Nelayan;Wiraswasta;0;3;Akademik;Tidak
MHS01135;Tidak;D3;D3;TNI/Polri;Wiraswasta;0;4;Adaptasi;Tidak
MHS01136;Tidak;D3;SMA/SMK;Karyawan Swasta;PNS/ASN;1;4;Sosial;Tidak
MHS01137;Tidak;SMA/SMK;S2;Wiraswasta;PNS/ASN;0;4;Akademik;Tidak
MHS01138;Tidak;S2;S1;Buruh/Pekerja Harian;Karyawan Swasta;3;4;Akademik;Tidak
MHS01139;Tidak;S1;S2;PNS/ASN;Profesional (dokter/guru/dll);0;5;Akademik;Ya
MHS01140;Tidak;SMA/SMK;S1;Petani/Nelayan;Karyawan Swasta;0;2;Finansial;Ya
MHS01141;Ya;SMA/SMK;SMA/SMK;Wiraswasta;PNS/ASN;1;5;Adaptasi;Tidak
MHS01142;Tidak;D3;D3;Karyawan Swasta;Tidak Bekerja;0;3;Adaptasi;Tidak
MHS01143;Tidak;SMA/SMK;D3;PNS/ASN;Tidak Bekerja;2;4;Akademik;Tidak
MHS01144;Ya;SMA/SMK;SMP;Wiraswasta;Tidak Bekerja;1;3;Sosial;Tidak
MHS01145;Tidak;SMA/SMK;S1;PNS/ASN;PNS/ASN;2;4;Adaptasi;Tidak
MHS01146;Tidak;D3;S1;Wiraswasta;Wiraswasta;0;3;Sosial;Ya
MHS01147;Tidak;S1;D3;Profesional (dokter/guru/dll);PNS/ASN;0;3;Sosial;Ya
MHS01148;Tidak;S2;SMA/SMK;Karyawan Swasta;Tidak Bekerja;1;4;Akademik;Tidak
MHS01149;Tidak;S1;D3;Wiraswasta;Karyawan Swasta;1;4;Akademik;Tidak
MHS01150;Ya;Tidak Sekolah;SMA/SMK;Petani/Nelayan;PNS/ASN;0;3;Sosial;Ya
MHS01151;Ya;SD;SMA/SMK;Petani/Nelayan;Tidak Bekerja;0;3;Finansial;Tidak
MHS01152;Ya;SMP;SMA/SMK;Petani/Nelayan;PNS/ASN;1;4;Finansial;Tidak
MHS01153;Tidak;SMA/SMK;D3;Wiraswasta;Wiraswasta;0;3;Sosial;Tidak
MHS01154;Tidak;SMA/SMK;D3;Petani/Nelayan;Wiraswasta;0;3;Akademik;Tidak
MHS01155;Tidak;SMA/SMK;S1;Karyawan Swasta;Wiraswasta;1;3;Finansial;Tidak
MHS01156;Tidak;S1;D3;Profesional (dokter/guru/dll);PNS/ASN;0;5;Sosial;Tidak
MHS01157;Tidak;D3;SMA/SMK;Karyawan Swasta;Buruh/Pekerja Harian;0;4;Finansial;Tidak
MHS01158;Ya;SMA/SMK;SMA/SMK;Petani/Nelayan;Karyawan Swasta;0;3;Akademik;Ya
MHS01159;Ya;SMA/SMK;SMA/SMK;Wiraswasta;Tidak Bekerja;1;4;Akademik;Ya
MHS01160;Ya;SMA/SMK;SMA/SMK;Wiraswasta;Tidak Bekerja;0;4;Adaptasi;Tidak
MHS01161;Tidak;D3;D3;Karyawan Swasta;Karyawan Swasta;1;3;Sosial;Tidak
MHS01162;Ya;SMP;SMA/SMK;Petani/Nelayan;Tidak Bekerja;2;4;Akademik;Ya
MHS01163;Ya;SMA/SMK;Tidak Sekolah;Wiraswasta;Buruh/Pekerja Harian;0;4;Finansial;Tidak
MHS01164;Ya;SMA/SMK;SMP;Tidak Bekerja;Wiraswasta;1;4;Finansial;Ya
MHS01165;Tidak;SD;D3;Petani/Nelayan;Karyawan Swasta;0;3;Finansial;Ya
MHS01166;Tidak;S1;SMA/SMK;Karyawan Swasta;Wiraswasta;0;3;Akademik;Tidak
MHS01167;Ya;SMP;SMA/SMK;Petani/Nelayan;Karyawan Swasta;0;3;Finansial;Tidak
MHS01168;Tidak;SMA/SMK;S1;Wiraswasta;PNS/ASN;1;4;Akademik;Ya
MHS01169;Ya;SMA/SMK;SMA/SMK;PNS/ASN;Wiraswasta;2;3;Finansial;Tidak
MHS01170;Ya;SMA/SMK;SMA/SMK;Buruh/Pekerja Harian;PNS/ASN;1;2;Akademik;Ya
MHS01171;Tidak;S1;SMA/SMK;Profesional (dokter/guru/dll);Tidak Bekerja;0;3;Akademik;Tidak
MHS01172;Tidak;S2;S1;Wiraswasta;Profesional (dokter/guru/dll);2;4;Akademik;Ya
MHS01173;Ya;SD;SMA/SMK;Buruh/Pekerja Harian;Wiraswasta;0;3;Akademik;Ya
MHS01174;Tidak;S2;S3;Wiraswasta;Karyawan Swasta;4;5;Akademik;Tidak
MHS01175;Tidak;S1;D3;Tidak Bekerja;Karyawan Swasta;0;4;Akademik;Ya
MHS01176;Ya;SMA/SMK;SMP;PNS/ASN;Buruh/Pekerja Harian;0;3;Akademik;Tidak
MHS01177;Tidak;S3;S1;Profesional (dokter/guru/dll);Tidak Bekerja;2;5;Akademik;Tidak
MHS01178;Tidak;SMA/SMK;S1;Karyawan Swasta;Wiraswasta;0;3;Sosial;Tidak
MHS01179;Ya;SMA/SMK;SMP;Karyawan Swasta;Tidak Bekerja;0;2;Finansial;Ya
MHS01180;Ya;SMP;Tidak Sekolah;Tidak Bekerja;Tidak Bekerja;0;1;Finansial;Ya
MHS01181;Tidak;S1;SMP;Karyawan Swasta;Profesional (dokter/guru/dll);3;3;Akademik;Tidak
MHS01182;Tidak;S1;SMA/SMK;PNS/ASN;Karyawan Swasta;1;4;Sosial;Tidak
MHS01183;Ya;SD;SMA/SMK;Petani/Nelayan;Wiraswasta;0;3;Akademik;Ya
MHS01184;Tidak;S2;S1;TNI/Polri;Karyawan Swasta;0;5;Akademik;Tidak
MHS01185;Tidak;SD;D3;Buruh/Pekerja Harian;Tidak Bekerja;0;3;Finansial;Tidak
MHS01186;Tidak;SMA/SMK;D3;PNS/ASN;PNS/ASN;0;3;Finansial;Tidak
MHS01187;Ya;SMP;SMA/SMK;Wiraswasta;Tidak Bekerja;0;2;Finansial;Tidak
MHS01188;Tidak;D3;S1;Karyawan Swasta;Karyawan Swasta;1;5;Finansial;Tidak
MHS01189;Tidak;SMA/SMK;D3;PNS/ASN;Karyawan Swasta;2;3;Sosial;Tidak
MHS01190;Ya;SMP;SMP;Karyawan Swasta;PNS/ASN;0;4;Finansial;Ya
MHS01191;Ya;SMA/SMK;SMA/SMK;Karyawan Swasta;Tidak Bekerja;2;2;Akademik;Ya
MHS01192;Tidak;SMA/SMK;D3;Petani/Nelayan;PNS/ASN;0;4;Adaptasi;Ya
MHS01193;Tidak;S3;SMA/SMK;PNS/ASN;Karyawan Swasta;0;4;Finansial;Tidak
MHS01194;Tidak;S2;S1;TNI/Polri;PNS/ASN;0;3;Akademik;Tidak
MHS01195;Tidak;SMP;S1;Buruh/Pekerja Harian;Wiraswasta;1;2;Akademik;Tidak
MHS01196;Ya;SMA/SMK;SMP;Buruh/Pekerja Harian;Tidak Bekerja;1;2;Finansial;Ya
MHS01197;Ya;SMA/SMK;SMA/SMK;Buruh/Pekerja Harian;PNS/ASN;1;5;Akademik;Tidak
MHS01198;Ya;SMA/SMK;SMP;TNI/Polri;Karyawan Swasta;1;2;Adaptasi;Ya
MHS01199;Ya;SMA/SMK;SMP;Karyawan Swasta;Tidak Bekerja;2;2;Akademik;Ya
MHS01200;Tidak;SMA/SMK;S1;Petani/Nelayan;Karyawan Swasta;0;2;Finansial;Ya
MHS01201;Ya;Tidak Sekolah;Tidak Sekolah;Petani/Nelayan;Tidak Bekerja;0;3;Finansial;Tidak
MHS01202;Tidak;S2;S1;TNI/Polri;PNS/ASN;1;3;Sosial;Ya
MHS01203;Ya;SMP;SMP;Buruh/Pekerja Harian;Buruh/Pekerja Harian;0;2;Adaptasi;Tidak
MHS01204;Ya;SMA/SMK;SD;Wiraswasta;Buruh/Pekerja Harian;0;5;Finansial;Ya
MHS01205;Tidak;S1;S1;Wiraswasta;Tidak Bekerja;1;4;Akademik;Tidak
MHS01206;Ya;SMA/SMK;SMA/SMK;Wiraswasta;Karyawan Swasta;0;3;Finansial;Ya
MHS01207;Ya;SMP;SMA/SMK;Buruh/Pekerja Harian;Buruh/Pekerja Harian;1;4;Sosial;Ya
MHS01208;Tidak;SMA/SMK;S1;Wiraswasta;Wiraswasta;1;3;Sosial;Tidak
MHS01209;Ya;SMP;SMA/SMK;Buruh/Pekerja Harian;Tidak Bekerja;1;3;Akademik;Tidak
MHS01210;Tidak;D3;SMA/SMK;Karyawan Swasta;Tidak Bekerja;0;4;Adaptasi;Ya
MHS01211;Ya;SMA/SMK;SMA/SMK;Petani/Nelayan;Wiraswasta;0;5;Adaptasi;Tidak
MHS01212;Ya;SMP;SMA/SMK;Buruh/Pekerja Harian;Wiraswasta;0;3;Finansial;Tidak
MHS01213;Tidak;SMP;S1;Buruh/Pekerja Harian;Wiraswasta;0;3;Finansial;Tidak
MHS01214;Tidak;SMA/SMK;D3;Tidak Bekerja;Karyawan Swasta;2;3;Adaptasi;Ya
MHS01215;Tidak;S1;D3;PNS/ASN;Wiraswasta;0;5;Akademik;Tidak
MHS01216;Ya;SMA/SMK;SMA/SMK;Karyawan Swasta;Wiraswasta;0;2;Finansial;Tidak
MHS01217;Tidak;S2;S1;Karyawan Swasta;PNS/ASN;2;5;Sosial;Tidak
MHS01218;Tidak;S1;SMA/SMK;Wiraswasta;Wiraswasta;1;2;Akademik;Tidak
MHS01219;Ya;SMA/SMK;SMA/SMK;Petani/Nelayan;Karyawan Swasta;0;3;Finansial;Tidak
MHS01220;Tidak;S1;D3;Profesional (dokter/guru/dll);Wiraswasta;1;4;Akademik;Tidak
MHS01221;Tidak;SMA/SMK;S1;Karyawan Swasta;Tidak Bekerja;0;3;Akademik;Ya
MHS01222;Tidak;SMA/SMK;S2;Petani/Nelayan;Karyawan Swasta;1;2;Akademik;Ya
MHS01223;Ya;SMP;SMA/SMK;Buruh/Pekerja Harian;Karyawan Swasta;0;3;Adaptasi;Tidak
MHS01224;Tidak;S1;S1;Profesional (dokter/guru/dll);Wiraswasta;1;4;Akademik;Ya
MHS01225;Ya;SMP;Tidak Sekolah;Petani/Nelayan;Tidak Bekerja;0;1;Finansial;Ya
MHS01226;Ya;SMA/SMK;SMA/SMK;Wiraswasta;Tidak Bekerja;0;4;Akademik;Tidak
MHS01227;Tidak;S1;SMA/SMK;TNI/Polri;Buruh/Pekerja Harian;1;5;Sosial;Tidak
MHS01228;Tidak;D3;SMA/SMK;TNI/Polri;Tidak Bekerja;0;3;Adaptasi;Tidak
MHS01229;Tidak;D3;S1;TNI/Polri;Wiraswasta;0;4;Finansial;Tidak
MHS01230;Tidak;S1;S1;Karyawan Swasta;Wiraswasta;2;3;Akademik;Tidak
MHS01231;Tidak;S1;S1;Karyawan Swasta;Tidak Bekerja;0;5;Akademik;Tidak
MHS01232;Ya;SMA/SMK;SMA/SMK;TNI/Polri;Tidak Bekerja;0;2;Finansial;Ya
MHS01233;Ya;SMP;SMA/SMK;Buruh/Pekerja Harian;Tidak Bekerja;0;5;Finansial;Tidak
MHS01234;Tidak;S2;SMA/SMK;Buruh/Pekerja Harian;Wiraswasta;1;3;Finansial;Tidak
MHS01235;Tidak;D3;SMA/SMK;Karyawan Swasta;Wiraswasta;1;3;Akademik;Tidak
MHS01236;Ya;SMA/SMK;SD;Wiraswasta;Tidak Bekerja;1;2;Finansial;Tidak
MHS01237;Ya;SMA/SMK;SMP;PNS/ASN;Tidak Bekerja;0;4;Akademik;Ya
MHS01238;Ya;SMP;SMA/SMK;Tidak Bekerja;Karyawan Swasta;0;3;Finansial;Tidak
MHS01239;Tidak;S1;S1;Wiraswasta;Tidak Bekerja;0;5;Adaptasi;Tidak
MHS01240;Tidak;S1;SMA/SMK;PNS/ASN;PNS/ASN;2;2;Akademik;Tidak
MHS01241;Tidak;SMA/SMK;S1;PNS/ASN;PNS/ASN;0;3;Sosial;Tidak
MHS01242;Tidak;S1;S1;Wiraswasta;Profesional (dokter/guru/dll);1;3;Akademik;Tidak
MHS01243;Ya;Tidak Sekolah;SMP;Wiraswasta;Tidak Bekerja;1;3;Finansial;Tidak
MHS01244;Tidak;SMA/SMK;D3;Petani/Nelayan;Wiraswasta;2;3;Akademik;Ya
MHS01245;Ya;SMA/SMK;SMA/SMK;Tidak Bekerja;Tidak Bekerja;1;3;Sosial;Ya
MHS01246;Ya;SD;SMA/SMK;Buruh/Pekerja Harian;Wiraswasta;0;1;Sosial;Ya
MHS01247;Tidak;S1;SMA/SMK;PNS/ASN;Tidak Bekerja;1;4;Adaptasi;Tidak
MHS01248;Tidak;S2;S1;Profesional (dokter/guru/dll);Wiraswasta;0;3;Akademik;Ya
MHS01249;Tidak;SMP;D3;Wiraswasta;Karyawan Swasta;1;3;Finansial;Tidak
MHS01250;Tidak;S1;SMA/SMK;Wiraswasta;Tidak Bekerja;1;5;Sosial;Tidak
MHS01251;Tidak;S2;SMP;PNS/ASN;Buruh/Pekerja Harian;1;4;Sosial;Tidak
MHS01252;Tidak;S1;SMA/SMK;Wiraswasta;PNS/ASN;2;2;Akademik;Ya
MHS01253;Tidak;S1;SMA/SMK;TNI/Polri;Wiraswasta;1;2;Sosial;Tidak
MHS01254;Tidak;S3;D3;Profesional (dokter/guru/dll);Karyawan Swasta;0;5;Akademik;Tidak
MHS01255;Tidak;S2;S2;Wiraswasta;Profesional (dokter/guru/dll);0;5;Akademik;Tidak
MHS01256;Tidak;SMA/SMK;S1;Wiraswasta;Wiraswasta;1;5;Akademik;Tidak
MHS01257;Tidak;S2;S2;Wiraswasta;Karyawan Swasta;3;3;Sosial;Tidak
MHS01258;Tidak;D3;D3;PNS/ASN;Tidak Bekerja;2;5;Akademik;Tidak
MHS01259;Tidak;D3;D3;Wiraswasta;PNS/ASN;0;3;Sosial;Tidak
MHS01260;Tidak;S1;S1;Karyawan Swasta;PNS/ASN;3;3;Sosial;Tidak
MHS01261;Tidak;S1;SMP;Profesional (dokter/guru/dll);Tidak Bekerja;3;3;Sosial;Tidak
MHS01262;Ya;SMP;SMA/SMK;Wiraswasta;Karyawan Swasta;0;2;Finansial;Ya
MHS01263;Tidak;D3;SMA/SMK;Karyawan Swasta;Wiraswasta;1;4;Akademik;Ya
MHS01264;Tidak;SMA/SMK;S1;PNS/ASN;Wiraswasta;0;3;Finansial;Ya
MHS01265;Tidak;D3;S2;PNS/ASN;Tidak Bekerja;2;4;Akademik;Tidak
MHS01266;Tidak;D3;SMA/SMK;PNS/ASN;Buruh/Pekerja Harian;0;1;Finansial;Tidak
MHS01267;Ya;SMP;SMA/SMK;Buruh/Pekerja Harian;Wiraswasta;1;2;Akademik;Ya
MHS01268;Tidak;S1;S1;Profesional (dokter/guru/dll);Karyawan Swasta;0;5;Akademik;Ya
MHS01269;Tidak;SMA/SMK;S2;Wiraswasta;Profesional (dokter/guru/dll);0;3;Sosial;Tidak
MHS01270;Tidak;D3;S3;Wiraswasta;Karyawan Swasta;2;4;Adaptasi;Tidak
MHS01271;Ya;Tidak Sekolah;Tidak Sekolah;Buruh/Pekerja Harian;Buruh/Pekerja Harian;0;2;Finansial;Tidak
MHS01272;Ya;SMA/SMK;SMA/SMK;Wiraswasta;Tidak Bekerja;1;5;Sosial;Tidak
MHS01273;Ya;SMA/SMK;SMP;Petani/Nelayan;Tidak Bekerja;0;5;Finansial;Tidak
MHS01274;Tidak;SMA/SMK;S1;Tidak Bekerja;Karyawan Swasta;3;3;Sosial;Ya
MHS01275;Ya;SD;SMP;Petani/Nelayan;Buruh/Pekerja Harian;0;2;Finansial;Tidak
MHS01276;Ya;SMA/SMK;SMP;Karyawan Swasta;Buruh/Pekerja Harian;0;3;Finansial;Tidak
MHS01277;Ya;SMA/SMK;SMA/SMK;Wiraswasta;Buruh/Pekerja Harian;0;2;Adaptasi;Tidak
MHS01278;Tidak;SMA/SMK;D3;Wiraswasta;Karyawan Swasta;1;5;Akademik;Tidak
MHS01279;Ya;SMA/SMK;SMA/SMK;Tidak Bekerja;Tidak Bekerja;1;3;Finansial;Ya
MHS01280;Ya;SMP;SMA/SMK;Karyawan Swasta;PNS/ASN;0;4;Akademik;Tidak
MHS01281;Tidak;D3;D3;Buruh/Pekerja Harian;Karyawan Swasta;2;4;Finansial;Tidak
MHS01282;Ya;SMP;SMA/SMK;Buruh/Pekerja Harian;Tidak Bekerja;1;3;Adaptasi;Ya
MHS01283;Tidak;SMP;D3;Tidak Bekerja;Profesional (dokter/guru/dll);2;2;Finansial;Ya
MHS01284;Ya;SMP;SMA/SMK;Buruh/Pekerja Harian;Tidak Bekerja;0;3;Finansial;Tidak
MHS01285;Tidak;S1;S1;PNS/ASN;Karyawan Swasta;1;4;Sosial;Tidak
MHS01286;Tidak;S1;S1;Karyawan Swasta;Profesional (dokter/guru/dll);0;5;Akademik;Tidak
MHS01287;Tidak;D3;SMA/SMK;Karyawan Swasta;Buruh/Pekerja Harian;0;2;Finansial;Ya
MHS01288;Tidak;D3;SMA/SMK;Karyawan Swasta;Karyawan Swasta;0;5;Akademik;Tidak
MHS01289;Ya;SMA/SMK;SMA/SMK;Wiraswasta;Tidak Bekerja;1;4;Akademik;Tidak
MHS01290;Ya;SMP;SMP;Petani/Nelayan;Buruh/Pekerja Harian;0;5;Finansial;Ya
MHS01291;Ya;SMA/SMK;SMA/SMK;Profesional (dokter/guru/dll);Wiraswasta;0;4;Sosial;Tidak
MHS01292;Tidak;S3;S1;PNS/ASN;Wiraswasta;2;4;Akademik;Ya
MHS01293;Ya;SMA/SMK;SMA/SMK;Petani/Nelayan;Karyawan Swasta;0;3;Finansial;Ya
MHS01294;Tidak;SMP;D3;Wiraswasta;Profesional (dokter/guru/dll);0;4;Adaptasi;Tidak
MHS01295;Ya;SMA/SMK;SMP;Petani/Nelayan;Wiraswasta;0;4;Adaptasi;Ya
MHS01296;Tidak;SMA/SMK;S1;Karyawan Swasta;Karyawan Swasta;0;3;Finansial;Tidak
MHS01297;Tidak;D3;Tidak Sekolah;Buruh/Pekerja Harian;Tidak Bekerja;0;2;Finansial;Ya
MHS01298;Tidak;S2;S2;Profesional (dokter/guru/dll);PNS/ASN;0;5;Adaptasi;Tidak
MHS01299;Tidak;SMA/SMK;D3;Karyawan Swasta;PNS/ASN;0;4;Sosial;Tidak
MHS01300;Tidak;SMA/SMK;S1;Wiraswasta;Profesional (dokter/guru/dll);3;4;Finansial;Tidak
MHS01301;Tidak;SMA/SMK;D3;Buruh/Pekerja Harian;Tidak Bekerja;0;2;Akademik;Tidak
MHS01302;Tidak;SMA/SMK;D3;Karyawan Swasta;Wiraswasta;1;4;Finansial;Tidak
MHS01303;Ya;SMA/SMK;SMP;Wiraswasta;Wiraswasta;1;5;Finansial;Ya
MHS01304;Tidak;D3;S1;Petani/Nelayan;PNS/ASN;0;4;Finansial;Tidak
MHS01305;Tidak;SMA/SMK;S1;Karyawan Swasta;Karyawan Swasta;0;4;Adaptasi;Tidak
MHS01306;Ya;SMA/SMK;SMA/SMK;PNS/ASN;Tidak Bekerja;1;3;Adaptasi;Tidak
MHS01307;Tidak;D3;S1;Wiraswasta;Tidak Bekerja;0;4;Akademik;Tidak
MHS01308;Tidak;D3;SMA/SMK;Profesional (dokter/guru/dll);Tidak Bekerja;1;1;Sosial;Tidak
MHS01309;Ya;SMA/SMK;SMA/SMK;Karyawan Swasta;Karyawan Swasta;1;3;Finansial;Tidak
MHS01310;Tidak;Tidak Sekolah;D3;Petani/Nelayan;Tidak Bekerja;0;1;Finansial;Tidak
MHS01311;Ya;SMA/SMK;SMP;Karyawan Swasta;Tidak Bekerja;0;2;Finansial;Ya
MHS01312;Tidak;Tidak Sekolah;D3;Petani/Nelayan;Karyawan Swasta;0;3;Finansial;Tidak
MHS01313;Ya;SD;SMP;Petani/Nelayan;Tidak Bekerja;0;2;Finansial;Ya
MHS01314;Ya;SMA/SMK;SMA/SMK;TNI/Polri;Karyawan Swasta;1;3;Finansial;Tidak
MHS01315;Tidak;S1;SMA/SMK;PNS/ASN;Buruh/Pekerja Harian;0;4;Sosial;Tidak
MHS01316;Tidak;S1;S1;PNS/ASN;Profesional (dokter/guru/dll);3;2;Akademik;Tidak
MHS01317;Tidak;SMA/SMK;S1;Karyawan Swasta;Wiraswasta;0;5;Sosial;Tidak
MHS01318;Tidak;D3;D3;Karyawan Swasta;Tidak Bekerja;1;2;Finansial;Ya
MHS01319;Tidak;S1;SMA/SMK;Tidak Bekerja;PNS/ASN;0;3;Finansial;Tidak
MHS01320;Tidak;D3;SMA/SMK;Karyawan Swasta;Buruh/Pekerja Harian;2;3;Sosial;Ya
MHS01321;Tidak;SMP;D3;Wiraswasta;Tidak Bekerja;0;2;Finansial;Tidak
MHS01322;Tidak;S2;S2;PNS/ASN;PNS/ASN;2;5;Adaptasi;Tidak
MHS01323;Ya;SD;SD;Tidak Bekerja;Tidak Bekerja;0;2;Akademik;Ya
MHS01324;Ya;SMP;SMA/SMK;Karyawan Swasta;Tidak Bekerja;0;3;Finansial;Tidak
MHS01325;Ya;SMP;SMP;Petani/Nelayan;Karyawan Swasta;0;3;Akademik;Tidak
MHS01326;Tidak;SMA/SMK;S1;Wiraswasta;PNS/ASN;1;2;Sosial;Tidak
MHS01327;Tidak;S1;S1;Wiraswasta;Wiraswasta;0;5;Sosial;Tidak
MHS01328;Tidak;S1;D3;Wiraswasta;Wiraswasta;1;3;Akademik;Ya
MHS01329;Tidak;S2;SMP;PNS/ASN;Buruh/Pekerja Harian;1;5;Akademik;Tidak
MHS01330;Tidak;S2;SMA/SMK;Profesional (dokter/guru/dll);Tidak Bekerja;1;4;Adaptasi;Tidak
MHS01331;Ya;SMA/SMK;SMA/SMK;Karyawan Swasta;Buruh/Pekerja Harian;0;2;Finansial;Ya
MHS01332;Ya;SMA/SMK;SMP;Karyawan Swasta;Tidak Bekerja;0;4;Akademik;Tidak
MHS01333;Tidak;S1;S2;PNS/ASN;Wiraswasta;1;3;Akademik;Tidak
MHS01334;Ya;SMA/SMK;SMP;Wiraswasta;Tidak Bekerja;1;2;Finansial;Ya
MHS01335;Ya;SMA/SMK;SMP;Wiraswasta;Wiraswasta;1;3;Finansial;Tidak
MHS01336;Tidak;S1;SMA/SMK;PNS/ASN;Tidak Bekerja;1;3;Akademik;Tidak
MHS01337;Ya;SMA/SMK;SMA/SMK;Petani/Nelayan;Karyawan Swasta;0;4;Sosial;Tidak
MHS01338;Ya;SMA/SMK;SMA/SMK;TNI/Polri;Karyawan Swasta;0;5;Finansial;Tidak
MHS01339;Ya;SMA/SMK;SMA/SMK;Petani/Nelayan;Wiraswasta;0;2;Sosial;Ya
MHS01340;Ya;SMA/SMK;SMP;Wiraswasta;Wiraswasta;0;4;Akademik;Ya
MHS01341;Tidak;D3;D3;Karyawan Swasta;Wiraswasta;0;5;Adaptasi;Ya
MHS01342;Ya;SMA/SMK;SMA/SMK;Petani/Nelayan;PNS/ASN;0;2;Akademik;Ya
MHS01343;Tidak;S1;D3;Karyawan Swasta;Karyawan Swasta;0;3;Akademik;Ya
MHS01344;Tidak;S1;S1;Karyawan Swasta;Profesional (dokter/guru/dll);1;5;Akademik;Tidak
MHS01345;Tidak;SMA/SMK;S1;Wiraswasta;Wiraswasta;1;2;Adaptasi;Tidak
MHS01346;Ya;SD;SD;Tidak Bekerja;Tidak Bekerja;0;2;Finansial;Ya
MHS01347;Tidak;S2;S1;PNS/ASN;Wiraswasta;1;3;Akademik;Ya
MHS01348;Ya;SMP;SMA/SMK;TNI/Polri;Tidak Bekerja;0;4;Adaptasi;Tidak
MHS01349;Ya;SMP;SMP;Wiraswasta;Tidak Bekerja;0;1;Finansial;Ya
MHS01350;Tidak;SD;S2;Buruh/Pekerja Harian;PNS/ASN;2;4;Akademik;Ya
MHS01351;Tidak;S2;D3;Wiraswasta;Karyawan Swasta;0;3;Sosial;Tidak
MHS01352;Tidak;D3;SMA/SMK;Wiraswasta;Profesional (dokter/guru/dll);0;2;Akademik;Tidak
MHS01353;Tidak;S1;SMA/SMK;Buruh/Pekerja Harian;Wiraswasta;1;4;Akademik;Tidak
MHS01354;Tidak;S1;SMA/SMK;Karyawan Swasta;Buruh/Pekerja Harian;0;4;Sosial;Tidak
MHS01355;Ya;SMP;SMA/SMK;Karyawan Swasta;Tidak Bekerja;0;1;Finansial;Tidak
MHS01356;Tidak;SMA/SMK;S3;Buruh/Pekerja Harian;PNS/ASN;1;4;Akademik;Tidak
MHS01357;Ya;SMA/SMK;SMA/SMK;Buruh/Pekerja Harian;Wiraswasta;0;3;Sosial;Tidak
MHS01358;Tidak;S1;S2;Karyawan Swasta;Wiraswasta;0;4;Finansial;Tidak
MHS01359;Tidak;SMP;D3;Petani/Nelayan;Wiraswasta;1;3;Finansial;Tidak
MHS01360;Ya;SMA/SMK;SMA/SMK;Wiraswasta;Tidak Bekerja;1;1;Akademik;Tidak
MHS01361;Tidak;S1;S1;TNI/Polri;Tidak Bekerja;0;3;Akademik;Tidak
MHS01362;Tidak;S1;SMA/SMK;Karyawan Swasta;Tidak Bekerja;0;4;Finansial;Ya
MHS01363;Ya;SMA/SMK;SMA/SMK;Petani/Nelayan;Buruh/Pekerja Harian;1;3;Akademik;Ya
MHS01364;Ya;SMP;SMA/SMK;Wiraswasta;Wiraswasta;2;4;Adaptasi;Ya
MHS01365;Tidak;SMA/SMK;S1;Buruh/Pekerja Harian;PNS/ASN;0;5;Akademik;Tidak
MHS01366;Tidak;SMA/SMK;D3;Wiraswasta;PNS/ASN;1;3;Adaptasi;Tidak
MHS01367;Tidak;SMA/SMK;S1;Tidak Bekerja;Tidak Bekerja;0;3;Sosial;Tidak
MHS01368;Ya;SMA/SMK;SMP;PNS/ASN;Wiraswasta;0;4;Adaptasi;Ya
MHS01369;Ya;SMA/SMK;SMA/SMK;Wiraswasta;PNS/ASN;0;4;Akademik;Ya
MHS01370;Tidak;S1;SMP;Karyawan Swasta;Buruh/Pekerja Harian;1;4;Akademik;Tidak
MHS01371;Tidak;SMP;S1;Petani/Nelayan;Tidak Bekerja;2;4;Sosial;Tidak
MHS01372;Tidak;S1;SMA/SMK;Profesional (dokter/guru/dll);Tidak Bekerja;1;3;Finansial;Tidak
MHS01373;Ya;SMA/SMK;SMA/SMK;Karyawan Swasta;Buruh/Pekerja Harian;0;2;Finansial;Tidak
MHS01374;Tidak;S2;S2;PNS/ASN;Wiraswasta;0;4;Finansial;Tidak
MHS01375;Tidak;SMA/SMK;D3;Wiraswasta;Wiraswasta;0;5;Sosial;Tidak
MHS01376;Tidak;D3;SMA/SMK;Karyawan Swasta;Profesional (dokter/guru/dll);1;4;Adaptasi;Tidak
MHS01377;Tidak;S2;S1;Profesional (dokter/guru/dll);Tidak Bekerja;1;5;Finansial;Ya
MHS01378;Tidak;S1;SMA/SMK;PNS/ASN;PNS/ASN;1;3;Akademik;Tidak
MHS01379;Ya;SD;SMA/SMK;Tidak Bekerja;Karyawan Swasta;1;1;Finansial;Ya
MHS01380;Ya;SMP;SMA/SMK;Karyawan Swasta;Wiraswasta;1;2;Finansial;Ya
MHS01381;Tidak;D3;SMA/SMK;TNI/Polri;Wiraswasta;0;3;Adaptasi;Tidak
MHS01382;Tidak;D3;S1;PNS/ASN;Karyawan Swasta;0;4;Finansial;Ya
MHS01383;Tidak;SMA/SMK;S2;Buruh/Pekerja Harian;Karyawan Swasta;1;4;Adaptasi;Tidak
MHS01384;Tidak;S1;S1;TNI/Polri;Karyawan Swasta;2;4;Sosial;Tidak
MHS01385;Tidak;S1;S2;Karyawan Swasta;Karyawan Swasta;1;5;Akademik;Tidak
MHS01386;Tidak;S1;SMA/SMK;Karyawan Swasta;PNS/ASN;0;4;Akademik;Ya
MHS01387;Ya;SMA/SMK;SMA/SMK;Karyawan Swasta;Karyawan Swasta;0;3;Finansial;Tidak
MHS01388;Ya;SMA/SMK;SMA/SMK;Buruh/Pekerja Harian;Tidak Bekerja;0;5;Finansial;Ya
MHS01389;Ya;SMA/SMK;SMA/SMK;TNI/Polri;Tidak Bekerja;1;4;Adaptasi;Tidak
MHS01390;Ya;SMA/SMK;SMA/SMK;Karyawan Swasta;Tidak Bekerja;0;4;Adaptasi;Tidak
MHS01391;Tidak;S1;S2;PNS/ASN;Tidak Bekerja;1;4;Akademik;Ya
MHS01392;Tidak;S2;S1;Tidak Bekerja;Wiraswasta;0;3;Akademik;Tidak
MHS01393;Ya;SMP;SMA/SMK;Buruh/Pekerja Harian;Buruh/Pekerja Harian;1;3;Finansial;Ya
MHS01394;Tidak;SMA/SMK;D3;Wiraswasta;PNS/ASN;1;5;Adaptasi;Tidak
MHS01395;Ya;Tidak Sekolah;Tidak Sekolah;Wiraswasta;Buruh/Pekerja Harian;0;1;Adaptasi;Ya
MHS01396;Tidak;S3;S1;Karyawan Swasta;Buruh/Pekerja Harian;1;3;Akademik;Ya
MHS01397;Ya;SMP;Tidak Sekolah;Buruh/Pekerja Harian;Buruh/Pekerja Harian;0;1;Finansial;Ya
MHS01398;Tidak;SMA/SMK;S1;Petani/Nelayan;Wiraswasta;1;4;Adaptasi;Tidak
MHS01399;Ya;SMA/SMK;SMA/SMK;PNS/ASN;Wiraswasta;1;3;Finansial;Tidak
MHS01400;Tidak;SMA/SMK;S1;PNS/ASN;PNS/ASN;1;3;Akademik;Tidak
MHS01401;Tidak;S1;D3;TNI/Polri;Karyawan Swasta;2;3;Akademik;Ya
MHS01402;Tidak;D3;SMA/SMK;PNS/ASN;Wiraswasta;0;2;Adaptasi;Tidak
MHS01403;Tidak;S1;SMA/SMK;Wiraswasta;Tidak Bekerja;0;3;Adaptasi;Tidak
MHS01404;Tidak;SMA/SMK;S1;Tidak Bekerja;PNS/ASN;1;4;Sosial;Tidak
MHS01405;Tidak;SMA/SMK;D3;Wiraswasta;Karyawan Swasta;0;2;Sosial;Tidak
MHS01406;Tidak;SMA/SMK;S2;PNS/ASN;Profesional (dokter/guru/dll);1;5;Sosial;Tidak
MHS01407;Tidak;SMA/SMK;S1;Wiraswasta;Wiraswasta;0;4;Sosial;Tidak
MHS01408;Tidak;S1;S1;Profesional (dokter/guru/dll);Karyawan Swasta;1;5;Adaptasi;Tidak
MHS01409;Ya;SMP;SMP;Buruh/Pekerja Harian;Tidak Bekerja;1;1;Finansial;Ya
MHS01410;Tidak;S1;Tidak Sekolah;Wiraswasta;Tidak Bekerja;0;3;Akademik;Tidak
MHS01411;Ya;SMP;SMP;Wiraswasta;Tidak Bekerja;0;2;Finansial;Tidak
MHS01412;Tidak;S1;D3;Karyawan Swasta;Tidak Bekerja;1;3;Finansial;Tidak
MHS01413;Ya;SMA/SMK;SMA/SMK;Wiraswasta;Karyawan Swasta;0;2;Finansial;Ya
MHS01414;Tidak;S1;S1;Karyawan Swasta;Karyawan Swasta;1;4;Finansial;Tidak
MHS01415;Ya;SD;SMA/SMK;Buruh/Pekerja Harian;Tidak Bekerja;1;4;Sosial;Ya
MHS01416;Tidak;Tidak Sekolah;S1;Wiraswasta;Buruh/Pekerja Harian;1;2;Akademik;Tidak
MHS01417;Tidak;D3;S1;PNS/ASN;PNS/ASN;1;4;Finansial;Tidak
MHS01418;Tidak;SMP;S1;Wiraswasta;Profesional (dokter/guru/dll);0;4;Finansial;Tidak
MHS01419;Tidak;SMA/SMK;S2;Buruh/Pekerja Harian;Wiraswasta;0;3;Akademik;Ya
MHS01420;Ya;SMA/SMK;SMA/SMK;Karyawan Swasta;Karyawan Swasta;0;3;Finansial;Ya
MHS01421;Tidak;S1;S1;Karyawan Swasta;Wiraswasta;0;3;Akademik;Ya
MHS01422;Tidak;S1;SMA/SMK;Profesional (dokter/guru/dll);Tidak Bekerja;1;4;Akademik;Tidak
MHS01423;Tidak;SMP;D3;Tidak Bekerja;Tidak Bekerja;0;1;Finansial;Ya
MHS01424;Tidak;SMA/SMK;S1;Buruh/Pekerja Harian;PNS/ASN;0;5;Finansial;Tidak
MHS01425;Ya;SMA/SMK;SMP;Tidak Bekerja;Wiraswasta;1;1;Finansial;Ya
MHS01426;Tidak;SMA/SMK;S1;Petani/Nelayan;Karyawan Swasta;2;4;Akademik;Tidak
MHS01427;Tidak;S1;S2;Wiraswasta;PNS/ASN;1;3;Akademik;Tidak
MHS01428;Tidak;SMP;S1;Buruh/Pekerja Harian;Wiraswasta;0;4;Finansial;Tidak
MHS01429;Tidak;S2;D3;TNI/Polri;Karyawan Swasta;0;5;Adaptasi;Tidak
MHS01430;Tidak;D3;SMA/SMK;Karyawan Swasta;Wiraswasta;0;3;Adaptasi;Tidak
MHS01431;Ya;SMP;SMA/SMK;TNI/Polri;Tidak Bekerja;0;2;Adaptasi;Tidak
MHS01432;Ya;SMA/SMK;SMP;TNI/Polri;Wiraswasta;0;3;Finansial;Tidak
MHS01433;Ya;SMP;SMA/SMK;Petani/Nelayan;Tidak Bekerja;0;4;Akademik;Tidak
MHS01434;Tidak;SMA/SMK;S1;PNS/ASN;Profesional (dokter/guru/dll);0;4;Finansial;Ya
MHS01435;Tidak;SMA/SMK;D3;Wiraswasta;Karyawan Swasta;0;5;Adaptasi;Tidak
MHS01436;Tidak;S1;S1;Tidak Bekerja;PNS/ASN;0;3;Adaptasi;Tidak
MHS01437;Ya;SMP;SMA/SMK;Buruh/Pekerja Harian;Buruh/Pekerja Harian;1;4;Finansial;Ya
MHS01438;Ya;SMP;SMA/SMK;Buruh/Pekerja Harian;Karyawan Swasta;2;4;Sosial;Tidak
MHS01439;Tidak;S2;SMA/SMK;Profesional (dokter/guru/dll);Buruh/Pekerja Harian;3;4;Akademik;Tidak
MHS01440;Tidak;S1;S1;Wiraswasta;Tidak Bekerja;0;5;Akademik;Tidak
MHS01441;Ya;SD;SMA/SMK;Tidak Bekerja;Buruh/Pekerja Harian;0;2;Finansial;Ya
MHS01442;Tidak;S1;Tidak Sekolah;Karyawan Swasta;Tidak Bekerja;0;4;Sosial;Tidak
MHS01443;Ya;SMA/SMK;SMA/SMK;Wiraswasta;Karyawan Swasta;0;5;Adaptasi;Tidak
MHS01444;Ya;SMA/SMK;SMP;Petani/Nelayan;Buruh/Pekerja Harian;0;3;Adaptasi;Ya
MHS01445;Tidak;S1;S1;Karyawan Swasta;Wiraswasta;1;4;Finansial;Tidak
MHS01446;Tidak;S1;SMA/SMK;PNS/ASN;PNS/ASN;1;3;Finansial;Tidak
MHS01447;Tidak;S1;S1;PNS/ASN;Tidak Bekerja;0;2;Finansial;Tidak
MHS01448;Ya;SMP;SD;Petani/Nelayan;Buruh/Pekerja Harian;0;4;Akademik;Ya
MHS01449;Tidak;Tidak Sekolah;D3;Petani/Nelayan;Wiraswasta;1;2;Akademik;Ya
MHS01450;Tidak;S1;D3;PNS/ASN;Tidak Bekerja;0;3;Finansial;Tidak
MHS01451;Tidak;S1;S2;TNI/Polri;Karyawan Swasta;1;5;Adaptasi;Ya
MHS01452;Ya;SMP;SMP;Buruh/Pekerja Harian;Buruh/Pekerja Harian;0;3;Finansial;Tidak
MHS01453;Tidak;S2;S1;PNS/ASN;Karyawan Swasta;1;5;Akademik;Tidak
MHS01454;Ya;SMP;SD;Wiraswasta;Tidak Bekerja;0;1;Adaptasi;Tidak
MHS01455;Tidak;S1;S1;Profesional (dokter/guru/dll);Wiraswasta;1;3;Akademik;Tidak
MHS01456;Ya;SD;SD;Tidak Bekerja;Wiraswasta;0;2;Adaptasi;Ya
MHS01457;Ya;SMA/SMK;SMA/SMK;Karyawan Swasta;Tidak Bekerja;0;5;Sosial;Tidak
MHS01458;Tidak;SMP;D3;Buruh/Pekerja Harian;Buruh/Pekerja Harian;1;4;Sosial;Ya
MHS01459;Ya;SMP;SMA/SMK;Buruh/Pekerja Harian;Tidak Bekerja;0;3;Finansial;Tidak
MHS01460;Tidak;S3;S3;Wiraswasta;Profesional (dokter/guru/dll);1;5;Akademik;Tidak
MHS01461;Ya;SMA/SMK;SMP;Karyawan Swasta;Tidak Bekerja;0;5;Sosial;Tidak
MHS01462;Ya;SMA/SMK;SMP;Wiraswasta;Tidak Bekerja;0;4;Akademik;Ya
MHS01463;Ya;SMA/SMK;SMA/SMK;Karyawan Swasta;Wiraswasta;1;3;Adaptasi;Tidak
MHS01464;Tidak;S1;SMA/SMK;Karyawan Swasta;Tidak Bekerja;2;3;Akademik;Tidak
MHS01465;Tidak;S2;D3;Karyawan Swasta;Karyawan Swasta;1;3;Adaptasi;Ya
MHS01466;Ya;SMA/SMK;SMA/SMK;Buruh/Pekerja Harian;Buruh/Pekerja Harian;0;3;Akademik;Ya
MHS01467;Ya;SMA/SMK;SMA/SMK;TNI/Polri;Buruh/Pekerja Harian;0;4;Finansial;Tidak
MHS01468;Tidak;D3;D3;PNS/ASN;Karyawan Swasta;1;3;Adaptasi;Tidak
MHS01469;Ya;SD;SMP;Buruh/Pekerja Harian;Profesional (dokter/guru/dll);0;2;Akademik;Ya
MHS01470;Tidak;S1;SMA/SMK;Profesional (dokter/guru/dll);Buruh/Pekerja Harian;1;3;Sosial;Tidak
MHS01471;Ya;SD;SD;Buruh/Pekerja Harian;Buruh/Pekerja Harian;0;2;Finansial;Tidak
MHS01472;Tidak;S2;S1;Profesional (dokter/guru/dll);Wiraswasta;1;5;Akademik;Tidak
MHS01473;Tidak;S1;SMA/SMK;PNS/ASN;Profesional (dokter/guru/dll);0;5;Finansial;Tidak
MHS01474;Ya;SMA/SMK;SMA/SMK;Buruh/Pekerja Harian;PNS/ASN;1;5;Sosial;Ya
MHS01475;Tidak;SMP;S1;Tidak Bekerja;Wiraswasta;0;3;Finansial;Tidak
MHS01476;Ya;SMP;SMA/SMK;Petani/Nelayan;Wiraswasta;1;3;Akademik;Tidak
MHS01477;Tidak;S2;S1;PNS/ASN;Wiraswasta;0;4;Adaptasi;Tidak
MHS01478;Tidak;S2;S2;PNS/ASN;Profesional (dokter/guru/dll);1;5;Akademik;Ya
MHS01479;Ya;SMP;SMA/SMK;Buruh/Pekerja Harian;Tidak Bekerja;0;2;Finansial;Tidak
MHS01480;Ya;SMP;SMA/SMK;Wiraswasta;Tidak Bekerja;0;3;Finansial;Tidak
MHS01481;Tidak;D3;D3;Wiraswasta;PNS/ASN;0;3;Akademik;Tidak
MHS01482;Ya;SMP;Tidak Sekolah;Buruh/Pekerja Harian;Tidak Bekerja;0;2;Finansial;Ya
MHS01483;Ya;SMP;SMA/SMK;Buruh/Pekerja Harian;Buruh/Pekerja Harian;2;2;Finansial;Ya
MHS01484;Tidak;SD;D3;Buruh/Pekerja Harian;Wiraswasta;0;3;Akademik;Ya
MHS01485;Tidak;S1;S1;Karyawan Swasta;Wiraswasta;0;3;Akademik;Tidak
MHS01486;Ya;SMP;SMP;Wiraswasta;Tidak Bekerja;0;2;Finansial;Tidak
MHS01487;Ya;SMA/SMK;SMA/SMK;TNI/Polri;Karyawan Swasta;1;2;Finansial;Tidak
MHS01488;Ya;SMA/SMK;Tidak Sekolah;Wiraswasta;Buruh/Pekerja Harian;0;3;Adaptasi;Ya
MHS01489;Tidak;S2;S1;Profesional (dokter/guru/dll);Profesional (dokter/guru/dll);1;5;Sosial;Tidak
MHS01490;Tidak;S1;S1;Profesional (dokter/guru/dll);Tidak Bekerja;2;4;Akademik;Tidak
MHS01491;Tidak;S1;S1;TNI/Polri;Karyawan Swasta;2;5;Akademik;Tidak
MHS01492;Ya;SMA/SMK;SMA/SMK;TNI/Polri;Wiraswasta;0;5;Adaptasi;Ya
MHS01493;Tidak;SMA/SMK;D3;Wiraswasta;Buruh/Pekerja Harian;0;4;Adaptasi;Tidak
MHS01494;Ya;SMP;Tidak Sekolah;Petani/Nelayan;Tidak Bekerja;0;4;Adaptasi;Ya
MHS01495;Ya;SMP;SMA/SMK;Petani/Nelayan;PNS/ASN;0;5;Akademik;Tidak
MHS01496;Tidak;SMA/SMK;S1;TNI/Polri;PNS/ASN;2;2;Akademik;Tidak
MHS01497;Tidak;S2;S1;Karyawan Swasta;Karyawan Swasta;0;4;Finansial;Tidak
MHS01498;Tidak;S2;SMA/SMK;Profesional (dokter/guru/dll);Tidak Bekerja;0;4;Akademik;Tidak
MHS01499;Ya;SMA/SMK;SMA/SMK;Wiraswasta;Tidak Bekerja;1;4;Finansial;Tidak
MHS01500;Tidak;D3;SMA/SMK;PNS/ASN;Tidak Bekerja;1;3;Finansial;Tidak
MHS01501;Tidak;D3;S1;PNS/ASN;PNS/ASN;1;3;Akademik;Tidak
MHS01502;Tidak;S1;S1;Wiraswasta;PNS/ASN;0;4;Finansial;Tidak
MHS01503;Ya;SMP;SMA/SMK;Wiraswasta;PNS/ASN;0;2;Akademik;Ya
MHS01504;Ya;SMA/SMK;SMA/SMK;Tidak Bekerja;Karyawan Swasta;3;2;Finansial;Ya
MHS01505;Tidak;S1;SMA/SMK;Karyawan Swasta;Wiraswasta;1;4;Finansial;Tidak
MHS01506;Tidak;D3;SMA/SMK;Wiraswasta;Buruh/Pekerja Harian;0;4;Akademik;Tidak
MHS01507;Ya;SMA/SMK;SD;Karyawan Swasta;Tidak Bekerja;0;3;Sosial;Tidak
MHS01508;Ya;SMA/SMK;SMP;PNS/ASN;Tidak Bekerja;0;3;Akademik;Ya
MHS01509;Ya;SMP;SMA/SMK;Karyawan Swasta;Wiraswasta;0;3;Finansial;Ya
MHS01510;Ya;SMA/SMK;SMA/SMK;Karyawan Swasta;Karyawan Swasta;1;4;Sosial;Tidak
MHS01511;Tidak;S2;S1;PNS/ASN;PNS/ASN;1;5;Akademik;Tidak
MHS01512;Ya;SMP;SMA/SMK;Petani/Nelayan;Karyawan Swasta;0;3;Finansial;Ya
MHS01513;Tidak;D3;SMP;Karyawan Swasta;Wiraswasta;2;2;Finansial;Tidak
MHS01514;Ya;SMA/SMK;SMP;Buruh/Pekerja Harian;Tidak Bekerja;1;2;Finansial;Ya
MHS01515;Ya;SMA/SMK;SMA/SMK;Wiraswasta;Tidak Bekerja;0;4;Finansial;Ya
MHS01516;Tidak;SMA/SMK;D3;Tidak Bekerja;Tidak Bekerja;0;2;Akademik;Tidak
MHS01517;Ya;SMP;SMA/SMK;Tidak Bekerja;Karyawan Swasta;1;2;Akademik;Ya
MHS01518;Ya;SD;SMA/SMK;Tidak Bekerja;PNS/ASN;0;2;Finansial;Ya
MHS01519;Tidak;SMP;S1;Buruh/Pekerja Harian;Tidak Bekerja;2;4;Finansial;Tidak
MHS01520;Ya;SD;SMA/SMK;Karyawan Swasta;Tidak Bekerja;1;2;Akademik;Tidak
MHS01521;Tidak;S2;S2;Profesional (dokter/guru/dll);Karyawan Swasta;2;5;Akademik;Tidak
MHS01522;Tidak;D3;Tidak Sekolah;Karyawan Swasta;Tidak Bekerja;0;3;Finansial;Tidak
MHS01523;Tidak;SMA/SMK;S1;Buruh/Pekerja Harian;PNS/ASN;1;3;Adaptasi;Tidak
MHS01524;Tidak;S1;S1;Wiraswasta;Wiraswasta;0;5;Akademik;Tidak
MHS01525;Ya;SMA/SMK;SMA/SMK;Wiraswasta;Tidak Bekerja;1;4;Sosial;Tidak
MHS01526;Ya;SMA/SMK;SMP;Profesional (dokter/guru/dll);Karyawan Swasta;1;5;Akademik;Ya
MHS01527;Tidak;D3;S1;Wiraswasta;Wiraswasta;1;4;Akademik;Ya
MHS01528;Tidak;S3;S1;PNS/ASN;Tidak Bekerja;0;2;Sosial;Tidak
MHS01529;Tidak;S1;S1;PNS/ASN;Tidak Bekerja;1;4;Akademik;Tidak
MHS01530;Ya;SMP;SD;Petani/Nelayan;Buruh/Pekerja Harian;0;4;Akademik;Tidak
MHS01531;Tidak;S2;D3;PNS/ASN;Wiraswasta;1;3;Akademik;Ya
MHS01532;Ya;SMA/SMK;SD;Buruh/Pekerja Harian;Tidak Bekerja;0;1;Finansial;Ya
MHS01533;Ya;SMA/SMK;SMA/SMK;Wiraswasta;Tidak Bekerja;1;3;Adaptasi;Ya
MHS01534;Ya;SMA/SMK;SD;Karyawan Swasta;Tidak Bekerja;1;4;Adaptasi;Ya
MHS01535;Tidak;D3;S1;Karyawan Swasta;Karyawan Swasta;1;3;Sosial;Tidak
MHS01536;Ya;SD;SMA/SMK;Petani/Nelayan;Karyawan Swasta;0;2;Adaptasi;Ya
MHS01537;Tidak;D3;S1;Wiraswasta;Buruh/Pekerja Harian;1;4;Akademik;Tidak
MHS01538;Ya;SMA/SMK;SMA/SMK;Wiraswasta;Wiraswasta;0;4;Akademik;Ya
MHS01539;Tidak;SMP;D3;Buruh/Pekerja Harian;Tidak Bekerja;1;3;Finansial;Ya
MHS01540;Tidak;D3;S2;PNS/ASN;PNS/ASN;0;2;Akademik;Tidak
MHS01541;Ya;SMA/SMK;SMP;Karyawan Swasta;Buruh/Pekerja Harian;0;5;Akademik;Tidak
MHS01542;Ya;SMP;SMP;PNS/ASN;Tidak Bekerja;1;2;Finansial;Tidak
MHS01543;Tidak;D3;SMA/SMK;Karyawan Swasta;Karyawan Swasta;0;4;Akademik;Tidak
MHS01544;Tidak;S1;SMP;Profesional (dokter/guru/dll);Wiraswasta;1;4;Adaptasi;Tidak
MHS01545;Tidak;S1;SMA/SMK;Profesional (dokter/guru/dll);Wiraswasta;0;3;Sosial;Tidak
MHS01546;Tidak;S1;SMA/SMK;Karyawan Swasta;Tidak Bekerja;0;2;Akademik;Tidak
MHS01547;Tidak;SMA/SMK;S1;Petani/Nelayan;Tidak Bekerja;0;2;Akademik;Tidak
MHS01548;Ya;SMA/SMK;SMA/SMK;Petani/Nelayan;Tidak Bekerja;0;2;Finansial;Ya
MHS01549;Tidak;SMA/SMK;S2;Tidak Bekerja;Karyawan Swasta;1;4;Sosial;Tidak
MHS01550;Tidak;S1;SMA/SMK;Profesional (dokter/guru/dll);PNS/ASN;0;3;Akademik;Tidak
MHS01551;Tidak;D3;SMA/SMK;Karyawan Swasta;Buruh/Pekerja Harian;1;3;Adaptasi;Tidak
MHS01552;Ya;SMP;SD;TNI/Polri;Buruh/Pekerja Harian;0;3;Finansial;Tidak
MHS01553;Tidak;S2;S1;PNS/ASN;Karyawan Swasta;1;5;Akademik;Tidak
MHS01554;Ya;SMA/SMK;SMP;PNS/ASN;Wiraswasta;0;4;Finansial;Tidak
MHS01555;Tidak;S2;S2;PNS/ASN;Profesional (dokter/guru/dll);1;4;Akademik;Tidak
MHS01556;Tidak;Tidak Sekolah;S1;Petani/Nelayan;PNS/ASN;0;4;Adaptasi;Tidak
MHS01557;Ya;SMP;SMP;Buruh/Pekerja Harian;Tidak Bekerja;0;4;Finansial;Ya
MHS01558;Tidak;S1;SMP;Wiraswasta;Buruh/Pekerja Harian;0;2;Sosial;Tidak
MHS01559;Tidak;S1;D3;Wiraswasta;Tidak Bekerja;1;4;Akademik;Ya
MHS01560;Tidak;SMA/SMK;S1;Wiraswasta;Karyawan Swasta;0;5;Adaptasi;Tidak
MHS01561;Ya;SMA/SMK;SMP;Petani/Nelayan;Tidak Bekerja;1;4;Finansial;Ya
MHS01562;Ya;SD;SMA/SMK;Petani/Nelayan;PNS/ASN;1;3;Finansial;Ya
MHS01563;Tidak;D3;SMP;Karyawan Swasta;Buruh/Pekerja Harian;1;2;Finansial;Tidak
MHS01564;Ya;SMA/SMK;SMA/SMK;Karyawan Swasta;Tidak Bekerja;0;4;Sosial;Tidak
MHS01565;Ya;SD;SD;Buruh/Pekerja Harian;Tidak Bekerja;0;3;Sosial;Tidak
MHS01566;Tidak;SMP;S1;Wiraswasta;PNS/ASN;0;4;Akademik;Tidak
MHS01567;Tidak;S1;S1;Karyawan Swasta;Tidak Bekerja;0;5;Akademik;Tidak
MHS01568;Tidak;S1;SMA/SMK;Karyawan Swasta;Buruh/Pekerja Harian;0;4;Akademik;Tidak
MHS01569;Ya;SMA/SMK;SMP;Tidak Bekerja;Wiraswasta;1;5;Adaptasi;Tidak
MHS01570;Tidak;D3;D3;TNI/Polri;Profesional (dokter/guru/dll);0;2;Sosial;Ya
MHS01571;Ya;SMA/SMK;SMP;Wiraswasta;Tidak Bekerja;0;3;Sosial;Ya
MHS01572;Ya;SMA/SMK;SMA/SMK;Karyawan Swasta;Karyawan Swasta;2;1;Finansial;Ya
MHS01573;Tidak;S1;SMA/SMK;Karyawan Swasta;Tidak Bekerja;0;5;Adaptasi;Tidak
MHS01574;Ya;SMA/SMK;SMA/SMK;Karyawan Swasta;Wiraswasta;2;5;Sosial;Tidak
MHS01575;Tidak;S1;S1;Wiraswasta;Karyawan Swasta;0;3;Akademik;Tidak
MHS01576;Tidak;S1;SMA/SMK;PNS/ASN;Karyawan Swasta;0;1;Finansial;Tidak
MHS01577;Ya;SMA/SMK;SMA/SMK;TNI/Polri;Tidak Bekerja;0;3;Adaptasi;Ya
MHS01578;Ya;SMA/SMK;SMA/SMK;Wiraswasta;PNS/ASN;0;4;Akademik;Tidak
MHS01579;Ya;SMA/SMK;SMP;PNS/ASN;Tidak Bekerja;1;4;Akademik;Ya
MHS01580;Tidak;S1;S1;Karyawan Swasta;Profesional (dokter/guru/dll);0;2;Akademik;Tidak
MHS01581;Ya;SMA/SMK;SMA/SMK;Petani/Nelayan;Buruh/Pekerja Harian;0;4;Adaptasi;Tidak
MHS01582;Tidak;S1;S2;TNI/Polri;PNS/ASN;1;4;Akademik;Tidak
MHS01583;Tidak;D3;S1;Karyawan Swasta;PNS/ASN;0;5;Finansial;Ya
MHS01584;Tidak;D3;SMA/SMK;Karyawan Swasta;Tidak Bekerja;2;2;Sosial;Ya
MHS01585;Tidak;D3;D3;TNI/Polri;Karyawan Swasta;0;3;Finansial;Tidak
MHS01586;Ya;SMA/SMK;SMA/SMK;TNI/Polri;PNS/ASN;0;1;Akademik;Ya
MHS01587;Tidak;S2;S1;Wiraswasta;Karyawan Swasta;2;5;Sosial;Tidak
MHS01588;Tidak;SMA/SMK;S2;Wiraswasta;Wiraswasta;1;3;Finansial;Tidak
MHS01589;Tidak;S1;SMA/SMK;Tidak Bekerja;PNS/ASN;0;3;Finansial;Ya
MHS01590;Tidak;S1;S2;Karyawan Swasta;Wiraswasta;1;3;Adaptasi;Tidak
MHS01591;Ya;SMA/SMK;SD;Tidak Bekerja;Tidak Bekerja;0;4;Finansial;Tidak
MHS01592;Ya;SMA/SMK;SMA/SMK;PNS/ASN;Karyawan Swasta;1;5;Akademik;Tidak
MHS01593;Ya;SD;SMP;Petani/Nelayan;Karyawan Swasta;0;3;Adaptasi;Tidak
MHS01594;Tidak;S1;S1;Karyawan Swasta;Karyawan Swasta;0;2;Akademik;Ya
MHS01595;Tidak;S1;D3;Karyawan Swasta;Karyawan Swasta;1;4;Akademik;Tidak
MHS01596;Tidak;S2;Tidak Sekolah;PNS/ASN;Buruh/Pekerja Harian;0;2;Akademik;Ya
MHS01597;Tidak;S1;D3;Wiraswasta;Buruh/Pekerja Harian;1;5;Akademik;Tidak
MHS01598;Tidak;S2;SMA/SMK;Wiraswasta;Tidak Bekerja;0;5;Akademik;Tidak
MHS01599;Tidak;SMA/SMK;S1;TNI/Polri;Wiraswasta;0;3;Akademik;Ya
MHS01600;Ya;SMP;SMA/SMK;Buruh/Pekerja Harian;Tidak Bekerja;0;5;Adaptasi;Ya
MHS01601;Tidak;S1;SMP;PNS/ASN;Tidak Bekerja;2;4;Sosial;Tidak
MHS01602;Tidak;D3;SMA/SMK;Wiraswasta;Tidak Bekerja;0;3;Finansial;Tidak
MHS01603;Tidak;D3;SMA/SMK;Karyawan Swasta;Wiraswasta;0;3;Adaptasi;Tidak
MHS01604;Tidak;SMA/SMK;D3;Petani/Nelayan;Buruh/Pekerja Harian;0;3;Akademik;Ya
MHS01605;Tidak;SMA/SMK;S1;Karyawan Swasta;Buruh/Pekerja Harian;1;5;Akademik;Tidak
MHS01606;Ya;SMP;SMP;Petani/Nelayan;Wiraswasta;1;3;Akademik;Tidak
MHS01607;Ya;SD;SD;Petani/Nelayan;Buruh/Pekerja Harian;0;1;Sosial;Tidak
MHS01608;Ya;SMA/SMK;SMP;PNS/ASN;Tidak Bekerja;0;3;Finansial;Ya
MHS01609;Ya;Tidak Sekolah;Tidak Sekolah;Tidak Bekerja;Tidak Bekerja;0;1;Finansial;Ya
MHS01610;Tidak;D3;S1;Tidak Bekerja;Wiraswasta;1;4;Sosial;Tidak
MHS01611;Ya;SMA/SMK;SMA/SMK;Buruh/Pekerja Harian;Tidak Bekerja;0;3;Akademik;Tidak
MHS01612;Ya;SMA/SMK;SD;PNS/ASN;Wiraswasta;2;3;Adaptasi;Ya
MHS01613;Ya;SMA/SMK;Tidak Sekolah;Karyawan Swasta;Tidak Bekerja;1;4;Adaptasi;Ya
MHS01614;Ya;SMP;SD;Tidak Bekerja;Tidak Bekerja;0;4;Finansial;Ya
MHS01615;Tidak;S1;SMP;Wiraswasta;Tidak Bekerja;1;4;Sosial;Tidak
MHS01616;Ya;SD;SD;Karyawan Swasta;Tidak Bekerja;0;3;Finansial;Tidak
MHS01617;Tidak;S1;S1;PNS/ASN;Karyawan Swasta;0;4;Finansial;Tidak
MHS01618;Tidak;S2;S1;Wiraswasta;Profesional (dokter/guru/dll);1;5;Akademik;Tidak
MHS01619;Ya;SMP;SMA/SMK;Petani/Nelayan;Tidak Bekerja;2;2;Finansial;Tidak
MHS01620;Tidak;D3;SMA/SMK;Karyawan Swasta;Profesional (dokter/guru/dll);0;4;Akademik;Tidak
MHS01621;Ya;SMP;SMP;Wiraswasta;Buruh/Pekerja Harian;0;3;Finansial;Tidak
MHS01622;Ya;SMP;Tidak Sekolah;Buruh/Pekerja Harian;Buruh/Pekerja Harian;0;3;Sosial;Ya
MHS01623;Tidak;S1;S1;Wiraswasta;Profesional (dokter/guru/dll);2;5;Finansial;Tidak
MHS01624;Tidak;S1;S1;Karyawan Swasta;Wiraswasta;2;5;Adaptasi;Tidak
MHS01625;Tidak;S1;SMA/SMK;Karyawan Swasta;Tidak Bekerja;1;5;Akademik;Ya
MHS01626;Tidak;S1;S1;Karyawan Swasta;Karyawan Swasta;1;5;Finansial;Tidak
MHS01627;Tidak;D3;S1;TNI/Polri;Tidak Bekerja;1;3;Adaptasi;Tidak
MHS01628;Tidak;S1;SMP;TNI/Polri;Wiraswasta;2;3;Sosial;Tidak
MHS01629;Tidak;S3;S3;Karyawan Swasta;Karyawan Swasta;1;5;Akademik;Tidak
MHS01630;Tidak;S1;SD;TNI/Polri;Buruh/Pekerja Harian;0;4;Akademik;Tidak
MHS01631;Tidak;SMA/SMK;D3;Profesional (dokter/guru/dll);Tidak Bekerja;2;4;Akademik;Tidak
MHS01632;Tidak;S2;SMA/SMK;TNI/Polri;Wiraswasta;0;5;Sosial;Tidak
MHS01633;Ya;SMA/SMK;SMA/SMK;Petani/Nelayan;Tidak Bekerja;0;3;Finansial;Ya
MHS01634;Tidak;SMP;S1;Wiraswasta;Karyawan Swasta;1;4;Sosial;Tidak
MHS01635;Tidak;D3;SMA/SMK;Karyawan Swasta;Tidak Bekerja;2;3;Finansial;Tidak
MHS01636;Ya;SMP;SD;Buruh/Pekerja Harian;Buruh/Pekerja Harian;0;3;Finansial;Ya
MHS01637;Ya;SMA/SMK;SMP;Tidak Bekerja;Wiraswasta;0;3;Finansial;Ya
MHS01638;Ya;SMP;SMP;Wiraswasta;Tidak Bekerja;0;3;Akademik;Ya
MHS01639;Tidak;S1;SMP;Karyawan Swasta;Tidak Bekerja;0;3;Akademik;Ya
MHS01640;Tidak;D3;SMP;PNS/ASN;Tidak Bekerja;2;4;Finansial;Tidak
MHS01641;Tidak;SD;S1;Petani/Nelayan;Tidak Bekerja;1;3;Sosial;Tidak
MHS01642;Ya;SMA/SMK;SD;Petani/Nelayan;Tidak Bekerja;0;2;Finansial;Ya
MHS01643;Tidak;S1;SMA/SMK;TNI/Polri;Wiraswasta;0;5;Sosial;Tidak
MHS01644;Tidak;S2;SMA/SMK;PNS/ASN;Tidak Bekerja;0;4;Akademik;Tidak
MHS01645;Tidak;D3;SMA/SMK;Karyawan Swasta;Tidak Bekerja;0;4;Sosial;Tidak
MHS01646;Tidak;S1;D3;TNI/Polri;Buruh/Pekerja Harian;2;4;Akademik;Tidak
MHS01647;Tidak;S1;S3;PNS/ASN;Wiraswasta;2;4;Adaptasi;Ya
MHS01648;Tidak;S1;SMP;Karyawan Swasta;Tidak Bekerja;0;2;Akademik;Ya
MHS01649;Ya;SMA/SMK;SMA/SMK;Wiraswasta;PNS/ASN;0;2;Akademik;Tidak
MHS01650;Ya;SMA/SMK;SMA/SMK;TNI/Polri;Wiraswasta;0;2;Adaptasi;Ya
MHS01651;Tidak;S2;SMA/SMK;PNS/ASN;Tidak Bekerja;0;4;Akademik;Ya
MHS01652;Ya;SMA/SMK;SMA/SMK;Wiraswasta;Buruh/Pekerja Harian;0;5;Akademik;Tidak
MHS01653;Ya;SMA/SMK;SMA/SMK;PNS/ASN;Tidak Bekerja;0;3;Finansial;Tidak
MHS01654;Tidak;S1;S2;PNS/ASN;Profesional (dokter/guru/dll);2;4;Akademik;Tidak
MHS01655;Tidak;D3;S1;Karyawan Swasta;Karyawan Swasta;1;4;Akademik;Tidak
MHS01656;Tidak;S1;SMA/SMK;Profesional (dokter/guru/dll);Tidak Bekerja;0;3;Akademik;Tidak
MHS01657;Ya;SMA/SMK;SMA/SMK;TNI/Polri;Tidak Bekerja;2;4;Finansial;Tidak
MHS01658;Ya;SMA/SMK;SD;Karyawan Swasta;Tidak Bekerja;0;2;Finansial;Ya
MHS01659;Ya;SD;SMA/SMK;Buruh/Pekerja Harian;Buruh/Pekerja Harian;0;3;Finansial;Ya
MHS01660;Tidak;D3;D3;PNS/ASN;Karyawan Swasta;0;4;Adaptasi;Tidak
MHS01661;Tidak;S1;SMP;PNS/ASN;Tidak Bekerja;1;2;Akademik;Ya
MHS01662;Tidak;SMA/SMK;S1;Karyawan Swasta;PNS/ASN;2;2;Sosial;Ya
MHS01663;Ya;SMA/SMK;SMA/SMK;Karyawan Swasta;Tidak Bekerja;0;3;Finansial;Ya
MHS01664;Ya;SMA/SMK;SMA/SMK;Petani/Nelayan;Tidak Bekerja;1;1;Finansial;Tidak
MHS01665;Tidak;S1;S1;Profesional (dokter/guru/dll);Wiraswasta;0;5;Adaptasi;Tidak
MHS01666;Tidak;D3;SMA/SMK;Wiraswasta;Buruh/Pekerja Harian;0;4;Akademik;Tidak
MHS01667;Ya;Tidak Sekolah;SMA/SMK;Tidak Bekerja;Tidak Bekerja;0;3;Finansial;Tidak
MHS01668;Tidak;D3;SMA/SMK;Wiraswasta;Tidak Bekerja;1;3;Finansial;Tidak
MHS01669;Tidak;S1;D3;PNS/ASN;PNS/ASN;0;3;Sosial;Tidak
MHS01670;Tidak;S1;SMA/SMK;Karyawan Swasta;Tidak Bekerja;4;5;Sosial;Ya
MHS01671;Ya;SMA/SMK;SMA/SMK;TNI/Polri;Tidak Bekerja;1;3;Sosial;Ya
MHS01672;Tidak;S2;D3;Wiraswasta;Karyawan Swasta;0;5;Sosial;Tidak
MHS01673;Tidak;S1;S1;TNI/Polri;PNS/ASN;3;2;Finansial;Tidak
MHS01674;Tidak;D3;SMA/SMK;Petani/Nelayan;Wiraswasta;2;4;Akademik;Ya
MHS01675;Tidak;D3;SMP;Karyawan Swasta;Tidak Bekerja;1;4;Sosial;Ya
MHS01676;Tidak;S1;D3;Profesional (dokter/guru/dll);Karyawan Swasta;2;5;Sosial;Ya
MHS01677;Ya;SMP;SD;Wiraswasta;Tidak Bekerja;1;2;Finansial;Ya
MHS01678;Tidak;D3;S1;Karyawan Swasta;Karyawan Swasta;1;5;Sosial;Ya
MHS01679;Ya;SMP;SMA/SMK;Buruh/Pekerja Harian;Wiraswasta;3;3;Finansial;Ya
MHS01680;Ya;SMA/SMK;SMA/SMK;Wiraswasta;Tidak Bekerja;1;4;Akademik;Ya
MHS01681;Tidak;S1;D3;Karyawan Swasta;PNS/ASN;1;5;Adaptasi;Tidak
MHS01682;Ya;SMA/SMK;SMA/SMK;Wiraswasta;Buruh/Pekerja Harian;0;2;Akademik;Ya
MHS01683;Tidak;S1;D3;PNS/ASN;Tidak Bekerja;0;4;Sosial;Tidak
MHS01684;Ya;SMA/SMK;SMP;Buruh/Pekerja Harian;Tidak Bekerja;0;4;Finansial;Ya
MHS01685;Ya;SMP;SMA/SMK;Karyawan Swasta;Tidak Bekerja;1;4;Finansial;Ya
MHS01686;Ya;SMA/SMK;SMA/SMK;Wiraswasta;Wiraswasta;1;1;Finansial;Ya
MHS01687;Ya;SMA/SMK;SMA/SMK;PNS/ASN;Tidak Bekerja;1;2;Finansial;Tidak
MHS01688;Tidak;D3;SMA/SMK;Petani/Nelayan;Tidak Bekerja;1;2;Adaptasi;Tidak
MHS01689;Tidak;D3;D3;Petani/Nelayan;Karyawan Swasta;1;2;Adaptasi;Ya
MHS01690;Tidak;S3;D3;PNS/ASN;Karyawan Swasta;0;5;Sosial;Tidak
MHS01691;Ya;SMA/SMK;SMA/SMK;Petani/Nelayan;Tidak Bekerja;1;4;Adaptasi;Ya
MHS01692;Ya;SMP;SMA/SMK;Karyawan Swasta;Karyawan Swasta;1;4;Akademik;Tidak
MHS01693;Tidak;SMA/SMK;D3;Buruh/Pekerja Harian;Wiraswasta;0;3;Finansial;Ya
MHS01694;Ya;SMA/SMK;SMA/SMK;Wiraswasta;Wiraswasta;0;4;Akademik;Ya
MHS01695;Tidak;S1;SD;TNI/Polri;Tidak Bekerja;0;2;Akademik;Tidak
MHS01696;Ya;SD;SMA/SMK;Karyawan Swasta;Profesional (dokter/guru/dll);0;3;Akademik;Tidak
MHS01697;Tidak;SMA/SMK;D3;Petani/Nelayan;Karyawan Swasta;0;3;Finansial;Tidak
MHS01698;Ya;SMA/SMK;SMA/SMK;TNI/Polri;Buruh/Pekerja Harian;1;1;Finansial;Ya
MHS01699;Tidak;D3;D3;PNS/ASN;Buruh/Pekerja Harian;1;4;Akademik;Tidak
MHS01700;Tidak;S1;SMP;Karyawan Swasta;Buruh/Pekerja Harian;0;2;Finansial;Tidak
MHS01701;Tidak;SMP;D3;Petani/Nelayan;PNS/ASN;0;4;Akademik;Tidak
MHS01702;Tidak;SMA/SMK;D3;Buruh/Pekerja Harian;Tidak Bekerja;1;3;Akademik;Ya
MHS01703;Tidak;D3;SMP;PNS/ASN;Tidak Bekerja;1;5;Adaptasi;Tidak
MHS01704;Ya;SMP;SMA/SMK;Wiraswasta;Wiraswasta;1;4;Finansial;Ya
MHS01705;Ya;SMA/SMK;SMA/SMK;Karyawan Swasta;Karyawan Swasta;0;4;Akademik;Ya
MHS01706;Tidak;S1;S1;Karyawan Swasta;Profesional (dokter/guru/dll);0;5;Adaptasi;Tidak
MHS01707;Tidak;S1;S1;Wiraswasta;Karyawan Swasta;1;3;Sosial;Tidak
MHS01708;Tidak;S2;SMA/SMK;Profesional (dokter/guru/dll);PNS/ASN;0;2;Sosial;Tidak
MHS01709;Tidak;SMP;S3;Petani/Nelayan;Tidak Bekerja;2;3;Finansial;Tidak
MHS01710;Ya;SMP;SMA/SMK;Tidak Bekerja;Tidak Bekerja;1;2;Sosial;Tidak
MHS01711;Ya;SMA/SMK;SMA/SMK;Wiraswasta;Tidak Bekerja;0;2;Sosial;Tidak
MHS01712;Tidak;S2;SMA/SMK;Karyawan Swasta;Buruh/Pekerja Harian;1;3;Akademik;Tidak
MHS01713;Ya;SMA/SMK;SMA/SMK;Wiraswasta;PNS/ASN;0;4;Akademik;Tidak
MHS01714;Tidak;S1;S1;Karyawan Swasta;Karyawan Swasta;1;3;Finansial;Tidak
MHS01715;Tidak;D3;SMA/SMK;Karyawan Swasta;Tidak Bekerja;0;4;Sosial;Tidak
MHS01716;Tidak;SMP;S1;Wiraswasta;Karyawan Swasta;1;4;Akademik;Tidak
MHS01717;Ya;SMA/SMK;SD;Wiraswasta;Buruh/Pekerja Harian;0;2;Finansial;Tidak
MHS01718;Tidak;SMP;S1;Petani/Nelayan;Buruh/Pekerja Harian;0;4;Akademik;Tidak
MHS01719;Tidak;S1;SMA/SMK;Karyawan Swasta;Karyawan Swasta;1;4;Akademik;Tidak
MHS01720;Ya;Tidak Sekolah;SD;Buruh/Pekerja Harian;Tidak Bekerja;0;1;Finansial;Ya
MHS01721;Ya;SMA/SMK;SD;Petani/Nelayan;Tidak Bekerja;0;4;Sosial;Ya
MHS01722;Tidak;SMA/SMK;S1;Buruh/Pekerja Harian;Tidak Bekerja;0;4;Finansial;Ya
MHS01723;Tidak;S2;S1;PNS/ASN;Buruh/Pekerja Harian;1;5;Adaptasi;Tidak
MHS01724;Tidak;D3;SMP;Karyawan Swasta;Tidak Bekerja;1;5;Adaptasi;Tidak
MHS01725;Ya;SMP;SMA/SMK;Buruh/Pekerja Harian;Wiraswasta;0;2;Finansial;Tidak
MHS01726;Ya;SMA/SMK;SMA/SMK;Karyawan Swasta;Wiraswasta;0;4;Akademik;Ya
MHS01727;Tidak;S1;S2;Karyawan Swasta;PNS/ASN;1;5;Sosial;Tidak
MHS01728;Tidak;S1;SMA/SMK;Wiraswasta;Tidak Bekerja;0;3;Adaptasi;Ya
MHS01729;Tidak;SMA/SMK;S1;Petani/Nelayan;Profesional (dokter/guru/dll);0;3;Finansial;Tidak
MHS01730;Ya;SMP;SMP;Buruh/Pekerja Harian;Tidak Bekerja;0;3;Akademik;Ya
MHS01731;Tidak;SMA/SMK;D3;Buruh/Pekerja Harian;Wiraswasta;1;3;Akademik;Tidak
MHS01732;Ya;SMP;SMA/SMK;Buruh/Pekerja Harian;Profesional (dokter/guru/dll);0;2;Finansial;Ya
MHS01733;Ya;SMA/SMK;SMA/SMK;Karyawan Swasta;Tidak Bekerja;0;5;Akademik;Ya
MHS01734;Tidak;S2;S1;Wiraswasta;Profesional (dokter/guru/dll);0;5;Akademik;Tidak
MHS01735;Tidak;D3;D3;Karyawan Swasta;Karyawan Swasta;0;3;Adaptasi;Ya
MHS01736;Ya;SD;SMP;Tidak Bekerja;Tidak Bekerja;0;3;Adaptasi;Ya
MHS01737;Ya;SMA/SMK;SD;Buruh/Pekerja Harian;Tidak Bekerja;1;2;Finansial;Tidak
MHS01738;Tidak;S1;S1;Karyawan Swasta;Wiraswasta;0;4;Sosial;Tidak
MHS01739;Tidak;S1;S1;Profesional (dokter/guru/dll);PNS/ASN;2;3;Akademik;Tidak
MHS01740;Tidak;S1;D3;PNS/ASN;PNS/ASN;0;4;Akademik;Tidak
MHS01741;Tidak;S1;S1;Profesional (dokter/guru/dll);PNS/ASN;1;5;Sosial;Tidak
MHS01742;Ya;SMA/SMK;SMA/SMK;Wiraswasta;PNS/ASN;2;5;Adaptasi;Tidak
MHS01743;Tidak;S2;SMA/SMK;Profesional (dokter/guru/dll);Wiraswasta;2;4;Akademik;Tidak
MHS01744;Tidak;D3;S1;Karyawan Swasta;Tidak Bekerja;1;1;Finansial;Tidak
MHS01745;Tidak;S1;SMA/SMK;PNS/ASN;Wiraswasta;0;2;Adaptasi;Tidak
MHS01746;Ya;SMA/SMK;Tidak Sekolah;Wiraswasta;Wiraswasta;0;4;Finansial;Tidak
MHS01747;Tidak;S2;Tidak Sekolah;TNI/Polri;Wiraswasta;0;4;Finansial;Tidak
MHS01748;Ya;SMA/SMK;SMP;Karyawan Swasta;Tidak Bekerja;1;4;Akademik;Ya
MHS01749;Tidak;SMA/SMK;S1;Buruh/Pekerja Harian;Karyawan Swasta;2;2;Finansial;Ya
MHS01750;Tidak;D3;SD;Wiraswasta;Tidak Bekerja;1;2;Finansial;Tidak
MHS01751;Tidak;D3;D3;Petani/Nelayan;Tidak Bekerja;2;4;Sosial;Tidak
MHS01752;Tidak;S1;S1;PNS/ASN;Karyawan Swasta;0;3;Adaptasi;Tidak
MHS01753;Ya;SMA/SMK;SMA/SMK;Wiraswasta;Wiraswasta;0;5;Finansial;Ya
MHS01754;Ya;SMA/SMK;SMA/SMK;Karyawan Swasta;Wiraswasta;1;3;Akademik;Tidak
MHS01755;Tidak;D3;SMA/SMK;Karyawan Swasta;Tidak Bekerja;1;4;Akademik;Tidak
MHS01756;Ya;SMA/SMK;SD;TNI/Polri;Tidak Bekerja;0;2;Adaptasi;Tidak
MHS01757;Ya;SMA/SMK;SD;Petani/Nelayan;Tidak Bekerja;0;4;Akademik;Tidak
MHS01758;Ya;SMA/SMK;SMP;Wiraswasta;Tidak Bekerja;0;2;Finansial;Ya
MHS01759;Tidak;D3;S1;Wiraswasta;Tidak Bekerja;0;4;Finansial;Tidak
MHS01760;Tidak;S1;S1;Karyawan Swasta;PNS/ASN;0;5;Akademik;Ya
MHS01761;Ya;SMA/SMK;SMA/SMK;Wiraswasta;Profesional (dokter/guru/dll);0;5;Akademik;Tidak
MHS01762;Tidak;SMA/SMK;D3;Karyawan Swasta;Tidak Bekerja;1;4;Finansial;Ya
MHS01763;Tidak;S1;SMP;Karyawan Swasta;Tidak Bekerja;2;5;Akademik;Ya
MHS01764;Tidak;S1;SMA/SMK;PNS/ASN;Wiraswasta;1;4;Sosial;Tidak
MHS01765;Tidak;SD;S2;Buruh/Pekerja Harian;Karyawan Swasta;1;2;Akademik;Tidak
MHS01766;Ya;SMA/SMK;SD;Petani/Nelayan;Tidak Bekerja;0;2;Sosial;Ya
MHS01767;Tidak;S1;D3;Profesional (dokter/guru/dll);Karyawan Swasta;0;5;Sosial;Tidak
MHS01768;Tidak;D3;D3;PNS/ASN;Tidak Bekerja;0;2;Finansial;Ya
MHS01769;Tidak;SMA/SMK;S1;Buruh/Pekerja Harian;Karyawan Swasta;0;2;Akademik;Tidak
MHS01770;Tidak;SMA/SMK;S1;Wiraswasta;Tidak Bekerja;0;3;Sosial;Tidak
MHS01771;Tidak;S1;S1;Karyawan Swasta;Karyawan Swasta;1;4;Sosial;Tidak
MHS01772;Tidak;S1;S1;TNI/Polri;PNS/ASN;0;5;Adaptasi;Tidak
MHS01773;Ya;SMA/SMK;SMA/SMK;Petani/Nelayan;Tidak Bekerja;2;3;Akademik;Tidak
MHS01774;Ya;SMA/SMK;SMA/SMK;Wiraswasta;Tidak Bekerja;0;2;Adaptasi;Ya
MHS01775;Ya;SMA/SMK;SMP;Wiraswasta;Buruh/Pekerja Harian;0;4;Akademik;Ya
MHS01776;Tidak;S1;SMA/SMK;Profesional (dokter/guru/dll);Buruh/Pekerja Harian;1;3;Adaptasi;Tidak
MHS01777;Tidak;SMA/SMK;S1;Petani/Nelayan;Wiraswasta;0;3;Finansial;Tidak
MHS01778;Ya;SMA/SMK;SMA/SMK;Profesional (dokter/guru/dll);Karyawan Swasta;0;3;Akademik;Tidak
MHS01779;Tidak;S1;SMP;Karyawan Swasta;Tidak Bekerja;1;3;Finansial;Tidak
MHS01780;Ya;SMA/SMK;Tidak Sekolah;Karyawan Swasta;Buruh/Pekerja Harian;0;3;Akademik;Ya
MHS01781;Tidak;SMA/SMK;S1;Karyawan Swasta;Karyawan Swasta;0;2;Finansial;Tidak
MHS01782;Tidak;S2;SMA/SMK;PNS/ASN;PNS/ASN;0;5;Akademik;Ya
MHS01783;Ya;SMP;SMA/SMK;Tidak Bekerja;Wiraswasta;1;3;Finansial;Ya
MHS01784;Ya;SMP;SMA/SMK;Karyawan Swasta;Wiraswasta;0;2;Finansial;Ya
MHS01785;Tidak;SMP;S1;Buruh/Pekerja Harian;Wiraswasta;1;4;Adaptasi;Tidak
MHS01786;Tidak;D3;SMA/SMK;Buruh/Pekerja Harian;Profesional (dokter/guru/dll);0;2;Adaptasi;Tidak
MHS01787;Tidak;S1;S1;TNI/Polri;Tidak Bekerja;1;4;Adaptasi;Tidak
MHS01788;Ya;SMA/SMK;SMA/SMK;TNI/Polri;Buruh/Pekerja Harian;0;3;Akademik;Ya
MHS01789;Tidak;S1;S1;Karyawan Swasta;Karyawan Swasta;2;2;Sosial;Tidak
MHS01790;Ya;SMA/SMK;SMA/SMK;Karyawan Swasta;PNS/ASN;0;4;Sosial;Ya
MHS01791;Tidak;S1;SMA/SMK;Profesional (dokter/guru/dll);Buruh/Pekerja Harian;0;3;Sosial;Tidak
MHS01792;Tidak;S1;S1;Wiraswasta;PNS/ASN;2;4;Akademik;Tidak
MHS01793;Tidak;D3;SMA/SMK;Karyawan Swasta;Tidak Bekerja;0;4;Finansial;Tidak
MHS01794;Tidak;SMA/SMK;D3;TNI/Polri;Tidak Bekerja;0;3;Akademik;Tidak
MHS01795;Tidak;S1;S1;PNS/ASN;Tidak Bekerja;2;5;Finansial;Ya
MHS01796;Tidak;S2;S1;PNS/ASN;Tidak Bekerja;0;3;Akademik;Tidak
MHS01797;Tidak;S1;S2;TNI/Polri;PNS/ASN;0;5;Sosial;Tidak
MHS01798;Tidak;SMP;D3;Karyawan Swasta;Karyawan Swasta;0;4;Akademik;Tidak
MHS01799;Tidak;S2;SMA/SMK;Wiraswasta;Tidak Bekerja;1;4;Adaptasi;Ya
MHS01800;Tidak;S1;D3;Profesional (dokter/guru/dll);Wiraswasta;0;5;Adaptasi;Tidak
MHS01801;Ya;Tidak Sekolah;Tidak Sekolah;Buruh/Pekerja Harian;Buruh/Pekerja Harian;1;2;Finansial;Tidak
MHS01802;Tidak;S1;SMP;Wiraswasta;Buruh/Pekerja Harian;1;4;Finansial;Ya
MHS01803;Tidak;SMA/SMK;D3;Wiraswasta;Tidak Bekerja;0;4;Akademik;Tidak
MHS01804;Tidak;S1;SMA/SMK;Karyawan Swasta;Tidak Bekerja;0;3;Finansial;Tidak
MHS01805;Tidak;S2;S1;Profesional (dokter/guru/dll);Karyawan Swasta;2;4;Sosial;Tidak
MHS01806;Tidak;D3;D3;Karyawan Swasta;Wiraswasta;0;4;Finansial;Tidak
MHS01807;Tidak;SMA/SMK;D3;Wiraswasta;PNS/ASN;2;3;Adaptasi;Tidak
MHS01808;Tidak;SMA/SMK;S1;Wiraswasta;Karyawan Swasta;0;5;Sosial;Tidak
MHS01809;Ya;SMA/SMK;SMA/SMK;TNI/Polri;Wiraswasta;0;3;Finansial;Ya
MHS01810;Tidak;S3;SMA/SMK;Tidak Bekerja;Wiraswasta;0;5;Adaptasi;Tidak
MHS01811;Ya;SMP;SD;Petani/Nelayan;Tidak Bekerja;2;2;Finansial;Ya
MHS01812;Tidak;S1;S1;TNI/Polri;Karyawan Swasta;1;4;Adaptasi;Ya
MHS01813;Tidak;S1;SMA/SMK;Profesional (dokter/guru/dll);Buruh/Pekerja Harian;0;2;Sosial;Tidak
MHS01814;Ya;SMA/SMK;SMP;Petani/Nelayan;Tidak Bekerja;0;4;Akademik;Tidak
MHS01815;Ya;Tidak Sekolah;SMA/SMK;Tidak Bekerja;Wiraswasta;0;1;Finansial;Ya
MHS01816;Ya;SD;SMP;Buruh/Pekerja Harian;Tidak Bekerja;1;1;Akademik;Ya
MHS01817;Tidak;SMA/SMK;D3;PNS/ASN;Karyawan Swasta;1;4;Akademik;Tidak
MHS01818;Ya;SMA/SMK;SMP;TNI/Polri;Buruh/Pekerja Harian;0;3;Akademik;Tidak
MHS01819;Ya;SD;SMP;Petani/Nelayan;Buruh/Pekerja Harian;1;2;Finansial;Ya
MHS01820;Ya;SMA/SMK;SD;Buruh/Pekerja Harian;Wiraswasta;0;1;Finansial;Ya
MHS01821;Tidak;Tidak Sekolah;S1;Tidak Bekerja;Tidak Bekerja;0;2;Finansial;Tidak
MHS01822;Ya;SMP;SMP;Karyawan Swasta;Tidak Bekerja;0;1;Finansial;Ya
MHS01823;Tidak;D3;S1;Karyawan Swasta;Karyawan Swasta;1;4;Akademik;Tidak
MHS01824;Tidak;D3;SMP;Karyawan Swasta;Tidak Bekerja;1;2;Akademik;Tidak
MHS01825;Ya;SMA/SMK;SMA/SMK;Petani/Nelayan;Tidak Bekerja;0;4;Finansial;Tidak
MHS01826;Ya;SMA/SMK;SMA/SMK;Petani/Nelayan;Tidak Bekerja;2;3;Finansial;Ya
MHS01827;Tidak;S1;SMA/SMK;TNI/Polri;Tidak Bekerja;2;4;Sosial;Tidak
MHS01828;Tidak;SMA/SMK;S1;Wiraswasta;Wiraswasta;1;3;Finansial;Tidak
MHS01829;Tidak;D3;SMA/SMK;Karyawan Swasta;Karyawan Swasta;0;3;Adaptasi;Tidak
MHS01830;Tidak;SMP;D3;Buruh/Pekerja Harian;Tidak Bekerja;1;4;Finansial;Tidak
MHS01831;Tidak;D3;S2;Wiraswasta;PNS/ASN;1;5;Akademik;Tidak
MHS01832;Tidak;D3;SMA/SMK;PNS/ASN;Wiraswasta;1;4;Akademik;Tidak
MHS01833;Tidak;S1;SD;Wiraswasta;Wiraswasta;0;3;Sosial;Tidak
MHS01834;Ya;SMA/SMK;Tidak Sekolah;Karyawan Swasta;Tidak Bekerja;1;4;Sosial;Ya
MHS01835;Tidak;SMA/SMK;S1;Buruh/Pekerja Harian;Wiraswasta;0;5;Akademik;Tidak
MHS01836;Tidak;SMA/SMK;S1;Buruh/Pekerja Harian;PNS/ASN;0;5;Akademik;Ya
MHS01837;Tidak;S2;S1;Wiraswasta;PNS/ASN;3;4;Adaptasi;Ya
MHS01838;Ya;SMA/SMK;SMP;Wiraswasta;Karyawan Swasta;0;3;Akademik;Tidak
MHS01839;Tidak;D3;S1;Karyawan Swasta;PNS/ASN;5;5;Akademik;Ya
MHS01840;Ya;SMA/SMK;SMA/SMK;Tidak Bekerja;Tidak Bekerja;2;3;Akademik;Tidak
MHS01841;Ya;SMP;SMP;Petani/Nelayan;Tidak Bekerja;0;1;Sosial;Ya
MHS01842;Tidak;S2;SMP;Wiraswasta;Tidak Bekerja;0;2;Finansial;Ya
MHS01843;Ya;SD;SMP;Buruh/Pekerja Harian;Buruh/Pekerja Harian;1;2;Akademik;Ya
MHS01844;Ya;SMP;SMA/SMK;Wiraswasta;Tidak Bekerja;0;2;Finansial;Ya
MHS01845;Tidak;S1;S1;Profesional (dokter/guru/dll);Wiraswasta;4;4;Akademik;Tidak
MHS01846;Ya;SMP;SMA/SMK;Buruh/Pekerja Harian;Wiraswasta;0;4;Akademik;Ya
MHS01847;Ya;SMP;SMP;PNS/ASN;Buruh/Pekerja Harian;0;3;Akademik;Ya
MHS01848;Tidak;SMA/SMK;S1;Buruh/Pekerja Harian;Tidak Bekerja;0;3;Sosial;Tidak
MHS01849;Tidak;S1;S1;Wiraswasta;Karyawan Swasta;1;4;Akademik;Tidak
MHS01850;Ya;SD;Tidak Sekolah;Tidak Bekerja;Tidak Bekerja;0;1;Finansial;Ya
MHS01851;Ya;SMA/SMK;SMP;Karyawan Swasta;Tidak Bekerja;1;3;Finansial;Ya
MHS01852;Tidak;D3;S1;Buruh/Pekerja Harian;Wiraswasta;1;3;Finansial;Ya
MHS01853;Tidak;SMA/SMK;S1;Wiraswasta;Profesional (dokter/guru/dll);0;5;Akademik;Tidak
MHS01854;Tidak;SMP;D3;Wiraswasta;Wiraswasta;1;3;Sosial;Tidak
MHS01855;Ya;SMA/SMK;SMA/SMK;Wiraswasta;Wiraswasta;1;3;Akademik;Tidak
MHS01856;Tidak;S3;D3;PNS/ASN;PNS/ASN;2;4;Sosial;Tidak
MHS01857;Ya;SMA/SMK;SMP;PNS/ASN;Tidak Bekerja;0;2;Finansial;Tidak
MHS01858;Tidak;S1;SMA/SMK;Karyawan Swasta;Buruh/Pekerja Harian;0;4;Sosial;Tidak
MHS01859;Tidak;S2;SMA/SMK;Profesional (dokter/guru/dll);Karyawan Swasta;2;5;Akademik;Tidak
MHS01860;Tidak;S1;SMA/SMK;Wiraswasta;Tidak Bekerja;0;4;Finansial;Tidak
MHS01861;Ya;SMA/SMK;SMA/SMK;Wiraswasta;Tidak Bekerja;0;2;Finansial;Tidak
MHS01862;Ya;SD;SMA/SMK;Buruh/Pekerja Harian;Tidak Bekerja;1;3;Finansial;Ya
MHS01863;Tidak;SMA/SMK;S1;Karyawan Swasta;Tidak Bekerja;0;4;Akademik;Tidak
MHS01864;Tidak;S1;SMA/SMK;Wiraswasta;Tidak Bekerja;1;3;Finansial;Tidak
MHS01865;Tidak;S1;S2;Karyawan Swasta;Wiraswasta;3;4;Finansial;Tidak
MHS01866;Ya;SMP;SMP;Buruh/Pekerja Harian;PNS/ASN;0;1;Adaptasi;Tidak
MHS01867;Tidak;SMA/SMK;D3;Petani/Nelayan;Karyawan Swasta;1;3;Finansial;Tidak
MHS01868;Tidak;S1;S1;Profesional (dokter/guru/dll);Profesional (dokter/guru/dll);1;4;Adaptasi;Tidak
MHS01869;Ya;SMA/SMK;SD;Karyawan Swasta;Tidak Bekerja;1;3;Finansial;Ya
MHS01870;Ya;SMA/SMK;SMA/SMK;Wiraswasta;Tidak Bekerja;1;3;Adaptasi;Ya
MHS01871;Tidak;SMA/SMK;D3;Petani/Nelayan;Wiraswasta;1;3;Sosial;Ya
MHS01872;Tidak;S2;S2;Profesional (dokter/guru/dll);Wiraswasta;2;4;Akademik;Tidak
MHS01873;Tidak;S1;SMP;PNS/ASN;Tidak Bekerja;0;3;Akademik;Ya
MHS01874;Ya;SD;SMP;Buruh/Pekerja Harian;Tidak Bekerja;0;3;Finansial;Ya
MHS01875;Ya;SMP;SMA/SMK;Petani/Nelayan;Wiraswasta;0;2;Finansial;Ya
MHS01876;Ya;SD;SMP;Petani/Nelayan;Buruh/Pekerja Harian;0;2;Finansial;Tidak
MHS01877;Tidak;D3;D3;Petani/Nelayan;PNS/ASN;1;3;Adaptasi;Tidak
MHS01878;Tidak;S1;S1;Profesional (dokter/guru/dll);PNS/ASN;4;4;Sosial;Tidak
MHS01879;Tidak;S1;SMA/SMK;TNI/Polri;Tidak Bekerja;0;3;Akademik;Tidak
MHS01880;Tidak;S3;D3;Karyawan Swasta;Tidak Bekerja;1;3;Adaptasi;Tidak
MHS01881;Ya;SMA/SMK;SMA/SMK;Buruh/Pekerja Harian;Tidak Bekerja;1;2;Finansial;Tidak
MHS01882;Tidak;D3;SMA/SMK;Wiraswasta;Wiraswasta;1;3;Sosial;Tidak
MHS01883;Tidak;S1;D3;Profesional (dokter/guru/dll);Tidak Bekerja;0;4;Sosial;Tidak
MHS01884;Tidak;SMA/SMK;D3;Karyawan Swasta;PNS/ASN;0;3;Adaptasi;Ya
MHS01885;Tidak;S1;SMP;Karyawan Swasta;Buruh/Pekerja Harian;1;3;Akademik;Tidak
MHS01886;Tidak;SMP;S1;TNI/Polri;PNS/ASN;1;4;Finansial;Tidak
MHS01887;Tidak;D3;SMP;PNS/ASN;Wiraswasta;1;3;Finansial;Tidak
MHS01888;Tidak;D3;SMP;Wiraswasta;Wiraswasta;0;4;Sosial;Ya
MHS01889;Ya;SMP;SMA/SMK;Petani/Nelayan;Tidak Bekerja;1;3;Finansial;Tidak
MHS01890;Ya;SD;SMP;Petani/Nelayan;Tidak Bekerja;0;3;Finansial;Tidak
MHS01891;Ya;SMA/SMK;SMA/SMK;Karyawan Swasta;Tidak Bekerja;1;2;Akademik;Ya
MHS01892;Tidak;SMA/SMK;S1;Wiraswasta;Wiraswasta;0;5;Akademik;Ya
MHS01893;Tidak;S1;SMP;Profesional (dokter/guru/dll);Tidak Bekerja;0;4;Akademik;Ya
MHS01894;Ya;SMA/SMK;SMA/SMK;TNI/Polri;Wiraswasta;1;3;Finansial;Ya
MHS01895;Tidak;S1;S2;PNS/ASN;Profesional (dokter/guru/dll);1;3;Sosial;Tidak
MHS01896;Ya;Tidak Sekolah;SMP;Buruh/Pekerja Harian;Wiraswasta;0;2;Finansial;Tidak
MHS01897;Tidak;SMA/SMK;S1;Buruh/Pekerja Harian;PNS/ASN;1;3;Sosial;Tidak
MHS01898;Tidak;S1;SMA/SMK;PNS/ASN;Karyawan Swasta;1;5;Akademik;Ya
MHS01899;Tidak;S3;D3;Karyawan Swasta;PNS/ASN;0;3;Finansial;Tidak
MHS01900;Tidak;S1;S1;Petani/Nelayan;Wiraswasta;1;5;Akademik;Tidak
MHS01901;Tidak;S1;S2;Wiraswasta;Karyawan Swasta;0;3;Akademik;Tidak
MHS01902;Tidak;D3;SMA/SMK;Karyawan Swasta;Tidak Bekerja;1;3;Akademik;Ya
MHS01903;Tidak;S1;SMA/SMK;Wiraswasta;Karyawan Swasta;1;3;Sosial;Ya
MHS01904;Tidak;D3;S1;Wiraswasta;PNS/ASN;0;2;Akademik;Tidak
MHS01905;Tidak;SMA/SMK;S1;Wiraswasta;Karyawan Swasta;0;5;Akademik;Tidak
MHS01906;Tidak;SD;D3;Wiraswasta;Profesional (dokter/guru/dll);0;2;Akademik;Tidak
MHS01907;Tidak;SMA/SMK;S1;Wiraswasta;Tidak Bekerja;1;5;Sosial;Tidak
MHS01908;Ya;SMP;SMA/SMK;Karyawan Swasta;Tidak Bekerja;0;3;Adaptasi;Tidak
MHS01909;Tidak;D3;SMP;Karyawan Swasta;Tidak Bekerja;1;1;Finansial;Tidak
MHS01910;Ya;SMP;SMP;Buruh/Pekerja Harian;Buruh/Pekerja Harian;1;1;Akademik;Ya
MHS01911;Ya;SMA/SMK;SMA/SMK;Buruh/Pekerja Harian;Tidak Bekerja;1;3;Finansial;Ya
MHS01912;Tidak;S1;SMA/SMK;PNS/ASN;Karyawan Swasta;1;3;Sosial;Tidak
MHS01913;Tidak;S1;SMA/SMK;Karyawan Swasta;PNS/ASN;2;2;Adaptasi;Tidak
MHS01914;Ya;SD;SD;Petani/Nelayan;Wiraswasta;0;1;Finansial;Tidak
MHS01915;Tidak;S1;S1;Profesional (dokter/guru/dll);Karyawan Swasta;2;5;Akademik;Tidak
MHS01916;Tidak;SMA/SMK;S1;TNI/Polri;Tidak Bekerja;1;3;Adaptasi;Tidak
MHS01917;Tidak;S1;S1;Petani/Nelayan;Karyawan Swasta;1;5;Adaptasi;Tidak
MHS01918;Tidak;S1;SMP;PNS/ASN;PNS/ASN;0;2;Sosial;Tidak
MHS01919;Ya;SMA/SMK;Tidak Sekolah;Buruh/Pekerja Harian;Tidak Bekerja;0;2;Finansial;Ya
MHS01920;Ya;SMP;SMA/SMK;Tidak Bekerja;Wiraswasta;0;4;Finansial;Tidak
MHS01921;Ya;SMA/SMK;SMA/SMK;Petani/Nelayan;Wiraswasta;0;4;Finansial;Tidak
MHS01922;Tidak;S1;SMA/SMK;Wiraswasta;Tidak Bekerja;0;3;Sosial;Tidak
MHS01923;Tidak;D3;SMA/SMK;PNS/ASN;Karyawan Swasta;0;5;Sosial;Tidak
MHS01924;Ya;SMA/SMK;SMA/SMK;Wiraswasta;Tidak Bekerja;0;4;Finansial;Tidak
MHS01925;Ya;SD;SMP;Buruh/Pekerja Harian;PNS/ASN;1;3;Finansial;Tidak
MHS01926;Tidak;SMP;S1;Karyawan Swasta;Karyawan Swasta;0;3;Akademik;Tidak
MHS01927;Tidak;S1;SMA/SMK;PNS/ASN;Profesional (dokter/guru/dll);0;3;Akademik;Ya
MHS01928;Tidak;SMA/SMK;D3;Wiraswasta;Tidak Bekerja;2;3;Sosial;Tidak
MHS01929;Tidak;S2;S1;Wiraswasta;Wiraswasta;0;5;Adaptasi;Ya
MHS01930;Tidak;S1;SMP;PNS/ASN;Wiraswasta;0;2;Sosial;Tidak
MHS01931;Tidak;S1;SMA/SMK;PNS/ASN;Karyawan Swasta;3;3;Akademik;Tidak
MHS01932;Ya;SMA/SMK;Tidak Sekolah;Wiraswasta;Tidak Bekerja;0;1;Finansial;Ya
MHS01933;Tidak;S1;SMA/SMK;Tidak Bekerja;Tidak Bekerja;1;2;Finansial;Ya
MHS01934;Ya;SMA/SMK;SMP;Wiraswasta;Karyawan Swasta;0;3;Finansial;Tidak
MHS01935;Tidak;SMA/SMK;S1;TNI/Polri;PNS/ASN;0;4;Adaptasi;Ya
MHS01936;Tidak;S1;SMA/SMK;Profesional (dokter/guru/dll);Karyawan Swasta;0;4;Finansial;Tidak
MHS01937;Tidak;S2;D3;PNS/ASN;Karyawan Swasta;3;4;Finansial;Tidak
MHS01938;Ya;SMA/SMK;SMA/SMK;Buruh/Pekerja Harian;PNS/ASN;0;3;Finansial;Ya
MHS01939;Tidak;S1;SMA/SMK;TNI/Polri;Tidak Bekerja;0;5;Akademik;Ya
MHS01940;Tidak;SMP;S2;Karyawan Swasta;PNS/ASN;1;2;Akademik;Tidak
MHS01941;Tidak;S1;D3;Karyawan Swasta;Karyawan Swasta;1;2;Akademik;Ya
MHS01942;Ya;SMA/SMK;SMA/SMK;Wiraswasta;Wiraswasta;0;3;Finansial;Tidak
MHS01943;Tidak;S1;SMA/SMK;Karyawan Swasta;Tidak Bekerja;0;3;Sosial;Tidak
MHS01944;Tidak;D3;D3;Buruh/Pekerja Harian;Wiraswasta;1;4;Akademik;Tidak
MHS01945;Tidak;S1;SD;PNS/ASN;Wiraswasta;0;2;Finansial;Tidak
MHS01946;Ya;Tidak Sekolah;SD;Petani/Nelayan;Buruh/Pekerja Harian;0;1;Finansial;Ya
MHS01947;Ya;SMP;Tidak Sekolah;Buruh/Pekerja Harian;Tidak Bekerja;0;4;Akademik;Ya
MHS01948;Tidak;S1;S1;Karyawan Swasta;PNS/ASN;1;5;Akademik;Tidak
MHS01949;Ya;SMA/SMK;SMA/SMK;PNS/ASN;Karyawan Swasta;0;3;Adaptasi;Tidak
MHS01950;Tidak;D3;S1;Wiraswasta;Karyawan Swasta;1;5;Akademik;Tidak
MHS01951;Tidak;SMA/SMK;S1;Buruh/Pekerja Harian;Wiraswasta;0;4;Adaptasi;Tidak
MHS01952;Tidak;SMA/SMK;S1;PNS/ASN;Tidak Bekerja;1;3;Sosial;Ya
MHS01953;Tidak;D3;S2;Wiraswasta;Profesional (dokter/guru/dll);0;4;Adaptasi;Tidak
MHS01954;Ya;SMP;Tidak Sekolah;PNS/ASN;Wiraswasta;0;2;Akademik;Tidak
MHS01955;Ya;SMP;SD;Buruh/Pekerja Harian;Tidak Bekerja;0;2;Finansial;Ya
MHS01956;Ya;SMA/SMK;SMA/SMK;Tidak Bekerja;Karyawan Swasta;1;4;Finansial;Ya
MHS01957;Tidak;S1;S1;Wiraswasta;Karyawan Swasta;0;3;Finansial;Tidak
MHS01958;Tidak;S2;SMA/SMK;Karyawan Swasta;Wiraswasta;0;3;Akademik;Tidak
MHS01959;Tidak;SD;S1;Buruh/Pekerja Harian;Karyawan Swasta;0;2;Finansial;Ya
MHS01960;Tidak;SMA/SMK;D3;Tidak Bekerja;Wiraswasta;0;1;Akademik;Tidak
MHS01961;Ya;SMP;SMA/SMK;Tidak Bekerja;Wiraswasta;0;3;Finansial;Ya
MHS01962;Tidak;S1;SMA/SMK;Karyawan Swasta;Tidak Bekerja;0;3;Finansial;Ya
MHS01963;Tidak;S3;S3;Profesional (dokter/guru/dll);Wiraswasta;0;5;Akademik;Tidak
MHS01964;Tidak;D3;D3;PNS/ASN;Karyawan Swasta;1;4;Sosial;Tidak
MHS01965;Tidak;SMP;S1;Karyawan Swasta;Wiraswasta;0;3;Adaptasi;Tidak
MHS01966;Ya;SMA/SMK;SMA/SMK;Tidak Bekerja;Tidak Bekerja;0;3;Finansial;Tidak
MHS01967;Tidak;S1;SMA/SMK;Karyawan Swasta;Karyawan Swasta;0;3;Sosial;Tidak
MHS01968;Tidak;S1;SMA/SMK;Karyawan Swasta;Karyawan Swasta;1;3;Akademik;Tidak
MHS01969;Tidak;SMA/SMK;S1;Karyawan Swasta;Wiraswasta;1;3;Finansial;Tidak
MHS01970;Tidak;D3;SMP;Karyawan Swasta;Wiraswasta;0;2;Akademik;Ya
MHS01971;Tidak;SMA/SMK;S1;Karyawan Swasta;Wiraswasta;0;4;Akademik;Tidak
MHS01972;Tidak;SD;S2;Petani/Nelayan;Wiraswasta;0;2;Adaptasi;Ya
MHS01973;Tidak;SMP;D3;Petani/Nelayan;Karyawan Swasta;0;4;Adaptasi;Tidak
MHS01974;Tidak;SMP;S1;Buruh/Pekerja Harian;Buruh/Pekerja Harian;1;2;Akademik;Tidak
MHS01975;Tidak;D3;S1;Karyawan Swasta;Tidak Bekerja;1;5;Finansial;Tidak
MHS01976;Ya;SMA/SMK;SMA/SMK;Petani/Nelayan;Buruh/Pekerja Harian;0;3;Akademik;Tidak
MHS01977;Tidak;S1;SMA/SMK;TNI/Polri;Tidak Bekerja;0;4;Adaptasi;Tidak
MHS01978;Tidak;S2;S3;Karyawan Swasta;PNS/ASN;1;5;Finansial;Tidak
MHS01979;Ya;SMP;SMP;Tidak Bekerja;Wiraswasta;1;2;Adaptasi;Tidak
MHS01980;Tidak;S3;SMA/SMK;Profesional (dokter/guru/dll);Tidak Bekerja;2;4;Akademik;Tidak
MHS01981;Ya;SMP;SMP;Buruh/Pekerja Harian;Tidak Bekerja;0;1;Finansial;Tidak
MHS01982;Tidak;S1;S1;PNS/ASN;Wiraswasta;0;3;Akademik;Tidak
MHS01983;Tidak;D3;S1;Karyawan Swasta;Karyawan Swasta;1;4;Sosial;Tidak
MHS01984;Ya;SMA/SMK;SD;Wiraswasta;Buruh/Pekerja Harian;1;4;Finansial;Tidak
MHS01985;Tidak;D3;S1;Karyawan Swasta;Karyawan Swasta;2;4;Sosial;Tidak
MHS01986;Ya;SMP;SMA/SMK;Wiraswasta;Wiraswasta;1;5;Adaptasi;Ya
MHS01987;Tidak;D3;SMA/SMK;Karyawan Swasta;Wiraswasta;0;4;Finansial;Ya
MHS01988;Ya;SMA/SMK;SMA/SMK;Wiraswasta;Buruh/Pekerja Harian;0;3;Akademik;Ya
MHS01989;Ya;SMA/SMK;SMP;Karyawan Swasta;Tidak Bekerja;0;4;Adaptasi;Tidak
MHS01990;Tidak;D3;SMA/SMK;Wiraswasta;Tidak Bekerja;1;4;Akademik;Tidak
MHS01991;Ya;SD;SD;Wiraswasta;Tidak Bekerja;1;2;Finansial;Ya
MHS01992;Tidak;S2;SMA/SMK;Wiraswasta;Buruh/Pekerja Harian;2;3;Akademik;Tidak
MHS01993;Tidak;S1;SD;Karyawan Swasta;Buruh/Pekerja Harian;0;4;Finansial;Ya
MHS01994;Tidak;S2;S2;Wiraswasta;Wiraswasta;1;5;Sosial;Tidak
MHS01995;Tidak;SMA/SMK;S2;PNS/ASN;Buruh/Pekerja Harian;0;3;Adaptasi;Ya
MHS01996;Tidak;S3;S3;Profesional (dokter/guru/dll);PNS/ASN;1;5;Akademik;Tidak
MHS01997;Tidak;S3;S1;Profesional (dokter/guru/dll);Tidak Bekerja;0;4;Adaptasi;Tidak
MHS01998;Ya;SMP;SMP;Wiraswasta;Buruh/Pekerja Harian;0;4;Akademik;Tidak
MHS01999;Ya;SD;Tidak Sekolah;Tidak Bekerja;Tidak Bekerja;0;2;Finansial;Tidak
MHS02000;Tidak;D3;SMA/SMK;Tidak Bekerja;Buruh/Pekerja Harian;0;5;Finansial;Tidak
MHS02001;Ya;SMA/SMK;SD;Karyawan Swasta;Tidak Bekerja;0;2;Finansial;Ya
MHS02002;Tidak;D3;S1;Wiraswasta;Profesional (dokter/guru/dll);1;4;Akademik;Tidak
MHS02003;Tidak;SMA/SMK;S1;Petani/Nelayan;Karyawan Swasta;1;4;Finansial;Ya
MHS02004;Tidak;S1;S2;PNS/ASN;Tidak Bekerja;0;4;Adaptasi;Tidak
MHS02005;Ya;SMA/SMK;SD;Karyawan Swasta;Tidak Bekerja;0;3;Finansial;Tidak
MHS02006;Tidak;D3;SMA/SMK;Karyawan Swasta;Tidak Bekerja;1;3;Adaptasi;Tidak
MHS02007;Tidak;S2;S3;Profesional (dokter/guru/dll);Profesional (dokter/guru/dll);2;5;Akademik;Tidak
MHS02008;Tidak;S1;S1;Wiraswasta;PNS/ASN;0;3;Akademik;Tidak
MHS02009;Ya;SMA/SMK;SMP;Karyawan Swasta;PNS/ASN;0;3;Finansial;Ya
MHS02010;Ya;SMP;Tidak Sekolah;Karyawan Swasta;Buruh/Pekerja Harian;0;4;Adaptasi;Tidak
MHS02011;Tidak;S2;S1;Profesional (dokter/guru/dll);Karyawan Swasta;1;4;Adaptasi;Tidak
MHS02012;Ya;SD;SD;Buruh/Pekerja Harian;Tidak Bekerja;0;3;Finansial;Ya
MHS02013;Tidak;SMP;S1;Petani/Nelayan;Profesional (dokter/guru/dll);0;3;Sosial;Tidak
MHS02014;Ya;SMA/SMK;SMA/SMK;Wiraswasta;Buruh/Pekerja Harian;0;4;Finansial;Ya
MHS02015;Tidak;D3;SMA/SMK;TNI/Polri;PNS/ASN;0;3;Akademik;Tidak
MHS02016;Tidak;S1;S1;Karyawan Swasta;PNS/ASN;2;3;Akademik;Tidak
MHS02017;Ya;SD;SMA/SMK;Buruh/Pekerja Harian;Wiraswasta;0;4;Finansial;Tidak
MHS02018;Tidak;S1;SD;Wiraswasta;Tidak Bekerja;0;3;Akademik;Ya
MHS02019;Ya;SMA/SMK;Tidak Sekolah;Tidak Bekerja;Buruh/Pekerja Harian;1;3;Finansial;Tidak
MHS02020;Ya;SMA/SMK;SMA/SMK;Petani/Nelayan;Karyawan Swasta;0;2;Finansial;Ya
MHS02021;Tidak;S1;Tidak Sekolah;PNS/ASN;Tidak Bekerja;2;1;Finansial;Ya
MHS02022;Tidak;S1;D3;Wiraswasta;PNS/ASN;0;4;Sosial;Ya
MHS02023;Tidak;D3;S1;Karyawan Swasta;Karyawan Swasta;0;4;Akademik;Tidak
MHS02024;Ya;SMA/SMK;Tidak Sekolah;Buruh/Pekerja Harian;Wiraswasta;0;2;Finansial;Ya
MHS02025;Tidak;SMA/SMK;S2;Petani/Nelayan;Karyawan Swasta;1;3;Finansial;Tidak
MHS02026;Tidak;S1;SMA/SMK;Karyawan Swasta;Buruh/Pekerja Harian;1;2;Finansial;Tidak
MHS02027;Tidak;S1;S1;TNI/Polri;Karyawan Swasta;1;3;Adaptasi;Ya
MHS02028;Ya;SMA/SMK;SD;PNS/ASN;Tidak Bekerja;2;4;Finansial;Ya
MHS02029;Tidak;S2;D3;Karyawan Swasta;Karyawan Swasta;3;5;Adaptasi;Tidak
MHS02030;Ya;SMA/SMK;SMA/SMK;Wiraswasta;Buruh/Pekerja Harian;0;4;Akademik;Tidak
MHS02031;Tidak;SMP;S1;Buruh/Pekerja Harian;Wiraswasta;0;2;Sosial;Tidak
MHS02032;Ya;SMA/SMK;SMP;Wiraswasta;Karyawan Swasta;0;3;Finansial;Ya
MHS02033;Ya;SD;Tidak Sekolah;Tidak Bekerja;Tidak Bekerja;1;2;Finansial;Ya
MHS02034;Tidak;S1;SMA/SMK;Wiraswasta;PNS/ASN;1;5;Sosial;Tidak
MHS02035;Ya;SMA/SMK;SD;Karyawan Swasta;Tidak Bekerja;0;3;Akademik;Ya
MHS02036;Tidak;S1;S1;Petani/Nelayan;Profesional (dokter/guru/dll);0;5;Akademik;Ya
MHS02037;Ya;SMP;SMA/SMK;Tidak Bekerja;Buruh/Pekerja Harian;0;4;Sosial;Ya
MHS02038;Tidak;D3;SMP;Tidak Bekerja;Tidak Bekerja;2;2;Finansial;Ya
MHS02039;Tidak;S1;SMA/SMK;Karyawan Swasta;Wiraswasta;1;3;Finansial;Ya
MHS02040;Tidak;S2;S1;Wiraswasta;Tidak Bekerja;0;5;Akademik;Tidak
MHS02041;Ya;SMA/SMK;SMA/SMK;Karyawan Swasta;Wiraswasta;1;4;Finansial;Ya
MHS02042;Tidak;SMP;S1;Buruh/Pekerja Harian;Wiraswasta;1;2;Akademik;Ya
MHS02043;Ya;SMA/SMK;SD;Karyawan Swasta;PNS/ASN;0;2;Akademik;Tidak
MHS02044;Ya;SMP;SD;Wiraswasta;Buruh/Pekerja Harian;0;2;Finansial;Ya
MHS02045;Ya;SD;SMA/SMK;Petani/Nelayan;Tidak Bekerja;0;3;Akademik;Tidak
MHS02046;Ya;SD;SMP;Petani/Nelayan;Tidak Bekerja;0;2;Adaptasi;Tidak
MHS02047;Ya;SD;SMP;Petani/Nelayan;Tidak Bekerja;0;3;Akademik;Ya
MHS02048;Ya;SMA/SMK;SMP;Petani/Nelayan;Karyawan Swasta;0;1;Adaptasi;Tidak
MHS02049;Ya;SMP;Tidak Sekolah;Petani/Nelayan;Buruh/Pekerja Harian;0;2;Akademik;Tidak
MHS02050;Tidak;SMA/SMK;S1;Tidak Bekerja;Tidak Bekerja;1;2;Adaptasi;Tidak
MHS02051;Tidak;D3;S1;TNI/Polri;Tidak Bekerja;2;5;Akademik;Tidak
MHS02052;Tidak;SMA/SMK;S1;Karyawan Swasta;Wiraswasta;1;5;Sosial;Ya
MHS02053;Tidak;S1;SMA/SMK;Karyawan Swasta;Tidak Bekerja;0;3;Adaptasi;Tidak
MHS02054;Ya;SMA/SMK;SMA/SMK;Karyawan Swasta;Buruh/Pekerja Harian;0;4;Akademik;Ya
MHS02055;Tidak;S3;S3;PNS/ASN;Profesional (dokter/guru/dll);2;5;Sosial;Tidak
MHS02056;Ya;SMA/SMK;SMA/SMK;Wiraswasta;Tidak Bekerja;1;3;Adaptasi;Ya
MHS02057;Ya;SMA/SMK;SD;Wiraswasta;Karyawan Swasta;0;4;Finansial;Tidak
MHS02058;Tidak;S1;S2;PNS/ASN;PNS/ASN;0;5;Akademik;Tidak
MHS02059;Tidak;S1;SMP;PNS/ASN;Tidak Bekerja;1;3;Adaptasi;Tidak
MHS02060;Ya;SMP;SMA/SMK;Petani/Nelayan;Tidak Bekerja;0;3;Akademik;Ya
MHS02061;Ya;SMP;SMA/SMK;Wiraswasta;Tidak Bekerja;0;2;Akademik;Ya
MHS02062;Ya;SMA/SMK;SMA/SMK;Wiraswasta;Wiraswasta;1;3;Adaptasi;Tidak
MHS02063;Tidak;S2;S1;Karyawan Swasta;Profesional (dokter/guru/dll);2;5;Akademik;Tidak
MHS02064;Tidak;S1;D3;Profesional (dokter/guru/dll);Tidak Bekerja;0;5;Akademik;Tidak
MHS02065;Ya;SMP;SMA/SMK;Wiraswasta;Buruh/Pekerja Harian;0;3;Sosial;Ya
MHS02066;Ya;SMP;SMA/SMK;Buruh/Pekerja Harian;PNS/ASN;0;4;Akademik;Ya
MHS02067;Tidak;D3;S1;Wiraswasta;Karyawan Swasta;1;2;Adaptasi;Tidak
MHS02068;Ya;SMA/SMK;SD;PNS/ASN;Tidak Bekerja;3;1;Finansial;Ya
MHS02069;Tidak;S2;S1;PNS/ASN;Karyawan Swasta;0;5;Akademik;Tidak
MHS02070;Tidak;SMA/SMK;D3;PNS/ASN;Buruh/Pekerja Harian;0;2;Akademik;Tidak
MHS02071;Tidak;SMA/SMK;S1;Karyawan Swasta;Tidak Bekerja;1;4;Finansial;Ya
MHS02072;Tidak;SMA/SMK;S1;Wiraswasta;Karyawan Swasta;0;3;Sosial;Tidak
MHS02073;Tidak;SMA/SMK;S1;Wiraswasta;Wiraswasta;3;3;Finansial;Tidak
MHS02074;Ya;SMP;SMP;TNI/Polri;Tidak Bekerja;0;3;Finansial;Tidak
MHS02075;Ya;SMP;SD;Karyawan Swasta;Wiraswasta;1;4;Akademik;Tidak
MHS02076;Tidak;D3;SMA/SMK;Karyawan Swasta;Tidak Bekerja;0;2;Finansial;Tidak
MHS02077;Tidak;D3;S2;PNS/ASN;PNS/ASN;1;4;Akademik;Tidak
MHS02078;Tidak;S1;D3;Wiraswasta;Karyawan Swasta;0;5;Akademik;Ya
MHS02079;Tidak;S1;D3;PNS/ASN;PNS/ASN;0;4;Adaptasi;Tidak
MHS02080;Ya;SMP;SMA/SMK;Wiraswasta;PNS/ASN;3;3;Akademik;Tidak
MHS02081;Tidak;S1;S1;Karyawan Swasta;Wiraswasta;2;4;Finansial;Tidak
MHS02082;Ya;SMP;SMP;Tidak Bekerja;Wiraswasta;0;3;Finansial;Ya
MHS02083;Tidak;SMA/SMK;D3;Karyawan Swasta;Tidak Bekerja;2;5;Akademik;Tidak
MHS02084;Ya;SMP;SMA/SMK;Buruh/Pekerja Harian;Tidak Bekerja;0;3;Finansial;Tidak
MHS02085;Ya;SMA/SMK;SMP;Wiraswasta;Buruh/Pekerja Harian;0;4;Adaptasi;Ya
MHS02086;Ya;SMA/SMK;SMA/SMK;Buruh/Pekerja Harian;Karyawan Swasta;0;4;Finansial;Tidak
MHS02087;Tidak;S1;S1;Karyawan Swasta;Tidak Bekerja;0;3;Akademik;Tidak
MHS02088;Tidak;S1;D3;Karyawan Swasta;Tidak Bekerja;2;2;Akademik;Tidak
MHS02089;Tidak;SMA/SMK;S1;Karyawan Swasta;Tidak Bekerja;1;2;Akademik;Tidak
MHS02090;Tidak;S2;S1;Karyawan Swasta;Karyawan Swasta;2;5;Akademik;Tidak
MHS02091;Tidak;S1;SMP;TNI/Polri;Tidak Bekerja;0;4;Finansial;Tidak
MHS02092;Tidak;S1;D3;PNS/ASN;Tidak Bekerja;0;2;Akademik;Ya
MHS02093;Tidak;SMA/SMK;S1;Wiraswasta;Tidak Bekerja;2;4;Akademik;Ya
MHS02094;Ya;SD;SD;Tidak Bekerja;Tidak Bekerja;0;1;Finansial;Ya
MHS02095;Ya;SMP;Tidak Sekolah;Wiraswasta;Tidak Bekerja;0;2;Akademik;Tidak
MHS02096;Ya;SMA/SMK;Tidak Sekolah;Wiraswasta;Tidak Bekerja;0;4;Akademik;Ya
MHS02097;Ya;SMA/SMK;SMA/SMK;PNS/ASN;Tidak Bekerja;0;3;Akademik;Tidak
MHS02098;Ya;SMA/SMK;SMP;TNI/Polri;Tidak Bekerja;1;2;Finansial;Tidak
MHS02099;Ya;SMA/SMK;SMA/SMK;Buruh/Pekerja Harian;Wiraswasta;0;4;Akademik;Ya
MHS02100;Tidak;SMA/SMK;D3;Wiraswasta;Tidak Bekerja;0;4;Akademik;Tidak
MHS02101;Ya;SMA/SMK;SMA/SMK;Wiraswasta;Wiraswasta;0;5;Akademik;Tidak
MHS02102;Ya;SMA/SMK;SMP;Petani/Nelayan;Tidak Bekerja;1;3;Finansial;Tidak
MHS02103;Tidak;S2;D3;Karyawan Swasta;Profesional (dokter/guru/dll);1;3;Finansial;Ya
MHS02104;Ya;SMP;SMA/SMK;TNI/Polri;Karyawan Swasta;1;3;Finansial;Tidak
MHS02105;Tidak;SMA/SMK;D3;Petani/Nelayan;PNS/ASN;0;2;Finansial;Tidak
MHS02106;Ya;SMA/SMK;SMA/SMK;Karyawan Swasta;Wiraswasta;0;4;Akademik;Tidak
MHS02107;Tidak;SMP;S1;Buruh/Pekerja Harian;Karyawan Swasta;0;3;Adaptasi;Tidak
MHS02108;Tidak;S1;SMP;PNS/ASN;Wiraswasta;0;4;Finansial;Tidak
MHS02109;Tidak;S2;S1;Profesional (dokter/guru/dll);Wiraswasta;2;2;Akademik;Tidak
MHS02110;Ya;SMA/SMK;SD;Petani/Nelayan;Buruh/Pekerja Harian;0;2;Finansial;Ya
MHS02111;Tidak;S2;SMA/SMK;PNS/ASN;Karyawan Swasta;0;4;Adaptasi;Tidak
MHS02112;Tidak;S1;S1;Karyawan Swasta;Karyawan Swasta;0;4;Sosial;Tidak
MHS02113;Ya;SMA/SMK;SMA/SMK;Wiraswasta;Tidak Bekerja;1;5;Akademik;Tidak
MHS02114;Tidak;S2;S2;Profesional (dokter/guru/dll);Karyawan Swasta;3;2;Akademik;Ya
MHS02115;Tidak;SMA/SMK;S1;Petani/Nelayan;PNS/ASN;0;4;Akademik;Tidak
MHS02116;Tidak;S1;SMP;PNS/ASN;Buruh/Pekerja Harian;0;3;Sosial;Tidak
MHS02117;Ya;SD;SMP;PNS/ASN;Tidak Bekerja;0;4;Sosial;Ya
MHS02118;Tidak;SMA/SMK;D3;Karyawan Swasta;Tidak Bekerja;1;3;Sosial;Ya
MHS02119;Tidak;SMA/SMK;S1;Petani/Nelayan;Tidak Bekerja;1;5;Adaptasi;Tidak
MHS02120;Tidak;S3;S2;TNI/Polri;PNS/ASN;2;4;Akademik;Tidak
MHS02121;Tidak;S1;SMP;TNI/Polri;Karyawan Swasta;1;5;Adaptasi;Tidak
MHS02122;Tidak;D3;SMA/SMK;PNS/ASN;Profesional (dokter/guru/dll);1;3;Finansial;Ya
MHS02123;Tidak;D3;SMA/SMK;Petani/Nelayan;Buruh/Pekerja Harian;0;4;Finansial;Tidak
MHS02124;Ya;SMA/SMK;Tidak Sekolah;Petani/Nelayan;Buruh/Pekerja Harian;2;1;Adaptasi;Tidak
MHS02125;Ya;SMP;SMA/SMK;Petani/Nelayan;Karyawan Swasta;0;4;Finansial;Tidak
MHS02126;Tidak;S1;SMA/SMK;TNI/Polri;Karyawan Swasta;0;4;Adaptasi;Tidak
MHS02127;Ya;SMA/SMK;SMA/SMK;Petani/Nelayan;Tidak Bekerja;0;3;Akademik;Ya
MHS02128;Ya;Tidak Sekolah;SMP;Buruh/Pekerja Harian;Tidak Bekerja;0;2;Finansial;Ya
MHS02129;Tidak;S1;S2;TNI/Polri;PNS/ASN;0;5;Akademik;Tidak
MHS02130;Tidak;S1;S1;Karyawan Swasta;Tidak Bekerja;2;4;Sosial;Tidak
MHS02131;Tidak;S1;SMP;PNS/ASN;Wiraswasta;0;4;Adaptasi;Tidak
MHS02132;Tidak;SMA/SMK;S1;Karyawan Swasta;Wiraswasta;2;3;Akademik;Ya
MHS02133;Tidak;SMP;S1;Wiraswasta;Tidak Bekerja;0;4;Finansial;Ya
MHS02134;Ya;SMA/SMK;SMA/SMK;PNS/ASN;Buruh/Pekerja Harian;0;3;Akademik;Ya
MHS02135;Tidak;S1;D3;Wiraswasta;Tidak Bekerja;0;3;Adaptasi;Tidak
MHS02136;Ya;SMP;Tidak Sekolah;Petani/Nelayan;Tidak Bekerja;0;1;Adaptasi;Ya
MHS02137;Tidak;SMA/SMK;D3;PNS/ASN;PNS/ASN;0;4;Adaptasi;Ya
MHS02138;Ya;SMA/SMK;SMP;TNI/Polri;Tidak Bekerja;0;3;Akademik;Tidak
MHS02139;Ya;SMA/SMK;SD;Tidak Bekerja;Tidak Bekerja;0;3;Finansial;Ya
MHS02140;Tidak;S1;D3;PNS/ASN;Tidak Bekerja;1;5;Akademik;Tidak
MHS02141;Ya;SMP;SMA/SMK;Petani/Nelayan;Tidak Bekerja;1;2;Finansial;Ya
MHS02142;Tidak;D3;S1;Karyawan Swasta;PNS/ASN;2;5;Akademik;Tidak
MHS02143;Tidak;S1;S1;Karyawan Swasta;Karyawan Swasta;3;2;Akademik;Tidak
MHS02144;Tidak;D3;SMA/SMK;Karyawan Swasta;Karyawan Swasta;0;3;Akademik;Tidak
MHS02145;Tidak;SMA/SMK;S1;Karyawan Swasta;PNS/ASN;0;2;Akademik;Tidak
MHS02146;Ya;SMP;SMA/SMK;PNS/ASN;Wiraswasta;1;4;Adaptasi;Ya
MHS02147;Ya;SMA/SMK;SMA/SMK;Wiraswasta;Tidak Bekerja;1;3;Adaptasi;Ya
MHS02148;Ya;SMP;Tidak Sekolah;PNS/ASN;Tidak Bekerja;1;2;Adaptasi;Tidak
MHS02149;Tidak;SMA/SMK;S1;Buruh/Pekerja Harian;PNS/ASN;0;5;Adaptasi;Tidak
MHS02150;Tidak;D3;SD;Karyawan Swasta;Wiraswasta;0;2;Adaptasi;Ya
MHS02151;Tidak;S2;D3;Profesional (dokter/guru/dll);Tidak Bekerja;0;4;Akademik;Tidak
MHS02152;Tidak;D3;D3;PNS/ASN;Wiraswasta;1;4;Adaptasi;Tidak
MHS02153;Tidak;SD;S1;Buruh/Pekerja Harian;Profesional (dokter/guru/dll);0;2;Adaptasi;Tidak
MHS02154;Ya;SD;SMP;Wiraswasta;Wiraswasta;2;3;Finansial;Ya
MHS02155;Tidak;S1;SMA/SMK;Karyawan Swasta;Tidak Bekerja;0;4;Finansial;Tidak
MHS02156;Ya;SMA/SMK;SMP;Karyawan Swasta;Tidak Bekerja;1;2;Akademik;Ya
MHS02157;Tidak;S1;SMA/SMK;PNS/ASN;Tidak Bekerja;1;3;Akademik;Tidak
MHS02158;Ya;SMA/SMK;SMA/SMK;Buruh/Pekerja Harian;Wiraswasta;0;3;Finansial;Tidak
MHS02159;Tidak;S1;SMP;Karyawan Swasta;Karyawan Swasta;0;2;Adaptasi;Tidak
MHS02160;Tidak;SMA/SMK;D3;Profesional (dokter/guru/dll);PNS/ASN;1;4;Akademik;Tidak
MHS02161;Tidak;S3;S1;Karyawan Swasta;Karyawan Swasta;0;4;Finansial;Tidak
MHS02162;Tidak;SMA/SMK;S2;Petani/Nelayan;Tidak Bekerja;0;4;Sosial;Tidak
MHS02163;Ya;SMP;SMA/SMK;Petani/Nelayan;Tidak Bekerja;0;2;Finansial;Ya
MHS02164;Ya;SD;SMP;Buruh/Pekerja Harian;Wiraswasta;0;2;Akademik;Ya
MHS02165;Ya;SMP;SMP;Wiraswasta;Buruh/Pekerja Harian;0;3;Finansial;Ya
MHS02166;Ya;SMA/SMK;SMA/SMK;Karyawan Swasta;Wiraswasta;0;3;Finansial;Tidak
MHS02167;Tidak;D3;SMA/SMK;Karyawan Swasta;Wiraswasta;1;4;Finansial;Tidak
MHS02168;Tidak;S1;S1;Wiraswasta;PNS/ASN;1;5;Akademik;Tidak
MHS02169;Ya;SMA/SMK;SMP;Wiraswasta;Wiraswasta;0;3;Akademik;Tidak
MHS02170;Ya;SMA/SMK;SMA/SMK;Wiraswasta;Tidak Bekerja;1;1;Finansial;Ya
MHS02171;Tidak;SMA/SMK;D3;TNI/Polri;Wiraswasta;1;4;Finansial;Tidak
MHS02172;Tidak;S2;S1;Profesional (dokter/guru/dll);Wiraswasta;2;4;Akademik;Ya
MHS02173;Ya;SMA/SMK;SMP;Wiraswasta;Tidak Bekerja;0;2;Akademik;Ya
MHS02174;Tidak;S1;SMA/SMK;PNS/ASN;Buruh/Pekerja Harian;1;5;Sosial;Tidak
MHS02175;Tidak;Tidak Sekolah;D3;Buruh/Pekerja Harian;Profesional (dokter/guru/dll);1;2;Finansial;Ya
MHS02176;Tidak;D3;S1;Karyawan Swasta;Tidak Bekerja;0;2;Akademik;Tidak
MHS02177;Tidak;SMA/SMK;S1;Wiraswasta;Profesional (dokter/guru/dll);1;3;Akademik;Tidak
MHS02178;Tidak;S1;SMA/SMK;PNS/ASN;Wiraswasta;0;3;Akademik;Ya
MHS02179;Ya;SMA/SMK;SMA/SMK;PNS/ASN;Buruh/Pekerja Harian;0;3;Akademik;Tidak
MHS02180;Ya;SD;SMA/SMK;Petani/Nelayan;Tidak Bekerja;1;2;Akademik;Ya
MHS02181;Tidak;S1;SMA/SMK;PNS/ASN;Buruh/Pekerja Harian;0;4;Akademik;Tidak
MHS02182;Tidak;S1;SMA/SMK;PNS/ASN;Karyawan Swasta;0;4;Finansial;Tidak
MHS02183;Tidak;D3;SMA/SMK;PNS/ASN;Wiraswasta;0;4;Akademik;Tidak
MHS02184;Tidak;S1;SMA/SMK;Karyawan Swasta;PNS/ASN;1;5;Akademik;Tidak
MHS02185;Tidak;S1;S1;Wiraswasta;Karyawan Swasta;1;4;Akademik;Tidak
MHS02186;Ya;SMP;SD;Buruh/Pekerja Harian;Tidak Bekerja;1;2;Finansial;Ya
MHS02187;Tidak;S2;SMA/SMK;Karyawan Swasta;Tidak Bekerja;1;5;Adaptasi;Ya
MHS02188;Tidak;S2;S1;Profesional (dokter/guru/dll);Karyawan Swasta;1;5;Sosial;Tidak
MHS02189;Tidak;SMA/SMK;S1;Wiraswasta;Wiraswasta;0;2;Akademik;Tidak
MHS02190;Ya;SMA/SMK;SD;Buruh/Pekerja Harian;Tidak Bekerja;1;1;Finansial;Ya
MHS02191;Ya;SMA/SMK;SMA/SMK;TNI/Polri;Buruh/Pekerja Harian;2;3;Finansial;Ya
MHS02192;Tidak;S1;S3;Karyawan Swasta;PNS/ASN;1;5;Finansial;Tidak
MHS02193;Ya;Tidak Sekolah;SD;Tidak Bekerja;Buruh/Pekerja Harian;1;2;Finansial;Ya
MHS02194;Tidak;D3;S1;Buruh/Pekerja Harian;PNS/ASN;1;5;Akademik;Tidak
MHS02195;Ya;SMP;SMP;Wiraswasta;Tidak Bekerja;0;2;Adaptasi;Ya
MHS02196;Tidak;SMA/SMK;D3;Buruh/Pekerja Harian;Tidak Bekerja;2;4;Akademik;Ya
MHS02197;Tidak;S1;SMP;Wiraswasta;Buruh/Pekerja Harian;3;3;Akademik;Tidak
MHS02198;Ya;SMA/SMK;SMP;Buruh/Pekerja Harian;Buruh/Pekerja Harian;0;4;Adaptasi;Tidak
MHS02199;Tidak;SMA/SMK;S1;PNS/ASN;Tidak Bekerja;0;5;Akademik;Tidak
MHS02200;Tidak;S1;SMA/SMK;Karyawan Swasta;Wiraswasta;3;4;Akademik;Tidak
MHS02201;Tidak;D3;SD;Karyawan Swasta;Buruh/Pekerja Harian;0;3;Adaptasi;Ya
MHS02202;Tidak;S1;S1;Profesional (dokter/guru/dll);Buruh/Pekerja Harian;1;3;Adaptasi;Tidak
MHS02203;Tidak;S2;S1;Profesional (dokter/guru/dll);PNS/ASN;1;4;Akademik;Ya
MHS02204;Tidak;D3;S1;Profesional (dokter/guru/dll);Karyawan Swasta;0;4;Akademik;Tidak
MHS02205;Tidak;D3;SMA/SMK;Tidak Bekerja;Buruh/Pekerja Harian;1;5;Sosial;Ya
MHS02206;Tidak;SMA/SMK;D3;Buruh/Pekerja Harian;Wiraswasta;0;3;Akademik;Tidak
MHS02207;Tidak;D3;S1;Karyawan Swasta;PNS/ASN;1;2;Finansial;Tidak
MHS02208;Ya;SMA/SMK;SMA/SMK;Buruh/Pekerja Harian;Tidak Bekerja;1;2;Finansial;Tidak
MHS02209;Tidak;S1;SD;Karyawan Swasta;Buruh/Pekerja Harian;0;2;Adaptasi;Tidak
MHS02210;Tidak;D3;D3;Tidak Bekerja;Wiraswasta;2;3;Adaptasi;Tidak
MHS02211;Tidak;S2;S1;Profesional (dokter/guru/dll);PNS/ASN;0;5;Akademik;Tidak
MHS02212;Tidak;SMP;D3;Wiraswasta;Wiraswasta;0;3;Akademik;Ya
MHS02213;Ya;SMP;SMA/SMK;PNS/ASN;Karyawan Swasta;0;3;Adaptasi;Tidak
MHS02214;Ya;Tidak Sekolah;SD;Petani/Nelayan;Wiraswasta;0;1;Akademik;Tidak
MHS02215;Tidak;SMA/SMK;S1;Wiraswasta;PNS/ASN;1;2;Akademik;Tidak
MHS02216;Tidak;S1;SMA/SMK;Profesional (dokter/guru/dll);Tidak Bekerja;0;4;Akademik;Tidak
MHS02217;Tidak;D3;SMA/SMK;Wiraswasta;Karyawan Swasta;1;2;Sosial;Tidak
MHS02218;Ya;SMA/SMK;SMA/SMK;Buruh/Pekerja Harian;Wiraswasta;0;3;Sosial;Ya
MHS02219;Ya;SMA/SMK;SMP;Wiraswasta;Buruh/Pekerja Harian;1;4;Finansial;Tidak
MHS02220;Tidak;S2;SMA/SMK;Karyawan Swasta;Tidak Bekerja;0;3;Finansial;Tidak
MHS02221;Ya;SMA/SMK;SMP;TNI/Polri;Tidak Bekerja;0;5;Adaptasi;Ya
MHS02222;Tidak;S1;S1;PNS/ASN;Tidak Bekerja;1;3;Akademik;Tidak
MHS02223;Tidak;S1;SMA/SMK;Karyawan Swasta;Tidak Bekerja;1;3;Sosial;Tidak
MHS02224;Tidak;S1;SMA/SMK;Karyawan Swasta;Tidak Bekerja;0;4;Akademik;Ya
MHS02225;Tidak;D3;S1;Buruh/Pekerja Harian;Tidak Bekerja;0;4;Sosial;Tidak
MHS02226;Ya;SMA/SMK;SMA/SMK;Karyawan Swasta;Tidak Bekerja;1;3;Sosial;Tidak
MHS02227;Tidak;S1;S1;PNS/ASN;Karyawan Swasta;1;4;Adaptasi;Tidak
MHS02228;Tidak;S1;S1;Wiraswasta;Karyawan Swasta;1;5;Akademik;Ya
MHS02229;Tidak;SMP;S1;Wiraswasta;PNS/ASN;0;5;Finansial;Tidak
MHS02230;Ya;SMA/SMK;SMA/SMK;Karyawan Swasta;PNS/ASN;0;5;Finansial;Tidak
MHS02231;Tidak;D3;SMA/SMK;Wiraswasta;Wiraswasta;0;4;Adaptasi;Tidak
MHS02232;Tidak;D3;SMP;PNS/ASN;Tidak Bekerja;0;3;Adaptasi;Tidak
MHS02233;Ya;SMA/SMK;SMA/SMK;Karyawan Swasta;Wiraswasta;0;2;Akademik;Tidak
MHS02234;Ya;SMA/SMK;SMP;Buruh/Pekerja Harian;Tidak Bekerja;0;1;Finansial;Ya
MHS02235;Tidak;S1;S2;PNS/ASN;Profesional (dokter/guru/dll);3;3;Sosial;Tidak
MHS02236;Ya;SMA/SMK;SMP;Petani/Nelayan;Karyawan Swasta;0;2;Finansial;Ya
MHS02237;Ya;SMA/SMK;SD;Wiraswasta;Buruh/Pekerja Harian;0;2;Akademik;Ya
MHS02238;Tidak;SMA/SMK;S1;Karyawan Swasta;Profesional (dokter/guru/dll);0;4;Akademik;Tidak
MHS02239;Tidak;SMA/SMK;D3;Wiraswasta;Tidak Bekerja;0;2;Sosial;Ya
MHS02240;Tidak;S1;SMP;Wiraswasta;Wiraswasta;1;3;Akademik;Tidak
MHS02241;Ya;SMP;SMA/SMK;Buruh/Pekerja Harian;Tidak Bekerja;0;4;Finansial;Tidak
MHS02242;Ya;SMA/SMK;SMP;Tidak Bekerja;Wiraswasta;2;2;Akademik;Tidak
MHS02243;Tidak;SMA/SMK;D3;Buruh/Pekerja Harian;Tidak Bekerja;2;5;Akademik;Tidak
MHS02244;Tidak;S1;SMP;Profesional (dokter/guru/dll);Buruh/Pekerja Harian;2;2;Sosial;Tidak
MHS02245;Tidak;S1;SMA/SMK;Profesional (dokter/guru/dll);Buruh/Pekerja Harian;0;3;Adaptasi;Tidak
MHS02246;Ya;SMA/SMK;SMA/SMK;Wiraswasta;Wiraswasta;2;1;Adaptasi;Tidak
MHS02247;Tidak;S1;SMA/SMK;Wiraswasta;Tidak Bekerja;0;1;Finansial;Ya
MHS02248;Tidak;D3;SMA/SMK;PNS/ASN;Karyawan Swasta;1;2;Akademik;Tidak
MHS02249;Tidak;S1;SMA/SMK;Karyawan Swasta;Tidak Bekerja;3;5;Akademik;Tidak
MHS02250;Ya;SMA/SMK;SMA/SMK;Tidak Bekerja;Wiraswasta;1;1;Finansial;Tidak
MHS02251;Tidak;SMP;D3;Buruh/Pekerja Harian;Profesional (dokter/guru/dll);0;3;Sosial;Tidak
MHS02252;Tidak;SMA/SMK;S1;Karyawan Swasta;PNS/ASN;0;2;Sosial;Ya
MHS02253;Tidak;S1;S1;TNI/Polri;Tidak Bekerja;1;2;Akademik;Tidak
MHS02254;Tidak;S1;S1;TNI/Polri;Tidak Bekerja;0;4;Akademik;Tidak
MHS02255;Tidak;S1;SMA/SMK;Profesional (dokter/guru/dll);PNS/ASN;1;3;Sosial;Tidak
MHS02256;Tidak;SD;S1;Buruh/Pekerja Harian;Wiraswasta;0;1;Akademik;Ya
MHS02257;Tidak;D3;SMA/SMK;PNS/ASN;Tidak Bekerja;1;3;Adaptasi;Ya
MHS02258;Ya;SMA/SMK;Tidak Sekolah;Tidak Bekerja;Tidak Bekerja;0;2;Finansial;Ya
MHS02259;Ya;SMP;SMP;TNI/Polri;Tidak Bekerja;0;1;Finansial;Ya
MHS02260;Ya;SMA/SMK;SMP;Wiraswasta;Buruh/Pekerja Harian;1;4;Akademik;Ya
MHS02261;Tidak;S1;S1;Karyawan Swasta;Karyawan Swasta;0;4;Akademik;Ya
MHS02262;Tidak;SMA/SMK;S1;Wiraswasta;Wiraswasta;0;4;Finansial;Ya
MHS02263;Ya;SMP;SMA/SMK;Buruh/Pekerja Harian;Karyawan Swasta;0;2;Finansial;Ya
MHS02264;Tidak;S1;S1;PNS/ASN;Karyawan Swasta;2;5;Adaptasi;Ya
MHS02265;Ya;SD;SMA/SMK;Tidak Bekerja;Buruh/Pekerja Harian;0;3;Finansial;Tidak
MHS02266;Ya;SMP;SMA/SMK;Petani/Nelayan;Wiraswasta;1;4;Adaptasi;Ya
MHS02267;Ya;SD;SD;Petani/Nelayan;Buruh/Pekerja Harian;0;1;Adaptasi;Tidak
MHS02268;Tidak;SMA/SMK;D3;Petani/Nelayan;Wiraswasta;1;3;Akademik;Tidak
MHS02269;Ya;SMA/SMK;SMA/SMK;Karyawan Swasta;Wiraswasta;0;2;Finansial;Ya
MHS02270;Tidak;S1;SMP;Wiraswasta;Tidak Bekerja;0;3;Finansial;Tidak
MHS02271;Tidak;D3;D3;Wiraswasta;Karyawan Swasta;0;3;Adaptasi;Ya
MHS02272;Ya;SMA/SMK;SMA/SMK;Buruh/Pekerja Harian;Tidak Bekerja;2;2;Finansial;Tidak
MHS02273;Tidak;D3;SMA/SMK;Wiraswasta;Tidak Bekerja;1;3;Sosial;Tidak
MHS02274;Ya;SMA/SMK;SMA/SMK;Karyawan Swasta;Tidak Bekerja;1;4;Finansial;Ya
MHS02275;Tidak;SMA/SMK;S1;Buruh/Pekerja Harian;PNS/ASN;0;4;Finansial;Tidak
MHS02276;Tidak;S1;S1;PNS/ASN;Profesional (dokter/guru/dll);2;2;Finansial;Tidak
MHS02277;Ya;SMP;SMA/SMK;Tidak Bekerja;Tidak Bekerja;0;3;Finansial;Ya
MHS02278;Tidak;D3;S1;Petani/Nelayan;Profesional (dokter/guru/dll);1;3;Finansial;Ya
MHS02279;Ya;Tidak Sekolah;SD;PNS/ASN;Tidak Bekerja;0;2;Akademik;Ya
MHS02280;Tidak;D3;S1;Karyawan Swasta;Wiraswasta;1;4;Akademik;Tidak
MHS02281;Ya;SMA/SMK;SMP;Karyawan Swasta;Tidak Bekerja;0;3;Akademik;Ya
MHS02282;Tidak;S2;S2;Wiraswasta;PNS/ASN;1;4;Sosial;Tidak
MHS02283;Ya;SMP;SMA/SMK;Petani/Nelayan;Tidak Bekerja;0;2;Finansial;Tidak
MHS02284;Ya;SMA/SMK;SMA/SMK;Karyawan Swasta;Buruh/Pekerja Harian;1;3;Finansial;Tidak
MHS02285;Tidak;SMA/SMK;D3;Karyawan Swasta;Tidak Bekerja;0;4;Akademik;Tidak
MHS02286;Ya;SMA/SMK;SD;Buruh/Pekerja Harian;Karyawan Swasta;0;3;Finansial;Ya
MHS02287;Tidak;D3;SMA/SMK;Karyawan Swasta;Tidak Bekerja;1;2;Sosial;Tidak
MHS02288;Tidak;S1;SMP;Profesional (dokter/guru/dll);Tidak Bekerja;0;3;Adaptasi;Tidak
MHS02289;Tidak;SMA/SMK;S2;TNI/Polri;PNS/ASN;2;4;Finansial;Tidak
MHS02290;Ya;SMA/SMK;SMA/SMK;Petani/Nelayan;Tidak Bekerja;0;2;Adaptasi;Tidak
MHS02291;Ya;SMA/SMK;SMP;Petani/Nelayan;Tidak Bekerja;1;2;Sosial;Tidak
MHS02292;Tidak;D3;SMA/SMK;Profesional (dokter/guru/dll);Wiraswasta;1;3;Akademik;Tidak
MHS02293;Ya;SMP;SMA/SMK;TNI/Polri;Buruh/Pekerja Harian;1;3;Finansial;Tidak
MHS02294;Ya;SMA/SMK;Tidak Sekolah;Petani/Nelayan;Tidak Bekerja;0;2;Akademik;Tidak
MHS02295;Ya;Tidak Sekolah;SMP;Tidak Bekerja;Wiraswasta;1;2;Finansial;Ya
MHS02296;Ya;SMP;SMP;Petani/Nelayan;Tidak Bekerja;1;3;Finansial;Ya
MHS02297;Tidak;S3;S2;Profesional (dokter/guru/dll);Profesional (dokter/guru/dll);3;5;Akademik;Ya
MHS02298;Tidak;D3;D3;Buruh/Pekerja Harian;Tidak Bekerja;1;5;Finansial;Ya
MHS02299;Tidak;D3;Tidak Sekolah;Tidak Bekerja;Tidak Bekerja;0;2;Akademik;Tidak
MHS02300;Tidak;S1;SMA/SMK;Profesional (dokter/guru/dll);Wiraswasta;1;5;Sosial;Tidak
MHS02301;Tidak;S1;S1;Petani/Nelayan;Wiraswasta;0;4;Sosial;Ya
MHS02302;Tidak;D3;SMP;PNS/ASN;Buruh/Pekerja Harian;0;5;Finansial;Tidak
MHS02303;Tidak;S1;S1;Karyawan Swasta;PNS/ASN;0;4;Finansial;Ya
MHS02304;Tidak;S1;S1;Wiraswasta;Karyawan Swasta;1;5;Adaptasi;Tidak
MHS02305;Ya;SD;SMP;Wiraswasta;Tidak Bekerja;0;3;Finansial;Ya
MHS02306;Tidak;D3;S1;PNS/ASN;Wiraswasta;0;3;Akademik;Tidak
MHS02307;Ya;SMP;SMA/SMK;Karyawan Swasta;Karyawan Swasta;0;3;Akademik;Ya
MHS02308;Ya;SMP;SMP;Wiraswasta;Buruh/Pekerja Harian;0;3;Finansial;Ya
MHS02309;Ya;SMA/SMK;SD;Petani/Nelayan;Buruh/Pekerja Harian;1;3;Finansial;Ya
MHS02310;Tidak;S1;S1;PNS/ASN;Wiraswasta;1;5;Adaptasi;Tidak
MHS02311;Tidak;S1;D3;PNS/ASN;Profesional (dokter/guru/dll);0;4;Akademik;Tidak
MHS02312;Tidak;S1;S1;TNI/Polri;PNS/ASN;0;3;Sosial;Tidak
MHS02313;Tidak;S1;SMA/SMK;Karyawan Swasta;Tidak Bekerja;0;4;Adaptasi;Ya
MHS02314;Tidak;S1;S1;Wiraswasta;Wiraswasta;0;4;Akademik;Tidak
MHS02315;Tidak;SMA/SMK;S1;TNI/Polri;Tidak Bekerja;0;2;Sosial;Tidak
MHS02316;Tidak;D3;S1;Petani/Nelayan;Tidak Bekerja;1;4;Finansial;Tidak
MHS02317;Tidak;D3;S3;Profesional (dokter/guru/dll);Wiraswasta;2;5;Akademik;Ya
MHS02318;Ya;Tidak Sekolah;SMP;Tidak Bekerja;Tidak Bekerja;0;1;Akademik;Tidak
MHS02319;Ya;SMP;SMP;TNI/Polri;Tidak Bekerja;0;3;Adaptasi;Ya
MHS02320;Ya;SMA/SMK;SMA/SMK;Wiraswasta;Tidak Bekerja;0;4;Sosial;Tidak
MHS02321;Tidak;S1;S2;Karyawan Swasta;Wiraswasta;1;5;Finansial;Tidak
MHS02322;Tidak;SMP;S1;Karyawan Swasta;Wiraswasta;0;1;Akademik;Tidak
MHS02323;Tidak;D3;Tidak Sekolah;PNS/ASN;Tidak Bekerja;1;5;Akademik;Tidak
MHS02324;Tidak;S1;SMA/SMK;Wiraswasta;Tidak Bekerja;0;4;Adaptasi;Tidak
MHS02325;Tidak;D3;D3;TNI/Polri;Wiraswasta;0;4;Adaptasi;Tidak
MHS02326;Tidak;D3;SD;Karyawan Swasta;Buruh/Pekerja Harian;0;2;Adaptasi;Tidak
MHS02327;Ya;SMP;SMP;Wiraswasta;Tidak Bekerja;1;3;Finansial;Tidak
MHS02328;Ya;SMA/SMK;SMP;Buruh/Pekerja Harian;Tidak Bekerja;0;5;Adaptasi;Ya
MHS02329;Tidak;SMP;D3;TNI/Polri;PNS/ASN;0;4;Akademik;Tidak
MHS02330;Ya;SMA/SMK;SMA/SMK;PNS/ASN;Wiraswasta;1;5;Finansial;Tidak
MHS02331;Tidak;D3;SMA/SMK;Karyawan Swasta;Tidak Bekerja;0;4;Adaptasi;Tidak
MHS02332;Tidak;S1;SMA/SMK;Karyawan Swasta;Karyawan Swasta;0;4;Akademik;Tidak
MHS02333;Tidak;S1;S2;Profesional (dokter/guru/dll);Profesional (dokter/guru/dll);1;4;Sosial;Tidak
MHS02334;Ya;SMA/SMK;Tidak Sekolah;Buruh/Pekerja Harian;Tidak Bekerja;0;1;Finansial;Ya
MHS02335;Tidak;SMA/SMK;D3;Wiraswasta;PNS/ASN;0;3;Finansial;Tidak
MHS02336;Tidak;SMA/SMK;S1;TNI/Polri;Wiraswasta;0;2;Finansial;Tidak
MHS02337;Tidak;D3;S1;Karyawan Swasta;Wiraswasta;1;5;Sosial;Tidak
MHS02338;Tidak;SMA/SMK;S1;Karyawan Swasta;Tidak Bekerja;0;2;Akademik;Tidak
MHS02339;Tidak;D3;SMP;Wiraswasta;Buruh/Pekerja Harian;0;2;Adaptasi;Tidak
MHS02340;Tidak;S1;SMA/SMK;Karyawan Swasta;Karyawan Swasta;0;3;Akademik;Tidak
MHS02341;Tidak;D3;S1;PNS/ASN;Karyawan Swasta;1;4;Akademik;Tidak
MHS02342;Tidak;S1;SMA/SMK;Wiraswasta;Tidak Bekerja;2;2;Akademik;Tidak
MHS02343;Tidak;D3;SMP;Profesional (dokter/guru/dll);Buruh/Pekerja Harian;1;3;Finansial;Tidak
MHS02344;Tidak;SMP;S1;Karyawan Swasta;Karyawan Swasta;0;2;Sosial;Ya
MHS02345;Tidak;D3;SMP;Petani/Nelayan;Karyawan Swasta;0;2;Finansial;Tidak
MHS02346;Ya;SD;SD;Karyawan Swasta;Wiraswasta;1;1;Finansial;Ya
MHS02347;Tidak;S1;SMA/SMK;Profesional (dokter/guru/dll);Tidak Bekerja;1;3;Akademik;Ya
MHS02348;Tidak;S1;SMA/SMK;Karyawan Swasta;PNS/ASN;1;4;Akademik;Tidak
MHS02349;Tidak;S1;SMA/SMK;PNS/ASN;Profesional (dokter/guru/dll);1;3;Sosial;Tidak
MHS02350;Tidak;S1;S2;Petani/Nelayan;Tidak Bekerja;2;2;Adaptasi;Tidak
MHS02351;Tidak;S2;S2;Karyawan Swasta;Profesional (dokter/guru/dll);3;5;Akademik;Tidak
MHS02352;Tidak;S2;SMA/SMK;Karyawan Swasta;Wiraswasta;0;4;Sosial;Tidak
MHS02353;Ya;SMA/SMK;SMP;Karyawan Swasta;Wiraswasta;0;3;Sosial;Ya
MHS02354;Ya;SMA/SMK;SMA/SMK;Petani/Nelayan;Wiraswasta;2;2;Adaptasi;Ya
MHS02355;Ya;SD;SMP;Petani/Nelayan;Buruh/Pekerja Harian;0;1;Finansial;Tidak
MHS02356;Tidak;S1;S1;Profesional (dokter/guru/dll);PNS/ASN;3;4;Adaptasi;Ya
MHS02357;Tidak;SMA/SMK;S1;Wiraswasta;PNS/ASN;0;5;Adaptasi;Tidak
MHS02358;Tidak;SMA/SMK;S1;Karyawan Swasta;PNS/ASN;0;5;Akademik;Tidak
MHS02359;Tidak;S1;S1;TNI/Polri;Tidak Bekerja;0;4;Finansial;Tidak
MHS02360;Tidak;SMA/SMK;D3;Wiraswasta;PNS/ASN;0;5;Akademik;Tidak
MHS02361;Tidak;S1;S3;Wiraswasta;Karyawan Swasta;1;4;Akademik;Tidak
MHS02362;Ya;SMA/SMK;SMA/SMK;Petani/Nelayan;Tidak Bekerja;0;3;Finansial;Tidak
MHS02363;Tidak;SMA/SMK;S1;Petani/Nelayan;PNS/ASN;0;2;Adaptasi;Tidak
MHS02364;Tidak;SMA/SMK;D3;TNI/Polri;Karyawan Swasta;1;3;Finansial;Tidak
MHS02365;Tidak;S2;SMP;Profesional (dokter/guru/dll);Tidak Bekerja;0;5;Sosial;Tidak
MHS02366;Ya;SMA/SMK;SMA/SMK;Karyawan Swasta;Wiraswasta;0;5;Adaptasi;Tidak
MHS02367;Tidak;S1;D3;Buruh/Pekerja Harian;Tidak Bekerja;2;5;Adaptasi;Tidak
MHS02368;Ya;SMA/SMK;SMA/SMK;Tidak Bekerja;Wiraswasta;0;3;Finansial;Tidak
MHS02369;Tidak;S1;S1;PNS/ASN;Profesional (dokter/guru/dll);3;2;Akademik;Tidak
MHS02370;Ya;SMA/SMK;SMA/SMK;TNI/Polri;Wiraswasta;0;3;Akademik;Tidak
MHS02371;Tidak;S1;D3;PNS/ASN;Karyawan Swasta;1;4;Akademik;Tidak
MHS02372;Tidak;S2;D3;Wiraswasta;Wiraswasta;2;4;Finansial;Tidak
MHS02373;Tidak;D3;S1;Wiraswasta;Profesional (dokter/guru/dll);1;4;Akademik;Tidak
MHS02374;Ya;SMP;Tidak Sekolah;Karyawan Swasta;Buruh/Pekerja Harian;0;3;Finansial;Tidak
MHS02375;Ya;SMA/SMK;SMA/SMK;Petani/Nelayan;Wiraswasta;1;2;Adaptasi;Ya
MHS02376;Ya;SMP;SD;Wiraswasta;Tidak Bekerja;0;2;Finansial;Tidak
MHS02377;Tidak;S1;S2;Profesional (dokter/guru/dll);Karyawan Swasta;0;4;Sosial;Tidak
MHS02378;Tidak;D3;SMP;PNS/ASN;Tidak Bekerja;0;3;Finansial;Ya
MHS02379;Tidak;SMA/SMK;S1;Profesional (dokter/guru/dll);Wiraswasta;0;5;Sosial;Tidak
MHS02380;Tidak;SMA/SMK;S1;Wiraswasta;Karyawan Swasta;2;5;Finansial;Tidak
MHS02381;Tidak;SMA/SMK;S1;Karyawan Swasta;Profesional (dokter/guru/dll);0;5;Akademik;Ya
MHS02382;Tidak;SMA/SMK;D3;Wiraswasta;PNS/ASN;2;3;Akademik;Tidak
MHS02383;Tidak;S1;SMA/SMK;Profesional (dokter/guru/dll);PNS/ASN;0;5;Sosial;Ya
MHS02384;Tidak;S2;SMA/SMK;Karyawan Swasta;Karyawan Swasta;0;4;Sosial;Tidak
MHS02385;Tidak;S1;S2;Wiraswasta;PNS/ASN;1;5;Adaptasi;Tidak
MHS02386;Ya;SMA/SMK;SMP;Petani/Nelayan;Tidak Bekerja;1;5;Akademik;Ya
MHS02387;Tidak;D3;S3;Karyawan Swasta;PNS/ASN;0;4;Adaptasi;Tidak
MHS02388;Ya;SMP;SMP;PNS/ASN;Wiraswasta;0;3;Finansial;Ya
MHS02389;Tidak;SMA/SMK;S1;PNS/ASN;Wiraswasta;1;5;Akademik;Tidak
MHS02390;Tidak;S1;S1;Karyawan Swasta;Wiraswasta;0;3;Adaptasi;Tidak
MHS02391;Ya;SMA/SMK;Tidak Sekolah;Tidak Bekerja;Tidak Bekerja;0;1;Sosial;Tidak
MHS02392;Tidak;D3;S1;PNS/ASN;Tidak Bekerja;0;4;Akademik;Tidak
MHS02393;Tidak;D3;D3;PNS/ASN;Tidak Bekerja;0;5;Adaptasi;Tidak
MHS02394;Ya;SMA/SMK;SMP;PNS/ASN;Tidak Bekerja;0;3;Akademik;Tidak
MHS02395;Tidak;S1;SD;PNS/ASN;Tidak Bekerja;1;3;Akademik;Tidak
MHS02396;Ya;SMP;SMP;Tidak Bekerja;Buruh/Pekerja Harian;1;2;Finansial;Ya
MHS02397;Tidak;S1;S2;TNI/Polri;PNS/ASN;1;5;Sosial;Tidak
MHS02398;Ya;SMA/SMK;Tidak Sekolah;Petani/Nelayan;Tidak Bekerja;0;3;Finansial;Ya
MHS02399;Ya;Tidak Sekolah;SMP;Tidak Bekerja;Buruh/Pekerja Harian;1;1;Sosial;Ya
MHS02400;Tidak;S1;D3;Wiraswasta;Tidak Bekerja;2;5;Finansial;Tidak
MHS02401;Ya;Tidak Sekolah;SD;Petani/Nelayan;Karyawan Swasta;0;2;Akademik;Tidak
MHS02402;Ya;SMA/SMK;SMP;Wiraswasta;Karyawan Swasta;0;3;Sosial;Tidak
MHS02403;Ya;SMA/SMK;SD;Wiraswasta;Tidak Bekerja;0;2;Finansial;Ya
MHS02404;Ya;SMA/SMK;SMA/SMK;Wiraswasta;PNS/ASN;0;5;Akademik;Ya
MHS02405;Tidak;SMA/SMK;D3;Karyawan Swasta;Wiraswasta;1;1;Akademik;Ya
MHS02406;Tidak;S1;SMP;PNS/ASN;Tidak Bekerja;0;4;Akademik;Tidak
MHS02407;Ya;SD;SMA/SMK;Buruh/Pekerja Harian;Karyawan Swasta;1;2;Akademik;Ya
MHS02408;Ya;SMA/SMK;SD;Tidak Bekerja;Buruh/Pekerja Harian;0;2;Finansial;Ya
MHS02409;Tidak;SMA/SMK;S1;Wiraswasta;Karyawan Swasta;0;4;Akademik;Tidak
MHS02410;Ya;SMA/SMK;SMA/SMK;TNI/Polri;Tidak Bekerja;0;4;Akademik;Ya
MHS02411;Tidak;S2;S1;TNI/Polri;Karyawan Swasta;3;5;Akademik;Ya
MHS02412;Tidak;S2;D3;PNS/ASN;Wiraswasta;1;5;Akademik;Ya
MHS02413;Ya;SMP;SD;Petani/Nelayan;Wiraswasta;1;2;Adaptasi;Ya
MHS02414;Tidak;S1;SMA/SMK;TNI/Polri;Karyawan Swasta;0;3;Finansial;Tidak
MHS02415;Ya;SMP;SMP;Karyawan Swasta;Karyawan Swasta;1;3;Akademik;Ya
MHS02416;Ya;SMA/SMK;SMA/SMK;Wiraswasta;Tidak Bekerja;0;4;Finansial;Ya
MHS02417;Tidak;D3;SMA/SMK;Profesional (dokter/guru/dll);Tidak Bekerja;0;3;Finansial;Tidak
MHS02418;Tidak;S1;SMP;Wiraswasta;Karyawan Swasta;3;4;Finansial;Ya
MHS02419;Tidak;D3;S1;Karyawan Swasta;PNS/ASN;1;4;Akademik;Tidak
MHS02420;Tidak;SMA/SMK;S1;Karyawan Swasta;Karyawan Swasta;1;4;Sosial;Tidak
MHS02421;Tidak;SMA/SMK;S1;Karyawan Swasta;Karyawan Swasta;1;4;Finansial;Tidak
MHS02422;Tidak;S1;SMP;PNS/ASN;Tidak Bekerja;1;3;Adaptasi;Tidak
MHS02423;Tidak;S1;D3;Karyawan Swasta;Karyawan Swasta;3;3;Finansial;Ya
MHS02424;Tidak;S3;S1;Profesional (dokter/guru/dll);Tidak Bekerja;0;4;Akademik;Tidak
MHS02425;Tidak;S3;S1;Profesional (dokter/guru/dll);Wiraswasta;2;5;Adaptasi;Tidak
MHS02426;Tidak;D3;S3;Karyawan Swasta;Profesional (dokter/guru/dll);5;5;Akademik;Tidak
MHS02427;Tidak;D3;S1;Wiraswasta;Wiraswasta;0;3;Sosial;Ya
MHS02428;Tidak;SMA/SMK;D3;Petani/Nelayan;Tidak Bekerja;1;2;Adaptasi;Tidak
MHS02429;Tidak;SMA/SMK;S1;Buruh/Pekerja Harian;Wiraswasta;0;4;Sosial;Tidak
MHS02430;Tidak;D3;D3;PNS/ASN;Karyawan Swasta;1;4;Adaptasi;Tidak
MHS02431;Ya;SMP;SMP;Petani/Nelayan;Wiraswasta;1;3;Finansial;Ya
MHS02432;Tidak;D3;D3;Profesional (dokter/guru/dll);Wiraswasta;1;3;Akademik;Ya
MHS02433;Tidak;D3;D3;PNS/ASN;Karyawan Swasta;0;3;Sosial;Tidak
MHS02434;Tidak;SMA/SMK;S1;Karyawan Swasta;PNS/ASN;0;2;Adaptasi;Tidak
MHS02435;Tidak;S1;SMA/SMK;TNI/Polri;Tidak Bekerja;1;4;Sosial;Tidak
MHS02436;Tidak;D3;S1;Profesional (dokter/guru/dll);Profesional (dokter/guru/dll);2;5;Akademik;Tidak
MHS02437;Tidak;S1;SMA/SMK;Wiraswasta;Wiraswasta;0;4;Finansial;Tidak
MHS02438;Tidak;D3;SMA/SMK;Karyawan Swasta;Wiraswasta;0;4;Finansial;Tidak
MHS02439;Tidak;S1;D3;Wiraswasta;Profesional (dokter/guru/dll);2;3;Akademik;Tidak
MHS02440;Tidak;S1;S1;Karyawan Swasta;Tidak Bekerja;2;3;Finansial;Ya
MHS02441;Tidak;S1;SD;Karyawan Swasta;Tidak Bekerja;0;3;Akademik;Tidak
MHS02442;Ya;SMA/SMK;Tidak Sekolah;Tidak Bekerja;Tidak Bekerja;0;3;Adaptasi;Ya
MHS02443;Tidak;D3;S1;Wiraswasta;PNS/ASN;1;5;Akademik;Tidak
MHS02444;Tidak;S1;SMA/SMK;Karyawan Swasta;Profesional (dokter/guru/dll);0;5;Akademik;Tidak
MHS02445;Tidak;D3;S1;Wiraswasta;Profesional (dokter/guru/dll);2;5;Adaptasi;Tidak
MHS02446;Ya;SMP;SMA/SMK;Buruh/Pekerja Harian;Wiraswasta;1;4;Finansial;Tidak
MHS02447;Tidak;SMP;S1;Wiraswasta;PNS/ASN;2;3;Akademik;Tidak
MHS02448;Ya;SMA/SMK;SMA/SMK;Karyawan Swasta;PNS/ASN;0;5;Finansial;Tidak
MHS02449;Tidak;S1;S3;Karyawan Swasta;Wiraswasta;3;3;Adaptasi;Tidak
MHS02450;Ya;SMP;SMP;Karyawan Swasta;Tidak Bekerja;0;2;Finansial;Ya
MHS02451;Tidak;D3;SMP;Profesional (dokter/guru/dll);Tidak Bekerja;0;4;Adaptasi;Ya
MHS02452;Ya;SMP;SMP;Petani/Nelayan;Tidak Bekerja;0;2;Finansial;Ya
MHS02453;Tidak;SMA/SMK;S1;TNI/Polri;Buruh/Pekerja Harian;2;2;Akademik;Tidak
MHS02454;Tidak;S2;SMA/SMK;TNI/Polri;PNS/ASN;1;4;Akademik;Tidak
MHS02455;Tidak;SMP;S1;Wiraswasta;PNS/ASN;1;5;Akademik;Tidak
MHS02456;Tidak;S1;SMA/SMK;Wiraswasta;Tidak Bekerja;0;3;Adaptasi;Tidak
MHS02457;Tidak;S2;D3;PNS/ASN;Tidak Bekerja;1;4;Finansial;Tidak
MHS02458;Ya;SD;SMP;Petani/Nelayan;Karyawan Swasta;0;2;Adaptasi;Ya
MHS02459;Tidak;S2;SMA/SMK;PNS/ASN;Wiraswasta;0;4;Adaptasi;Tidak
MHS02460;Ya;SMA/SMK;SMP;Karyawan Swasta;Karyawan Swasta;2;3;Finansial;Tidak
MHS02461;Ya;SMA/SMK;SMA/SMK;PNS/ASN;PNS/ASN;1;3;Akademik;Tidak
MHS02462;Tidak;D3;SMA/SMK;Wiraswasta;Karyawan Swasta;1;4;Akademik;Tidak
MHS02463;Tidak;D3;S1;Buruh/Pekerja Harian;PNS/ASN;0;4;Finansial;Tidak
MHS02464;Tidak;S1;S1;Wiraswasta;Karyawan Swasta;2;3;Akademik;Tidak
MHS02465;Tidak;S2;S1;Profesional (dokter/guru/dll);Wiraswasta;0;3;Akademik;Tidak
MHS02466;Tidak;S1;S1;Wiraswasta;PNS/ASN;1;3;Adaptasi;Tidak
MHS02467;Tidak;SMA/SMK;S3;Wiraswasta;PNS/ASN;1;3;Adaptasi;Tidak
MHS02468;Tidak;S2;SMA/SMK;Petani/Nelayan;Buruh/Pekerja Harian;0;3;Adaptasi;Tidak
MHS02469;Tidak;S1;S2;Karyawan Swasta;Wiraswasta;1;5;Adaptasi;Tidak
MHS02470;Tidak;SMP;S1;Wiraswasta;Karyawan Swasta;1;2;Sosial;Ya
MHS02471;Ya;SMA/SMK;SMA/SMK;Karyawan Swasta;Tidak Bekerja;0;3;Sosial;Ya
MHS02472;Tidak;SMA/SMK;D3;Wiraswasta;Wiraswasta;0;1;Sosial;Tidak
MHS02473;Ya;SMA/SMK;SMA/SMK;Karyawan Swasta;Wiraswasta;1;4;Finansial;Tidak
MHS02474;Tidak;S1;D3;Karyawan Swasta;Karyawan Swasta;0;3;Adaptasi;Tidak
MHS02475;Tidak;SMA/SMK;D3;Wiraswasta;PNS/ASN;2;5;Sosial;Tidak
MHS02476;Ya;SMP;SMP;Petani/Nelayan;Karyawan Swasta;0;3;Akademik;Ya
MHS02477;Ya;SMA/SMK;SMP;Tidak Bekerja;Tidak Bekerja;2;3;Finansial;Ya
MHS02478;Ya;SMA/SMK;Tidak Sekolah;Karyawan Swasta;Tidak Bekerja;0;4;Akademik;Ya
MHS02479;Tidak;S1;SMA/SMK;Petani/Nelayan;Wiraswasta;2;4;Akademik;Tidak
MHS02480;Tidak;D3;D3;Wiraswasta;Tidak Bekerja;0;4;Akademik;Tidak
MHS02481;Ya;SMP;SMP;Karyawan Swasta;Wiraswasta;0;4;Akademik;Tidak
MHS02482;Tidak;D3;D3;TNI/Polri;Karyawan Swasta;0;4;Adaptasi;Ya
MHS02483;Tidak;D3;SMA/SMK;PNS/ASN;Wiraswasta;1;3;Akademik;Tidak
MHS02484;Tidak;D3;S2;Karyawan Swasta;PNS/ASN;2;3;Adaptasi;Tidak
MHS02485;Tidak;SMA/SMK;S1;Wiraswasta;Karyawan Swasta;1;4;Akademik;Tidak
MHS02486;Ya;Tidak Sekolah;Tidak Sekolah;Petani/Nelayan;Tidak Bekerja;1;1;Akademik;Ya
MHS02487;Ya;SMP;SMA/SMK;PNS/ASN;Tidak Bekerja;1;2;Akademik;Tidak
MHS02488;Ya;SMA/SMK;SD;Wiraswasta;Buruh/Pekerja Harian;0;4;Finansial;Tidak
MHS02489;Tidak;S1;SMA/SMK;Tidak Bekerja;Tidak Bekerja;0;4;Akademik;Ya
MHS02490;Tidak;SMA/SMK;D3;PNS/ASN;Profesional (dokter/guru/dll);0;4;Akademik;Tidak
MHS02491;Tidak;SMA/SMK;S1;Tidak Bekerja;Karyawan Swasta;0;3;Finansial;Ya
MHS02492;Tidak;D3;SMA/SMK;PNS/ASN;Tidak Bekerja;0;4;Akademik;Tidak
MHS02493;Tidak;S1;D3;Karyawan Swasta;Wiraswasta;0;3;Sosial;Tidak
MHS02494;Tidak;S3;S1;Profesional (dokter/guru/dll);Tidak Bekerja;1;3;Akademik;Tidak
MHS02495;Ya;SMA/SMK;SMP;Karyawan Swasta;Tidak Bekerja;1;5;Akademik;Ya
MHS02496;Tidak;S1;SMA/SMK;Wiraswasta;Wiraswasta;1;3;Finansial;Ya
MHS02497;Tidak;S1;S1;TNI/Polri;PNS/ASN;0;5;Finansial;Tidak
MHS02498;Tidak;SMA/SMK;S1;Buruh/Pekerja Harian;Wiraswasta;0;4;Sosial;Tidak
MHS02499;Ya;SMP;SMA/SMK;Petani/Nelayan;Tidak Bekerja;0;3;Finansial;Ya
MHS02500;Tidak;SMP;S1;Petani/Nelayan;Wiraswasta;1;4;Akademik;Tidak
MHS02501;Tidak;S1;S1;Petani/Nelayan;Tidak Bekerja;1;3;Adaptasi;Ya
MHS02502;Tidak;SMA/SMK;S1;Wiraswasta;Profesional (dokter/guru/dll);0;4;Finansial;Tidak
MHS02503;Tidak;S1;S3;Buruh/Pekerja Harian;Profesional (dokter/guru/dll);1;4;Akademik;Tidak
MHS02504;Tidak;D3;SMA/SMK;Wiraswasta;Wiraswasta;0;4;Finansial;Tidak
MHS02505;Ya;SD;SMP;Buruh/Pekerja Harian;Wiraswasta;0;4;Finansial;Tidak
MHS02506;Tidak;SMA/SMK;S1;PNS/ASN;Wiraswasta;1;4;Sosial;Tidak
MHS02507;Tidak;SMP;D3;Karyawan Swasta;Profesional (dokter/guru/dll);0;3;Sosial;Ya
MHS02508;Ya;SD;SMP;Buruh/Pekerja Harian;Buruh/Pekerja Harian;1;1;Finansial;Tidak
MHS02509;Ya;SMA/SMK;SMP;Wiraswasta;Buruh/Pekerja Harian;0;3;Adaptasi;Tidak
MHS02510;Tidak;S1;S1;PNS/ASN;Karyawan Swasta;0;5;Akademik;Tidak
MHS02511;Ya;SMP;Tidak Sekolah;Petani/Nelayan;Tidak Bekerja;0;2;Finansial;Ya
MHS02512;Ya;SMA/SMK;SMA/SMK;Karyawan Swasta;Karyawan Swasta;0;3;Sosial;Ya
MHS02513;Tidak;SMP;S1;Buruh/Pekerja Harian;PNS/ASN;1;3;Akademik;Tidak
MHS02514;Tidak;S1;SMA/SMK;TNI/Polri;Profesional (dokter/guru/dll);1;5;Finansial;Tidak
MHS02515;Tidak;SMA/SMK;S2;Buruh/Pekerja Harian;Tidak Bekerja;0;3;Sosial;Tidak
MHS02516;Tidak;S2;S2;Profesional (dokter/guru/dll);Karyawan Swasta;1;5;Sosial;Tidak
MHS02517;Ya;SMA/SMK;SMP;Wiraswasta;Buruh/Pekerja Harian;1;2;Finansial;Tidak
MHS02518;Tidak;S1;D3;Karyawan Swasta;Karyawan Swasta;3;4;Adaptasi;Tidak
MHS02519;Tidak;S1;SMA/SMK;Karyawan Swasta;Tidak Bekerja;1;4;Adaptasi;Ya
MHS02520;Tidak;S1;SMA/SMK;Wiraswasta;Wiraswasta;2;5;Akademik;Tidak
MHS02521;Ya;SMA/SMK;Tidak Sekolah;Buruh/Pekerja Harian;Tidak Bekerja;0;2;Finansial;Tidak
MHS02522;Tidak;D3;SMA/SMK;PNS/ASN;Tidak Bekerja;0;3;Sosial;Tidak
MHS02523;Tidak;D3;D3;Karyawan Swasta;Tidak Bekerja;1;4;Akademik;Tidak
MHS02524;Tidak;S1;D3;TNI/Polri;Wiraswasta;0;3;Akademik;Tidak
MHS02525;Ya;SD;SMP;Tidak Bekerja;Tidak Bekerja;1;3;Finansial;Ya
MHS02526;Ya;SMA/SMK;SD;Profesional (dokter/guru/dll);Tidak Bekerja;0;3;Finansial;Tidak
MHS02527;Tidak;S1;S1;Karyawan Swasta;Karyawan Swasta;1;4;Finansial;Tidak
MHS02528;Tidak;S1;S1;PNS/ASN;Profesional (dokter/guru/dll);1;3;Sosial;Tidak
MHS02529;Ya;SMA/SMK;SMA/SMK;Petani/Nelayan;Tidak Bekerja;1;3;Sosial;Tidak
MHS02530;Tidak;S1;S1;Wiraswasta;Karyawan Swasta;0;3;Akademik;Ya
MHS02531;Tidak;S3;S3;Wiraswasta;PNS/ASN;1;5;Akademik;Tidak
MHS02532;Tidak;D3;S1;Petani/Nelayan;Buruh/Pekerja Harian;3;5;Akademik;Tidak
MHS02533;Tidak;D3;S1;Buruh/Pekerja Harian;Wiraswasta;1;2;Akademik;Tidak
MHS02534;Tidak;S3;SMP;PNS/ASN;Karyawan Swasta;0;4;Akademik;Tidak
MHS02535;Ya;SMP;Tidak Sekolah;Karyawan Swasta;Tidak Bekerja;0;5;Akademik;Ya
MHS02536;Ya;SD;SMA/SMK;Petani/Nelayan;Tidak Bekerja;0;3;Adaptasi;Tidak
MHS02537;Tidak;SMA/SMK;S1;Wiraswasta;Profesional (dokter/guru/dll);2;4;Akademik;Tidak
MHS02538;Ya;SMP;SMA/SMK;Buruh/Pekerja Harian;Karyawan Swasta;0;4;Adaptasi;Tidak
MHS02539;Ya;SMA/SMK;SMA/SMK;Petani/Nelayan;Tidak Bekerja;1;3;Akademik;Tidak
MHS02540;Ya;SMA/SMK;SMP;Wiraswasta;Buruh/Pekerja Harian;1;4;Adaptasi;Tidak
MHS02541;Ya;SMA/SMK;SMP;Petani/Nelayan;Wiraswasta;1;4;Adaptasi;Ya
MHS02542;Tidak;SMA/SMK;S1;Wiraswasta;Profesional (dokter/guru/dll);0;4;Akademik;Tidak
MHS02543;Tidak;D3;S1;TNI/Polri;Wiraswasta;1;4;Akademik;Tidak
MHS02544;Ya;SD;SMA/SMK;Petani/Nelayan;Profesional (dokter/guru/dll);0;4;Adaptasi;Ya
MHS02545;Tidak;D3;S1;Karyawan Swasta;Karyawan Swasta;0;5;Akademik;Ya
MHS02546;Ya;SMA/SMK;SMA/SMK;PNS/ASN;Buruh/Pekerja Harian;1;4;Sosial;Tidak
MHS02547;Ya;SMA/SMK;SMA/SMK;Karyawan Swasta;Wiraswasta;0;4;Adaptasi;Tidak
MHS02548;Tidak;S2;S1;PNS/ASN;Tidak Bekerja;1;5;Sosial;Tidak
MHS02549;Ya;SMA/SMK;SD;Karyawan Swasta;Karyawan Swasta;0;2;Finansial;Ya
MHS02550;Tidak;S1;S3;Profesional (dokter/guru/dll);Profesional (dokter/guru/dll);0;4;Sosial;Tidak
MHS02551;Tidak;D3;D3;PNS/ASN;Karyawan Swasta;0;4;Sosial;Tidak
MHS02552;Tidak;D3;S1;Petani/Nelayan;Profesional (dokter/guru/dll);2;3;Akademik;Ya
MHS02553;Tidak;SMA/SMK;D3;Karyawan Swasta;Wiraswasta;1;3;Akademik;Tidak
MHS02554;Ya;SMA/SMK;SMA/SMK;Karyawan Swasta;Tidak Bekerja;0;1;Finansial;Ya
MHS02555;Tidak;D3;SMA/SMK;Tidak Bekerja;Tidak Bekerja;0;3;Akademik;Ya
MHS02556;Ya;SMA/SMK;SMA/SMK;Petani/Nelayan;Wiraswasta;0;1;Sosial;Tidak
MHS02557;Ya;SMA/SMK;SMP;Karyawan Swasta;Tidak Bekerja;0;3;Finansial;Tidak
MHS02558;Ya;SMA/SMK;SMA/SMK;Wiraswasta;Tidak Bekerja;1;4;Finansial;Tidak
MHS02559;Tidak;SMA/SMK;S3;Buruh/Pekerja Harian;Karyawan Swasta;2;5;Akademik;Tidak
MHS02560;Ya;SD;SD;Petani/Nelayan;Buruh/Pekerja Harian;1;2;Finansial;Ya
MHS02561;Tidak;S3;S1;PNS/ASN;PNS/ASN;1;5;Akademik;Tidak
MHS02562;Tidak;S1;SMA/SMK;Profesional (dokter/guru/dll);Wiraswasta;1;5;Adaptasi;Ya
MHS02563;Tidak;SMP;S1;TNI/Polri;Karyawan Swasta;1;5;Sosial;Tidak
MHS02564;Tidak;S3;D3;Profesional (dokter/guru/dll);Tidak Bekerja;0;5;Adaptasi;Tidak
MHS02565;Ya;SMA/SMK;SD;TNI/Polri;Wiraswasta;0;3;Adaptasi;Ya
MHS02566;Tidak;S1;SMA/SMK;TNI/Polri;Profesional (dokter/guru/dll);2;4;Akademik;Tidak
MHS02567;Ya;SMA/SMK;SMP;Buruh/Pekerja Harian;Buruh/Pekerja Harian;0;2;Finansial;Tidak
MHS02568;Tidak;D3;D3;Profesional (dokter/guru/dll);Tidak Bekerja;1;5;Adaptasi;Tidak
MHS02569;Ya;SMA/SMK;SMA/SMK;PNS/ASN;Tidak Bekerja;0;2;Adaptasi;Tidak
MHS02570;Tidak;S1;SMA/SMK;Karyawan Swasta;Tidak Bekerja;1;4;Sosial;Tidak
MHS02571;Ya;SMA/SMK;SMA/SMK;Wiraswasta;Tidak Bekerja;1;3;Adaptasi;Tidak
MHS02572;Tidak;S1;S1;Profesional (dokter/guru/dll);Karyawan Swasta;1;5;Finansial;Tidak
MHS02573;Tidak;S1;D3;Wiraswasta;Buruh/Pekerja Harian;0;4;Akademik;Tidak
MHS02574;Tidak;S1;SMA/SMK;Wiraswasta;Tidak Bekerja;0;3;Akademik;Tidak
MHS02575;Tidak;SMA/SMK;S1;Buruh/Pekerja Harian;Wiraswasta;1;3;Akademik;Tidak
MHS02576;Tidak;SMP;S1;Buruh/Pekerja Harian;Karyawan Swasta;0;4;Adaptasi;Tidak
MHS02577;Tidak;D3;SMA/SMK;Wiraswasta;Buruh/Pekerja Harian;0;4;Akademik;Tidak
MHS02578;Tidak;D3;SMP;TNI/Polri;Tidak Bekerja;1;3;Akademik;Ya
MHS02579;Tidak;S1;D3;Wiraswasta;Karyawan Swasta;1;4;Finansial;Tidak
MHS02580;Ya;SMP;SMA/SMK;Buruh/Pekerja Harian;Wiraswasta;0;2;Sosial;Ya
MHS02581;Ya;SD;SMP;Buruh/Pekerja Harian;Tidak Bekerja;0;4;Finansial;Ya
MHS02582;Tidak;S1;S1;Profesional (dokter/guru/dll);Karyawan Swasta;0;4;Finansial;Ya
MHS02583;Ya;SMA/SMK;SD;Karyawan Swasta;Tidak Bekerja;0;2;Finansial;Ya
MHS02584;Ya;SMP;SMP;Tidak Bekerja;Tidak Bekerja;0;3;Finansial;Ya
MHS02585;Tidak;SMP;S1;PNS/ASN;Tidak Bekerja;0;4;Akademik;Ya
MHS02586;Ya;SMA/SMK;SMA/SMK;Karyawan Swasta;Karyawan Swasta;0;2;Finansial;Tidak
MHS02587;Tidak;SMA/SMK;D3;Buruh/Pekerja Harian;Karyawan Swasta;0;4;Finansial;Tidak
MHS02588;Tidak;S1;S1;TNI/Polri;Profesional (dokter/guru/dll);1;5;Adaptasi;Tidak
MHS02589;Tidak;D3;SMA/SMK;PNS/ASN;Wiraswasta;0;2;Adaptasi;Tidak
MHS02590;Ya;SMP;SMA/SMK;Karyawan Swasta;Buruh/Pekerja Harian;3;3;Finansial;Tidak
MHS02591;Ya;SMP;SMA/SMK;Petani/Nelayan;Tidak Bekerja;0;1;Finansial;Ya
MHS02592;Ya;SMA/SMK;SD;Karyawan Swasta;Tidak Bekerja;0;3;Akademik;Ya
MHS02593;Ya;Tidak Sekolah;SMA/SMK;Buruh/Pekerja Harian;Tidak Bekerja;0;5;Adaptasi;Tidak
MHS02594;Tidak;S1;S1;PNS/ASN;Wiraswasta;0;4;Finansial;Tidak
MHS02595;Tidak;S1;S1;PNS/ASN;Tidak Bekerja;2;4;Akademik;Tidak
MHS02596;Ya;SMA/SMK;SMP;PNS/ASN;Tidak Bekerja;1;3;Sosial;Ya
MHS02597;Tidak;S2;S1;PNS/ASN;Profesional (dokter/guru/dll);0;5;Finansial;Tidak
MHS02598;Tidak;SMA/SMK;D3;Petani/Nelayan;Profesional (dokter/guru/dll);0;3;Akademik;Tidak
MHS02599;Tidak;S2;S1;PNS/ASN;Wiraswasta;1;4;Adaptasi;Tidak
MHS02600;Tidak;SMA/SMK;S2;Buruh/Pekerja Harian;Profesional (dokter/guru/dll);0;4;Sosial;Tidak
MHS02601;Tidak;S1;SMP;Karyawan Swasta;Wiraswasta;1;1;Finansial;Tidak
MHS02602;Tidak;S1;D3;Karyawan Swasta;PNS/ASN;0;3;Adaptasi;Tidak
MHS02603;Tidak;S3;S3;Profesional (dokter/guru/dll);Tidak Bekerja;2;5;Sosial;Tidak
MHS02604;Ya;SMA/SMK;SMA/SMK;Petani/Nelayan;Tidak Bekerja;0;5;Adaptasi;Tidak
MHS02605;Ya;SMA/SMK;SD;Karyawan Swasta;Tidak Bekerja;0;4;Finansial;Tidak
MHS02606;Ya;SMP;SMA/SMK;Petani/Nelayan;Tidak Bekerja;0;2;Finansial;Ya
MHS02607;Tidak;S1;SMA/SMK;Karyawan Swasta;Tidak Bekerja;1;3;Akademik;Ya
MHS02608;Ya;SMP;SMP;Petani/Nelayan;Buruh/Pekerja Harian;0;2;Finansial;Tidak
MHS02609;Tidak;S1;SMP;Wiraswasta;Wiraswasta;0;3;Finansial;Ya
MHS02610;Ya;SMP;SMA/SMK;Wiraswasta;Tidak Bekerja;0;4;Finansial;Ya
MHS02611;Ya;SMA/SMK;SMA/SMK;Profesional (dokter/guru/dll);Wiraswasta;0;5;Finansial;Ya
MHS02612;Tidak;SMA/SMK;D3;Buruh/Pekerja Harian;Wiraswasta;0;3;Sosial;Ya
MHS02613;Ya;SD;SMA/SMK;Wiraswasta;Wiraswasta;1;4;Adaptasi;Tidak
MHS02614;Tidak;SMA/SMK;S1;PNS/ASN;Karyawan Swasta;2;3;Sosial;Tidak
MHS02615;Ya;SMA/SMK;SMA/SMK;Karyawan Swasta;Tidak Bekerja;0;4;Finansial;Ya
MHS02616;Tidak;S2;SMA/SMK;PNS/ASN;Buruh/Pekerja Harian;1;2;Finansial;Tidak
MHS02617;Tidak;S1;SMA/SMK;Karyawan Swasta;Buruh/Pekerja Harian;1;4;Akademik;Tidak
MHS02618;Tidak;S2;SMA/SMK;PNS/ASN;PNS/ASN;3;4;Sosial;Ya
MHS02619;Ya;SMA/SMK;SMP;Wiraswasta;Tidak Bekerja;0;3;Sosial;Tidak
MHS02620;Tidak;S2;S1;Profesional (dokter/guru/dll);Karyawan Swasta;0;5;Akademik;Tidak
MHS02621;Ya;SMP;SD;Wiraswasta;Buruh/Pekerja Harian;0;1;Akademik;Ya
MHS02622;Ya;SMP;SD;Petani/Nelayan;Wiraswasta;0;3;Finansial;Tidak
MHS02623;Ya;Tidak Sekolah;SD;Tidak Bekerja;Karyawan Swasta;0;3;Akademik;Ya
MHS02624;Tidak;S1;SMA/SMK;Karyawan Swasta;Tidak Bekerja;0;4;Akademik;Tidak
MHS02625;Tidak;SMA/SMK;S1;Karyawan Swasta;Karyawan Swasta;0;4;Finansial;Tidak
MHS02626;Ya;SMA/SMK;SMP;Wiraswasta;Buruh/Pekerja Harian;0;3;Finansial;Tidak
MHS02627;Ya;SD;SMA/SMK;Petani/Nelayan;Karyawan Swasta;0;4;Finansial;Ya
MHS02628;Tidak;SMP;S1;Buruh/Pekerja Harian;Profesional (dokter/guru/dll);0;4;Sosial;Tidak
MHS02629;Ya;SMP;SMA/SMK;Petani/Nelayan;PNS/ASN;0;1;Finansial;Tidak
MHS02630;Ya;SMA/SMK;SMA/SMK;Karyawan Swasta;Tidak Bekerja;1;3;Akademik;Ya
MHS02631;Tidak;S1;S2;Karyawan Swasta;Profesional (dokter/guru/dll);0;2;Adaptasi;Ya
MHS02632;Tidak;D3;D3;PNS/ASN;PNS/ASN;1;3;Adaptasi;Tidak
MHS02633;Tidak;S3;S1;Profesional (dokter/guru/dll);PNS/ASN;3;5;Akademik;Tidak
MHS02634;Ya;SMA/SMK;SMP;Petani/Nelayan;Tidak Bekerja;0;2;Akademik;Ya
MHS02635;Tidak;SMA/SMK;S1;Karyawan Swasta;Wiraswasta;1;5;Akademik;Tidak
MHS02636;Tidak;SD;D3;Petani/Nelayan;Karyawan Swasta;1;2;Finansial;Tidak
MHS02637;Tidak;D3;SMP;PNS/ASN;Tidak Bekerja;0;2;Adaptasi;Tidak
MHS02638;Tidak;S1;SMA/SMK;PNS/ASN;Tidak Bekerja;0;2;Finansial;Tidak
MHS02639;Tidak;SD;S1;Buruh/Pekerja Harian;Karyawan Swasta;1;3;Akademik;Tidak
MHS02640;Tidak;SMA/SMK;S1;PNS/ASN;Wiraswasta;1;4;Akademik;Ya
MHS02641;Tidak;S1;SMA/SMK;TNI/Polri;Buruh/Pekerja Harian;1;3;Akademik;Tidak
MHS02642;Tidak;S1;S2;Karyawan Swasta;Wiraswasta;2;4;Akademik;Ya
MHS02643;Tidak;SD;S1;Buruh/Pekerja Harian;Karyawan Swasta;0;2;Finansial;Ya
MHS02644;Tidak;D3;D3;Karyawan Swasta;Wiraswasta;0;3;Adaptasi;Tidak
MHS02645;Tidak;S1;SMA/SMK;Wiraswasta;PNS/ASN;2;3;Finansial;Tidak
MHS02646;Tidak;S1;SMA/SMK;TNI/Polri;Tidak Bekerja;1;4;Adaptasi;Tidak
MHS02647;Tidak;S1;SMA/SMK;PNS/ASN;Tidak Bekerja;0;1;Finansial;Tidak
MHS02648;Tidak;SMP;D3;Wiraswasta;Wiraswasta;2;3;Sosial;Tidak
MHS02649;Tidak;SMA/SMK;S1;Wiraswasta;Tidak Bekerja;1;4;Akademik;Tidak
MHS02650;Ya;SMA/SMK;SMA/SMK;Wiraswasta;Tidak Bekerja;0;3;Akademik;Tidak
MHS02651;Tidak;S1;D3;Karyawan Swasta;PNS/ASN;1;1;Sosial;Tidak
MHS02652;Ya;SMA/SMK;SMP;Buruh/Pekerja Harian;Tidak Bekerja;0;2;Finansial;Tidak
MHS02653;Ya;SMA/SMK;SMA/SMK;PNS/ASN;Wiraswasta;1;3;Adaptasi;Ya
MHS02654;Tidak;S1;SMP;PNS/ASN;Tidak Bekerja;0;5;Adaptasi;Tidak
MHS02655;Tidak;D3;D3;Karyawan Swasta;Tidak Bekerja;1;4;Akademik;Tidak
MHS02656;Ya;SMA/SMK;SMA/SMK;Petani/Nelayan;Tidak Bekerja;0;1;Finansial;Tidak
MHS02657;Ya;SD;SMA/SMK;Buruh/Pekerja Harian;Tidak Bekerja;0;2;Akademik;Ya
MHS02658;Tidak;SMA/SMK;S1;Wiraswasta;Wiraswasta;0;3;Finansial;Tidak
MHS02659;Tidak;SMA/SMK;S1;Petani/Nelayan;Profesional (dokter/guru/dll);2;5;Akademik;Tidak
MHS02660;Tidak;SMP;D3;Buruh/Pekerja Harian;Tidak Bekerja;0;2;Finansial;Tidak
MHS02661;Ya;SMA/SMK;SMA/SMK;Petani/Nelayan;Tidak Bekerja;1;3;Finansial;Ya
MHS02662;Tidak;S1;S1;Profesional (dokter/guru/dll);PNS/ASN;0;2;Sosial;Tidak
MHS02663;Ya;SMA/SMK;SMA/SMK;Wiraswasta;Wiraswasta;0;2;Adaptasi;Tidak
MHS02664;Ya;SMP;Tidak Sekolah;Tidak Bekerja;Tidak Bekerja;0;2;Finansial;Ya
MHS02665;Tidak;S1;S1;PNS/ASN;Wiraswasta;4;5;Akademik;Tidak
MHS02666;Ya;SMP;SMA/SMK;Buruh/Pekerja Harian;Wiraswasta;1;2;Finansial;Ya
MHS02667;Tidak;D3;S1;Wiraswasta;Karyawan Swasta;0;5;Finansial;Tidak
MHS02668;Tidak;S1;SMA/SMK;PNS/ASN;Buruh/Pekerja Harian;1;4;Sosial;Tidak
MHS02669;Tidak;D3;SMA/SMK;Karyawan Swasta;Tidak Bekerja;1;3;Sosial;Tidak
MHS02670;Tidak;S1;S1;PNS/ASN;PNS/ASN;0;5;Akademik;Tidak
MHS02671;Tidak;S1;S2;PNS/ASN;Tidak Bekerja;1;5;Sosial;Ya
MHS02672;Tidak;S2;SMA/SMK;PNS/ASN;Tidak Bekerja;0;4;Sosial;Tidak
MHS02673;Tidak;SMA/SMK;S1;Tidak Bekerja;Tidak Bekerja;1;5;Finansial;Ya
MHS02674;Tidak;D3;SMA/SMK;TNI/Polri;Tidak Bekerja;0;4;Sosial;Tidak
MHS02675;Ya;SMA/SMK;Tidak Sekolah;Karyawan Swasta;Tidak Bekerja;0;1;Finansial;Ya
MHS02676;Ya;SMP;SMA/SMK;TNI/Polri;Karyawan Swasta;1;4;Akademik;Ya
MHS02677;Tidak;SMA/SMK;D3;Karyawan Swasta;PNS/ASN;0;4;Akademik;Ya
MHS02678;Tidak;SMA/SMK;D3;Buruh/Pekerja Harian;Tidak Bekerja;0;5;Adaptasi;Tidak
MHS02679;Tidak;D3;S1;Petani/Nelayan;PNS/ASN;2;5;Akademik;Tidak
MHS02680;Ya;SMA/SMK;SMP;Wiraswasta;Buruh/Pekerja Harian;0;3;Adaptasi;Ya
MHS02681;Tidak;S2;SMP;Profesional (dokter/guru/dll);Buruh/Pekerja Harian;1;3;Akademik;Tidak
MHS02682;Tidak;S1;SMA/SMK;Wiraswasta;Wiraswasta;3;3;Akademik;Tidak
MHS02683;Tidak;S1;S2;Karyawan Swasta;Profesional (dokter/guru/dll);1;4;Akademik;Ya
MHS02684;Ya;SMP;SMP;Tidak Bekerja;Tidak Bekerja;1;2;Finansial;Ya
MHS02685;Ya;SMP;SMP;Karyawan Swasta;Tidak Bekerja;1;3;Akademik;Ya
MHS02686;Tidak;S1;S1;Profesional (dokter/guru/dll);PNS/ASN;1;5;Adaptasi;Tidak
MHS02687;Tidak;SMA/SMK;S1;Wiraswasta;Profesional (dokter/guru/dll);1;3;Adaptasi;Tidak
MHS02688;Ya;SMA/SMK;SMP;PNS/ASN;Tidak Bekerja;1;3;Akademik;Ya
MHS02689;Ya;SMA/SMK;SD;Wiraswasta;Tidak Bekerja;1;2;Finansial;Ya
MHS02690;Tidak;S1;S1;TNI/Polri;PNS/ASN;0;4;Finansial;Tidak
MHS02691;Tidak;SMA/SMK;S1;PNS/ASN;Tidak Bekerja;0;5;Akademik;Ya
MHS02692;Tidak;SMA/SMK;S1;PNS/ASN;PNS/ASN;2;2;Akademik;Tidak
MHS02693;Tidak;S1;S1;PNS/ASN;Profesional (dokter/guru/dll);0;5;Akademik;Tidak
MHS02694;Tidak;SMA/SMK;D3;Profesional (dokter/guru/dll);Buruh/Pekerja Harian;1;4;Adaptasi;Tidak
MHS02695;Ya;SMP;SMA/SMK;Petani/Nelayan;Profesional (dokter/guru/dll);0;2;Finansial;Ya
MHS02696;Ya;SMA/SMK;SMP;Wiraswasta;Tidak Bekerja;1;2;Finansial;Ya
MHS02697;Ya;SD;SMP;Karyawan Swasta;PNS/ASN;0;3;Akademik;Ya
MHS02698;Tidak;S1;D3;TNI/Polri;Karyawan Swasta;0;3;Akademik;Tidak
MHS02699;Tidak;S1;S2;Karyawan Swasta;Wiraswasta;2;5;Adaptasi;Tidak
MHS02700;Tidak;S2;S2;PNS/ASN;Karyawan Swasta;2;4;Sosial;Tidak
MHS02701;Ya;SMP;Tidak Sekolah;Petani/Nelayan;Tidak Bekerja;0;2;Finansial;Ya
MHS02702;Ya;SMA/SMK;SMA/SMK;PNS/ASN;Tidak Bekerja;1;5;Akademik;Ya
MHS02703;Tidak;D3;SMA/SMK;Karyawan Swasta;Tidak Bekerja;2;3;Sosial;Ya
MHS02704;Tidak;S1;SMA/SMK;Profesional (dokter/guru/dll);Wiraswasta;1;3;Akademik;Ya
MHS02705;Ya;Tidak Sekolah;SD;Petani/Nelayan;Buruh/Pekerja Harian;0;1;Finansial;Tidak
MHS02706;Ya;SMA/SMK;Tidak Sekolah;Karyawan Swasta;Tidak Bekerja;0;3;Sosial;Ya
MHS02707;Tidak;S1;S1;PNS/ASN;Karyawan Swasta;1;5;Finansial;Tidak
MHS02708;Ya;SMA/SMK;SMA/SMK;Wiraswasta;Tidak Bekerja;2;4;Finansial;Tidak
MHS02709;Tidak;S1;SMA/SMK;Karyawan Swasta;Tidak Bekerja;2;2;Finansial;Tidak
MHS02710;Tidak;SMA/SMK;D3;Tidak Bekerja;Wiraswasta;0;2;Akademik;Tidak
MHS02711;Ya;SD;SMP;Wiraswasta;Tidak Bekerja;1;4;Akademik;Ya
MHS02712;Ya;SMP;SD;Petani/Nelayan;Wiraswasta;0;4;Adaptasi;Ya
MHS02713;Tidak;SMP;D3;Tidak Bekerja;Wiraswasta;0;1;Akademik;Tidak
MHS02714;Ya;SMA/SMK;SMA/SMK;Wiraswasta;Buruh/Pekerja Harian;1;3;Finansial;Tidak
MHS02715;Tidak;S1;S1;Wiraswasta;Karyawan Swasta;0;3;Adaptasi;Tidak
MHS02716;Tidak;S2;S1;PNS/ASN;Profesional (dokter/guru/dll);0;4;Akademik;Tidak
MHS02717;Tidak;S1;S1;Karyawan Swasta;Wiraswasta;0;5;Adaptasi;Tidak
MHS02718;Tidak;SMA/SMK;S1;PNS/ASN;Karyawan Swasta;0;5;Sosial;Tidak
MHS02719;Ya;SMA/SMK;SMA/SMK;Buruh/Pekerja Harian;Tidak Bekerja;0;2;Finansial;Ya
MHS02720;Ya;SMA/SMK;SMA/SMK;TNI/Polri;Karyawan Swasta;1;4;Akademik;Ya
MHS02721;Ya;SMP;SMA/SMK;Wiraswasta;Karyawan Swasta;0;3;Akademik;Ya
MHS02722;Ya;SD;SMP;TNI/Polri;Buruh/Pekerja Harian;1;3;Finansial;Ya
MHS02723;Tidak;S1;S1;Wiraswasta;Karyawan Swasta;0;5;Sosial;Tidak
MHS02724;Tidak;S2;S1;Petani/Nelayan;Profesional (dokter/guru/dll);2;4;Akademik;Ya
MHS02725;Tidak;D3;S1;Wiraswasta;Wiraswasta;2;3;Finansial;Tidak
MHS02726;Tidak;S1;D3;Profesional (dokter/guru/dll);PNS/ASN;1;2;Akademik;Tidak
MHS02727;Tidak;S3;S1;Wiraswasta;Karyawan Swasta;0;4;Finansial;Tidak
MHS02728;Ya;SMA/SMK;SMA/SMK;Buruh/Pekerja Harian;Tidak Bekerja;0;4;Akademik;Ya
MHS02729;Tidak;S2;S1;Karyawan Swasta;Karyawan Swasta;1;5;Akademik;Tidak
MHS02730;Tidak;S1;S1;Profesional (dokter/guru/dll);PNS/ASN;0;3;Finansial;Tidak
MHS02731;Tidak;D3;SMA/SMK;Karyawan Swasta;Wiraswasta;0;2;Akademik;Ya
MHS02732;Tidak;D3;SD;Karyawan Swasta;Tidak Bekerja;1;4;Finansial;Ya
MHS02733;Tidak;SMA/SMK;S1;Wiraswasta;Wiraswasta;1;4;Sosial;Ya
MHS02734;Tidak;SMA/SMK;D3;PNS/ASN;Tidak Bekerja;0;3;Akademik;Ya
MHS02735;Tidak;SMA/SMK;S1;Wiraswasta;Karyawan Swasta;1;4;Sosial;Tidak
MHS02736;Tidak;S1;SMP;Profesional (dokter/guru/dll);Tidak Bekerja;0;4;Finansial;Tidak
MHS02737;Tidak;SMA/SMK;D3;Wiraswasta;Wiraswasta;0;3;Akademik;Tidak
MHS02738;Tidak;S2;S1;Profesional (dokter/guru/dll);Wiraswasta;0;5;Adaptasi;Tidak
MHS02739;Ya;SMP;SMA/SMK;Petani/Nelayan;Buruh/Pekerja Harian;1;1;Finansial;Tidak
MHS02740;Tidak;S1;SMA/SMK;Profesional (dokter/guru/dll);PNS/ASN;0;5;Akademik;Ya
MHS02741;Tidak;D3;S1;Wiraswasta;Wiraswasta;1;3;Akademik;Ya
MHS02742;Tidak;S1;S2;Wiraswasta;Tidak Bekerja;1;5;Sosial;Tidak
MHS02743;Ya;SMA/SMK;SMA/SMK;Profesional (dokter/guru/dll);Wiraswasta;0;3;Adaptasi;Ya
MHS02744;Ya;SMP;SMA/SMK;Petani/Nelayan;Buruh/Pekerja Harian;0;4;Finansial;Tidak
MHS02745;Ya;SMA/SMK;SMA/SMK;Petani/Nelayan;Karyawan Swasta;1;4;Adaptasi;Ya
MHS02746;Tidak;S1;S1;Karyawan Swasta;Karyawan Swasta;0;3;Akademik;Tidak
MHS02747;Tidak;SMA/SMK;S1;TNI/Polri;Wiraswasta;1;3;Akademik;Ya
MHS02748;Tidak;S1;S1;Profesional (dokter/guru/dll);Profesional (dokter/guru/dll);1;3;Akademik;Tidak
MHS02749;Tidak;S1;SMA/SMK;Karyawan Swasta;PNS/ASN;1;5;Akademik;Tidak
MHS02750;Tidak;S1;S1;Karyawan Swasta;Karyawan Swasta;0;3;Akademik;Tidak
MHS02751;Tidak;D3;S1;Petani/Nelayan;Wiraswasta;1;4;Adaptasi;Tidak
MHS02752;Ya;SMA/SMK;SMP;Petani/Nelayan;Buruh/Pekerja Harian;0;4;Finansial;Tidak
MHS02753;Tidak;D3;D3;Petani/Nelayan;PNS/ASN;0;5;Sosial;Tidak
MHS02754;Ya;SMA/SMK;SMA/SMK;Karyawan Swasta;Karyawan Swasta;4;5;Adaptasi;Tidak
MHS02755;Tidak;D3;S1;PNS/ASN;Karyawan Swasta;0;3;Akademik;Tidak
MHS02756;Ya;SMA/SMK;SMP;Karyawan Swasta;Wiraswasta;1;4;Finansial;Ya
MHS02757;Ya;SMA/SMK;SMP;TNI/Polri;Tidak Bekerja;0;2;Finansial;Tidak
MHS02758;Ya;SMA/SMK;SMA/SMK;Wiraswasta;Tidak Bekerja;1;2;Akademik;Tidak
MHS02759;Ya;SMP;SMA/SMK;Buruh/Pekerja Harian;Karyawan Swasta;0;4;Finansial;Ya
MHS02760;Tidak;SMA/SMK;D3;Karyawan Swasta;Tidak Bekerja;0;2;Adaptasi;Tidak
MHS02761;Tidak;S1;S1;TNI/Polri;Karyawan Swasta;0;3;Adaptasi;Ya
MHS02762;Tidak;SMA/SMK;S1;TNI/Polri;Tidak Bekerja;0;3;Akademik;Tidak
MHS02763;Tidak;D3;SMP;Wiraswasta;Tidak Bekerja;1;2;Finansial;Tidak
MHS02764;Tidak;S1;S1;Karyawan Swasta;Wiraswasta;0;3;Adaptasi;Tidak
MHS02765;Ya;SD;SMA/SMK;Petani/Nelayan;Tidak Bekerja;1;2;Finansial;Tidak
MHS02766;Ya;SD;SMA/SMK;Buruh/Pekerja Harian;PNS/ASN;0;3;Akademik;Tidak
MHS02767;Ya;SMP;SMA/SMK;Petani/Nelayan;Tidak Bekerja;0;3;Adaptasi;Tidak
MHS02768;Tidak;SMA/SMK;S3;Profesional (dokter/guru/dll);Karyawan Swasta;0;4;Finansial;Tidak
MHS02769;Ya;SMA/SMK;SMP;Wiraswasta;Karyawan Swasta;0;3;Finansial;Tidak
MHS02770;Tidak;SMA/SMK;S1;Buruh/Pekerja Harian;Wiraswasta;0;4;Adaptasi;Tidak
MHS02771;Tidak;S3;S2;Profesional (dokter/guru/dll);Profesional (dokter/guru/dll);5;5;Akademik;Tidak
MHS02772;Tidak;D3;SMP;TNI/Polri;Tidak Bekerja;0;3;Sosial;Tidak
MHS02773;Tidak;SMP;S1;Buruh/Pekerja Harian;Wiraswasta;0;3;Akademik;Ya
MHS02774;Tidak;S1;S1;PNS/ASN;Tidak Bekerja;0;5;Akademik;Tidak
MHS02775;Tidak;SMA/SMK;D3;Wiraswasta;Karyawan Swasta;0;3;Adaptasi;Tidak
MHS02776;Tidak;SD;D3;Petani/Nelayan;Karyawan Swasta;0;5;Akademik;Ya
MHS02777;Ya;SMP;SMA/SMK;Petani/Nelayan;Profesional (dokter/guru/dll);0;1;Sosial;Ya
MHS02778;Tidak;S2;S2;Karyawan Swasta;PNS/ASN;1;5;Adaptasi;Tidak
MHS02779;Tidak;D3;D3;Wiraswasta;Wiraswasta;0;5;Akademik;Tidak
MHS02780;Ya;SMA/SMK;SMA/SMK;Tidak Bekerja;Wiraswasta;0;2;Finansial;Ya
MHS02781;Tidak;D3;SMP;PNS/ASN;Karyawan Swasta;3;4;Finansial;Tidak
MHS02782;Ya;SMA/SMK;SMA/SMK;Tidak Bekerja;Tidak Bekerja;0;3;Akademik;Ya
MHS02783;Ya;SMP;Tidak Sekolah;Buruh/Pekerja Harian;Tidak Bekerja;1;2;Akademik;Ya
MHS02784;Tidak;S1;SMA/SMK;Karyawan Swasta;Wiraswasta;0;5;Adaptasi;Tidak
MHS02785;Ya;SMA/SMK;SMP;PNS/ASN;Buruh/Pekerja Harian;0;4;Finansial;Tidak
MHS02786;Tidak;S1;SMA/SMK;Karyawan Swasta;Wiraswasta;0;4;Sosial;Tidak
MHS02787;Tidak;S2;SMA/SMK;PNS/ASN;Karyawan Swasta;2;4;Adaptasi;Tidak
MHS02788;Ya;SMP;SMP;Buruh/Pekerja Harian;Buruh/Pekerja Harian;0;1;Finansial;Ya
MHS02789;Ya;SMA/SMK;SMA/SMK;Buruh/Pekerja Harian;Tidak Bekerja;0;4;Akademik;Tidak
MHS02790;Ya;SMP;SD;Wiraswasta;Buruh/Pekerja Harian;1;1;Finansial;Ya
MHS02791;Tidak;S1;S1;Wiraswasta;Karyawan Swasta;0;5;Akademik;Ya
MHS02792;Tidak;S1;SMA/SMK;Profesional (dokter/guru/dll);Wiraswasta;0;4;Finansial;Ya
MHS02793;Tidak;S2;SMA/SMK;Karyawan Swasta;Wiraswasta;0;5;Adaptasi;Tidak
MHS02794;Ya;SMA/SMK;SMA/SMK;Karyawan Swasta;Karyawan Swasta;0;4;Akademik;Ya
MHS02795;Tidak;S1;SMA/SMK;PNS/ASN;Wiraswasta;1;4;Akademik;Tidak
MHS02796;Tidak;D3;S1;PNS/ASN;Tidak Bekerja;0;5;Akademik;Ya
MHS02797;Ya;SMA/SMK;SMA/SMK;Petani/Nelayan;Tidak Bekerja;0;2;Adaptasi;Tidak
MHS02798;Tidak;D3;S1;Profesional (dokter/guru/dll);Tidak Bekerja;0;5;Akademik;Ya
MHS02799;Tidak;S2;SMA/SMK;Profesional (dokter/guru/dll);Karyawan Swasta;0;4;Akademik;Tidak
MHS02800;Tidak;S1;SMA/SMK;PNS/ASN;Profesional (dokter/guru/dll);0;3;Akademik;Tidak
MHS02801;Tidak;S1;S1;Petani/Nelayan;Wiraswasta;0;5;Finansial;Tidak
MHS02802;Tidak;SMA/SMK;D3;Petani/Nelayan;Tidak Bekerja;3;4;Akademik;Tidak
MHS02803;Ya;SMA/SMK;SD;Wiraswasta;Tidak Bekerja;1;3;Finansial;Tidak
MHS02804;Tidak;SMA/SMK;S1;Karyawan Swasta;Karyawan Swasta;0;5;Adaptasi;Tidak
MHS02805;Tidak;SMA/SMK;D3;Karyawan Swasta;Tidak Bekerja;0;3;Sosial;Ya
MHS02806;Tidak;D3;SMA/SMK;Karyawan Swasta;Karyawan Swasta;0;3;Akademik;Tidak
MHS02807;Ya;SMA/SMK;SMA/SMK;Profesional (dokter/guru/dll);Tidak Bekerja;0;4;Akademik;Ya
MHS02808;Tidak;S1;D3;Buruh/Pekerja Harian;PNS/ASN;0;4;Sosial;Tidak
MHS02809;Tidak;S1;S1;PNS/ASN;Tidak Bekerja;0;4;Akademik;Ya
MHS02810;Tidak;S1;SMA/SMK;Karyawan Swasta;Buruh/Pekerja Harian;2;3;Finansial;Ya
MHS02811;Tidak;D3;SMA/SMK;Wiraswasta;Wiraswasta;1;1;Akademik;Tidak
MHS02812;Tidak;SMA/SMK;S1;Profesional (dokter/guru/dll);Karyawan Swasta;1;3;Sosial;Tidak
MHS02813;Tidak;D3;SMA/SMK;Buruh/Pekerja Harian;Wiraswasta;0;2;Adaptasi;Ya
MHS02814;Ya;SMA/SMK;SMA/SMK;Petani/Nelayan;Tidak Bekerja;1;3;Finansial;Tidak
MHS02815;Tidak;SMA/SMK;D3;Buruh/Pekerja Harian;Wiraswasta;1;4;Akademik;Ya
MHS02816;Ya;Tidak Sekolah;SD;Petani/Nelayan;Tidak Bekerja;0;2;Akademik;Tidak
MHS02817;Tidak;S1;S1;PNS/ASN;Karyawan Swasta;1;5;Adaptasi;Tidak
MHS02818;Ya;SD;SMP;Petani/Nelayan;Wiraswasta;0;3;Finansial;Tidak
MHS02819;Tidak;SMA/SMK;D3;Buruh/Pekerja Harian;Tidak Bekerja;1;4;Finansial;Tidak
MHS02820;Ya;SMP;SMA/SMK;Buruh/Pekerja Harian;Karyawan Swasta;0;3;Finansial;Ya
MHS02821;Tidak;SMA/SMK;S1;Petani/Nelayan;Tidak Bekerja;0;3;Finansial;Tidak
MHS02822;Ya;SMA/SMK;SMA/SMK;Wiraswasta;Tidak Bekerja;0;4;Finansial;Ya
MHS02823;Ya;SMA/SMK;SMA/SMK;Wiraswasta;Karyawan Swasta;0;2;Sosial;Tidak
MHS02824;Ya;SMP;SMA/SMK;Wiraswasta;Karyawan Swasta;0;3;Finansial;Ya
MHS02825;Tidak;S1;S1;Wiraswasta;Karyawan Swasta;1;5;Akademik;Tidak
MHS02826;Ya;SMP;SD;Buruh/Pekerja Harian;Tidak Bekerja;1;2;Akademik;Ya
MHS02827;Tidak;SMA/SMK;S1;Karyawan Swasta;Karyawan Swasta;0;3;Akademik;Ya
MHS02828;Ya;SMA/SMK;SD;TNI/Polri;Tidak Bekerja;0;4;Akademik;Ya
MHS02829;Tidak;S1;SMA/SMK;Karyawan Swasta;PNS/ASN;0;2;Sosial;Tidak
MHS02830;Tidak;SMA/SMK;S2;Buruh/Pekerja Harian;Profesional (dokter/guru/dll);0;2;Akademik;Tidak
MHS02831;Tidak;SMA/SMK;S1;Petani/Nelayan;PNS/ASN;1;4;Finansial;Tidak
MHS02832;Ya;SD;SD;Petani/Nelayan;Tidak Bekerja;1;1;Akademik;Ya
MHS02833;Ya;SMA/SMK;SD;Karyawan Swasta;Tidak Bekerja;0;4;Finansial;Tidak
MHS02834;Tidak;S1;SMA/SMK;PNS/ASN;Karyawan Swasta;1;4;Adaptasi;Tidak
MHS02835;Ya;SMP;SMP;Wiraswasta;Tidak Bekerja;0;2;Finansial;Ya
MHS02836;Tidak;D3;S1;PNS/ASN;Profesional (dokter/guru/dll);1;5;Sosial;Tidak
MHS02837;Tidak;S1;SMA/SMK;Karyawan Swasta;Tidak Bekerja;4;3;Adaptasi;Tidak
MHS02838;Tidak;SMA/SMK;S1;Karyawan Swasta;Karyawan Swasta;1;4;Finansial;Ya
MHS02839;Ya;SMA/SMK;SMA/SMK;Karyawan Swasta;Wiraswasta;0;3;Finansial;Tidak
MHS02840;Ya;SMA/SMK;SMA/SMK;TNI/Polri;PNS/ASN;0;4;Akademik;Tidak
MHS02841;Ya;SMP;SMA/SMK;Buruh/Pekerja Harian;Wiraswasta;0;5;Akademik;Tidak
MHS02842;Tidak;S1;S1;Wiraswasta;Profesional (dokter/guru/dll);1;4;Sosial;Ya
MHS02843;Ya;SD;SMP;Tidak Bekerja;Tidak Bekerja;1;3;Finansial;Ya
MHS02844;Tidak;S1;SMA/SMK;Buruh/Pekerja Harian;Buruh/Pekerja Harian;1;4;Adaptasi;Tidak
MHS02845;Ya;SMP;SMA/SMK;Wiraswasta;Tidak Bekerja;1;3;Sosial;Tidak
MHS02846;Ya;SMA/SMK;SMA/SMK;Wiraswasta;Tidak Bekerja;2;2;Finansial;Ya
MHS02847;Tidak;D3;SMA/SMK;Wiraswasta;Tidak Bekerja;2;3;Akademik;Tidak
MHS02848;Tidak;SMA/SMK;D3;Buruh/Pekerja Harian;Karyawan Swasta;0;2;Sosial;Ya
MHS02849;Ya;SMA/SMK;SMA/SMK;Profesional (dokter/guru/dll);Wiraswasta;1;2;Akademik;Ya
MHS02850;Tidak;D3;SMA/SMK;TNI/Polri;PNS/ASN;1;2;Sosial;Tidak
MHS02851;Tidak;D3;S1;Tidak Bekerja;PNS/ASN;0;3;Sosial;Tidak
MHS02852;Tidak;SMA/SMK;S1;Wiraswasta;Karyawan Swasta;0;3;Finansial;Tidak
MHS02853;Tidak;S1;D3;Karyawan Swasta;Profesional (dokter/guru/dll);1;5;Sosial;Ya
MHS02854;Tidak;S1;S2;Karyawan Swasta;Profesional (dokter/guru/dll);1;5;Akademik;Tidak
MHS02855;Ya;SMA/SMK;SMA/SMK;Karyawan Swasta;Wiraswasta;1;4;Finansial;Ya
MHS02856;Tidak;D3;S2;Karyawan Swasta;Profesional (dokter/guru/dll);1;3;Finansial;Tidak
MHS02857;Ya;SMP;SMP;Petani/Nelayan;Buruh/Pekerja Harian;0;4;Finansial;Ya
MHS02858;Tidak;D3;D3;Wiraswasta;Tidak Bekerja;1;4;Akademik;Tidak
MHS02859;Ya;SMP;SMA/SMK;Wiraswasta;Tidak Bekerja;1;2;Finansial;Ya
MHS02860;Tidak;SMA/SMK;D3;Karyawan Swasta;Karyawan Swasta;1;4;Finansial;Tidak
MHS02861;Tidak;S1;S1;PNS/ASN;Wiraswasta;1;4;Sosial;Tidak
MHS02862;Tidak;D3;SMA/SMK;Karyawan Swasta;Tidak Bekerja;1;3;Finansial;Tidak
MHS02863;Tidak;D3;S1;PNS/ASN;Wiraswasta;2;4;Akademik;Tidak
MHS02864;Tidak;D3;SMP;Karyawan Swasta;Wiraswasta;0;2;Akademik;Ya
MHS02865;Ya;SMA/SMK;SMP;Wiraswasta;Tidak Bekerja;0;1;Akademik;Ya
MHS02866;Tidak;D3;D3;Profesional (dokter/guru/dll);Karyawan Swasta;0;5;Akademik;Tidak
MHS02867;Ya;SMA/SMK;SD;Wiraswasta;Tidak Bekerja;0;3;Sosial;Tidak
MHS02868;Ya;SMA/SMK;SMA/SMK;PNS/ASN;Wiraswasta;1;4;Akademik;Tidak
MHS02869;Tidak;S1;S2;Karyawan Swasta;PNS/ASN;1;4;Akademik;Tidak
MHS02870;Tidak;S2;S1;Wiraswasta;Tidak Bekerja;3;4;Finansial;Tidak
MHS02871;Tidak;S1;SMA/SMK;Karyawan Swasta;Wiraswasta;0;4;Akademik;Tidak
MHS02872;Tidak;S2;SMA/SMK;TNI/Polri;Wiraswasta;1;4;Finansial;Tidak
MHS02873;Ya;SMP;SD;Wiraswasta;Tidak Bekerja;0;3;Akademik;Ya
MHS02874;Tidak;SMP;D3;PNS/ASN;Tidak Bekerja;0;3;Akademik;Tidak
MHS02875;Ya;SMA/SMK;SMA/SMK;Buruh/Pekerja Harian;Tidak Bekerja;0;5;Finansial;Tidak
MHS02876;Tidak;D3;S1;PNS/ASN;Wiraswasta;0;5;Sosial;Ya
MHS02877;Ya;SMA/SMK;SMP;Karyawan Swasta;Buruh/Pekerja Harian;0;3;Finansial;Ya
MHS02878;Tidak;D3;SMP;Karyawan Swasta;Tidak Bekerja;0;2;Finansial;Ya
MHS02879;Ya;SMP;SMA/SMK;Wiraswasta;Tidak Bekerja;2;2;Finansial;Tidak
MHS02880;Tidak;S1;SMA/SMK;Karyawan Swasta;Tidak Bekerja;1;4;Akademik;Ya
MHS02881;Ya;SMP;SD;Buruh/Pekerja Harian;Tidak Bekerja;0;3;Finansial;Ya
MHS02882;Ya;SD;SMA/SMK;Wiraswasta;Tidak Bekerja;0;3;Finansial;Tidak
MHS02883;Ya;SD;SMA/SMK;Buruh/Pekerja Harian;PNS/ASN;0;3;Finansial;Tidak
MHS02884;Ya;SMA/SMK;SD;Buruh/Pekerja Harian;Tidak Bekerja;1;1;Akademik;Ya
MHS02885;Tidak;S2;S1;PNS/ASN;Profesional (dokter/guru/dll);1;4;Akademik;Tidak
MHS02886;Tidak;SMA/SMK;S2;Karyawan Swasta;Tidak Bekerja;2;4;Adaptasi;Ya
MHS02887;Tidak;D3;SMP;Wiraswasta;Buruh/Pekerja Harian;2;4;Akademik;Tidak
MHS02888;Tidak;SMA/SMK;S1;Karyawan Swasta;Tidak Bekerja;0;4;Finansial;Ya
MHS02889;Ya;SMA/SMK;SMA/SMK;Wiraswasta;Karyawan Swasta;0;2;Finansial;Tidak
MHS02890;Tidak;S1;SMA/SMK;TNI/Polri;Wiraswasta;1;4;Adaptasi;Tidak
MHS02891;Tidak;S2;S1;PNS/ASN;Tidak Bekerja;0;4;Akademik;Tidak
MHS02892;Ya;SMA/SMK;SMP;Karyawan Swasta;Tidak Bekerja;1;3;Finansial;Tidak
MHS02893;Ya;SMP;SMP;Karyawan Swasta;Tidak Bekerja;0;3;Sosial;Ya
MHS02894;Ya;SMA/SMK;SMA/SMK;PNS/ASN;Karyawan Swasta;2;2;Finansial;Tidak
MHS02895;Ya;SMP;SMA/SMK;Wiraswasta;Wiraswasta;0;3;Akademik;Ya
MHS02896;Tidak;S1;SMA/SMK;Wiraswasta;Tidak Bekerja;0;4;Akademik;Tidak
MHS02897;Ya;SMP;SMP;Buruh/Pekerja Harian;Wiraswasta;1;3;Finansial;Ya
MHS02898;Ya;SMP;SMP;Petani/Nelayan;Wiraswasta;0;3;Finansial;Ya
MHS02899;Tidak;SMA/SMK;S1;Karyawan Swasta;Tidak Bekerja;0;4;Adaptasi;Tidak
MHS02900;Ya;SMP;SMA/SMK;Petani/Nelayan;Karyawan Swasta;0;3;Akademik;Tidak
MHS02901;Tidak;D3;SMA/SMK;Wiraswasta;Karyawan Swasta;1;4;Akademik;Tidak
MHS02902;Ya;SMA/SMK;SMA/SMK;Karyawan Swasta;Tidak Bekerja;0;4;Finansial;Tidak
MHS02903;Ya;SMP;SMA/SMK;Petani/Nelayan;PNS/ASN;1;2;Adaptasi;Tidak
MHS02904;Tidak;S1;D3;Wiraswasta;Karyawan Swasta;0;3;Adaptasi;Tidak
MHS02905;Ya;SMP;SMA/SMK;Wiraswasta;Tidak Bekerja;0;5;Finansial;Ya
MHS02906;Ya;SMP;SD;Wiraswasta;Tidak Bekerja;0;2;Finansial;Ya
MHS02907;Ya;SMP;SD;Buruh/Pekerja Harian;PNS/ASN;2;3;Adaptasi;Ya
MHS02908;Tidak;D3;D3;Karyawan Swasta;PNS/ASN;1;1;Akademik;Ya
MHS02909;Ya;SMA/SMK;SMP;TNI/Polri;Wiraswasta;0;5;Akademik;Tidak
MHS02910;Tidak;S1;S1;PNS/ASN;Wiraswasta;0;3;Adaptasi;Tidak
MHS02911;Ya;SMA/SMK;SMA/SMK;Karyawan Swasta;Wiraswasta;0;3;Akademik;Ya
MHS02912;Tidak;S1;S3;Wiraswasta;Profesional (dokter/guru/dll);0;5;Finansial;Tidak
MHS02913;Ya;SMA/SMK;SMP;Wiraswasta;PNS/ASN;0;3;Akademik;Tidak
MHS02914;Ya;SMA/SMK;SMA/SMK;Karyawan Swasta;Tidak Bekerja;2;3;Akademik;Ya
MHS02915;Tidak;D3;S2;Wiraswasta;Karyawan Swasta;1;4;Akademik;Tidak
MHS02916;Tidak;S1;SMP;Profesional (dokter/guru/dll);Karyawan Swasta;0;3;Adaptasi;Tidak
MHS02917;Ya;SMA/SMK;SMA/SMK;Wiraswasta;Wiraswasta;1;1;Akademik;Tidak
MHS02918;Ya;SMA/SMK;SMA/SMK;Karyawan Swasta;Tidak Bekerja;1;1;Finansial;Ya
MHS02919;Ya;SMA/SMK;SMA/SMK;Tidak Bekerja;Wiraswasta;1;2;Adaptasi;Ya
MHS02920;Tidak;S2;SMA/SMK;Karyawan Swasta;Karyawan Swasta;0;4;Sosial;Ya
MHS02921;Tidak;D3;S1;TNI/Polri;PNS/ASN;3;5;Sosial;Ya
MHS02922;Tidak;SMP;D3;Petani/Nelayan;Wiraswasta;1;1;Finansial;Ya
MHS02923;Tidak;SMA/SMK;S1;Wiraswasta;Buruh/Pekerja Harian;0;2;Finansial;Tidak
MHS02924;Tidak;D3;S1;Profesional (dokter/guru/dll);Tidak Bekerja;0;4;Sosial;Tidak
MHS02925;Tidak;S1;SMA/SMK;Profesional (dokter/guru/dll);PNS/ASN;0;4;Finansial;Ya
MHS02926;Tidak;S1;SMA/SMK;Wiraswasta;Tidak Bekerja;0;4;Adaptasi;Tidak
MHS02927;Tidak;S2;D3;Karyawan Swasta;Karyawan Swasta;1;4;Akademik;Tidak
MHS02928;Tidak;S1;SMA/SMK;Karyawan Swasta;Buruh/Pekerja Harian;0;4;Akademik;Tidak
MHS02929;Tidak;S2;SMA/SMK;PNS/ASN;Tidak Bekerja;0;5;Akademik;Tidak
MHS02930;Ya;SMA/SMK;SMA/SMK;Petani/Nelayan;Tidak Bekerja;2;4;Akademik;Ya
MHS02931;Tidak;S1;S1;Wiraswasta;Wiraswasta;1;4;Finansial;Tidak
MHS02932;Ya;SMA/SMK;SMA/SMK;Profesional (dokter/guru/dll);Buruh/Pekerja Harian;0;4;Sosial;Ya
MHS02933;Ya;SMP;SD;Petani/Nelayan;Buruh/Pekerja Harian;1;3;Finansial;Ya
MHS02934;Ya;SMA/SMK;SMA/SMK;TNI/Polri;Tidak Bekerja;1;2;Akademik;Tidak
MHS02935;Ya;SMA/SMK;SD;Wiraswasta;Buruh/Pekerja Harian;3;2;Finansial;Tidak
MHS02936;Tidak;SMA/SMK;S2;Wiraswasta;Tidak Bekerja;1;5;Akademik;Tidak
MHS02937;Tidak;SMA/SMK;S1;Buruh/Pekerja Harian;Tidak Bekerja;0;3;Akademik;Tidak
MHS02938;Ya;SMA/SMK;SMP;PNS/ASN;Tidak Bekerja;1;5;Akademik;Tidak
MHS02939;Tidak;SMA/SMK;S2;Petani/Nelayan;Tidak Bekerja;0;3;Finansial;Tidak
MHS02940;Tidak;S1;SMA/SMK;PNS/ASN;Wiraswasta;0;3;Akademik;Tidak
MHS02941;Tidak;S1;D3;Wiraswasta;Karyawan Swasta;1;3;Akademik;Ya
MHS02942;Tidak;D3;S1;Wiraswasta;Wiraswasta;1;2;Akademik;Tidak
MHS02943;Tidak;S1;S2;PNS/ASN;PNS/ASN;0;3;Akademik;Tidak
MHS02944;Tidak;SMA/SMK;S1;Karyawan Swasta;Profesional (dokter/guru/dll);0;4;Akademik;Ya
MHS02945;Ya;SMA/SMK;SMP;Petani/Nelayan;Tidak Bekerja;0;3;Finansial;Ya
MHS02946;Ya;SMP;Tidak Sekolah;Petani/Nelayan;Tidak Bekerja;0;4;Finansial;Tidak
MHS02947;Tidak;S1;S1;Wiraswasta;Tidak Bekerja;1;3;Akademik;Tidak
MHS02948;Tidak;SMP;S1;Petani/Nelayan;Profesional (dokter/guru/dll);1;2;Finansial;Tidak
MHS02949;Ya;SMA/SMK;SMA/SMK;Tidak Bekerja;Tidak Bekerja;0;4;Finansial;Ya
MHS02950;Ya;Tidak Sekolah;SMA/SMK;Petani/Nelayan;PNS/ASN;1;4;Finansial;Tidak
MHS02951;Ya;SMA/SMK;SMP;Buruh/Pekerja Harian;Karyawan Swasta;2;4;Finansial;Ya
MHS02952;Tidak;SMA/SMK;S1;Wiraswasta;Karyawan Swasta;0;4;Adaptasi;Tidak
MHS02953;Ya;SMP;SD;Karyawan Swasta;Wiraswasta;0;2;Finansial;Ya
MHS02954;Tidak;S1;S1;Wiraswasta;Tidak Bekerja;0;5;Sosial;Tidak
MHS02955;Ya;SMA/SMK;SMA/SMK;Petani/Nelayan;Tidak Bekerja;1;3;Sosial;Ya
MHS02956;Tidak;S1;S1;Buruh/Pekerja Harian;Karyawan Swasta;1;2;Sosial;Tidak
MHS02957;Tidak;D3;D3;Wiraswasta;Karyawan Swasta;0;3;Sosial;Tidak
MHS02958;Tidak;S1;S3;TNI/Polri;Profesional (dokter/guru/dll);1;3;Akademik;Tidak
MHS02959;Tidak;SMA/SMK;D3;PNS/ASN;Tidak Bekerja;0;4;Sosial;Tidak
MHS02960;Tidak;S1;S1;Tidak Bekerja;Wiraswasta;0;2;Akademik;Tidak
MHS02961;Tidak;S1;SMA/SMK;Wiraswasta;Buruh/Pekerja Harian;1;4;Akademik;Ya
MHS02962;Tidak;S1;SD;Karyawan Swasta;Tidak Bekerja;1;3;Adaptasi;Tidak
MHS02963;Ya;SMP;SMA/SMK;Wiraswasta;Buruh/Pekerja Harian;0;2;Akademik;Ya
MHS02964;Tidak;S1;SMA/SMK;Wiraswasta;Buruh/Pekerja Harian;0;3;Finansial;Tidak
MHS02965;Tidak;S1;SMA/SMK;PNS/ASN;Tidak Bekerja;0;3;Finansial;Ya
MHS02966;Ya;Tidak Sekolah;Tidak Sekolah;Buruh/Pekerja Harian;Buruh/Pekerja Harian;0;1;Finansial;Ya
MHS02967;Ya;SMA/SMK;SD;TNI/Polri;Tidak Bekerja;0;3;Adaptasi;Tidak
MHS02968;Ya;SD;Tidak Sekolah;Wiraswasta;Wiraswasta;0;2;Finansial;Tidak
MHS02969;Tidak;S1;SMP;Petani/Nelayan;Wiraswasta;0;2;Finansial;Tidak
MHS02970;Ya;SMP;SMA/SMK;Tidak Bekerja;Karyawan Swasta;1;4;Akademik;Tidak
MHS02971;Tidak;S1;S1;Wiraswasta;Tidak Bekerja;1;4;Akademik;Tidak
MHS02972;Tidak;S1;D3;Profesional (dokter/guru/dll);Wiraswasta;0;4;Akademik;Ya
MHS02973;Ya;SMP;SMP;Karyawan Swasta;Karyawan Swasta;1;3;Sosial;Tidak
MHS02974;Ya;SMP;SD;Buruh/Pekerja Harian;Tidak Bekerja;0;3;Sosial;Tidak
MHS02975;Ya;SMA/SMK;SMA/SMK;PNS/ASN;Tidak Bekerja;0;1;Akademik;Ya
MHS02976;Tidak;S1;S1;Petani/Nelayan;PNS/ASN;0;2;Sosial;Tidak
MHS02977;Tidak;S1;S1;Profesional (dokter/guru/dll);Wiraswasta;1;4;Adaptasi;Tidak
MHS02978;Ya;SD;SMP;Wiraswasta;Buruh/Pekerja Harian;0;1;Sosial;Ya
MHS02979;Tidak;S1;S1;Wiraswasta;Tidak Bekerja;2;4;Sosial;Ya
MHS02980;Tidak;S1;S1;Karyawan Swasta;Profesional (dokter/guru/dll);2;2;Adaptasi;Tidak
MHS02981;Ya;SMP;SMA/SMK;Buruh/Pekerja Harian;Wiraswasta;3;2;Akademik;Ya
MHS02982;Tidak;D3;SD;TNI/Polri;Wiraswasta;0;4;Finansial;Tidak
MHS02983;Tidak;S2;SMA/SMK;Profesional (dokter/guru/dll);Tidak Bekerja;0;5;Akademik;Tidak
MHS02984;Ya;SMA/SMK;SD;Profesional (dokter/guru/dll);Wiraswasta;0;3;Finansial;Ya
MHS02985;Tidak;S2;D3;Profesional (dokter/guru/dll);Buruh/Pekerja Harian;0;4;Sosial;Tidak
MHS02986;Tidak;D3;S1;Karyawan Swasta;Buruh/Pekerja Harian;1;2;Finansial;Tidak
MHS02987;Tidak;S1;SMA/SMK;Wiraswasta;Tidak Bekerja;0;5;Akademik;Ya
MHS02988;Tidak;S1;D3;Karyawan Swasta;Tidak Bekerja;0;4;Sosial;Tidak
MHS02989;Tidak;S1;SMA/SMK;TNI/Polri;Karyawan Swasta;1;4;Finansial;Tidak
MHS02990;Tidak;S1;S2;TNI/Polri;PNS/ASN;0;5;Adaptasi;Tidak
MHS02991;Tidak;D3;SMP;Karyawan Swasta;Tidak Bekerja;0;2;Finansial;Tidak
MHS02992;Tidak;SMA/SMK;S1;Karyawan Swasta;Buruh/Pekerja Harian;0;1;Adaptasi;Tidak
MHS02993;Tidak;SMA/SMK;D3;TNI/Polri;Tidak Bekerja;0;5;Akademik;Ya
MHS02994;Ya;SMP;SMA/SMK;Buruh/Pekerja Harian;Tidak Bekerja;0;3;Sosial;Tidak
MHS02995;Tidak;S1;S1;Profesional (dokter/guru/dll);PNS/ASN;0;3;Adaptasi;Tidak
MHS02996;Ya;SMP;SMA/SMK;Petani/Nelayan;Wiraswasta;0;3;Sosial;Ya
MHS02997;Ya;SMA/SMK;SD;Wiraswasta;Tidak Bekerja;0;4;Adaptasi;Tidak
MHS02998;Tidak;S1;S1;PNS/ASN;Wiraswasta;1;4;Finansial;Ya
MHS02999;Tidak;D3;SMP;Karyawan Swasta;Tidak Bekerja;0;3;Finansial;Tidak
MHS03000;Ya;SD;SD;Buruh/Pekerja Harian;Tidak Bekerja;0;2;Adaptasi;Tidak
MHS03001;Ya;SMA/SMK;SMP;Profesional (dokter/guru/dll);Tidak Bekerja;1;2;Akademik;Tidak
MHS03002;Ya;Tidak Sekolah;SMA/SMK;Petani/Nelayan;Karyawan Swasta;0;2;Finansial;Ya
MHS03003;Ya;Tidak Sekolah;SMA/SMK;Petani/Nelayan;Wiraswasta;0;3;Akademik;Ya
MHS03004;Tidak;S3;S1;Profesional (dokter/guru/dll);PNS/ASN;3;4;Adaptasi;Tidak
MHS03005;Ya;SMA/SMK;SMA/SMK;Buruh/Pekerja Harian;Wiraswasta;0;2;Akademik;Ya
MHS03006;Tidak;SMA/SMK;S2;TNI/Polri;Tidak Bekerja;0;2;Finansial;Ya
MHS03007;Tidak;D3;S2;Wiraswasta;Tidak Bekerja;0;4;Adaptasi;Tidak
MHS03008;Tidak;SMA/SMK;D3;Wiraswasta;Karyawan Swasta;0;3;Finansial;Tidak
MHS03009;Tidak;D3;SMA/SMK;PNS/ASN;Tidak Bekerja;0;4;Adaptasi;Tidak
MHS03010;Tidak;S3;S2;PNS/ASN;Profesional (dokter/guru/dll);2;5;Finansial;Tidak
MHS03011;Tidak;S1;D3;Karyawan Swasta;Profesional (dokter/guru/dll);1;3;Adaptasi;Tidak
MHS03012;Tidak;D3;S1;PNS/ASN;PNS/ASN;2;3;Finansial;Tidak
MHS03013;Ya;SMA/SMK;SMA/SMK;Wiraswasta;Wiraswasta;0;3;Akademik;Ya
MHS03014;Tidak;S1;SMA/SMK;Karyawan Swasta;Tidak Bekerja;0;3;Finansial;Tidak
MHS03015;Tidak;S1;S1;Wiraswasta;PNS/ASN;0;5;Sosial;Tidak
MHS03016;Tidak;S1;S1;TNI/Polri;Wiraswasta;0;2;Akademik;Tidak
MHS03017;Tidak;SMA/SMK;S1;Petani/Nelayan;Karyawan Swasta;1;5;Akademik;Tidak
MHS03018;Tidak;SMA/SMK;S2;TNI/Polri;Tidak Bekerja;0;5;Sosial;Tidak
MHS03019;Tidak;S1;S1;PNS/ASN;Wiraswasta;2;4;Akademik;Ya
MHS03020;Tidak;S1;S1;Karyawan Swasta;Karyawan Swasta;1;4;Akademik;Ya
MHS03021;Tidak;SD;S1;Buruh/Pekerja Harian;Tidak Bekerja;0;2;Finansial;Ya
MHS03022;Tidak;S1;S3;Wiraswasta;Karyawan Swasta;2;4;Sosial;Tidak
MHS03023;Ya;SD;SMA/SMK;Tidak Bekerja;Karyawan Swasta;0;4;Finansial;Tidak
MHS03024;Tidak;S1;S1;PNS/ASN;Wiraswasta;3;4;Adaptasi;Tidak
MHS03025;Tidak;S1;SMA/SMK;Karyawan Swasta;Wiraswasta;0;3;Akademik;Tidak
MHS03026;Tidak;SMA/SMK;S1;Karyawan Swasta;Profesional (dokter/guru/dll);1;4;Sosial;Tidak
MHS03027;Ya;SMA/SMK;SMA/SMK;TNI/Polri;Buruh/Pekerja Harian;0;4;Finansial;Ya
MHS03028;Tidak;D3;D3;Wiraswasta;PNS/ASN;0;2;Akademik;Tidak
MHS03029;Tidak;S1;SMA/SMK;Wiraswasta;Tidak Bekerja;0;3;Akademik;Tidak
MHS03030;Ya;SMP;Tidak Sekolah;Petani/Nelayan;Karyawan Swasta;0;2;Akademik;Ya
MHS03031;Ya;SMA/SMK;Tidak Sekolah;Buruh/Pekerja Harian;Tidak Bekerja;0;2;Finansial;Ya
MHS03032;Tidak;S1;SMA/SMK;PNS/ASN;Wiraswasta;1;5;Adaptasi;Tidak
MHS03033;Ya;SMA/SMK;SMP;Wiraswasta;Wiraswasta;0;2;Finansial;Tidak
MHS03034;Ya;SMA/SMK;SMA/SMK;Karyawan Swasta;Karyawan Swasta;0;4;Finansial;Tidak
MHS03035;Ya;SMA/SMK;SMA/SMK;Buruh/Pekerja Harian;Tidak Bekerja;0;3;Finansial;Ya
MHS03036;Tidak;D3;SMA/SMK;Karyawan Swasta;Tidak Bekerja;1;3;Sosial;Tidak
MHS03037;Tidak;D3;S2;PNS/ASN;Wiraswasta;0;3;Akademik;Tidak
MHS03038;Ya;SMA/SMK;SMA/SMK;Buruh/Pekerja Harian;Tidak Bekerja;0;3;Sosial;Tidak
MHS03039;Tidak;D3;D3;Petani/Nelayan;Tidak Bekerja;0;5;Finansial;Ya
MHS03040;Tidak;D3;Tidak Sekolah;Petani/Nelayan;Buruh/Pekerja Harian;1;2;Finansial;Ya
MHS03041;Tidak;D3;SMA/SMK;PNS/ASN;Tidak Bekerja;0;5;Akademik;Tidak
MHS03042;Tidak;S1;S2;Petani/Nelayan;Profesional (dokter/guru/dll);1;5;Adaptasi;Tidak
MHS03043;Ya;SMP;SMA/SMK;Tidak Bekerja;Tidak Bekerja;1;3;Finansial;Tidak
MHS03044;Tidak;S1;SMP;Wiraswasta;Tidak Bekerja;1;3;Akademik;Tidak
MHS03045;Tidak;S2;D3;PNS/ASN;Karyawan Swasta;1;2;Finansial;Tidak
MHS03046;Ya;SMP;SD;Petani/Nelayan;Buruh/Pekerja Harian;0;2;Finansial;Ya
MHS03047;Tidak;D3;SMA/SMK;Karyawan Swasta;Karyawan Swasta;0;2;Akademik;Ya
MHS03048;Tidak;D3;SMA/SMK;Karyawan Swasta;Karyawan Swasta;0;5;Akademik;Tidak
MHS03049;Tidak;SMA/SMK;S1;PNS/ASN;Karyawan Swasta;1;4;Akademik;Ya
MHS03050;Tidak;SMA/SMK;S1;Buruh/Pekerja Harian;PNS/ASN;1;3;Akademik;Tidak
MHS03051;Ya;SMP;SMA/SMK;Buruh/Pekerja Harian;Karyawan Swasta;3;4;Adaptasi;Ya
MHS03052;Tidak;SMA/SMK;D3;Wiraswasta;Wiraswasta;2;4;Akademik;Tidak
MHS03053;Tidak;SD;D3;Petani/Nelayan;Tidak Bekerja;1;2;Finansial;Ya
MHS03054;Ya;SMA/SMK;SMA/SMK;Karyawan Swasta;Buruh/Pekerja Harian;0;1;Adaptasi;Ya
MHS03055;Tidak;S1;S1;Karyawan Swasta;Wiraswasta;2;3;Sosial;Ya
MHS03056;Tidak;SMP;D3;Petani/Nelayan;PNS/ASN;0;4;Finansial;Ya
MHS03057;Tidak;D3;SD;Tidak Bekerja;Tidak Bekerja;0;3;Sosial;Tidak
MHS03058;Tidak;D3;S1;PNS/ASN;Karyawan Swasta;3;5;Akademik;Tidak
MHS03059;Ya;SD;SD;Buruh/Pekerja Harian;Wiraswasta;0;3;Akademik;Ya
MHS03060;Tidak;S1;S2;PNS/ASN;Wiraswasta;1;5;Adaptasi;Tidak
MHS03061;Tidak;S1;SMA/SMK;Karyawan Swasta;Wiraswasta;2;4;Adaptasi;Tidak
MHS03062;Ya;SMP;SMP;TNI/Polri;Buruh/Pekerja Harian;1;2;Akademik;Ya
MHS03063;Tidak;S1;S1;Karyawan Swasta;Karyawan Swasta;1;5;Akademik;Tidak
MHS03064;Tidak;SMA/SMK;D3;Buruh/Pekerja Harian;Tidak Bekerja;1;2;Finansial;Tidak
MHS03065;Ya;SD;SMP;Wiraswasta;Buruh/Pekerja Harian;1;2;Finansial;Ya
MHS03066;Ya;SD;SMA/SMK;Buruh/Pekerja Harian;Tidak Bekerja;0;3;Akademik;Tidak
MHS03067;Ya;SMA/SMK;SMA/SMK;TNI/Polri;Buruh/Pekerja Harian;0;4;Akademik;Ya
MHS03068;Ya;SMP;SMA/SMK;Karyawan Swasta;Tidak Bekerja;1;4;Akademik;Ya
MHS03069;Tidak;S1;SMP;Buruh/Pekerja Harian;Karyawan Swasta;0;3;Sosial;Ya
MHS03070;Tidak;S1;S3;Karyawan Swasta;Karyawan Swasta;2;4;Sosial;Tidak
MHS03071;Tidak;D3;S1;Wiraswasta;Karyawan Swasta;2;3;Finansial;Tidak
MHS03072;Ya;SMA/SMK;SMA/SMK;Karyawan Swasta;Tidak Bekerja;0;2;Akademik;Tidak
MHS03073;Tidak;SMP;S1;Wiraswasta;Wiraswasta;1;4;Adaptasi;Ya
MHS03074;Ya;SMP;Tidak Sekolah;Buruh/Pekerja Harian;Tidak Bekerja;0;3;Finansial;Ya
MHS03075;Tidak;SMP;S1;Buruh/Pekerja Harian;PNS/ASN;1;2;Akademik;Tidak
MHS03076;Ya;SMA/SMK;SMA/SMK;Buruh/Pekerja Harian;PNS/ASN;0;3;Sosial;Ya
MHS03077;Tidak;SMA/SMK;D3;Wiraswasta;Wiraswasta;1;3;Sosial;Tidak
MHS03078;Tidak;S1;S1;PNS/ASN;Wiraswasta;0;3;Adaptasi;Tidak
MHS03079;Ya;SMP;SMA/SMK;Petani/Nelayan;Profesional (dokter/guru/dll);0;3;Finansial;Tidak
MHS03080;Tidak;D3;S1;PNS/ASN;Tidak Bekerja;0;4;Adaptasi;Ya
MHS03081;Ya;SMA/SMK;SMA/SMK;Petani/Nelayan;Tidak Bekerja;0;4;Adaptasi;Ya
MHS03082;Tidak;S2;S1;PNS/ASN;Karyawan Swasta;1;4;Adaptasi;Ya
MHS03083;Ya;SMA/SMK;SMP;Karyawan Swasta;Tidak Bekerja;1;3;Finansial;Ya
MHS03084;Tidak;D3;SMA/SMK;Karyawan Swasta;Tidak Bekerja;0;2;Adaptasi;Tidak
MHS03085;Tidak;S1;S2;TNI/Polri;Profesional (dokter/guru/dll);0;4;Sosial;Tidak
MHS03086;Ya;SMA/SMK;SMP;Wiraswasta;Tidak Bekerja;0;4;Akademik;Tidak
MHS03087;Ya;SMA/SMK;SMP;Karyawan Swasta;Tidak Bekerja;1;4;Akademik;Ya
MHS03088;Ya;SMA/SMK;SMA/SMK;Tidak Bekerja;Tidak Bekerja;0;2;Finansial;Ya
MHS03089;Ya;Tidak Sekolah;SMP;Tidak Bekerja;Wiraswasta;0;1;Finansial;Tidak
MHS03090;Ya;Tidak Sekolah;SMA/SMK;Buruh/Pekerja Harian;Tidak Bekerja;0;2;Akademik;Ya
MHS03091;Tidak;SD;S1;Petani/Nelayan;Karyawan Swasta;1;3;Finansial;Tidak
MHS03092;Tidak;S1;SMA/SMK;Karyawan Swasta;PNS/ASN;0;4;Adaptasi;Tidak
MHS03093;Tidak;D3;SMA/SMK;Wiraswasta;Karyawan Swasta;0;4;Akademik;Ya
MHS03094;Ya;SMA/SMK;SMA/SMK;Karyawan Swasta;Tidak Bekerja;0;5;Sosial;Tidak
MHS03095;Ya;SMA/SMK;SMA/SMK;Karyawan Swasta;Buruh/Pekerja Harian;1;4;Finansial;Ya
MHS03096;Tidak;SD;S1;Buruh/Pekerja Harian;Profesional (dokter/guru/dll);1;5;Akademik;Tidak
MHS03097;Ya;SMA/SMK;SMA/SMK;Petani/Nelayan;Tidak Bekerja;0;2;Adaptasi;Tidak
MHS03098;Ya;SMA/SMK;Tidak Sekolah;Tidak Bekerja;Buruh/Pekerja Harian;0;2;Finansial;Ya
MHS03099;Ya;SD;SD;Tidak Bekerja;Tidak Bekerja;1;1;Finansial;Ya
MHS03100;Tidak;SMA/SMK;S1;TNI/Polri;Karyawan Swasta;1;5;Finansial;Tidak
MHS03101;Tidak;S1;SMA/SMK;Wiraswasta;PNS/ASN;0;2;Adaptasi;Tidak
MHS03102;Ya;SMP;SMA/SMK;Petani/Nelayan;Karyawan Swasta;0;4;Finansial;Ya
MHS03103;Tidak;S1;S1;Karyawan Swasta;Tidak Bekerja;1;3;Finansial;Tidak
MHS03104;Tidak;SMA/SMK;S1;PNS/ASN;Wiraswasta;0;4;Sosial;Ya
MHS03105;Tidak;S1;S2;TNI/Polri;Wiraswasta;0;3;Adaptasi;Tidak
MHS03106;Ya;SMA/SMK;SMA/SMK;Karyawan Swasta;Wiraswasta;1;2;Akademik;Tidak
MHS03107;Ya;SMP;SMP;Karyawan Swasta;Tidak Bekerja;1;3;Finansial;Tidak
MHS03108;Tidak;S1;S1;Profesional (dokter/guru/dll);Karyawan Swasta;1;5;Sosial;Tidak
MHS03109;Ya;SMP;SD;Buruh/Pekerja Harian;Tidak Bekerja;0;3;Finansial;Tidak
MHS03110;Ya;SD;SD;Buruh/Pekerja Harian;Tidak Bekerja;0;1;Akademik;Ya
MHS03111;Tidak;SMA/SMK;S1;Tidak Bekerja;Profesional (dokter/guru/dll);0;1;Akademik;Ya
MHS03112;Ya;SMA/SMK;SMA/SMK;Petani/Nelayan;Tidak Bekerja;0;5;Akademik;Tidak
MHS03113;Ya;SMP;SMA/SMK;Buruh/Pekerja Harian;Wiraswasta;0;1;Finansial;Ya
MHS03114;Ya;SMP;SMA/SMK;Buruh/Pekerja Harian;Buruh/Pekerja Harian;0;3;Adaptasi;Tidak
MHS03115;Tidak;D3;SMA/SMK;Wiraswasta;Karyawan Swasta;1;2;Adaptasi;Tidak
MHS03116;Ya;SMA/SMK;SMA/SMK;Buruh/Pekerja Harian;Wiraswasta;0;3;Finansial;Ya
MHS03117;Tidak;SMA/SMK;D3;Profesional (dokter/guru/dll);Wiraswasta;0;3;Akademik;Ya
MHS03118;Tidak;SMP;D3;Karyawan Swasta;Karyawan Swasta;0;3;Finansial;Ya
MHS03119;Ya;SMA/SMK;SD;Karyawan Swasta;Buruh/Pekerja Harian;0;3;Akademik;Tidak
MHS03120;Ya;SMA/SMK;SMA/SMK;Karyawan Swasta;Tidak Bekerja;1;4;Finansial;Ya
MHS03121;Ya;SMA/SMK;SMP;Karyawan Swasta;Tidak Bekerja;0;1;Finansial;Tidak
MHS03122;Ya;SMP;SMA/SMK;Karyawan Swasta;Karyawan Swasta;0;2;Finansial;Ya
MHS03123;Ya;Tidak Sekolah;Tidak Sekolah;Petani/Nelayan;Karyawan Swasta;0;2;Finansial;Tidak
MHS03124;Tidak;SD;S1;Petani/Nelayan;Tidak Bekerja;0;2;Adaptasi;Tidak
MHS03125;Tidak;D3;SMA/SMK;Profesional (dokter/guru/dll);Wiraswasta;1;4;Finansial;Tidak
MHS03126;Tidak;D3;SMP;PNS/ASN;Wiraswasta;1;5;Adaptasi;Tidak
MHS03127;Tidak;D3;SMA/SMK;Karyawan Swasta;Buruh/Pekerja Harian;0;3;Akademik;Tidak
MHS03128;Tidak;S3;S1;Wiraswasta;Profesional (dokter/guru/dll);1;5;Adaptasi;Tidak
MHS03129;Tidak;SMA/SMK;S1;PNS/ASN;Karyawan Swasta;1;3;Sosial;Tidak
MHS03130;Ya;SMA/SMK;SMP;Buruh/Pekerja Harian;Tidak Bekerja;0;3;Akademik;Tidak
MHS03131;Tidak;D3;SMA/SMK;Wiraswasta;PNS/ASN;1;3;Finansial;Tidak
MHS03132;Tidak;SMA/SMK;S1;Profesional (dokter/guru/dll);Karyawan Swasta;0;3;Akademik;Tidak
MHS03133;Tidak;S1;D3;Profesional (dokter/guru/dll);Karyawan Swasta;1;3;Sosial;Tidak
MHS03134;Tidak;S1;SMA/SMK;PNS/ASN;Buruh/Pekerja Harian;0;4;Finansial;Tidak
MHS03135;Ya;SMP;SD;Petani/Nelayan;Karyawan Swasta;0;1;Akademik;Tidak
MHS03136;Ya;SMA/SMK;SMA/SMK;Wiraswasta;Tidak Bekerja;1;3;Finansial;Ya
MHS03137;Tidak;S1;D3;Wiraswasta;Wiraswasta;2;4;Akademik;Ya
MHS03138;Tidak;SMA/SMK;S1;PNS/ASN;Wiraswasta;0;4;Sosial;Tidak
MHS03139;Tidak;SMP;D3;Tidak Bekerja;PNS/ASN;1;2;Finansial;Tidak
MHS03140;Ya;SMP;SMA/SMK;Wiraswasta;PNS/ASN;1;3;Akademik;Tidak
MHS03141;Tidak;S2;S1;Wiraswasta;PNS/ASN;1;5;Finansial;Tidak
MHS03142;Tidak;D3;D3;Profesional (dokter/guru/dll);Wiraswasta;1;3;Akademik;Tidak
MHS03143;Tidak;SMP;S1;Wiraswasta;Wiraswasta;0;4;Akademik;Tidak
MHS03144;Ya;SMP;SMA/SMK;Petani/Nelayan;Tidak Bekerja;1;3;Finansial;Tidak
MHS03145;Tidak;S1;SMP;TNI/Polri;Tidak Bekerja;0;4;Adaptasi;Tidak
MHS03146;Tidak;D3;SMA/SMK;Karyawan Swasta;Wiraswasta;2;1;Finansial;Ya
MHS03147;Tidak;S1;SMA/SMK;PNS/ASN;Karyawan Swasta;1;3;Finansial;Tidak
MHS03148;Ya;SMP;SMA/SMK;Tidak Bekerja;Wiraswasta;1;3;Finansial;Tidak
MHS03149;Ya;SMA/SMK;SMA/SMK;Karyawan Swasta;PNS/ASN;1;1;Finansial;Ya
MHS03150;Ya;SMA/SMK;SMP;Karyawan Swasta;Buruh/Pekerja Harian;1;2;Adaptasi;Ya
MHS03151;Ya;SMA/SMK;SMA/SMK;Petani/Nelayan;Buruh/Pekerja Harian;2;3;Finansial;Tidak
MHS03152;Tidak;SD;D3;Buruh/Pekerja Harian;Wiraswasta;1;3;Finansial;Tidak
MHS03153;Tidak;S1;SMA/SMK;Karyawan Swasta;Tidak Bekerja;3;4;Finansial;Ya
MHS03154;Ya;SMA/SMK;SMP;Karyawan Swasta;Buruh/Pekerja Harian;0;1;Finansial;Tidak
MHS03155;Tidak;SMA/SMK;D3;Karyawan Swasta;PNS/ASN;0;3;Adaptasi;Tidak
MHS03156;Tidak;S1;SMA/SMK;Karyawan Swasta;Wiraswasta;0;4;Akademik;Tidak
MHS03157;Ya;SMA/SMK;SMP;Wiraswasta;Tidak Bekerja;1;3;Finansial;Tidak
MHS03158;Tidak;S1;D3;Profesional (dokter/guru/dll);Karyawan Swasta;1;5;Akademik;Tidak
MHS03159;Ya;SMA/SMK;SMP;Petani/Nelayan;Buruh/Pekerja Harian;1;3;Sosial;Tidak
MHS03160;Ya;SMP;SMA/SMK;Wiraswasta;Wiraswasta;0;3;Sosial;Ya
MHS03161;Tidak;S2;S1;PNS/ASN;Karyawan Swasta;0;2;Adaptasi;Tidak
MHS03162;Tidak;S2;S3;Wiraswasta;Tidak Bekerja;1;5;Sosial;Tidak
MHS03163;Ya;SMA/SMK;SMP;Wiraswasta;Tidak Bekerja;0;3;Adaptasi;Tidak
MHS03164;Tidak;S1;D3;TNI/Polri;PNS/ASN;0;4;Adaptasi;Tidak
MHS03165;Ya;SMP;SMP;Karyawan Swasta;Wiraswasta;1;2;Akademik;Tidak
MHS03166;Tidak;D3;SMA/SMK;Wiraswasta;Tidak Bekerja;1;3;Akademik;Tidak
MHS03167;Tidak;S1;SD;Karyawan Swasta;Wiraswasta;0;4;Sosial;Tidak
MHS03168;Tidak;S3;S2;PNS/ASN;Profesional (dokter/guru/dll);0;4;Akademik;Tidak
MHS03169;Tidak;SMA/SMK;D3;Petani/Nelayan;Karyawan Swasta;1;3;Akademik;Tidak
MHS03170;Ya;SMA/SMK;SMA/SMK;Karyawan Swasta;PNS/ASN;0;4;Adaptasi;Tidak
MHS03171;Tidak;SMA/SMK;S1;Karyawan Swasta;Karyawan Swasta;0;4;Sosial;Tidak
MHS03172;Tidak;SMA/SMK;S1;Karyawan Swasta;Tidak Bekerja;0;5;Akademik;Tidak
MHS03173;Ya;SMP;SMA/SMK;Petani/Nelayan;PNS/ASN;0;2;Finansial;Ya
MHS03174;Tidak;SMA/SMK;D3;Wiraswasta;Karyawan Swasta;0;4;Adaptasi;Ya
MHS03175;Tidak;SMA/SMK;S1;Wiraswasta;Wiraswasta;0;3;Akademik;Tidak
MHS03176;Ya;SMA/SMK;SMA/SMK;Buruh/Pekerja Harian;Karyawan Swasta;0;3;Finansial;Tidak
MHS03177;Ya;SMA/SMK;SMA/SMK;Wiraswasta;Tidak Bekerja;1;3;Adaptasi;Tidak
MHS03178;Ya;SMA/SMK;SMA/SMK;Petani/Nelayan;Tidak Bekerja;0;1;Finansial;Tidak
MHS03179;Ya;Tidak Sekolah;SMA/SMK;Buruh/Pekerja Harian;Karyawan Swasta;0;4;Adaptasi;Ya
MHS03180;Tidak;SMA/SMK;D3;TNI/Polri;PNS/ASN;2;2;Sosial;Ya
MHS03181;Ya;SD;SD;Wiraswasta;Tidak Bekerja;0;1;Finansial;Tidak
MHS03182;Ya;SD;SMA/SMK;Tidak Bekerja;Karyawan Swasta;0;3;Finansial;Ya
MHS03183;Ya;SMA/SMK;SMA/SMK;Karyawan Swasta;Tidak Bekerja;1;3;Finansial;Ya
MHS03184;Tidak;SMA/SMK;D3;Karyawan Swasta;PNS/ASN;2;1;Akademik;Tidak
MHS03185;Tidak;S1;S1;Profesional (dokter/guru/dll);Karyawan Swasta;2;3;Akademik;Tidak
MHS03186;Tidak;S1;SMA/SMK;PNS/ASN;Buruh/Pekerja Harian;0;5;Adaptasi;Tidak
MHS03187;Tidak;SMA/SMK;S2;Buruh/Pekerja Harian;PNS/ASN;0;5;Akademik;Tidak
MHS03188;Ya;SMA/SMK;SMA/SMK;Karyawan Swasta;Profesional (dokter/guru/dll);0;2;Adaptasi;Ya
MHS03189;Tidak;D3;SMA/SMK;Buruh/Pekerja Harian;Wiraswasta;1;2;Akademik;Ya
MHS03190;Tidak;S1;S1;TNI/Polri;Tidak Bekerja;1;3;Adaptasi;Tidak
MHS03191;Tidak;SMA/SMK;S1;Wiraswasta;Tidak Bekerja;2;3;Adaptasi;Tidak
MHS03192;Tidak;S1;S1;Petani/Nelayan;Karyawan Swasta;0;5;Sosial;Tidak
MHS03193;Tidak;S2;D3;PNS/ASN;Buruh/Pekerja Harian;2;4;Akademik;Tidak
MHS03194;Tidak;D3;SMA/SMK;Wiraswasta;Tidak Bekerja;1;3;Sosial;Tidak
MHS03195;Ya;SMA/SMK;SMA/SMK;Tidak Bekerja;PNS/ASN;2;1;Finansial;Ya
MHS03196;Tidak;S1;SMA/SMK;TNI/Polri;Karyawan Swasta;0;4;Adaptasi;Tidak
MHS03197;Ya;SMA/SMK;SMA/SMK;Karyawan Swasta;Wiraswasta;0;1;Akademik;Tidak
MHS03198;Tidak;S1;SMA/SMK;PNS/ASN;Wiraswasta;0;4;Sosial;Tidak
MHS03199;Ya;SMP;SMA/SMK;Karyawan Swasta;Karyawan Swasta;0;2;Akademik;Tidak
MHS03200;Tidak;SMA/SMK;D3;Wiraswasta;PNS/ASN;0;4;Finansial;Tidak
MHS03201;Tidak;S1;D3;Karyawan Swasta;Buruh/Pekerja Harian;0;3;Finansial;Ya
MHS03202;Tidak;S1;Tidak Sekolah;Tidak Bekerja;Buruh/Pekerja Harian;0;3;Adaptasi;Tidak
MHS03203;Tidak;D3;SMA/SMK;Wiraswasta;Tidak Bekerja;0;4;Finansial;Tidak
MHS03204;Tidak;S1;SMA/SMK;Profesional (dokter/guru/dll);PNS/ASN;2;3;Adaptasi;Tidak
MHS03205;Ya;SMA/SMK;SMA/SMK;Petani/Nelayan;Buruh/Pekerja Harian;1;2;Finansial;Ya
MHS03206;Ya;SMP;SMP;Petani/Nelayan;Tidak Bekerja;1;2;Adaptasi;Tidak
MHS03207;Tidak;SMA/SMK;D3;Karyawan Swasta;Tidak Bekerja;2;4;Adaptasi;Ya
MHS03208;Tidak;S1;SMA/SMK;PNS/ASN;Buruh/Pekerja Harian;0;5;Akademik;Ya
MHS03209;Ya;SMA/SMK;SD;Petani/Nelayan;Tidak Bekerja;0;3;Finansial;Ya
MHS03210;Ya;SMA/SMK;SD;Wiraswasta;Tidak Bekerja;0;1;Akademik;Ya
MHS03211;Ya;SMA/SMK;SMA/SMK;Wiraswasta;Tidak Bekerja;0;2;Finansial;Ya
MHS03212;Tidak;S1;Tidak Sekolah;Wiraswasta;Tidak Bekerja;0;3;Finansial;Tidak
MHS03213;Tidak;S1;SMP;Profesional (dokter/guru/dll);Tidak Bekerja;1;3;Finansial;Tidak
MHS03214;Ya;SMP;SMP;Buruh/Pekerja Harian;Tidak Bekerja;0;4;Akademik;Tidak
MHS03215;Tidak;D3;S1;Karyawan Swasta;Karyawan Swasta;1;3;Akademik;Tidak
MHS03216;Ya;SMP;SMA/SMK;Petani/Nelayan;Wiraswasta;0;2;Finansial;Tidak
MHS03217;Tidak;S1;D3;Karyawan Swasta;Tidak Bekerja;2;4;Akademik;Tidak
MHS03218;Tidak;S1;S1;TNI/Polri;Karyawan Swasta;0;4;Akademik;Tidak
MHS03219;Tidak;S1;S2;Wiraswasta;Wiraswasta;0;5;Akademik;Ya
MHS03220;Ya;SMA/SMK;SMA/SMK;Buruh/Pekerja Harian;Buruh/Pekerja Harian;0;4;Akademik;Ya
MHS03221;Tidak;S1;SMA/SMK;PNS/ASN;Tidak Bekerja;1;4;Akademik;Tidak
MHS03222;Ya;SMP;SMA/SMK;TNI/Polri;Karyawan Swasta;0;4;Finansial;Ya
MHS03223;Ya;SMA/SMK;SMA/SMK;Tidak Bekerja;PNS/ASN;0;1;Finansial;Tidak
MHS03224;Ya;SMA/SMK;SMA/SMK;Tidak Bekerja;Karyawan Swasta;1;2;Finansial;Ya
MHS03225;Tidak;SMP;D3;TNI/Polri;Tidak Bekerja;0;2;Akademik;Ya
MHS03226;Ya;SMP;SMA/SMK;Buruh/Pekerja Harian;Wiraswasta;1;3;Akademik;Ya
MHS03227;Tidak;S1;SMA/SMK;Petani/Nelayan;Buruh/Pekerja Harian;0;4;Finansial;Ya
MHS03228;Tidak;S2;S1;PNS/ASN;Karyawan Swasta;2;4;Adaptasi;Tidak
MHS03229;Ya;SMA/SMK;SMA/SMK;Buruh/Pekerja Harian;Tidak Bekerja;0;2;Finansial;Ya
MHS03230;Tidak;S1;SMA/SMK;Profesional (dokter/guru/dll);Wiraswasta;0;3;Sosial;Tidak
MHS03231;Tidak;S1;S1;Karyawan Swasta;PNS/ASN;3;4;Adaptasi;Tidak
MHS03232;Ya;SMA/SMK;SMA/SMK;Karyawan Swasta;Tidak Bekerja;1;3;Adaptasi;Tidak
MHS03233;Tidak;S1;S2;Karyawan Swasta;Wiraswasta;1;3;Sosial;Tidak
MHS03234;Tidak;S2;SMA/SMK;Karyawan Swasta;Buruh/Pekerja Harian;1;4;Akademik;Tidak
MHS03235;Ya;SMA/SMK;SMA/SMK;Karyawan Swasta;Karyawan Swasta;0;5;Akademik;Ya
MHS03236;Tidak;S1;SMA/SMK;Wiraswasta;Tidak Bekerja;0;3;Finansial;Tidak
MHS03237;Tidak;SD;D3;Petani/Nelayan;PNS/ASN;0;5;Adaptasi;Ya
MHS03238;Tidak;D3;SMP;PNS/ASN;Buruh/Pekerja Harian;0;2;Akademik;Tidak
MHS03239;Tidak;SMA/SMK;D3;Wiraswasta;Karyawan Swasta;0;3;Adaptasi;Tidak
MHS03240;Tidak;S2;S1;Karyawan Swasta;Tidak Bekerja;0;4;Akademik;Tidak
MHS03241;Tidak;S1;S1;Karyawan Swasta;Karyawan Swasta;1;4;Akademik;Tidak
MHS03242;Tidak;S2;SD;Karyawan Swasta;Tidak Bekerja;0;2;Akademik;Tidak
MHS03243;Ya;SD;SMP;Petani/Nelayan;Buruh/Pekerja Harian;0;2;Finansial;Ya
MHS03244;Tidak;S1;S2;PNS/ASN;Wiraswasta;2;5;Finansial;Tidak
MHS03245;Tidak;SMA/SMK;S2;Buruh/Pekerja Harian;Karyawan Swasta;0;2;Sosial;Tidak
MHS03246;Ya;Tidak Sekolah;SD;Petani/Nelayan;Tidak Bekerja;0;2;Finansial;Tidak
MHS03247;Tidak;S1;SMP;PNS/ASN;Buruh/Pekerja Harian;0;2;Finansial;Tidak
MHS03248;Ya;SMP;SMA/SMK;Petani/Nelayan;Buruh/Pekerja Harian;0;2;Finansial;Tidak
MHS03249;Tidak;SMA/SMK;D3;Karyawan Swasta;Wiraswasta;0;2;Akademik;Ya
MHS03250;Ya;SMA/SMK;Tidak Sekolah;Karyawan Swasta;Wiraswasta;0;3;Finansial;Ya
MHS03251;Ya;SMP;SMA/SMK;Tidak Bekerja;Karyawan Swasta;0;3;Finansial;Tidak
MHS03252;Tidak;S1;S1;Karyawan Swasta;Profesional (dokter/guru/dll);2;3;Adaptasi;Ya
MHS03253;Ya;SD;SMP;Buruh/Pekerja Harian;Tidak Bekerja;1;2;Finansial;Tidak
MHS03254;Tidak;D3;SMA/SMK;Tidak Bekerja;Wiraswasta;0;2;Sosial;Tidak
MHS03255;Tidak;SD;D3;Buruh/Pekerja Harian;Karyawan Swasta;0;2;Finansial;Ya
MHS03256;Tidak;S1;SMA/SMK;PNS/ASN;PNS/ASN;1;3;Sosial;Tidak
MHS03257;Tidak;SMA/SMK;S1;Wiraswasta;Tidak Bekerja;2;3;Finansial;Ya
MHS03258;Ya;SMA/SMK;SMA/SMK;Karyawan Swasta;Tidak Bekerja;2;4;Finansial;Tidak
MHS03259;Ya;SMA/SMK;SMP;Profesional (dokter/guru/dll);Tidak Bekerja;1;2;Finansial;Tidak
MHS03260;Ya;SMP;SMP;Petani/Nelayan;Tidak Bekerja;0;1;Finansial;Ya
MHS03261;Tidak;S2;S1;PNS/ASN;Profesional (dokter/guru/dll);2;4;Akademik;Tidak
MHS03262;Tidak;S1;SMP;PNS/ASN;Buruh/Pekerja Harian;1;5;Adaptasi;Ya
MHS03263;Ya;Tidak Sekolah;SMA/SMK;Petani/Nelayan;Buruh/Pekerja Harian;0;4;Finansial;Ya
MHS03264;Tidak;D3;S3;Karyawan Swasta;Karyawan Swasta;3;4;Akademik;Tidak
MHS03265;Ya;SMA/SMK;SMA/SMK;Wiraswasta;Buruh/Pekerja Harian;0;5;Adaptasi;Ya
MHS03266;Ya;SMP;SMP;TNI/Polri;Tidak Bekerja;0;2;Adaptasi;Tidak
MHS03267;Ya;SMA/SMK;SMA/SMK;Petani/Nelayan;Tidak Bekerja;1;3;Finansial;Tidak
MHS03268;Ya;SMA/SMK;SMA/SMK;Buruh/Pekerja Harian;Tidak Bekerja;0;3;Finansial;Ya
MHS03269;Tidak;D3;SMA/SMK;Karyawan Swasta;Tidak Bekerja;2;1;Akademik;Tidak
MHS03270;Tidak;S1;S2;Wiraswasta;Profesional (dokter/guru/dll);1;4;Akademik;Tidak
MHS03271;Ya;SMA/SMK;SMA/SMK;TNI/Polri;Wiraswasta;1;4;Finansial;Tidak
MHS03272;Tidak;S1;SMA/SMK;Karyawan Swasta;Tidak Bekerja;1;4;Finansial;Tidak
MHS03273;Tidak;D3;SMA/SMK;Profesional (dokter/guru/dll);Tidak Bekerja;1;4;Sosial;Tidak
MHS03274;Tidak;S2;D3;PNS/ASN;Karyawan Swasta;0;4;Sosial;Tidak
MHS03275;Ya;SMA/SMK;SMA/SMK;TNI/Polri;Buruh/Pekerja Harian;0;3;Finansial;Tidak
MHS03276;Ya;SMP;SMA/SMK;Tidak Bekerja;Wiraswasta;0;3;Akademik;Tidak
MHS03277;Tidak;D3;S1;Wiraswasta;Karyawan Swasta;1;5;Akademik;Tidak
MHS03278;Tidak;S2;SMA/SMK;Karyawan Swasta;Wiraswasta;0;3;Akademik;Ya
MHS03279;Tidak;S2;S1;PNS/ASN;Wiraswasta;1;4;Akademik;Ya
MHS03280;Tidak;S1;S2;TNI/Polri;Tidak Bekerja;1;4;Akademik;Tidak
MHS03281;Tidak;D3;SMA/SMK;Wiraswasta;Wiraswasta;0;2;Finansial;Tidak
MHS03282;Ya;SMA/SMK;SD;Karyawan Swasta;Karyawan Swasta;1;4;Finansial;Tidak
MHS03283;Tidak;SD;S1;Buruh/Pekerja Harian;Karyawan Swasta;0;2;Finansial;Tidak
MHS03284;Tidak;S1;S1;TNI/Polri;Wiraswasta;1;5;Akademik;Tidak
MHS03285;Ya;SMA/SMK;SMA/SMK;Buruh/Pekerja Harian;Karyawan Swasta;2;3;Adaptasi;Tidak
MHS03286;Ya;SMA/SMK;SMP;Buruh/Pekerja Harian;Wiraswasta;0;3;Akademik;Ya
MHS03287;Ya;SMP;SMP;TNI/Polri;Wiraswasta;0;3;Adaptasi;Tidak
MHS03288;Ya;SMA/SMK;SMA/SMK;Karyawan Swasta;PNS/ASN;1;2;Finansial;Ya
MHS03289;Tidak;S1;S1;TNI/Polri;Tidak Bekerja;2;5;Akademik;Tidak
MHS03290;Ya;SMP;SMA/SMK;Buruh/Pekerja Harian;Tidak Bekerja;1;5;Finansial;Tidak
MHS03291;Tidak;S1;SMP;Buruh/Pekerja Harian;Tidak Bekerja;0;2;Finansial;Tidak
MHS03292;Ya;SMA/SMK;Tidak Sekolah;Karyawan Swasta;Tidak Bekerja;0;5;Sosial;Tidak
MHS03293;Tidak;SMA/SMK;S1;Wiraswasta;Buruh/Pekerja Harian;0;4;Adaptasi;Ya
MHS03294;Tidak;S1;SMP;Petani/Nelayan;Tidak Bekerja;0;4;Sosial;Ya
MHS03295;Ya;SMA/SMK;SMA/SMK;Petani/Nelayan;Wiraswasta;0;4;Akademik;Ya
MHS03296;Ya;SMA/SMK;SMA/SMK;Karyawan Swasta;Tidak Bekerja;0;4;Sosial;Ya
MHS03297;Tidak;SD;D3;Petani/Nelayan;Profesional (dokter/guru/dll);0;4;Akademik;Ya
MHS03298;Tidak;D3;Tidak Sekolah;Wiraswasta;Tidak Bekerja;0;5;Adaptasi;Tidak
MHS03299;Ya;SMA/SMK;SMA/SMK;Tidak Bekerja;Karyawan Swasta;0;2;Finansial;Ya
MHS03300;Tidak;SMA/SMK;S1;Wiraswasta;Karyawan Swasta;2;4;Adaptasi;Ya
MHS03301;Ya;SMP;SMA/SMK;Wiraswasta;Wiraswasta;0;4;Akademik;Ya
MHS03302;Tidak;S1;S1;Karyawan Swasta;Profesional (dokter/guru/dll);1;5;Adaptasi;Tidak
MHS03303;Tidak;S1;SMP;Karyawan Swasta;Wiraswasta;0;4;Akademik;Tidak
MHS03304;Ya;SMP;SMP;Petani/Nelayan;Karyawan Swasta;0;2;Finansial;Ya
MHS03305;Ya;SMA/SMK;SMP;Wiraswasta;Buruh/Pekerja Harian;1;2;Sosial;Ya
MHS03306;Ya;SMA/SMK;SMA/SMK;Profesional (dokter/guru/dll);Tidak Bekerja;1;2;Adaptasi;Tidak
MHS03307;Tidak;SMA/SMK;D3;Wiraswasta;Buruh/Pekerja Harian;1;2;Akademik;Tidak
MHS03308;Tidak;S2;SMP;Wiraswasta;Buruh/Pekerja Harian;0;4;Adaptasi;Ya
MHS03309;Tidak;S1;SMA/SMK;Karyawan Swasta;Tidak Bekerja;0;3;Akademik;Tidak
MHS03310;Tidak;SMA/SMK;S1;Buruh/Pekerja Harian;Profesional (dokter/guru/dll);1;5;Finansial;Ya
MHS03311;Ya;SMP;SMA/SMK;Wiraswasta;Tidak Bekerja;0;1;Finansial;Ya
MHS03312;Ya;SMP;SD;Karyawan Swasta;Buruh/Pekerja Harian;0;1;Akademik;Ya
MHS03313;Tidak;S3;S2;PNS/ASN;Profesional (dokter/guru/dll);2;5;Adaptasi;Tidak
MHS03314;Tidak;D3;S1;Buruh/Pekerja Harian;Karyawan Swasta;1;4;Finansial;Tidak
MHS03315;Tidak;SMA/SMK;D3;Wiraswasta;Wiraswasta;2;2;Akademik;Tidak
MHS03316;Tidak;S2;S1;Karyawan Swasta;Profesional (dokter/guru/dll);1;3;Akademik;Tidak
MHS03317;Ya;SMA/SMK;SMP;Wiraswasta;Wiraswasta;0;1;Finansial;Tidak
MHS03318;Ya;SMA/SMK;SMA/SMK;Karyawan Swasta;Tidak Bekerja;0;2;Finansial;Ya
MHS03319;Tidak;S1;SMA/SMK;PNS/ASN;Profesional (dokter/guru/dll);2;3;Sosial;Tidak
MHS03320;Tidak;SMA/SMK;D3;Karyawan Swasta;Wiraswasta;0;3;Adaptasi;Tidak
MHS03321;Tidak;SMA/SMK;S1;Wiraswasta;Tidak Bekerja;1;5;Adaptasi;Tidak
MHS03322;Ya;SMA/SMK;SMA/SMK;Buruh/Pekerja Harian;Buruh/Pekerja Harian;0;3;Finansial;Ya
MHS03323;Ya;SD;SMP;Petani/Nelayan;Tidak Bekerja;0;2;Finansial;Ya
MHS03324;Tidak;S1;D3;Profesional (dokter/guru/dll);Tidak Bekerja;1;3;Sosial;Tidak
MHS03325;Ya;SMA/SMK;SMA/SMK;Petani/Nelayan;Tidak Bekerja;1;4;Finansial;Tidak
MHS03326;Tidak;S1;S1;Wiraswasta;PNS/ASN;2;4;Akademik;Tidak
MHS03327;Tidak;SMA/SMK;S1;Karyawan Swasta;Wiraswasta;1;3;Finansial;Ya
MHS03328;Tidak;D3;SMA/SMK;Karyawan Swasta;Tidak Bekerja;1;4;Finansial;Ya
MHS03329;Tidak;S1;D3;Profesional (dokter/guru/dll);Karyawan Swasta;0;5;Akademik;Tidak
MHS03330;Tidak;S1;S1;Wiraswasta;PNS/ASN;3;4;Finansial;Tidak
MHS03331;Tidak;SMP;S2;TNI/Polri;Wiraswasta;0;3;Adaptasi;Tidak
MHS03332;Ya;SMP;SMP;TNI/Polri;Karyawan Swasta;0;2;Finansial;Tidak
MHS03333;Tidak;S2;S1;PNS/ASN;Profesional (dokter/guru/dll);1;5;Finansial;Tidak
MHS03334;Ya;SD;SMA/SMK;Petani/Nelayan;Karyawan Swasta;1;1;Akademik;Ya
MHS03335;Tidak;S2;SD;Profesional (dokter/guru/dll);Tidak Bekerja;1;3;Sosial;Ya
MHS03336;Tidak;SMA/SMK;D3;Wiraswasta;PNS/ASN;1;3;Sosial;Tidak
MHS03337;Ya;SMA/SMK;SD;Petani/Nelayan;Tidak Bekerja;0;3;Akademik;Tidak
MHS03338;Ya;SMP;SMA/SMK;Karyawan Swasta;Karyawan Swasta;1;2;Akademik;Ya
MHS03339;Ya;SMA/SMK;SMA/SMK;Karyawan Swasta;Wiraswasta;0;4;Akademik;Ya
MHS03340;Ya;SMP;SMP;Wiraswasta;Karyawan Swasta;0;3;Finansial;Tidak
MHS03341;Ya;SMP;SD;Petani/Nelayan;Karyawan Swasta;0;3;Akademik;Tidak
MHS03342;Ya;SMA/SMK;SMA/SMK;TNI/Polri;Wiraswasta;1;4;Akademik;Tidak
MHS03343;Ya;Tidak Sekolah;SD;Tidak Bekerja;Buruh/Pekerja Harian;0;2;Finansial;Ya
MHS03344;Ya;SMA/SMK;SMA/SMK;Buruh/Pekerja Harian;Tidak Bekerja;0;2;Akademik;Ya
MHS03345;Tidak;S1;D3;Wiraswasta;Profesional (dokter/guru/dll);1;4;Akademik;Tidak
MHS03346;Tidak;SMA/SMK;D3;Buruh/Pekerja Harian;Wiraswasta;1;1;Finansial;Tidak
MHS03347;Tidak;S1;S1;Profesional (dokter/guru/dll);Tidak Bekerja;3;4;Finansial;Tidak
MHS03348;Tidak;SMA/SMK;S1;Wiraswasta;Tidak Bekerja;0;3;Finansial;Ya
MHS03349;Tidak;S1;SMA/SMK;Karyawan Swasta;Tidak Bekerja;1;4;Sosial;Tidak
MHS03350;Tidak;SMA/SMK;S1;PNS/ASN;Wiraswasta;1;2;Akademik;Tidak
MHS03351;Tidak;S2;S1;Karyawan Swasta;Karyawan Swasta;0;3;Finansial;Tidak
MHS03352;Tidak;SMA/SMK;D3;Petani/Nelayan;PNS/ASN;2;3;Sosial;Tidak
MHS03353;Ya;SD;Tidak Sekolah;Petani/Nelayan;Tidak Bekerja;0;3;Finansial;Ya
MHS03354;Ya;SMA/SMK;SMA/SMK;Buruh/Pekerja Harian;Karyawan Swasta;0;1;Akademik;Ya
MHS03355;Tidak;SMA/SMK;S1;Tidak Bekerja;Karyawan Swasta;1;2;Finansial;Tidak
MHS03356;Tidak;S2;SMA/SMK;Profesional (dokter/guru/dll);Wiraswasta;0;3;Akademik;Tidak
MHS03357;Tidak;S1;D3;PNS/ASN;Wiraswasta;1;5;Sosial;Tidak
MHS03358;Tidak;SMA/SMK;S2;Wiraswasta;Wiraswasta;1;4;Akademik;Ya
MHS03359;Tidak;S1;SMA/SMK;Karyawan Swasta;Tidak Bekerja;2;4;Adaptasi;Ya
MHS03360;Tidak;SMA/SMK;S1;PNS/ASN;PNS/ASN;3;4;Adaptasi;Ya
MHS03361;Ya;Tidak Sekolah;SD;Petani/Nelayan;Tidak Bekerja;0;2;Finansial;Tidak
MHS03362;Ya;SMA/SMK;SMP;Petani/Nelayan;Karyawan Swasta;0;3;Akademik;Ya
MHS03363;Ya;SMP;SD;Petani/Nelayan;Tidak Bekerja;0;1;Finansial;Ya
MHS03364;Tidak;SMA/SMK;S1;Karyawan Swasta;Profesional (dokter/guru/dll);3;5;Akademik;Tidak
MHS03365;Tidak;S1;D3;Wiraswasta;Tidak Bekerja;0;3;Adaptasi;Tidak
MHS03366;Tidak;S1;SMA/SMK;Wiraswasta;Tidak Bekerja;0;5;Finansial;Ya
MHS03367;Tidak;S1;D3;TNI/Polri;Profesional (dokter/guru/dll);0;5;Sosial;Ya
MHS03368;Ya;SMA/SMK;SMA/SMK;Buruh/Pekerja Harian;Tidak Bekerja;0;2;Finansial;Ya
MHS03369;Tidak;SMA/SMK;D3;Wiraswasta;Wiraswasta;0;5;Adaptasi;Ya
MHS03370;Tidak;SMA/SMK;S1;Karyawan Swasta;Wiraswasta;1;3;Adaptasi;Tidak
MHS03371;Tidak;S1;SMP;Karyawan Swasta;Wiraswasta;0;3;Akademik;Tidak
MHS03372;Ya;SMA/SMK;SMP;Buruh/Pekerja Harian;Buruh/Pekerja Harian;0;4;Finansial;Ya
MHS03373;Tidak;S1;Tidak Sekolah;Wiraswasta;Karyawan Swasta;0;3;Finansial;Tidak
MHS03374;Ya;Tidak Sekolah;SMA/SMK;Petani/Nelayan;Tidak Bekerja;1;1;Finansial;Ya
MHS03375;Tidak;S1;SMA/SMK;Karyawan Swasta;Tidak Bekerja;0;2;Finansial;Ya
MHS03376;Tidak;S1;SMP;Karyawan Swasta;PNS/ASN;1;4;Finansial;Tidak
MHS03377;Ya;SMA/SMK;SMA/SMK;Wiraswasta;Buruh/Pekerja Harian;0;5;Akademik;Tidak
MHS03378;Tidak;S1;S1;Wiraswasta;PNS/ASN;2;2;Akademik;Ya
MHS03379;Tidak;S2;SMP;PNS/ASN;Tidak Bekerja;2;5;Finansial;Tidak
MHS03380;Ya;SMA/SMK;SMA/SMK;Wiraswasta;PNS/ASN;2;3;Akademik;Ya
MHS03381;Ya;SD;SMA/SMK;Wiraswasta;Tidak Bekerja;0;3;Finansial;Ya
MHS03382;Tidak;SD;S1;Buruh/Pekerja Harian;Wiraswasta;0;3;Sosial;Tidak
MHS03383;Tidak;SMA/SMK;D3;Karyawan Swasta;PNS/ASN;1;3;Finansial;Tidak
MHS03384;Tidak;S1;SMA/SMK;Karyawan Swasta;Wiraswasta;0;5;Akademik;Tidak
MHS03385;Tidak;SMA/SMK;S1;PNS/ASN;Profesional (dokter/guru/dll);0;5;Sosial;Tidak
MHS03386;Ya;SD;SMP;Buruh/Pekerja Harian;Wiraswasta;0;2;Finansial;Tidak
MHS03387;Tidak;S1;SMA/SMK;TNI/Polri;PNS/ASN;3;3;Akademik;Tidak
MHS03388;Tidak;S1;SMP;Profesional (dokter/guru/dll);Buruh/Pekerja Harian;1;4;Akademik;Ya
MHS03389;Tidak;SMA/SMK;S1;TNI/Polri;PNS/ASN;0;3;Finansial;Ya
MHS03390;Tidak;S1;SMA/SMK;PNS/ASN;Buruh/Pekerja Harian;0;4;Sosial;Ya
MHS03391;Tidak;S1;S1;Wiraswasta;Karyawan Swasta;1;4;Adaptasi;Tidak
MHS03392;Ya;SMA/SMK;SMP;Karyawan Swasta;Tidak Bekerja;0;4;Akademik;Ya
MHS03393;Tidak;S1;S1;Karyawan Swasta;Wiraswasta;1;5;Finansial;Ya
MHS03394;Tidak;SMA/SMK;S2;Karyawan Swasta;Profesional (dokter/guru/dll);2;3;Finansial;Tidak
MHS03395;Ya;SMP;SMP;Wiraswasta;Tidak Bekerja;0;2;Akademik;Tidak
MHS03396;Tidak;S1;S1;Petani/Nelayan;Karyawan Swasta;0;4;Finansial;Tidak
MHS03397;Ya;SMA/SMK;SMP;Wiraswasta;PNS/ASN;0;5;Akademik;Ya
MHS03398;Tidak;S1;S2;Karyawan Swasta;Profesional (dokter/guru/dll);0;4;Adaptasi;Tidak
MHS03399;Tidak;S1;SMA/SMK;Wiraswasta;Tidak Bekerja;0;3;Adaptasi;Tidak
MHS03400;Ya;SMA/SMK;SMA/SMK;Karyawan Swasta;Karyawan Swasta;0;4;Adaptasi;Tidak
MHS03401;Tidak;SMA/SMK;S1;Karyawan Swasta;PNS/ASN;2;3;Akademik;Tidak
MHS03402;Ya;SMA/SMK;SD;TNI/Polri;Tidak Bekerja;0;3;Finansial;Ya
MHS03403;Ya;SMA/SMK;SD;Buruh/Pekerja Harian;Tidak Bekerja;1;4;Akademik;Tidak
MHS03404;Ya;SMA/SMK;SMP;Buruh/Pekerja Harian;Tidak Bekerja;0;4;Finansial;Tidak
MHS03405;Tidak;SMA/SMK;D3;Wiraswasta;Wiraswasta;0;2;Finansial;Ya
MHS03406;Tidak;S1;S1;Petani/Nelayan;Tidak Bekerja;2;3;Finansial;Ya
MHS03407;Tidak;S2;SMA/SMK;Karyawan Swasta;Tidak Bekerja;1;3;Akademik;Tidak
MHS03408;Ya;SD;SMA/SMK;Buruh/Pekerja Harian;Tidak Bekerja;2;2;Finansial;Ya
MHS03409;Tidak;Tidak Sekolah;D3;Tidak Bekerja;PNS/ASN;0;2;Finansial;Ya
MHS03410;Tidak;SMA/SMK;S1;PNS/ASN;Tidak Bekerja;2;3;Adaptasi;Ya
MHS03411;Tidak;S1;Tidak Sekolah;Wiraswasta;Tidak Bekerja;1;3;Akademik;Ya
MHS03412;Tidak;D3;D3;Karyawan Swasta;Karyawan Swasta;1;1;Akademik;Tidak
MHS03413;Ya;SMP;SMP;Buruh/Pekerja Harian;Wiraswasta;2;1;Adaptasi;Tidak
MHS03414;Tidak;D3;S1;Karyawan Swasta;PNS/ASN;1;3;Adaptasi;Tidak
MHS03415;Ya;SMA/SMK;SMA/SMK;PNS/ASN;Tidak Bekerja;2;4;Sosial;Ya
MHS03416;Tidak;D3;SMA/SMK;Karyawan Swasta;Wiraswasta;0;3;Finansial;Tidak
MHS03417;Tidak;SMA/SMK;S1;TNI/Polri;PNS/ASN;0;3;Sosial;Tidak
MHS03418;Ya;SMA/SMK;SD;Buruh/Pekerja Harian;Buruh/Pekerja Harian;1;3;Finansial;Ya
MHS03419;Ya;SMA/SMK;SMA/SMK;Karyawan Swasta;Karyawan Swasta;0;4;Akademik;Tidak
MHS03420;Tidak;S1;S1;PNS/ASN;Karyawan Swasta;3;3;Akademik;Tidak
MHS03421;Tidak;SMP;S1;Petani/Nelayan;Karyawan Swasta;2;2;Akademik;Ya
MHS03422;Ya;SMP;SMA/SMK;Karyawan Swasta;Karyawan Swasta;0;3;Finansial;Tidak
MHS03423;Tidak;S1;SMA/SMK;Petani/Nelayan;Karyawan Swasta;0;5;Akademik;Tidak
MHS03424;Tidak;S1;S2;Buruh/Pekerja Harian;Tidak Bekerja;2;4;Adaptasi;Ya
MHS03425;Tidak;SMA/SMK;S1;Profesional (dokter/guru/dll);Karyawan Swasta;0;5;Adaptasi;Tidak
MHS03426;Tidak;SMA/SMK;S1;Petani/Nelayan;Karyawan Swasta;0;4;Adaptasi;Tidak
MHS03427;Ya;Tidak Sekolah;SD;Wiraswasta;Buruh/Pekerja Harian;0;1;Finansial;Tidak
MHS03428;Tidak;S2;S1;TNI/Polri;Wiraswasta;1;4;Akademik;Tidak
MHS03429;Tidak;D3;SMP;Wiraswasta;Tidak Bekerja;1;3;Finansial;Tidak
MHS03430;Ya;SMP;SMA/SMK;Petani/Nelayan;Karyawan Swasta;0;4;Adaptasi;Tidak
MHS03431;Ya;Tidak Sekolah;SMA/SMK;Buruh/Pekerja Harian;Tidak Bekerja;0;2;Finansial;Tidak
MHS03432;Tidak;S1;SMA/SMK;TNI/Polri;Wiraswasta;0;4;Finansial;Tidak
MHS03433;Ya;SMA/SMK;SMP;Petani/Nelayan;Buruh/Pekerja Harian;1;4;Sosial;Ya
MHS03434;Ya;Tidak Sekolah;Tidak Sekolah;Buruh/Pekerja Harian;Wiraswasta;0;1;Finansial;Ya
MHS03435;Tidak;SMA/SMK;S1;Wiraswasta;Profesional (dokter/guru/dll);2;5;Sosial;Tidak
MHS03436;Ya;SMA/SMK;SMP;Petani/Nelayan;Tidak Bekerja;0;3;Finansial;Ya
MHS03437;Ya;Tidak Sekolah;SMP;Petani/Nelayan;Tidak Bekerja;0;1;Finansial;Ya
MHS03438;Ya;SMA/SMK;SMA/SMK;Karyawan Swasta;PNS/ASN;1;4;Akademik;Tidak
MHS03439;Ya;SMA/SMK;SMP;Buruh/Pekerja Harian;Tidak Bekerja;0;4;Adaptasi;Ya
MHS03440;Ya;SMA/SMK;SMP;Buruh/Pekerja Harian;Tidak Bekerja;0;4;Akademik;Ya
MHS03441;Ya;SD;Tidak Sekolah;Petani/Nelayan;Tidak Bekerja;0;3;Finansial;Tidak
MHS03442;Ya;SMA/SMK;SMA/SMK;PNS/ASN;Tidak Bekerja;1;2;Akademik;Tidak
MHS03443;Tidak;S1;D3;Profesional (dokter/guru/dll);Wiraswasta;2;4;Akademik;Tidak
MHS03444;Tidak;S1;S3;Karyawan Swasta;PNS/ASN;0;5;Akademik;Tidak
MHS03445;Ya;SMA/SMK;SMA/SMK;Tidak Bekerja;Wiraswasta;1;3;Finansial;Ya
MHS03446;Ya;SD;SMA/SMK;Buruh/Pekerja Harian;PNS/ASN;0;3;Adaptasi;Ya
MHS03447;Tidak;S2;S1;Karyawan Swasta;Tidak Bekerja;0;5;Sosial;Tidak
MHS03448;Tidak;S1;SMA/SMK;Profesional (dokter/guru/dll);Wiraswasta;1;5;Akademik;Ya
MHS03449;Ya;SMP;SMA/SMK;Wiraswasta;PNS/ASN;1;4;Finansial;Tidak
MHS03450;Ya;SD;SMA/SMK;Petani/Nelayan;Buruh/Pekerja Harian;1;2;Finansial;Ya
MHS03451;Tidak;D3;SMA/SMK;Buruh/Pekerja Harian;Tidak Bekerja;0;3;Sosial;Ya
MHS03452;Tidak;S1;S1;PNS/ASN;Profesional (dokter/guru/dll);3;4;Akademik;Tidak
MHS03453;Tidak;D3;SMA/SMK;Karyawan Swasta;Wiraswasta;1;3;Akademik;Tidak
MHS03454;Tidak;S3;SMP;Profesional (dokter/guru/dll);Tidak Bekerja;0;3;Sosial;Tidak
MHS03455;Ya;SMA/SMK;SMA/SMK;Karyawan Swasta;Buruh/Pekerja Harian;0;3;Finansial;Ya
MHS03456;Ya;SMP;SMP;Buruh/Pekerja Harian;Tidak Bekerja;0;2;Finansial;Ya
MHS03457;Tidak;S2;SMA/SMK;TNI/Polri;Tidak Bekerja;2;3;Sosial;Tidak
MHS03458;Tidak;SMA/SMK;S2;Petani/Nelayan;Wiraswasta;0;5;Adaptasi;Tidak
MHS03459;Ya;SMA/SMK;SMP;Wiraswasta;Tidak Bekerja;0;4;Finansial;Ya
MHS03460;Tidak;SD;D3;Buruh/Pekerja Harian;Wiraswasta;0;3;Akademik;Tidak
MHS03461;Tidak;D3;D3;Tidak Bekerja;PNS/ASN;0;3;Akademik;Ya
MHS03462;Tidak;S2;S2;Karyawan Swasta;PNS/ASN;0;4;Sosial;Tidak
MHS03463;Ya;SMP;SMP;Buruh/Pekerja Harian;Tidak Bekerja;0;4;Akademik;Ya
MHS03464;Tidak;S1;S1;Profesional (dokter/guru/dll);Tidak Bekerja;0;5;Akademik;Tidak
MHS03465;Ya;SD;SD;Buruh/Pekerja Harian;Tidak Bekerja;0;1;Akademik;Tidak
MHS03466;Tidak;S1;SMA/SMK;PNS/ASN;Wiraswasta;1;5;Sosial;Tidak
MHS03467;Ya;Tidak Sekolah;Tidak Sekolah;Petani/Nelayan;Tidak Bekerja;0;5;Finansial;Ya
MHS03468;Tidak;S2;SMA/SMK;PNS/ASN;Buruh/Pekerja Harian;1;4;Sosial;Tidak
MHS03469;Ya;SMP;SMA/SMK;Wiraswasta;Wiraswasta;1;3;Sosial;Tidak
MHS03470;Tidak;S1;S2;Karyawan Swasta;Karyawan Swasta;0;3;Adaptasi;Tidak
MHS03471;Tidak;S1;S1;Profesional (dokter/guru/dll);PNS/ASN;0;5;Akademik;Tidak
MHS03472;Ya;SMA/SMK;SMA/SMK;Buruh/Pekerja Harian;Tidak Bekerja;2;3;Finansial;Ya
MHS03473;Ya;SMA/SMK;SMA/SMK;Buruh/Pekerja Harian;Buruh/Pekerja Harian;0;5;Finansial;Ya
MHS03474;Tidak;S1;SMA/SMK;Petani/Nelayan;Profesional (dokter/guru/dll);1;2;Akademik;Tidak
MHS03475;Tidak;D3;SMA/SMK;Wiraswasta;Tidak Bekerja;2;4;Sosial;Tidak
MHS03476;Ya;SMP;SMP;Profesional (dokter/guru/dll);Tidak Bekerja;0;5;Adaptasi;Ya
MHS03477;Tidak;SMA/SMK;S1;Profesional (dokter/guru/dll);PNS/ASN;1;3;Sosial;Tidak
MHS03478;Tidak;S2;S1;Wiraswasta;Karyawan Swasta;1;3;Akademik;Tidak
MHS03479;Ya;SD;SMA/SMK;Buruh/Pekerja Harian;Tidak Bekerja;0;2;Finansial;Tidak
MHS03480;Ya;SMA/SMK;SD;Karyawan Swasta;Wiraswasta;0;2;Finansial;Ya
MHS03481;Ya;SMA/SMK;SMA/SMK;Karyawan Swasta;Karyawan Swasta;1;4;Akademik;Ya
MHS03482;Ya;SMA/SMK;SMA/SMK;Wiraswasta;PNS/ASN;0;3;Akademik;Ya
MHS03483;Ya;SD;SMA/SMK;Buruh/Pekerja Harian;Wiraswasta;0;3;Akademik;Ya
MHS03484;Tidak;S1;S1;Wiraswasta;Wiraswasta;0;4;Akademik;Tidak
MHS03485;Ya;SD;SMA/SMK;Wiraswasta;Buruh/Pekerja Harian;1;3;Finansial;Tidak
MHS03486;Tidak;S1;SMA/SMK;PNS/ASN;Buruh/Pekerja Harian;1;3;Finansial;Tidak
MHS03487;Tidak;SMA/SMK;S3;Karyawan Swasta;Profesional (dokter/guru/dll);0;3;Finansial;Tidak
MHS03488;Ya;Tidak Sekolah;SD;Tidak Bekerja;Karyawan Swasta;0;3;Adaptasi;Ya
MHS03489;Tidak;S1;SMA/SMK;Buruh/Pekerja Harian;PNS/ASN;0;5;Finansial;Tidak
MHS03490;Tidak;SMA/SMK;S1;Karyawan Swasta;Wiraswasta;0;4;Adaptasi;Tidak
MHS03491;Ya;SMP;SD;Wiraswasta;Buruh/Pekerja Harian;0;3;Finansial;Tidak
MHS03492;Tidak;S1;S1;Wiraswasta;Karyawan Swasta;0;4;Akademik;Tidak
MHS03493;Tidak;S1;S2;PNS/ASN;Profesional (dokter/guru/dll);0;3;Akademik;Tidak
MHS03494;Tidak;S1;SMP;Karyawan Swasta;Tidak Bekerja;0;3;Akademik;Ya
MHS03495;Ya;SMA/SMK;SMA/SMK;Karyawan Swasta;Tidak Bekerja;0;4;Finansial;Tidak
MHS03496;Ya;SMA/SMK;SD;Petani/Nelayan;Wiraswasta;0;1;Finansial;Ya
MHS03497;Tidak;S2;SMA/SMK;Petani/Nelayan;Tidak Bekerja;2;4;Finansial;Tidak
MHS03498;Ya;Tidak Sekolah;SMA/SMK;Petani/Nelayan;Tidak Bekerja;0;2;Finansial;Tidak
MHS03499;Ya;SMA/SMK;SMP;PNS/ASN;Buruh/Pekerja Harian;1;2;Finansial;Tidak
MHS03500;Ya;SMA/SMK;SMA/SMK;Tidak Bekerja;Buruh/Pekerja Harian;0;4;Finansial;Ya
MHS03501;Ya;SMP;SMA/SMK;Buruh/Pekerja Harian;Tidak Bekerja;1;1;Finansial;Ya
MHS03502;Ya;SMP;SMA/SMK;Tidak Bekerja;Tidak Bekerja;0;1;Finansial;Tidak
MHS03503;Ya;SMA/SMK;SMA/SMK;Profesional (dokter/guru/dll);Karyawan Swasta;0;4;Sosial;Tidak
MHS03504;Ya;SMP;SMA/SMK;Buruh/Pekerja Harian;PNS/ASN;1;4;Sosial;Tidak
MHS03505;Ya;SMA/SMK;SMA/SMK;Petani/Nelayan;Wiraswasta;0;3;Akademik;Tidak
MHS03506;Tidak;SMA/SMK;D3;Karyawan Swasta;PNS/ASN;1;3;Akademik;Ya
MHS03507;Tidak;S1;SD;Karyawan Swasta;Tidak Bekerja;0;2;Sosial;Ya
MHS03508;Tidak;S1;S2;Karyawan Swasta;Wiraswasta;0;4;Sosial;Ya
MHS03509;Tidak;D3;S1;Karyawan Swasta;Karyawan Swasta;1;3;Akademik;Tidak
MHS03510;Ya;SMA/SMK;SMA/SMK;Karyawan Swasta;Tidak Bekerja;1;4;Adaptasi;Tidak
MHS03511;Tidak;SMP;D3;Petani/Nelayan;Karyawan Swasta;1;4;Akademik;Ya
MHS03512;Tidak;S1;S1;Wiraswasta;Wiraswasta;1;4;Adaptasi;Ya
MHS03513;Tidak;SMA/SMK;S2;Petani/Nelayan;Karyawan Swasta;2;3;Akademik;Tidak
MHS03514;Ya;SMA/SMK;SMA/SMK;Wiraswasta;Karyawan Swasta;0;2;Finansial;Tidak
MHS03515;Ya;Tidak Sekolah;SD;Buruh/Pekerja Harian;Tidak Bekerja;0;1;Adaptasi;Ya
MHS03516;Ya;SD;SD;Buruh/Pekerja Harian;Karyawan Swasta;1;3;Finansial;Ya
MHS03517;Tidak;S1;SMP;Karyawan Swasta;Tidak Bekerja;2;3;Adaptasi;Tidak
MHS03518;Tidak;S2;S1;Profesional (dokter/guru/dll);Wiraswasta;3;4;Finansial;Tidak
MHS03519;Ya;SMA/SMK;SMP;Petani/Nelayan;Karyawan Swasta;1;3;Finansial;Tidak
MHS03520;Tidak;D3;D3;Karyawan Swasta;Tidak Bekerja;1;4;Finansial;Tidak
MHS03521;Ya;SD;SMP;Buruh/Pekerja Harian;Tidak Bekerja;0;2;Finansial;Ya
MHS03522;Tidak;SMA/SMK;D3;Buruh/Pekerja Harian;Karyawan Swasta;1;4;Akademik;Tidak
MHS03523;Tidak;S1;D3;Petani/Nelayan;PNS/ASN;0;5;Adaptasi;Tidak
MHS03524;Tidak;S2;SMA/SMK;Profesional (dokter/guru/dll);Wiraswasta;0;4;Akademik;Tidak
MHS03525;Tidak;SMA/SMK;S1;TNI/Polri;Tidak Bekerja;3;2;Finansial;Tidak
MHS03526;Tidak;S1;S1;Profesional (dokter/guru/dll);Wiraswasta;0;5;Sosial;Tidak
MHS03527;Ya;SD;Tidak Sekolah;Wiraswasta;Tidak Bekerja;0;3;Finansial;Ya
MHS03528;Tidak;S1;S1;Profesional (dokter/guru/dll);PNS/ASN;1;5;Akademik;Tidak
MHS03529;Ya;SMA/SMK;SMA/SMK;Wiraswasta;PNS/ASN;1;2;Akademik;Tidak
MHS03530;Tidak;SMA/SMK;S1;Buruh/Pekerja Harian;Tidak Bekerja;2;5;Sosial;Tidak
MHS03531;Tidak;D3;S1;Petani/Nelayan;PNS/ASN;1;4;Adaptasi;Tidak
MHS03532;Tidak;S2;S1;PNS/ASN;Karyawan Swasta;0;4;Adaptasi;Tidak
MHS03533;Ya;SMA/SMK;SMA/SMK;Karyawan Swasta;Wiraswasta;0;1;Akademik;Ya
MHS03534;Ya;SMP;SMP;Buruh/Pekerja Harian;Tidak Bekerja;0;3;Akademik;Tidak
MHS03535;Ya;SMA/SMK;SMP;Profesional (dokter/guru/dll);Buruh/Pekerja Harian;1;3;Akademik;Tidak
MHS03536;Ya;SD;SMP;Buruh/Pekerja Harian;Wiraswasta;0;4;Finansial;Ya
MHS03537;Tidak;SMA/SMK;S1;Karyawan Swasta;Karyawan Swasta;2;5;Adaptasi;Tidak
MHS03538;Ya;SMA/SMK;SMA/SMK;Wiraswasta;Wiraswasta;0;4;Akademik;Tidak
MHS03539;Tidak;SMP;S1;Petani/Nelayan;PNS/ASN;0;3;Sosial;Tidak
MHS03540;Tidak;SMA/SMK;D3;Buruh/Pekerja Harian;Wiraswasta;0;4;Finansial;Ya
MHS03541;Ya;SMA/SMK;SMA/SMK;Buruh/Pekerja Harian;Tidak Bekerja;0;5;Akademik;Tidak
MHS03542;Tidak;S1;S2;Karyawan Swasta;Karyawan Swasta;0;2;Adaptasi;Tidak
MHS03543;Ya;SMA/SMK;SMP;Karyawan Swasta;Wiraswasta;0;5;Akademik;Tidak
MHS03544;Ya;SMA/SMK;SMA/SMK;Buruh/Pekerja Harian;Buruh/Pekerja Harian;1;3;Finansial;Ya
MHS03545;Ya;SMP;SMA/SMK;Petani/Nelayan;Profesional (dokter/guru/dll);1;2;Finansial;Ya
MHS03546;Tidak;S1;SD;TNI/Polri;Wiraswasta;0;5;Finansial;Ya
MHS03547;Tidak;D3;Tidak Sekolah;Karyawan Swasta;Buruh/Pekerja Harian;1;3;Akademik;Ya
MHS03548;Tidak;SMA/SMK;S1;Petani/Nelayan;Wiraswasta;1;4;Finansial;Tidak
MHS03549;Tidak;SMA/SMK;D3;Petani/Nelayan;Wiraswasta;0;2;Akademik;Tidak
MHS03550;Tidak;SMA/SMK;S1;Wiraswasta;Karyawan Swasta;1;5;Adaptasi;Tidak
MHS03551;Tidak;SMA/SMK;S1;Petani/Nelayan;Profesional (dokter/guru/dll);2;3;Adaptasi;Tidak
MHS03552;Tidak;S2;S2;Karyawan Swasta;PNS/ASN;1;4;Adaptasi;Tidak
MHS03553;Ya;SMA/SMK;SMA/SMK;TNI/Polri;Buruh/Pekerja Harian;0;5;Akademik;Ya
MHS03554;Tidak;S2;S2;PNS/ASN;Profesional (dokter/guru/dll);1;5;Akademik;Tidak
MHS03555;Ya;SMA/SMK;SMA/SMK;Karyawan Swasta;Wiraswasta;1;3;Adaptasi;Ya
MHS03556;Ya;SD;SMA/SMK;TNI/Polri;Karyawan Swasta;0;3;Sosial;Ya
MHS03557;Ya;SMP;SMA/SMK;Buruh/Pekerja Harian;Tidak Bekerja;0;1;Sosial;Ya
MHS03558;Tidak;D3;S1;Karyawan Swasta;Profesional (dokter/guru/dll);1;2;Sosial;Tidak
MHS03559;Tidak;S1;SMA/SMK;Tidak Bekerja;Karyawan Swasta;0;4;Akademik;Tidak
MHS03560;Ya;SMP;SMA/SMK;Buruh/Pekerja Harian;Wiraswasta;0;3;Finansial;Tidak
MHS03561;Ya;SMA/SMK;SMP;Karyawan Swasta;Tidak Bekerja;1;1;Finansial;Ya
MHS03562;Ya;SMA/SMK;SMP;Buruh/Pekerja Harian;Tidak Bekerja;1;2;Finansial;Tidak
MHS03563;Tidak;S1;SD;Karyawan Swasta;Karyawan Swasta;0;3;Finansial;Tidak
MHS03564;Tidak;S1;SMA/SMK;PNS/ASN;Tidak Bekerja;1;5;Finansial;Ya
MHS03565;Tidak;S3;S1;Profesional (dokter/guru/dll);Wiraswasta;1;4;Sosial;Tidak
MHS03566;Tidak;S2;S1;Profesional (dokter/guru/dll);Karyawan Swasta;2;5;Akademik;Tidak
MHS03567;Tidak;SMA/SMK;S1;Petani/Nelayan;Karyawan Swasta;0;3;Akademik;Tidak
MHS03568;Tidak;SMA/SMK;D3;PNS/ASN;Tidak Bekerja;0;3;Akademik;Tidak
MHS03569;Tidak;S1;S1;Karyawan Swasta;Wiraswasta;1;3;Akademik;Tidak
MHS03570;Tidak;S1;Tidak Sekolah;Karyawan Swasta;Buruh/Pekerja Harian;1;4;Akademik;Ya
MHS03571;Tidak;S1;S2;TNI/Polri;Tidak Bekerja;0;5;Sosial;Tidak
MHS03572;Ya;SMA/SMK;SMP;Wiraswasta;Tidak Bekerja;1;1;Sosial;Ya
MHS03573;Ya;SMP;SMP;Wiraswasta;Tidak Bekerja;0;2;Finansial;Tidak
MHS03574;Ya;SMA/SMK;SMA/SMK;Wiraswasta;Tidak Bekerja;1;3;Adaptasi;Tidak
MHS03575;Tidak;S1;SMA/SMK;PNS/ASN;Karyawan Swasta;0;4;Finansial;Ya
MHS03576;Tidak;S1;SMA/SMK;TNI/Polri;Wiraswasta;0;4;Sosial;Tidak
MHS03577;Tidak;SMA/SMK;S1;Wiraswasta;Wiraswasta;2;2;Adaptasi;Tidak
MHS03578;Ya;SMA/SMK;SMA/SMK;Wiraswasta;Tidak Bekerja;0;2;Finansial;Tidak
MHS03579;Tidak;S1;SMA/SMK;PNS/ASN;Tidak Bekerja;1;3;Akademik;Tidak
MHS03580;Tidak;S1;S1;Wiraswasta;Karyawan Swasta;1;5;Finansial;Tidak
MHS03581;Tidak;D3;D3;PNS/ASN;Wiraswasta;2;3;Adaptasi;Tidak
MHS03582;Ya;SMA/SMK;SMA/SMK;Petani/Nelayan;Karyawan Swasta;2;2;Finansial;Ya
MHS03583;Tidak;S2;S1;Karyawan Swasta;Profesional (dokter/guru/dll);1;3;Adaptasi;Tidak
MHS03584;Tidak;D3;SMA/SMK;Wiraswasta;Tidak Bekerja;1;4;Akademik;Ya
MHS03585;Ya;SD;SMA/SMK;Tidak Bekerja;PNS/ASN;2;4;Akademik;Ya
MHS03586;Tidak;S1;D3;TNI/Polri;Profesional (dokter/guru/dll);2;3;Akademik;Tidak
MHS03587;Ya;SMP;SMA/SMK;PNS/ASN;Karyawan Swasta;0;3;Adaptasi;Tidak
MHS03588;Tidak;D3;SMP;Karyawan Swasta;Tidak Bekerja;0;1;Adaptasi;Tidak
MHS03589;Tidak;SMA/SMK;D3;Buruh/Pekerja Harian;Karyawan Swasta;0;3;Finansial;Tidak
MHS03590;Ya;SMA/SMK;SMA/SMK;Wiraswasta;Karyawan Swasta;0;2;Finansial;Tidak
MHS03591;Tidak;S1;SMA/SMK;Wiraswasta;Tidak Bekerja;1;4;Akademik;Tidak
MHS03592;Tidak;D3;SMP;Tidak Bekerja;Buruh/Pekerja Harian;0;3;Finansial;Ya
MHS03593;Tidak;SMA/SMK;S1;Karyawan Swasta;Tidak Bekerja;0;5;Sosial;Tidak
MHS03594;Ya;SMA/SMK;SD;Wiraswasta;Tidak Bekerja;1;4;Akademik;Tidak
MHS03595;Tidak;S1;SD;TNI/Polri;Tidak Bekerja;0;4;Akademik;Tidak
MHS03596;Tidak;S2;S1;TNI/Polri;Tidak Bekerja;0;5;Akademik;Tidak
MHS03597;Tidak;S1;S2;Profesional (dokter/guru/dll);PNS/ASN;0;5;Adaptasi;Tidak
MHS03598;Ya;SMA/SMK;SMP;Wiraswasta;Tidak Bekerja;0;4;Finansial;Tidak
MHS03599;Ya;SMA/SMK;SD;TNI/Polri;Tidak Bekerja;0;4;Finansial;Ya
MHS03600;Tidak;D3;SMA/SMK;Buruh/Pekerja Harian;Buruh/Pekerja Harian;0;3;Finansial;Tidak
MHS03601;Tidak;SMA/SMK;S2;Karyawan Swasta;PNS/ASN;1;4;Adaptasi;Tidak
MHS03602;Tidak;SMA/SMK;D3;Karyawan Swasta;Wiraswasta;1;3;Finansial;Tidak
MHS03603;Ya;Tidak Sekolah;SMP;Petani/Nelayan;Buruh/Pekerja Harian;0;2;Adaptasi;Ya
MHS03604;Ya;SMA/SMK;SMP;Petani/Nelayan;Tidak Bekerja;0;2;Finansial;Ya
MHS03605;Tidak;SMA/SMK;S1;Petani/Nelayan;Karyawan Swasta;0;3;Finansial;Tidak
MHS03606;Tidak;S1;D3;PNS/ASN;PNS/ASN;0;5;Sosial;Ya
MHS03607;Ya;SMA/SMK;SMP;Wiraswasta;Tidak Bekerja;0;2;Finansial;Tidak
MHS03608;Ya;SMA/SMK;SMA/SMK;Wiraswasta;Tidak Bekerja;0;1;Finansial;Tidak
MHS03609;Tidak;S2;S2;Karyawan Swasta;Wiraswasta;2;4;Sosial;Tidak
MHS03610;Ya;SD;SMA/SMK;Petani/Nelayan;Wiraswasta;1;3;Akademik;Ya
MHS03611;Tidak;D3;SMA/SMK;Karyawan Swasta;Tidak Bekerja;1;3;Sosial;Tidak
MHS03612;Ya;SMA/SMK;SMP;Buruh/Pekerja Harian;Tidak Bekerja;1;2;Sosial;Tidak
MHS03613;Tidak;S2;D3;Wiraswasta;Wiraswasta;4;5;Akademik;Tidak
MHS03614;Tidak;S1;D3;Karyawan Swasta;Wiraswasta;0;5;Akademik;Tidak
MHS03615;Ya;SMP;Tidak Sekolah;Karyawan Swasta;Tidak Bekerja;0;2;Finansial;Tidak
MHS03616;Tidak;S2;D3;Karyawan Swasta;Karyawan Swasta;1;5;Akademik;Ya
MHS03617;Ya;SD;Tidak Sekolah;Petani/Nelayan;Tidak Bekerja;0;2;Finansial;Tidak
MHS03618;Tidak;D3;S1;TNI/Polri;Tidak Bekerja;1;4;Adaptasi;Tidak
MHS03619;Tidak;S3;S1;Profesional (dokter/guru/dll);Profesional (dokter/guru/dll);1;5;Akademik;Tidak
MHS03620;Ya;SD;SMP;PNS/ASN;Tidak Bekerja;0;3;Akademik;Ya
MHS03621;Tidak;D3;SMA/SMK;PNS/ASN;Wiraswasta;2;3;Akademik;Tidak
MHS03622;Ya;SMA/SMK;Tidak Sekolah;Wiraswasta;Karyawan Swasta;0;4;Akademik;Ya
MHS03623;Tidak;SMA/SMK;S1;Wiraswasta;Tidak Bekerja;1;4;Adaptasi;Tidak
MHS03624;Ya;SMA/SMK;SD;Wiraswasta;Buruh/Pekerja Harian;1;1;Sosial;Ya
MHS03625;Ya;SMA/SMK;SMA/SMK;Buruh/Pekerja Harian;Tidak Bekerja;1;3;Finansial;Tidak
MHS03626;Tidak;D3;SMA/SMK;PNS/ASN;Tidak Bekerja;0;3;Akademik;Tidak
MHS03627;Ya;SD;SMA/SMK;Buruh/Pekerja Harian;Tidak Bekerja;0;2;Akademik;Ya
MHS03628;Tidak;D3;SD;Wiraswasta;Wiraswasta;2;3;Sosial;Ya
MHS03629;Tidak;S1;S2;Karyawan Swasta;Wiraswasta;1;4;Sosial;Tidak
MHS03630;Tidak;S1;SMA/SMK;Karyawan Swasta;Karyawan Swasta;2;4;Akademik;Tidak
MHS03631;Tidak;S2;SMP;Wiraswasta;Wiraswasta;0;5;Sosial;Tidak
MHS03632;Tidak;S1;D3;PNS/ASN;Karyawan Swasta;1;2;Akademik;Tidak
MHS03633;Tidak;S1;S1;PNS/ASN;Wiraswasta;1;4;Akademik;Tidak
MHS03634;Tidak;D3;D3;Karyawan Swasta;Tidak Bekerja;1;2;Adaptasi;Tidak
MHS03635;Ya;SMA/SMK;SMP;Wiraswasta;Profesional (dokter/guru/dll);1;1;Finansial;Ya
MHS03636;Ya;SMA/SMK;SMA/SMK;Tidak Bekerja;Wiraswasta;0;3;Akademik;Ya
MHS03637;Tidak;SMP;S1;Petani/Nelayan;Tidak Bekerja;1;3;Finansial;Tidak
MHS03638;Tidak;S2;S2;Karyawan Swasta;Tidak Bekerja;2;4;Sosial;Ya
MHS03639;Ya;SMA/SMK;SMP;Buruh/Pekerja Harian;Tidak Bekerja;0;4;Finansial;Tidak
MHS03640;Tidak;S2;S1;Profesional (dokter/guru/dll);Buruh/Pekerja Harian;2;3;Finansial;Tidak
MHS03641;Ya;SMA/SMK;SMA/SMK;Buruh/Pekerja Harian;Wiraswasta;0;1;Finansial;Tidak
MHS03642;Tidak;S2;S1;Karyawan Swasta;PNS/ASN;2;4;Akademik;Ya
MHS03643;Tidak;S3;S2;Wiraswasta;Wiraswasta;2;5;Finansial;Tidak
MHS03644;Tidak;S2;S2;Profesional (dokter/guru/dll);Karyawan Swasta;4;4;Sosial;Tidak
MHS03645;Tidak;S1;SMP;Karyawan Swasta;Tidak Bekerja;1;5;Finansial;Ya
MHS03646;Tidak;S1;S1;Wiraswasta;PNS/ASN;1;3;Sosial;Tidak
MHS03647;Tidak;S3;S3;PNS/ASN;Karyawan Swasta;0;5;Sosial;Tidak
MHS03648;Tidak;SMA/SMK;S1;Wiraswasta;Karyawan Swasta;0;2;Akademik;Ya
MHS03649;Ya;SMA/SMK;SMA/SMK;Wiraswasta;PNS/ASN;0;5;Adaptasi;Ya
MHS03650;Ya;SMP;SMA/SMK;Wiraswasta;Wiraswasta;0;2;Akademik;Ya
MHS03651;Tidak;S1;D3;TNI/Polri;Tidak Bekerja;2;2;Finansial;Tidak
MHS03652;Ya;SMA/SMK;SMA/SMK;Petani/Nelayan;Tidak Bekerja;0;3;Adaptasi;Tidak
MHS03653;Ya;SMA/SMK;SMA/SMK;Karyawan Swasta;Buruh/Pekerja Harian;2;2;Akademik;Tidak
MHS03654;Tidak;S1;D3;Wiraswasta;Tidak Bekerja;0;4;Finansial;Tidak
MHS03655;Tidak;SMA/SMK;S1;Karyawan Swasta;Profesional (dokter/guru/dll);0;2;Akademik;Tidak
MHS03656;Ya;SMA/SMK;SMA/SMK;Wiraswasta;Karyawan Swasta;0;3;Akademik;Tidak
MHS03657;Tidak;D3;SMA/SMK;Karyawan Swasta;Wiraswasta;0;3;Akademik;Ya
MHS03658;Ya;SMA/SMK;SMA/SMK;Karyawan Swasta;Profesional (dokter/guru/dll);1;4;Akademik;Tidak
MHS03659;Tidak;S1;SMA/SMK;TNI/Polri;Wiraswasta;2;4;Akademik;Tidak
MHS03660;Tidak;S2;D3;Karyawan Swasta;Wiraswasta;2;3;Akademik;Tidak
MHS03661;Ya;SMA/SMK;SMP;Wiraswasta;Tidak Bekerja;0;3;Akademik;Tidak
MHS03662;Tidak;S1;S2;Karyawan Swasta;Wiraswasta;1;4;Akademik;Tidak
MHS03663;Ya;SMA/SMK;SD;Petani/Nelayan;Tidak Bekerja;0;4;Finansial;Ya
MHS03664;Ya;SMA/SMK;SMA/SMK;TNI/Polri;Wiraswasta;0;4;Akademik;Ya
MHS03665;Ya;Tidak Sekolah;SMA/SMK;Wiraswasta;Tidak Bekerja;2;2;Finansial;Ya
MHS03666;Ya;SMP;SMP;Wiraswasta;Tidak Bekerja;0;2;Finansial;Ya
MHS03667;Tidak;D3;D3;Petani/Nelayan;Tidak Bekerja;1;4;Finansial;Tidak
MHS03668;Tidak;S1;S1;PNS/ASN;Wiraswasta;0;4;Akademik;Tidak
MHS03669;Ya;SD;SMA/SMK;Tidak Bekerja;Wiraswasta;1;3;Finansial;Tidak
MHS03670;Ya;SD;SMP;Petani/Nelayan;Tidak Bekerja;0;2;Akademik;Ya
MHS03671;Tidak;SD;S1;Petani/Nelayan;Profesional (dokter/guru/dll);0;2;Akademik;Tidak
MHS03672;Tidak;S1;S1;PNS/ASN;Tidak Bekerja;0;3;Finansial;Tidak
MHS03673;Tidak;S1;S1;Karyawan Swasta;Profesional (dokter/guru/dll);1;4;Sosial;Tidak
MHS03674;Tidak;SMP;S1;Petani/Nelayan;Wiraswasta;1;4;Akademik;Ya
MHS03675;Tidak;S2;S1;Profesional (dokter/guru/dll);Profesional (dokter/guru/dll);1;5;Adaptasi;Tidak
MHS03676;Ya;SMP;SMP;Buruh/Pekerja Harian;Tidak Bekerja;0;4;Finansial;Tidak
MHS03677;Tidak;D3;S1;Wiraswasta;Wiraswasta;0;4;Akademik;Tidak
MHS03678;Ya;SD;SMP;TNI/Polri;Tidak Bekerja;0;3;Sosial;Tidak
MHS03679;Tidak;S1;D3;Profesional (dokter/guru/dll);Tidak Bekerja;0;5;Adaptasi;Tidak
MHS03680;Ya;SMA/SMK;SMA/SMK;Wiraswasta;Tidak Bekerja;0;4;Finansial;Tidak
MHS03681;Ya;SMA/SMK;SMA/SMK;Petani/Nelayan;Buruh/Pekerja Harian;1;3;Adaptasi;Ya
MHS03682;Tidak;S1;SMP;PNS/ASN;Tidak Bekerja;2;3;Sosial;Ya
MHS03683;Tidak;S2;S1;PNS/ASN;PNS/ASN;1;5;Finansial;Tidak
MHS03684;Tidak;S1;SMA/SMK;PNS/ASN;Tidak Bekerja;0;3;Adaptasi;Tidak
MHS03685;Tidak;S1;SMP;Petani/Nelayan;Wiraswasta;1;3;Akademik;Tidak
MHS03686;Tidak;SMP;S1;Petani/Nelayan;Karyawan Swasta;0;3;Finansial;Ya
MHS03687;Ya;SMA/SMK;SMA/SMK;Karyawan Swasta;PNS/ASN;0;3;Adaptasi;Ya
MHS03688;Tidak;S3;SMA/SMK;PNS/ASN;PNS/ASN;0;5;Finansial;Tidak
MHS03689;Tidak;SMP;D3;Petani/Nelayan;PNS/ASN;0;2;Sosial;Tidak
MHS03690;Ya;SMA/SMK;SMP;Petani/Nelayan;Tidak Bekerja;2;3;Finansial;Tidak
MHS03691;Ya;SD;SMA/SMK;Petani/Nelayan;Tidak Bekerja;0;2;Akademik;Ya
MHS03692;Ya;SMA/SMK;SMA/SMK;Petani/Nelayan;Wiraswasta;0;1;Finansial;Ya
MHS03693;Ya;SMA/SMK;SMA/SMK;Buruh/Pekerja Harian;PNS/ASN;0;3;Finansial;Ya
MHS03694;Tidak;SMA/SMK;S1;Profesional (dokter/guru/dll);Tidak Bekerja;1;4;Sosial;Tidak
MHS03695;Tidak;SMA/SMK;D3;Karyawan Swasta;Tidak Bekerja;0;3;Akademik;Tidak
MHS03696;Tidak;D3;S1;Buruh/Pekerja Harian;Profesional (dokter/guru/dll);1;4;Akademik;Tidak
MHS03697;Ya;SMP;Tidak Sekolah;Tidak Bekerja;Buruh/Pekerja Harian;0;2;Finansial;Ya
MHS03698;Ya;SMA/SMK;SMA/SMK;Tidak Bekerja;Tidak Bekerja;0;3;Finansial;Ya
MHS03699;Ya;SMA/SMK;SMA/SMK;Karyawan Swasta;Wiraswasta;0;5;Finansial;Tidak
MHS03700;Tidak;S2;S2;Karyawan Swasta;PNS/ASN;0;4;Sosial;Tidak
MHS03701;Tidak;SD;D3;Wiraswasta;Karyawan Swasta;0;3;Akademik;Tidak
MHS03702;Ya;SMP;SMA/SMK;Profesional (dokter/guru/dll);Wiraswasta;0;2;Sosial;Ya
MHS03703;Tidak;SMA/SMK;S1;Tidak Bekerja;PNS/ASN;2;3;Finansial;Tidak
MHS03704;Ya;SMA/SMK;SMP;Tidak Bekerja;Buruh/Pekerja Harian;2;1;Adaptasi;Tidak
MHS03705;Tidak;D3;S1;Petani/Nelayan;Wiraswasta;1;4;Akademik;Ya
MHS03706;Tidak;S1;D3;Wiraswasta;Karyawan Swasta;0;5;Akademik;Ya
MHS03707;Ya;Tidak Sekolah;SMA/SMK;Buruh/Pekerja Harian;Wiraswasta;0;2;Adaptasi;Ya
MHS03708;Tidak;S1;D3;Wiraswasta;Karyawan Swasta;1;3;Finansial;Tidak
MHS03709;Ya;SMA/SMK;SD;Petani/Nelayan;Tidak Bekerja;0;2;Finansial;Ya
MHS03710;Tidak;S1;D3;Wiraswasta;PNS/ASN;0;3;Akademik;Tidak
MHS03711;Ya;SD;SMA/SMK;Petani/Nelayan;Tidak Bekerja;0;5;Akademik;Ya
MHS03712;Tidak;S1;SMA/SMK;Karyawan Swasta;Tidak Bekerja;1;4;Akademik;Tidak
MHS03713;Tidak;SMP;D3;Karyawan Swasta;Karyawan Swasta;0;2;Akademik;Tidak
MHS03714;Ya;SD;Tidak Sekolah;Wiraswasta;Wiraswasta;0;4;Akademik;Ya
MHS03715;Tidak;S1;SMA/SMK;Karyawan Swasta;Tidak Bekerja;1;4;Sosial;Tidak
MHS03716;Tidak;S1;D3;Wiraswasta;Wiraswasta;0;4;Finansial;Ya
MHS03717;Ya;SMP;SMA/SMK;Wiraswasta;Tidak Bekerja;0;4;Sosial;Tidak
MHS03718;Ya;SMA/SMK;SMA/SMK;Tidak Bekerja;Tidak Bekerja;0;1;Akademik;Ya
MHS03719;Ya;SMA/SMK;SD;Tidak Bekerja;Tidak Bekerja;0;1;Finansial;Tidak
MHS03720;Tidak;SMA/SMK;D3;Karyawan Swasta;Tidak Bekerja;0;5;Akademik;Ya
MHS03721;Ya;SD;Tidak Sekolah;Tidak Bekerja;Tidak Bekerja;1;1;Finansial;Tidak
MHS03722;Ya;SMA/SMK;SMP;Wiraswasta;Tidak Bekerja;0;3;Sosial;Ya
MHS03723;Tidak;SMA/SMK;S1;PNS/ASN;Tidak Bekerja;1;5;Adaptasi;Tidak
MHS03724;Ya;Tidak Sekolah;SMA/SMK;Buruh/Pekerja Harian;Buruh/Pekerja Harian;0;1;Finansial;Tidak
MHS03725;Tidak;SMA/SMK;D3;TNI/Polri;Tidak Bekerja;0;4;Adaptasi;Tidak
MHS03726;Ya;SMA/SMK;SMA/SMK;Tidak Bekerja;Buruh/Pekerja Harian;1;4;Finansial;Ya
MHS03727;Ya;SMP;SD;Petani/Nelayan;Buruh/Pekerja Harian;0;5;Finansial;Tidak
MHS03728;Tidak;S2;S2;Karyawan Swasta;PNS/ASN;1;5;Akademik;Ya
MHS03729;Tidak;S1;S1;Karyawan Swasta;Tidak Bekerja;3;5;Finansial;Tidak
MHS03730;Ya;SD;SMA/SMK;Buruh/Pekerja Harian;Tidak Bekerja;0;4;Finansial;Tidak
MHS03731;Ya;SMA/SMK;SMA/SMK;Wiraswasta;Buruh/Pekerja Harian;0;3;Akademik;Ya
MHS03732;Tidak;S1;SMP;Wiraswasta;Wiraswasta;2;4;Akademik;Tidak
MHS03733;Tidak;S1;S1;Tidak Bekerja;Karyawan Swasta;2;2;Sosial;Tidak
MHS03734;Tidak;S1;S1;PNS/ASN;PNS/ASN;1;4;Akademik;Tidak
MHS03735;Ya;SMA/SMK;SMP;Petani/Nelayan;Wiraswasta;0;3;Akademik;Ya
MHS03736;Ya;SMA/SMK;SMA/SMK;Wiraswasta;PNS/ASN;0;3;Adaptasi;Tidak
MHS03737;Tidak;D3;S1;Wiraswasta;PNS/ASN;1;4;Adaptasi;Tidak
MHS03738;Tidak;D3;D3;Wiraswasta;Buruh/Pekerja Harian;1;3;Adaptasi;Tidak
MHS03739;Ya;SD;SMA/SMK;Petani/Nelayan;Tidak Bekerja;1;3;Adaptasi;Tidak
MHS03740;Tidak;S2;S2;Profesional (dokter/guru/dll);Wiraswasta;0;4;Sosial;Tidak
MHS03741;Tidak;S2;SMA/SMK;PNS/ASN;Wiraswasta;0;2;Akademik;Ya
MHS03742;Tidak;S3;S1;Wiraswasta;Karyawan Swasta;1;5;Akademik;Tidak
MHS03743;Tidak;S1;SD;Petani/Nelayan;Tidak Bekerja;0;5;Akademik;Tidak
MHS03744;Ya;SD;SMA/SMK;Buruh/Pekerja Harian;PNS/ASN;0;1;Finansial;Ya
MHS03745;Ya;SMP;SMP;Tidak Bekerja;Tidak Bekerja;0;3;Finansial;Ya
MHS03746;Ya;SMA/SMK;SMA/SMK;Profesional (dokter/guru/dll);Tidak Bekerja;0;2;Akademik;Tidak
MHS03747;Ya;SMP;SMP;Buruh/Pekerja Harian;Tidak Bekerja;0;2;Finansial;Tidak
MHS03748;Ya;SMP;SMA/SMK;Petani/Nelayan;Wiraswasta;1;5;Adaptasi;Ya
MHS03749;Tidak;D3;SMP;Buruh/Pekerja Harian;Wiraswasta;1;2;Akademik;Tidak
MHS03750;Tidak;D3;S1;Wiraswasta;Profesional (dokter/guru/dll);0;5;Akademik;Ya
MHS03751;Tidak;S1;S1;Wiraswasta;Karyawan Swasta;0;3;Adaptasi;Tidak
MHS03752;Tidak;S1;S2;Wiraswasta;Profesional (dokter/guru/dll);2;4;Akademik;Tidak
MHS03753;Tidak;SMP;S1;Profesional (dokter/guru/dll);Karyawan Swasta;0;5;Adaptasi;Tidak
MHS03754;Ya;SD;Tidak Sekolah;Buruh/Pekerja Harian;Buruh/Pekerja Harian;0;2;Finansial;Ya
MHS03755;Tidak;S1;SMP;PNS/ASN;Wiraswasta;1;2;Akademik;Tidak
MHS03756;Tidak;D3;S1;Karyawan Swasta;PNS/ASN;0;5;Akademik;Ya
MHS03757;Ya;SMP;SMP;Buruh/Pekerja Harian;Tidak Bekerja;0;4;Finansial;Ya
MHS03758;Ya;SMP;Tidak Sekolah;Wiraswasta;Tidak Bekerja;0;3;Adaptasi;Ya
MHS03759;Tidak;S1;SMP;PNS/ASN;Buruh/Pekerja Harian;0;4;Akademik;Ya
MHS03760;Ya;SMA/SMK;SMA/SMK;PNS/ASN;Tidak Bekerja;0;3;Akademik;Tidak
MHS03761;Ya;SMA/SMK;Tidak Sekolah;PNS/ASN;Buruh/Pekerja Harian;0;1;Sosial;Tidak
MHS03762;Ya;SMA/SMK;SD;TNI/Polri;Tidak Bekerja;0;2;Finansial;Tidak
MHS03763;Ya;SMP;SD;PNS/ASN;Tidak Bekerja;2;3;Sosial;Ya
MHS03764;Tidak;SMA/SMK;D3;Karyawan Swasta;PNS/ASN;0;3;Adaptasi;Tidak
MHS03765;Ya;SMA/SMK;SMP;Petani/Nelayan;Tidak Bekerja;0;3;Finansial;Ya
MHS03766;Tidak;S1;SMP;Wiraswasta;Profesional (dokter/guru/dll);1;3;Sosial;Ya
MHS03767;Tidak;S1;S1;Karyawan Swasta;PNS/ASN;2;5;Akademik;Tidak
MHS03768;Tidak;S1;SMA/SMK;Wiraswasta;PNS/ASN;0;5;Finansial;Tidak
MHS03769;Tidak;S1;S2;TNI/Polri;Profesional (dokter/guru/dll);1;3;Finansial;Tidak
MHS03770;Ya;SD;SMA/SMK;Buruh/Pekerja Harian;Buruh/Pekerja Harian;0;3;Akademik;Tidak
MHS03771;Ya;SD;SMA/SMK;Wiraswasta;Tidak Bekerja;2;1;Sosial;Tidak
MHS03772;Tidak;S1;SMP;Buruh/Pekerja Harian;Tidak Bekerja;0;4;Adaptasi;Tidak
MHS03773;Ya;SMA/SMK;SMA/SMK;Petani/Nelayan;Tidak Bekerja;1;2;Finansial;Ya
MHS03774;Tidak;S1;D3;Profesional (dokter/guru/dll);Tidak Bekerja;0;3;Sosial;Tidak
MHS03775;Ya;SMP;SMA/SMK;Petani/Nelayan;Tidak Bekerja;0;4;Adaptasi;Tidak
MHS03776;Tidak;S1;SMA/SMK;Karyawan Swasta;Karyawan Swasta;0;5;Finansial;Ya
MHS03777;Tidak;SMA/SMK;S1;Karyawan Swasta;Wiraswasta;1;3;Sosial;Tidak
MHS03778;Tidak;SMA/SMK;S1;Petani/Nelayan;PNS/ASN;0;2;Adaptasi;Tidak
MHS03779;Tidak;SMA/SMK;S1;Tidak Bekerja;Tidak Bekerja;1;5;Adaptasi;Tidak
MHS03780;Tidak;S1;D3;Petani/Nelayan;Wiraswasta;1;4;Akademik;Tidak
MHS03781;Tidak;SMA/SMK;S1;Petani/Nelayan;Wiraswasta;0;3;Akademik;Tidak
MHS03782;Tidak;SMA/SMK;S1;PNS/ASN;Karyawan Swasta;1;3;Finansial;Ya
MHS03783;Ya;SMA/SMK;SMA/SMK;Wiraswasta;Wiraswasta;0;2;Adaptasi;Tidak
MHS03784;Tidak;SMP;S1;Petani/Nelayan;Tidak Bekerja;2;4;Adaptasi;Tidak
MHS03785;Tidak;S2;SMA/SMK;Profesional (dokter/guru/dll);Karyawan Swasta;2;4;Akademik;Tidak
MHS03786;Ya;SMA/SMK;SMP;Wiraswasta;Tidak Bekerja;0;5;Akademik;Ya
MHS03787;Tidak;D3;S1;Wiraswasta;Wiraswasta;1;2;Akademik;Tidak
MHS03788;Tidak;S1;S2;Profesional (dokter/guru/dll);Profesional (dokter/guru/dll);0;3;Akademik;Tidak
MHS03789;Tidak;S3;S1;PNS/ASN;Karyawan Swasta;3;5;Sosial;Tidak
MHS03790;Tidak;SMA/SMK;D3;Buruh/Pekerja Harian;Profesional (dokter/guru/dll);1;3;Finansial;Tidak
MHS03791;Tidak;S2;SMA/SMK;Profesional (dokter/guru/dll);Tidak Bekerja;0;4;Akademik;Tidak
MHS03792;Ya;SMA/SMK;Tidak Sekolah;Wiraswasta;Tidak Bekerja;0;3;Finansial;Ya
MHS03793;Tidak;S2;D3;Profesional (dokter/guru/dll);Tidak Bekerja;1;4;Akademik;Tidak
MHS03794;Ya;SMA/SMK;SMP;Karyawan Swasta;Buruh/Pekerja Harian;0;4;Akademik;Ya
MHS03795;Ya;SMA/SMK;SMA/SMK;Karyawan Swasta;Tidak Bekerja;0;2;Adaptasi;Tidak
MHS03796;Ya;SD;SMA/SMK;PNS/ASN;Buruh/Pekerja Harian;1;2;Finansial;Tidak
MHS03797;Ya;SD;SMP;Petani/Nelayan;Buruh/Pekerja Harian;0;1;Finansial;Tidak
MHS03798;Tidak;SD;D3;Karyawan Swasta;Profesional (dokter/guru/dll);1;3;Akademik;Tidak
MHS03799;Tidak;S1;S1;PNS/ASN;Karyawan Swasta;1;4;Akademik;Tidak
MHS03800;Tidak;SMP;S1;Karyawan Swasta;Tidak Bekerja;0;4;Adaptasi;Tidak
MHS03801;Ya;SMA/SMK;SD;Wiraswasta;Wiraswasta;0;4;Finansial;Tidak
MHS03802;Ya;SMA/SMK;SMA/SMK;PNS/ASN;Wiraswasta;0;2;Akademik;Ya
MHS03803;Tidak;SMA/SMK;S1;Wiraswasta;Wiraswasta;0;4;Finansial;Tidak
MHS03804;Tidak;S1;S1;Karyawan Swasta;PNS/ASN;1;3;Akademik;Ya
MHS03805;Ya;SD;SMA/SMK;Karyawan Swasta;Buruh/Pekerja Harian;0;2;Akademik;Tidak
MHS03806;Tidak;S2;D3;Wiraswasta;Wiraswasta;3;3;Adaptasi;Tidak
MHS03807;Tidak;D3;SMA/SMK;Profesional (dokter/guru/dll);Tidak Bekerja;1;5;Finansial;Tidak
MHS03808;Tidak;SMA/SMK;S2;Wiraswasta;Profesional (dokter/guru/dll);0;4;Akademik;Tidak
MHS03809;Ya;SMP;SMA/SMK;Buruh/Pekerja Harian;Tidak Bekerja;0;2;Finansial;Ya
MHS03810;Tidak;SMA/SMK;D3;PNS/ASN;Wiraswasta;0;4;Adaptasi;Tidak
MHS03811;Ya;SMA/SMK;SMP;TNI/Polri;Wiraswasta;1;3;Finansial;Ya
MHS03812;Tidak;SMA/SMK;S1;Petani/Nelayan;Karyawan Swasta;1;4;Finansial;Tidak
MHS03813;Tidak;SD;S1;Karyawan Swasta;Wiraswasta;0;3;Sosial;Ya
MHS03814;Tidak;S1;SD;Wiraswasta;Karyawan Swasta;1;4;Akademik;Tidak
MHS03815;Tidak;D3;SMA/SMK;PNS/ASN;Wiraswasta;2;4;Akademik;Tidak
MHS03816;Ya;SMA/SMK;SMP;Wiraswasta;Tidak Bekerja;1;2;Finansial;Tidak
MHS03817;Tidak;D3;SMA/SMK;Profesional (dokter/guru/dll);Wiraswasta;0;4;Akademik;Tidak
MHS03818;Tidak;S3;S2;Profesional (dokter/guru/dll);Profesional (dokter/guru/dll);0;5;Sosial;Tidak
MHS03819;Tidak;S1;SMA/SMK;Karyawan Swasta;Tidak Bekerja;1;3;Sosial;Tidak
MHS03820;Tidak;SMP;D3;Buruh/Pekerja Harian;Karyawan Swasta;2;2;Finansial;Tidak
MHS03821;Tidak;S1;SMA/SMK;Karyawan Swasta;Buruh/Pekerja Harian;0;4;Akademik;Tidak
MHS03822;Tidak;S2;S2;PNS/ASN;Profesional (dokter/guru/dll);0;5;Adaptasi;Tidak
MHS03823;Tidak;D3;S2;Karyawan Swasta;PNS/ASN;0;5;Akademik;Tidak
MHS03824;Tidak;SMA/SMK;S1;Wiraswasta;Karyawan Swasta;1;5;Adaptasi;Tidak
MHS03825;Tidak;SMA/SMK;D3;Wiraswasta;Karyawan Swasta;0;3;Finansial;Ya
MHS03826;Ya;SMA/SMK;SMP;Buruh/Pekerja Harian;Wiraswasta;1;2;Finansial;Ya
MHS03827;Ya;SMP;SMP;Petani/Nelayan;Buruh/Pekerja Harian;1;1;Finansial;Tidak
MHS03828;Tidak;S1;D3;Wiraswasta;Karyawan Swasta;0;3;Adaptasi;Tidak
MHS03829;Ya;SD;SD;Tidak Bekerja;Tidak Bekerja;3;4;Akademik;Ya
MHS03830;Tidak;SMA/SMK;S1;Buruh/Pekerja Harian;Karyawan Swasta;1;5;Akademik;Ya
MHS03831;Tidak;S1;S2;Karyawan Swasta;Profesional (dokter/guru/dll);1;5;Akademik;Ya
MHS03832;Ya;SMA/SMK;SMA/SMK;Petani/Nelayan;Wiraswasta;0;2;Finansial;Ya
MHS03833;Tidak;D3;S1;Wiraswasta;Karyawan Swasta;0;5;Akademik;Ya
MHS03834;Tidak;S1;S2;Karyawan Swasta;Profesional (dokter/guru/dll);1;4;Akademik;Ya
MHS03835;Tidak;SMP;S1;Buruh/Pekerja Harian;Karyawan Swasta;1;2;Adaptasi;Ya
MHS03836;Ya;SMP;SD;Wiraswasta;Karyawan Swasta;0;1;Finansial;Ya
MHS03837;Tidak;D3;SMP;Profesional (dokter/guru/dll);Buruh/Pekerja Harian;0;3;Akademik;Tidak
MHS03838;Ya;SMA/SMK;Tidak Sekolah;Tidak Bekerja;Karyawan Swasta;0;2;Sosial;Tidak
MHS03839;Tidak;SMA/SMK;D3;Petani/Nelayan;Tidak Bekerja;0;2;Finansial;Tidak
MHS03840;Tidak;S1;SMP;Karyawan Swasta;Tidak Bekerja;1;4;Sosial;Tidak
MHS03841;Tidak;S1;S1;Karyawan Swasta;Tidak Bekerja;2;4;Adaptasi;Tidak
MHS03842;Tidak;SD;S1;Buruh/Pekerja Harian;Tidak Bekerja;0;3;Finansial;Ya
MHS03843;Tidak;SMP;S1;Tidak Bekerja;PNS/ASN;0;4;Akademik;Tidak
MHS03844;Ya;SMA/SMK;SD;PNS/ASN;Tidak Bekerja;2;5;Finansial;Tidak
MHS03845;Tidak;S1;S1;TNI/Polri;Karyawan Swasta;2;5;Adaptasi;Tidak
MHS03846;Tidak;SMA/SMK;S1;Karyawan Swasta;Karyawan Swasta;2;4;Akademik;Ya
MHS03847;Ya;SMA/SMK;SD;TNI/Polri;Tidak Bekerja;0;2;Finansial;Ya
MHS03848;Ya;SMP;SD;Karyawan Swasta;Buruh/Pekerja Harian;0;1;Finansial;Ya
MHS03849;Tidak;D3;Tidak Sekolah;Karyawan Swasta;Tidak Bekerja;0;4;Finansial;Tidak
MHS03850;Tidak;S1;D3;PNS/ASN;Karyawan Swasta;2;3;Akademik;Tidak
MHS03851;Tidak;S2;D3;PNS/ASN;Profesional (dokter/guru/dll);0;3;Sosial;Tidak
MHS03852;Tidak;S1;S1;Wiraswasta;PNS/ASN;1;3;Finansial;Ya
MHS03853;Ya;SMP;SMP;Buruh/Pekerja Harian;Tidak Bekerja;0;4;Sosial;Tidak
MHS03854;Tidak;SMP;S1;Buruh/Pekerja Harian;Wiraswasta;0;3;Akademik;Ya
MHS03855;Tidak;S1;S2;Profesional (dokter/guru/dll);Profesional (dokter/guru/dll);1;5;Sosial;Tidak
MHS03856;Ya;SMP;SMP;Buruh/Pekerja Harian;Wiraswasta;0;2;Finansial;Ya
MHS03857;Tidak;SD;S1;Tidak Bekerja;Wiraswasta;0;2;Finansial;Ya
MHS03858;Tidak;D3;SMP;Profesional (dokter/guru/dll);Tidak Bekerja;0;1;Adaptasi;Tidak
MHS03859;Tidak;S2;D3;PNS/ASN;Wiraswasta;0;3;Sosial;Tidak
MHS03860;Tidak;S1;SMA/SMK;Profesional (dokter/guru/dll);Wiraswasta;0;4;Akademik;Tidak
MHS03861;Ya;SMA/SMK;SMA/SMK;Karyawan Swasta;Tidak Bekerja;0;3;Adaptasi;Ya
MHS03862;Tidak;S3;S1;Wiraswasta;Karyawan Swasta;0;5;Akademik;Tidak
MHS03863;Tidak;D3;S1;Karyawan Swasta;Profesional (dokter/guru/dll);2;3;Adaptasi;Tidak
MHS03864;Ya;SD;Tidak Sekolah;Petani/Nelayan;Tidak Bekerja;0;3;Finansial;Tidak
MHS03865;Tidak;SMA/SMK;D3;Karyawan Swasta;Karyawan Swasta;0;4;Finansial;Tidak
MHS03866;Tidak;S2;S2;Karyawan Swasta;Profesional (dokter/guru/dll);1;5;Sosial;Tidak
MHS03867;Ya;SD;SMA/SMK;Karyawan Swasta;Tidak Bekerja;1;2;Finansial;Ya
MHS03868;Tidak;S1;SMA/SMK;Profesional (dokter/guru/dll);Karyawan Swasta;1;4;Sosial;Tidak
MHS03869;Tidak;SMP;S2;Wiraswasta;Profesional (dokter/guru/dll);0;3;Adaptasi;Tidak
MHS03870;Ya;SD;SD;Buruh/Pekerja Harian;Buruh/Pekerja Harian;0;1;Finansial;Tidak
MHS03871;Ya;SMA/SMK;SMA/SMK;Petani/Nelayan;Buruh/Pekerja Harian;1;3;Akademik;Ya
MHS03872;Ya;SMA/SMK;SMA/SMK;Karyawan Swasta;Tidak Bekerja;1;5;Akademik;Tidak
MHS03873;Tidak;S1;S1;Karyawan Swasta;Tidak Bekerja;1;5;Adaptasi;Tidak
MHS03874;Ya;SMA/SMK;Tidak Sekolah;Wiraswasta;Tidak Bekerja;1;2;Finansial;Tidak
MHS03875;Tidak;S1;S1;Karyawan Swasta;Wiraswasta;1;5;Sosial;Tidak
MHS03876;Ya;SMA/SMK;SMP;Petani/Nelayan;Tidak Bekerja;1;4;Finansial;Tidak
MHS03877;Ya;SMP;SMP;Buruh/Pekerja Harian;Tidak Bekerja;0;3;Akademik;Ya
MHS03878;Tidak;S1;SMP;Profesional (dokter/guru/dll);Wiraswasta;0;3;Adaptasi;Tidak
MHS03879;Tidak;S1;SD;Karyawan Swasta;Tidak Bekerja;1;3;Akademik;Ya
MHS03880;Tidak;SMA/SMK;S1;Tidak Bekerja;PNS/ASN;0;4;Akademik;Ya
MHS03881;Tidak;S2;SMA/SMK;PNS/ASN;Karyawan Swasta;0;2;Finansial;Ya
MHS03882;Ya;SMA/SMK;SMA/SMK;Wiraswasta;Wiraswasta;0;4;Akademik;Ya
MHS03883;Tidak;S1;S1;Profesional (dokter/guru/dll);Karyawan Swasta;1;5;Akademik;Tidak
MHS03884;Ya;SMA/SMK;SMP;Tidak Bekerja;Wiraswasta;2;2;Akademik;Ya
MHS03885;Ya;SD;SMP;Petani/Nelayan;Wiraswasta;0;3;Sosial;Ya
MHS03886;Tidak;SMA/SMK;D3;Petani/Nelayan;Profesional (dokter/guru/dll);0;3;Adaptasi;Tidak
MHS03887;Tidak;S1;SMA/SMK;TNI/Polri;Wiraswasta;2;4;Sosial;Tidak
MHS03888;Tidak;S3;S2;Karyawan Swasta;PNS/ASN;0;5;Adaptasi;Tidak
MHS03889;Ya;SMA/SMK;SD;Karyawan Swasta;Buruh/Pekerja Harian;0;4;Akademik;Ya
MHS03890;Tidak;S1;SD;PNS/ASN;Tidak Bekerja;0;3;Akademik;Tidak
MHS03891;Ya;SMA/SMK;SMA/SMK;TNI/Polri;Tidak Bekerja;0;5;Adaptasi;Tidak
MHS03892;Tidak;S1;S1;PNS/ASN;Karyawan Swasta;1;4;Akademik;Tidak
MHS03893;Ya;SMA/SMK;SD;Petani/Nelayan;Tidak Bekerja;2;4;Adaptasi;Tidak
MHS03894;Tidak;D3;S1;TNI/Polri;Profesional (dokter/guru/dll);0;3;Akademik;Tidak
MHS03895;Tidak;S2;SMP;Karyawan Swasta;Karyawan Swasta;0;5;Sosial;Tidak
MHS03896;Tidak;S1;SMA/SMK;Profesional (dokter/guru/dll);Karyawan Swasta;0;3;Adaptasi;Tidak
MHS03897;Ya;SMA/SMK;SMP;Karyawan Swasta;Buruh/Pekerja Harian;4;3;Akademik;Tidak
MHS03898;Tidak;S1;S3;Wiraswasta;PNS/ASN;0;4;Sosial;Tidak
MHS03899;Ya;SMP;SMA/SMK;Wiraswasta;Tidak Bekerja;1;2;Finansial;Ya
MHS03900;Ya;SD;SMP;Wiraswasta;Tidak Bekerja;0;3;Adaptasi;Tidak
MHS03901;Ya;SMA/SMK;SMA/SMK;Buruh/Pekerja Harian;Tidak Bekerja;1;1;Sosial;Ya
MHS03902;Tidak;S1;SMP;PNS/ASN;Tidak Bekerja;0;2;Akademik;Tidak
MHS03903;Tidak;SMA/SMK;S1;Buruh/Pekerja Harian;Wiraswasta;0;3;Finansial;Tidak
MHS03904;Tidak;S1;S1;PNS/ASN;Wiraswasta;1;4;Sosial;Tidak
MHS03905;Ya;Tidak Sekolah;SMP;Buruh/Pekerja Harian;Tidak Bekerja;1;4;Akademik;Tidak
MHS03906;Ya;SD;SD;Wiraswasta;Karyawan Swasta;0;3;Finansial;Tidak
MHS03907;Tidak;S2;S1;Wiraswasta;Tidak Bekerja;1;4;Akademik;Tidak
MHS03908;Ya;SMA/SMK;SD;Wiraswasta;Tidak Bekerja;0;3;Finansial;Tidak
MHS03909;Tidak;D3;SMP;Wiraswasta;Buruh/Pekerja Harian;1;5;Adaptasi;Tidak
MHS03910;Tidak;D3;SMP;PNS/ASN;Karyawan Swasta;1;3;Akademik;Tidak
MHS03911;Tidak;S1;S1;Profesional (dokter/guru/dll);PNS/ASN;0;4;Finansial;Tidak
MHS03912;Ya;SMA/SMK;SMA/SMK;PNS/ASN;Tidak Bekerja;1;1;Akademik;Tidak
MHS03913;Tidak;S1;SMP;Karyawan Swasta;Tidak Bekerja;1;5;Akademik;Tidak
MHS03914;Ya;SMA/SMK;SMA/SMK;PNS/ASN;Tidak Bekerja;1;4;Akademik;Tidak
MHS03915;Tidak;S1;D3;Petani/Nelayan;Tidak Bekerja;0;3;Finansial;Tidak
MHS03916;Ya;Tidak Sekolah;SMP;Buruh/Pekerja Harian;PNS/ASN;0;2;Finansial;Ya
MHS03917;Ya;SMP;SMP;Tidak Bekerja;Buruh/Pekerja Harian;0;2;Finansial;Ya
MHS03918;Ya;SMP;SMA/SMK;Buruh/Pekerja Harian;Karyawan Swasta;0;3;Finansial;Ya
MHS03919;Tidak;S1;S3;TNI/Polri;Profesional (dokter/guru/dll);2;5;Adaptasi;Tidak
MHS03920;Tidak;S2;S1;Karyawan Swasta;Tidak Bekerja;1;3;Sosial;Tidak
MHS03921;Tidak;S1;SMA/SMK;Karyawan Swasta;Tidak Bekerja;2;3;Finansial;Tidak
MHS03922;Ya;SMA/SMK;Tidak Sekolah;Wiraswasta;Tidak Bekerja;1;1;Sosial;Tidak
MHS03923;Tidak;S1;S1;Wiraswasta;Wiraswasta;0;5;Sosial;Ya
MHS03924;Ya;SMP;SMA/SMK;Petani/Nelayan;Wiraswasta;1;2;Finansial;Ya
MHS03925;Ya;SMP;SMA/SMK;Karyawan Swasta;Tidak Bekerja;1;3;Akademik;Ya
MHS03926;Ya;SMP;SD;Wiraswasta;Tidak Bekerja;0;2;Adaptasi;Ya
MHS03927;Ya;SMA/SMK;SMP;Tidak Bekerja;Wiraswasta;1;5;Akademik;Ya
MHS03928;Ya;SMA/SMK;SMA/SMK;Karyawan Swasta;Wiraswasta;1;5;Akademik;Ya
MHS03929;Ya;SMA/SMK;SMP;TNI/Polri;Tidak Bekerja;0;2;Sosial;Tidak
MHS03930;Tidak;SMA/SMK;S1;Karyawan Swasta;Karyawan Swasta;0;4;Akademik;Tidak
MHS03931;Tidak;S1;D3;PNS/ASN;Wiraswasta;1;1;Akademik;Ya
MHS03932;Tidak;S2;SMA/SMK;Petani/Nelayan;Wiraswasta;0;4;Sosial;Ya
MHS03933;Tidak;SMA/SMK;S1;Wiraswasta;Tidak Bekerja;0;3;Adaptasi;Tidak
MHS03934;Ya;SMA/SMK;SD;Wiraswasta;Buruh/Pekerja Harian;0;2;Finansial;Tidak
MHS03935;Tidak;S1;S3;Karyawan Swasta;Profesional (dokter/guru/dll);1;5;Akademik;Tidak
MHS03936;Ya;SD;SMP;Wiraswasta;Tidak Bekerja;1;2;Akademik;Tidak
MHS03937;Tidak;S1;SMA/SMK;Petani/Nelayan;Tidak Bekerja;1;3;Finansial;Tidak
MHS03938;Tidak;S1;D3;Profesional (dokter/guru/dll);PNS/ASN;0;4;Adaptasi;Tidak
MHS03939;Tidak;D3;SMP;PNS/ASN;Tidak Bekerja;1;3;Akademik;Tidak
MHS03940;Tidak;S2;S2;Profesional (dokter/guru/dll);Profesional (dokter/guru/dll);1;5;Sosial;Tidak
MHS03941;Tidak;S1;D3;PNS/ASN;Wiraswasta;2;4;Finansial;Tidak
MHS03942;Ya;SMA/SMK;SMP;Buruh/Pekerja Harian;Buruh/Pekerja Harian;0;4;Finansial;Tidak
MHS03943;Tidak;SMA/SMK;S2;Petani/Nelayan;Profesional (dokter/guru/dll);0;4;Finansial;Tidak
MHS03944;Tidak;S1;S1;Profesional (dokter/guru/dll);Karyawan Swasta;2;5;Sosial;Tidak
MHS03945;Tidak;D3;SMA/SMK;Wiraswasta;Tidak Bekerja;1;4;Sosial;Tidak
MHS03946;Tidak;SMA/SMK;S1;Wiraswasta;Buruh/Pekerja Harian;0;4;Finansial;Tidak
MHS03947;Tidak;S1;SMA/SMK;Petani/Nelayan;Buruh/Pekerja Harian;0;3;Finansial;Tidak
MHS03948;Tidak;SMA/SMK;S1;TNI/Polri;Wiraswasta;0;5;Adaptasi;Tidak
MHS03949;Ya;SMA/SMK;SMP;Wiraswasta;Wiraswasta;2;2;Finansial;Tidak
MHS03950;Tidak;S1;SMA/SMK;PNS/ASN;Tidak Bekerja;0;3;Sosial;Tidak
MHS03951;Tidak;D3;S1;Profesional (dokter/guru/dll);PNS/ASN;1;5;Sosial;Tidak
MHS03952;Ya;Tidak Sekolah;SMA/SMK;Buruh/Pekerja Harian;Tidak Bekerja;0;3;Sosial;Ya
MHS03953;Ya;SMA/SMK;SD;PNS/ASN;Wiraswasta;0;3;Finansial;Tidak
MHS03954;Tidak;S1;SMA/SMK;Wiraswasta;Buruh/Pekerja Harian;1;5;Adaptasi;Tidak
MHS03955;Ya;SMP;SD;Petani/Nelayan;Karyawan Swasta;0;2;Akademik;Tidak
MHS03956;Ya;SMA/SMK;SMP;Buruh/Pekerja Harian;PNS/ASN;0;3;Finansial;Ya
MHS03957;Tidak;SMA/SMK;D3;Wiraswasta;Buruh/Pekerja Harian;0;3;Akademik;Tidak
MHS03958;Tidak;D3;SMA/SMK;Karyawan Swasta;Karyawan Swasta;0;3;Akademik;Tidak
MHS03959;Tidak;S1;D3;Profesional (dokter/guru/dll);Buruh/Pekerja Harian;0;4;Sosial;Tidak
MHS03960;Tidak;D3;SMP;Wiraswasta;Karyawan Swasta;0;2;Finansial;Ya
MHS03961;Tidak;S1;SD;PNS/ASN;PNS/ASN;0;3;Finansial;Tidak
MHS03962;Tidak;D3;S1;PNS/ASN;Profesional (dokter/guru/dll);1;4;Akademik;Tidak
MHS03963;Tidak;S1;S1;TNI/Polri;Wiraswasta;0;4;Adaptasi;Ya
MHS03964;Tidak;S1;S1;TNI/Polri;Wiraswasta;3;5;Sosial;Tidak
MHS03965;Ya;SMP;SMA/SMK;Buruh/Pekerja Harian;Buruh/Pekerja Harian;0;2;Finansial;Tidak
MHS03966;Ya;SMP;SMA/SMK;Karyawan Swasta;Tidak Bekerja;0;3;Akademik;Tidak
MHS03967;Ya;SMA/SMK;SMA/SMK;Petani/Nelayan;Buruh/Pekerja Harian;1;3;Adaptasi;Ya
MHS03968;Tidak;SMP;S1;Tidak Bekerja;Wiraswasta;0;1;Adaptasi;Ya
MHS03969;Tidak;S1;SMA/SMK;Karyawan Swasta;Tidak Bekerja;0;4;Akademik;Ya
MHS03970;Tidak;S1;D3;Karyawan Swasta;Karyawan Swasta;0;2;Sosial;Tidak
MHS03971;Tidak;D3;S1;Karyawan Swasta;Tidak Bekerja;1;4;Finansial;Ya
MHS03972;Tidak;SMA/SMK;D3;Wiraswasta;Wiraswasta;0;4;Akademik;Tidak
MHS03973;Tidak;D3;S2;TNI/Polri;PNS/ASN;0;4;Finansial;Tidak
MHS03974;Ya;Tidak Sekolah;SD;Wiraswasta;Tidak Bekerja;0;2;Finansial;Tidak
MHS03975;Tidak;D3;SMP;Wiraswasta;Tidak Bekerja;0;2;Finansial;Tidak
MHS03976;Tidak;S2;SMA/SMK;Profesional (dokter/guru/dll);Tidak Bekerja;3;4;Adaptasi;Ya
MHS03977;Tidak;S3;S1;Wiraswasta;Tidak Bekerja;0;2;Finansial;Tidak
MHS03978;Tidak;SMA/SMK;D3;PNS/ASN;PNS/ASN;0;3;Akademik;Tidak
MHS03979;Ya;SMA/SMK;SMP;Wiraswasta;Buruh/Pekerja Harian;1;2;Adaptasi;Ya
MHS03980;Tidak;S1;D3;Wiraswasta;Profesional (dokter/guru/dll);2;3;Finansial;Ya
MHS03981;Tidak;SMA/SMK;S3;Buruh/Pekerja Harian;Tidak Bekerja;1;4;Akademik;Tidak
MHS03982;Tidak;S2;SMA/SMK;TNI/Polri;Wiraswasta;1;5;Adaptasi;Tidak
MHS03983;Tidak;SMP;D3;Petani/Nelayan;Tidak Bekerja;0;4;Akademik;Tidak
MHS03984;Ya;SMA/SMK;Tidak Sekolah;Karyawan Swasta;Wiraswasta;0;3;Akademik;Tidak
MHS03985;Tidak;S2;D3;Profesional (dokter/guru/dll);PNS/ASN;3;4;Akademik;Tidak
MHS03986;Ya;SMA/SMK;SMA/SMK;Karyawan Swasta;Karyawan Swasta;0;5;Finansial;Ya
MHS03987;Tidak;D3;SMP;Karyawan Swasta;Tidak Bekerja;0;5;Akademik;Ya
MHS03988;Ya;SMA/SMK;SMP;Wiraswasta;Buruh/Pekerja Harian;0;3;Adaptasi;Ya
MHS03989;Ya;SMA/SMK;SMA/SMK;Karyawan Swasta;Tidak Bekerja;0;4;Finansial;Tidak
MHS03990;Ya;SMP;SD;Petani/Nelayan;Tidak Bekerja;0;3;Finansial;Ya
MHS03991;Ya;SMP;SD;Buruh/Pekerja Harian;Buruh/Pekerja Harian;0;3;Akademik;Tidak
MHS03992;Ya;SMP;Tidak Sekolah;Petani/Nelayan;Buruh/Pekerja Harian;0;3;Finansial;Tidak
MHS03993;Tidak;S2;SMA/SMK;Wiraswasta;Wiraswasta;2;4;Akademik;Tidak
MHS03994;Tidak;S1;S1;PNS/ASN;Karyawan Swasta;1;4;Akademik;Tidak
MHS03995;Tidak;SMA/SMK;S1;Buruh/Pekerja Harian;Karyawan Swasta;2;4;Akademik;Tidak
MHS03996;Tidak;S1;SMA/SMK;Petani/Nelayan;Karyawan Swasta;1;2;Sosial;Ya
MHS03997;Tidak;SMA/SMK;S1;Karyawan Swasta;Wiraswasta;1;5;Akademik;Tidak
MHS03998;Ya;SMA/SMK;SMA/SMK;Buruh/Pekerja Harian;Karyawan Swasta;2;2;Finansial;Ya
MHS03999;Ya;SMP;SMA/SMK;Buruh/Pekerja Harian;Wiraswasta;0;4;Finansial;Ya
MHS04000;Tidak;S1;S2;TNI/Polri;PNS/ASN;0;4;Akademik;Tidak
MHS04001;Tidak;S2;S2;Profesional (dokter/guru/dll);Wiraswasta;1;5;Adaptasi;Tidak
MHS04002;Tidak;SMA/SMK;D3;Wiraswasta;Tidak Bekerja;0;2;Adaptasi;Tidak
MHS04003;Tidak;D3;SMA/SMK;Karyawan Swasta;Tidak Bekerja;0;5;Akademik;Ya
MHS04004;Ya;SMA/SMK;SMA/SMK;Buruh/Pekerja Harian;Tidak Bekerja;0;5;Adaptasi;Tidak
MHS04005;Tidak;D3;SMA/SMK;Wiraswasta;Karyawan Swasta;2;3;Sosial;Tidak
MHS04006;Ya;SMA/SMK;SMA/SMK;Karyawan Swasta;Tidak Bekerja;1;3;Finansial;Tidak
MHS04007;Ya;SMA/SMK;SMP;Buruh/Pekerja Harian;Tidak Bekerja;1;2;Finansial;Tidak
MHS04008;Tidak;D3;SD;Karyawan Swasta;Karyawan Swasta;0;2;Finansial;Tidak
MHS04009;Ya;SMA/SMK;SMA/SMK;PNS/ASN;Tidak Bekerja;1;4;Finansial;Tidak
MHS04010;Ya;SMA/SMK;SMA/SMK;Karyawan Swasta;Tidak Bekerja;0;3;Akademik;Tidak
MHS04011;Tidak;SMA/SMK;S1;Petani/Nelayan;Profesional (dokter/guru/dll);1;4;Adaptasi;Tidak
MHS04012;Tidak;S2;SMA/SMK;PNS/ASN;PNS/ASN;0;4;Sosial;Tidak
MHS04013;Tidak;S1;SMA/SMK;PNS/ASN;Wiraswasta;1;1;Akademik;Tidak
MHS04014;Tidak;SMA/SMK;D3;Wiraswasta;PNS/ASN;1;5;Akademik;Tidak
MHS04015;Ya;SMA/SMK;SMA/SMK;Karyawan Swasta;Tidak Bekerja;0;2;Finansial;Ya
MHS04016;Tidak;S1;S3;Karyawan Swasta;Karyawan Swasta;2;5;Akademik;Tidak
MHS04017;Tidak;SMA/SMK;D3;Karyawan Swasta;Wiraswasta;0;3;Adaptasi;Tidak
MHS04018;Ya;SMP;SMA/SMK;Petani/Nelayan;Buruh/Pekerja Harian;0;2;Finansial;Tidak
MHS04019;Tidak;S1;SMA/SMK;Profesional (dokter/guru/dll);Tidak Bekerja;0;3;Akademik;Tidak
MHS04020;Tidak;SMA/SMK;S1;Petani/Nelayan;Wiraswasta;0;3;Adaptasi;Tidak
MHS04021;Ya;SMA/SMK;SMA/SMK;Karyawan Swasta;Wiraswasta;0;3;Finansial;Ya
MHS04022;Tidak;D3;SMA/SMK;Petani/Nelayan;Wiraswasta;0;3;Finansial;Tidak
MHS04023;Ya;SMP;SMA/SMK;PNS/ASN;PNS/ASN;1;5;Sosial;Ya
MHS04024;Tidak;S1;SD;Karyawan Swasta;Tidak Bekerja;1;5;Akademik;Tidak
MHS04025;Tidak;D3;SMA/SMK;Petani/Nelayan;Tidak Bekerja;1;1;Adaptasi;Tidak
MHS04026;Ya;SMA/SMK;SMA/SMK;Petani/Nelayan;Wiraswasta;0;5;Adaptasi;Ya
MHS04027;Tidak;SMA/SMK;D3;PNS/ASN;Profesional (dokter/guru/dll);0;3;Adaptasi;Tidak
MHS04028;Tidak;S3;S1;TNI/Polri;Tidak Bekerja;0;4;Sosial;Tidak
MHS04029;Tidak;S3;S1;Profesional (dokter/guru/dll);Karyawan Swasta;3;3;Sosial;Tidak
MHS04030;Tidak;S2;S1;Wiraswasta;Wiraswasta;4;5;Sosial;Tidak
MHS04031;Tidak;D3;D3;PNS/ASN;Karyawan Swasta;0;5;Finansial;Tidak
MHS04032;Ya;SD;SMA/SMK;Buruh/Pekerja Harian;Wiraswasta;0;3;Finansial;Tidak
MHS04033;Tidak;SMP;S2;Tidak Bekerja;PNS/ASN;0;4;Sosial;Tidak
MHS04034;Ya;SMA/SMK;SMA/SMK;Buruh/Pekerja Harian;Tidak Bekerja;1;4;Finansial;Tidak
MHS04035;Tidak;SMP;S1;Petani/Nelayan;Karyawan Swasta;0;3;Adaptasi;Tidak
MHS04036;Tidak;S1;S1;TNI/Polri;Tidak Bekerja;2;5;Akademik;Ya
MHS04037;Tidak;S2;S1;Wiraswasta;Wiraswasta;1;2;Finansial;Tidak
MHS04038;Ya;SMP;SMA/SMK;Karyawan Swasta;Karyawan Swasta;0;2;Finansial;Ya
MHS04039;Tidak;S2;SD;Karyawan Swasta;Tidak Bekerja;0;4;Akademik;Tidak
MHS04040;Tidak;SMA/SMK;S1;Tidak Bekerja;Profesional (dokter/guru/dll);0;3;Finansial;Tidak
MHS04041;Tidak;SMA/SMK;S1;Wiraswasta;Tidak Bekerja;1;4;Akademik;Ya
MHS04042;Ya;SMP;SMP;Wiraswasta;Tidak Bekerja;0;4;Adaptasi;Ya
MHS04043;Tidak;D3;SMP;Wiraswasta;Buruh/Pekerja Harian;0;5;Finansial;Tidak
MHS04044;Tidak;S1;SMA/SMK;Wiraswasta;Tidak Bekerja;0;4;Finansial;Ya
MHS04045;Tidak;D3;S1;Wiraswasta;Karyawan Swasta;1;5;Akademik;Tidak
MHS04046;Ya;SMP;SMA/SMK;Karyawan Swasta;Tidak Bekerja;0;3;Akademik;Ya
MHS04047;Tidak;SMA/SMK;D3;Karyawan Swasta;Tidak Bekerja;1;2;Akademik;Ya
MHS04048;Tidak;D3;S1;Karyawan Swasta;Wiraswasta;0;2;Adaptasi;Tidak
MHS04049;Tidak;S1;SMA/SMK;TNI/Polri;Wiraswasta;0;4;Adaptasi;Tidak
MHS04050;Ya;SMA/SMK;SMA/SMK;PNS/ASN;Wiraswasta;1;5;Finansial;Ya
MHS04051;Tidak;SMA/SMK;S1;Petani/Nelayan;Profesional (dokter/guru/dll);0;2;Finansial;Tidak
MHS04052;Ya;SMP;SMA/SMK;Buruh/Pekerja Harian;Wiraswasta;1;3;Finansial;Ya
MHS04053;Ya;SMA/SMK;SMP;Petani/Nelayan;Tidak Bekerja;1;3;Finansial;Ya
MHS04054;Tidak;S2;S1;PNS/ASN;Wiraswasta;4;3;Finansial;Tidak
MHS04055;Tidak;S1;S1;PNS/ASN;Wiraswasta;2;4;Adaptasi;Tidak
MHS04056;Ya;SMA/SMK;SMA/SMK;Wiraswasta;Wiraswasta;0;4;Akademik;Tidak
MHS04057;Ya;SMA/SMK;SMA/SMK;Tidak Bekerja;Buruh/Pekerja Harian;0;2;Finansial;Tidak
MHS04058;Tidak;S1;SMA/SMK;PNS/ASN;Tidak Bekerja;1;3;Akademik;Tidak
MHS04059;Ya;SMA/SMK;SD;Wiraswasta;Tidak Bekerja;0;3;Akademik;Ya
MHS04060;Ya;SMP;SMA/SMK;TNI/Polri;Wiraswasta;0;2;Finansial;Ya
MHS04061;Ya;SMA/SMK;SMA/SMK;Wiraswasta;Tidak Bekerja;1;1;Finansial;Tidak
MHS04062;Tidak;SMA/SMK;S3;Karyawan Swasta;Profesional (dokter/guru/dll);0;5;Akademik;Tidak
MHS04063;Ya;SMA/SMK;SMA/SMK;Karyawan Swasta;Buruh/Pekerja Harian;0;3;Akademik;Tidak
MHS04064;Ya;SMA/SMK;SMA/SMK;Karyawan Swasta;Tidak Bekerja;0;3;Akademik;Ya
MHS04065;Tidak;SMA/SMK;D3;Karyawan Swasta;Karyawan Swasta;0;4;Finansial;Ya
MHS04066;Ya;SMP;SMA/SMK;Petani/Nelayan;Karyawan Swasta;1;3;Akademik;Tidak
MHS04067;Tidak;D3;S1;TNI/Polri;Karyawan Swasta;1;5;Akademik;Tidak
MHS04068;Tidak;S1;S2;TNI/Polri;PNS/ASN;3;4;Akademik;Ya
MHS04069;Ya;SMA/SMK;SMA/SMK;Wiraswasta;Tidak Bekerja;0;3;Akademik;Tidak
MHS04070;Tidak;SMP;S1;Wiraswasta;Karyawan Swasta;0;3;Akademik;Tidak
MHS04071;Tidak;SMP;S2;Karyawan Swasta;PNS/ASN;0;3;Sosial;Tidak
MHS04072;Tidak;S1;SMA/SMK;Karyawan Swasta;Buruh/Pekerja Harian;2;5;Akademik;Ya
MHS04073;Tidak;S2;D3;Profesional (dokter/guru/dll);PNS/ASN;4;5;Sosial;Tidak
MHS04074;Tidak;D3;SMA/SMK;Petani/Nelayan;Tidak Bekerja;0;3;Finansial;Tidak
MHS04075;Tidak;D3;SMA/SMK;Buruh/Pekerja Harian;Karyawan Swasta;0;4;Finansial;Tidak
MHS04076;Tidak;D3;SMA/SMK;Karyawan Swasta;PNS/ASN;0;3;Akademik;Tidak
MHS04077;Ya;SMA/SMK;SMA/SMK;Petani/Nelayan;Wiraswasta;0;3;Finansial;Tidak
MHS04078;Tidak;SMA/SMK;D3;Karyawan Swasta;Profesional (dokter/guru/dll);3;3;Finansial;Tidak
MHS04079;Ya;Tidak Sekolah;SMP;Petani/Nelayan;Tidak Bekerja;1;1;Finansial;Ya
MHS04080;Tidak;S3;D3;PNS/ASN;Karyawan Swasta;0;4;Akademik;Ya
MHS04081;Ya;SMA/SMK;SMP;Wiraswasta;Karyawan Swasta;1;4;Finansial;Ya
MHS04082;Tidak;S1;SMP;Karyawan Swasta;Wiraswasta;0;3;Finansial;Tidak
MHS04083;Ya;SMA/SMK;SMP;PNS/ASN;Karyawan Swasta;1;4;Sosial;Tidak
MHS04084;Ya;SMP;SMA/SMK;Buruh/Pekerja Harian;Tidak Bekerja;0;3;Finansial;Ya
MHS04085;Tidak;SMA/SMK;S1;TNI/Polri;PNS/ASN;0;2;Akademik;Tidak
MHS04086;Tidak;S1;S2;TNI/Polri;Karyawan Swasta;0;4;Akademik;Tidak
MHS04087;Tidak;S1;SMA/SMK;PNS/ASN;Karyawan Swasta;1;5;Adaptasi;Tidak
MHS04088;Ya;SMA/SMK;SMA/SMK;Karyawan Swasta;Karyawan Swasta;1;1;Akademik;Ya
MHS04089;Tidak;D3;SMA/SMK;Wiraswasta;Profesional (dokter/guru/dll);2;5;Adaptasi;Tidak
MHS04090;Tidak;S1;SMA/SMK;Karyawan Swasta;Karyawan Swasta;0;4;Akademik;Ya
MHS04091;Tidak;S2;S1;PNS/ASN;Karyawan Swasta;1;5;Finansial;Tidak
MHS04092;Tidak;D3;SMP;Karyawan Swasta;Buruh/Pekerja Harian;1;3;Akademik;Tidak
MHS04093;Ya;SMP;SMP;Buruh/Pekerja Harian;Tidak Bekerja;0;3;Finansial;Tidak
MHS04094;Ya;SMA/SMK;SMP;TNI/Polri;Buruh/Pekerja Harian;0;4;Finansial;Ya
MHS04095;Tidak;SMA/SMK;S1;Karyawan Swasta;Karyawan Swasta;1;5;Adaptasi;Tidak
MHS04096;Ya;SMA/SMK;SMP;Tidak Bekerja;Tidak Bekerja;2;2;Finansial;Ya
MHS04097;Ya;SMA/SMK;SMP;Karyawan Swasta;Tidak Bekerja;0;4;Finansial;Tidak
MHS04098;Ya;SMA/SMK;SD;Wiraswasta;Wiraswasta;1;2;Finansial;Tidak
MHS04099;Tidak;S1;S1;Tidak Bekerja;PNS/ASN;0;2;Sosial;Tidak
MHS04100;Tidak;S2;SMA/SMK;TNI/Polri;Karyawan Swasta;0;4;Adaptasi;Tidak
MHS04101;Ya;SMA/SMK;SMP;Wiraswasta;Karyawan Swasta;0;1;Adaptasi;Tidak
MHS04102;Tidak;S1;SMA/SMK;TNI/Polri;Wiraswasta;0;3;Akademik;Tidak
MHS04103;Tidak;D3;SMP;PNS/ASN;Tidak Bekerja;0;4;Finansial;Ya
MHS04104;Ya;SD;SD;Petani/Nelayan;Tidak Bekerja;0;1;Finansial;Ya
MHS04105;Tidak;S1;S1;PNS/ASN;PNS/ASN;1;5;Akademik;Tidak
MHS04106;Tidak;SMP;S1;Petani/Nelayan;Karyawan Swasta;0;2;Akademik;Tidak
MHS04107;Tidak;S1;SMA/SMK;Wiraswasta;Tidak Bekerja;1;3;Akademik;Ya
MHS04108;Tidak;D3;SMA/SMK;Profesional (dokter/guru/dll);Buruh/Pekerja Harian;1;5;Adaptasi;Ya
MHS04109;Tidak;S1;SMA/SMK;PNS/ASN;Profesional (dokter/guru/dll);2;3;Finansial;Tidak
MHS04110;Ya;SMP;SMA/SMK;Karyawan Swasta;Tidak Bekerja;0;3;Adaptasi;Ya
MHS04111;Tidak;SD;S2;Petani/Nelayan;Karyawan Swasta;0;2;Akademik;Tidak
MHS04112;Ya;SMA/SMK;SD;Petani/Nelayan;Tidak Bekerja;0;3;Finansial;Ya
MHS04113;Tidak;S3;S1;Wiraswasta;Karyawan Swasta;1;5;Akademik;Tidak
MHS04114;Tidak;SMA/SMK;D3;Karyawan Swasta;Wiraswasta;2;2;Akademik;Ya
MHS04115;Tidak;SMA/SMK;S1;TNI/Polri;Profesional (dokter/guru/dll);0;2;Finansial;Tidak
MHS04116;Tidak;S1;SMA/SMK;Profesional (dokter/guru/dll);Tidak Bekerja;0;5;Akademik;Tidak
MHS04117;Ya;SMA/SMK;SMA/SMK;Karyawan Swasta;Tidak Bekerja;1;3;Finansial;Ya
MHS04118;Ya;SMA/SMK;SMA/SMK;Buruh/Pekerja Harian;Wiraswasta;1;4;Adaptasi;Tidak
MHS04119;Tidak;S2;D3;Karyawan Swasta;Wiraswasta;1;4;Adaptasi;Tidak
MHS04120;Tidak;S1;S1;Profesional (dokter/guru/dll);Karyawan Swasta;2;5;Akademik;Tidak
MHS04121;Ya;SMP;SMA/SMK;Buruh/Pekerja Harian;Profesional (dokter/guru/dll);2;3;Finansial;Tidak
MHS04122;Tidak;S1;S2;Wiraswasta;Karyawan Swasta;0;4;Finansial;Tidak
MHS04123;Tidak;D3;S1;Wiraswasta;Karyawan Swasta;1;4;Adaptasi;Tidak
MHS04124;Tidak;S1;SMA/SMK;Karyawan Swasta;Tidak Bekerja;1;3;Sosial;Tidak
MHS04125;Tidak;SMA/SMK;D3;Petani/Nelayan;Karyawan Swasta;0;3;Finansial;Ya
MHS04126;Ya;SMA/SMK;SMA/SMK;Wiraswasta;Tidak Bekerja;0;2;Finansial;Ya
MHS04127;Tidak;D3;D3;Profesional (dokter/guru/dll);Wiraswasta;3;5;Adaptasi;Tidak
MHS04128;Tidak;S2;S2;Profesional (dokter/guru/dll);Tidak Bekerja;1;5;Adaptasi;Tidak
MHS04129;Tidak;S3;S3;Profesional (dokter/guru/dll);Profesional (dokter/guru/dll);3;5;Akademik;Ya
MHS04130;Tidak;S1;SMP;PNS/ASN;Wiraswasta;1;3;Akademik;Tidak
MHS04131;Tidak;SMA/SMK;S1;Wiraswasta;Profesional (dokter/guru/dll);0;4;Sosial;Tidak
MHS04132;Ya;SMA/SMK;SMA/SMK;Karyawan Swasta;Buruh/Pekerja Harian;0;5;Finansial;Tidak
MHS04133;Tidak;D3;S1;Karyawan Swasta;Profesional (dokter/guru/dll);0;4;Akademik;Tidak
MHS04134;Tidak;SMA/SMK;S1;TNI/Polri;Tidak Bekerja;1;4;Akademik;Tidak
MHS04135;Tidak;S3;SMA/SMK;PNS/ASN;Tidak Bekerja;0;5;Akademik;Tidak
MHS04136;Tidak;S1;S2;PNS/ASN;Wiraswasta;0;4;Sosial;Tidak
MHS04137;Tidak;SMA/SMK;D3;Karyawan Swasta;Tidak Bekerja;2;4;Sosial;Tidak
MHS04138;Ya;SMA/SMK;SMP;PNS/ASN;Tidak Bekerja;0;3;Akademik;Tidak
MHS04139;Tidak;S1;S2;PNS/ASN;PNS/ASN;1;3;Akademik;Tidak
MHS04140;Ya;SMP;Tidak Sekolah;PNS/ASN;Tidak Bekerja;1;4;Finansial;Ya
MHS04141;Tidak;S1;SMP;Wiraswasta;Tidak Bekerja;1;3;Akademik;Ya
MHS04142;Tidak;SMP;D3;Buruh/Pekerja Harian;Wiraswasta;1;3;Finansial;Tidak
MHS04143;Tidak;S1;SMA/SMK;TNI/Polri;PNS/ASN;1;5;Adaptasi;Tidak
MHS04144;Tidak;S1;SMA/SMK;Karyawan Swasta;Karyawan Swasta;0;3;Finansial;Tidak
MHS04145;Ya;SMA/SMK;SMA/SMK;Wiraswasta;Tidak Bekerja;0;3;Adaptasi;Tidak
MHS04146;Tidak;D3;S1;Buruh/Pekerja Harian;Karyawan Swasta;3;3;Sosial;Tidak
MHS04147;Tidak;SMA/SMK;D3;PNS/ASN;Profesional (dokter/guru/dll);2;3;Finansial;Tidak
MHS04148;Ya;SMA/SMK;SD;Karyawan Swasta;Buruh/Pekerja Harian;0;3;Finansial;Ya
MHS04149;Tidak;D3;Tidak Sekolah;Karyawan Swasta;Tidak Bekerja;0;3;Sosial;Ya
MHS04150;Tidak;S3;S3;Profesional (dokter/guru/dll);Profesional (dokter/guru/dll);1;5;Akademik;Tidak
MHS04151;Ya;Tidak Sekolah;SD;Petani/Nelayan;Tidak Bekerja;0;2;Finansial;Tidak
MHS04152;Tidak;S1;D3;Wiraswasta;Karyawan Swasta;0;4;Sosial;Tidak
MHS04153;Ya;SD;SD;Karyawan Swasta;Tidak Bekerja;0;5;Adaptasi;Tidak
MHS04154;Tidak;SMA/SMK;D3;Buruh/Pekerja Harian;PNS/ASN;0;2;Finansial;Tidak
MHS04155;Tidak;S2;S2;Wiraswasta;Wiraswasta;4;5;Akademik;Tidak
MHS04156;Tidak;S1;S1;Karyawan Swasta;Wiraswasta;1;5;Akademik;Tidak
MHS04157;Tidak;D3;S1;Karyawan Swasta;Profesional (dokter/guru/dll);1;4;Sosial;Tidak
MHS04158;Tidak;S1;S2;PNS/ASN;Tidak Bekerja;1;3;Akademik;Tidak
MHS04159;Ya;SD;SMA/SMK;Petani/Nelayan;Karyawan Swasta;0;4;Adaptasi;Tidak
MHS04160;Ya;Tidak Sekolah;SMA/SMK;Petani/Nelayan;Buruh/Pekerja Harian;2;4;Akademik;Ya
MHS04161;Tidak;S1;S2;Karyawan Swasta;PNS/ASN;2;4;Sosial;Ya
MHS04162;Ya;SMA/SMK;SMA/SMK;PNS/ASN;Wiraswasta;1;3;Sosial;Ya
MHS04163;Ya;SMA/SMK;SD;Buruh/Pekerja Harian;Buruh/Pekerja Harian;0;4;Finansial;Tidak
MHS04164;Tidak;S3;S3;TNI/Polri;PNS/ASN;4;5;Sosial;Tidak
MHS04165;Tidak;SMA/SMK;S1;Wiraswasta;Karyawan Swasta;1;5;Adaptasi;Tidak
MHS04166;Tidak;S2;D3;Profesional (dokter/guru/dll);Buruh/Pekerja Harian;0;3;Finansial;Tidak
MHS04167;Ya;SMP;SMA/SMK;Petani/Nelayan;Tidak Bekerja;3;3;Finansial;Ya
MHS04168;Tidak;S1;SMA/SMK;Wiraswasta;Tidak Bekerja;1;5;Finansial;Tidak
MHS04169;Tidak;S1;SMP;Karyawan Swasta;Buruh/Pekerja Harian;0;3;Sosial;Tidak
MHS04170;Tidak;S1;SMA/SMK;Wiraswasta;Buruh/Pekerja Harian;0;3;Finansial;Tidak
MHS04171;Ya;SMP;Tidak Sekolah;Buruh/Pekerja Harian;Tidak Bekerja;0;1;Akademik;Tidak
MHS04172;Tidak;SMA/SMK;D3;Buruh/Pekerja Harian;Tidak Bekerja;0;3;Sosial;Tidak
MHS04173;Ya;SMA/SMK;SMP;PNS/ASN;Wiraswasta;0;4;Finansial;Tidak
MHS04174;Tidak;S2;S2;PNS/ASN;Wiraswasta;1;3;Akademik;Tidak
MHS04175;Ya;SMA/SMK;SMA/SMK;Wiraswasta;Tidak Bekerja;0;2;Finansial;Ya
MHS04176;Tidak;S1;SMP;PNS/ASN;Tidak Bekerja;1;4;Akademik;Tidak
MHS04177;Tidak;S1;SMA/SMK;Profesional (dokter/guru/dll);Tidak Bekerja;1;3;Akademik;Tidak
MHS04178;Tidak;S1;SMA/SMK;Profesional (dokter/guru/dll);Buruh/Pekerja Harian;1;4;Adaptasi;Tidak
MHS04179;Tidak;S1;S1;Karyawan Swasta;PNS/ASN;0;5;Akademik;Tidak
MHS04180;Ya;SD;Tidak Sekolah;Tidak Bekerja;Buruh/Pekerja Harian;0;1;Finansial;Ya
MHS04181;Ya;SMP;SMA/SMK;Wiraswasta;PNS/ASN;0;3;Akademik;Tidak
MHS04182;Tidak;S1;D3;Wiraswasta;Buruh/Pekerja Harian;1;3;Finansial;Tidak
MHS04183;Tidak;SMA/SMK;S1;Buruh/Pekerja Harian;Wiraswasta;0;5;Akademik;Tidak
MHS04184;Tidak;S1;SMP;Wiraswasta;Tidak Bekerja;0;3;Akademik;Tidak
MHS04185;Tidak;SMA/SMK;S1;TNI/Polri;Karyawan Swasta;3;2;Akademik;Tidak
MHS04186;Ya;SMA/SMK;SD;Karyawan Swasta;Tidak Bekerja;0;4;Finansial;Tidak
MHS04187;Tidak;SMP;S1;Wiraswasta;Karyawan Swasta;1;5;Akademik;Ya
MHS04188;Ya;SMA/SMK;SMA/SMK;Profesional (dokter/guru/dll);Wiraswasta;0;2;Akademik;Ya
MHS04189;Tidak;S3;D3;Profesional (dokter/guru/dll);PNS/ASN;3;5;Akademik;Tidak
MHS04190;Tidak;D3;Tidak Sekolah;Wiraswasta;Wiraswasta;3;4;Adaptasi;Tidak
MHS04191;Tidak;S1;D3;Tidak Bekerja;Profesional (dokter/guru/dll);4;4;Akademik;Ya
MHS04192;Tidak;S1;SMA/SMK;Karyawan Swasta;Buruh/Pekerja Harian;1;3;Finansial;Ya
MHS04193;Ya;SMP;SMP;Karyawan Swasta;Tidak Bekerja;2;4;Sosial;Ya
MHS04194;Tidak;SMA/SMK;D3;Buruh/Pekerja Harian;Tidak Bekerja;1;2;Finansial;Ya
MHS04195;Tidak;S2;SMA/SMK;Karyawan Swasta;Tidak Bekerja;1;4;Akademik;Ya
MHS04196;Tidak;S2;SMA/SMK;TNI/Polri;Wiraswasta;0;4;Akademik;Tidak
MHS04197;Tidak;S1;S1;Tidak Bekerja;Tidak Bekerja;0;4;Adaptasi;Tidak
MHS04198;Ya;Tidak Sekolah;SMP;Buruh/Pekerja Harian;Tidak Bekerja;0;3;Finansial;Ya
MHS04199;Ya;SMA/SMK;SMA/SMK;Karyawan Swasta;Wiraswasta;0;3;Akademik;Tidak
MHS04200;Tidak;SMP;S2;Karyawan Swasta;Tidak Bekerja;0;3;Akademik;Tidak
MHS04201;Tidak;S1;S3;Karyawan Swasta;Karyawan Swasta;1;5;Adaptasi;Tidak
MHS04202;Ya;SMP;SMP;Wiraswasta;Tidak Bekerja;0;2;Finansial;Tidak
MHS04203;Ya;SMA/SMK;SMA/SMK;Wiraswasta;Wiraswasta;0;4;Adaptasi;Tidak
MHS04204;Tidak;D3;S2;Tidak Bekerja;Tidak Bekerja;1;2;Finansial;Tidak
MHS04205;Ya;SMA/SMK;SMP;PNS/ASN;Wiraswasta;1;2;Akademik;Ya
MHS04206;Tidak;SMA/SMK;S1;PNS/ASN;PNS/ASN;1;5;Akademik;Tidak
MHS04207;Tidak;S1;SD;Karyawan Swasta;Buruh/Pekerja Harian;0;5;Adaptasi;Tidak
MHS04208;Ya;SD;SD;TNI/Polri;Tidak Bekerja;1;2;Akademik;Ya
MHS04209;Tidak;SMA/SMK;S1;Petani/Nelayan;Tidak Bekerja;1;4;Finansial;Tidak
MHS04210;Ya;SMP;SMP;Buruh/Pekerja Harian;Buruh/Pekerja Harian;0;3;Finansial;Ya
MHS04211;Tidak;D3;SMA/SMK;Karyawan Swasta;Tidak Bekerja;1;3;Akademik;Ya
MHS04212;Ya;SMA/SMK;SMP;Karyawan Swasta;Buruh/Pekerja Harian;1;3;Finansial;Tidak
MHS04213;Ya;SMP;SMP;Wiraswasta;Tidak Bekerja;2;2;Finansial;Ya
MHS04214;Tidak;D3;Tidak Sekolah;PNS/ASN;Buruh/Pekerja Harian;1;2;Akademik;Ya
MHS04215;Ya;SMP;Tidak Sekolah;Petani/Nelayan;Tidak Bekerja;0;3;Sosial;Tidak
MHS04216;Ya;SMA/SMK;SMP;Wiraswasta;Buruh/Pekerja Harian;0;3;Finansial;Ya
MHS04217;Tidak;S2;SMA/SMK;Wiraswasta;Wiraswasta;0;3;Adaptasi;Tidak
MHS04218;Tidak;SMA/SMK;S1;Wiraswasta;Karyawan Swasta;1;3;Sosial;Ya
MHS04219;Tidak;S1;SMA/SMK;Petani/Nelayan;Karyawan Swasta;0;4;Adaptasi;Tidak
MHS04220;Ya;SMP;SMA/SMK;Buruh/Pekerja Harian;Tidak Bekerja;0;2;Adaptasi;Tidak
MHS04221;Ya;SMA/SMK;Tidak Sekolah;Wiraswasta;Tidak Bekerja;0;4;Finansial;Ya
MHS04222;Ya;SD;SMA/SMK;Petani/Nelayan;Tidak Bekerja;0;3;Sosial;Ya
MHS04223;Tidak;S1;SMP;Wiraswasta;Wiraswasta;0;3;Adaptasi;Tidak
MHS04224;Tidak;D3;S1;PNS/ASN;Karyawan Swasta;0;3;Finansial;Tidak
MHS04225;Tidak;S2;S1;Karyawan Swasta;Wiraswasta;1;4;Akademik;Tidak
MHS04226;Tidak;S1;SMP;Profesional (dokter/guru/dll);Tidak Bekerja;2;4;Finansial;Tidak
MHS04227;Ya;SMA/SMK;SMA/SMK;Buruh/Pekerja Harian;Tidak Bekerja;1;2;Finansial;Ya
MHS04228;Ya;SMP;SMP;Petani/Nelayan;Tidak Bekerja;1;3;Adaptasi;Ya
MHS04229;Ya;SD;SMP;Petani/Nelayan;Tidak Bekerja;0;3;Sosial;Ya
MHS04230;Tidak;S1;SMA/SMK;Buruh/Pekerja Harian;Tidak Bekerja;1;2;Akademik;Tidak
MHS04231;Tidak;D3;SMA/SMK;Karyawan Swasta;Karyawan Swasta;0;3;Adaptasi;Tidak
MHS04232;Ya;SMA/SMK;SMA/SMK;Buruh/Pekerja Harian;Tidak Bekerja;0;2;Finansial;Tidak
MHS04233;Tidak;SMA/SMK;S1;Petani/Nelayan;Profesional (dokter/guru/dll);1;3;Sosial;Ya
MHS04234;Tidak;S1;SMA/SMK;Karyawan Swasta;Karyawan Swasta;1;4;Finansial;Tidak
MHS04235;Ya;SD;SMA/SMK;TNI/Polri;Tidak Bekerja;1;3;Akademik;Tidak
MHS04236;Ya;SMP;SMA/SMK;Buruh/Pekerja Harian;Karyawan Swasta;0;2;Finansial;Ya
MHS04237;Tidak;S3;S1;Profesional (dokter/guru/dll);Tidak Bekerja;2;5;Adaptasi;Tidak
MHS04238;Ya;Tidak Sekolah;SMA/SMK;Petani/Nelayan;Buruh/Pekerja Harian;0;3;Adaptasi;Ya
MHS04239;Tidak;SMA/SMK;D3;Wiraswasta;Karyawan Swasta;1;1;Finansial;Tidak
MHS04240;Tidak;D3;SMP;Karyawan Swasta;Tidak Bekerja;0;4;Akademik;Tidak
MHS04241;Tidak;S1;S1;Tidak Bekerja;Karyawan Swasta;0;4;Adaptasi;Tidak
MHS04242;Ya;Tidak Sekolah;SMP;Tidak Bekerja;Tidak Bekerja;0;3;Finansial;Tidak
MHS04243;Tidak;D3;S2;Wiraswasta;PNS/ASN;0;5;Sosial;Tidak
MHS04244;Tidak;S1;S1;Profesional (dokter/guru/dll);Buruh/Pekerja Harian;2;5;Adaptasi;Tidak
MHS04245;Tidak;S1;SMP;Karyawan Swasta;Karyawan Swasta;0;2;Akademik;Tidak
MHS04246;Tidak;S2;S1;Profesional (dokter/guru/dll);Tidak Bekerja;1;5;Akademik;Tidak
MHS04247;Ya;SMA/SMK;SMA/SMK;Buruh/Pekerja Harian;Profesional (dokter/guru/dll);0;3;Finansial;Ya
MHS04248;Ya;SMA/SMK;SMA/SMK;Tidak Bekerja;Karyawan Swasta;2;3;Finansial;Ya
MHS04249;Tidak;S2;S2;Profesional (dokter/guru/dll);Tidak Bekerja;3;4;Sosial;Ya
MHS04250;Tidak;D3;S1;Petani/Nelayan;Wiraswasta;0;4;Sosial;Tidak
MHS04251;Ya;SMA/SMK;SMP;Wiraswasta;Wiraswasta;0;5;Adaptasi;Ya
MHS04252;Tidak;S1;SMA/SMK;Profesional (dokter/guru/dll);Buruh/Pekerja Harian;0;4;Adaptasi;Tidak
MHS04253;Ya;SMA/SMK;SMA/SMK;Wiraswasta;Wiraswasta;1;5;Akademik;Tidak
MHS04254;Tidak;D3;SMA/SMK;Karyawan Swasta;Tidak Bekerja;1;4;Finansial;Tidak
MHS04255;Ya;SMP;Tidak Sekolah;Petani/Nelayan;Buruh/Pekerja Harian;0;2;Finansial;Ya
MHS04256;Tidak;D3;SMA/SMK;Karyawan Swasta;Wiraswasta;1;3;Adaptasi;Tidak
MHS04257;Tidak;S2;SMP;TNI/Polri;Tidak Bekerja;4;2;Akademik;Ya
MHS04258;Tidak;S1;SMA/SMK;PNS/ASN;PNS/ASN;1;4;Sosial;Tidak
MHS04259;Ya;SMA/SMK;SMA/SMK;Karyawan Swasta;Tidak Bekerja;1;4;Akademik;Tidak
MHS04260;Tidak;S1;SMA/SMK;PNS/ASN;Buruh/Pekerja Harian;1;4;Adaptasi;Tidak
MHS04261;Tidak;S1;S1;Karyawan Swasta;PNS/ASN;0;5;Akademik;Tidak
MHS04262;Tidak;S1;SMP;TNI/Polri;Tidak Bekerja;0;3;Sosial;Tidak
MHS04263;Tidak;S1;S1;PNS/ASN;Tidak Bekerja;0;4;Akademik;Tidak
MHS04264;Tidak;SMA/SMK;S1;Karyawan Swasta;Karyawan Swasta;1;3;Finansial;Tidak
MHS04265;Tidak;SMP;D3;Tidak Bekerja;Wiraswasta;0;2;Finansial;Tidak
MHS04266;Tidak;SMA/SMK;S2;Wiraswasta;PNS/ASN;0;4;Akademik;Tidak
MHS04267;Tidak;SMP;S1;Petani/Nelayan;Tidak Bekerja;0;4;Adaptasi;Tidak
MHS04268;Tidak;D3;D3;PNS/ASN;Wiraswasta;0;4;Adaptasi;Tidak
MHS04269;Ya;SMA/SMK;SMP;Karyawan Swasta;Karyawan Swasta;0;4;Finansial;Ya
MHS04270;Ya;SMA/SMK;SMA/SMK;Buruh/Pekerja Harian;Tidak Bekerja;3;3;Finansial;Ya
MHS04271;Ya;SMP;SD;Wiraswasta;Buruh/Pekerja Harian;1;4;Finansial;Tidak
MHS04272;Tidak;S1;SD;PNS/ASN;Tidak Bekerja;0;2;Sosial;Tidak
MHS04273;Tidak;D3;SMP;Karyawan Swasta;Tidak Bekerja;0;4;Akademik;Tidak
MHS04274;Tidak;D3;SMP;Wiraswasta;Tidak Bekerja;0;4;Akademik;Tidak
MHS04275;Tidak;D3;SMA/SMK;Wiraswasta;Wiraswasta;1;3;Sosial;Ya
MHS04276;Tidak;SMA/SMK;S1;TNI/Polri;Wiraswasta;0;3;Finansial;Tidak
MHS04277;Ya;SMA/SMK;SMA/SMK;Wiraswasta;Wiraswasta;0;5;Finansial;Tidak
MHS04278;Tidak;S1;SMA/SMK;Karyawan Swasta;Tidak Bekerja;0;4;Adaptasi;Tidak
MHS04279;Ya;SD;SMA/SMK;Buruh/Pekerja Harian;Tidak Bekerja;0;1;Finansial;Ya
MHS04280;Tidak;S1;D3;Petani/Nelayan;Buruh/Pekerja Harian;0;4;Akademik;Tidak
MHS04281;Tidak;SD;D3;Petani/Nelayan;Tidak Bekerja;0;3;Akademik;Ya
MHS04282;Ya;SMA/SMK;SMA/SMK;Karyawan Swasta;Wiraswasta;0;3;Finansial;Tidak
MHS04283;Tidak;S1;S2;Karyawan Swasta;Profesional (dokter/guru/dll);1;5;Akademik;Tidak
MHS04284;Ya;SMP;SMA/SMK;Buruh/Pekerja Harian;Tidak Bekerja;1;4;Finansial;Tidak
MHS04285;Ya;SMA/SMK;SMA/SMK;Wiraswasta;Buruh/Pekerja Harian;0;4;Akademik;Ya
MHS04286;Tidak;S1;S1;Wiraswasta;Karyawan Swasta;5;4;Akademik;Ya
MHS04287;Tidak;D3;S1;Wiraswasta;Profesional (dokter/guru/dll);1;3;Akademik;Ya
MHS04288;Tidak;SMA/SMK;D3;Petani/Nelayan;Karyawan Swasta;0;4;Finansial;Tidak
MHS04289;Ya;SMA/SMK;SMA/SMK;Petani/Nelayan;Tidak Bekerja;1;1;Sosial;Tidak
MHS04290;Tidak;D3;S1;PNS/ASN;Wiraswasta;0;3;Adaptasi;Ya
MHS04291;Ya;SMA/SMK;SMP;Karyawan Swasta;Tidak Bekerja;1;3;Akademik;Tidak
MHS04292;Tidak;SMA/SMK;S1;TNI/Polri;PNS/ASN;0;2;Akademik;Tidak
MHS04293;Tidak;S1;D3;PNS/ASN;Karyawan Swasta;0;4;Akademik;Tidak
MHS04294;Ya;SD;SMP;Petani/Nelayan;Tidak Bekerja;0;2;Adaptasi;Ya
MHS04295;Ya;SMA/SMK;SMA/SMK;Wiraswasta;Tidak Bekerja;0;4;Sosial;Tidak
MHS04296;Tidak;D3;SMP;TNI/Polri;Tidak Bekerja;0;2;Adaptasi;Tidak
MHS04297;Tidak;S2;S1;Wiraswasta;PNS/ASN;1;4;Akademik;Tidak
MHS04298;Tidak;S2;SMA/SMK;Karyawan Swasta;Buruh/Pekerja Harian;0;3;Adaptasi;Tidak
MHS04299;Tidak;D3;S1;Karyawan Swasta;Tidak Bekerja;0;2;Adaptasi;Tidak
MHS04300;Tidak;S3;SMA/SMK;Wiraswasta;Karyawan Swasta;1;5;Akademik;Tidak
MHS04301;Tidak;SMA/SMK;S1;TNI/Polri;Karyawan Swasta;1;3;Sosial;Ya
MHS04302;Ya;SMP;SMA/SMK;Buruh/Pekerja Harian;Tidak Bekerja;0;3;Akademik;Tidak
MHS04303;Tidak;D3;S1;TNI/Polri;Karyawan Swasta;0;3;Akademik;Tidak
MHS04304;Tidak;S1;SMA/SMK;Karyawan Swasta;Karyawan Swasta;1;4;Sosial;Tidak
MHS04305;Ya;SMA/SMK;SMA/SMK;Wiraswasta;Tidak Bekerja;0;4;Finansial;Tidak
MHS04306;Tidak;S3;S1;Profesional (dokter/guru/dll);Tidak Bekerja;1;4;Akademik;Tidak
MHS04307;Tidak;S1;S1;Profesional (dokter/guru/dll);PNS/ASN;0;5;Akademik;Tidak
MHS04308;Ya;SMA/SMK;SMA/SMK;Buruh/Pekerja Harian;Karyawan Swasta;0;3;Finansial;Tidak
MHS04309;Ya;SD;SMP;Wiraswasta;Tidak Bekerja;0;2;Akademik;Ya
MHS04310;Tidak;S2;D3;Profesional (dokter/guru/dll);Tidak Bekerja;0;5;Sosial;Tidak
MHS04311;Tidak;SMA/SMK;D3;Karyawan Swasta;Karyawan Swasta;2;3;Akademik;Tidak
MHS04312;Ya;SMA/SMK;SMP;Buruh/Pekerja Harian;Wiraswasta;0;2;Sosial;Tidak
MHS04313;Ya;SMA/SMK;SMA/SMK;Buruh/Pekerja Harian;Tidak Bekerja;0;4;Finansial;Tidak
MHS04314;Tidak;S1;S1;TNI/Polri;Profesional (dokter/guru/dll);0;5;Akademik;Tidak
MHS04315;Tidak;SMA/SMK;S1;Karyawan Swasta;Tidak Bekerja;0;5;Akademik;Tidak
MHS04316;Tidak;S1;D3;PNS/ASN;Wiraswasta;0;4;Adaptasi;Tidak
MHS04317;Tidak;D3;SD;Petani/Nelayan;Tidak Bekerja;1;2;Akademik;Ya
MHS04318;Tidak;S1;SD;Profesional (dokter/guru/dll);Buruh/Pekerja Harian;0;1;Akademik;Ya
MHS04319;Ya;SMP;SD;Wiraswasta;Tidak Bekerja;0;3;Finansial;Ya
MHS04320;Ya;SMA/SMK;SMA/SMK;Petani/Nelayan;Tidak Bekerja;0;3;Sosial;Ya
MHS04321;Tidak;SMA/SMK;S1;Buruh/Pekerja Harian;PNS/ASN;0;4;Finansial;Ya
MHS04322;Tidak;S2;S3;Wiraswasta;PNS/ASN;4;5;Akademik;Tidak
MHS04323;Ya;SMA/SMK;SMA/SMK;Tidak Bekerja;Wiraswasta;0;3;Akademik;Tidak
MHS04324;Tidak;SMA/SMK;D3;Petani/Nelayan;Wiraswasta;0;4;Finansial;Tidak
MHS04325;Ya;SMP;SD;Petani/Nelayan;Tidak Bekerja;1;3;Adaptasi;Tidak
MHS04326;Ya;SMP;SD;PNS/ASN;Tidak Bekerja;0;2;Sosial;Tidak
MHS04327;Ya;Tidak Sekolah;SD;Buruh/Pekerja Harian;Buruh/Pekerja Harian;0;1;Akademik;Ya
MHS04328;Tidak;S1;SMA/SMK;PNS/ASN;PNS/ASN;1;2;Finansial;Tidak
MHS04329;Tidak;S1;SMA/SMK;Wiraswasta;Buruh/Pekerja Harian;0;4;Sosial;Tidak
MHS04330;Tidak;D3;S1;Wiraswasta;Karyawan Swasta;0;3;Adaptasi;Ya
MHS04331;Tidak;D3;SMA/SMK;Karyawan Swasta;Wiraswasta;0;4;Adaptasi;Tidak
MHS04332;Tidak;S1;SD;Petani/Nelayan;Tidak Bekerja;0;2;Akademik;Ya
MHS04333;Tidak;D3;SMP;Karyawan Swasta;Buruh/Pekerja Harian;0;4;Adaptasi;Tidak
MHS04334;Ya;SMP;SMA/SMK;TNI/Polri;Buruh/Pekerja Harian;0;4;Adaptasi;Tidak
MHS04335;Ya;SD;SMA/SMK;Wiraswasta;Tidak Bekerja;0;2;Finansial;Tidak
MHS04336;Tidak;S1;SD;Profesional (dokter/guru/dll);Tidak Bekerja;0;4;Finansial;Tidak
MHS04337;Tidak;S1;D3;Karyawan Swasta;Karyawan Swasta;0;5;Akademik;Tidak
MHS04338;Tidak;S2;S3;TNI/Polri;Karyawan Swasta;2;5;Akademik;Tidak
MHS04339;Ya;SMP;SMA/SMK;Buruh/Pekerja Harian;Profesional (dokter/guru/dll);0;3;Finansial;Ya
MHS04340;Tidak;SMA/SMK;S1;Profesional (dokter/guru/dll);Wiraswasta;0;2;Adaptasi;Tidak
MHS04341;Tidak;S1;SMA/SMK;PNS/ASN;Buruh/Pekerja Harian;1;3;Finansial;Tidak
MHS04342;Ya;SMP;SMA/SMK;Petani/Nelayan;Wiraswasta;0;3;Finansial;Ya
MHS04343;Ya;SMP;SD;Petani/Nelayan;Buruh/Pekerja Harian;0;3;Akademik;Tidak
MHS04344;Ya;SMA/SMK;SMA/SMK;Karyawan Swasta;Wiraswasta;1;3;Adaptasi;Tidak
MHS04345;Tidak;S1;D3;TNI/Polri;Karyawan Swasta;0;3;Akademik;Tidak
MHS04346;Tidak;S2;S2;PNS/ASN;Profesional (dokter/guru/dll);0;5;Adaptasi;Ya
MHS04347;Tidak;SD;D3;Buruh/Pekerja Harian;Tidak Bekerja;0;3;Finansial;Tidak
MHS04348;Tidak;S2;S1;Karyawan Swasta;Karyawan Swasta;0;4;Sosial;Ya
MHS04349;Tidak;S1;SMA/SMK;Karyawan Swasta;Tidak Bekerja;1;4;Sosial;Ya
MHS04350;Tidak;SMA/SMK;S1;Karyawan Swasta;Tidak Bekerja;1;3;Akademik;Tidak
MHS04351;Tidak;SMA/SMK;S1;Wiraswasta;Tidak Bekerja;0;5;Finansial;Tidak
MHS04352;Tidak;S2;SMA/SMK;Wiraswasta;Wiraswasta;0;4;Akademik;Ya
MHS04353;Ya;SMA/SMK;SMA/SMK;Profesional (dokter/guru/dll);Wiraswasta;0;3;Adaptasi;Tidak
MHS04354;Ya;SMA/SMK;SMA/SMK;Tidak Bekerja;Tidak Bekerja;0;1;Finansial;Ya
MHS04355;Ya;SMP;SMP;Buruh/Pekerja Harian;Karyawan Swasta;0;2;Finansial;Ya
MHS04356;Ya;SMP;SMA/SMK;Petani/Nelayan;Tidak Bekerja;1;2;Akademik;Ya
MHS04357;Ya;Tidak Sekolah;SMP;Wiraswasta;Tidak Bekerja;0;1;Akademik;Ya
MHS04358;Ya;SD;SMP;Buruh/Pekerja Harian;Karyawan Swasta;0;1;Akademik;Ya
MHS04359;Ya;SMP;SMP;Petani/Nelayan;Tidak Bekerja;0;3;Akademik;Ya
MHS04360;Tidak;S1;S1;Karyawan Swasta;Wiraswasta;1;2;Finansial;Tidak
MHS04361;Tidak;Tidak Sekolah;S1;Wiraswasta;Tidak Bekerja;0;3;Finansial;Tidak
MHS04362;Ya;SMA/SMK;SD;Petani/Nelayan;Tidak Bekerja;0;2;Finansial;Ya
MHS04363;Ya;SMA/SMK;SMP;PNS/ASN;Tidak Bekerja;0;4;Finansial;Tidak
MHS04364;Ya;SMA/SMK;SMA/SMK;Wiraswasta;Tidak Bekerja;0;4;Adaptasi;Tidak
MHS04365;Tidak;SMA/SMK;S1;Petani/Nelayan;Wiraswasta;1;4;Finansial;Tidak
MHS04366;Tidak;S1;S1;Profesional (dokter/guru/dll);PNS/ASN;0;4;Adaptasi;Tidak
MHS04367;Tidak;S1;S1;PNS/ASN;Tidak Bekerja;0;3;Adaptasi;Tidak
MHS04368;Tidak;S1;D3;TNI/Polri;PNS/ASN;0;4;Akademik;Tidak
MHS04369;Tidak;SMA/SMK;S1;PNS/ASN;PNS/ASN;0;3;Akademik;Tidak
MHS04370;Tidak;S2;S1;Wiraswasta;Karyawan Swasta;1;5;Akademik;Tidak
MHS04371;Ya;SMA/SMK;SMA/SMK;Wiraswasta;Wiraswasta;0;3;Akademik;Ya
MHS04372;Ya;SMA/SMK;SD;Buruh/Pekerja Harian;Tidak Bekerja;0;1;Akademik;Ya
MHS04373;Tidak;SMA/SMK;S2;Buruh/Pekerja Harian;Profesional (dokter/guru/dll);1;3;Sosial;Tidak
MHS04374;Ya;SMA/SMK;Tidak Sekolah;Wiraswasta;Tidak Bekerja;0;3;Akademik;Ya
MHS04375;Tidak;D3;SMP;Karyawan Swasta;Tidak Bekerja;0;2;Akademik;Tidak
MHS04376;Tidak;SMA/SMK;S1;Petani/Nelayan;Karyawan Swasta;2;3;Akademik;Ya
MHS04377;Ya;SMP;SMP;Buruh/Pekerja Harian;Wiraswasta;0;2;Finansial;Ya
MHS04378;Ya;SD;SMA/SMK;Wiraswasta;Tidak Bekerja;1;4;Finansial;Ya
MHS04379;Tidak;S1;S1;PNS/ASN;Karyawan Swasta;2;4;Akademik;Ya
MHS04380;Tidak;S1;SMA/SMK;Wiraswasta;Karyawan Swasta;0;5;Finansial;Tidak
MHS04381;Tidak;D3;SMA/SMK;Profesional (dokter/guru/dll);Tidak Bekerja;0;3;Akademik;Tidak
MHS04382;Tidak;D3;S1;Karyawan Swasta;PNS/ASN;0;2;Adaptasi;Tidak
MHS04383;Ya;SMA/SMK;SMA/SMK;Wiraswasta;Wiraswasta;0;5;Adaptasi;Ya
MHS04384;Tidak;S1;SMA/SMK;Buruh/Pekerja Harian;Buruh/Pekerja Harian;0;3;Finansial;Ya
MHS04385;Ya;SMP;SMP;Wiraswasta;Wiraswasta;1;4;Adaptasi;Tidak
MHS04386;Ya;SMA/SMK;SMA/SMK;Buruh/Pekerja Harian;Tidak Bekerja;2;5;Sosial;Ya
MHS04387;Tidak;S1;SMA/SMK;Profesional (dokter/guru/dll);Tidak Bekerja;0;4;Akademik;Tidak
MHS04388;Tidak;S1;D3;Karyawan Swasta;Wiraswasta;1;3;Adaptasi;Ya
MHS04389;Tidak;D3;S3;Wiraswasta;PNS/ASN;3;5;Sosial;Tidak
MHS04390;Tidak;SMA/SMK;D3;Buruh/Pekerja Harian;Karyawan Swasta;1;3;Adaptasi;Ya
MHS04391;Ya;SMA/SMK;SMP;Petani/Nelayan;Wiraswasta;0;1;Adaptasi;Tidak
MHS04392;Ya;Tidak Sekolah;SMA/SMK;Buruh/Pekerja Harian;Tidak Bekerja;2;2;Finansial;Ya
MHS04393;Tidak;D3;SMA/SMK;Profesional (dokter/guru/dll);Wiraswasta;0;4;Akademik;Tidak
MHS04394;Ya;SD;SMA/SMK;Buruh/Pekerja Harian;Tidak Bekerja;0;3;Finansial;Ya
MHS04395;Tidak;D3;S1;PNS/ASN;PNS/ASN;0;3;Adaptasi;Tidak
MHS04396;Tidak;SMA/SMK;S1;PNS/ASN;Tidak Bekerja;1;5;Akademik;Ya
MHS04397;Tidak;SMA/SMK;D3;Wiraswasta;Wiraswasta;0;3;Finansial;Tidak
MHS04398;Tidak;D3;SMP;PNS/ASN;Buruh/Pekerja Harian;2;4;Adaptasi;Tidak
MHS04399;Tidak;SMA/SMK;S1;Buruh/Pekerja Harian;Tidak Bekerja;0;4;Finansial;Ya
MHS04400;Tidak;S1;Tidak Sekolah;Wiraswasta;Buruh/Pekerja Harian;1;4;Sosial;Tidak
MHS04401;Ya;SD;SMA/SMK;Buruh/Pekerja Harian;Tidak Bekerja;0;3;Sosial;Ya
MHS04402;Tidak;D3;SMA/SMK;PNS/ASN;Wiraswasta;0;4;Adaptasi;Tidak
MHS04403;Tidak;SMA/SMK;S1;PNS/ASN;PNS/ASN;2;3;Sosial;Tidak
MHS04404;Tidak;S1;SMA/SMK;PNS/ASN;Wiraswasta;2;3;Finansial;Ya
MHS04405;Ya;SMA/SMK;SMA/SMK;PNS/ASN;Tidak Bekerja;1;2;Finansial;Ya
MHS04406;Tidak;S1;D3;Wiraswasta;Wiraswasta;2;3;Adaptasi;Tidak
MHS04407;Ya;SMA/SMK;SMA/SMK;TNI/Polri;Tidak Bekerja;1;1;Finansial;Ya
MHS04408;Tidak;SMA/SMK;S2;Petani/Nelayan;Wiraswasta;0;2;Finansial;Tidak
MHS04409;Tidak;S1;SMA/SMK;Karyawan Swasta;Karyawan Swasta;0;3;Finansial;Ya
MHS04410;Tidak;S1;SMA/SMK;PNS/ASN;Tidak Bekerja;2;4;Sosial;Ya
MHS04411;Tidak;S2;S1;Profesional (dokter/guru/dll);Karyawan Swasta;4;5;Akademik;Tidak
MHS04412;Ya;SMP;SMA/SMK;Buruh/Pekerja Harian;Buruh/Pekerja Harian;1;4;Finansial;Tidak
MHS04413;Tidak;S2;S3;Wiraswasta;Profesional (dokter/guru/dll);2;5;Adaptasi;Tidak
MHS04414;Tidak;SMA/SMK;D3;Wiraswasta;Karyawan Swasta;1;4;Adaptasi;Tidak
MHS04415;Ya;SMP;SMP;Buruh/Pekerja Harian;Wiraswasta;0;4;Sosial;Ya
MHS04416;Ya;SMA/SMK;SMP;Buruh/Pekerja Harian;Tidak Bekerja;0;2;Sosial;Ya
MHS04417;Ya;SMA/SMK;SMA/SMK;Karyawan Swasta;Tidak Bekerja;0;2;Akademik;Tidak
MHS04418;Tidak;S1;SMP;Profesional (dokter/guru/dll);Karyawan Swasta;1;4;Akademik;Tidak
MHS04419;Tidak;S1;SMA/SMK;PNS/ASN;Tidak Bekerja;1;5;Adaptasi;Ya
MHS04420;Tidak;S1;SMA/SMK;Wiraswasta;Karyawan Swasta;1;5;Sosial;Tidak
MHS04421;Ya;SMA/SMK;SMA/SMK;Karyawan Swasta;Karyawan Swasta;0;3;Sosial;Tidak
MHS04422;Tidak;S1;D3;PNS/ASN;PNS/ASN;1;3;Adaptasi;Tidak
MHS04423;Tidak;SD;S1;Petani/Nelayan;Karyawan Swasta;0;3;Finansial;Tidak
MHS04424;Ya;SMA/SMK;SMA/SMK;Wiraswasta;Wiraswasta;0;5;Akademik;Ya
MHS04425;Ya;SMA/SMK;Tidak Sekolah;Wiraswasta;Tidak Bekerja;0;1;Finansial;Ya
MHS04426;Tidak;S1;S1;PNS/ASN;Karyawan Swasta;0;4;Akademik;Tidak
MHS04427;Tidak;SMA/SMK;S1;Wiraswasta;Karyawan Swasta;2;2;Finansial;Tidak
MHS04428;Tidak;S2;S1;PNS/ASN;Wiraswasta;4;4;Akademik;Tidak
MHS04429;Tidak;D3;SMP;Profesional (dokter/guru/dll);PNS/ASN;1;3;Adaptasi;Ya
MHS04430;Tidak;SMA/SMK;S1;Petani/Nelayan;Karyawan Swasta;1;4;Akademik;Tidak
MHS04431;Tidak;S1;SMA/SMK;Profesional (dokter/guru/dll);Karyawan Swasta;1;3;Finansial;Ya
MHS04432;Tidak;S1;S2;Profesional (dokter/guru/dll);PNS/ASN;0;5;Finansial;Tidak
MHS04433;Tidak;SMA/SMK;S1;Petani/Nelayan;Karyawan Swasta;2;2;Sosial;Tidak
MHS04434;Tidak;S1;SMA/SMK;Karyawan Swasta;PNS/ASN;0;4;Akademik;Ya
MHS04435;Ya;SD;SMA/SMK;Buruh/Pekerja Harian;Buruh/Pekerja Harian;1;3;Akademik;Tidak
MHS04436;Tidak;D3;SMA/SMK;Wiraswasta;Tidak Bekerja;2;2;Akademik;Tidak
MHS04437;Ya;SMA/SMK;SMA/SMK;Karyawan Swasta;Tidak Bekerja;0;5;Sosial;Ya
MHS04438;Tidak;S1;Tidak Sekolah;Wiraswasta;Buruh/Pekerja Harian;0;3;Adaptasi;Tidak
MHS04439;Tidak;S1;S1;Petani/Nelayan;Karyawan Swasta;1;4;Adaptasi;Tidak
MHS04440;Ya;Tidak Sekolah;SD;Petani/Nelayan;Tidak Bekerja;0;2;Finansial;Ya
MHS04441;Tidak;D3;S2;TNI/Polri;Wiraswasta;2;4;Sosial;Tidak
MHS04442;Ya;SMP;SMA/SMK;Petani/Nelayan;Wiraswasta;0;3;Adaptasi;Ya
MHS04443;Ya;SMA/SMK;SMA/SMK;Karyawan Swasta;Tidak Bekerja;1;2;Adaptasi;Tidak
MHS04444;Tidak;D3;S1;Karyawan Swasta;Wiraswasta;0;5;Sosial;Tidak
MHS04445;Ya;SMA/SMK;SMA/SMK;PNS/ASN;Tidak Bekerja;1;5;Akademik;Tidak
MHS04446;Ya;SMP;Tidak Sekolah;Buruh/Pekerja Harian;Tidak Bekerja;0;2;Finansial;Ya
MHS04447;Tidak;D3;S1;Petani/Nelayan;Tidak Bekerja;0;5;Sosial;Tidak
MHS04448;Ya;SMA/SMK;SD;Tidak Bekerja;Tidak Bekerja;0;3;Finansial;Tidak
MHS04449;Ya;SMA/SMK;SMP;Wiraswasta;Tidak Bekerja;0;1;Akademik;Ya
MHS04450;Ya;SMA/SMK;SMA/SMK;Karyawan Swasta;Buruh/Pekerja Harian;0;5;Finansial;Tidak
MHS04451;Tidak;D3;S1;Wiraswasta;Profesional (dokter/guru/dll);1;4;Finansial;Tidak
MHS04452;Tidak;S1;SMA/SMK;Karyawan Swasta;Wiraswasta;2;3;Sosial;Ya
MHS04453;Ya;SMP;SMA/SMK;Wiraswasta;Tidak Bekerja;0;4;Finansial;Tidak
MHS04454;Ya;SMA/SMK;SMA/SMK;Wiraswasta;Buruh/Pekerja Harian;0;4;Finansial;Tidak
MHS04455;Ya;SMA/SMK;SD;TNI/Polri;Wiraswasta;0;5;Finansial;Ya
MHS04456;Ya;SMA/SMK;SMA/SMK;Petani/Nelayan;Wiraswasta;1;4;Finansial;Tidak
MHS04457;Tidak;SMA/SMK;S1;PNS/ASN;Profesional (dokter/guru/dll);0;4;Sosial;Tidak
MHS04458;Ya;SMA/SMK;SMA/SMK;Wiraswasta;Karyawan Swasta;0;4;Finansial;Ya
MHS04459;Ya;SMA/SMK;Tidak Sekolah;Karyawan Swasta;Tidak Bekerja;0;2;Sosial;Tidak
MHS04460;Ya;SMA/SMK;SMP;Karyawan Swasta;Buruh/Pekerja Harian;0;3;Adaptasi;Tidak
MHS04461;Ya;SMA/SMK;SMA/SMK;Buruh/Pekerja Harian;Tidak Bekerja;0;3;Finansial;Tidak
MHS04462;Tidak;S1;S3;Petani/Nelayan;PNS/ASN;1;5;Akademik;Ya
MHS04463;Ya;SMA/SMK;SMA/SMK;PNS/ASN;Tidak Bekerja;0;4;Akademik;Ya
MHS04464;Ya;SMA/SMK;SMP;Buruh/Pekerja Harian;Karyawan Swasta;1;3;Akademik;Tidak
MHS04465;Tidak;SMA/SMK;S2;Tidak Bekerja;PNS/ASN;4;5;Adaptasi;Ya
MHS04466;Tidak;D3;S1;PNS/ASN;Profesional (dokter/guru/dll);0;4;Akademik;Tidak
MHS04467;Tidak;S1;SMA/SMK;PNS/ASN;Tidak Bekerja;0;5;Adaptasi;Tidak
MHS04468;Tidak;S1;S1;Profesional (dokter/guru/dll);Tidak Bekerja;0;4;Adaptasi;Tidak
MHS04469;Tidak;SMA/SMK;S1;Petani/Nelayan;Wiraswasta;2;3;Adaptasi;Tidak
MHS04470;Tidak;S2;D3;TNI/Polri;Tidak Bekerja;0;4;Akademik;Tidak
MHS04471;Tidak;D3;SMA/SMK;TNI/Polri;Wiraswasta;0;4;Akademik;Tidak
MHS04472;Tidak;S2;S1;Buruh/Pekerja Harian;Profesional (dokter/guru/dll);1;5;Finansial;Tidak
MHS04473;Tidak;D3;S1;Profesional (dokter/guru/dll);Karyawan Swasta;1;3;Adaptasi;Tidak
MHS04474;Ya;SMA/SMK;SMA/SMK;Karyawan Swasta;PNS/ASN;0;2;Finansial;Tidak
MHS04475;Tidak;D3;SMA/SMK;PNS/ASN;Wiraswasta;0;4;Sosial;Tidak
MHS04476;Ya;SMA/SMK;SMP;Buruh/Pekerja Harian;Tidak Bekerja;1;4;Finansial;Ya
MHS04477;Ya;SMP;SMA/SMK;Tidak Bekerja;Tidak Bekerja;0;3;Akademik;Ya
MHS04478;Ya;SMA/SMK;SMA/SMK;Petani/Nelayan;Buruh/Pekerja Harian;0;2;Finansial;Ya
MHS04479;Tidak;D3;SMP;PNS/ASN;Buruh/Pekerja Harian;0;4;Adaptasi;Tidak
MHS04480;Tidak;S1;S1;Profesional (dokter/guru/dll);PNS/ASN;0;4;Akademik;Tidak
MHS04481;Ya;SD;SD;Buruh/Pekerja Harian;Wiraswasta;0;2;Finansial;Ya
MHS04482;Tidak;S2;S3;TNI/Polri;Profesional (dokter/guru/dll);1;5;Akademik;Tidak
MHS04483;Tidak;D3;S1;Karyawan Swasta;Karyawan Swasta;0;4;Sosial;Tidak
MHS04484;Tidak;S1;S1;Karyawan Swasta;Wiraswasta;1;5;Finansial;Tidak
MHS04485;Tidak;S2;S1;Karyawan Swasta;PNS/ASN;0;3;Adaptasi;Ya
MHS04486;Tidak;S1;SMA/SMK;Karyawan Swasta;Wiraswasta;0;3;Sosial;Tidak
MHS04487;Tidak;D3;SMA/SMK;Profesional (dokter/guru/dll);Tidak Bekerja;1;5;Adaptasi;Tidak
MHS04488;Ya;SMP;SMA/SMK;Buruh/Pekerja Harian;Tidak Bekerja;0;2;Finansial;Tidak
MHS04489;Tidak;S1;S1;Tidak Bekerja;Profesional (dokter/guru/dll);0;4;Finansial;Tidak
MHS04490;Tidak;D3;D3;PNS/ASN;Tidak Bekerja;0;4;Akademik;Ya
MHS04491;Tidak;SMA/SMK;D3;Tidak Bekerja;Tidak Bekerja;1;3;Finansial;Ya
MHS04492;Tidak;S2;S3;Karyawan Swasta;Karyawan Swasta;1;4;Akademik;Tidak
MHS04493;Ya;SD;SMA/SMK;Petani/Nelayan;Karyawan Swasta;0;3;Finansial;Ya
MHS04494;Ya;SMA/SMK;SMA/SMK;Petani/Nelayan;Karyawan Swasta;3;1;Akademik;Ya
MHS04495;Tidak;SMP;D3;Petani/Nelayan;Wiraswasta;0;3;Finansial;Tidak
MHS04496;Tidak;S1;S1;PNS/ASN;PNS/ASN;2;3;Sosial;Tidak
MHS04497;Ya;SMA/SMK;SMA/SMK;Petani/Nelayan;Wiraswasta;0;5;Finansial;Ya
MHS04498;Tidak;S1;S1;Profesional (dokter/guru/dll);Wiraswasta;0;4;Akademik;Ya
MHS04499;Tidak;S1;SMP;Karyawan Swasta;PNS/ASN;0;3;Finansial;Tidak
MHS04500;Ya;SD;SMP;Wiraswasta;Wiraswasta;0;3;Finansial;Ya
MHS04501;Ya;SMA/SMK;SMA/SMK;Wiraswasta;Buruh/Pekerja Harian;1;3;Akademik;Tidak
MHS04502;Tidak;SMA/SMK;S1;Karyawan Swasta;Wiraswasta;0;2;Adaptasi;Tidak
MHS04503;Tidak;S1;S2;Profesional (dokter/guru/dll);PNS/ASN;2;3;Akademik;Tidak
MHS04504;Tidak;SMA/SMK;S1;Karyawan Swasta;Tidak Bekerja;1;3;Akademik;Tidak
MHS04505;Tidak;S1;S1;Petani/Nelayan;Karyawan Swasta;3;4;Adaptasi;Tidak
MHS04506;Tidak;D3;SMA/SMK;Karyawan Swasta;Karyawan Swasta;1;5;Akademik;Tidak
MHS04507;Ya;SMA/SMK;SMA/SMK;Buruh/Pekerja Harian;Buruh/Pekerja Harian;0;1;Akademik;Ya
MHS04508;Tidak;S1;D3;Karyawan Swasta;Tidak Bekerja;2;4;Akademik;Tidak
MHS04509;Tidak;S1;S1;Petani/Nelayan;Profesional (dokter/guru/dll);0;4;Finansial;Tidak
MHS04510;Ya;SMA/SMK;SMP;Buruh/Pekerja Harian;Buruh/Pekerja Harian;0;3;Akademik;Tidak
MHS04511;Tidak;S1;SD;PNS/ASN;Buruh/Pekerja Harian;0;4;Adaptasi;Tidak
MHS04512;Tidak;S2;D3;Wiraswasta;PNS/ASN;0;5;Akademik;Ya
MHS04513;Tidak;SMA/SMK;S1;Karyawan Swasta;Profesional (dokter/guru/dll);1;4;Akademik;Tidak
MHS04514;Ya;SMA/SMK;SMA/SMK;Karyawan Swasta;Tidak Bekerja;1;4;Finansial;Ya
MHS04515;Tidak;D3;SMA/SMK;TNI/Polri;PNS/ASN;1;3;Akademik;Tidak
MHS04516;Ya;SMA/SMK;SMA/SMK;Buruh/Pekerja Harian;Wiraswasta;1;4;Akademik;Tidak
MHS04517;Ya;SMP;SMA/SMK;Wiraswasta;Wiraswasta;0;4;Finansial;Ya
MHS04518;Tidak;Tidak Sekolah;D3;Tidak Bekerja;PNS/ASN;1;4;Sosial;Tidak
MHS04519;Ya;SMA/SMK;SMA/SMK;Tidak Bekerja;Karyawan Swasta;1;3;Adaptasi;Tidak
MHS04520;Tidak;S1;S3;Karyawan Swasta;Profesional (dokter/guru/dll);3;3;Akademik;Ya
MHS04521;Ya;SMA/SMK;SMP;Karyawan Swasta;Wiraswasta;0;2;Finansial;Ya
MHS04522;Ya;SMA/SMK;SMP;Karyawan Swasta;Wiraswasta;0;3;Sosial;Ya
MHS04523;Ya;SMP;SMA/SMK;Petani/Nelayan;Wiraswasta;0;3;Sosial;Tidak
MHS04524;Tidak;D3;D3;Petani/Nelayan;Karyawan Swasta;0;2;Finansial;Tidak
MHS04525;Tidak;SMA/SMK;D3;Wiraswasta;Wiraswasta;0;4;Adaptasi;Tidak
MHS04526;Ya;SMA/SMK;SMA/SMK;Wiraswasta;Karyawan Swasta;1;4;Akademik;Tidak
MHS04527;Tidak;S1;S1;TNI/Polri;Profesional (dokter/guru/dll);1;5;Sosial;Tidak
MHS04528;Tidak;S3;S1;Karyawan Swasta;Tidak Bekerja;2;5;Akademik;Tidak
MHS04529;Tidak;D3;S1;Buruh/Pekerja Harian;Profesional (dokter/guru/dll);2;4;Akademik;Tidak
MHS04530;Ya;SMP;SMA/SMK;Buruh/Pekerja Harian;PNS/ASN;0;1;Finansial;Ya
MHS04531;Ya;SMA/SMK;SMA/SMK;Wiraswasta;Karyawan Swasta;0;4;Akademik;Ya
MHS04532;Ya;SMA/SMK;SMA/SMK;PNS/ASN;Tidak Bekerja;0;2;Finansial;Ya
MHS04533;Ya;SMP;SMA/SMK;Petani/Nelayan;PNS/ASN;0;2;Akademik;Tidak
MHS04534;Ya;SMA/SMK;SD;Karyawan Swasta;Buruh/Pekerja Harian;0;1;Akademik;Ya
MHS04535;Tidak;SD;S1;Petani/Nelayan;Wiraswasta;0;2;Akademik;Ya
MHS04536;Tidak;S1;D3;PNS/ASN;Tidak Bekerja;0;3;Finansial;Tidak
MHS04537;Ya;SMA/SMK;SMP;Tidak Bekerja;Tidak Bekerja;0;4;Finansial;Ya
MHS04538;Tidak;S1;S1;TNI/Polri;Tidak Bekerja;1;5;Akademik;Tidak
MHS04539;Ya;SMA/SMK;SMA/SMK;Wiraswasta;Karyawan Swasta;1;4;Akademik;Ya
MHS04540;Tidak;S1;S1;Profesional (dokter/guru/dll);Karyawan Swasta;1;5;Akademik;Tidak
MHS04541;Tidak;D3;SMA/SMK;Karyawan Swasta;Tidak Bekerja;0;2;Sosial;Tidak
MHS04542;Tidak;S1;D3;Wiraswasta;Karyawan Swasta;2;3;Adaptasi;Tidak
MHS04543;Ya;SMP;SMP;Buruh/Pekerja Harian;Wiraswasta;0;3;Finansial;Tidak
MHS04544;Tidak;S1;S1;Profesional (dokter/guru/dll);Wiraswasta;1;5;Adaptasi;Tidak
MHS04545;Tidak;S1;SMA/SMK;PNS/ASN;PNS/ASN;0;5;Akademik;Tidak
MHS04546;Ya;SMA/SMK;SMP;Karyawan Swasta;Tidak Bekerja;0;3;Akademik;Tidak
MHS04547;Tidak;S1;SMA/SMK;Karyawan Swasta;Profesional (dokter/guru/dll);0;5;Akademik;Ya
MHS04548;Tidak;S1;D3;Karyawan Swasta;Wiraswasta;1;5;Akademik;Tidak
MHS04549;Tidak;SMA/SMK;S1;Petani/Nelayan;PNS/ASN;0;4;Finansial;Tidak
MHS04550;Tidak;S3;S3;Profesional (dokter/guru/dll);Tidak Bekerja;4;5;Adaptasi;Tidak
MHS04551;Ya;SMA/SMK;SMP;Karyawan Swasta;Tidak Bekerja;2;4;Akademik;Ya
MHS04552;Tidak;D3;D3;Karyawan Swasta;Karyawan Swasta;1;3;Sosial;Tidak
MHS04553;Tidak;S1;SMA/SMK;Wiraswasta;Tidak Bekerja;0;4;Adaptasi;Tidak
MHS04554;Tidak;S1;D3;Wiraswasta;Karyawan Swasta;2;5;Akademik;Tidak
MHS04555;Ya;SMA/SMK;SMA/SMK;Petani/Nelayan;Wiraswasta;1;3;Akademik;Tidak
MHS04556;Tidak;D3;S1;Petani/Nelayan;Wiraswasta;0;4;Akademik;Tidak
MHS04557;Tidak;S1;D3;Petani/Nelayan;Karyawan Swasta;0;4;Adaptasi;Tidak
MHS04558;Tidak;SMP;S1;Buruh/Pekerja Harian;PNS/ASN;2;3;Finansial;Ya
MHS04559;Ya;Tidak Sekolah;SMP;Petani/Nelayan;Karyawan Swasta;0;1;Finansial;Tidak
MHS04560;Tidak;SMA/SMK;S1;Karyawan Swasta;Tidak Bekerja;0;2;Akademik;Tidak
MHS04561;Ya;SMP;Tidak Sekolah;Wiraswasta;Tidak Bekerja;1;2;Sosial;Tidak
MHS04562;Tidak;S1;D3;PNS/ASN;Wiraswasta;0;4;Sosial;Tidak
MHS04563;Ya;SD;SMA/SMK;Petani/Nelayan;Tidak Bekerja;0;1;Akademik;Tidak
MHS04564;Ya;SMP;SD;Buruh/Pekerja Harian;Tidak Bekerja;0;1;Finansial;Ya
MHS04565;Tidak;S1;SMP;Profesional (dokter/guru/dll);Tidak Bekerja;1;3;Finansial;Tidak
MHS04566;Tidak;S1;D3;Karyawan Swasta;Karyawan Swasta;0;5;Sosial;Tidak
MHS04567;Tidak;SMP;D3;Karyawan Swasta;Karyawan Swasta;1;1;Finansial;Tidak
MHS04568;Ya;SMA/SMK;SMA/SMK;PNS/ASN;Tidak Bekerja;1;3;Finansial;Tidak
MHS04569;Tidak;SMA/SMK;S1;Buruh/Pekerja Harian;Karyawan Swasta;2;5;Akademik;Tidak
MHS04570;Tidak;S1;SMA/SMK;Karyawan Swasta;Tidak Bekerja;0;4;Akademik;Tidak
MHS04571;Tidak;SMA/SMK;S3;Wiraswasta;Profesional (dokter/guru/dll);2;3;Finansial;Ya
MHS04572;Ya;SD;Tidak Sekolah;Petani/Nelayan;Wiraswasta;0;2;Sosial;Ya
MHS04573;Ya;SMA/SMK;SMA/SMK;Buruh/Pekerja Harian;Wiraswasta;1;3;Adaptasi;Tidak
MHS04574;Ya;SD;SMP;Wiraswasta;PNS/ASN;0;3;Akademik;Ya
MHS04575;Ya;SMP;SMA/SMK;Buruh/Pekerja Harian;Tidak Bekerja;0;4;Finansial;Tidak
MHS04576;Tidak;D3;D3;Profesional (dokter/guru/dll);Tidak Bekerja;0;4;Adaptasi;Tidak
MHS04577;Tidak;S1;Tidak Sekolah;PNS/ASN;Buruh/Pekerja Harian;0;1;Sosial;Tidak
MHS04578;Tidak;S1;S1;Karyawan Swasta;PNS/ASN;1;3;Sosial;Tidak
MHS04579;Ya;SMA/SMK;SMA/SMK;Petani/Nelayan;Tidak Bekerja;0;2;Finansial;Ya
MHS04580;Tidak;S1;SMA/SMK;Profesional (dokter/guru/dll);Karyawan Swasta;2;4;Akademik;Tidak
MHS04581;Tidak;SMA/SMK;S3;Karyawan Swasta;Profesional (dokter/guru/dll);1;4;Akademik;Tidak
MHS04582;Tidak;S2;S3;PNS/ASN;Tidak Bekerja;1;5;Akademik;Ya
MHS04583;Tidak;SMA/SMK;S1;Buruh/Pekerja Harian;Profesional (dokter/guru/dll);1;3;Finansial;Ya
MHS04584;Tidak;S2;SMA/SMK;Karyawan Swasta;Tidak Bekerja;1;3;Adaptasi;Tidak
MHS04585;Tidak;D3;S1;Karyawan Swasta;Karyawan Swasta;1;3;Adaptasi;Tidak
MHS04586;Ya;SMP;SMA/SMK;Buruh/Pekerja Harian;Karyawan Swasta;1;3;Akademik;Tidak
MHS04587;Tidak;D3;S2;PNS/ASN;Tidak Bekerja;0;4;Akademik;Tidak
MHS04588;Tidak;D3;S1;Petani/Nelayan;Wiraswasta;3;3;Adaptasi;Tidak
MHS04589;Tidak;S1;S1;Karyawan Swasta;PNS/ASN;1;3;Finansial;Ya
MHS04590;Ya;SD;Tidak Sekolah;Buruh/Pekerja Harian;Tidak Bekerja;0;4;Finansial;Ya
MHS04591;Ya;SMA/SMK;SMP;Profesional (dokter/guru/dll);Wiraswasta;0;4;Finansial;Tidak
MHS04592;Tidak;S1;S1;Karyawan Swasta;Tidak Bekerja;0;5;Sosial;Tidak
MHS04593;Ya;SMA/SMK;SMP;Petani/Nelayan;PNS/ASN;0;4;Adaptasi;Tidak
MHS04594;Tidak;S1;S1;Wiraswasta;Karyawan Swasta;0;5;Akademik;Ya
MHS04595;Ya;SD;SD;Wiraswasta;Tidak Bekerja;0;2;Finansial;Ya
MHS04596;Tidak;S1;SMA/SMK;PNS/ASN;Wiraswasta;0;4;Akademik;Tidak
MHS04597;Tidak;S1;SMP;Wiraswasta;Wiraswasta;1;4;Finansial;Tidak
MHS04598;Ya;SMP;SMA/SMK;Tidak Bekerja;Buruh/Pekerja Harian;0;1;Akademik;Tidak
MHS04599;Tidak;D3;SMP;Wiraswasta;Tidak Bekerja;1;3;Sosial;Tidak
MHS04600;Ya;SMA/SMK;SMP;Karyawan Swasta;PNS/ASN;0;2;Akademik;Ya
MHS04601;Tidak;S1;S1;Karyawan Swasta;PNS/ASN;0;4;Sosial;Tidak
MHS04602;Tidak;SMP;S1;Petani/Nelayan;PNS/ASN;0;2;Sosial;Tidak
MHS04603;Ya;SMA/SMK;SMP;TNI/Polri;Tidak Bekerja;1;4;Adaptasi;Tidak
MHS04604;Tidak;SMP;D3;Petani/Nelayan;Karyawan Swasta;0;1;Finansial;Ya
MHS04605;Tidak;S3;S3;Profesional (dokter/guru/dll);Karyawan Swasta;4;5;Akademik;Tidak
MHS04606;Tidak;S2;SMA/SMK;Profesional (dokter/guru/dll);Profesional (dokter/guru/dll);1;3;Akademik;Ya
MHS04607;Tidak;D3;SMA/SMK;TNI/Polri;Tidak Bekerja;0;5;Adaptasi;Tidak
MHS04608;Tidak;D3;S1;Wiraswasta;Profesional (dokter/guru/dll);1;4;Akademik;Tidak
MHS04609;Ya;SMA/SMK;SMA/SMK;Buruh/Pekerja Harian;PNS/ASN;0;5;Akademik;Ya
MHS04610;Ya;SMA/SMK;SMA/SMK;PNS/ASN;Tidak Bekerja;0;4;Adaptasi;Tidak
MHS04611;Tidak;S2;S1;Karyawan Swasta;Wiraswasta;0;4;Sosial;Tidak
MHS04612;Tidak;D3;SMA/SMK;PNS/ASN;Tidak Bekerja;1;2;Akademik;Tidak
MHS04613;Ya;SMP;SMA/SMK;Buruh/Pekerja Harian;Wiraswasta;0;3;Akademik;Ya
MHS04614;Tidak;S1;D3;PNS/ASN;Profesional (dokter/guru/dll);1;4;Adaptasi;Tidak
MHS04615;Ya;SMP;SMA/SMK;Petani/Nelayan;Tidak Bekerja;0;4;Akademik;Ya
MHS04616;Tidak;D3;SMA/SMK;Buruh/Pekerja Harian;PNS/ASN;0;4;Adaptasi;Tidak
MHS04617;Tidak;S1;SMA/SMK;Karyawan Swasta;Wiraswasta;2;2;Finansial;Tidak
MHS04618;Tidak;S2;SMA/SMK;Profesional (dokter/guru/dll);Karyawan Swasta;2;5;Sosial;Tidak
MHS04619;Tidak;S1;SMA/SMK;Karyawan Swasta;Buruh/Pekerja Harian;0;2;Akademik;Ya
MHS04620;Ya;Tidak Sekolah;Tidak Sekolah;Buruh/Pekerja Harian;Tidak Bekerja;0;1;Akademik;Tidak
MHS04621;Tidak;SMA/SMK;S1;Petani/Nelayan;Profesional (dokter/guru/dll);0;5;Adaptasi;Ya
MHS04622;Ya;SMP;SD;Tidak Bekerja;Tidak Bekerja;0;1;Akademik;Tidak
MHS04623;Ya;SMA/SMK;SMA/SMK;Petani/Nelayan;Tidak Bekerja;1;5;Finansial;Ya
MHS04624;Tidak;SMP;S1;Petani/Nelayan;Buruh/Pekerja Harian;1;3;Finansial;Ya
MHS04625;Ya;SMA/SMK;SMP;TNI/Polri;Tidak Bekerja;1;1;Sosial;Ya
MHS04626;Tidak;S3;S1;Karyawan Swasta;PNS/ASN;2;5;Adaptasi;Tidak
MHS04627;Ya;SMP;SD;Buruh/Pekerja Harian;Buruh/Pekerja Harian;0;3;Finansial;Tidak
MHS04628;Tidak;S2;S1;Wiraswasta;Karyawan Swasta;3;3;Akademik;Tidak
MHS04629;Ya;SMP;SMA/SMK;Buruh/Pekerja Harian;Wiraswasta;0;2;Finansial;Ya
MHS04630;Ya;SMA/SMK;SMA/SMK;Buruh/Pekerja Harian;Tidak Bekerja;0;4;Akademik;Tidak
MHS04631;Ya;SD;SMP;Buruh/Pekerja Harian;Tidak Bekerja;0;4;Finansial;Tidak
MHS04632;Ya;SMP;SMA/SMK;Buruh/Pekerja Harian;Karyawan Swasta;2;1;Akademik;Ya
MHS04633;Tidak;S2;S1;PNS/ASN;Tidak Bekerja;2;5;Finansial;Tidak
MHS04634;Tidak;S3;S2;TNI/Polri;Profesional (dokter/guru/dll);1;5;Adaptasi;Tidak
MHS04635;Ya;SMP;SMA/SMK;Buruh/Pekerja Harian;Tidak Bekerja;0;1;Finansial;Tidak
MHS04636;Tidak;SMP;D3;Buruh/Pekerja Harian;Karyawan Swasta;0;3;Finansial;Ya
MHS04637;Tidak;S1;S1;Karyawan Swasta;Tidak Bekerja;0;4;Adaptasi;Ya
MHS04638;Tidak;D3;D3;Karyawan Swasta;Wiraswasta;0;5;Finansial;Tidak
MHS04639;Tidak;S1;D3;PNS/ASN;Wiraswasta;3;5;Akademik;Tidak
MHS04640;Ya;SMA/SMK;SMA/SMK;Buruh/Pekerja Harian;PNS/ASN;0;5;Akademik;Ya
MHS04641;Tidak;S1;SMA/SMK;Wiraswasta;Wiraswasta;0;5;Akademik;Tidak
MHS04642;Ya;SMA/SMK;SMA/SMK;PNS/ASN;Wiraswasta;0;4;Finansial;Ya
MHS04643;Tidak;S1;SMA/SMK;Karyawan Swasta;Karyawan Swasta;0;5;Akademik;Tidak
MHS04644;Tidak;SMA/SMK;D3;Wiraswasta;Profesional (dokter/guru/dll);1;5;Akademik;Tidak
MHS04645;Ya;SMA/SMK;SMA/SMK;Wiraswasta;Tidak Bekerja;0;4;Finansial;Tidak
MHS04646;Tidak;S1;S2;Wiraswasta;Karyawan Swasta;1;5;Adaptasi;Tidak
MHS04647;Tidak;S1;SMA/SMK;Karyawan Swasta;Buruh/Pekerja Harian;0;3;Adaptasi;Ya
MHS04648;Tidak;S2;S2;PNS/ASN;Profesional (dokter/guru/dll);2;5;Akademik;Tidak
MHS04649;Tidak;S1;D3;Karyawan Swasta;Tidak Bekerja;2;5;Finansial;Tidak
MHS04650;Ya;SMA/SMK;SMA/SMK;Karyawan Swasta;Profesional (dokter/guru/dll);1;3;Akademik;Tidak
MHS04651;Ya;SMP;Tidak Sekolah;Buruh/Pekerja Harian;Buruh/Pekerja Harian;0;3;Finansial;Tidak
MHS04652;Ya;SMP;SD;Wiraswasta;Buruh/Pekerja Harian;0;3;Finansial;Ya
MHS04653;Ya;SMP;SMA/SMK;Buruh/Pekerja Harian;Tidak Bekerja;1;3;Finansial;Tidak
MHS04654;Ya;SMA/SMK;SMA/SMK;Wiraswasta;Buruh/Pekerja Harian;0;3;Finansial;Ya
MHS04655;Ya;SMP;SMA/SMK;Petani/Nelayan;Buruh/Pekerja Harian;0;3;Adaptasi;Ya
MHS04656;Tidak;S2;S2;TNI/Polri;PNS/ASN;0;5;Akademik;Tidak
MHS04657;Tidak;SMA/SMK;S2;TNI/Polri;Wiraswasta;1;2;Finansial;Tidak
MHS04658;Tidak;D3;SD;PNS/ASN;Tidak Bekerja;1;2;Akademik;Tidak
MHS04659;Ya;SMP;SD;Wiraswasta;Tidak Bekerja;0;1;Adaptasi;Ya
MHS04660;Tidak;S1;SD;Petani/Nelayan;Tidak Bekerja;1;4;Finansial;Ya
MHS04661;Tidak;S1;S1;Wiraswasta;Wiraswasta;0;4;Akademik;Tidak
MHS04662;Tidak;D3;SMP;PNS/ASN;Buruh/Pekerja Harian;0;2;Finansial;Ya
MHS04663;Tidak;S1;S2;Petani/Nelayan;Karyawan Swasta;1;5;Sosial;Tidak
MHS04664;Ya;SMA/SMK;SMP;Wiraswasta;Tidak Bekerja;0;1;Finansial;Tidak
MHS04665;Ya;SMA/SMK;SMA/SMK;Wiraswasta;Tidak Bekerja;0;3;Finansial;Ya
MHS04666;Ya;SMA/SMK;SMA/SMK;Petani/Nelayan;Tidak Bekerja;1;3;Akademik;Tidak
MHS04667;Ya;SMP;SMP;Petani/Nelayan;Buruh/Pekerja Harian;1;4;Finansial;Ya
MHS04668;Tidak;S3;S1;Wiraswasta;Profesional (dokter/guru/dll);2;4;Adaptasi;Tidak
MHS04669;Tidak;S1;SD;PNS/ASN;Buruh/Pekerja Harian;1;4;Sosial;Tidak
MHS04670;Tidak;D3;D3;Wiraswasta;Karyawan Swasta;1;2;Finansial;Tidak
MHS04671;Ya;SMA/SMK;SMP;Petani/Nelayan;Tidak Bekerja;0;1;Finansial;Ya
MHS04672;Tidak;S1;S1;Profesional (dokter/guru/dll);Karyawan Swasta;1;5;Akademik;Tidak
MHS04673;Ya;SMA/SMK;SMA/SMK;Karyawan Swasta;Karyawan Swasta;0;1;Finansial;Ya
MHS04674;Ya;SD;SD;Wiraswasta;Buruh/Pekerja Harian;0;2;Akademik;Ya
MHS04675;Tidak;S1;SMA/SMK;Karyawan Swasta;Karyawan Swasta;1;4;Akademik;Tidak
MHS04676;Ya;SMA/SMK;SMA/SMK;Wiraswasta;Karyawan Swasta;1;4;Sosial;Tidak
MHS04677;Tidak;S1;S1;Wiraswasta;Wiraswasta;2;4;Adaptasi;Tidak
MHS04678;Tidak;D3;SMA/SMK;Wiraswasta;Wiraswasta;1;4;Finansial;Tidak
MHS04679;Tidak;SMA/SMK;S1;PNS/ASN;PNS/ASN;1;3;Akademik;Tidak
MHS04680;Tidak;Tidak Sekolah;D3;Petani/Nelayan;Tidak Bekerja;0;2;Finansial;Ya
MHS04681;Tidak;D3;S1;Karyawan Swasta;Wiraswasta;0;5;Akademik;Tidak
MHS04682;Tidak;S2;S3;Karyawan Swasta;Tidak Bekerja;0;4;Akademik;Tidak
MHS04683;Tidak;S1;S1;PNS/ASN;Profesional (dokter/guru/dll);1;5;Adaptasi;Tidak
MHS04684;Tidak;S1;SMA/SMK;TNI/Polri;Buruh/Pekerja Harian;3;4;Akademik;Tidak
MHS04685;Tidak;SMA/SMK;S1;Tidak Bekerja;Tidak Bekerja;1;3;Finansial;Tidak
MHS04686;Tidak;SMA/SMK;S1;Karyawan Swasta;PNS/ASN;1;3;Adaptasi;Tidak
MHS04687;Tidak;S1;S2;Buruh/Pekerja Harian;Karyawan Swasta;0;4;Akademik;Tidak
MHS04688;Ya;SMA/SMK;SMA/SMK;PNS/ASN;Wiraswasta;0;4;Finansial;Tidak
MHS04689;Tidak;S1;SD;Profesional (dokter/guru/dll);Tidak Bekerja;0;3;Adaptasi;Ya
MHS04690;Ya;SMA/SMK;SMA/SMK;Buruh/Pekerja Harian;Karyawan Swasta;0;4;Finansial;Ya
MHS04691;Tidak;SMP;S2;Wiraswasta;PNS/ASN;1;3;Akademik;Ya
MHS04692;Ya;SMA/SMK;SMA/SMK;Wiraswasta;Wiraswasta;0;1;Sosial;Ya
MHS04693;Ya;SD;SMA/SMK;Buruh/Pekerja Harian;Tidak Bekerja;0;3;Akademik;Tidak
MHS04694;Ya;SMP;Tidak Sekolah;Karyawan Swasta;Tidak Bekerja;0;3;Finansial;Ya
MHS04695;Tidak;SMA/SMK;S1;PNS/ASN;PNS/ASN;1;5;Akademik;Tidak
MHS04696;Ya;SD;SMA/SMK;Buruh/Pekerja Harian;Wiraswasta;1;1;Finansial;Tidak
MHS04697;Ya;SMA/SMK;SMA/SMK;Karyawan Swasta;Buruh/Pekerja Harian;0;5;Akademik;Tidak
MHS04698;Tidak;S1;SMA/SMK;Karyawan Swasta;Wiraswasta;0;5;Sosial;Tidak
MHS04699;Ya;SMA/SMK;SD;Petani/Nelayan;Tidak Bekerja;0;4;Finansial;Ya
MHS04700;Tidak;S1;SMP;PNS/ASN;Tidak Bekerja;0;3;Akademik;Ya
MHS04701;Tidak;S1;SMP;Karyawan Swasta;Wiraswasta;1;4;Finansial;Tidak
MHS04702;Tidak;D3;D3;TNI/Polri;Tidak Bekerja;2;3;Akademik;Tidak
MHS04703;Ya;SMA/SMK;SMP;Karyawan Swasta;Tidak Bekerja;0;4;Akademik;Ya
MHS04704;Tidak;SMP;S1;Buruh/Pekerja Harian;Karyawan Swasta;1;2;Finansial;Tidak
MHS04705;Ya;SMA/SMK;SMA/SMK;Karyawan Swasta;Wiraswasta;0;3;Adaptasi;Tidak
MHS04706;Tidak;SMA/SMK;S1;Petani/Nelayan;Karyawan Swasta;1;3;Akademik;Ya
MHS04707;Tidak;SD;D3;Tidak Bekerja;Karyawan Swasta;0;3;Adaptasi;Tidak
MHS04708;Tidak;SMA/SMK;S1;Petani/Nelayan;Profesional (dokter/guru/dll);1;5;Adaptasi;Tidak
MHS04709;Tidak;SMP;S1;Petani/Nelayan;Wiraswasta;1;4;Adaptasi;Tidak
MHS04710;Tidak;S1;S1;PNS/ASN;Profesional (dokter/guru/dll);2;5;Adaptasi;Tidak
MHS04711;Tidak;S1;SMA/SMK;Karyawan Swasta;Karyawan Swasta;0;5;Adaptasi;Tidak
MHS04712;Tidak;S1;SMA/SMK;Profesional (dokter/guru/dll);Karyawan Swasta;1;4;Adaptasi;Tidak
MHS04713;Tidak;SD;S1;Petani/Nelayan;Wiraswasta;0;3;Adaptasi;Tidak
MHS04714;Tidak;SMA/SMK;S1;Wiraswasta;Karyawan Swasta;1;3;Sosial;Tidak
MHS04715;Tidak;D3;S1;Wiraswasta;Wiraswasta;2;5;Akademik;Tidak
MHS04716;Ya;SD;SMP;Buruh/Pekerja Harian;Tidak Bekerja;1;2;Sosial;Tidak
MHS04717;Ya;SMA/SMK;SMA/SMK;Wiraswasta;Buruh/Pekerja Harian;1;2;Sosial;Tidak
MHS04718;Ya;Tidak Sekolah;SD;Petani/Nelayan;Buruh/Pekerja Harian;0;3;Akademik;Ya
MHS04719;Tidak;D3;D3;TNI/Polri;Karyawan Swasta;1;3;Finansial;Tidak
MHS04720;Ya;SMP;SD;Petani/Nelayan;Karyawan Swasta;0;2;Akademik;Tidak
MHS04721;Tidak;S1;SMA/SMK;Wiraswasta;Tidak Bekerja;0;5;Adaptasi;Tidak
MHS04722;Ya;SMA/SMK;SMA/SMK;Wiraswasta;Wiraswasta;1;3;Akademik;Ya
MHS04723;Ya;SMA/SMK;SMA/SMK;Karyawan Swasta;Karyawan Swasta;2;4;Finansial;Ya
MHS04724;Tidak;SMA/SMK;S2;Karyawan Swasta;Wiraswasta;2;5;Akademik;Tidak
MHS04725;Tidak;S1;SMP;Profesional (dokter/guru/dll);Buruh/Pekerja Harian;0;5;Adaptasi;Tidak
MHS04726;Tidak;S3;S1;Profesional (dokter/guru/dll);PNS/ASN;1;4;Akademik;Tidak
MHS04727;Tidak;S1;SMA/SMK;PNS/ASN;Tidak Bekerja;2;4;Adaptasi;Tidak
MHS04728;Ya;SMA/SMK;SMA/SMK;Petani/Nelayan;Tidak Bekerja;0;3;Akademik;Ya
MHS04729;Ya;SMA/SMK;SMA/SMK;Wiraswasta;Tidak Bekerja;1;4;Finansial;Ya
MHS04730;Ya;SMA/SMK;SMP;PNS/ASN;Tidak Bekerja;1;4;Finansial;Ya
MHS04731;Tidak;S1;SMA/SMK;PNS/ASN;Karyawan Swasta;4;2;Akademik;Ya
MHS04732;Ya;SMA/SMK;SMP;Tidak Bekerja;Buruh/Pekerja Harian;0;3;Finansial;Ya
MHS04733;Tidak;SMA/SMK;S1;Wiraswasta;Profesional (dokter/guru/dll);1;5;Akademik;Tidak
MHS04734;Tidak;S2;S1;PNS/ASN;Profesional (dokter/guru/dll);0;3;Adaptasi;Tidak
MHS04735;Tidak;S2;S1;Buruh/Pekerja Harian;Tidak Bekerja;3;4;Akademik;Tidak
MHS04736;Tidak;SMA/SMK;S2;Buruh/Pekerja Harian;PNS/ASN;1;3;Sosial;Ya
MHS04737;Ya;SMA/SMK;SMP;Buruh/Pekerja Harian;Buruh/Pekerja Harian;0;3;Finansial;Ya
MHS04738;Ya;SMP;SMP;Wiraswasta;Tidak Bekerja;0;2;Adaptasi;Tidak
MHS04739;Ya;SMA/SMK;SD;Karyawan Swasta;Buruh/Pekerja Harian;1;3;Finansial;Ya
MHS04740;Ya;SD;Tidak Sekolah;Tidak Bekerja;Tidak Bekerja;2;3;Finansial;Tidak
MHS04741;Tidak;S1;S1;Wiraswasta;Wiraswasta;1;4;Sosial;Tidak
MHS04742;Tidak;S2;S1;Petani/Nelayan;Karyawan Swasta;2;4;Akademik;Tidak
MHS04743;Ya;SMA/SMK;SMA/SMK;Wiraswasta;Wiraswasta;0;1;Finansial;Tidak
MHS04744;Tidak;SMA/SMK;S1;TNI/Polri;Tidak Bekerja;1;4;Akademik;Tidak
MHS04745;Ya;SD;SMA/SMK;Petani/Nelayan;Wiraswasta;1;3;Finansial;Ya
MHS04746;Tidak;S1;S1;PNS/ASN;Wiraswasta;1;5;Adaptasi;Tidak
MHS04747;Tidak;S1;S1;TNI/Polri;Tidak Bekerja;0;4;Finansial;Tidak
MHS04748;Ya;SD;SMP;Wiraswasta;Buruh/Pekerja Harian;0;1;Finansial;Tidak
MHS04749;Ya;SMA/SMK;SMP;Karyawan Swasta;Karyawan Swasta;1;3;Akademik;Tidak
MHS04750;Ya;SD;SMA/SMK;Tidak Bekerja;Wiraswasta;0;2;Akademik;Tidak
MHS04751;Tidak;SMA/SMK;S1;Tidak Bekerja;Buruh/Pekerja Harian;0;3;Finansial;Tidak
MHS04752;Ya;SMA/SMK;SMP;Karyawan Swasta;Tidak Bekerja;3;2;Akademik;Tidak
MHS04753;Ya;SMP;Tidak Sekolah;Petani/Nelayan;Tidak Bekerja;0;2;Finansial;Tidak
MHS04754;Tidak;S1;S1;PNS/ASN;Wiraswasta;1;3;Akademik;Tidak
MHS04755;Tidak;S1;S1;Karyawan Swasta;Wiraswasta;2;4;Akademik;Tidak
MHS04756;Tidak;D3;D3;Tidak Bekerja;Tidak Bekerja;0;4;Finansial;Ya
MHS04757;Ya;SMA/SMK;SMA/SMK;Karyawan Swasta;Buruh/Pekerja Harian;0;2;Akademik;Ya
MHS04758;Tidak;S1;S1;TNI/Polri;Karyawan Swasta;0;4;Finansial;Tidak
MHS04759;Ya;SD;SD;Buruh/Pekerja Harian;Tidak Bekerja;0;3;Adaptasi;Ya
MHS04760;Tidak;D3;S2;Profesional (dokter/guru/dll);Profesional (dokter/guru/dll);0;5;Akademik;Tidak
MHS04761;Tidak;D3;S2;Karyawan Swasta;Karyawan Swasta;2;5;Adaptasi;Tidak
MHS04762;Tidak;S3;S1;PNS/ASN;Tidak Bekerja;2;4;Finansial;Tidak
MHS04763;Ya;SMA/SMK;SMP;Wiraswasta;Tidak Bekerja;4;3;Akademik;Tidak
MHS04764;Tidak;D3;SMA/SMK;Karyawan Swasta;Tidak Bekerja;1;4;Finansial;Ya
MHS04765;Ya;SMP;SMA/SMK;Wiraswasta;Tidak Bekerja;0;4;Sosial;Tidak
MHS04766;Ya;SMA/SMK;SMA/SMK;Wiraswasta;Tidak Bekerja;2;4;Finansial;Ya
MHS04767;Ya;SMA/SMK;SMA/SMK;Karyawan Swasta;Tidak Bekerja;0;3;Finansial;Ya
MHS04768;Tidak;S1;SMP;PNS/ASN;Tidak Bekerja;1;4;Sosial;Ya
MHS04769;Tidak;S1;SMA/SMK;Wiraswasta;Buruh/Pekerja Harian;0;3;Akademik;Ya
MHS04770;Tidak;S1;S2;Profesional (dokter/guru/dll);PNS/ASN;1;5;Finansial;Tidak
MHS04771;Tidak;S1;S1;TNI/Polri;Karyawan Swasta;0;3;Akademik;Tidak
MHS04772;Ya;SMA/SMK;SMP;Karyawan Swasta;Buruh/Pekerja Harian;0;4;Akademik;Tidak
MHS04773;Tidak;S1;S1;TNI/Polri;Profesional (dokter/guru/dll);1;5;Adaptasi;Tidak
MHS04774;Ya;SMP;SMA/SMK;Karyawan Swasta;Tidak Bekerja;0;5;Finansial;Tidak
MHS04775;Ya;Tidak Sekolah;SD;Buruh/Pekerja Harian;Buruh/Pekerja Harian;0;2;Finansial;Ya
MHS04776;Tidak;S2;S2;Karyawan Swasta;Tidak Bekerja;2;5;Adaptasi;Ya
MHS04777;Ya;SMA/SMK;SMP;Karyawan Swasta;PNS/ASN;0;3;Akademik;Tidak
MHS04778;Tidak;S1;S1;Karyawan Swasta;Wiraswasta;0;4;Akademik;Tidak
MHS04779;Tidak;S1;SMP;Wiraswasta;Tidak Bekerja;0;4;Finansial;Tidak
MHS04780;Ya;SMP;SMP;Tidak Bekerja;Tidak Bekerja;0;3;Finansial;Ya
MHS04781;Tidak;S1;SMA/SMK;TNI/Polri;Wiraswasta;0;3;Akademik;Tidak
MHS04782;Tidak;S1;SMP;Karyawan Swasta;PNS/ASN;2;3;Sosial;Tidak
MHS04783;Tidak;S1;S1;Wiraswasta;Wiraswasta;3;4;Sosial;Tidak
MHS04784;Tidak;S1;S1;Karyawan Swasta;Karyawan Swasta;2;4;Akademik;Ya
MHS04785;Ya;SMA/SMK;SMP;PNS/ASN;Tidak Bekerja;0;4;Akademik;Ya
MHS04786;Tidak;S1;SMP;PNS/ASN;PNS/ASN;1;4;Akademik;Tidak
MHS04787;Ya;SMA/SMK;SMA/SMK;Wiraswasta;Profesional (dokter/guru/dll);0;2;Finansial;Tidak
MHS04788;Ya;SMA/SMK;SD;Karyawan Swasta;Tidak Bekerja;0;3;Finansial;Tidak
MHS04789;Ya;SMP;SMP;Karyawan Swasta;Tidak Bekerja;1;3;Finansial;Ya
MHS04790;Ya;SMP;SMP;Petani/Nelayan;Wiraswasta;0;3;Adaptasi;Ya
MHS04791;Ya;SMA/SMK;SMA/SMK;Karyawan Swasta;Tidak Bekerja;0;1;Sosial;Tidak
MHS04792;Tidak;S1;SMA/SMK;TNI/Polri;PNS/ASN;3;4;Adaptasi;Tidak
MHS04793;Tidak;S1;S1;Wiraswasta;Wiraswasta;1;3;Adaptasi;Tidak
MHS04794;Tidak;D3;SMA/SMK;Wiraswasta;Buruh/Pekerja Harian;1;2;Finansial;Tidak
MHS04795;Tidak;S1;S1;Karyawan Swasta;Karyawan Swasta;0;2;Finansial;Tidak
MHS04796;Ya;SMA/SMK;SMA/SMK;Petani/Nelayan;Wiraswasta;2;3;Sosial;Ya
MHS04797;Tidak;SMA/SMK;S1;Wiraswasta;Buruh/Pekerja Harian;3;1;Akademik;Tidak
MHS04798;Tidak;S3;S2;Wiraswasta;Karyawan Swasta;1;5;Adaptasi;Tidak
MHS04799;Ya;SMA/SMK;SD;Tidak Bekerja;Buruh/Pekerja Harian;0;1;Finansial;Ya
MHS04800;Ya;SMP;SMA/SMK;Karyawan Swasta;Tidak Bekerja;1;3;Finansial;Ya
MHS04801;Ya;SMA/SMK;SMA/SMK;Wiraswasta;Tidak Bekerja;0;2;Akademik;Tidak
MHS04802;Tidak;SMA/SMK;S1;Buruh/Pekerja Harian;PNS/ASN;1;3;Akademik;Tidak
MHS04803;Ya;SMP;SD;Buruh/Pekerja Harian;Buruh/Pekerja Harian;0;3;Akademik;Tidak
MHS04804;Ya;SMP;SMA/SMK;Buruh/Pekerja Harian;Tidak Bekerja;0;3;Finansial;Tidak
MHS04805;Ya;Tidak Sekolah;SMA/SMK;Petani/Nelayan;PNS/ASN;0;1;Finansial;Ya
MHS04806;Ya;SMP;SD;Buruh/Pekerja Harian;Wiraswasta;0;4;Finansial;Tidak
MHS04807;Tidak;S2;S2;PNS/ASN;Karyawan Swasta;0;4;Adaptasi;Tidak
MHS04808;Ya;SMA/SMK;SMA/SMK;Karyawan Swasta;Tidak Bekerja;0;4;Sosial;Ya
MHS04809;Tidak;S3;SMP;PNS/ASN;Tidak Bekerja;1;3;Akademik;Tidak
MHS04810;Ya;SMP;SMP;Tidak Bekerja;Karyawan Swasta;0;1;Finansial;Ya
MHS04811;Tidak;S1;S2;Profesional (dokter/guru/dll);Buruh/Pekerja Harian;2;5;Akademik;Tidak
MHS04812;Ya;SMA/SMK;SMP;Wiraswasta;Wiraswasta;0;3;Akademik;Ya
MHS04813;Ya;SMP;SD;PNS/ASN;Karyawan Swasta;1;2;Finansial;Tidak
MHS04814;Ya;SMA/SMK;SMA/SMK;Buruh/Pekerja Harian;Wiraswasta;1;1;Finansial;Ya
MHS04815;Tidak;S1;SMA/SMK;Karyawan Swasta;Wiraswasta;0;3;Adaptasi;Tidak
MHS04816;Tidak;S1;D3;Wiraswasta;PNS/ASN;0;3;Finansial;Tidak
MHS04817;Ya;SMA/SMK;SMP;Wiraswasta;Tidak Bekerja;3;5;Finansial;Ya
MHS04818;Ya;Tidak Sekolah;SMA/SMK;Tidak Bekerja;Tidak Bekerja;1;2;Akademik;Ya
MHS04819;Tidak;S1;S1;PNS/ASN;Wiraswasta;0;5;Sosial;Tidak
MHS04820;Tidak;S1;SMA/SMK;Karyawan Swasta;Tidak Bekerja;0;4;Adaptasi;Tidak
MHS04821;Ya;SMP;SMP;Wiraswasta;Karyawan Swasta;0;3;Adaptasi;Tidak
MHS04822;Ya;SMA/SMK;SD;Wiraswasta;Tidak Bekerja;0;4;Sosial;Ya
MHS04823;Tidak;S1;SMA/SMK;Tidak Bekerja;Wiraswasta;1;4;Adaptasi;Tidak
MHS04824;Ya;SD;SMP;Wiraswasta;Buruh/Pekerja Harian;1;3;Akademik;Tidak
MHS04825;Ya;SMP;SMA/SMK;Buruh/Pekerja Harian;Karyawan Swasta;0;4;Adaptasi;Tidak
MHS04826;Tidak;S1;S1;PNS/ASN;PNS/ASN;0;4;Adaptasi;Tidak
MHS04827;Tidak;D3;D3;Profesional (dokter/guru/dll);Wiraswasta;1;4;Akademik;Tidak
MHS04828;Tidak;S1;S1;Profesional (dokter/guru/dll);Karyawan Swasta;0;5;Akademik;Tidak
MHS04829;Tidak;SMA/SMK;D3;Wiraswasta;PNS/ASN;3;4;Adaptasi;Tidak
MHS04830;Tidak;S2;S1;Wiraswasta;Karyawan Swasta;1;4;Akademik;Tidak
MHS04831;Ya;SMA/SMK;SD;TNI/Polri;Buruh/Pekerja Harian;0;4;Sosial;Tidak
MHS04832;Ya;SMA/SMK;SMA/SMK;TNI/Polri;PNS/ASN;1;4;Akademik;Tidak
MHS04833;Tidak;SMA/SMK;S1;Wiraswasta;Karyawan Swasta;2;5;Akademik;Tidak
MHS04834;Tidak;D3;SMA/SMK;Karyawan Swasta;Tidak Bekerja;2;3;Sosial;Tidak
MHS04835;Ya;SD;SD;Karyawan Swasta;Wiraswasta;0;3;Sosial;Tidak
MHS04836;Tidak;S1;SMP;PNS/ASN;Buruh/Pekerja Harian;0;2;Finansial;Tidak
MHS04837;Tidak;D3;S1;Buruh/Pekerja Harian;Wiraswasta;0;5;Akademik;Tidak
MHS04838;Tidak;D3;D3;Profesional (dokter/guru/dll);Wiraswasta;0;4;Akademik;Tidak
MHS04839;Tidak;SMA/SMK;S1;Karyawan Swasta;Tidak Bekerja;0;4;Sosial;Ya
MHS04840;Ya;SD;Tidak Sekolah;Buruh/Pekerja Harian;Wiraswasta;1;2;Finansial;Ya
MHS04841;Tidak;SMA/SMK;D3;Wiraswasta;Tidak Bekerja;1;4;Sosial;Tidak
MHS04842;Ya;SD;SD;Petani/Nelayan;Tidak Bekerja;1;5;Akademik;Tidak
MHS04843;Ya;SMA/SMK;SMP;Karyawan Swasta;Tidak Bekerja;0;3;Akademik;Ya
MHS04844;Tidak;D3;S2;Wiraswasta;Karyawan Swasta;3;4;Adaptasi;Tidak
MHS04845;Tidak;SMA/SMK;S1;Karyawan Swasta;Karyawan Swasta;0;4;Akademik;Tidak
MHS04846;Tidak;S1;D3;PNS/ASN;PNS/ASN;1;4;Finansial;Tidak
MHS04847;Ya;SMP;SMA/SMK;Buruh/Pekerja Harian;Tidak Bekerja;0;4;Adaptasi;Tidak
MHS04848;Ya;SMP;SMA/SMK;Buruh/Pekerja Harian;PNS/ASN;0;4;Adaptasi;Ya
MHS04849;Tidak;SMA/SMK;S1;Petani/Nelayan;PNS/ASN;0;3;Adaptasi;Ya
MHS04850;Ya;Tidak Sekolah;SD;Buruh/Pekerja Harian;Wiraswasta;1;3;Adaptasi;Ya
MHS04851;Tidak;S1;SMA/SMK;Buruh/Pekerja Harian;PNS/ASN;0;2;Adaptasi;Tidak
MHS04852;Ya;SMP;SMP;Wiraswasta;Wiraswasta;0;3;Akademik;Ya
MHS04853;Tidak;SMA/SMK;D3;Petani/Nelayan;Tidak Bekerja;0;3;Adaptasi;Tidak
MHS04854;Ya;SMA/SMK;SMA/SMK;Karyawan Swasta;Tidak Bekerja;3;2;Adaptasi;Tidak
MHS04855;Tidak;SMA/SMK;S1;Karyawan Swasta;Karyawan Swasta;0;1;Adaptasi;Tidak
MHS04856;Tidak;D3;SMA/SMK;PNS/ASN;Wiraswasta;1;3;Sosial;Ya
MHS04857;Ya;SMP;SMA/SMK;Buruh/Pekerja Harian;Karyawan Swasta;0;2;Finansial;Ya
MHS04858;Tidak;D3;S1;PNS/ASN;PNS/ASN;0;4;Akademik;Tidak
MHS04859;Ya;SD;SD;Petani/Nelayan;Tidak Bekerja;0;1;Finansial;Ya
MHS04860;Ya;SMA/SMK;SMA/SMK;TNI/Polri;Buruh/Pekerja Harian;0;3;Finansial;Tidak
MHS04861;Tidak;SMA/SMK;D3;PNS/ASN;Karyawan Swasta;0;5;Adaptasi;Tidak
MHS04862;Ya;SMA/SMK;SMA/SMK;Wiraswasta;Buruh/Pekerja Harian;1;5;Sosial;Tidak
MHS04863;Tidak;SD;D3;Karyawan Swasta;Tidak Bekerja;0;3;Finansial;Tidak
MHS04864;Tidak;D3;S3;Karyawan Swasta;Karyawan Swasta;1;4;Akademik;Ya
MHS04865;Tidak;S2;SMA/SMK;Karyawan Swasta;Karyawan Swasta;0;3;Akademik;Ya
MHS04866;Tidak;S2;SMA/SMK;Wiraswasta;Karyawan Swasta;4;4;Akademik;Tidak
MHS04867;Tidak;S1;S1;Buruh/Pekerja Harian;Profesional (dokter/guru/dll);1;4;Akademik;Tidak
MHS04868;Tidak;S1;SMA/SMK;Profesional (dokter/guru/dll);Karyawan Swasta;1;5;Akademik;Tidak
MHS04869;Tidak;SMA/SMK;S1;Profesional (dokter/guru/dll);Profesional (dokter/guru/dll);0;3;Adaptasi;Tidak
MHS04870;Tidak;SMA/SMK;S1;Buruh/Pekerja Harian;Tidak Bekerja;1;3;Finansial;Tidak
MHS04871;Ya;Tidak Sekolah;SMA/SMK;Petani/Nelayan;Tidak Bekerja;1;4;Akademik;Ya
MHS04872;Tidak;S1;SMP;TNI/Polri;Tidak Bekerja;0;2;Finansial;Tidak
MHS04873;Ya;SMA/SMK;SMA/SMK;Wiraswasta;Tidak Bekerja;0;4;Akademik;Tidak
MHS04874;Tidak;D3;SD;PNS/ASN;Buruh/Pekerja Harian;0;3;Adaptasi;Tidak
MHS04875;Ya;SMA/SMK;SMA/SMK;Tidak Bekerja;Wiraswasta;1;5;Finansial;Ya
MHS04876;Ya;SMA/SMK;SMA/SMK;Karyawan Swasta;Tidak Bekerja;1;3;Sosial;Tidak
MHS04877;Tidak;S1;SMA/SMK;Profesional (dokter/guru/dll);Buruh/Pekerja Harian;0;2;Akademik;Tidak
MHS04878;Ya;SMP;SMA/SMK;Petani/Nelayan;Buruh/Pekerja Harian;0;2;Akademik;Tidak
MHS04879;Ya;SMA/SMK;SMA/SMK;Buruh/Pekerja Harian;Karyawan Swasta;2;4;Finansial;Tidak
MHS04880;Tidak;S1;SMA/SMK;Karyawan Swasta;Tidak Bekerja;0;2;Akademik;Tidak
MHS04881;Ya;SMA/SMK;Tidak Sekolah;Karyawan Swasta;Buruh/Pekerja Harian;1;3;Adaptasi;Ya
MHS04882;Ya;SMP;SMA/SMK;Buruh/Pekerja Harian;Tidak Bekerja;1;1;Akademik;Tidak
MHS04883;Tidak;S1;S3;Karyawan Swasta;PNS/ASN;0;4;Adaptasi;Tidak
MHS04884;Tidak;D3;SMA/SMK;PNS/ASN;Tidak Bekerja;1;4;Sosial;Ya
MHS04885;Ya;SMA/SMK;SMA/SMK;Karyawan Swasta;Tidak Bekerja;2;2;Finansial;Tidak
MHS04886;Tidak;S1;D3;PNS/ASN;Tidak Bekerja;1;2;Finansial;Tidak
MHS04887;Tidak;S1;D3;TNI/Polri;Karyawan Swasta;1;3;Finansial;Tidak
MHS04888;Tidak;S1;SD;Wiraswasta;Tidak Bekerja;0;1;Finansial;Tidak
MHS04889;Ya;SMA/SMK;SD;PNS/ASN;Wiraswasta;0;3;Akademik;Ya
MHS04890;Ya;SMP;SMA/SMK;Buruh/Pekerja Harian;Tidak Bekerja;0;3;Adaptasi;Tidak
MHS04891;Ya;SMA/SMK;SMA/SMK;TNI/Polri;Wiraswasta;3;2;Finansial;Tidak
MHS04892;Ya;SMA/SMK;SMA/SMK;PNS/ASN;Buruh/Pekerja Harian;3;4;Adaptasi;Ya
MHS04893;Ya;SMP;SMA/SMK;Karyawan Swasta;Tidak Bekerja;0;3;Finansial;Tidak
MHS04894;Tidak;S3;D3;Profesional (dokter/guru/dll);Wiraswasta;0;5;Sosial;Tidak
MHS04895;Tidak;S1;SMA/SMK;PNS/ASN;Karyawan Swasta;1;4;Adaptasi;Tidak
MHS04896;Tidak;S3;S1;Profesional (dokter/guru/dll);Wiraswasta;0;5;Adaptasi;Tidak
MHS04897;Ya;SMA/SMK;SMA/SMK;TNI/Polri;Tidak Bekerja;0;3;Finansial;Tidak
MHS04898;Ya;SMA/SMK;SMA/SMK;Karyawan Swasta;Tidak Bekerja;0;3;Akademik;Ya
MHS04899;Tidak;S1;D3;Karyawan Swasta;Wiraswasta;1;3;Sosial;Tidak
MHS04900;Ya;SMA/SMK;SMA/SMK;Karyawan Swasta;Tidak Bekerja;0;3;Finansial;Tidak
MHS04901;Ya;Tidak Sekolah;Tidak Sekolah;Buruh/Pekerja Harian;Buruh/Pekerja Harian;0;1;Finansial;Tidak
MHS04902;Ya;SMA/SMK;SMA/SMK;Wiraswasta;Wiraswasta;0;4;Adaptasi;Ya
MHS04903;Tidak;S1;S1;Karyawan Swasta;PNS/ASN;2;4;Finansial;Ya
MHS04904;Ya;SMA/SMK;SMA/SMK;Wiraswasta;Profesional (dokter/guru/dll);0;4;Sosial;Tidak
MHS04905;Tidak;D3;S1;Karyawan Swasta;Karyawan Swasta;1;3;Sosial;Tidak
MHS04906;Ya;SMA/SMK;SMA/SMK;Buruh/Pekerja Harian;Wiraswasta;0;3;Finansial;Ya
MHS04907;Tidak;SMA/SMK;S3;Wiraswasta;Wiraswasta;1;5;Akademik;Tidak
MHS04908;Tidak;SMA/SMK;S1;Petani/Nelayan;PNS/ASN;1;3;Finansial;Tidak
MHS04909;Ya;SD;SMP;Petani/Nelayan;Tidak Bekerja;0;2;Finansial;Tidak
MHS04910;Tidak;S1;SMP;Wiraswasta;Tidak Bekerja;0;2;Akademik;Ya
MHS04911;Tidak;D3;SMA/SMK;Karyawan Swasta;Karyawan Swasta;0;4;Sosial;Tidak
MHS04912;Tidak;S1;S1;Wiraswasta;Karyawan Swasta;2;4;Adaptasi;Tidak
MHS04913;Tidak;SMP;D3;Petani/Nelayan;Profesional (dokter/guru/dll);0;2;Akademik;Tidak
MHS04914;Tidak;S2;S1;Karyawan Swasta;Wiraswasta;3;5;Adaptasi;Tidak
MHS04915;Tidak;D3;S2;PNS/ASN;PNS/ASN;1;4;Akademik;Tidak
MHS04916;Tidak;D3;SMA/SMK;Petani/Nelayan;Tidak Bekerja;0;5;Sosial;Tidak
MHS04917;Ya;SMA/SMK;SMA/SMK;Wiraswasta;Tidak Bekerja;0;3;Sosial;Tidak
MHS04918;Ya;Tidak Sekolah;SMA/SMK;Petani/Nelayan;Tidak Bekerja;0;3;Sosial;Tidak
MHS04919;Tidak;SMA/SMK;D3;Karyawan Swasta;Wiraswasta;0;4;Finansial;Ya
MHS04920;Ya;SMA/SMK;SMA/SMK;Karyawan Swasta;Karyawan Swasta;0;5;Adaptasi;Tidak
MHS04921;Tidak;D3;S1;Petani/Nelayan;Tidak Bekerja;0;4;Akademik;Tidak
MHS04922;Ya;SMA/SMK;Tidak Sekolah;Buruh/Pekerja Harian;Tidak Bekerja;0;2;Akademik;Ya
MHS04923;Ya;Tidak Sekolah;SMP;Buruh/Pekerja Harian;Tidak Bekerja;0;3;Finansial;Ya
MHS04924;Ya;SMA/SMK;SMA/SMK;Buruh/Pekerja Harian;Karyawan Swasta;1;3;Finansial;Ya
MHS04925;Tidak;S1;S1;Petani/Nelayan;PNS/ASN;1;4;Adaptasi;Tidak
MHS04926;Ya;SD;SMA/SMK;Petani/Nelayan;Tidak Bekerja;0;2;Finansial;Ya
MHS04927;Ya;SMA/SMK;SMA/SMK;Profesional (dokter/guru/dll);Tidak Bekerja;1;3;Akademik;Tidak
MHS04928;Tidak;SMA/SMK;S1;Buruh/Pekerja Harian;Karyawan Swasta;0;3;Finansial;Ya
MHS04929;Tidak;D3;D3;Karyawan Swasta;Tidak Bekerja;0;3;Finansial;Tidak
MHS04930;Ya;SMP;SMP;Karyawan Swasta;Buruh/Pekerja Harian;0;2;Adaptasi;Tidak
MHS04931;Tidak;D3;SD;Karyawan Swasta;Wiraswasta;1;3;Finansial;Ya
MHS04932;Ya;SMP;SMP;Wiraswasta;Karyawan Swasta;0;2;Akademik;Ya
MHS04933;Ya;SMP;SMA/SMK;Karyawan Swasta;Tidak Bekerja;0;2;Finansial;Ya
MHS04934;Tidak;D3;S1;Karyawan Swasta;Karyawan Swasta;2;5;Adaptasi;Ya
MHS04935;Tidak;SMA/SMK;S1;PNS/ASN;Wiraswasta;0;3;Finansial;Tidak
MHS04936;Tidak;SMP;D3;Buruh/Pekerja Harian;Tidak Bekerja;1;2;Finansial;Tidak
MHS04937;Ya;SMP;SMA/SMK;Karyawan Swasta;Karyawan Swasta;1;4;Finansial;Ya
MHS04938;Tidak;S3;D3;Karyawan Swasta;Karyawan Swasta;1;2;Adaptasi;Tidak
MHS04939;Tidak;S1;S1;Karyawan Swasta;Karyawan Swasta;3;5;Sosial;Tidak
MHS04940;Ya;SMP;SMP;Buruh/Pekerja Harian;Tidak Bekerja;0;3;Adaptasi;Tidak
MHS04941;Ya;SD;SMA/SMK;Karyawan Swasta;Tidak Bekerja;0;3;Finansial;Ya
MHS04942;Tidak;S1;S1;TNI/Polri;PNS/ASN;2;4;Akademik;Ya
MHS04943;Tidak;S2;D3;PNS/ASN;PNS/ASN;2;4;Akademik;Tidak
MHS04944;Tidak;S1;SMA/SMK;Profesional (dokter/guru/dll);Tidak Bekerja;0;3;Finansial;Tidak
MHS04945;Tidak;SMA/SMK;S1;TNI/Polri;Tidak Bekerja;0;3;Finansial;Tidak
MHS04946;Tidak;S1;SMA/SMK;Wiraswasta;Buruh/Pekerja Harian;2;1;Finansial;Tidak
MHS04947;Ya;SMP;SMA/SMK;Tidak Bekerja;Wiraswasta;1;2;Akademik;Ya
MHS04948;Tidak;S1;S1;PNS/ASN;PNS/ASN;0;4;Adaptasi;Tidak
MHS04949;Tidak;S2;S1;PNS/ASN;Profesional (dokter/guru/dll);1;5;Adaptasi;Tidak
MHS04950;Ya;SD;SMA/SMK;Tidak Bekerja;Karyawan Swasta;0;2;Akademik;Ya
MHS04951;Tidak;S1;S1;Profesional (dokter/guru/dll);Karyawan Swasta;3;4;Akademik;Tidak
MHS04952;Ya;SMA/SMK;SMA/SMK;Buruh/Pekerja Harian;Tidak Bekerja;0;5;Sosial;Ya
MHS04953;Tidak;S1;S1;Wiraswasta;Karyawan Swasta;3;5;Akademik;Ya
MHS04954;Ya;SMP;SMP;Petani/Nelayan;Tidak Bekerja;1;3;Akademik;Tidak
MHS04955;Ya;SMP;Tidak Sekolah;Wiraswasta;Tidak Bekerja;1;3;Akademik;Ya
MHS04956;Tidak;S1;SMP;Wiraswasta;Wiraswasta;0;3;Finansial;Tidak
MHS04957;Tidak;S1;SMA/SMK;Petani/Nelayan;Tidak Bekerja;0;3;Akademik;Tidak
MHS04958;Tidak;S1;SMA/SMK;Wiraswasta;Karyawan Swasta;0;4;Akademik;Tidak
MHS04959;Tidak;SMA/SMK;S2;Buruh/Pekerja Harian;PNS/ASN;0;5;Finansial;Tidak
MHS04960;Tidak;S1;S1;Profesional (dokter/guru/dll);Wiraswasta;1;4;Sosial;Tidak
MHS04961;Tidak;SMA/SMK;D3;Buruh/Pekerja Harian;Tidak Bekerja;0;3;Finansial;Tidak
MHS04962;Tidak;SMA/SMK;D3;Profesional (dokter/guru/dll);Karyawan Swasta;2;3;Finansial;Tidak
MHS04963;Ya;SMA/SMK;SMP;Buruh/Pekerja Harian;Tidak Bekerja;1;3;Finansial;Ya
MHS04964;Tidak;D3;S2;Wiraswasta;PNS/ASN;0;3;Finansial;Ya
MHS04965;Tidak;S1;D3;Profesional (dokter/guru/dll);Tidak Bekerja;1;4;Sosial;Tidak
MHS04966;Tidak;S2;D3;Wiraswasta;Wiraswasta;0;4;Sosial;Tidak
MHS04967;Tidak;SMA/SMK;S1;PNS/ASN;Tidak Bekerja;0;5;Akademik;Tidak
MHS04968;Tidak;S1;S2;Profesional (dokter/guru/dll);PNS/ASN;1;5;Sosial;Tidak
MHS04969;Ya;SMA/SMK;SMA/SMK;Karyawan Swasta;Wiraswasta;0;3;Sosial;Tidak
MHS04970;Tidak;S1;S1;Profesional (dokter/guru/dll);PNS/ASN;1;5;Akademik;Tidak
MHS04971;Tidak;SMA/SMK;D3;Buruh/Pekerja Harian;Karyawan Swasta;2;5;Adaptasi;Tidak
MHS04972;Tidak;S1;SMA/SMK;Karyawan Swasta;Tidak Bekerja;1;5;Finansial;Ya
MHS04973;Tidak;SMA/SMK;D3;Karyawan Swasta;Tidak Bekerja;0;4;Finansial;Tidak
MHS04974;Tidak;D3;SMA/SMK;PNS/ASN;Karyawan Swasta;0;3;Akademik;Tidak
MHS04975;Tidak;S1;SMA/SMK;PNS/ASN;Tidak Bekerja;1;4;Adaptasi;Tidak
MHS04976;Tidak;S1;D3;Wiraswasta;PNS/ASN;0;5;Adaptasi;Tidak
MHS04977;Tidak;SMA/SMK;S1;Wiraswasta;Profesional (dokter/guru/dll);0;3;Adaptasi;Ya
MHS04978;Ya;SD;SMP;Buruh/Pekerja Harian;Buruh/Pekerja Harian;0;2;Finansial;Tidak
MHS04979;Tidak;SD;D3;Petani/Nelayan;PNS/ASN;0;1;Adaptasi;Tidak
MHS04980;Tidak;S2;S1;TNI/Polri;Karyawan Swasta;0;5;Akademik;Tidak
MHS04981;Ya;SMA/SMK;SMA/SMK;TNI/Polri;Tidak Bekerja;0;3;Finansial;Tidak
MHS04982;Tidak;S1;S1;Wiraswasta;Wiraswasta;0;4;Sosial;Tidak
MHS04983;Ya;Tidak Sekolah;SMA/SMK;Petani/Nelayan;Karyawan Swasta;0;4;Sosial;Tidak
MHS04984;Tidak;S1;S1;PNS/ASN;Karyawan Swasta;1;4;Akademik;Tidak
MHS04985;Tidak;S1;S1;Karyawan Swasta;Karyawan Swasta;0;5;Akademik;Tidak
MHS04986;Tidak;S2;S1;Wiraswasta;PNS/ASN;3;5;Akademik;Tidak
MHS04987;Ya;SMA/SMK;SMA/SMK;Wiraswasta;Tidak Bekerja;1;1;Sosial;Ya
MHS04988;Ya;SMP;SMP;Petani/Nelayan;Buruh/Pekerja Harian;0;2;Adaptasi;Tidak
MHS04989;Tidak;S1;SMA/SMK;Karyawan Swasta;Buruh/Pekerja Harian;0;3;Finansial;Tidak
MHS04990;Tidak;D3;S3;Buruh/Pekerja Harian;Profesional (dokter/guru/dll);1;3;Akademik;Tidak
MHS04991;Tidak;D3;SMA/SMK;Karyawan Swasta;Wiraswasta;1;4;Akademik;Ya
MHS04992;Ya;SMA/SMK;SMP;Buruh/Pekerja Harian;Tidak Bekerja;0;2;Finansial;Tidak
MHS04993;Tidak;D3;SMP;Buruh/Pekerja Harian;Tidak Bekerja;0;4;Finansial;Tidak
MHS04994;Tidak;S1;SMA/SMK;Tidak Bekerja;PNS/ASN;1;3;Akademik;Tidak
MHS04995;Ya;SMA/SMK;SMA/SMK;Karyawan Swasta;Tidak Bekerja;0;5;Finansial;Tidak
MHS04996;Ya;SMA/SMK;SMA/SMK;Karyawan Swasta;Karyawan Swasta;2;4;Akademik;Tidak
MHS04997;Tidak;S1;S1;Karyawan Swasta;Wiraswasta;2;3;Sosial;Tidak
MHS04998;Ya;SMA/SMK;SMA/SMK;Wiraswasta;Buruh/Pekerja Harian;0;3;Sosial;Tidak
MHS04999;Tidak;SMA/SMK;D3;Karyawan Swasta;PNS/ASN;1;4;Sosial;Ya
MHS05000;Tidak;D3;SMA/SMK;Buruh/Pekerja Harian;Buruh/Pekerja Harian;1;2;Finansial;Tidak
