ID_Mahasiswa;Kategori_Ekonomi;Pendapatan_Orang_Tua_per_Bulan;Jumlah_Tanggungan_Keluarga;Sumber_Pembiayaan;Status_Penerima_Beasiswa;Jenis_Beasiswa;Kategori_UKT;Kepemilikan_Rumah;Bekerja_Sambil_Kuliah
MHS00001;Menengah;< Rp1.000.000;2;Kerja Sendiri (part-time);Tidak;Tidak Ada;3;Milik Sendiri;Tidak
MHS00002;Rendah;Rp1.000.000 - Rp3.000.000;6;Orang Tua;Tidak;Tidak Ada;3;Sewa;Tidak
MHS00003;Rendah;< Rp1.000.000;7;Pinjaman/Kredit Pendidikan;Tidak;Tidak Ada;1;Sewa;Ya
MHS00004;Tinggi;Rp3.000.000 - Rp5.000.000;4;Orang Tua;Tidak;Tidak Ada;4;Milik Sendiri;Tidak
MHS00005;Rendah;< Rp1.000.000;5;Kerja Sendiri (part-time);Tidak;Tidak Ada;1;Menumpang;Tidak
MHS00006;Rendah;Rp1.000.000 - Rp3.000.000;2;Orang Tua;Tidak;Tidak Ada;4;Sewa;Tidak
MHS00007;Rendah;< Rp1.000.000;3;Beasiswa;Ya;KIP-Kuliah;2;Sewa;Tidak
MHS00008;Tinggi;> Rp5.000.000;1;Orang Tua;Tidak;Tidak Ada;7;Milik Sendiri;Tidak
MHS00009;Tinggi;> Rp5.000.000;4;Orang Tua;Tidak;Tidak Ada;4;Milik Sendiri;Tidak
MHS00010;Rendah;< Rp1.000.000;6;Beasiswa;Ya;KIP-Kuliah;1;Milik Sendiri;Tidak
MHS00011;Tinggi;> Rp5.000.000;3;Orang Tua;Tidak;Tidak Ada;7;Milik Sendiri;Tidak
MHS00012;Menengah;> Rp5.000.000;6;Orang Tua;Tidak;Tidak Ada;7;Milik Sendiri;Tidak
MHS00013;Menengah;Rp3.000.000 - Rp5.000.000;3;Orang Tua;Ya;Beasiswa Swasta/CSR;4;Menumpang;Ya
MHS00014;Menengah;Rp3.000.000 - Rp5.000.000;4;Orang Tua;Tidak;Tidak Ada;4;Milik Sendiri;Tidak
MHS00015;Menengah;Rp3.000.000 - Rp5.000.000;4;Orang Tua;Tidak;Tidak Ada;6;Milik Sendiri;Tidak
MHS00016;Rendah;< Rp1.000.000;4;Beasiswa;Ya;KIP-Kuliah;2;Menumpang;Ya
MHS00017;Tinggi;> Rp5.000.000;4;Orang Tua;Tidak;Tidak Ada;3;Menumpang;Tidak
MHS00018;Tinggi;> Rp5.000.000;4;Beasiswa;Ya;Beasiswa Swasta/CSR;8;Milik Sendiri;Tidak
MHS00019;Menengah;Rp3.000.000 - Rp5.000.000;2;Orang Tua;Tidak;Tidak Ada;7;Sewa;Tidak
MHS00020;Menengah;Rp3.000.000 - Rp5.000.000;5;Kerja Sendiri (part-time);Tidak;Tidak Ada;4;Milik Sendiri;Ya
MHS00021;Menengah;Rp3.000.000 - Rp5.000.000;6;Beasiswa;Ya;KIP-Kuliah;4;Milik Sendiri;Tidak
MHS00022;Rendah;< Rp1.000.000;6;Beasiswa;Ya;KIP-Kuliah;1;Sewa;Ya
MHS00023;Tinggi;Rp3.000.000 - Rp5.000.000;3;Orang Tua;Tidak;Tidak Ada;6;Milik Sendiri;Tidak
MHS00024;Menengah;Rp3.000.000 - Rp5.000.000;5;Orang Tua;Tidak;Tidak Ada;5;Menumpang;Tidak
MHS00025;Menengah;Rp3.000.000 - Rp5.000.000;4;Orang Tua;Ya;Beasiswa Prestasi Akademik (PPA);6;Menumpang;Tidak
MHS00026;Rendah;< Rp1.000.000;7;Beasiswa;Ya;KIP-Kuliah;4;Sewa;Tidak
MHS00027;Menengah;Rp3.000.000 - Rp5.000.000;4;Orang Tua;Tidak;Tidak Ada;3;Milik Sendiri;Tidak
MHS00028;Rendah;< Rp1.000.000;8;Beasiswa;Ya;KIP-Kuliah;1;Sewa;Tidak
MHS00029;Tinggi;Rp3.000.000 - Rp5.000.000;4;Orang Tua;Tidak;Tidak Ada;7;Milik Sendiri;Tidak
MHS00030;Tinggi;> Rp5.000.000;3;Orang Tua;Tidak;Tidak Ada;8;Milik Sendiri;Tidak
MHS00031;Rendah;Rp1.000.000 - Rp3.000.000;2;Orang Tua;Tidak;Tidak Ada;4;Sewa;Tidak
MHS00032;Tinggi;Rp3.000.000 - Rp5.000.000;2;Orang Tua;Ya;Beasiswa Prestasi Akademik (PPA);5;Milik Sendiri;Tidak
MHS00033;Menengah;Rp3.000.000 - Rp5.000.000;2;Orang Tua;Tidak;Tidak Ada;3;Milik Sendiri;Tidak
MHS00034;Rendah;< Rp1.000.000;5;Beasiswa;Ya;KIP-Kuliah;2;Sewa;Ya
MHS00035;Rendah;Rp1.000.000 - Rp3.000.000;7;Orang Tua;Tidak;Tidak Ada;3;Sewa;Ya
MHS00036;Tinggi;> Rp5.000.000;3;Orang Tua;Tidak;Tidak Ada;6;Milik Sendiri;Tidak
MHS00037;Rendah;Rp1.000.000 - Rp3.000.000;7;Beasiswa;Ya;KIP-Kuliah;3;Menumpang;Tidak
MHS00038;Menengah;Rp3.000.000 - Rp5.000.000;2;Orang Tua;Tidak;Tidak Ada;6;Milik Sendiri;Tidak
MHS00039;Menengah;Rp1.000.000 - Rp3.000.000;8;Orang Tua;Ya;Beasiswa Daerah;4;Menumpang;Tidak
MHS00040;Menengah;Rp1.000.000 - Rp3.000.000;3;Orang Tua;Ya;Beasiswa Daerah;3;Milik Sendiri;Tidak
MHS00041;Tinggi;Rp3.000.000 - Rp5.000.000;4;Orang Tua;Tidak;Tidak Ada;5;Sewa;Tidak
MHS00042;Menengah;Rp1.000.000 - Rp3.000.000;2;Beasiswa;Ya;KIP-Kuliah;4;Milik Sendiri;Tidak
MHS00043;Rendah;< Rp1.000.000;8;Beasiswa;Ya;KIP-Kuliah;1;Menumpang;Tidak
MHS00044;Menengah;Rp3.000.000 - Rp5.000.000;5;Pinjaman/Kredit Pendidikan;Tidak;Tidak Ada;6;Milik Sendiri;Tidak
MHS00045;Menengah;Rp3.000.000 - Rp5.000.000;3;Orang Tua;Ya;Beasiswa Daerah;6;Milik Sendiri;Tidak
MHS00046;Tinggi;Rp3.000.000 - Rp5.000.000;2;Orang Tua;Tidak;Tidak Ada;6;Milik Sendiri;Tidak
MHS00047;Menengah;Rp3.000.000 - Rp5.000.000;6;Pinjaman/Kredit Pendidikan;Tidak;Tidak Ada;6;Sewa;Tidak
MHS00048;Menengah;Rp3.000.000 - Rp5.000.000;5;Beasiswa;Ya;KIP-Kuliah;4;Milik Sendiri;Ya
MHS00049;Menengah;Rp1.000.000 - Rp3.000.000;5;Kerja Sendiri (part-time);Tidak;Tidak Ada;3;Sewa;Ya
MHS00050;Menengah;Rp1.000.000 - Rp3.000.000;2;Beasiswa;Ya;KIP-Kuliah;3;Milik Sendiri;Ya
MHS00051;Menengah;Rp1.000.000 - Rp3.000.000;6;Orang Tua;Tidak;Tidak Ada;5;Milik Sendiri;Tidak
MHS00052;Menengah;Rp1.000.000 - Rp3.000.000;4;Orang Tua;Tidak;Tidak Ada;5;Menumpang;Tidak
MHS00053;Menengah;< Rp1.000.000;5;Orang Tua;Ya;KIP-Kuliah;4;Menumpang;Tidak
MHS00054;Menengah;Rp1.000.000 - Rp3.000.000;4;Orang Tua;Tidak;Tidak Ada;3;Menumpang;Tidak
MHS00055;Menengah;Rp1.000.000 - Rp3.000.000;4;Kerja Sendiri (part-time);Tidak;Tidak Ada;6;Sewa;Ya
MHS00056;Menengah;Rp1.000.000 - Rp3.000.000;5;Kerja Sendiri (part-time);Tidak;Tidak Ada;3;Menumpang;Tidak
MHS00057;Rendah;< Rp1.000.000;5;Beasiswa;Ya;KIP-Kuliah;4;Menumpang;Tidak
MHS00058;Menengah;Rp3.000.000 - Rp5.000.000;3;Orang Tua;Tidak;Tidak Ada;5;Sewa;Tidak
MHS00059;Menengah;Rp1.000.000 - Rp3.000.000;8;Orang Tua;Tidak;Tidak Ada;7;Sewa;Tidak
MHS00060;Rendah;< Rp1.000.000;3;Kerja Sendiri (part-time);Tidak;Tidak Ada;4;Menumpang;Ya
MHS00061;Menengah;Rp1.000.000 - Rp3.000.000;6;Beasiswa;Ya;Beasiswa Prestasi Akademik (PPA);4;Sewa;Tidak
MHS00062;Tinggi;Rp3.000.000 - Rp5.000.000;4;Orang Tua;Tidak;Tidak Ada;8;Milik Sendiri;Ya
MHS00063;Rendah;Rp1.000.000 - Rp3.000.000;5;Beasiswa;Ya;KIP-Kuliah;4;Milik Sendiri;Ya
MHS00064;Menengah;Rp1.000.000 - Rp3.000.000;7;Orang Tua;Tidak;Tidak Ada;6;Menumpang;Ya
MHS00065;Rendah;Rp1.000.000 - Rp3.000.000;5;Kerja Sendiri (part-time);Tidak;Tidak Ada;1;Sewa;Ya
MHS00066;Menengah;Rp1.000.000 - Rp3.000.000;5;Kerja Sendiri (part-time);Tidak;Tidak Ada;5;Milik Sendiri;Ya
MHS00067;Rendah;< Rp1.000.000;9;Beasiswa;Ya;KIP-Kuliah;1;Sewa;Tidak
MHS00068;Rendah;< Rp1.000.000;3;Orang Tua;Ya;KIP-Kuliah;2;Sewa;Tidak
MHS00069;Rendah;Rp1.000.000 - Rp3.000.000;4;Beasiswa;Ya;Beasiswa Daerah;5;Sewa;Tidak
MHS00070;Menengah;Rp3.000.000 - Rp5.000.000;5;Beasiswa;Ya;Beasiswa Prestasi Akademik (PPA);5;Milik Sendiri;Tidak
MHS00071;Rendah;< Rp1.000.000;5;Orang Tua;Tidak;Tidak Ada;2;Sewa;Ya
MHS00072;Rendah;< Rp1.000.000;5;Pinjaman/Kredit Pendidikan;Tidak;Tidak Ada;2;Sewa;Ya
MHS00073;Menengah;Rp1.000.000 - Rp3.000.000;2;Orang Tua;Tidak;Tidak Ada;5;Milik Sendiri;Tidak
MHS00074;Menengah;Rp3.000.000 - Rp5.000.000;4;Orang Tua;Tidak;Tidak Ada;3;Sewa;Tidak
MHS00075;Tinggi;Rp3.000.000 - Rp5.000.000;3;Orang Tua;Ya;Beasiswa Prestasi Akademik (PPA);5;Milik Sendiri;Tidak
MHS00076;Menengah;Rp3.000.000 - Rp5.000.000;7;Orang Tua;Tidak;Tidak Ada;6;Milik Sendiri;Ya
MHS00077;Tinggi;Rp3.000.000 - Rp5.000.000;3;Orang Tua;Tidak;Tidak Ada;6;Sewa;Tidak
MHS00078;Tinggi;Rp3.000.000 - Rp5.000.000;3;Orang Tua;Tidak;Tidak Ada;5;Milik Sendiri;Tidak
MHS00079;Tinggi;> Rp5.000.000;3;Orang Tua;Tidak;Tidak Ada;7;Milik Sendiri;Tidak
MHS00080;Tinggi;> Rp5.000.000;2;Orang Tua;Tidak;Tidak Ada;7;Milik Sendiri;Tidak
MHS00081;Menengah;Rp3.000.000 - Rp5.000.000;3;Orang Tua;Ya;Beasiswa Swasta/CSR;6;Milik Sendiri;Tidak
MHS00082;Menengah;Rp3.000.000 - Rp5.000.000;3;Beasiswa;Ya;KIP-Kuliah;4;Milik Sendiri;Tidak
MHS00083;Menengah;Rp1.000.000 - Rp3.000.000;7;Orang Tua;Tidak;Tidak Ada;4;Sewa;Tidak
MHS00084;Menengah;Rp3.000.000 - Rp5.000.000;7;Orang Tua;Tidak;Tidak Ada;5;Menumpang;Ya
MHS00085;Menengah;Rp1.000.000 - Rp3.000.000;9;Orang Tua;Tidak;Tidak Ada;4;Sewa;Ya
MHS00086;Menengah;Rp3.000.000 - Rp5.000.000;2;Orang Tua;Tidak;Tidak Ada;5;Milik Sendiri;Tidak
MHS00087;Menengah;Rp1.000.000 - Rp3.000.000;3;Beasiswa;Ya;Beasiswa Swasta/CSR;2;Menumpang;Ya
MHS00088;Tinggi;Rp3.000.000 - Rp5.000.000;4;Orang Tua;Tidak;Tidak Ada;5;Milik Sendiri;Tidak
MHS00089;Rendah;< Rp1.000.000;5;Orang Tua;Tidak;Tidak Ada;4;Sewa;Tidak
MHS00090;Menengah;Rp3.000.000 - Rp5.000.000;5;Orang Tua;Tidak;Tidak Ada;5;Milik Sendiri;Tidak
MHS00091;Menengah;Rp3.000.000 - Rp5.000.000;3;Orang Tua;Tidak;Tidak Ada;5;Milik Sendiri;Tidak
MHS00092;Rendah;< Rp1.000.000;5;Beasiswa;Ya;KIP-Kuliah;2;Sewa;Ya
MHS00093;Menengah;Rp3.000.000 - Rp5.000.000;5;Orang Tua;Tidak;Tidak Ada;6;Sewa;Tidak
MHS00094;Menengah;Rp1.000.000 - Rp3.000.000;8;Orang Tua;Ya;Beasiswa Prestasi Akademik (PPA);4;Sewa;Ya
MHS00095;Menengah;Rp3.000.000 - Rp5.000.000;6;Orang Tua;Tidak;Tidak Ada;6;Milik Sendiri;Tidak
MHS00096;Menengah;> Rp5.000.000;6;Orang Tua;Tidak;Tidak Ada;5;Milik Sendiri;Tidak
MHS00097;Menengah;Rp1.000.000 - Rp3.000.000;2;Orang Tua;Ya;Beasiswa Prestasi Akademik (PPA);4;Sewa;Ya
MHS00098;Tinggi;Rp3.000.000 - Rp5.000.000;1;Orang Tua;Tidak;Tidak Ada;6;Sewa;Tidak
MHS00099;Menengah;Rp3.000.000 - Rp5.000.000;3;Beasiswa;Ya;KIP-Kuliah;5;Milik Sendiri;Tidak
MHS00100;Tinggi;> Rp5.000.000;4;Orang Tua;Tidak;Tidak Ada;6;Milik Sendiri;Tidak
MHS00101;Menengah;Rp3.000.000 - Rp5.000.000;5;Orang Tua;Tidak;Tidak Ada;4;Milik Sendiri;Tidak
MHS00102;Tinggi;Rp3.000.000 - Rp5.000.000;4;Orang Tua;Tidak;Tidak Ada;5;Milik Sendiri;Tidak
MHS00103;Tinggi;> Rp5.000.000;2;Orang Tua;Tidak;Tidak Ada;7;Milik Sendiri;Tidak
MHS00104;Menengah;Rp1.000.000 - Rp3.000.000;5;Orang Tua;Tidak;Tidak Ada;5;Sewa;Tidak
MHS00105;Menengah;Rp3.000.000 - Rp5.000.000;4;Orang Tua;Tidak;Tidak Ada;4;Menumpang;Tidak
MHS00106;Menengah;> Rp5.000.000;3;Orang Tua;Tidak;Tidak Ada;6;Sewa;Tidak
MHS00107;Tinggi;> Rp5.000.000;3;Orang Tua;Tidak;Tidak Ada;7;Milik Sendiri;Tidak
MHS00108;Menengah;> Rp5.000.000;3;Orang Tua;Tidak;Tidak Ada;7;Milik Sendiri;Tidak
MHS00109;Rendah;< Rp1.000.000;4;Beasiswa;Ya;KIP-Kuliah;1;Sewa;Tidak
MHS00110;Tinggi;> Rp5.000.000;4;Orang Tua;Tidak;Tidak Ada;7;Sewa;Tidak
MHS00111;Rendah;< Rp1.000.000;7;Beasiswa;Ya;KIP-Kuliah;4;Menumpang;Ya
MHS00112;Menengah;Rp3.000.000 - Rp5.000.000;3;Kerja Sendiri (part-time);Tidak;Tidak Ada;6;Menumpang;Tidak
MHS00113;Menengah;Rp3.000.000 - Rp5.000.000;4;Beasiswa;Ya;KIP-Kuliah;6;Milik Sendiri;Tidak
MHS00114;Rendah;< Rp1.000.000;6;Beasiswa;Ya;KIP-Kuliah;2;Sewa;Tidak
MHS00115;Menengah;Rp3.000.000 - Rp5.000.000;4;Orang Tua;Tidak;Tidak Ada;5;Milik Sendiri;Tidak
MHS00116;Menengah;Rp1.000.000 - Rp3.000.000;6;Orang Tua;Ya;KIP-Kuliah;5;Milik Sendiri;Ya
MHS00117;Menengah;Rp1.000.000 - Rp3.000.000;2;Orang Tua;Tidak;Tidak Ada;5;Milik Sendiri;Ya
MHS00118;Menengah;Rp3.000.000 - Rp5.000.000;4;Orang Tua;Tidak;Tidak Ada;6;Sewa;Tidak
MHS00119;Tinggi;Rp3.000.000 - Rp5.000.000;1;Orang Tua;Tidak;Tidak Ada;6;Milik Sendiri;Tidak
MHS00120;Menengah;Rp1.000.000 - Rp3.000.000;1;Beasiswa;Ya;KIP-Kuliah;3;Menumpang;Tidak
MHS00121;Tinggi;> Rp5.000.000;3;Orang Tua;Tidak;Tidak Ada;8;Milik Sendiri;Tidak
MHS00122;Rendah;< Rp1.000.000;9;Kerja Sendiri (part-time);Tidak;Tidak Ada;1;Menumpang;Ya
MHS00123;Menengah;Rp3.000.000 - Rp5.000.000;2;Orang Tua;Tidak;Tidak Ada;5;Milik Sendiri;Tidak
MHS00124;Menengah;Rp1.000.000 - Rp3.000.000;6;Pinjaman/Kredit Pendidikan;Tidak;Tidak Ada;5;Milik Sendiri;Tidak
MHS00125;Rendah;Rp1.000.000 - Rp3.000.000;3;Beasiswa;Ya;KIP-Kuliah;3;Menumpang;Ya
MHS00126;Tinggi;Rp3.000.000 - Rp5.000.000;2;Orang Tua;Ya;Beasiswa Swasta/CSR;4;Sewa;Tidak
MHS00127;Tinggi;Rp3.000.000 - Rp5.000.000;5;Orang Tua;Tidak;Tidak Ada;7;Milik Sendiri;Tidak
MHS00128;Menengah;Rp3.000.000 - Rp5.000.000;1;Orang Tua;Tidak;Tidak Ada;6;Milik Sendiri;Tidak
MHS00129;Menengah;Rp1.000.000 - Rp3.000.000;3;Pinjaman/Kredit Pendidikan;Tidak;Tidak Ada;4;Sewa;Tidak
MHS00130;Menengah;Rp1.000.000 - Rp3.000.000;6;Orang Tua;Tidak;Tidak Ada;4;Menumpang;Tidak
MHS00131;Menengah;Rp3.000.000 - Rp5.000.000;4;Orang Tua;Tidak;Tidak Ada;5;Sewa;Tidak
MHS00132;Menengah;Rp3.000.000 - Rp5.000.000;7;Orang Tua;Tidak;Tidak Ada;2;Sewa;Tidak
MHS00133;Menengah;Rp3.000.000 - Rp5.000.000;2;Orang Tua;Tidak;Tidak Ada;5;Milik Sendiri;Ya
MHS00134;Tinggi;> Rp5.000.000;3;Orang Tua;Tidak;Tidak Ada;8;Milik Sendiri;Tidak
MHS00135;Tinggi;Rp3.000.000 - Rp5.000.000;2;Orang Tua;Tidak;Tidak Ada;6;Milik Sendiri;Tidak
MHS00136;Rendah;< Rp1.000.000;5;Beasiswa;Ya;KIP-Kuliah;2;Sewa;Tidak
MHS00137;Menengah;Rp1.000.000 - Rp3.000.000;4;Orang Tua;Tidak;Tidak Ada;2;Milik Sendiri;Tidak
MHS00138;Rendah;Rp1.000.000 - Rp3.000.000;8;Orang Tua;Tidak;Tidak Ada;4;Milik Sendiri;Tidak
MHS00139;Menengah;Rp3.000.000 - Rp5.000.000;6;Orang Tua;Tidak;Tidak Ada;4;Milik Sendiri;Tidak
MHS00140;Menengah;Rp1.000.000 - Rp3.000.000;5;Kerja Sendiri (part-time);Ya;Beasiswa Prestasi Akademik (PPA);5;Menumpang;Tidak
MHS00141;Rendah;< Rp1.000.000;5;Kerja Sendiri (part-time);Ya;KIP-Kuliah;1;Menumpang;Ya
MHS00142;Menengah;Rp3.000.000 - Rp5.000.000;5;Beasiswa;Ya;Beasiswa Prestasi Akademik (PPA);5;Sewa;Tidak
MHS00143;Menengah;Rp3.000.000 - Rp5.000.000;3;Orang Tua;Tidak;Tidak Ada;6;Milik Sendiri;Tidak
MHS00144;Rendah;Rp1.000.000 - Rp3.000.000;3;Kerja Sendiri (part-time);Tidak;Tidak Ada;4;Menumpang;Ya
MHS00145;Tinggi;> Rp5.000.000;1;Orang Tua;Tidak;Tidak Ada;8;Milik Sendiri;Tidak
MHS00146;Menengah;Rp3.000.000 - Rp5.000.000;7;Pinjaman/Kredit Pendidikan;Ya;KIP-Kuliah;5;Sewa;Tidak
MHS00147;Rendah;Rp1.000.000 - Rp3.000.000;3;Orang Tua;Tidak;Tidak Ada;3;Sewa;Tidak
MHS00148;Tinggi;Rp3.000.000 - Rp5.000.000;3;Orang Tua;Tidak;Tidak Ada;4;Milik Sendiri;Tidak
MHS00149;Menengah;Rp3.000.000 - Rp5.000.000;2;Beasiswa;Ya;Beasiswa Prestasi Akademik (PPA);5;Milik Sendiri;Tidak
MHS00150;Menengah;Rp1.000.000 - Rp3.000.000;5;Orang Tua;Ya;Beasiswa Prestasi Akademik (PPA);4;Sewa;Tidak
MHS00151;Tinggi;Rp3.000.000 - Rp5.000.000;6;Orang Tua;Tidak;Tidak Ada;3;Milik Sendiri;Tidak
MHS00152;Tinggi;Rp3.000.000 - Rp5.000.000;3;Orang Tua;Tidak;Tidak Ada;7;Milik Sendiri;Tidak
MHS00153;Rendah;Rp1.000.000 - Rp3.000.000;4;Orang Tua;Tidak;Tidak Ada;2;Sewa;Tidak
MHS00154;Rendah;< Rp1.000.000;8;Beasiswa;Ya;KIP-Kuliah;2;Sewa;Tidak
MHS00155;Tinggi;> Rp5.000.000;3;Orang Tua;Tidak;Tidak Ada;6;Milik Sendiri;Tidak
MHS00156;Rendah;Rp1.000.000 - Rp3.000.000;4;Beasiswa;Ya;KIP-Kuliah;3;Sewa;Tidak
MHS00157;Tinggi;> Rp5.000.000;2;Orang Tua;Tidak;Tidak Ada;6;Milik Sendiri;Tidak
MHS00158;Menengah;Rp1.000.000 - Rp3.000.000;4;Kerja Sendiri (part-time);Tidak;Tidak Ada;5;Menumpang;Tidak
MHS00159;Menengah;Rp3.000.000 - Rp5.000.000;4;Orang Tua;Tidak;Tidak Ada;5;Sewa;Tidak
MHS00160;Menengah;> Rp5.000.000;4;Orang Tua;Ya;Beasiswa Prestasi Akademik (PPA);4;Milik Sendiri;Ya
MHS00161;Tinggi;> Rp5.000.000;4;Orang Tua;Tidak;Tidak Ada;6;Milik Sendiri;Tidak
MHS00162;Tinggi;Rp3.000.000 - Rp5.000.000;4;Orang Tua;Tidak;Tidak Ada;6;Sewa;Tidak
MHS00163;Menengah;Rp1.000.000 - Rp3.000.000;3;Orang Tua;Tidak;Tidak Ada;4;Sewa;Tidak
MHS00164;Menengah;Rp1.000.000 - Rp3.000.000;4;Orang Tua;Ya;Beasiswa Daerah;5;Menumpang;Tidak
MHS00165;Menengah;Rp3.000.000 - Rp5.000.000;5;Kerja Sendiri (part-time);Tidak;Tidak Ada;5;Milik Sendiri;Ya
MHS00166;Tinggi;> Rp5.000.000;2;Orang Tua;Tidak;Tidak Ada;6;Milik Sendiri;Ya
MHS00167;Rendah;< Rp1.000.000;8;Beasiswa;Ya;KIP-Kuliah;2;Sewa;Ya
MHS00168;Menengah;< Rp1.000.000;4;Beasiswa;Ya;KIP-Kuliah;3;Menumpang;Tidak
MHS00169;Rendah;< Rp1.000.000;4;Kerja Sendiri (part-time);Ya;KIP-Kuliah;6;Sewa;Tidak
MHS00170;Tinggi;> Rp5.000.000;1;Orang Tua;Tidak;Tidak Ada;6;Milik Sendiri;Tidak
MHS00171;Tinggi;> Rp5.000.000;3;Orang Tua;Tidak;Tidak Ada;7;Menumpang;Tidak
MHS00172;Menengah;Rp3.000.000 - Rp5.000.000;3;Orang Tua;Ya;Beasiswa Prestasi Akademik (PPA);5;Milik Sendiri;Tidak
MHS00173;Menengah;> Rp5.000.000;2;Beasiswa;Ya;Beasiswa Prestasi Akademik (PPA);6;Milik Sendiri;Tidak
MHS00174;Menengah;Rp1.000.000 - Rp3.000.000;4;Orang Tua;Tidak;Tidak Ada;4;Menumpang;Ya
MHS00175;Menengah;Rp3.000.000 - Rp5.000.000;3;Orang Tua;Tidak;Tidak Ada;6;Milik Sendiri;Tidak
MHS00176;Menengah;Rp1.000.000 - Rp3.000.000;3;Orang Tua;Tidak;Tidak Ada;4;Sewa;Tidak
MHS00177;Menengah;Rp3.000.000 - Rp5.000.000;5;Orang Tua;Tidak;Tidak Ada;3;Sewa;Tidak
MHS00178;Tinggi;> Rp5.000.000;1;Orang Tua;Tidak;Tidak Ada;7;Sewa;Tidak
MHS00179;Tinggi;Rp3.000.000 - Rp5.000.000;5;Orang Tua;Tidak;Tidak Ada;6;Milik Sendiri;Tidak
MHS00180;Tinggi;> Rp5.000.000;3;Orang Tua;Tidak;Tidak Ada;6;Milik Sendiri;Tidak
MHS00181;Menengah;Rp3.000.000 - Rp5.000.000;2;Orang Tua;Tidak;Tidak Ada;6;Milik Sendiri;Tidak
MHS00182;Tinggi;> Rp5.000.000;6;Beasiswa;Ya;KIP-Kuliah;5;Milik Sendiri;Tidak
MHS00183;Menengah;Rp1.000.000 - Rp3.000.000;4;Orang Tua;Ya;Beasiswa Swasta/CSR;3;Milik Sendiri;Tidak
MHS00184;Rendah;< Rp1.000.000;6;Beasiswa;Ya;KIP-Kuliah;1;Menumpang;Tidak
MHS00185;Menengah;Rp1.000.000 - Rp3.000.000;6;Orang Tua;Tidak;Tidak Ada;6;Sewa;Ya
MHS00186;Rendah;< Rp1.000.000;8;Kerja Sendiri (part-time);Tidak;Tidak Ada;2;Sewa;Tidak
MHS00187;Rendah;Rp1.000.000 - Rp3.000.000;4;Beasiswa;Ya;KIP-Kuliah;3;Milik Sendiri;Ya
MHS00188;Menengah;Rp1.000.000 - Rp3.000.000;7;Orang Tua;Tidak;Tidak Ada;3;Milik Sendiri;Tidak
MHS00189;Rendah;Rp1.000.000 - Rp3.000.000;9;Beasiswa;Ya;Beasiswa Prestasi Akademik (PPA);3;Sewa;Ya
MHS00190;Rendah;Rp1.000.000 - Rp3.000.000;6;Pinjaman/Kredit Pendidikan;Ya;Beasiswa Swasta/CSR;4;Milik Sendiri;Tidak
MHS00191;Menengah;Rp3.000.000 - Rp5.000.000;1;Orang Tua;Tidak;Tidak Ada;4;Sewa;Tidak
MHS00192;Menengah;> Rp5.000.000;9;Orang Tua;Tidak;Tidak Ada;7;Milik Sendiri;Tidak
MHS00193;Tinggi;Rp3.000.000 - Rp5.000.000;2;Orang Tua;Tidak;Tidak Ada;5;Milik Sendiri;Tidak
MHS00194;Rendah;< Rp1.000.000;5;Beasiswa;Ya;KIP-Kuliah;2;Menumpang;Ya
MHS00195;Rendah;Rp1.000.000 - Rp3.000.000;3;Orang Tua;Tidak;Tidak Ada;5;Sewa;Ya
MHS00196;Menengah;< Rp1.000.000;6;Pinjaman/Kredit Pendidikan;Tidak;Tidak Ada;2;Sewa;Ya
MHS00197;Rendah;Rp1.000.000 - Rp3.000.000;5;Beasiswa;Ya;Beasiswa Prestasi Akademik (PPA);3;Menumpang;Tidak
MHS00198;Menengah;Rp3.000.000 - Rp5.000.000;5;Orang Tua;Tidak;Tidak Ada;5;Menumpang;Tidak
MHS00199;Tinggi;Rp3.000.000 - Rp5.000.000;5;Orang Tua;Tidak;Tidak Ada;5;Sewa;Tidak
MHS00200;Tinggi;> Rp5.000.000;2;Orang Tua;Tidak;Tidak Ada;8;Milik Sendiri;Tidak
MHS00201;Menengah;Rp1.000.000 - Rp3.000.000;5;Orang Tua;Tidak;Tidak Ada;6;Sewa;Tidak
MHS00202;Menengah;Rp1.000.000 - Rp3.000.000;1;Orang Tua;Tidak;Tidak Ada;4;Menumpang;Ya
MHS00203;Menengah;Rp3.000.000 - Rp5.000.000;5;Orang Tua;Tidak;Tidak Ada;4;Milik Sendiri;Tidak
MHS00204;Menengah;Rp1.000.000 - Rp3.000.000;4;Orang Tua;Tidak;Tidak Ada;3;Sewa;Tidak
MHS00205;Menengah;Rp3.000.000 - Rp5.000.000;7;Orang Tua;Tidak;Tidak Ada;6;Menumpang;Tidak
MHS00206;Menengah;Rp3.000.000 - Rp5.000.000;5;Orang Tua;Tidak;Tidak Ada;4;Menumpang;Tidak
MHS00207;Tinggi;> Rp5.000.000;5;Orang Tua;Tidak;Tidak Ada;6;Sewa;Tidak
MHS00208;Menengah;> Rp5.000.000;4;Orang Tua;Ya;Beasiswa Prestasi Akademik (PPA);4;Milik Sendiri;Tidak
MHS00209;Menengah;Rp1.000.000 - Rp3.000.000;8;Orang Tua;Tidak;Tidak Ada;3;Milik Sendiri;Ya
MHS00210;Tinggi;> Rp5.000.000;2;Orang Tua;Ya;Beasiswa Prestasi Akademik (PPA);6;Milik Sendiri;Tidak
MHS00211;Rendah;< Rp1.000.000;4;Orang Tua;Ya;KIP-Kuliah;1;Sewa;Tidak
MHS00212;Menengah;Rp1.000.000 - Rp3.000.000;4;Orang Tua;Ya;Beasiswa Prestasi Akademik (PPA);4;Milik Sendiri;Tidak
MHS00213;Tinggi;> Rp5.000.000;3;Orang Tua;Tidak;Tidak Ada;6;Milik Sendiri;Tidak
MHS00214;Menengah;Rp3.000.000 - Rp5.000.000;5;Beasiswa;Ya;Beasiswa Prestasi Akademik (PPA);6;Milik Sendiri;Tidak
MHS00215;Menengah;Rp3.000.000 - Rp5.000.000;3;Orang Tua;Tidak;Tidak Ada;6;Sewa;Tidak
MHS00216;Menengah;Rp1.000.000 - Rp3.000.000;2;Orang Tua;Tidak;Tidak Ada;4;Sewa;Ya
MHS00217;Tinggi;> Rp5.000.000;2;Orang Tua;Tidak;Tidak Ada;6;Sewa;Tidak
MHS00218;Rendah;< Rp1.000.000;6;Beasiswa;Ya;KIP-Kuliah;4;Sewa;Tidak
MHS00219;Rendah;Rp1.000.000 - Rp3.000.000;6;Orang Tua;Tidak;Tidak Ada;4;Sewa;Tidak
MHS00220;Menengah;Rp1.000.000 - Rp3.000.000;7;Orang Tua;Tidak;Tidak Ada;5;Menumpang;Tidak
MHS00221;Menengah;Rp3.000.000 - Rp5.000.000;3;Orang Tua;Tidak;Tidak Ada;3;Milik Sendiri;Ya
MHS00222;Tinggi;Rp3.000.000 - Rp5.000.000;8;Orang Tua;Tidak;Tidak Ada;4;Sewa;Tidak
MHS00223;Rendah;< Rp1.000.000;3;Beasiswa;Ya;KIP-Kuliah;2;Milik Sendiri;Ya
MHS00224;Rendah;< Rp1.000.000;2;Kerja Sendiri (part-time);Tidak;Tidak Ada;4;Milik Sendiri;Tidak
MHS00225;Menengah;Rp3.000.000 - Rp5.000.000;5;Orang Tua;Tidak;Tidak Ada;5;Milik Sendiri;Tidak
MHS00226;Tinggi;> Rp5.000.000;2;Orang Tua;Tidak;Tidak Ada;7;Milik Sendiri;Tidak
MHS00227;Tinggi;> Rp5.000.000;2;Orang Tua;Tidak;Tidak Ada;6;Sewa;Ya
MHS00228;Menengah;Rp1.000.000 - Rp3.000.000;5;Orang Tua;Ya;Beasiswa Daerah;4;Milik Sendiri;Tidak
MHS00229;Menengah;Rp1.000.000 - Rp3.000.000;7;Orang Tua;Tidak;Tidak Ada;3;Sewa;Ya
MHS00230;Menengah;Rp3.000.000 - Rp5.000.000;3;Orang Tua;Tidak;Tidak Ada;3;Sewa;Ya
MHS00231;Menengah;> Rp5.000.000;3;Orang Tua;Tidak;Tidak Ada;6;Menumpang;Ya
MHS00232;Menengah;Rp3.000.000 - Rp5.000.000;4;Orang Tua;Tidak;Tidak Ada;4;Milik Sendiri;Ya
MHS00233;Menengah;> Rp5.000.000;5;Orang Tua;Tidak;Tidak Ada;5;Milik Sendiri;Ya
MHS00234;Menengah;Rp3.000.000 - Rp5.000.000;2;Pinjaman/Kredit Pendidikan;Tidak;Tidak Ada;4;Sewa;Ya
MHS00235;Tinggi;> Rp5.000.000;2;Orang Tua;Tidak;Tidak Ada;8;Milik Sendiri;Tidak
MHS00236;Menengah;Rp3.000.000 - Rp5.000.000;5;Orang Tua;Tidak;Tidak Ada;7;Menumpang;Tidak
MHS00237;Menengah;Rp3.000.000 - Rp5.000.000;3;Orang Tua;Tidak;Tidak Ada;4;Milik Sendiri;Tidak
MHS00238;Menengah;Rp1.000.000 - Rp3.000.000;5;Beasiswa;Ya;KIP-Kuliah;6;Sewa;Ya
MHS00239;Tinggi;> Rp5.000.000;3;Orang Tua;Tidak;Tidak Ada;7;Milik Sendiri;Tidak
MHS00240;Tinggi;> Rp5.000.000;1;Orang Tua;Tidak;Tidak Ada;7;Milik Sendiri;Ya
MHS00241;Menengah;Rp3.000.000 - Rp5.000.000;3;Orang Tua;Tidak;Tidak Ada;5;Milik Sendiri;Tidak
MHS00242;Rendah;< Rp1.000.000;5;Orang Tua;Ya;Beasiswa Daerah;4;Sewa;Tidak
MHS00243;Tinggi;> Rp5.000.000;2;Orang Tua;Ya;Beasiswa Swasta/CSR;8;Milik Sendiri;Tidak
MHS00244;Menengah;Rp1.000.000 - Rp3.000.000;7;Orang Tua;Tidak;Tidak Ada;4;Sewa;Ya
MHS00245;Menengah;Rp1.000.000 - Rp3.000.000;6;Beasiswa;Ya;Beasiswa Prestasi Akademik (PPA);3;Sewa;Tidak
MHS00246;Tinggi;> Rp5.000.000;2;Orang Tua;Tidak;Tidak Ada;7;Milik Sendiri;Tidak
MHS00247;Tinggi;Rp3.000.000 - Rp5.000.000;5;Orang Tua;Tidak;Tidak Ada;5;Milik Sendiri;Ya
MHS00248;Menengah;Rp1.000.000 - Rp3.000.000;5;Orang Tua;Tidak;Tidak Ada;1;Sewa;Tidak
MHS00249;Rendah;< Rp1.000.000;9;Beasiswa;Ya;KIP-Kuliah;1;Menumpang;Ya
MHS00250;Menengah;Rp3.000.000 - Rp5.000.000;2;Pinjaman/Kredit Pendidikan;Tidak;Tidak Ada;6;Milik Sendiri;Tidak
MHS00251;Menengah;Rp3.000.000 - Rp5.000.000;6;Orang Tua;Tidak;Tidak Ada;5;Milik Sendiri;Ya
MHS00252;Tinggi;Rp3.000.000 - Rp5.000.000;2;Orang Tua;Tidak;Tidak Ada;5;Milik Sendiri;Tidak
MHS00253;Tinggi;Rp1.000.000 - Rp3.000.000;5;Orang Tua;Tidak;Tidak Ada;5;Milik Sendiri;Tidak
MHS00254;Menengah;Rp3.000.000 - Rp5.000.000;3;Orang Tua;Tidak;Tidak Ada;5;Menumpang;Tidak
MHS00255;Menengah;> Rp5.000.000;2;Orang Tua;Tidak;Tidak Ada;6;Milik Sendiri;Tidak
MHS00256;Tinggi;Rp3.000.000 - Rp5.000.000;9;Beasiswa;Ya;KIP-Kuliah;5;Sewa;Tidak
MHS00257;Menengah;Rp3.000.000 - Rp5.000.000;4;Beasiswa;Ya;Beasiswa Swasta/CSR;5;Milik Sendiri;Tidak
MHS00258;Menengah;Rp1.000.000 - Rp3.000.000;3;Beasiswa;Ya;KIP-Kuliah;4;Menumpang;Ya
MHS00259;Tinggi;> Rp5.000.000;3;Orang Tua;Tidak;Tidak Ada;8;Milik Sendiri;Tidak
MHS00260;Menengah;Rp3.000.000 - Rp5.000.000;8;Orang Tua;Tidak;Tidak Ada;5;Milik Sendiri;Tidak
MHS00261;Menengah;Rp1.000.000 - Rp3.000.000;4;Orang Tua;Tidak;Tidak Ada;4;Milik Sendiri;Ya
MHS00262;Menengah;Rp3.000.000 - Rp5.000.000;6;Orang Tua;Tidak;Tidak Ada;4;Milik Sendiri;Tidak
MHS00263;Menengah;Rp3.000.000 - Rp5.000.000;5;Orang Tua;Tidak;Tidak Ada;5;Sewa;Ya
MHS00264;Rendah;Rp1.000.000 - Rp3.000.000;1;Pinjaman/Kredit Pendidikan;Tidak;Tidak Ada;4;Menumpang;Tidak
MHS00265;Menengah;Rp3.000.000 - Rp5.000.000;3;Orang Tua;Tidak;Tidak Ada;4;Sewa;Tidak
MHS00266;Menengah;Rp1.000.000 - Rp3.000.000;4;Orang Tua;Tidak;Tidak Ada;4;Sewa;Tidak
MHS00267;Tinggi;> Rp5.000.000;3;Orang Tua;Ya;Beasiswa Swasta/CSR;7;Milik Sendiri;Tidak
MHS00268;Menengah;Rp3.000.000 - Rp5.000.000;2;Orang Tua;Ya;KIP-Kuliah;5;Milik Sendiri;Tidak
MHS00269;Tinggi;Rp3.000.000 - Rp5.000.000;4;Orang Tua;Tidak;Tidak Ada;5;Sewa;Tidak
MHS00270;Rendah;< Rp1.000.000;3;Beasiswa;Ya;KIP-Kuliah;1;Menumpang;Tidak
MHS00271;Tinggi;> Rp5.000.000;7;Orang Tua;Tidak;Tidak Ada;8;Milik Sendiri;Tidak
MHS00272;Menengah;Rp3.000.000 - Rp5.000.000;3;Beasiswa;Ya;KIP-Kuliah;4;Sewa;Tidak
MHS00273;Menengah;Rp1.000.000 - Rp3.000.000;4;Orang Tua;Tidak;Tidak Ada;5;Sewa;Ya
MHS00274;Menengah;Rp1.000.000 - Rp3.000.000;4;Orang Tua;Tidak;Tidak Ada;4;Sewa;Tidak
MHS00275;Menengah;< Rp1.000.000;5;Beasiswa;Ya;KIP-Kuliah;3;Milik Sendiri;Tidak
MHS00276;Menengah;Rp3.000.000 - Rp5.000.000;7;Orang Tua;Ya;Beasiswa Swasta/CSR;4;Menumpang;Tidak
MHS00277;Tinggi;> Rp5.000.000;2;Orang Tua;Tidak;Tidak Ada;7;Milik Sendiri;Ya
MHS00278;Rendah;< Rp1.000.000;7;Beasiswa;Ya;KIP-Kuliah;1;Menumpang;Tidak
MHS00279;Tinggi;Rp3.000.000 - Rp5.000.000;3;Orang Tua;Tidak;Tidak Ada;6;Milik Sendiri;Tidak
MHS00280;Rendah;< Rp1.000.000;7;Beasiswa;Ya;KIP-Kuliah;1;Menumpang;Ya
MHS00281;Menengah;Rp1.000.000 - Rp3.000.000;5;Beasiswa;Ya;KIP-Kuliah;5;Milik Sendiri;Tidak
MHS00282;Menengah;Rp1.000.000 - Rp3.000.000;3;Orang Tua;Tidak;Tidak Ada;3;Menumpang;Tidak
MHS00283;Rendah;Rp1.000.000 - Rp3.000.000;3;Beasiswa;Ya;KIP-Kuliah;2;Sewa;Ya
MHS00284;Rendah;Rp1.000.000 - Rp3.000.000;6;Orang Tua;Tidak;Tidak Ada;3;Sewa;Tidak
MHS00285;Menengah;Rp1.000.000 - Rp3.000.000;3;Orang Tua;Tidak;Tidak Ada;3;Menumpang;Tidak
MHS00286;Tinggi;> Rp5.000.000;4;Orang Tua;Tidak;Tidak Ada;5;Milik Sendiri;Tidak
MHS00287;Menengah;Rp1.000.000 - Rp3.000.000;1;Beasiswa;Ya;Beasiswa Prestasi Akademik (PPA);4;Menumpang;Tidak
MHS00288;Menengah;Rp1.000.000 - Rp3.000.000;7;Beasiswa;Ya;Beasiswa Swasta/CSR;4;Milik Sendiri;Ya
MHS00289;Rendah;Rp1.000.000 - Rp3.000.000;6;Beasiswa;Ya;KIP-Kuliah;2;Sewa;Tidak
MHS00290;Menengah;< Rp1.000.000;4;Beasiswa;Ya;KIP-Kuliah;5;Menumpang;Tidak
MHS00291;Rendah;< Rp1.000.000;4;Beasiswa;Ya;KIP-Kuliah;1;Menumpang;Ya
MHS00292;Rendah;< Rp1.000.000;4;Beasiswa;Ya;KIP-Kuliah;2;Menumpang;Tidak
MHS00293;Rendah;< Rp1.000.000;4;Orang Tua;Ya;Beasiswa Daerah;5;Sewa;Tidak
MHS00294;Menengah;Rp3.000.000 - Rp5.000.000;3;Orang Tua;Tidak;Tidak Ada;4;Sewa;Tidak
MHS00295;Tinggi;Rp3.000.000 - Rp5.000.000;5;Orang Tua;Tidak;Tidak Ada;7;Milik Sendiri;Tidak
MHS00296;Rendah;< Rp1.000.000;5;Beasiswa;Ya;Beasiswa Prestasi Akademik (PPA);4;Milik Sendiri;Tidak
MHS00297;Menengah;Rp3.000.000 - Rp5.000.000;5;Orang Tua;Ya;Beasiswa Prestasi Akademik (PPA);4;Milik Sendiri;Tidak
MHS00298;Menengah;Rp1.000.000 - Rp3.000.000;5;Beasiswa;Ya;KIP-Kuliah;5;Sewa;Tidak
MHS00299;Rendah;< Rp1.000.000;7;Beasiswa;Ya;KIP-Kuliah;2;Sewa;Ya
MHS00300;Rendah;< Rp1.000.000;7;Beasiswa;Ya;KIP-Kuliah;3;Menumpang;Ya
MHS00301;Menengah;Rp3.000.000 - Rp5.000.000;5;Kerja Sendiri (part-time);Ya;Beasiswa Prestasi Akademik (PPA);4;Sewa;Ya
MHS00302;Menengah;Rp3.000.000 - Rp5.000.000;6;Orang Tua;Tidak;Tidak Ada;3;Milik Sendiri;Tidak
MHS00303;Tinggi;> Rp5.000.000;5;Orang Tua;Tidak;Tidak Ada;7;Milik Sendiri;Ya
MHS00304;Menengah;< Rp1.000.000;5;Beasiswa;Ya;KIP-Kuliah;2;Sewa;Tidak
MHS00305;Rendah;Rp1.000.000 - Rp3.000.000;9;Kerja Sendiri (part-time);Tidak;Tidak Ada;2;Menumpang;Ya
MHS00306;Menengah;Rp3.000.000 - Rp5.000.000;5;Orang Tua;Ya;Beasiswa Prestasi Akademik (PPA);4;Milik Sendiri;Ya
MHS00307;Rendah;< Rp1.000.000;7;Beasiswa;Ya;Beasiswa Swasta/CSR;3;Sewa;Tidak
MHS00308;Rendah;Rp3.000.000 - Rp5.000.000;7;Orang Tua;Tidak;Tidak Ada;6;Milik Sendiri;Tidak
MHS00309;Rendah;Rp1.000.000 - Rp3.000.000;6;Orang Tua;Ya;KIP-Kuliah;5;Milik Sendiri;Tidak
MHS00310;Tinggi;> Rp5.000.000;5;Orang Tua;Tidak;Tidak Ada;8;Milik Sendiri;Tidak
MHS00311;Menengah;Rp1.000.000 - Rp3.000.000;6;Beasiswa;Ya;KIP-Kuliah;3;Menumpang;Tidak
MHS00312;Rendah;Rp1.000.000 - Rp3.000.000;5;Orang Tua;Tidak;Tidak Ada;4;Menumpang;Ya
MHS00313;Menengah;Rp3.000.000 - Rp5.000.000;3;Pinjaman/Kredit Pendidikan;Tidak;Tidak Ada;7;Milik Sendiri;Ya
MHS00314;Rendah;< Rp1.000.000;4;Beasiswa;Ya;KIP-Kuliah;4;Sewa;Tidak
MHS00315;Tinggi;> Rp5.000.000;2;Orang Tua;Tidak;Tidak Ada;6;Milik Sendiri;Tidak
MHS00316;Menengah;Rp1.000.000 - Rp3.000.000;6;Orang Tua;Tidak;Tidak Ada;4;Milik Sendiri;Tidak
MHS00317;Rendah;< Rp1.000.000;5;Orang Tua;Tidak;Tidak Ada;2;Menumpang;Ya
MHS00318;Tinggi;> Rp5.000.000;1;Orang Tua;Tidak;Tidak Ada;6;Milik Sendiri;Tidak
MHS00319;Menengah;Rp1.000.000 - Rp3.000.000;8;Beasiswa;Ya;Beasiswa Daerah;3;Sewa;Tidak
MHS00320;Menengah;Rp1.000.000 - Rp3.000.000;4;Orang Tua;Tidak;Tidak Ada;4;Sewa;Ya
MHS00321;Tinggi;Rp3.000.000 - Rp5.000.000;2;Orang Tua;Tidak;Tidak Ada;5;Milik Sendiri;Tidak
MHS00322;Rendah;< Rp1.000.000;1;Orang Tua;Tidak;Tidak Ada;3;Menumpang;Tidak
MHS00323;Rendah;< Rp1.000.000;5;Orang Tua;Tidak;Tidak Ada;4;Menumpang;Tidak
MHS00324;Tinggi;Rp3.000.000 - Rp5.000.000;7;Orang Tua;Tidak;Tidak Ada;6;Milik Sendiri;Ya
MHS00325;Menengah;Rp3.000.000 - Rp5.000.000;5;Orang Tua;Tidak;Tidak Ada;4;Menumpang;Tidak
MHS00326;Menengah;Rp3.000.000 - Rp5.000.000;5;Orang Tua;Tidak;Tidak Ada;3;Milik Sendiri;Tidak
MHS00327;Tinggi;> Rp5.000.000;2;Orang Tua;Tidak;Tidak Ada;8;Milik Sendiri;Tidak
MHS00328;Menengah;Rp1.000.000 - Rp3.000.000;5;Kerja Sendiri (part-time);Ya;Beasiswa Prestasi Akademik (PPA);3;Sewa;Tidak
MHS00329;Rendah;< Rp1.000.000;6;Kerja Sendiri (part-time);Ya;Beasiswa Prestasi Akademik (PPA);1;Sewa;Ya
MHS00330;Menengah;Rp3.000.000 - Rp5.000.000;4;Orang Tua;Tidak;Tidak Ada;5;Menumpang;Tidak
MHS00331;Tinggi;> Rp5.000.000;4;Orang Tua;Tidak;Tidak Ada;8;Milik Sendiri;Tidak
MHS00332;Menengah;Rp1.000.000 - Rp3.000.000;5;Kerja Sendiri (part-time);Ya;Beasiswa Swasta/CSR;4;Milik Sendiri;Tidak
MHS00333;Tinggi;Rp3.000.000 - Rp5.000.000;3;Orang Tua;Tidak;Tidak Ada;6;Sewa;Tidak
MHS00334;Menengah;Rp3.000.000 - Rp5.000.000;6;Orang Tua;Tidak;Tidak Ada;4;Sewa;Tidak
MHS00335;Menengah;Rp3.000.000 - Rp5.000.000;3;Orang Tua;Ya;KIP-Kuliah;5;Sewa;Tidak
MHS00336;Tinggi;> Rp5.000.000;6;Orang Tua;Tidak;Tidak Ada;6;Milik Sendiri;Tidak
MHS00337;Menengah;Rp3.000.000 - Rp5.000.000;5;Orang Tua;Tidak;Tidak Ada;3;Milik Sendiri;Tidak
MHS00338;Menengah;Rp3.000.000 - Rp5.000.000;3;Kerja Sendiri (part-time);Tidak;Tidak Ada;4;Milik Sendiri;Ya
MHS00339;Rendah;Rp1.000.000 - Rp3.000.000;2;Orang Tua;Ya;Beasiswa Daerah;3;Sewa;Tidak
MHS00340;Tinggi;Rp3.000.000 - Rp5.000.000;7;Orang Tua;Tidak;Tidak Ada;7;Sewa;Tidak
MHS00341;Tinggi;> Rp5.000.000;3;Orang Tua;Tidak;Tidak Ada;7;Milik Sendiri;Tidak
MHS00342;Tinggi;> Rp5.000.000;7;Orang Tua;Ya;Beasiswa Prestasi Akademik (PPA);7;Milik Sendiri;Tidak
MHS00343;Menengah;Rp1.000.000 - Rp3.000.000;6;Orang Tua;Tidak;Tidak Ada;5;Menumpang;Ya
MHS00344;Tinggi;> Rp5.000.000;2;Orang Tua;Tidak;Tidak Ada;6;Milik Sendiri;Tidak
MHS00345;Tinggi;> Rp5.000.000;2;Orang Tua;Tidak;Tidak Ada;8;Milik Sendiri;Tidak
MHS00346;Menengah;Rp3.000.000 - Rp5.000.000;2;Orang Tua;Ya;Beasiswa Prestasi Akademik (PPA);6;Milik Sendiri;Tidak
MHS00347;Menengah;Rp3.000.000 - Rp5.000.000;5;Orang Tua;Tidak;Tidak Ada;6;Milik Sendiri;Tidak
MHS00348;Tinggi;> Rp5.000.000;2;Orang Tua;Tidak;Tidak Ada;6;Milik Sendiri;Tidak
MHS00349;Rendah;< Rp1.000.000;5;Pinjaman/Kredit Pendidikan;Tidak;Tidak Ada;4;Sewa;Tidak
MHS00350;Tinggi;> Rp5.000.000;4;Orang Tua;Tidak;Tidak Ada;7;Milik Sendiri;Tidak
MHS00351;Tinggi;> Rp5.000.000;3;Orang Tua;Tidak;Tidak Ada;7;Milik Sendiri;Tidak
MHS00352;Rendah;Rp1.000.000 - Rp3.000.000;4;Beasiswa;Ya;Beasiswa Prestasi Akademik (PPA);5;Sewa;Tidak
MHS00353;Menengah;Rp1.000.000 - Rp3.000.000;2;Beasiswa;Ya;KIP-Kuliah;5;Milik Sendiri;Ya
MHS00354;Menengah;Rp3.000.000 - Rp5.000.000;7;Orang Tua;Tidak;Tidak Ada;5;Milik Sendiri;Ya
MHS00355;Rendah;Rp1.000.000 - Rp3.000.000;2;Orang Tua;Tidak;Tidak Ada;4;Menumpang;Tidak
MHS00356;Menengah;Rp3.000.000 - Rp5.000.000;1;Orang Tua;Ya;Beasiswa Prestasi Akademik (PPA);6;Sewa;Ya
MHS00357;Menengah;Rp1.000.000 - Rp3.000.000;4;Pinjaman/Kredit Pendidikan;Tidak;Tidak Ada;5;Milik Sendiri;Ya
MHS00358;Menengah;Rp3.000.000 - Rp5.000.000;3;Orang Tua;Tidak;Tidak Ada;3;Milik Sendiri;Ya
MHS00359;Menengah;Rp1.000.000 - Rp3.000.000;8;Beasiswa;Ya;KIP-Kuliah;4;Milik Sendiri;Tidak
MHS00360;Menengah;Rp3.000.000 - Rp5.000.000;4;Beasiswa;Ya;Beasiswa Prestasi Akademik (PPA);7;Milik Sendiri;Tidak
MHS00361;Tinggi;Rp3.000.000 - Rp5.000.000;4;Beasiswa;Ya;Beasiswa Prestasi Akademik (PPA);6;Menumpang;Tidak
MHS00362;Menengah;Rp1.000.000 - Rp3.000.000;5;Orang Tua;Ya;Beasiswa Prestasi Akademik (PPA);3;Sewa;Ya
MHS00363;Rendah;< Rp1.000.000;5;Beasiswa;Ya;KIP-Kuliah;2;Sewa;Ya
MHS00364;Menengah;Rp3.000.000 - Rp5.000.000;7;Beasiswa;Ya;Beasiswa Daerah;5;Milik Sendiri;Tidak
MHS00365;Tinggi;> Rp5.000.000;4;Orang Tua;Tidak;Tidak Ada;8;Milik Sendiri;Tidak
MHS00366;Tinggi;Rp3.000.000 - Rp5.000.000;6;Orang Tua;Tidak;Tidak Ada;6;Milik Sendiri;Tidak
MHS00367;Menengah;Rp3.000.000 - Rp5.000.000;4;Orang Tua;Tidak;Tidak Ada;6;Milik Sendiri;Tidak
MHS00368;Rendah;< Rp1.000.000;4;Orang Tua;Tidak;Tidak Ada;3;Milik Sendiri;Ya
MHS00369;Menengah;Rp1.000.000 - Rp3.000.000;5;Orang Tua;Tidak;Tidak Ada;2;Sewa;Tidak
MHS00370;Menengah;< Rp1.000.000;5;Kerja Sendiri (part-time);Tidak;Tidak Ada;2;Sewa;Ya
MHS00371;Tinggi;> Rp5.000.000;4;Orang Tua;Tidak;Tidak Ada;7;Milik Sendiri;Tidak
MHS00372;Menengah;Rp3.000.000 - Rp5.000.000;4;Orang Tua;Ya;Beasiswa Prestasi Akademik (PPA);5;Milik Sendiri;Tidak
MHS00373;Tinggi;Rp3.000.000 - Rp5.000.000;4;Orang Tua;Tidak;Tidak Ada;6;Milik Sendiri;Tidak
MHS00374;Menengah;> Rp5.000.000;4;Kerja Sendiri (part-time);Tidak;Tidak Ada;6;Milik Sendiri;Tidak
MHS00375;Menengah;Rp1.000.000 - Rp3.000.000;7;Orang Tua;Tidak;Tidak Ada;3;Milik Sendiri;Tidak
MHS00376;Menengah;Rp3.000.000 - Rp5.000.000;2;Orang Tua;Tidak;Tidak Ada;5;Milik Sendiri;Ya
MHS00377;Tinggi;> Rp5.000.000;1;Orang Tua;Tidak;Tidak Ada;7;Milik Sendiri;Tidak
MHS00378;Menengah;Rp1.000.000 - Rp3.000.000;4;Kerja Sendiri (part-time);Tidak;Tidak Ada;3;Milik Sendiri;Ya
MHS00379;Menengah;Rp3.000.000 - Rp5.000.000;6;Kerja Sendiri (part-time);Tidak;Tidak Ada;6;Menumpang;Ya
MHS00380;Rendah;< Rp1.000.000;6;Kerja Sendiri (part-time);Tidak;Tidak Ada;4;Milik Sendiri;Ya
MHS00381;Menengah;Rp3.000.000 - Rp5.000.000;4;Orang Tua;Tidak;Tidak Ada;5;Sewa;Tidak
MHS00382;Menengah;Rp1.000.000 - Rp3.000.000;1;Orang Tua;Tidak;Tidak Ada;4;Sewa;Ya
MHS00383;Menengah;Rp3.000.000 - Rp5.000.000;3;Orang Tua;Tidak;Tidak Ada;5;Milik Sendiri;Tidak
MHS00384;Rendah;Rp1.000.000 - Rp3.000.000;5;Beasiswa;Ya;KIP-Kuliah;3;Sewa;Ya
MHS00385;Menengah;Rp1.000.000 - Rp3.000.000;2;Orang Tua;Tidak;Tidak Ada;5;Sewa;Ya
MHS00386;Menengah;Rp3.000.000 - Rp5.000.000;4;Orang Tua;Tidak;Tidak Ada;4;Sewa;Tidak
MHS00387;Tinggi;> Rp5.000.000;3;Beasiswa;Ya;KIP-Kuliah;5;Milik Sendiri;Tidak
MHS00388;Rendah;Rp1.000.000 - Rp3.000.000;5;Orang Tua;Tidak;Tidak Ada;4;Menumpang;Tidak
MHS00389;Menengah;< Rp1.000.000;9;Orang Tua;Tidak;Tidak Ada;2;Sewa;Tidak
MHS00390;Menengah;Rp1.000.000 - Rp3.000.000;2;Orang Tua;Tidak;Tidak Ada;6;Sewa;Tidak
MHS00391;Tinggi;> Rp5.000.000;3;Orang Tua;Ya;Beasiswa Prestasi Akademik (PPA);5;Milik Sendiri;Tidak
MHS00392;Tinggi;> Rp5.000.000;5;Pinjaman/Kredit Pendidikan;Tidak;Tidak Ada;8;Milik Sendiri;Tidak
MHS00393;Menengah;Rp1.000.000 - Rp3.000.000;8;Beasiswa;Ya;KIP-Kuliah;3;Sewa;Ya
MHS00394;Menengah;Rp1.000.000 - Rp3.000.000;5;Orang Tua;Ya;KIP-Kuliah;5;Sewa;Tidak
MHS00395;Menengah;Rp1.000.000 - Rp3.000.000;7;Kerja Sendiri (part-time);Tidak;Tidak Ada;3;Milik Sendiri;Tidak
MHS00396;Menengah;Rp1.000.000 - Rp3.000.000;3;Pinjaman/Kredit Pendidikan;Tidak;Tidak Ada;3;Milik Sendiri;Tidak
MHS00397;Rendah;Rp1.000.000 - Rp3.000.000;8;Kerja Sendiri (part-time);Tidak;Tidak Ada;5;Sewa;Ya
MHS00398;Menengah;Rp3.000.000 - Rp5.000.000;2;Beasiswa;Ya;Beasiswa Prestasi Akademik (PPA);5;Milik Sendiri;Tidak
MHS00399;Rendah;< Rp1.000.000;6;Beasiswa;Ya;KIP-Kuliah;2;Sewa;Tidak
MHS00400;Menengah;Rp3.000.000 - Rp5.000.000;4;Orang Tua;Tidak;Tidak Ada;5;Milik Sendiri;Tidak
MHS00401;Menengah;Rp3.000.000 - Rp5.000.000;2;Orang Tua;Tidak;Tidak Ada;6;Milik Sendiri;Tidak
MHS00402;Tinggi;Rp3.000.000 - Rp5.000.000;6;Orang Tua;Tidak;Tidak Ada;4;Milik Sendiri;Tidak
MHS00403;Tinggi;> Rp5.000.000;2;Orang Tua;Tidak;Tidak Ada;6;Milik Sendiri;Tidak
MHS00404;Menengah;Rp3.000.000 - Rp5.000.000;3;Orang Tua;Ya;Beasiswa Prestasi Akademik (PPA);5;Milik Sendiri;Tidak
MHS00405;Menengah;Rp1.000.000 - Rp3.000.000;4;Orang Tua;Tidak;Tidak Ada;3;Menumpang;Tidak
MHS00406;Menengah;Rp1.000.000 - Rp3.000.000;7;Beasiswa;Ya;Beasiswa Daerah;3;Menumpang;Tidak
MHS00407;Rendah;< Rp1.000.000;9;Beasiswa;Ya;KIP-Kuliah;4;Sewa;Tidak
MHS00408;Menengah;Rp3.000.000 - Rp5.000.000;1;Orang Tua;Tidak;Tidak Ada;5;Milik Sendiri;Tidak
MHS00409;Menengah;Rp3.000.000 - Rp5.000.000;4;Orang Tua;Tidak;Tidak Ada;6;Milik Sendiri;Tidak
MHS00410;Menengah;Rp1.000.000 - Rp3.000.000;1;Beasiswa;Ya;Beasiswa Prestasi Akademik (PPA);4;Milik Sendiri;Tidak
MHS00411;Menengah;Rp3.000.000 - Rp5.000.000;4;Orang Tua;Tidak;Tidak Ada;5;Menumpang;Tidak
MHS00412;Rendah;< Rp1.000.000;7;Beasiswa;Ya;KIP-Kuliah;1;Menumpang;Tidak
MHS00413;Menengah;Rp3.000.000 - Rp5.000.000;5;Orang Tua;Tidak;Tidak Ada;7;Milik Sendiri;Tidak
MHS00414;Rendah;< Rp1.000.000;5;Beasiswa;Ya;KIP-Kuliah;3;Sewa;Tidak
MHS00415;Tinggi;Rp3.000.000 - Rp5.000.000;4;Orang Tua;Tidak;Tidak Ada;7;Milik Sendiri;Tidak
MHS00416;Tinggi;> Rp5.000.000;2;Orang Tua;Tidak;Tidak Ada;7;Milik Sendiri;Tidak
MHS00417;Menengah;Rp1.000.000 - Rp3.000.000;3;Beasiswa;Ya;Beasiswa Prestasi Akademik (PPA);4;Sewa;Tidak
MHS00418;Rendah;Rp1.000.000 - Rp3.000.000;7;Orang Tua;Ya;Beasiswa Swasta/CSR;1;Menumpang;Tidak
MHS00419;Rendah;< Rp1.000.000;8;Beasiswa;Ya;KIP-Kuliah;1;Menumpang;Ya
MHS00420;Menengah;Rp3.000.000 - Rp5.000.000;3;Beasiswa;Ya;KIP-Kuliah;5;Milik Sendiri;Tidak
MHS00421;Menengah;Rp3.000.000 - Rp5.000.000;4;Orang Tua;Tidak;Tidak Ada;4;Milik Sendiri;Tidak
MHS00422;Menengah;Rp3.000.000 - Rp5.000.000;4;Orang Tua;Tidak;Tidak Ada;5;Milik Sendiri;Ya
MHS00423;Menengah;Rp3.000.000 - Rp5.000.000;3;Orang Tua;Tidak;Tidak Ada;6;Milik Sendiri;Ya
MHS00424;Menengah;Rp3.000.000 - Rp5.000.000;2;Orang Tua;Tidak;Tidak Ada;5;Milik Sendiri;Tidak
MHS00425;Rendah;Rp1.000.000 - Rp3.000.000;6;Orang Tua;Tidak;Tidak Ada;4;Menumpang;Ya
MHS00426;Rendah;< Rp1.000.000;4;Kerja Sendiri (part-time);Ya;KIP-Kuliah;1;Menumpang;Ya
MHS00427;Rendah;< Rp1.000.000;7;Beasiswa;Ya;KIP-Kuliah;1;Sewa;Ya
MHS00428;Rendah;Rp1.000.000 - Rp3.000.000;9;Orang Tua;Ya;KIP-Kuliah;3;Sewa;Tidak
MHS00429;Rendah;Rp1.000.000 - Rp3.000.000;8;Pinjaman/Kredit Pendidikan;Tidak;Tidak Ada;4;Milik Sendiri;Tidak
MHS00430;Tinggi;> Rp5.000.000;2;Beasiswa;Ya;Beasiswa Prestasi Akademik (PPA);6;Milik Sendiri;Tidak
MHS00431;Menengah;Rp3.000.000 - Rp5.000.000;4;Orang Tua;Ya;Beasiswa Prestasi Akademik (PPA);6;Milik Sendiri;Tidak
MHS00432;Menengah;< Rp1.000.000;8;Orang Tua;Ya;KIP-Kuliah;3;Menumpang;Tidak
MHS00433;Tinggi;Rp3.000.000 - Rp5.000.000;4;Kerja Sendiri (part-time);Tidak;Tidak Ada;7;Sewa;Tidak
MHS00434;Menengah;Rp3.000.000 - Rp5.000.000;3;Kerja Sendiri (part-time);Tidak;Tidak Ada;4;Sewa;Tidak
MHS00435;Menengah;Rp1.000.000 - Rp3.000.000;4;Orang Tua;Tidak;Tidak Ada;6;Sewa;Tidak
MHS00436;Tinggi;> Rp5.000.000;4;Orang Tua;Tidak;Tidak Ada;5;Milik Sendiri;Ya
MHS00437;Tinggi;Rp3.000.000 - Rp5.000.000;4;Beasiswa;Ya;KIP-Kuliah;7;Menumpang;Tidak
MHS00438;Menengah;Rp3.000.000 - Rp5.000.000;3;Orang Tua;Tidak;Tidak Ada;4;Sewa;Tidak
MHS00439;Menengah;> Rp5.000.000;3;Orang Tua;Tidak;Tidak Ada;5;Milik Sendiri;Tidak
MHS00440;Rendah;Rp1.000.000 - Rp3.000.000;3;Beasiswa;Ya;KIP-Kuliah;3;Sewa;Ya
MHS00441;Menengah;Rp3.000.000 - Rp5.000.000;5;Orang Tua;Tidak;Tidak Ada;4;Sewa;Tidak
MHS00442;Menengah;Rp1.000.000 - Rp3.000.000;3;Orang Tua;Ya;KIP-Kuliah;3;Milik Sendiri;Ya
MHS00443;Menengah;Rp3.000.000 - Rp5.000.000;2;Orang Tua;Ya;Beasiswa Prestasi Akademik (PPA);3;Menumpang;Tidak
MHS00444;Tinggi;> Rp5.000.000;3;Orang Tua;Tidak;Tidak Ada;6;Milik Sendiri;Tidak
MHS00445;Menengah;Rp1.000.000 - Rp3.000.000;7;Orang Tua;Tidak;Tidak Ada;4;Menumpang;Ya
MHS00446;Menengah;Rp1.000.000 - Rp3.000.000;2;Beasiswa;Ya;Beasiswa Prestasi Akademik (PPA);3;Sewa;Tidak
MHS00447;Menengah;Rp1.000.000 - Rp3.000.000;4;Orang Tua;Tidak;Tidak Ada;5;Menumpang;Tidak
MHS00448;Tinggi;> Rp5.000.000;5;Orang Tua;Tidak;Tidak Ada;6;Milik Sendiri;Tidak
MHS00449;Menengah;Rp3.000.000 - Rp5.000.000;7;Orang Tua;Tidak;Tidak Ada;5;Milik Sendiri;Tidak
MHS00450;Tinggi;> Rp5.000.000;3;Orang Tua;Tidak;Tidak Ada;5;Milik Sendiri;Tidak
MHS00451;Tinggi;Rp3.000.000 - Rp5.000.000;2;Orang Tua;Tidak;Tidak Ada;7;Milik Sendiri;Ya
MHS00452;Menengah;Rp3.000.000 - Rp5.000.000;5;Orang Tua;Tidak;Tidak Ada;7;Milik Sendiri;Tidak
MHS00453;Menengah;Rp1.000.000 - Rp3.000.000;5;Orang Tua;Tidak;Tidak Ada;4;Milik Sendiri;Tidak
MHS00454;Tinggi;Rp3.000.000 - Rp5.000.000;4;Orang Tua;Tidak;Tidak Ada;4;Milik Sendiri;Tidak
MHS00455;Menengah;Rp3.000.000 - Rp5.000.000;2;Orang Tua;Tidak;Tidak Ada;4;Milik Sendiri;Tidak
MHS00456;Menengah;Rp3.000.000 - Rp5.000.000;3;Orang Tua;Ya;Beasiswa Prestasi Akademik (PPA);5;Milik Sendiri;Tidak
MHS00457;Menengah;Rp3.000.000 - Rp5.000.000;2;Orang Tua;Tidak;Tidak Ada;6;Sewa;Ya
MHS00458;Menengah;Rp3.000.000 - Rp5.000.000;5;Beasiswa;Ya;Beasiswa Daerah;6;Menumpang;Tidak
MHS00459;Rendah;Rp1.000.000 - Rp3.000.000;2;Beasiswa;Ya;KIP-Kuliah;3;Menumpang;Tidak
MHS00460;Tinggi;> Rp5.000.000;5;Orang Tua;Tidak;Tidak Ada;7;Milik Sendiri;Tidak
MHS00461;Tinggi;> Rp5.000.000;5;Orang Tua;Tidak;Tidak Ada;6;Milik Sendiri;Tidak
MHS00462;Menengah;Rp1.000.000 - Rp3.000.000;3;Beasiswa;Ya;Beasiswa Prestasi Akademik (PPA);7;Menumpang;Tidak
MHS00463;Rendah;< Rp1.000.000;2;Orang Tua;Ya;Beasiswa Daerah;4;Milik Sendiri;Tidak
MHS00464;Menengah;> Rp5.000.000;1;Orang Tua;Tidak;Tidak Ada;6;Milik Sendiri;Tidak
MHS00465;Menengah;Rp1.000.000 - Rp3.000.000;5;Orang Tua;Tidak;Tidak Ada;4;Milik Sendiri;Tidak
MHS00466;Menengah;Rp1.000.000 - Rp3.000.000;1;Beasiswa;Ya;KIP-Kuliah;5;Milik Sendiri;Tidak
MHS00467;Menengah;Rp3.000.000 - Rp5.000.000;4;Orang Tua;Tidak;Tidak Ada;3;Milik Sendiri;Tidak
MHS00468;Tinggi;Rp3.000.000 - Rp5.000.000;2;Orang Tua;Tidak;Tidak Ada;6;Menumpang;Tidak
MHS00469;Menengah;Rp3.000.000 - Rp5.000.000;6;Orang Tua;Tidak;Tidak Ada;4;Menumpang;Tidak
MHS00470;Tinggi;Rp3.000.000 - Rp5.000.000;2;Orang Tua;Tidak;Tidak Ada;6;Milik Sendiri;Tidak
MHS00471;Menengah;Rp3.000.000 - Rp5.000.000;6;Orang Tua;Tidak;Tidak Ada;5;Sewa;Tidak
MHS00472;Menengah;Rp3.000.000 - Rp5.000.000;4;Orang Tua;Tidak;Tidak Ada;6;Milik Sendiri;Tidak
MHS00473;Tinggi;> Rp5.000.000;5;Orang Tua;Tidak;Tidak Ada;6;Milik Sendiri;Tidak
MHS00474;Menengah;Rp3.000.000 - Rp5.000.000;1;Orang Tua;Tidak;Tidak Ada;5;Sewa;Ya
MHS00475;Tinggi;Rp3.000.000 - Rp5.000.000;4;Orang Tua;Ya;Beasiswa Prestasi Akademik (PPA);7;Milik Sendiri;Tidak
MHS00476;Rendah;Rp1.000.000 - Rp3.000.000;2;Kerja Sendiri (part-time);Tidak;Tidak Ada;2;Sewa;Ya
MHS00477;Menengah;Rp1.000.000 - Rp3.000.000;3;Orang Tua;Ya;Beasiswa Prestasi Akademik (PPA);4;Milik Sendiri;Tidak
MHS00478;Tinggi;Rp3.000.000 - Rp5.000.000;7;Orang Tua;Tidak;Tidak Ada;6;Milik Sendiri;Tidak
MHS00479;Menengah;Rp1.000.000 - Rp3.000.000;6;Orang Tua;Tidak;Tidak Ada;3;Sewa;Ya
MHS00480;Menengah;Rp1.000.000 - Rp3.000.000;5;Beasiswa;Ya;KIP-Kuliah;3;Milik Sendiri;Tidak
MHS00481;Tinggi;> Rp5.000.000;3;Orang Tua;Tidak;Tidak Ada;6;Sewa;Tidak
MHS00482;Tinggi;Rp3.000.000 - Rp5.000.000;1;Kerja Sendiri (part-time);Tidak;Tidak Ada;6;Sewa;Ya
MHS00483;Tinggi;> Rp5.000.000;3;Orang Tua;Tidak;Tidak Ada;6;Milik Sendiri;Ya
MHS00484;Tinggi;> Rp5.000.000;3;Beasiswa;Ya;Beasiswa Daerah;7;Milik Sendiri;Tidak
MHS00485;Menengah;Rp1.000.000 - Rp3.000.000;4;Orang Tua;Tidak;Tidak Ada;3;Sewa;Tidak
MHS00486;Menengah;Rp1.000.000 - Rp3.000.000;7;Orang Tua;Tidak;Tidak Ada;3;Menumpang;Tidak
MHS00487;Tinggi;Rp3.000.000 - Rp5.000.000;2;Orang Tua;Tidak;Tidak Ada;7;Milik Sendiri;Tidak
MHS00488;Menengah;Rp3.000.000 - Rp5.000.000;1;Orang Tua;Tidak;Tidak Ada;5;Milik Sendiri;Tidak
MHS00489;Rendah;Rp1.000.000 - Rp3.000.000;4;Orang Tua;Tidak;Tidak Ada;3;Sewa;Tidak
MHS00490;Rendah;< Rp1.000.000;3;Orang Tua;Tidak;Tidak Ada;4;Menumpang;Tidak
MHS00491;Tinggi;> Rp5.000.000;5;Beasiswa;Ya;Beasiswa Prestasi Akademik (PPA);5;Milik Sendiri;Tidak
MHS00492;Menengah;Rp1.000.000 - Rp3.000.000;7;Orang Tua;Tidak;Tidak Ada;3;Sewa;Ya
MHS00493;Rendah;< Rp1.000.000;8;Beasiswa;Ya;KIP-Kuliah;1;Sewa;Ya
MHS00494;Menengah;Rp3.000.000 - Rp5.000.000;6;Orang Tua;Tidak;Tidak Ada;5;Menumpang;Tidak
MHS00495;Rendah;< Rp1.000.000;3;Beasiswa;Ya;KIP-Kuliah;3;Sewa;Tidak
MHS00496;Tinggi;> Rp5.000.000;2;Orang Tua;Tidak;Tidak Ada;7;Milik Sendiri;Tidak
MHS00497;Menengah;Rp1.000.000 - Rp3.000.000;1;Kerja Sendiri (part-time);Tidak;Tidak Ada;4;Menumpang;Ya
MHS00498;Menengah;Rp3.000.000 - Rp5.000.000;5;Orang Tua;Tidak;Tidak Ada;4;Sewa;Tidak
MHS00499;Rendah;Rp1.000.000 - Rp3.000.000;2;Orang Tua;Tidak;Tidak Ada;6;Sewa;Tidak
MHS00500;Menengah;Rp1.000.000 - Rp3.000.000;4;Orang Tua;Tidak;Tidak Ada;4;Menumpang;Tidak
MHS00501;Menengah;Rp3.000.000 - Rp5.000.000;6;Orang Tua;Ya;Beasiswa Daerah;6;Milik Sendiri;Tidak
MHS00502;Menengah;Rp3.000.000 - Rp5.000.000;2;Orang Tua;Tidak;Tidak Ada;5;Menumpang;Tidak
MHS00503;Menengah;Rp1.000.000 - Rp3.000.000;6;Beasiswa;Ya;KIP-Kuliah;3;Milik Sendiri;Ya
MHS00504;Tinggi;> Rp5.000.000;3;Orang Tua;Tidak;Tidak Ada;4;Sewa;Tidak
MHS00505;Tinggi;Rp3.000.000 - Rp5.000.000;4;Orang Tua;Tidak;Tidak Ada;6;Milik Sendiri;Tidak
MHS00506;Menengah;Rp3.000.000 - Rp5.000.000;4;Kerja Sendiri (part-time);Ya;Beasiswa Prestasi Akademik (PPA);4;Milik Sendiri;Ya
MHS00507;Tinggi;> Rp5.000.000;6;Orang Tua;Tidak;Tidak Ada;8;Milik Sendiri;Tidak
MHS00508;Tinggi;Rp3.000.000 - Rp5.000.000;6;Orang Tua;Tidak;Tidak Ada;6;Milik Sendiri;Tidak
MHS00509;Tinggi;Rp3.000.000 - Rp5.000.000;3;Orang Tua;Tidak;Tidak Ada;5;Milik Sendiri;Tidak
MHS00510;Menengah;Rp3.000.000 - Rp5.000.000;2;Orang Tua;Tidak;Tidak Ada;2;Menumpang;Tidak
MHS00511;Menengah;Rp3.000.000 - Rp5.000.000;4;Orang Tua;Tidak;Tidak Ada;4;Milik Sendiri;Ya
MHS00512;Menengah;Rp1.000.000 - Rp3.000.000;4;Orang Tua;Tidak;Tidak Ada;4;Menumpang;Tidak
MHS00513;Menengah;Rp1.000.000 - Rp3.000.000;8;Orang Tua;Tidak;Tidak Ada;4;Milik Sendiri;Tidak
MHS00514;Tinggi;> Rp5.000.000;2;Orang Tua;Tidak;Tidak Ada;5;Milik Sendiri;Tidak
MHS00515;Rendah;< Rp1.000.000;5;Beasiswa;Ya;KIP-Kuliah;3;Menumpang;Tidak
MHS00516;Menengah;Rp3.000.000 - Rp5.000.000;6;Orang Tua;Ya;Beasiswa Prestasi Akademik (PPA);4;Sewa;Ya
MHS00517;Rendah;< Rp1.000.000;9;Orang Tua;Tidak;Tidak Ada;3;Menumpang;Tidak
MHS00518;Menengah;Rp1.000.000 - Rp3.000.000;1;Orang Tua;Tidak;Tidak Ada;6;Menumpang;Tidak
MHS00519;Menengah;Rp1.000.000 - Rp3.000.000;3;Pinjaman/Kredit Pendidikan;Tidak;Tidak Ada;4;Milik Sendiri;Tidak
MHS00520;Tinggi;> Rp5.000.000;3;Orang Tua;Tidak;Tidak Ada;7;Milik Sendiri;Tidak
MHS00521;Menengah;Rp3.000.000 - Rp5.000.000;3;Orang Tua;Tidak;Tidak Ada;7;Sewa;Ya
MHS00522;Menengah;Rp1.000.000 - Rp3.000.000;2;Kerja Sendiri (part-time);Tidak;Tidak Ada;4;Milik Sendiri;Ya
MHS00523;Rendah;Rp1.000.000 - Rp3.000.000;6;Orang Tua;Tidak;Tidak Ada;3;Milik Sendiri;Ya
MHS00524;Menengah;Rp1.000.000 - Rp3.000.000;7;Orang Tua;Ya;KIP-Kuliah;4;Menumpang;Tidak
MHS00525;Menengah;< Rp1.000.000;5;Orang Tua;Tidak;Tidak Ada;3;Sewa;Tidak
MHS00526;Menengah;Rp3.000.000 - Rp5.000.000;6;Orang Tua;Tidak;Tidak Ada;6;Sewa;Tidak
MHS00527;Menengah;Rp1.000.000 - Rp3.000.000;9;Beasiswa;Ya;KIP-Kuliah;3;Sewa;Ya
MHS00528;Menengah;> Rp5.000.000;4;Orang Tua;Tidak;Tidak Ada;5;Menumpang;Tidak
MHS00529;Tinggi;> Rp5.000.000;3;Orang Tua;Tidak;Tidak Ada;7;Milik Sendiri;Ya
MHS00530;Menengah;Rp3.000.000 - Rp5.000.000;3;Orang Tua;Tidak;Tidak Ada;4;Milik Sendiri;Tidak
MHS00531;Menengah;Rp3.000.000 - Rp5.000.000;5;Orang Tua;Tidak;Tidak Ada;4;Milik Sendiri;Tidak
MHS00532;Rendah;< Rp1.000.000;4;Pinjaman/Kredit Pendidikan;Ya;Beasiswa Swasta/CSR;2;Milik Sendiri;Tidak
MHS00533;Tinggi;> Rp5.000.000;5;Orang Tua;Ya;Beasiswa Prestasi Akademik (PPA);5;Milik Sendiri;Tidak
MHS00534;Rendah;< Rp1.000.000;5;Orang Tua;Ya;Beasiswa Prestasi Akademik (PPA);3;Menumpang;Tidak
MHS00535;Tinggi;> Rp5.000.000;6;Kerja Sendiri (part-time);Tidak;Tidak Ada;6;Milik Sendiri;Ya
MHS00536;Menengah;Rp3.000.000 - Rp5.000.000;2;Orang Tua;Tidak;Tidak Ada;4;Sewa;Tidak
MHS00537;Rendah;< Rp1.000.000;2;Beasiswa;Ya;KIP-Kuliah;3;Sewa;Tidak
MHS00538;Menengah;Rp1.000.000 - Rp3.000.000;4;Orang Tua;Tidak;Tidak Ada;2;Sewa;Tidak
MHS00539;Tinggi;> Rp5.000.000;5;Orang Tua;Tidak;Tidak Ada;6;Milik Sendiri;Tidak
MHS00540;Tinggi;> Rp5.000.000;3;Orang Tua;Tidak;Tidak Ada;6;Milik Sendiri;Tidak
MHS00541;Menengah;Rp3.000.000 - Rp5.000.000;6;Orang Tua;Tidak;Tidak Ada;5;Menumpang;Tidak
MHS00542;Menengah;Rp1.000.000 - Rp3.000.000;3;Orang Tua;Ya;KIP-Kuliah;4;Sewa;Tidak
MHS00543;Rendah;< Rp1.000.000;6;Beasiswa;Ya;KIP-Kuliah;3;Milik Sendiri;Tidak
MHS00544;Tinggi;> Rp5.000.000;4;Orang Tua;Tidak;Tidak Ada;6;Milik Sendiri;Tidak
MHS00545;Menengah;Rp1.000.000 - Rp3.000.000;4;Orang Tua;Tidak;Tidak Ada;3;Menumpang;Tidak
MHS00546;Menengah;> Rp5.000.000;3;Kerja Sendiri (part-time);Ya;Beasiswa Prestasi Akademik (PPA);4;Milik Sendiri;Tidak
MHS00547;Rendah;< Rp1.000.000;4;Beasiswa;Ya;KIP-Kuliah;2;Menumpang;Ya
MHS00548;Tinggi;> Rp5.000.000;1;Orang Tua;Tidak;Tidak Ada;7;Milik Sendiri;Tidak
MHS00549;Menengah;Rp1.000.000 - Rp3.000.000;1;Beasiswa;Ya;KIP-Kuliah;3;Menumpang;Ya
MHS00550;Rendah;< Rp1.000.000;6;Beasiswa;Ya;KIP-Kuliah;2;Menumpang;Ya
MHS00551;Menengah;Rp1.000.000 - Rp3.000.000;5;Orang Tua;Tidak;Tidak Ada;5;Menumpang;Tidak
MHS00552;Rendah;< Rp1.000.000;5;Beasiswa;Ya;KIP-Kuliah;2;Menumpang;Ya
MHS00553;Tinggi;Rp3.000.000 - Rp5.000.000;3;Orang Tua;Tidak;Tidak Ada;6;Milik Sendiri;Tidak
MHS00554;Rendah;Rp1.000.000 - Rp3.000.000;4;Orang Tua;Tidak;Tidak Ada;2;Milik Sendiri;Tidak
MHS00555;Tinggi;> Rp5.000.000;2;Orang Tua;Tidak;Tidak Ada;6;Milik Sendiri;Tidak
MHS00556;Rendah;Rp1.000.000 - Rp3.000.000;3;Kerja Sendiri (part-time);Tidak;Tidak Ada;3;Menumpang;Ya
MHS00557;Tinggi;> Rp5.000.000;4;Orang Tua;Tidak;Tidak Ada;7;Milik Sendiri;Tidak
MHS00558;Menengah;Rp3.000.000 - Rp5.000.000;3;Orang Tua;Tidak;Tidak Ada;4;Milik Sendiri;Tidak
MHS00559;Menengah;Rp3.000.000 - Rp5.000.000;4;Beasiswa;Ya;Beasiswa Prestasi Akademik (PPA);6;Milik Sendiri;Tidak
MHS00560;Menengah;Rp1.000.000 - Rp3.000.000;4;Beasiswa;Ya;KIP-Kuliah;5;Milik Sendiri;Tidak
MHS00561;Menengah;Rp3.000.000 - Rp5.000.000;4;Beasiswa;Ya;Beasiswa Prestasi Akademik (PPA);5;Sewa;Tidak
MHS00562;Menengah;Rp1.000.000 - Rp3.000.000;9;Orang Tua;Tidak;Tidak Ada;4;Sewa;Ya
MHS00563;Menengah;Rp1.000.000 - Rp3.000.000;5;Beasiswa;Ya;KIP-Kuliah;4;Milik Sendiri;Tidak
MHS00564;Menengah;Rp3.000.000 - Rp5.000.000;4;Orang Tua;Ya;Beasiswa Prestasi Akademik (PPA);6;Milik Sendiri;Tidak
MHS00565;Menengah;Rp1.000.000 - Rp3.000.000;1;Orang Tua;Tidak;Tidak Ada;3;Sewa;Tidak
MHS00566;Tinggi;> Rp5.000.000;4;Orang Tua;Tidak;Tidak Ada;7;Sewa;Tidak
MHS00567;Rendah;Rp1.000.000 - Rp3.000.000;3;Orang Tua;Tidak;Tidak Ada;5;Milik Sendiri;Ya
MHS00568;Menengah;Rp1.000.000 - Rp3.000.000;4;Orang Tua;Ya;Beasiswa Swasta/CSR;4;Milik Sendiri;Tidak
MHS00569;Menengah;Rp3.000.000 - Rp5.000.000;5;Orang Tua;Tidak;Tidak Ada;4;Menumpang;Ya
MHS00570;Menengah;Rp3.000.000 - Rp5.000.000;4;Orang Tua;Tidak;Tidak Ada;5;Sewa;Tidak
MHS00571;Menengah;Rp1.000.000 - Rp3.000.000;5;Beasiswa;Ya;KIP-Kuliah;3;Sewa;Tidak
MHS00572;Menengah;< Rp1.000.000;1;Orang Tua;Ya;Beasiswa Swasta/CSR;3;Milik Sendiri;Tidak
MHS00573;Menengah;Rp3.000.000 - Rp5.000.000;3;Orang Tua;Tidak;Tidak Ada;4;Milik Sendiri;Tidak
MHS00574;Tinggi;Rp3.000.000 - Rp5.000.000;7;Orang Tua;Tidak;Tidak Ada;4;Milik Sendiri;Tidak
MHS00575;Menengah;Rp3.000.000 - Rp5.000.000;8;Orang Tua;Tidak;Tidak Ada;6;Menumpang;Tidak
MHS00576;Menengah;< Rp1.000.000;3;Beasiswa;Ya;KIP-Kuliah;2;Menumpang;Tidak
MHS00577;Tinggi;Rp3.000.000 - Rp5.000.000;2;Orang Tua;Tidak;Tidak Ada;3;Milik Sendiri;Tidak
MHS00578;Rendah;Rp1.000.000 - Rp3.000.000;4;Orang Tua;Ya;Beasiswa Swasta/CSR;4;Sewa;Tidak
MHS00579;Tinggi;Rp3.000.000 - Rp5.000.000;4;Orang Tua;Tidak;Tidak Ada;6;Milik Sendiri;Ya
MHS00580;Menengah;Rp1.000.000 - Rp3.000.000;6;Orang Tua;Tidak;Tidak Ada;4;Milik Sendiri;Ya
MHS00581;Menengah;Rp1.000.000 - Rp3.000.000;4;Orang Tua;Ya;Beasiswa Prestasi Akademik (PPA);5;Milik Sendiri;Tidak
MHS00582;Tinggi;> Rp5.000.000;1;Orang Tua;Tidak;Tidak Ada;8;Milik Sendiri;Tidak
MHS00583;Menengah;Rp3.000.000 - Rp5.000.000;5;Orang Tua;Tidak;Tidak Ada;6;Milik Sendiri;Tidak
MHS00584;Rendah;< Rp1.000.000;7;Beasiswa;Ya;KIP-Kuliah;3;Menumpang;Tidak
MHS00585;Menengah;Rp3.000.000 - Rp5.000.000;3;Orang Tua;Tidak;Tidak Ada;6;Milik Sendiri;Tidak
MHS00586;Rendah;Rp1.000.000 - Rp3.000.000;5;Kerja Sendiri (part-time);Tidak;Tidak Ada;3;Milik Sendiri;Ya
MHS00587;Menengah;Rp3.000.000 - Rp5.000.000;3;Orang Tua;Tidak;Tidak Ada;4;Sewa;Ya
MHS00588;Menengah;Rp1.000.000 - Rp3.000.000;1;Orang Tua;Tidak;Tidak Ada;4;Milik Sendiri;Tidak
MHS00589;Menengah;Rp3.000.000 - Rp5.000.000;5;Orang Tua;Tidak;Tidak Ada;5;Milik Sendiri;Tidak
MHS00590;Rendah;< Rp1.000.000;7;Orang Tua;Ya;KIP-Kuliah;3;Menumpang;Tidak
MHS00591;Tinggi;> Rp5.000.000;3;Orang Tua;Tidak;Tidak Ada;5;Milik Sendiri;Tidak
MHS00592;Tinggi;Rp3.000.000 - Rp5.000.000;4;Orang Tua;Tidak;Tidak Ada;5;Milik Sendiri;Tidak
MHS00593;Menengah;Rp3.000.000 - Rp5.000.000;5;Beasiswa;Ya;Beasiswa Prestasi Akademik (PPA);5;Milik Sendiri;Tidak
MHS00594;Menengah;Rp1.000.000 - Rp3.000.000;2;Kerja Sendiri (part-time);Ya;Beasiswa Prestasi Akademik (PPA);4;Sewa;Ya
MHS00595;Menengah;Rp1.000.000 - Rp3.000.000;5;Orang Tua;Tidak;Tidak Ada;5;Milik Sendiri;Tidak
MHS00596;Menengah;Rp3.000.000 - Rp5.000.000;6;Orang Tua;Tidak;Tidak Ada;6;Milik Sendiri;Tidak
MHS00597;Tinggi;> Rp5.000.000;2;Orang Tua;Tidak;Tidak Ada;7;Milik Sendiri;Tidak
MHS00598;Rendah;< Rp1.000.000;4;Beasiswa;Ya;KIP-Kuliah;3;Menumpang;Ya
MHS00599;Menengah;Rp3.000.000 - Rp5.000.000;2;Orang Tua;Tidak;Tidak Ada;5;Sewa;Tidak
MHS00600;Tinggi;> Rp5.000.000;3;Orang Tua;Tidak;Tidak Ada;6;Milik Sendiri;Tidak
MHS00601;Menengah;Rp3.000.000 - Rp5.000.000;3;Orang Tua;Tidak;Tidak Ada;6;Sewa;Tidak
MHS00602;Menengah;> Rp5.000.000;4;Orang Tua;Tidak;Tidak Ada;7;Milik Sendiri;Tidak
MHS00603;Menengah;Rp3.000.000 - Rp5.000.000;3;Orang Tua;Tidak;Tidak Ada;6;Milik Sendiri;Tidak
MHS00604;Menengah;Rp1.000.000 - Rp3.000.000;5;Orang Tua;Tidak;Tidak Ada;4;Milik Sendiri;Tidak
MHS00605;Menengah;> Rp5.000.000;3;Orang Tua;Tidak;Tidak Ada;7;Milik Sendiri;Ya
MHS00606;Menengah;Rp3.000.000 - Rp5.000.000;2;Orang Tua;Tidak;Tidak Ada;3;Menumpang;Tidak
MHS00607;Menengah;Rp1.000.000 - Rp3.000.000;3;Orang Tua;Tidak;Tidak Ada;4;Menumpang;Tidak
MHS00608;Menengah;Rp3.000.000 - Rp5.000.000;3;Orang Tua;Ya;Beasiswa Prestasi Akademik (PPA);3;Menumpang;Tidak
MHS00609;Tinggi;> Rp5.000.000;2;Orang Tua;Tidak;Tidak Ada;7;Milik Sendiri;Tidak
MHS00610;Menengah;Rp3.000.000 - Rp5.000.000;5;Orang Tua;Tidak;Tidak Ada;5;Sewa;Tidak
MHS00611;Tinggi;Rp3.000.000 - Rp5.000.000;6;Orang Tua;Tidak;Tidak Ada;6;Milik Sendiri;Tidak
MHS00612;Rendah;Rp1.000.000 - Rp3.000.000;3;Beasiswa;Ya;KIP-Kuliah;2;Sewa;Tidak
MHS00613;Menengah;Rp3.000.000 - Rp5.000.000;2;Orang Tua;Ya;Beasiswa Swasta/CSR;4;Milik Sendiri;Ya
MHS00614;Tinggi;Rp3.000.000 - Rp5.000.000;4;Orang Tua;Tidak;Tidak Ada;4;Sewa;Tidak
MHS00615;Menengah;Rp3.000.000 - Rp5.000.000;6;Orang Tua;Tidak;Tidak Ada;5;Milik Sendiri;Tidak
MHS00616;Menengah;Rp3.000.000 - Rp5.000.000;3;Orang Tua;Tidak;Tidak Ada;5;Milik Sendiri;Tidak
MHS00617;Menengah;Rp3.000.000 - Rp5.000.000;1;Beasiswa;Ya;Beasiswa Daerah;7;Milik Sendiri;Tidak
MHS00618;Rendah;< Rp1.000.000;9;Beasiswa;Ya;KIP-Kuliah;2;Menumpang;Ya
MHS00619;Rendah;Rp1.000.000 - Rp3.000.000;3;Orang Tua;Tidak;Tidak Ada;3;Sewa;Tidak
MHS00620;Menengah;Rp1.000.000 - Rp3.000.000;4;Orang Tua;Tidak;Tidak Ada;5;Milik Sendiri;Tidak
MHS00621;Rendah;< Rp1.000.000;7;Beasiswa;Ya;KIP-Kuliah;3;Menumpang;Tidak
MHS00622;Rendah;Rp1.000.000 - Rp3.000.000;5;Beasiswa;Ya;KIP-Kuliah;3;Milik Sendiri;Tidak
MHS00623;Menengah;Rp3.000.000 - Rp5.000.000;2;Orang Tua;Tidak;Tidak Ada;3;Menumpang;Ya
MHS00624;Rendah;< Rp1.000.000;6;Beasiswa;Ya;KIP-Kuliah;1;Sewa;Ya
MHS00625;Tinggi;Rp3.000.000 - Rp5.000.000;4;Orang Tua;Tidak;Tidak Ada;5;Milik Sendiri;Tidak
MHS00626;Tinggi;> Rp5.000.000;5;Orang Tua;Tidak;Tidak Ada;7;Milik Sendiri;Tidak
MHS00627;Menengah;Rp1.000.000 - Rp3.000.000;5;Kerja Sendiri (part-time);Ya;KIP-Kuliah;1;Sewa;Tidak
MHS00628;Menengah;Rp3.000.000 - Rp5.000.000;3;Orang Tua;Tidak;Tidak Ada;3;Sewa;Ya
MHS00629;Menengah;Rp1.000.000 - Rp3.000.000;5;Orang Tua;Ya;Beasiswa Prestasi Akademik (PPA);5;Sewa;Tidak
MHS00630;Tinggi;Rp3.000.000 - Rp5.000.000;6;Orang Tua;Tidak;Tidak Ada;5;Milik Sendiri;Tidak
MHS00631;Tinggi;> Rp5.000.000;3;Orang Tua;Tidak;Tidak Ada;6;Milik Sendiri;Tidak
MHS00632;Rendah;Rp1.000.000 - Rp3.000.000;4;Beasiswa;Ya;KIP-Kuliah;2;Menumpang;Tidak
MHS00633;Rendah;Rp1.000.000 - Rp3.000.000;4;Beasiswa;Ya;Beasiswa Daerah;4;Sewa;Tidak
MHS00634;Tinggi;Rp3.000.000 - Rp5.000.000;4;Orang Tua;Tidak;Tidak Ada;7;Milik Sendiri;Tidak
MHS00635;Menengah;Rp3.000.000 - Rp5.000.000;4;Kerja Sendiri (part-time);Tidak;Tidak Ada;6;Sewa;Ya
MHS00636;Tinggi;> Rp5.000.000;2;Orang Tua;Tidak;Tidak Ada;6;Milik Sendiri;Tidak
MHS00637;Tinggi;Rp3.000.000 - Rp5.000.000;3;Beasiswa;Ya;Beasiswa Prestasi Akademik (PPA);5;Milik Sendiri;Tidak
MHS00638;Menengah;Rp3.000.000 - Rp5.000.000;3;Orang Tua;Tidak;Tidak Ada;5;Milik Sendiri;Tidak
MHS00639;Menengah;Rp3.000.000 - Rp5.000.000;4;Beasiswa;Ya;Beasiswa Prestasi Akademik (PPA);4;Milik Sendiri;Ya
MHS00640;Menengah;Rp1.000.000 - Rp3.000.000;4;Orang Tua;Tidak;Tidak Ada;2;Sewa;Tidak
MHS00641;Rendah;< Rp1.000.000;4;Beasiswa;Ya;KIP-Kuliah;1;Menumpang;Tidak
MHS00642;Menengah;Rp3.000.000 - Rp5.000.000;2;Orang Tua;Tidak;Tidak Ada;6;Milik Sendiri;Ya
MHS00643;Menengah;< Rp1.000.000;3;Beasiswa;Ya;KIP-Kuliah;2;Menumpang;Ya
MHS00644;Menengah;> Rp5.000.000;7;Orang Tua;Ya;Beasiswa Prestasi Akademik (PPA);6;Milik Sendiri;Tidak
MHS00645;Tinggi;> Rp5.000.000;4;Orang Tua;Tidak;Tidak Ada;6;Milik Sendiri;Ya
MHS00646;Menengah;< Rp1.000.000;4;Kerja Sendiri (part-time);Tidak;Tidak Ada;5;Milik Sendiri;Ya
MHS00647;Menengah;Rp1.000.000 - Rp3.000.000;3;Beasiswa;Ya;Beasiswa Swasta/CSR;3;Sewa;Tidak
MHS00648;Menengah;Rp3.000.000 - Rp5.000.000;3;Kerja Sendiri (part-time);Tidak;Tidak Ada;6;Milik Sendiri;Ya
MHS00649;Menengah;Rp3.000.000 - Rp5.000.000;6;Beasiswa;Ya;Beasiswa Prestasi Akademik (PPA);5;Milik Sendiri;Tidak
MHS00650;Rendah;< Rp1.000.000;8;Beasiswa;Ya;KIP-Kuliah;3;Sewa;Tidak
MHS00651;Menengah;> Rp5.000.000;2;Orang Tua;Tidak;Tidak Ada;6;Milik Sendiri;Tidak
MHS00652;Rendah;< Rp1.000.000;5;Beasiswa;Ya;KIP-Kuliah;3;Menumpang;Ya
MHS00653;Menengah;Rp1.000.000 - Rp3.000.000;4;Beasiswa;Ya;KIP-Kuliah;3;Sewa;Tidak
MHS00654;Menengah;Rp1.000.000 - Rp3.000.000;5;Orang Tua;Tidak;Tidak Ada;3;Milik Sendiri;Tidak
MHS00655;Rendah;< Rp1.000.000;3;Kerja Sendiri (part-time);Tidak;Tidak Ada;1;Sewa;Ya
MHS00656;Rendah;Rp1.000.000 - Rp3.000.000;7;Orang Tua;Ya;Beasiswa Prestasi Akademik (PPA);3;Sewa;Tidak
MHS00657;Tinggi;> Rp5.000.000;6;Beasiswa;Ya;Beasiswa Prestasi Akademik (PPA);8;Milik Sendiri;Tidak
MHS00658;Rendah;< Rp1.000.000;7;Kerja Sendiri (part-time);Tidak;Tidak Ada;3;Sewa;Ya
MHS00659;Rendah;Rp1.000.000 - Rp3.000.000;2;Orang Tua;Tidak;Tidak Ada;5;Sewa;Tidak
MHS00660;Tinggi;> Rp5.000.000;4;Orang Tua;Tidak;Tidak Ada;6;Sewa;Ya
MHS00661;Menengah;Rp1.000.000 - Rp3.000.000;5;Beasiswa;Ya;KIP-Kuliah;3;Menumpang;Tidak
MHS00662;Tinggi;> Rp5.000.000;3;Orang Tua;Tidak;Tidak Ada;8;Milik Sendiri;Ya
MHS00663;Tinggi;> Rp5.000.000;5;Orang Tua;Tidak;Tidak Ada;8;Milik Sendiri;Tidak
MHS00664;Tinggi;> Rp5.000.000;2;Orang Tua;Ya;Beasiswa Swasta/CSR;8;Sewa;Tidak
MHS00665;Menengah;Rp3.000.000 - Rp5.000.000;4;Orang Tua;Tidak;Tidak Ada;4;Sewa;Ya
MHS00666;Menengah;Rp3.000.000 - Rp5.000.000;5;Beasiswa;Ya;KIP-Kuliah;4;Sewa;Tidak
MHS00667;Rendah;< Rp1.000.000;8;Beasiswa;Ya;KIP-Kuliah;1;Sewa;Tidak
MHS00668;Menengah;Rp1.000.000 - Rp3.000.000;4;Orang Tua;Tidak;Tidak Ada;5;Milik Sendiri;Tidak
MHS00669;Rendah;Rp1.000.000 - Rp3.000.000;5;Beasiswa;Ya;Beasiswa Swasta/CSR;4;Menumpang;Ya
MHS00670;Tinggi;> Rp5.000.000;4;Orang Tua;Tidak;Tidak Ada;6;Sewa;Tidak
MHS00671;Menengah;Rp3.000.000 - Rp5.000.000;4;Orang Tua;Ya;Beasiswa Daerah;5;Milik Sendiri;Tidak
MHS00672;Rendah;< Rp1.000.000;5;Orang Tua;Ya;Beasiswa Swasta/CSR;2;Milik Sendiri;Tidak
MHS00673;Tinggi;> Rp5.000.000;3;Orang Tua;Tidak;Tidak Ada;6;Milik Sendiri;Tidak
MHS00674;Menengah;Rp3.000.000 - Rp5.000.000;5;Beasiswa;Ya;KIP-Kuliah;4;Sewa;Tidak
MHS00675;Rendah;< Rp1.000.000;7;Kerja Sendiri (part-time);Ya;KIP-Kuliah;2;Sewa;Ya
MHS00676;Menengah;Rp3.000.000 - Rp5.000.000;4;Orang Tua;Tidak;Tidak Ada;5;Milik Sendiri;Tidak
MHS00677;Menengah;< Rp1.000.000;6;Orang Tua;Tidak;Tidak Ada;4;Sewa;Tidak
MHS00678;Tinggi;Rp3.000.000 - Rp5.000.000;2;Orang Tua;Tidak;Tidak Ada;8;Milik Sendiri;Tidak
MHS00679;Menengah;Rp1.000.000 - Rp3.000.000;4;Orang Tua;Tidak;Tidak Ada;6;Menumpang;Tidak
MHS00680;Tinggi;> Rp5.000.000;5;Orang Tua;Tidak;Tidak Ada;8;Milik Sendiri;Tidak
MHS00681;Menengah;Rp3.000.000 - Rp5.000.000;3;Orang Tua;Ya;Beasiswa Swasta/CSR;2;Sewa;Tidak
MHS00682;Tinggi;Rp3.000.000 - Rp5.000.000;2;Orang Tua;Tidak;Tidak Ada;4;Milik Sendiri;Tidak
MHS00683;Tinggi;> Rp5.000.000;2;Orang Tua;Tidak;Tidak Ada;6;Milik Sendiri;Ya
MHS00684;Tinggi;> Rp5.000.000;7;Orang Tua;Tidak;Tidak Ada;5;Milik Sendiri;Tidak
MHS00685;Tinggi;> Rp5.000.000;3;Orang Tua;Tidak;Tidak Ada;7;Milik Sendiri;Tidak
MHS00686;Menengah;Rp1.000.000 - Rp3.000.000;4;Orang Tua;Tidak;Tidak Ada;4;Sewa;Tidak
MHS00687;Tinggi;> Rp5.000.000;3;Orang Tua;Tidak;Tidak Ada;8;Milik Sendiri;Tidak
MHS00688;Menengah;Rp1.000.000 - Rp3.000.000;7;Orang Tua;Ya;Beasiswa Daerah;5;Sewa;Tidak
MHS00689;Rendah;< Rp1.000.000;5;Beasiswa;Ya;KIP-Kuliah;2;Menumpang;Ya
MHS00690;Rendah;< Rp1.000.000;5;Beasiswa;Ya;KIP-Kuliah;3;Menumpang;Tidak
MHS00691;Menengah;Rp1.000.000 - Rp3.000.000;5;Orang Tua;Tidak;Tidak Ada;6;Sewa;Ya
MHS00692;Tinggi;Rp3.000.000 - Rp5.000.000;3;Orang Tua;Tidak;Tidak Ada;4;Milik Sendiri;Tidak
MHS00693;Rendah;< Rp1.000.000;8;Kerja Sendiri (part-time);Tidak;Tidak Ada;1;Menumpang;Ya
MHS00694;Rendah;< Rp1.000.000;1;Beasiswa;Ya;KIP-Kuliah;3;Sewa;Tidak
MHS00695;Menengah;Rp1.000.000 - Rp3.000.000;9;Beasiswa;Ya;Beasiswa Prestasi Akademik (PPA);4;Milik Sendiri;Tidak
MHS00696;Menengah;Rp1.000.000 - Rp3.000.000;6;Orang Tua;Tidak;Tidak Ada;3;Menumpang;Tidak
MHS00697;Menengah;Rp3.000.000 - Rp5.000.000;4;Orang Tua;Ya;Beasiswa Prestasi Akademik (PPA);5;Sewa;Tidak
MHS00698;Menengah;Rp3.000.000 - Rp5.000.000;5;Orang Tua;Tidak;Tidak Ada;4;Milik Sendiri;Tidak
MHS00699;Rendah;Rp1.000.000 - Rp3.000.000;5;Orang Tua;Tidak;Tidak Ada;4;Menumpang;Ya
MHS00700;Rendah;< Rp1.000.000;7;Beasiswa;Ya;KIP-Kuliah;1;Sewa;Ya
MHS00701;Menengah;Rp3.000.000 - Rp5.000.000;3;Orang Tua;Tidak;Tidak Ada;7;Milik Sendiri;Tidak
MHS00702;Rendah;Rp1.000.000 - Rp3.000.000;8;Orang Tua;Tidak;Tidak Ada;3;Sewa;Ya
MHS00703;Tinggi;> Rp5.000.000;1;Orang Tua;Tidak;Tidak Ada;6;Milik Sendiri;Tidak
MHS00704;Menengah;> Rp5.000.000;2;Orang Tua;Tidak;Tidak Ada;4;Milik Sendiri;Tidak
MHS00705;Menengah;Rp1.000.000 - Rp3.000.000;3;Beasiswa;Ya;KIP-Kuliah;5;Menumpang;Ya
MHS00706;Tinggi;> Rp5.000.000;3;Orang Tua;Tidak;Tidak Ada;7;Milik Sendiri;Tidak
MHS00707;Menengah;Rp1.000.000 - Rp3.000.000;3;Orang Tua;Ya;KIP-Kuliah;5;Milik Sendiri;Tidak
MHS00708;Menengah;Rp1.000.000 - Rp3.000.000;6;Orang Tua;Tidak;Tidak Ada;3;Menumpang;Tidak
MHS00709;Menengah;Rp1.000.000 - Rp3.000.000;3;Orang Tua;Tidak;Tidak Ada;5;Menumpang;Tidak
MHS00710;Menengah;Rp1.000.000 - Rp3.000.000;4;Kerja Sendiri (part-time);Tidak;Tidak Ada;4;Sewa;Tidak
MHS00711;Menengah;Rp3.000.000 - Rp5.000.000;2;Orang Tua;Ya;Beasiswa Prestasi Akademik (PPA);6;Sewa;Tidak
MHS00712;Menengah;Rp1.000.000 - Rp3.000.000;3;Orang Tua;Tidak;Tidak Ada;3;Sewa;Ya
MHS00713;Tinggi;Rp3.000.000 - Rp5.000.000;7;Orang Tua;Ya;Beasiswa Prestasi Akademik (PPA);5;Sewa;Ya
MHS00714;Rendah;< Rp1.000.000;7;Beasiswa;Ya;KIP-Kuliah;1;Menumpang;Tidak
MHS00715;Menengah;Rp3.000.000 - Rp5.000.000;4;Orang Tua;Tidak;Tidak Ada;6;Milik Sendiri;Tidak
MHS00716;Rendah;< Rp1.000.000;3;Beasiswa;Ya;KIP-Kuliah;3;Menumpang;Ya
MHS00717;Tinggi;Rp1.000.000 - Rp3.000.000;4;Orang Tua;Tidak;Tidak Ada;5;Menumpang;Tidak
MHS00718;Menengah;Rp3.000.000 - Rp5.000.000;5;Orang Tua;Ya;Beasiswa Prestasi Akademik (PPA);5;Milik Sendiri;Tidak
MHS00719;Tinggi;> Rp5.000.000;4;Kerja Sendiri (part-time);Tidak;Tidak Ada;8;Milik Sendiri;Ya
MHS00720;Menengah;Rp1.000.000 - Rp3.000.000;5;Orang Tua;Tidak;Tidak Ada;3;Menumpang;Tidak
MHS00721;Menengah;Rp1.000.000 - Rp3.000.000;6;Beasiswa;Ya;KIP-Kuliah;3;Menumpang;Ya
MHS00722;Tinggi;> Rp5.000.000;2;Orang Tua;Tidak;Tidak Ada;8;Milik Sendiri;Tidak
MHS00723;Menengah;Rp1.000.000 - Rp3.000.000;5;Beasiswa;Ya;Beasiswa Daerah;4;Menumpang;Tidak
MHS00724;Tinggi;> Rp5.000.000;4;Beasiswa;Ya;Beasiswa Prestasi Akademik (PPA);7;Milik Sendiri;Tidak
MHS00725;Tinggi;> Rp5.000.000;5;Orang Tua;Tidak;Tidak Ada;6;Milik Sendiri;Tidak
MHS00726;Rendah;Rp1.000.000 - Rp3.000.000;7;Orang Tua;Ya;Beasiswa Prestasi Akademik (PPA);2;Sewa;Tidak
MHS00727;Menengah;Rp3.000.000 - Rp5.000.000;5;Orang Tua;Tidak;Tidak Ada;6;Milik Sendiri;Tidak
MHS00728;Menengah;Rp1.000.000 - Rp3.000.000;4;Beasiswa;Ya;Beasiswa Swasta/CSR;4;Sewa;Tidak
MHS00729;Menengah;Rp3.000.000 - Rp5.000.000;6;Orang Tua;Tidak;Tidak Ada;5;Milik Sendiri;Tidak
MHS00730;Menengah;Rp3.000.000 - Rp5.000.000;4;Orang Tua;Tidak;Tidak Ada;5;Sewa;Tidak
MHS00731;Menengah;Rp1.000.000 - Rp3.000.000;4;Kerja Sendiri (part-time);Tidak;Tidak Ada;3;Menumpang;Tidak
MHS00732;Rendah;< Rp1.000.000;9;Kerja Sendiri (part-time);Ya;KIP-Kuliah;2;Sewa;Tidak
MHS00733;Rendah;< Rp1.000.000;7;Orang Tua;Tidak;Tidak Ada;2;Menumpang;Tidak
MHS00734;Rendah;< Rp1.000.000;4;Beasiswa;Ya;KIP-Kuliah;1;Menumpang;Tidak
MHS00735;Menengah;Rp1.000.000 - Rp3.000.000;1;Orang Tua;Tidak;Tidak Ada;4;Sewa;Tidak
MHS00736;Rendah;< Rp1.000.000;6;Orang Tua;Ya;Beasiswa Daerah;3;Sewa;Ya
MHS00737;Menengah;Rp3.000.000 - Rp5.000.000;4;Orang Tua;Tidak;Tidak Ada;2;Menumpang;Tidak
MHS00738;Tinggi;> Rp5.000.000;5;Orang Tua;Tidak;Tidak Ada;5;Milik Sendiri;Tidak
MHS00739;Menengah;> Rp5.000.000;5;Orang Tua;Tidak;Tidak Ada;7;Milik Sendiri;Tidak
MHS00740;Menengah;Rp1.000.000 - Rp3.000.000;2;Orang Tua;Tidak;Tidak Ada;5;Milik Sendiri;Ya
MHS00741;Menengah;< Rp1.000.000;7;Beasiswa;Ya;KIP-Kuliah;1;Sewa;Ya
MHS00742;Menengah;< Rp1.000.000;6;Beasiswa;Ya;KIP-Kuliah;4;Sewa;Tidak
MHS00743;Rendah;Rp1.000.000 - Rp3.000.000;3;Beasiswa;Ya;Beasiswa Daerah;2;Menumpang;Tidak
MHS00744;Menengah;Rp3.000.000 - Rp5.000.000;5;Beasiswa;Ya;KIP-Kuliah;6;Sewa;Tidak
MHS00745;Menengah;Rp1.000.000 - Rp3.000.000;7;Orang Tua;Tidak;Tidak Ada;5;Menumpang;Tidak
MHS00746;Tinggi;Rp3.000.000 - Rp5.000.000;6;Orang Tua;Tidak;Tidak Ada;5;Milik Sendiri;Tidak
MHS00747;Rendah;< Rp1.000.000;1;Pinjaman/Kredit Pendidikan;Tidak;Tidak Ada;4;Menumpang;Tidak
MHS00748;Menengah;Rp3.000.000 - Rp5.000.000;4;Orang Tua;Tidak;Tidak Ada;4;Sewa;Ya
MHS00749;Menengah;Rp3.000.000 - Rp5.000.000;3;Orang Tua;Tidak;Tidak Ada;5;Milik Sendiri;Tidak
MHS00750;Menengah;Rp1.000.000 - Rp3.000.000;4;Orang Tua;Tidak;Tidak Ada;4;Milik Sendiri;Ya
MHS00751;Tinggi;> Rp5.000.000;5;Orang Tua;Tidak;Tidak Ada;6;Milik Sendiri;Tidak
MHS00752;Tinggi;> Rp5.000.000;1;Orang Tua;Tidak;Tidak Ada;8;Milik Sendiri;Tidak
MHS00753;Rendah;Rp1.000.000 - Rp3.000.000;4;Orang Tua;Ya;KIP-Kuliah;2;Sewa;Tidak
MHS00754;Menengah;Rp1.000.000 - Rp3.000.000;7;Beasiswa;Ya;KIP-Kuliah;5;Menumpang;Tidak
MHS00755;Menengah;Rp3.000.000 - Rp5.000.000;7;Orang Tua;Tidak;Tidak Ada;4;Milik Sendiri;Tidak
MHS00756;Rendah;Rp1.000.000 - Rp3.000.000;6;Kerja Sendiri (part-time);Tidak;Tidak Ada;5;Menumpang;Tidak
MHS00757;Rendah;Rp1.000.000 - Rp3.000.000;3;Orang Tua;Tidak;Tidak Ada;3;Milik Sendiri;Tidak
MHS00758;Menengah;Rp1.000.000 - Rp3.000.000;2;Orang Tua;Tidak;Tidak Ada;4;Sewa;Tidak
MHS00759;Rendah;Rp1.000.000 - Rp3.000.000;6;Orang Tua;Tidak;Tidak Ada;5;Sewa;Tidak
MHS00760;Menengah;> Rp5.000.000;4;Orang Tua;Tidak;Tidak Ada;5;Milik Sendiri;Tidak
MHS00761;Menengah;Rp3.000.000 - Rp5.000.000;2;Orang Tua;Tidak;Tidak Ada;6;Milik Sendiri;Tidak
MHS00762;Rendah;Rp1.000.000 - Rp3.000.000;7;Beasiswa;Ya;Beasiswa Daerah;2;Sewa;Tidak
MHS00763;Menengah;Rp1.000.000 - Rp3.000.000;4;Beasiswa;Ya;Beasiswa Prestasi Akademik (PPA);4;Sewa;Tidak
MHS00764;Tinggi;> Rp5.000.000;1;Orang Tua;Tidak;Tidak Ada;7;Milik Sendiri;Tidak
MHS00765;Rendah;< Rp1.000.000;7;Beasiswa;Ya;KIP-Kuliah;3;Menumpang;Ya
MHS00766;Menengah;Rp1.000.000 - Rp3.000.000;5;Kerja Sendiri (part-time);Tidak;Tidak Ada;5;Menumpang;Tidak
MHS00767;Menengah;Rp1.000.000 - Rp3.000.000;6;Kerja Sendiri (part-time);Tidak;Tidak Ada;2;Menumpang;Ya
MHS00768;Menengah;< Rp1.000.000;3;Orang Tua;Ya;Beasiswa Swasta/CSR;1;Milik Sendiri;Tidak
MHS00769;Menengah;> Rp5.000.000;2;Beasiswa;Ya;KIP-Kuliah;6;Milik Sendiri;Tidak
MHS00770;Menengah;Rp3.000.000 - Rp5.000.000;7;Orang Tua;Tidak;Tidak Ada;4;Sewa;Tidak
MHS00771;Menengah;Rp1.000.000 - Rp3.000.000;2;Orang Tua;Tidak;Tidak Ada;5;Milik Sendiri;Tidak
MHS00772;Menengah;Rp1.000.000 - Rp3.000.000;4;Orang Tua;Tidak;Tidak Ada;6;Sewa;Tidak
MHS00773;Menengah;Rp3.000.000 - Rp5.000.000;2;Beasiswa;Ya;KIP-Kuliah;6;Sewa;Tidak
MHS00774;Tinggi;> Rp5.000.000;3;Orang Tua;Tidak;Tidak Ada;6;Milik Sendiri;Tidak
MHS00775;Rendah;< Rp1.000.000;7;Orang Tua;Tidak;Tidak Ada;2;Menumpang;Tidak
MHS00776;Menengah;Rp1.000.000 - Rp3.000.000;1;Orang Tua;Tidak;Tidak Ada;5;Sewa;Tidak
MHS00777;Menengah;Rp3.000.000 - Rp5.000.000;4;Orang Tua;Tidak;Tidak Ada;3;Sewa;Ya
MHS00778;Rendah;Rp1.000.000 - Rp3.000.000;6;Pinjaman/Kredit Pendidikan;Tidak;Tidak Ada;4;Menumpang;Tidak
MHS00779;Rendah;Rp1.000.000 - Rp3.000.000;5;Kerja Sendiri (part-time);Tidak;Tidak Ada;2;Menumpang;Ya
MHS00780;Tinggi;> Rp5.000.000;4;Beasiswa;Ya;Beasiswa Prestasi Akademik (PPA);8;Milik Sendiri;Tidak
MHS00781;Tinggi;> Rp5.000.000;3;Orang Tua;Tidak;Tidak Ada;8;Milik Sendiri;Tidak
MHS00782;Menengah;Rp3.000.000 - Rp5.000.000;5;Orang Tua;Tidak;Tidak Ada;4;Sewa;Tidak
MHS00783;Menengah;Rp3.000.000 - Rp5.000.000;5;Orang Tua;Ya;Beasiswa Daerah;4;Sewa;Tidak
MHS00784;Tinggi;Rp3.000.000 - Rp5.000.000;2;Orang Tua;Tidak;Tidak Ada;4;Milik Sendiri;Ya
MHS00785;Tinggi;Rp3.000.000 - Rp5.000.000;4;Beasiswa;Ya;KIP-Kuliah;5;Menumpang;Tidak
MHS00786;Menengah;Rp1.000.000 - Rp3.000.000;2;Kerja Sendiri (part-time);Ya;Beasiswa Prestasi Akademik (PPA);3;Milik Sendiri;Ya
MHS00787;Menengah;Rp1.000.000 - Rp3.000.000;5;Beasiswa;Ya;Beasiswa Daerah;6;Milik Sendiri;Tidak
MHS00788;Menengah;Rp3.000.000 - Rp5.000.000;5;Orang Tua;Tidak;Tidak Ada;3;Menumpang;Tidak
MHS00789;Menengah;Rp1.000.000 - Rp3.000.000;4;Pinjaman/Kredit Pendidikan;Tidak;Tidak Ada;3;Sewa;Tidak
MHS00790;Menengah;Rp3.000.000 - Rp5.000.000;7;Orang Tua;Tidak;Tidak Ada;5;Sewa;Tidak
MHS00791;Menengah;Rp1.000.000 - Rp3.000.000;7;Orang Tua;Ya;Beasiswa Prestasi Akademik (PPA);6;Milik Sendiri;Tidak
MHS00792;Tinggi;> Rp5.000.000;8;Beasiswa;Ya;Beasiswa Prestasi Akademik (PPA);6;Milik Sendiri;Tidak
MHS00793;Menengah;Rp3.000.000 - Rp5.000.000;3;Orang Tua;Tidak;Tidak Ada;6;Milik Sendiri;Ya
MHS00794;Menengah;Rp1.000.000 - Rp3.000.000;9;Orang Tua;Tidak;Tidak Ada;5;Sewa;Ya
MHS00795;Menengah;Rp3.000.000 - Rp5.000.000;5;Orang Tua;Tidak;Tidak Ada;6;Milik Sendiri;Tidak
MHS00796;Menengah;> Rp5.000.000;4;Orang Tua;Tidak;Tidak Ada;6;Milik Sendiri;Tidak
MHS00797;Tinggi;> Rp5.000.000;5;Orang Tua;Tidak;Tidak Ada;7;Milik Sendiri;Tidak
MHS00798;Menengah;> Rp5.000.000;3;Orang Tua;Tidak;Tidak Ada;5;Milik Sendiri;Tidak
MHS00799;Tinggi;Rp3.000.000 - Rp5.000.000;5;Orang Tua;Tidak;Tidak Ada;4;Menumpang;Tidak
MHS00800;Tinggi;Rp3.000.000 - Rp5.000.000;6;Orang Tua;Tidak;Tidak Ada;5;Sewa;Ya
MHS00801;Rendah;Rp1.000.000 - Rp3.000.000;6;Kerja Sendiri (part-time);Tidak;Tidak Ada;2;Menumpang;Ya
MHS00802;Menengah;Rp3.000.000 - Rp5.000.000;5;Orang Tua;Tidak;Tidak Ada;6;Milik Sendiri;Tidak
MHS00803;Menengah;Rp1.000.000 - Rp3.000.000;4;Orang Tua;Tidak;Tidak Ada;6;Sewa;Tidak
MHS00804;Menengah;Rp1.000.000 - Rp3.000.000;3;Orang Tua;Tidak;Tidak Ada;6;Sewa;Tidak
MHS00805;Menengah;Rp3.000.000 - Rp5.000.000;3;Beasiswa;Ya;KIP-Kuliah;5;Milik Sendiri;Tidak
MHS00806;Tinggi;Rp3.000.000 - Rp5.000.000;6;Orang Tua;Tidak;Tidak Ada;5;Sewa;Ya
MHS00807;Menengah;Rp1.000.000 - Rp3.000.000;5;Orang Tua;Tidak;Tidak Ada;5;Milik Sendiri;Tidak
MHS00808;Tinggi;Rp3.000.000 - Rp5.000.000;5;Orang Tua;Tidak;Tidak Ada;6;Menumpang;Tidak
MHS00809;Menengah;Rp3.000.000 - Rp5.000.000;4;Orang Tua;Tidak;Tidak Ada;5;Milik Sendiri;Tidak
MHS00810;Menengah;Rp3.000.000 - Rp5.000.000;3;Orang Tua;Tidak;Tidak Ada;6;Milik Sendiri;Tidak
MHS00811;Menengah;Rp3.000.000 - Rp5.000.000;2;Orang Tua;Tidak;Tidak Ada;5;Menumpang;Tidak
MHS00812;Tinggi;> Rp5.000.000;4;Orang Tua;Tidak;Tidak Ada;7;Milik Sendiri;Tidak
MHS00813;Menengah;> Rp5.000.000;2;Orang Tua;Tidak;Tidak Ada;4;Milik Sendiri;Tidak
MHS00814;Menengah;Rp1.000.000 - Rp3.000.000;6;Orang Tua;Tidak;Tidak Ada;3;Menumpang;Tidak
MHS00815;Rendah;Rp1.000.000 - Rp3.000.000;6;Beasiswa;Ya;KIP-Kuliah;3;Sewa;Ya
MHS00816;Rendah;< Rp1.000.000;9;Beasiswa;Ya;KIP-Kuliah;1;Menumpang;Ya
MHS00817;Tinggi;> Rp5.000.000;4;Orang Tua;Tidak;Tidak Ada;5;Milik Sendiri;Tidak
MHS00818;Tinggi;> Rp5.000.000;4;Orang Tua;Tidak;Tidak Ada;7;Milik Sendiri;Tidak
MHS00819;Tinggi;> Rp5.000.000;5;Orang Tua;Tidak;Tidak Ada;6;Milik Sendiri;Tidak
MHS00820;Rendah;< Rp1.000.000;3;Beasiswa;Ya;KIP-Kuliah;2;Sewa;Ya
MHS00821;Menengah;Rp1.000.000 - Rp3.000.000;4;Orang Tua;Tidak;Tidak Ada;4;Milik Sendiri;Tidak
MHS00822;Tinggi;> Rp5.000.000;4;Orang Tua;Tidak;Tidak Ada;7;Milik Sendiri;Tidak
MHS00823;Menengah;Rp3.000.000 - Rp5.000.000;4;Orang Tua;Tidak;Tidak Ada;3;Milik Sendiri;Ya
MHS00824;Menengah;Rp3.000.000 - Rp5.000.000;1;Orang Tua;Tidak;Tidak Ada;4;Sewa;Ya
MHS00825;Rendah;Rp1.000.000 - Rp3.000.000;5;Orang Tua;Tidak;Tidak Ada;3;Menumpang;Tidak
MHS00826;Rendah;Rp1.000.000 - Rp3.000.000;7;Orang Tua;Tidak;Tidak Ada;3;Menumpang;Ya
MHS00827;Menengah;Rp1.000.000 - Rp3.000.000;2;Orang Tua;Tidak;Tidak Ada;2;Menumpang;Tidak
MHS00828;Menengah;Rp3.000.000 - Rp5.000.000;4;Pinjaman/Kredit Pendidikan;Tidak;Tidak Ada;5;Milik Sendiri;Tidak
MHS00829;Menengah;Rp3.000.000 - Rp5.000.000;5;Beasiswa;Ya;KIP-Kuliah;7;Sewa;Tidak
MHS00830;Menengah;Rp3.000.000 - Rp5.000.000;1;Orang Tua;Tidak;Tidak Ada;6;Milik Sendiri;Ya
MHS00831;Rendah;Rp3.000.000 - Rp5.000.000;3;Orang Tua;Tidak;Tidak Ada;5;Sewa;Ya
MHS00832;Menengah;Rp3.000.000 - Rp5.000.000;4;Kerja Sendiri (part-time);Ya;Beasiswa Prestasi Akademik (PPA);5;Milik Sendiri;Ya
MHS00833;Menengah;Rp3.000.000 - Rp5.000.000;2;Beasiswa;Ya;Beasiswa Prestasi Akademik (PPA);5;Milik Sendiri;Ya
MHS00834;Menengah;Rp3.000.000 - Rp5.000.000;4;Orang Tua;Tidak;Tidak Ada;7;Sewa;Tidak
MHS00835;Menengah;> Rp5.000.000;4;Orang Tua;Tidak;Tidak Ada;4;Milik Sendiri;Tidak
MHS00836;Tinggi;> Rp5.000.000;3;Orang Tua;Tidak;Tidak Ada;8;Milik Sendiri;Tidak
MHS00837;Tinggi;> Rp5.000.000;4;Orang Tua;Tidak;Tidak Ada;7;Milik Sendiri;Tidak
MHS00838;Menengah;Rp3.000.000 - Rp5.000.000;1;Orang Tua;Tidak;Tidak Ada;6;Milik Sendiri;Ya
MHS00839;Menengah;Rp1.000.000 - Rp3.000.000;3;Orang Tua;Ya;Beasiswa Prestasi Akademik (PPA);3;Milik Sendiri;Tidak
MHS00840;Menengah;Rp3.000.000 - Rp5.000.000;2;Beasiswa;Ya;Beasiswa Prestasi Akademik (PPA);7;Menumpang;Tidak
MHS00841;Menengah;Rp3.000.000 - Rp5.000.000;3;Pinjaman/Kredit Pendidikan;Tidak;Tidak Ada;5;Menumpang;Tidak
MHS00842;Rendah;< Rp1.000.000;3;Beasiswa;Ya;KIP-Kuliah;4;Menumpang;Ya
MHS00843;Menengah;Rp1.000.000 - Rp3.000.000;4;Orang Tua;Tidak;Tidak Ada;2;Sewa;Ya
MHS00844;Rendah;< Rp1.000.000;6;Beasiswa;Ya;KIP-Kuliah;2;Sewa;Ya
MHS00845;Menengah;< Rp1.000.000;4;Orang Tua;Tidak;Tidak Ada;3;Menumpang;Ya
MHS00846;Menengah;Rp3.000.000 - Rp5.000.000;4;Beasiswa;Ya;KIP-Kuliah;6;Milik Sendiri;Tidak
MHS00847;Menengah;Rp3.000.000 - Rp5.000.000;3;Orang Tua;Ya;Beasiswa Prestasi Akademik (PPA);5;Milik Sendiri;Ya
MHS00848;Rendah;Rp1.000.000 - Rp3.000.000;5;Beasiswa;Ya;KIP-Kuliah;3;Sewa;Tidak
MHS00849;Tinggi;> Rp5.000.000;3;Orang Tua;Tidak;Tidak Ada;5;Milik Sendiri;Tidak
MHS00850;Menengah;Rp3.000.000 - Rp5.000.000;3;Orang Tua;Tidak;Tidak Ada;6;Milik Sendiri;Tidak
MHS00851;Tinggi;Rp3.000.000 - Rp5.000.000;2;Orang Tua;Tidak;Tidak Ada;5;Sewa;Tidak
MHS00852;Rendah;< Rp1.000.000;4;Beasiswa;Ya;KIP-Kuliah;1;Menumpang;Tidak
MHS00853;Tinggi;> Rp5.000.000;4;Orang Tua;Tidak;Tidak Ada;6;Milik Sendiri;Tidak
MHS00854;Tinggi;Rp3.000.000 - Rp5.000.000;4;Orang Tua;Tidak;Tidak Ada;7;Milik Sendiri;Tidak
MHS00855;Tinggi;> Rp5.000.000;3;Orang Tua;Tidak;Tidak Ada;8;Milik Sendiri;Tidak
MHS00856;Menengah;Rp1.000.000 - Rp3.000.000;2;Orang Tua;Tidak;Tidak Ada;3;Menumpang;Tidak
MHS00857;Menengah;< Rp1.000.000;3;Orang Tua;Tidak;Tidak Ada;3;Milik Sendiri;Tidak
MHS00858;Rendah;< Rp1.000.000;7;Kerja Sendiri (part-time);Ya;Beasiswa Prestasi Akademik (PPA);3;Sewa;Ya
MHS00859;Menengah;Rp3.000.000 - Rp5.000.000;5;Orang Tua;Tidak;Tidak Ada;4;Milik Sendiri;Tidak
MHS00860;Rendah;< Rp1.000.000;5;Kerja Sendiri (part-time);Ya;Beasiswa Prestasi Akademik (PPA);4;Sewa;Ya
MHS00861;Menengah;Rp1.000.000 - Rp3.000.000;6;Pinjaman/Kredit Pendidikan;Tidak;Tidak Ada;4;Sewa;Tidak
MHS00862;Rendah;< Rp1.000.000;7;Beasiswa;Ya;KIP-Kuliah;4;Sewa;Tidak
MHS00863;Tinggi;Rp3.000.000 - Rp5.000.000;4;Orang Tua;Tidak;Tidak Ada;6;Milik Sendiri;Tidak
MHS00864;Tinggi;Rp3.000.000 - Rp5.000.000;6;Beasiswa;Ya;Beasiswa Prestasi Akademik (PPA);7;Milik Sendiri;Tidak
MHS00865;Rendah;Rp1.000.000 - Rp3.000.000;3;Kerja Sendiri (part-time);Tidak;Tidak Ada;4;Sewa;Ya
MHS00866;Rendah;Rp1.000.000 - Rp3.000.000;8;Kerja Sendiri (part-time);Tidak;Tidak Ada;5;Sewa;Ya
MHS00867;Rendah;< Rp1.000.000;7;Kerja Sendiri (part-time);Tidak;Tidak Ada;3;Menumpang;Ya
MHS00868;Tinggi;> Rp5.000.000;2;Orang Tua;Tidak;Tidak Ada;7;Milik Sendiri;Tidak
MHS00869;Menengah;Rp1.000.000 - Rp3.000.000;3;Beasiswa;Ya;KIP-Kuliah;4;Sewa;Tidak
MHS00870;Rendah;< Rp1.000.000;2;Beasiswa;Ya;KIP-Kuliah;3;Menumpang;Tidak
MHS00871;Rendah;< Rp1.000.000;7;Beasiswa;Ya;KIP-Kuliah;2;Menumpang;Tidak
MHS00872;Tinggi;Rp3.000.000 - Rp5.000.000;4;Orang Tua;Tidak;Tidak Ada;6;Sewa;Tidak
MHS00873;Tinggi;> Rp5.000.000;4;Orang Tua;Tidak;Tidak Ada;8;Milik Sendiri;Tidak
MHS00874;Tinggi;> Rp5.000.000;1;Orang Tua;Tidak;Tidak Ada;7;Milik Sendiri;Tidak
MHS00875;Menengah;Rp1.000.000 - Rp3.000.000;9;Kerja Sendiri (part-time);Tidak;Tidak Ada;4;Sewa;Ya
MHS00876;Rendah;< Rp1.000.000;4;Beasiswa;Ya;KIP-Kuliah;1;Sewa;Ya
MHS00877;Rendah;< Rp1.000.000;4;Beasiswa;Ya;Beasiswa Prestasi Akademik (PPA);4;Sewa;Tidak
MHS00878;Menengah;Rp3.000.000 - Rp5.000.000;5;Orang Tua;Tidak;Tidak Ada;4;Sewa;Tidak
MHS00879;Rendah;Rp1.000.000 - Rp3.000.000;3;Beasiswa;Ya;KIP-Kuliah;1;Menumpang;Tidak
MHS00880;Menengah;Rp3.000.000 - Rp5.000.000;2;Orang Tua;Tidak;Tidak Ada;2;Milik Sendiri;Tidak
MHS00881;Rendah;< Rp1.000.000;9;Beasiswa;Ya;KIP-Kuliah;2;Sewa;Tidak
MHS00882;Menengah;Rp3.000.000 - Rp5.000.000;2;Orang Tua;Tidak;Tidak Ada;6;Sewa;Tidak
MHS00883;Rendah;Rp1.000.000 - Rp3.000.000;6;Kerja Sendiri (part-time);Ya;KIP-Kuliah;3;Milik Sendiri;Ya
MHS00884;Menengah;Rp1.000.000 - Rp3.000.000;3;Kerja Sendiri (part-time);Tidak;Tidak Ada;5;Sewa;Ya
MHS00885;Menengah;Rp3.000.000 - Rp5.000.000;5;Orang Tua;Tidak;Tidak Ada;4;Milik Sendiri;Ya
MHS00886;Menengah;Rp1.000.000 - Rp3.000.000;2;Orang Tua;Tidak;Tidak Ada;4;Milik Sendiri;Tidak
MHS00887;Menengah;Rp3.000.000 - Rp5.000.000;5;Orang Tua;Tidak;Tidak Ada;2;Sewa;Tidak
MHS00888;Menengah;Rp1.000.000 - Rp3.000.000;6;Orang Tua;Tidak;Tidak Ada;7;Menumpang;Tidak
MHS00889;Tinggi;> Rp5.000.000;5;Orang Tua;Tidak;Tidak Ada;7;Milik Sendiri;Tidak
MHS00890;Menengah;Rp1.000.000 - Rp3.000.000;4;Orang Tua;Tidak;Tidak Ada;4;Milik Sendiri;Tidak
MHS00891;Menengah;Rp1.000.000 - Rp3.000.000;6;Kerja Sendiri (part-time);Tidak;Tidak Ada;5;Milik Sendiri;Ya
MHS00892;Menengah;Rp1.000.000 - Rp3.000.000;5;Orang Tua;Ya;KIP-Kuliah;1;Menumpang;Ya
MHS00893;Rendah;Rp1.000.000 - Rp3.000.000;5;Pinjaman/Kredit Pendidikan;Tidak;Tidak Ada;4;Menumpang;Tidak
MHS00894;Rendah;< Rp1.000.000;7;Kerja Sendiri (part-time);Tidak;Tidak Ada;2;Milik Sendiri;Ya
MHS00895;Menengah;Rp3.000.000 - Rp5.000.000;2;Orang Tua;Tidak;Tidak Ada;5;Sewa;Ya
MHS00896;Menengah;Rp1.000.000 - Rp3.000.000;5;Pinjaman/Kredit Pendidikan;Tidak;Tidak Ada;4;Menumpang;Tidak
MHS00897;Menengah;Rp3.000.000 - Rp5.000.000;6;Orang Tua;Tidak;Tidak Ada;6;Milik Sendiri;Ya
MHS00898;Rendah;Rp1.000.000 - Rp3.000.000;8;Orang Tua;Tidak;Tidak Ada;3;Menumpang;Tidak
MHS00899;Rendah;< Rp1.000.000;8;Beasiswa;Ya;KIP-Kuliah;2;Menumpang;Ya
MHS00900;Tinggi;> Rp5.000.000;1;Orang Tua;Tidak;Tidak Ada;6;Milik Sendiri;Tidak
MHS00901;Tinggi;> Rp5.000.000;3;Orang Tua;Tidak;Tidak Ada;5;Milik Sendiri;Tidak
MHS00902;Tinggi;Rp3.000.000 - Rp5.000.000;5;Orang Tua;Tidak;Tidak Ada;4;Sewa;Tidak
MHS00903;Tinggi;Rp3.000.000 - Rp5.000.000;2;Orang Tua;Tidak;Tidak Ada;5;Milik Sendiri;Tidak
MHS00904;Menengah;Rp1.000.000 - Rp3.000.000;3;Kerja Sendiri (part-time);Tidak;Tidak Ada;2;Milik Sendiri;Tidak
MHS00905;Tinggi;> Rp5.000.000;3;Orang Tua;Tidak;Tidak Ada;6;Sewa;Tidak
MHS00906;Menengah;Rp1.000.000 - Rp3.000.000;5;Orang Tua;Tidak;Tidak Ada;4;Milik Sendiri;Tidak
MHS00907;Rendah;Rp3.000.000 - Rp5.000.000;4;Orang Tua;Tidak;Tidak Ada;4;Sewa;Tidak
MHS00908;Menengah;Rp1.000.000 - Rp3.000.000;4;Orang Tua;Tidak;Tidak Ada;3;Milik Sendiri;Ya
MHS00909;Menengah;> Rp5.000.000;4;Beasiswa;Ya;Beasiswa Prestasi Akademik (PPA);6;Milik Sendiri;Tidak
MHS00910;Tinggi;> Rp5.000.000;4;Beasiswa;Ya;KIP-Kuliah;6;Milik Sendiri;Tidak
MHS00911;Menengah;Rp1.000.000 - Rp3.000.000;1;Kerja Sendiri (part-time);Tidak;Tidak Ada;3;Milik Sendiri;Tidak
MHS00912;Menengah;> Rp5.000.000;4;Orang Tua;Tidak;Tidak Ada;5;Milik Sendiri;Tidak
MHS00913;Rendah;< Rp1.000.000;7;Beasiswa;Ya;KIP-Kuliah;1;Menumpang;Tidak
MHS00914;Tinggi;> Rp5.000.000;3;Orang Tua;Tidak;Tidak Ada;6;Menumpang;Tidak
MHS00915;Tinggi;> Rp5.000.000;2;Beasiswa;Ya;Beasiswa Prestasi Akademik (PPA);6;Milik Sendiri;Tidak
MHS00916;Menengah;> Rp5.000.000;2;Orang Tua;Ya;Beasiswa Prestasi Akademik (PPA);6;Milik Sendiri;Tidak
MHS00917;Tinggi;Rp3.000.000 - Rp5.000.000;3;Orang Tua;Tidak;Tidak Ada;5;Milik Sendiri;Tidak
MHS00918;Menengah;Rp1.000.000 - Rp3.000.000;3;Orang Tua;Tidak;Tidak Ada;3;Milik Sendiri;Ya
MHS00919;Menengah;Rp3.000.000 - Rp5.000.000;5;Orang Tua;Tidak;Tidak Ada;4;Milik Sendiri;Ya
MHS00920;Tinggi;> Rp5.000.000;3;Orang Tua;Tidak;Tidak Ada;6;Milik Sendiri;Tidak
MHS00921;Menengah;Rp1.000.000 - Rp3.000.000;2;Orang Tua;Tidak;Tidak Ada;4;Sewa;Tidak
MHS00922;Rendah;< Rp1.000.000;7;Kerja Sendiri (part-time);Tidak;Tidak Ada;3;Menumpang;Ya
MHS00923;Menengah;Rp3.000.000 - Rp5.000.000;2;Orang Tua;Tidak;Tidak Ada;4;Milik Sendiri;Tidak
MHS00924;Menengah;Rp1.000.000 - Rp3.000.000;7;Orang Tua;Tidak;Tidak Ada;3;Sewa;Tidak
MHS00925;Rendah;Rp1.000.000 - Rp3.000.000;6;Beasiswa;Ya;Beasiswa Daerah;5;Menumpang;Tidak
MHS00926;Menengah;Rp3.000.000 - Rp5.000.000;3;Orang Tua;Tidak;Tidak Ada;5;Milik Sendiri;Tidak
MHS00927;Rendah;Rp1.000.000 - Rp3.000.000;1;Kerja Sendiri (part-time);Tidak;Tidak Ada;3;Menumpang;Ya
MHS00928;Menengah;Rp3.000.000 - Rp5.000.000;6;Orang Tua;Ya;Beasiswa Daerah;6;Milik Sendiri;Tidak
MHS00929;Rendah;< Rp1.000.000;6;Beasiswa;Ya;KIP-Kuliah;4;Menumpang;Ya
MHS00930;Rendah;Rp1.000.000 - Rp3.000.000;3;Orang Tua;Tidak;Tidak Ada;1;Sewa;Tidak
MHS00931;Rendah;< Rp1.000.000;2;Orang Tua;Ya;Beasiswa Swasta/CSR;2;Sewa;Tidak
MHS00932;Menengah;Rp1.000.000 - Rp3.000.000;7;Pinjaman/Kredit Pendidikan;Tidak;Tidak Ada;5;Milik Sendiri;Ya
MHS00933;Rendah;Rp1.000.000 - Rp3.000.000;3;Beasiswa;Ya;KIP-Kuliah;3;Milik Sendiri;Ya
MHS00934;Tinggi;> Rp5.000.000;1;Beasiswa;Ya;Beasiswa Prestasi Akademik (PPA);8;Milik Sendiri;Tidak
MHS00935;Menengah;Rp3.000.000 - Rp5.000.000;3;Beasiswa;Ya;KIP-Kuliah;6;Sewa;Tidak
MHS00936;Menengah;Rp3.000.000 - Rp5.000.000;4;Orang Tua;Tidak;Tidak Ada;7;Sewa;Ya
MHS00937;Menengah;> Rp5.000.000;6;Orang Tua;Tidak;Tidak Ada;5;Sewa;Tidak
MHS00938;Rendah;< Rp1.000.000;5;Beasiswa;Ya;KIP-Kuliah;2;Sewa;Ya
MHS00939;Rendah;Rp1.000.000 - Rp3.000.000;4;Orang Tua;Tidak;Tidak Ada;5;Milik Sendiri;Tidak
MHS00940;Menengah;Rp3.000.000 - Rp5.000.000;7;Orang Tua;Tidak;Tidak Ada;4;Milik Sendiri;Tidak
MHS00941;Rendah;< Rp1.000.000;4;Beasiswa;Ya;KIP-Kuliah;4;Sewa;Tidak
MHS00942;Tinggi;Rp3.000.000 - Rp5.000.000;4;Orang Tua;Tidak;Tidak Ada;5;Milik Sendiri;Tidak
MHS00943;Menengah;Rp1.000.000 - Rp3.000.000;6;Orang Tua;Tidak;Tidak Ada;5;Milik Sendiri;Tidak
MHS00944;Menengah;Rp3.000.000 - Rp5.000.000;3;Orang Tua;Tidak;Tidak Ada;4;Milik Sendiri;Ya
MHS00945;Tinggi;> Rp5.000.000;3;Orang Tua;Tidak;Tidak Ada;8;Milik Sendiri;Tidak
MHS00946;Rendah;< Rp1.000.000;6;Beasiswa;Ya;KIP-Kuliah;3;Sewa;Ya
MHS00947;Tinggi;> Rp5.000.000;2;Orang Tua;Tidak;Tidak Ada;6;Milik Sendiri;Tidak
MHS00948;Menengah;Rp1.000.000 - Rp3.000.000;4;Orang Tua;Tidak;Tidak Ada;3;Sewa;Tidak
MHS00949;Menengah;< Rp1.000.000;4;Beasiswa;Ya;KIP-Kuliah;5;Menumpang;Tidak
MHS00950;Menengah;Rp1.000.000 - Rp3.000.000;2;Orang Tua;Tidak;Tidak Ada;3;Sewa;Tidak
MHS00951;Menengah;< Rp1.000.000;5;Orang Tua;Ya;KIP-Kuliah;2;Sewa;Tidak
MHS00952;Menengah;Rp1.000.000 - Rp3.000.000;6;Orang Tua;Tidak;Tidak Ada;3;Sewa;Ya
MHS00953;Tinggi;> Rp5.000.000;2;Orang Tua;Tidak;Tidak Ada;7;Milik Sendiri;Tidak
MHS00954;Menengah;Rp1.000.000 - Rp3.000.000;7;Orang Tua;Tidak;Tidak Ada;2;Sewa;Tidak
MHS00955;Tinggi;> Rp5.000.000;6;Orang Tua;Tidak;Tidak Ada;5;Milik Sendiri;Ya
MHS00956;Tinggi;> Rp5.000.000;3;Orang Tua;Tidak;Tidak Ada;8;Milik Sendiri;Tidak
MHS00957;Tinggi;Rp3.000.000 - Rp5.000.000;3;Beasiswa;Ya;Beasiswa Daerah;6;Sewa;Tidak
MHS00958;Tinggi;> Rp5.000.000;3;Orang Tua;Ya;Beasiswa Prestasi Akademik (PPA);6;Milik Sendiri;Tidak
MHS00959;Rendah;< Rp1.000.000;5;Kerja Sendiri (part-time);Tidak;Tidak Ada;2;Sewa;Ya
MHS00960;Tinggi;Rp3.000.000 - Rp5.000.000;6;Orang Tua;Tidak;Tidak Ada;5;Menumpang;Ya
MHS00961;Menengah;< Rp1.000.000;3;Orang Tua;Tidak;Tidak Ada;2;Milik Sendiri;Tidak
MHS00962;Menengah;Rp1.000.000 - Rp3.000.000;6;Orang Tua;Tidak;Tidak Ada;3;Menumpang;Tidak
MHS00963;Tinggi;> Rp5.000.000;3;Orang Tua;Tidak;Tidak Ada;6;Milik Sendiri;Tidak
MHS00964;Menengah;Rp3.000.000 - Rp5.000.000;7;Orang Tua;Tidak;Tidak Ada;5;Milik Sendiri;Tidak
MHS00965;Rendah;< Rp1.000.000;3;Orang Tua;Ya;KIP-Kuliah;2;Menumpang;Ya
MHS00966;Rendah;Rp1.000.000 - Rp3.000.000;4;Orang Tua;Tidak;Tidak Ada;4;Menumpang;Tidak
MHS00967;Tinggi;> Rp5.000.000;1;Orang Tua;Ya;Beasiswa Prestasi Akademik (PPA);8;Milik Sendiri;Tidak
MHS00968;Menengah;Rp3.000.000 - Rp5.000.000;4;Pinjaman/Kredit Pendidikan;Tidak;Tidak Ada;6;Milik Sendiri;Tidak
MHS00969;Menengah;< Rp1.000.000;5;Beasiswa;Ya;KIP-Kuliah;4;Sewa;Ya
MHS00970;Tinggi;Rp1.000.000 - Rp3.000.000;6;Orang Tua;Tidak;Tidak Ada;4;Sewa;Tidak
MHS00971;Menengah;Rp1.000.000 - Rp3.000.000;3;Orang Tua;Ya;Beasiswa Daerah;6;Milik Sendiri;Tidak
MHS00972;Tinggi;> Rp5.000.000;2;Kerja Sendiri (part-time);Tidak;Tidak Ada;6;Milik Sendiri;Ya
MHS00973;Rendah;Rp1.000.000 - Rp3.000.000;4;Beasiswa;Ya;KIP-Kuliah;3;Menumpang;Tidak
MHS00974;Rendah;< Rp1.000.000;4;Orang Tua;Tidak;Tidak Ada;3;Menumpang;Tidak
MHS00975;Tinggi;Rp3.000.000 - Rp5.000.000;4;Orang Tua;Tidak;Tidak Ada;4;Milik Sendiri;Tidak
MHS00976;Menengah;Rp1.000.000 - Rp3.000.000;4;Kerja Sendiri (part-time);Tidak;Tidak Ada;6;Sewa;Ya
MHS00977;Rendah;Rp1.000.000 - Rp3.000.000;8;Orang Tua;Ya;Beasiswa Daerah;5;Sewa;Ya
MHS00978;Tinggi;> Rp5.000.000;5;Orang Tua;Tidak;Tidak Ada;7;Milik Sendiri;Tidak
MHS00979;Menengah;Rp3.000.000 - Rp5.000.000;5;Orang Tua;Tidak;Tidak Ada;6;Sewa;Tidak
MHS00980;Tinggi;Rp3.000.000 - Rp5.000.000;2;Beasiswa;Ya;Beasiswa Daerah;6;Milik Sendiri;Tidak
MHS00981;Menengah;> Rp5.000.000;6;Beasiswa;Ya;Beasiswa Prestasi Akademik (PPA);6;Milik Sendiri;Tidak
MHS00982;Tinggi;Rp3.000.000 - Rp5.000.000;6;Orang Tua;Tidak;Tidak Ada;5;Sewa;Tidak
MHS00983;Menengah;Rp1.000.000 - Rp3.000.000;6;Kerja Sendiri (part-time);Tidak;Tidak Ada;3;Sewa;Ya
MHS00984;Menengah;Rp1.000.000 - Rp3.000.000;4;Beasiswa;Ya;Beasiswa Prestasi Akademik (PPA);3;Sewa;Ya
MHS00985;Rendah;< Rp1.000.000;7;Beasiswa;Ya;KIP-Kuliah;2;Menumpang;Tidak
MHS00986;Tinggi;> Rp5.000.000;1;Orang Tua;Tidak;Tidak Ada;7;Milik Sendiri;Tidak
MHS00987;Tinggi;Rp3.000.000 - Rp5.000.000;6;Orang Tua;Tidak;Tidak Ada;6;Milik Sendiri;Tidak
MHS00988;Rendah;< Rp1.000.000;6;Beasiswa;Ya;Beasiswa Prestasi Akademik (PPA);2;Sewa;Tidak
MHS00989;Tinggi;Rp3.000.000 - Rp5.000.000;3;Orang Tua;Tidak;Tidak Ada;4;Milik Sendiri;Ya
MHS00990;Rendah;Rp3.000.000 - Rp5.000.000;2;Orang Tua;Tidak;Tidak Ada;5;Milik Sendiri;Tidak
MHS00991;Tinggi;> Rp5.000.000;5;Beasiswa;Ya;Beasiswa Prestasi Akademik (PPA);5;Milik Sendiri;Tidak
MHS00992;Rendah;< Rp1.000.000;8;Beasiswa;Ya;Beasiswa Daerah;2;Sewa;Tidak
MHS00993;Rendah;< Rp1.000.000;5;Kerja Sendiri (part-time);Ya;Beasiswa Prestasi Akademik (PPA);2;Menumpang;Ya
MHS00994;Rendah;Rp1.000.000 - Rp3.000.000;6;Kerja Sendiri (part-time);Tidak;Tidak Ada;4;Sewa;Ya
MHS00995;Menengah;Rp3.000.000 - Rp5.000.000;2;Orang Tua;Tidak;Tidak Ada;5;Milik Sendiri;Tidak
MHS00996;Tinggi;Rp3.000.000 - Rp5.000.000;5;Orang Tua;Tidak;Tidak Ada;7;Milik Sendiri;Ya
MHS00997;Menengah;Rp1.000.000 - Rp3.000.000;9;Orang Tua;Tidak;Tidak Ada;5;Sewa;Tidak
MHS00998;Menengah;Rp1.000.000 - Rp3.000.000;3;Pinjaman/Kredit Pendidikan;Tidak;Tidak Ada;6;Sewa;Tidak
MHS00999;Tinggi;> Rp5.000.000;5;Orang Tua;Ya;Beasiswa Prestasi Akademik (PPA);8;Milik Sendiri;Tidak
MHS01000;Menengah;Rp1.000.000 - Rp3.000.000;5;Orang Tua;Tidak;Tidak Ada;4;Sewa;Tidak
MHS01001;Menengah;< Rp1.000.000;4;Orang Tua;Ya;Beasiswa Daerah;3;Menumpang;Tidak
MHS01002;Menengah;Rp3.000.000 - Rp5.000.000;3;Orang Tua;Tidak;Tidak Ada;4;Sewa;Tidak
MHS01003;Menengah;Rp1.000.000 - Rp3.000.000;4;Kerja Sendiri (part-time);Tidak;Tidak Ada;3;Sewa;Ya
MHS01004;Menengah;Rp1.000.000 - Rp3.000.000;3;Beasiswa;Ya;Beasiswa Prestasi Akademik (PPA);5;Milik Sendiri;Tidak
MHS01005;Tinggi;> Rp5.000.000;4;Orang Tua;Tidak;Tidak Ada;6;Sewa;Tidak
MHS01006;Menengah;Rp3.000.000 - Rp5.000.000;4;Orang Tua;Tidak;Tidak Ada;6;Milik Sendiri;Tidak
MHS01007;Tinggi;> Rp5.000.000;4;Orang Tua;Tidak;Tidak Ada;7;Sewa;Tidak
MHS01008;Rendah;Rp1.000.000 - Rp3.000.000;8;Beasiswa;Ya;KIP-Kuliah;2;Sewa;Tidak
MHS01009;Menengah;Rp3.000.000 - Rp5.000.000;9;Orang Tua;Tidak;Tidak Ada;3;Milik Sendiri;Tidak
MHS01010;Tinggi;> Rp5.000.000;3;Orang Tua;Tidak;Tidak Ada;5;Milik Sendiri;Tidak
MHS01011;Tinggi;> Rp5.000.000;3;Beasiswa;Ya;Beasiswa Prestasi Akademik (PPA);8;Milik Sendiri;Tidak
MHS01012;Rendah;Rp1.000.000 - Rp3.000.000;4;Beasiswa;Ya;KIP-Kuliah;5;Sewa;Ya
MHS01013;Menengah;> Rp5.000.000;2;Orang Tua;Ya;Beasiswa Daerah;6;Milik Sendiri;Tidak
MHS01014;Menengah;Rp3.000.000 - Rp5.000.000;7;Orang Tua;Tidak;Tidak Ada;5;Milik Sendiri;Tidak
MHS01015;Tinggi;> Rp5.000.000;4;Orang Tua;Tidak;Tidak Ada;8;Milik Sendiri;Tidak
MHS01016;Rendah;< Rp1.000.000;5;Orang Tua;Ya;Beasiswa Prestasi Akademik (PPA);1;Sewa;Tidak
MHS01017;Rendah;Rp1.000.000 - Rp3.000.000;6;Beasiswa;Ya;KIP-Kuliah;4;Menumpang;Tidak
MHS01018;Rendah;Rp3.000.000 - Rp5.000.000;6;Beasiswa;Ya;Beasiswa Prestasi Akademik (PPA);5;Milik Sendiri;Tidak
MHS01019;Menengah;> Rp5.000.000;3;Orang Tua;Tidak;Tidak Ada;4;Menumpang;Tidak
MHS01020;Menengah;Rp1.000.000 - Rp3.000.000;5;Orang Tua;Tidak;Tidak Ada;4;Sewa;Tidak
MHS01021;Menengah;Rp3.000.000 - Rp5.000.000;2;Beasiswa;Ya;Beasiswa Prestasi Akademik (PPA);5;Menumpang;Tidak
MHS01022;Tinggi;> Rp5.000.000;2;Orang Tua;Tidak;Tidak Ada;7;Milik Sendiri;Tidak
MHS01023;Menengah;Rp3.000.000 - Rp5.000.000;4;Orang Tua;Tidak;Tidak Ada;4;Sewa;Tidak
MHS01024;Menengah;Rp1.000.000 - Rp3.000.000;7;Kerja Sendiri (part-time);Tidak;Tidak Ada;2;Menumpang;Ya
MHS01025;Menengah;Rp1.000.000 - Rp3.000.000;3;Orang Tua;Ya;Beasiswa Prestasi Akademik (PPA);5;Sewa;Tidak
MHS01026;Rendah;< Rp1.000.000;3;Kerja Sendiri (part-time);Ya;KIP-Kuliah;1;Menumpang;Ya
MHS01027;Menengah;< Rp1.000.000;5;Pinjaman/Kredit Pendidikan;Tidak;Tidak Ada;3;Menumpang;Tidak
MHS01028;Rendah;Rp1.000.000 - Rp3.000.000;4;Orang Tua;Tidak;Tidak Ada;4;Menumpang;Ya
MHS01029;Tinggi;> Rp5.000.000;6;Orang Tua;Ya;Beasiswa Prestasi Akademik (PPA);6;Milik Sendiri;Tidak
MHS01030;Menengah;Rp3.000.000 - Rp5.000.000;3;Orang Tua;Ya;KIP-Kuliah;7;Milik Sendiri;Ya
MHS01031;Menengah;Rp3.000.000 - Rp5.000.000;2;Orang Tua;Ya;Beasiswa Prestasi Akademik (PPA);3;Menumpang;Tidak
MHS01032;Rendah;Rp1.000.000 - Rp3.000.000;8;Beasiswa;Ya;KIP-Kuliah;3;Sewa;Ya
MHS01033;Menengah;Rp3.000.000 - Rp5.000.000;8;Beasiswa;Ya;KIP-Kuliah;3;Sewa;Tidak
MHS01034;Rendah;Rp1.000.000 - Rp3.000.000;5;Orang Tua;Ya;Beasiswa Prestasi Akademik (PPA);4;Sewa;Tidak
MHS01035;Menengah;Rp3.000.000 - Rp5.000.000;3;Orang Tua;Tidak;Tidak Ada;5;Milik Sendiri;Tidak
MHS01036;Menengah;Rp3.000.000 - Rp5.000.000;7;Orang Tua;Tidak;Tidak Ada;5;Milik Sendiri;Tidak
MHS01037;Menengah;Rp1.000.000 - Rp3.000.000;2;Orang Tua;Tidak;Tidak Ada;4;Milik Sendiri;Tidak
MHS01038;Tinggi;> Rp5.000.000;4;Orang Tua;Tidak;Tidak Ada;8;Milik Sendiri;Tidak
MHS01039;Rendah;Rp1.000.000 - Rp3.000.000;4;Orang Tua;Tidak;Tidak Ada;4;Sewa;Tidak
MHS01040;Menengah;< Rp1.000.000;5;Beasiswa;Ya;KIP-Kuliah;3;Menumpang;Tidak
MHS01041;Menengah;Rp1.000.000 - Rp3.000.000;5;Kerja Sendiri (part-time);Tidak;Tidak Ada;4;Sewa;Ya
MHS01042;Rendah;Rp1.000.000 - Rp3.000.000;4;Beasiswa;Ya;KIP-Kuliah;3;Menumpang;Ya
MHS01043;Tinggi;Rp3.000.000 - Rp5.000.000;2;Orang Tua;Tidak;Tidak Ada;6;Milik Sendiri;Tidak
MHS01044;Menengah;Rp1.000.000 - Rp3.000.000;5;Pinjaman/Kredit Pendidikan;Tidak;Tidak Ada;4;Sewa;Tidak
MHS01045;Menengah;Rp1.000.000 - Rp3.000.000;4;Orang Tua;Tidak;Tidak Ada;6;Menumpang;Tidak
MHS01046;Rendah;Rp1.000.000 - Rp3.000.000;5;Kerja Sendiri (part-time);Tidak;Tidak Ada;3;Sewa;Ya
MHS01047;Menengah;< Rp1.000.000;3;Kerja Sendiri (part-time);Ya;KIP-Kuliah;2;Menumpang;Tidak
MHS01048;Menengah;Rp1.000.000 - Rp3.000.000;5;Orang Tua;Tidak;Tidak Ada;5;Sewa;Tidak
MHS01049;Menengah;Rp3.000.000 - Rp5.000.000;4;Orang Tua;Ya;Beasiswa Prestasi Akademik (PPA);5;Milik Sendiri;Tidak
MHS01050;Menengah;Rp1.000.000 - Rp3.000.000;9;Kerja Sendiri (part-time);Tidak;Tidak Ada;5;Sewa;Ya
MHS01051;Menengah;Rp3.000.000 - Rp5.000.000;4;Orang Tua;Tidak;Tidak Ada;6;Menumpang;Tidak
MHS01052;Rendah;< Rp1.000.000;7;Kerja Sendiri (part-time);Tidak;Tidak Ada;2;Sewa;Ya
MHS01053;Tinggi;> Rp5.000.000;6;Orang Tua;Tidak;Tidak Ada;8;Milik Sendiri;Tidak
MHS01054;Tinggi;Rp3.000.000 - Rp5.000.000;5;Beasiswa;Ya;Beasiswa Prestasi Akademik (PPA);6;Milik Sendiri;Tidak
MHS01055;Menengah;Rp3.000.000 - Rp5.000.000;3;Beasiswa;Ya;KIP-Kuliah;3;Milik Sendiri;Tidak
MHS01056;Rendah;< Rp1.000.000;5;Beasiswa;Ya;KIP-Kuliah;2;Menumpang;Tidak
MHS01057;Rendah;< Rp1.000.000;5;Beasiswa;Ya;KIP-Kuliah;2;Menumpang;Tidak
MHS01058;Tinggi;> Rp5.000.000;5;Orang Tua;Tidak;Tidak Ada;6;Milik Sendiri;Tidak
MHS01059;Menengah;Rp1.000.000 - Rp3.000.000;5;Orang Tua;Tidak;Tidak Ada;5;Sewa;Tidak
MHS01060;Tinggi;Rp3.000.000 - Rp5.000.000;1;Orang Tua;Tidak;Tidak Ada;4;Milik Sendiri;Ya
MHS01061;Tinggi;> Rp5.000.000;6;Orang Tua;Tidak;Tidak Ada;5;Milik Sendiri;Tidak
MHS01062;Tinggi;> Rp5.000.000;5;Orang Tua;Tidak;Tidak Ada;6;Menumpang;Tidak
MHS01063;Menengah;Rp1.000.000 - Rp3.000.000;2;Orang Tua;Tidak;Tidak Ada;6;Milik Sendiri;Tidak
MHS01064;Menengah;Rp3.000.000 - Rp5.000.000;3;Orang Tua;Tidak;Tidak Ada;4;Sewa;Tidak
MHS01065;Menengah;Rp1.000.000 - Rp3.000.000;2;Pinjaman/Kredit Pendidikan;Tidak;Tidak Ada;5;Sewa;Tidak
MHS01066;Tinggi;> Rp5.000.000;3;Orang Tua;Tidak;Tidak Ada;7;Milik Sendiri;Tidak
MHS01067;Menengah;Rp1.000.000 - Rp3.000.000;4;Beasiswa;Ya;KIP-Kuliah;4;Menumpang;Tidak
MHS01068;Menengah;Rp1.000.000 - Rp3.000.000;2;Beasiswa;Ya;Beasiswa Prestasi Akademik (PPA);4;Milik Sendiri;Tidak
MHS01069;Menengah;< Rp1.000.000;2;Kerja Sendiri (part-time);Tidak;Tidak Ada;2;Menumpang;Tidak
MHS01070;Menengah;Rp1.000.000 - Rp3.000.000;6;Orang Tua;Tidak;Tidak Ada;3;Milik Sendiri;Ya
MHS01071;Rendah;Rp1.000.000 - Rp3.000.000;3;Orang Tua;Tidak;Tidak Ada;3;Menumpang;Ya
MHS01072;Menengah;Rp3.000.000 - Rp5.000.000;7;Kerja Sendiri (part-time);Tidak;Tidak Ada;2;Milik Sendiri;Ya
MHS01073;Rendah;< Rp1.000.000;9;Beasiswa;Ya;KIP-Kuliah;1;Sewa;Tidak
MHS01074;Menengah;Rp1.000.000 - Rp3.000.000;3;Orang Tua;Tidak;Tidak Ada;4;Menumpang;Tidak
MHS01075;Tinggi;> Rp5.000.000;3;Orang Tua;Tidak;Tidak Ada;5;Milik Sendiri;Tidak
MHS01076;Rendah;Rp1.000.000 - Rp3.000.000;4;Beasiswa;Ya;KIP-Kuliah;2;Menumpang;Ya
MHS01077;Tinggi;Rp3.000.000 - Rp5.000.000;2;Orang Tua;Tidak;Tidak Ada;6;Milik Sendiri;Tidak
MHS01078;Tinggi;> Rp5.000.000;2;Orang Tua;Tidak;Tidak Ada;6;Milik Sendiri;Ya
MHS01079;Tinggi;> Rp5.000.000;5;Orang Tua;Tidak;Tidak Ada;8;Sewa;Tidak
MHS01080;Tinggi;> Rp5.000.000;1;Orang Tua;Tidak;Tidak Ada;7;Milik Sendiri;Tidak
MHS01081;Menengah;Rp1.000.000 - Rp3.000.000;5;Orang Tua;Tidak;Tidak Ada;5;Sewa;Tidak
MHS01082;Rendah;< Rp1.000.000;5;Orang Tua;Tidak;Tidak Ada;2;Sewa;Ya
MHS01083;Tinggi;> Rp5.000.000;2;Orang Tua;Tidak;Tidak Ada;8;Milik Sendiri;Tidak
MHS01084;Menengah;Rp1.000.000 - Rp3.000.000;8;Orang Tua;Tidak;Tidak Ada;2;Sewa;Ya
MHS01085;Tinggi;Rp3.000.000 - Rp5.000.000;3;Kerja Sendiri (part-time);Tidak;Tidak Ada;6;Milik Sendiri;Tidak
MHS01086;Menengah;Rp3.000.000 - Rp5.000.000;2;Beasiswa;Ya;Beasiswa Prestasi Akademik (PPA);7;Milik Sendiri;Tidak
MHS01087;Menengah;Rp1.000.000 - Rp3.000.000;6;Beasiswa;Ya;KIP-Kuliah;2;Sewa;Ya
MHS01088;Rendah;Rp1.000.000 - Rp3.000.000;5;Beasiswa;Ya;KIP-Kuliah;4;Menumpang;Ya
MHS01089;Tinggi;> Rp5.000.000;2;Orang Tua;Tidak;Tidak Ada;8;Milik Sendiri;Tidak
MHS01090;Menengah;Rp3.000.000 - Rp5.000.000;6;Orang Tua;Tidak;Tidak Ada;5;Sewa;Tidak
MHS01091;Tinggi;> Rp5.000.000;3;Orang Tua;Tidak;Tidak Ada;5;Milik Sendiri;Tidak
MHS01092;Rendah;< Rp1.000.000;6;Beasiswa;Ya;KIP-Kuliah;1;Menumpang;Ya
MHS01093;Tinggi;Rp3.000.000 - Rp5.000.000;2;Orang Tua;Tidak;Tidak Ada;5;Milik Sendiri;Tidak
MHS01094;Tinggi;> Rp5.000.000;4;Beasiswa;Ya;Beasiswa Swasta/CSR;8;Milik Sendiri;Tidak
MHS01095;Menengah;Rp1.000.000 - Rp3.000.000;1;Orang Tua;Tidak;Tidak Ada;5;Sewa;Ya
MHS01096;Rendah;Rp1.000.000 - Rp3.000.000;3;Beasiswa;Ya;KIP-Kuliah;2;Milik Sendiri;Ya
MHS01097;Tinggi;Rp3.000.000 - Rp5.000.000;1;Orang Tua;Tidak;Tidak Ada;4;Milik Sendiri;Ya
MHS01098;Menengah;Rp1.000.000 - Rp3.000.000;3;Orang Tua;Tidak;Tidak Ada;5;Milik Sendiri;Tidak
MHS01099;Menengah;Rp1.000.000 - Rp3.000.000;5;Orang Tua;Ya;Beasiswa Swasta/CSR;3;Menumpang;Tidak
MHS01100;Tinggi;Rp3.000.000 - Rp5.000.000;1;Orang Tua;Tidak;Tidak Ada;6;Milik Sendiri;Tidak
MHS01101;Rendah;Rp1.000.000 - Rp3.000.000;1;Beasiswa;Ya;KIP-Kuliah;1;Sewa;Tidak
MHS01102;Menengah;> Rp5.000.000;3;Orang Tua;Tidak;Tidak Ada;6;Milik Sendiri;Tidak
MHS01103;Menengah;Rp3.000.000 - Rp5.000.000;3;Orang Tua;Tidak;Tidak Ada;5;Milik Sendiri;Tidak
MHS01104;Rendah;< Rp1.000.000;7;Beasiswa;Ya;KIP-Kuliah;3;Menumpang;Ya
MHS01105;Menengah;Rp1.000.000 - Rp3.000.000;3;Beasiswa;Ya;Beasiswa Prestasi Akademik (PPA);5;Menumpang;Tidak
MHS01106;Menengah;Rp3.000.000 - Rp5.000.000;3;Orang Tua;Tidak;Tidak Ada;5;Menumpang;Tidak
MHS01107;Tinggi;> Rp5.000.000;5;Orang Tua;Tidak;Tidak Ada;8;Milik Sendiri;Tidak
MHS01108;Menengah;Rp1.000.000 - Rp3.000.000;5;Orang Tua;Tidak;Tidak Ada;3;Sewa;Tidak
MHS01109;Rendah;< Rp1.000.000;5;Beasiswa;Ya;KIP-Kuliah;3;Menumpang;Tidak
MHS01110;Tinggi;> Rp5.000.000;4;Orang Tua;Ya;Beasiswa Prestasi Akademik (PPA);7;Milik Sendiri;Tidak
MHS01111;Tinggi;Rp3.000.000 - Rp5.000.000;5;Orang Tua;Tidak;Tidak Ada;4;Sewa;Tidak
MHS01112;Menengah;Rp1.000.000 - Rp3.000.000;6;Beasiswa;Ya;KIP-Kuliah;3;Menumpang;Tidak
MHS01113;Menengah;> Rp5.000.000;4;Orang Tua;Tidak;Tidak Ada;6;Menumpang;Tidak
MHS01114;Menengah;Rp1.000.000 - Rp3.000.000;6;Orang Tua;Tidak;Tidak Ada;4;Milik Sendiri;Tidak
MHS01115;Menengah;Rp1.000.000 - Rp3.000.000;6;Beasiswa;Ya;KIP-Kuliah;2;Menumpang;Ya
MHS01116;Rendah;< Rp1.000.000;4;Orang Tua;Ya;KIP-Kuliah;2;Sewa;Tidak
MHS01117;Tinggi;> Rp5.000.000;2;Orang Tua;Tidak;Tidak Ada;7;Milik Sendiri;Ya
MHS01118;Menengah;Rp3.000.000 - Rp5.000.000;4;Orang Tua;Tidak;Tidak Ada;2;Menumpang;Tidak
MHS01119;Menengah;Rp1.000.000 - Rp3.000.000;3;Beasiswa;Ya;Beasiswa Daerah;4;Sewa;Ya
MHS01120;Tinggi;Rp1.000.000 - Rp3.000.000;5;Beasiswa;Ya;KIP-Kuliah;4;Menumpang;Tidak
MHS01121;Menengah;Rp1.000.000 - Rp3.000.000;3;Orang Tua;Tidak;Tidak Ada;5;Milik Sendiri;Tidak
MHS01122;Tinggi;Rp3.000.000 - Rp5.000.000;3;Orang Tua;Tidak;Tidak Ada;6;Sewa;Ya
MHS01123;Menengah;Rp1.000.000 - Rp3.000.000;9;Orang Tua;Tidak;Tidak Ada;3;Menumpang;Tidak
MHS01124;Menengah;Rp3.000.000 - Rp5.000.000;7;Pinjaman/Kredit Pendidikan;Ya;KIP-Kuliah;3;Menumpang;Ya
MHS01125;Rendah;Rp1.000.000 - Rp3.000.000;2;Beasiswa;Ya;KIP-Kuliah;2;Menumpang;Tidak
MHS01126;Rendah;Rp1.000.000 - Rp3.000.000;4;Orang Tua;Ya;Beasiswa Prestasi Akademik (PPA);5;Milik Sendiri;Tidak
MHS01127;Rendah;< Rp1.000.000;4;Beasiswa;Ya;Beasiswa Prestasi Akademik (PPA);2;Menumpang;Ya
MHS01128;Menengah;> Rp5.000.000;4;Orang Tua;Tidak;Tidak Ada;4;Milik Sendiri;Tidak
MHS01129;Rendah;< Rp1.000.000;5;Beasiswa;Ya;KIP-Kuliah;1;Menumpang;Tidak
MHS01130;Tinggi;> Rp5.000.000;2;Orang Tua;Tidak;Tidak Ada;7;Milik Sendiri;Tidak
MHS01131;Rendah;< Rp1.000.000;4;Beasiswa;Ya;KIP-Kuliah;2;Menumpang;Ya
MHS01132;Menengah;< Rp1.000.000;5;Orang Tua;Tidak;Tidak Ada;4;Menumpang;Tidak
MHS01133;Tinggi;> Rp5.000.000;5;Orang Tua;Tidak;Tidak Ada;6;Milik Sendiri;Ya
MHS01134;Menengah;Rp3.000.000 - Rp5.000.000;7;Orang Tua;Tidak;Tidak Ada;5;Milik Sendiri;Tidak
MHS01135;Menengah;Rp3.000.000 - Rp5.000.000;2;Orang Tua;Tidak;Tidak Ada;5;Milik Sendiri;Ya
MHS01136;Menengah;Rp3.000.000 - Rp5.000.000;3;Orang Tua;Tidak;Tidak Ada;4;Sewa;Tidak
MHS01137;Menengah;Rp3.000.000 - Rp5.000.000;6;Orang Tua;Tidak;Tidak Ada;4;Milik Sendiri;Tidak
MHS01138;Tinggi;> Rp5.000.000;1;Orang Tua;Tidak;Tidak Ada;5;Menumpang;Tidak
MHS01139;Tinggi;> Rp5.000.000;3;Orang Tua;Tidak;Tidak Ada;5;Milik Sendiri;Ya
MHS01140;Rendah;Rp1.000.000 - Rp3.000.000;2;Orang Tua;Tidak;Tidak Ada;1;Menumpang;Tidak
MHS01141;Menengah;Rp3.000.000 - Rp5.000.000;2;Orang Tua;Tidak;Tidak Ada;5;Sewa;Ya
MHS01142;Menengah;Rp1.000.000 - Rp3.000.000;2;Orang Tua;Tidak;Tidak Ada;5;Sewa;Tidak
MHS01143;Tinggi;Rp3.000.000 - Rp5.000.000;7;Orang Tua;Tidak;Tidak Ada;7;Sewa;Tidak
MHS01144;Menengah;Rp3.000.000 - Rp5.000.000;7;Kerja Sendiri (part-time);Ya;Beasiswa Prestasi Akademik (PPA);7;Milik Sendiri;Ya
MHS01145;Tinggi;> Rp5.000.000;1;Beasiswa;Ya;KIP-Kuliah;6;Milik Sendiri;Tidak
MHS01146;Menengah;Rp3.000.000 - Rp5.000.000;6;Orang Tua;Tidak;Tidak Ada;6;Milik Sendiri;Tidak
MHS01147;Menengah;Rp3.000.000 - Rp5.000.000;2;Orang Tua;Tidak;Tidak Ada;4;Milik Sendiri;Tidak
MHS01148;Tinggi;> Rp5.000.000;3;Kerja Sendiri (part-time);Tidak;Tidak Ada;8;Milik Sendiri;Ya
MHS01149;Menengah;Rp1.000.000 - Rp3.000.000;4;Orang Tua;Tidak;Tidak Ada;4;Sewa;Tidak
MHS01150;Menengah;Rp1.000.000 - Rp3.000.000;9;Orang Tua;Tidak;Tidak Ada;5;Milik Sendiri;Tidak
MHS01151;Menengah;Rp1.000.000 - Rp3.000.000;6;Orang Tua;Tidak;Tidak Ada;3;Menumpang;Tidak
MHS01152;Menengah;> Rp5.000.000;3;Kerja Sendiri (part-time);Tidak;Tidak Ada;5;Milik Sendiri;Ya
MHS01153;Tinggi;Rp3.000.000 - Rp5.000.000;5;Beasiswa;Ya;Beasiswa Daerah;4;Milik Sendiri;Tidak
MHS01154;Menengah;Rp3.000.000 - Rp5.000.000;3;Orang Tua;Tidak;Tidak Ada;6;Milik Sendiri;Ya
MHS01155;Menengah;Rp1.000.000 - Rp3.000.000;2;Orang Tua;Ya;Beasiswa Prestasi Akademik (PPA);3;Menumpang;Tidak
MHS01156;Tinggi;Rp3.000.000 - Rp5.000.000;6;Orang Tua;Tidak;Tidak Ada;7;Milik Sendiri;Tidak
MHS01157;Menengah;Rp1.000.000 - Rp3.000.000;4;Orang Tua;Tidak;Tidak Ada;5;Milik Sendiri;Tidak
MHS01158;Menengah;< Rp1.000.000;3;Beasiswa;Ya;KIP-Kuliah;3;Menumpang;Tidak
MHS01159;Rendah;Rp1.000.000 - Rp3.000.000;6;Beasiswa;Ya;KIP-Kuliah;1;Menumpang;Ya
MHS01160;Tinggi;> Rp5.000.000;3;Orang Tua;Tidak;Tidak Ada;8;Milik Sendiri;Tidak
MHS01161;Tinggi;> Rp5.000.000;5;Orang Tua;Tidak;Tidak Ada;6;Milik Sendiri;Ya
MHS01162;Menengah;Rp3.000.000 - Rp5.000.000;6;Orang Tua;Tidak;Tidak Ada;4;Milik Sendiri;Tidak
MHS01163;Menengah;Rp1.000.000 - Rp3.000.000;4;Orang Tua;Tidak;Tidak Ada;4;Milik Sendiri;Tidak
MHS01164;Rendah;< Rp1.000.000;3;Beasiswa;Ya;KIP-Kuliah;3;Menumpang;Tidak
MHS01165;Menengah;Rp1.000.000 - Rp3.000.000;2;Orang Tua;Tidak;Tidak Ada;3;Sewa;Tidak
MHS01166;Rendah;Rp1.000.000 - Rp3.000.000;5;Orang Tua;Tidak;Tidak Ada;3;Sewa;Tidak
MHS01167;Rendah;Rp1.000.000 - Rp3.000.000;5;Orang Tua;Ya;KIP-Kuliah;5;Menumpang;Tidak
MHS01168;Menengah;Rp3.000.000 - Rp5.000.000;5;Orang Tua;Tidak;Tidak Ada;6;Sewa;Tidak
MHS01169;Menengah;Rp1.000.000 - Rp3.000.000;8;Beasiswa;Ya;Beasiswa Daerah;6;Sewa;Tidak
MHS01170;Rendah;Rp1.000.000 - Rp3.000.000;5;Beasiswa;Ya;KIP-Kuliah;3;Milik Sendiri;Tidak
MHS01171;Tinggi;> Rp5.000.000;6;Orang Tua;Tidak;Tidak Ada;6;Milik Sendiri;Tidak
MHS01172;Tinggi;> Rp5.000.000;5;Orang Tua;Tidak;Tidak Ada;8;Milik Sendiri;Tidak
MHS01173;Rendah;< Rp1.000.000;3;Beasiswa;Ya;KIP-Kuliah;3;Sewa;Tidak
MHS01174;Tinggi;> Rp5.000.000;2;Orang Tua;Tidak;Tidak Ada;8;Milik Sendiri;Tidak
MHS01175;Rendah;< Rp1.000.000;5;Orang Tua;Tidak;Tidak Ada;4;Sewa;Tidak
MHS01176;Menengah;Rp3.000.000 - Rp5.000.000;4;Orang Tua;Tidak;Tidak Ada;3;Milik Sendiri;Tidak
MHS01177;Tinggi;> Rp5.000.000;1;Orang Tua;Tidak;Tidak Ada;6;Milik Sendiri;Ya
MHS01178;Tinggi;> Rp5.000.000;1;Orang Tua;Tidak;Tidak Ada;6;Milik Sendiri;Tidak
MHS01179;Rendah;Rp1.000.000 - Rp3.000.000;4;Orang Tua;Tidak;Tidak Ada;4;Menumpang;Tidak
MHS01180;Rendah;< Rp1.000.000;6;Beasiswa;Ya;KIP-Kuliah;3;Menumpang;Ya
MHS01181;Menengah;Rp1.000.000 - Rp3.000.000;3;Beasiswa;Ya;KIP-Kuliah;3;Sewa;Tidak
MHS01182;Tinggi;> Rp5.000.000;6;Orang Tua;Tidak;Tidak Ada;5;Milik Sendiri;Tidak
MHS01183;Rendah;Rp1.000.000 - Rp3.000.000;5;Beasiswa;Ya;KIP-Kuliah;1;Menumpang;Ya
MHS01184;Tinggi;> Rp5.000.000;5;Orang Tua;Ya;Beasiswa Prestasi Akademik (PPA);7;Milik Sendiri;Ya
MHS01185;Menengah;Rp1.000.000 - Rp3.000.000;6;Beasiswa;Ya;Beasiswa Prestasi Akademik (PPA);5;Menumpang;Tidak
MHS01186;Menengah;Rp3.000.000 - Rp5.000.000;3;Orang Tua;Tidak;Tidak Ada;3;Milik Sendiri;Ya
MHS01187;Menengah;Rp1.000.000 - Rp3.000.000;2;Orang Tua;Tidak;Tidak Ada;2;Milik Sendiri;Tidak
MHS01188;Menengah;Rp3.000.000 - Rp5.000.000;3;Orang Tua;Tidak;Tidak Ada;4;Milik Sendiri;Ya
MHS01189;Tinggi;> Rp5.000.000;3;Orang Tua;Tidak;Tidak Ada;8;Milik Sendiri;Tidak
MHS01190;Menengah;Rp1.000.000 - Rp3.000.000;3;Beasiswa;Ya;KIP-Kuliah;3;Milik Sendiri;Tidak
MHS01191;Menengah;Rp1.000.000 - Rp3.000.000;4;Beasiswa;Ya;KIP-Kuliah;4;Milik Sendiri;Ya
MHS01192;Menengah;Rp3.000.000 - Rp5.000.000;3;Orang Tua;Tidak;Tidak Ada;6;Milik Sendiri;Tidak
MHS01193;Tinggi;> Rp5.000.000;4;Orang Tua;Tidak;Tidak Ada;7;Milik Sendiri;Ya
MHS01194;Menengah;Rp3.000.000 - Rp5.000.000;4;Orang Tua;Ya;Beasiswa Prestasi Akademik (PPA);5;Sewa;Tidak
MHS01195;Tinggi;Rp3.000.000 - Rp5.000.000;4;Beasiswa;Ya;Beasiswa Prestasi Akademik (PPA);7;Milik Sendiri;Tidak
MHS01196;Rendah;Rp1.000.000 - Rp3.000.000;3;Beasiswa;Ya;KIP-Kuliah;4;Milik Sendiri;Tidak
MHS01197;Menengah;Rp1.000.000 - Rp3.000.000;3;Orang Tua;Tidak;Tidak Ada;6;Sewa;Tidak
MHS01198;Tinggi;Rp3.000.000 - Rp5.000.000;6;Orang Tua;Tidak;Tidak Ada;4;Sewa;Tidak
MHS01199;Menengah;Rp1.000.000 - Rp3.000.000;3;Orang Tua;Tidak;Tidak Ada;5;Milik Sendiri;Ya
MHS01200;Rendah;< Rp1.000.000;8;Orang Tua;Ya;Beasiswa Prestasi Akademik (PPA);3;Sewa;Tidak
MHS01201;Menengah;Rp1.000.000 - Rp3.000.000;5;Pinjaman/Kredit Pendidikan;Tidak;Tidak Ada;4;Sewa;Tidak
MHS01202;Menengah;Rp1.000.000 - Rp3.000.000;6;Kerja Sendiri (part-time);Tidak;Tidak Ada;4;Sewa;Ya
MHS01203;Menengah;< Rp1.000.000;5;Orang Tua;Tidak;Tidak Ada;3;Milik Sendiri;Ya
MHS01204;Menengah;Rp3.000.000 - Rp5.000.000;5;Orang Tua;Tidak;Tidak Ada;4;Sewa;Ya
MHS01205;Tinggi;Rp3.000.000 - Rp5.000.000;4;Orang Tua;Tidak;Tidak Ada;6;Milik Sendiri;Tidak
MHS01206;Menengah;Rp1.000.000 - Rp3.000.000;2;Beasiswa;Ya;KIP-Kuliah;5;Milik Sendiri;Ya
MHS01207;Menengah;Rp3.000.000 - Rp5.000.000;5;Orang Tua;Tidak;Tidak Ada;4;Sewa;Tidak
MHS01208;Tinggi;Rp3.000.000 - Rp5.000.000;2;Orang Tua;Tidak;Tidak Ada;7;Milik Sendiri;Tidak
MHS01209;Menengah;Rp1.000.000 - Rp3.000.000;2;Orang Tua;Ya;Beasiswa Prestasi Akademik (PPA);6;Milik Sendiri;Tidak
MHS01210;Menengah;Rp1.000.000 - Rp3.000.000;7;Kerja Sendiri (part-time);Tidak;Tidak Ada;3;Sewa;Ya
MHS01211;Menengah;Rp3.000.000 - Rp5.000.000;4;Orang Tua;Tidak;Tidak Ada;7;Sewa;Tidak
MHS01212;Rendah;Rp1.000.000 - Rp3.000.000;4;Kerja Sendiri (part-time);Tidak;Tidak Ada;4;Menumpang;Ya
MHS01213;Rendah;< Rp1.000.000;4;Kerja Sendiri (part-time);Tidak;Tidak Ada;4;Sewa;Tidak
MHS01214;Menengah;< Rp1.000.000;9;Orang Tua;Ya;Beasiswa Swasta/CSR;3;Menumpang;Tidak
MHS01215;Menengah;> Rp5.000.000;2;Orang Tua;Tidak;Tidak Ada;7;Milik Sendiri;Tidak
MHS01216;Menengah;Rp3.000.000 - Rp5.000.000;4;Kerja Sendiri (part-time);Tidak;Tidak Ada;5;Milik Sendiri;Ya
MHS01217;Tinggi;> Rp5.000.000;4;Orang Tua;Tidak;Tidak Ada;7;Milik Sendiri;Ya
MHS01218;Menengah;Rp3.000.000 - Rp5.000.000;3;Orang Tua;Tidak;Tidak Ada;5;Sewa;Tidak
MHS01219;Rendah;Rp1.000.000 - Rp3.000.000;3;Kerja Sendiri (part-time);Tidak;Tidak Ada;3;Sewa;Ya
MHS01220;Tinggi;> Rp5.000.000;3;Orang Tua;Ya;Beasiswa Prestasi Akademik (PPA);7;Milik Sendiri;Tidak
MHS01221;Menengah;Rp1.000.000 - Rp3.000.000;4;Beasiswa;Ya;Beasiswa Swasta/CSR;3;Menumpang;Ya
MHS01222;Menengah;Rp3.000.000 - Rp5.000.000;3;Orang Tua;Tidak;Tidak Ada;5;Milik Sendiri;Tidak
MHS01223;Rendah;< Rp1.000.000;2;Beasiswa;Ya;KIP-Kuliah;2;Sewa;Tidak
MHS01224;Menengah;Rp1.000.000 - Rp3.000.000;2;Beasiswa;Ya;KIP-Kuliah;5;Sewa;Ya
MHS01225;Rendah;< Rp1.000.000;7;Kerja Sendiri (part-time);Ya;KIP-Kuliah;1;Menumpang;Ya
MHS01226;Menengah;Rp3.000.000 - Rp5.000.000;4;Beasiswa;Ya;Beasiswa Prestasi Akademik (PPA);7;Milik Sendiri;Tidak
MHS01227;Tinggi;> Rp5.000.000;4;Orang Tua;Tidak;Tidak Ada;7;Milik Sendiri;Tidak
MHS01228;Menengah;Rp3.000.000 - Rp5.000.000;2;Orang Tua;Tidak;Tidak Ada;5;Milik Sendiri;Tidak
MHS01229;Menengah;Rp3.000.000 - Rp5.000.000;8;Orang Tua;Ya;Beasiswa Swasta/CSR;5;Milik Sendiri;Tidak
MHS01230;Tinggi;Rp3.000.000 - Rp5.000.000;5;Orang Tua;Tidak;Tidak Ada;6;Milik Sendiri;Tidak
MHS01231;Tinggi;> Rp5.000.000;3;Orang Tua;Tidak;Tidak Ada;6;Milik Sendiri;Tidak
MHS01232;Rendah;Rp1.000.000 - Rp3.000.000;5;Orang Tua;Tidak;Tidak Ada;3;Milik Sendiri;Ya
MHS01233;Menengah;Rp1.000.000 - Rp3.000.000;8;Kerja Sendiri (part-time);Tidak;Tidak Ada;4;Menumpang;Ya
MHS01234;Menengah;Rp1.000.000 - Rp3.000.000;4;Orang Tua;Tidak;Tidak Ada;6;Sewa;Tidak
MHS01235;Menengah;Rp1.000.000 - Rp3.000.000;2;Orang Tua;Tidak;Tidak Ada;4;Milik Sendiri;Tidak
MHS01236;Menengah;Rp1.000.000 - Rp3.000.000;2;Orang Tua;Tidak;Tidak Ada;4;Sewa;Tidak
MHS01237;Menengah;Rp3.000.000 - Rp5.000.000;6;Orang Tua;Tidak;Tidak Ada;3;Milik Sendiri;Tidak
MHS01238;Menengah;Rp1.000.000 - Rp3.000.000;4;Kerja Sendiri (part-time);Tidak;Tidak Ada;4;Menumpang;Ya
MHS01239;Tinggi;> Rp5.000.000;4;Orang Tua;Tidak;Tidak Ada;6;Sewa;Tidak
MHS01240;Menengah;> Rp5.000.000;4;Orang Tua;Tidak;Tidak Ada;5;Milik Sendiri;Tidak
MHS01241;Tinggi;> Rp5.000.000;4;Orang Tua;Tidak;Tidak Ada;7;Milik Sendiri;Tidak
MHS01242;Menengah;Rp3.000.000 - Rp5.000.000;2;Orang Tua;Tidak;Tidak Ada;5;Milik Sendiri;Tidak
MHS01243;Rendah;Rp1.000.000 - Rp3.000.000;3;Beasiswa;Ya;KIP-Kuliah;3;Menumpang;Ya
MHS01244;Rendah;< Rp1.000.000;6;Kerja Sendiri (part-time);Tidak;Tidak Ada;4;Menumpang;Tidak
MHS01245;Rendah;< Rp1.000.000;4;Beasiswa;Ya;KIP-Kuliah;2;Menumpang;Tidak
MHS01246;Menengah;Rp1.000.000 - Rp3.000.000;4;Orang Tua;Tidak;Tidak Ada;5;Milik Sendiri;Tidak
MHS01247;Menengah;> Rp5.000.000;6;Beasiswa;Ya;Beasiswa Daerah;7;Sewa;Tidak
MHS01248;Tinggi;> Rp5.000.000;3;Orang Tua;Ya;Beasiswa Prestasi Akademik (PPA);7;Sewa;Tidak
MHS01249;Rendah;Rp1.000.000 - Rp3.000.000;5;Orang Tua;Tidak;Tidak Ada;5;Milik Sendiri;Tidak
MHS01250;Menengah;Rp3.000.000 - Rp5.000.000;6;Orang Tua;Tidak;Tidak Ada;4;Milik Sendiri;Tidak
MHS01251;Tinggi;> Rp5.000.000;2;Orang Tua;Tidak;Tidak Ada;7;Milik Sendiri;Tidak
MHS01252;Tinggi;Rp1.000.000 - Rp3.000.000;4;Orang Tua;Tidak;Tidak Ada;5;Milik Sendiri;Tidak
MHS01253;Menengah;Rp1.000.000 - Rp3.000.000;1;Orang Tua;Tidak;Tidak Ada;4;Milik Sendiri;Ya
MHS01254;Tinggi;> Rp5.000.000;1;Orang Tua;Tidak;Tidak Ada;6;Milik Sendiri;Tidak
MHS01255;Tinggi;Rp3.000.000 - Rp5.000.000;1;Orang Tua;Ya;Beasiswa Daerah;6;Milik Sendiri;Tidak
MHS01256;Menengah;Rp3.000.000 - Rp5.000.000;5;Orang Tua;Tidak;Tidak Ada;4;Milik Sendiri;Tidak
MHS01257;Tinggi;> Rp5.000.000;4;Orang Tua;Tidak;Tidak Ada;6;Milik Sendiri;Tidak
MHS01258;Tinggi;> Rp5.000.000;6;Orang Tua;Tidak;Tidak Ada;5;Milik Sendiri;Tidak
MHS01259;Tinggi;> Rp5.000.000;1;Orang Tua;Tidak;Tidak Ada;6;Milik Sendiri;Tidak
MHS01260;Menengah;Rp3.000.000 - Rp5.000.000;4;Orang Tua;Tidak;Tidak Ada;7;Sewa;Ya
MHS01261;Menengah;Rp3.000.000 - Rp5.000.000;3;Beasiswa;Ya;Beasiswa Prestasi Akademik (PPA);5;Menumpang;Tidak
MHS01262;Menengah;Rp3.000.000 - Rp5.000.000;6;Orang Tua;Tidak;Tidak Ada;3;Menumpang;Tidak
MHS01263;Menengah;> Rp5.000.000;6;Orang Tua;Tidak;Tidak Ada;5;Sewa;Tidak
MHS01264;Tinggi;Rp1.000.000 - Rp3.000.000;5;Orang Tua;Tidak;Tidak Ada;5;Milik Sendiri;Tidak
MHS01265;Menengah;Rp3.000.000 - Rp5.000.000;4;Pinjaman/Kredit Pendidikan;Tidak;Tidak Ada;6;Sewa;Tidak
MHS01266;Menengah;Rp1.000.000 - Rp3.000.000;8;Kerja Sendiri (part-time);Tidak;Tidak Ada;3;Sewa;Ya
MHS01267;Menengah;Rp1.000.000 - Rp3.000.000;6;Beasiswa;Ya;KIP-Kuliah;4;Milik Sendiri;Ya
MHS01268;Tinggi;> Rp5.000.000;1;Orang Tua;Tidak;Tidak Ada;7;Milik Sendiri;Tidak
MHS01269;Menengah;Rp3.000.000 - Rp5.000.000;2;Orang Tua;Ya;Beasiswa Swasta/CSR;7;Milik Sendiri;Tidak
MHS01270;Tinggi;> Rp5.000.000;1;Beasiswa;Ya;Beasiswa Prestasi Akademik (PPA);7;Milik Sendiri;Tidak
MHS01271;Rendah;< Rp1.000.000;3;Beasiswa;Ya;KIP-Kuliah;3;Menumpang;Tidak
MHS01272;Menengah;Rp3.000.000 - Rp5.000.000;2;Orang Tua;Tidak;Tidak Ada;4;Sewa;Tidak
MHS01273;Rendah;Rp1.000.000 - Rp3.000.000;5;Beasiswa;Ya;KIP-Kuliah;5;Milik Sendiri;Tidak
MHS01274;Rendah;Rp1.000.000 - Rp3.000.000;5;Orang Tua;Tidak;Tidak Ada;6;Sewa;Tidak
MHS01275;Rendah;< Rp1.000.000;6;Beasiswa;Ya;KIP-Kuliah;1;Sewa;Ya
MHS01276;Menengah;Rp1.000.000 - Rp3.000.000;4;Orang Tua;Tidak;Tidak Ada;5;Menumpang;Tidak
MHS01277;Tinggi;> Rp5.000.000;5;Orang Tua;Tidak;Tidak Ada;6;Sewa;Tidak
MHS01278;Menengah;Rp3.000.000 - Rp5.000.000;1;Kerja Sendiri (part-time);Tidak;Tidak Ada;4;Sewa;Ya
MHS01279;Rendah;Rp1.000.000 - Rp3.000.000;4;Orang Tua;Ya;Beasiswa Prestasi Akademik (PPA);2;Milik Sendiri;Ya
MHS01280;Rendah;< Rp1.000.000;3;Kerja Sendiri (part-time);Tidak;Tidak Ada;4;Sewa;Tidak
MHS01281;Menengah;Rp3.000.000 - Rp5.000.000;6;Orang Tua;Tidak;Tidak Ada;3;Sewa;Tidak
MHS01282;Menengah;Rp1.000.000 - Rp3.000.000;3;Beasiswa;Ya;KIP-Kuliah;3;Menumpang;Tidak
MHS01283;Rendah;< Rp1.000.000;4;Beasiswa;Ya;KIP-Kuliah;3;Menumpang;Tidak
MHS01284;Rendah;< Rp1.000.000;2;Beasiswa;Ya;KIP-Kuliah;2;Sewa;Ya
MHS01285;Tinggi;> Rp5.000.000;1;Orang Tua;Tidak;Tidak Ada;7;Milik Sendiri;Tidak
MHS01286;Tinggi;> Rp5.000.000;3;Orang Tua;Tidak;Tidak Ada;7;Milik Sendiri;Tidak
MHS01287;Rendah;Rp1.000.000 - Rp3.000.000;7;Beasiswa;Ya;KIP-Kuliah;2;Sewa;Ya
MHS01288;Menengah;Rp3.000.000 - Rp5.000.000;4;Orang Tua;Tidak;Tidak Ada;6;Sewa;Tidak
MHS01289;Tinggi;> Rp5.000.000;4;Orang Tua;Ya;Beasiswa Daerah;6;Milik Sendiri;Tidak
MHS01290;Rendah;Rp1.000.000 - Rp3.000.000;1;Beasiswa;Ya;KIP-Kuliah;3;Sewa;Tidak
MHS01291;Menengah;Rp3.000.000 - Rp5.000.000;5;Orang Tua;Tidak;Tidak Ada;7;Milik Sendiri;Ya
MHS01292;Tinggi;> Rp5.000.000;2;Orang Tua;Tidak;Tidak Ada;5;Milik Sendiri;Ya
MHS01293;Rendah;< Rp1.000.000;2;Beasiswa;Ya;KIP-Kuliah;3;Sewa;Ya
MHS01294;Menengah;Rp3.000.000 - Rp5.000.000;5;Orang Tua;Tidak;Tidak Ada;4;Milik Sendiri;Ya
MHS01295;Menengah;Rp1.000.000 - Rp3.000.000;6;Orang Tua;Tidak;Tidak Ada;5;Milik Sendiri;Ya
MHS01296;Menengah;Rp1.000.000 - Rp3.000.000;4;Kerja Sendiri (part-time);Tidak;Tidak Ada;2;Menumpang;Ya
MHS01297;Rendah;< Rp1.000.000;5;Beasiswa;Ya;KIP-Kuliah;2;Sewa;Tidak
MHS01298;Tinggi;> Rp5.000.000;3;Orang Tua;Tidak;Tidak Ada;6;Milik Sendiri;Tidak
MHS01299;Tinggi;Rp3.000.000 - Rp5.000.000;4;Orang Tua;Tidak;Tidak Ada;7;Sewa;Tidak
MHS01300;Tinggi;Rp3.000.000 - Rp5.000.000;3;Beasiswa;Ya;Beasiswa Prestasi Akademik (PPA);6;Milik Sendiri;Tidak
MHS01301;Rendah;< Rp1.000.000;4;Orang Tua;Ya;KIP-Kuliah;1;Menumpang;Tidak
MHS01302;Menengah;Rp3.000.000 - Rp5.000.000;4;Orang Tua;Tidak;Tidak Ada;4;Milik Sendiri;Ya
MHS01303;Rendah;< Rp1.000.000;6;Orang Tua;Ya;KIP-Kuliah;3;Sewa;Tidak
MHS01304;Rendah;Rp1.000.000 - Rp3.000.000;3;Orang Tua;Tidak;Tidak Ada;4;Sewa;Ya
MHS01305;Tinggi;> Rp5.000.000;1;Orang Tua;Tidak;Tidak Ada;5;Sewa;Tidak
MHS01306;Menengah;Rp3.000.000 - Rp5.000.000;6;Orang Tua;Tidak;Tidak Ada;4;Sewa;Ya
MHS01307;Tinggi;Rp3.000.000 - Rp5.000.000;5;Beasiswa;Ya;Beasiswa Prestasi Akademik (PPA);7;Milik Sendiri;Tidak
MHS01308;Menengah;Rp1.000.000 - Rp3.000.000;5;Beasiswa;Ya;KIP-Kuliah;3;Menumpang;Tidak
MHS01309;Menengah;Rp3.000.000 - Rp5.000.000;4;Pinjaman/Kredit Pendidikan;Tidak;Tidak Ada;6;Milik Sendiri;Tidak
MHS01310;Rendah;Rp1.000.000 - Rp3.000.000;6;Orang Tua;Tidak;Tidak Ada;4;Menumpang;Ya
MHS01311;Rendah;< Rp1.000.000;8;Beasiswa;Ya;KIP-Kuliah;2;Menumpang;Ya
MHS01312;Menengah;Rp1.000.000 - Rp3.000.000;2;Orang Tua;Tidak;Tidak Ada;4;Sewa;Tidak
MHS01313;Rendah;< Rp1.000.000;5;Beasiswa;Ya;KIP-Kuliah;1;Milik Sendiri;Ya
MHS01314;Menengah;Rp3.000.000 - Rp5.000.000;6;Orang Tua;Tidak;Tidak Ada;5;Milik Sendiri;Tidak
MHS01315;Menengah;Rp3.000.000 - Rp5.000.000;5;Pinjaman/Kredit Pendidikan;Tidak;Tidak Ada;5;Menumpang;Tidak
MHS01316;Tinggi;Rp3.000.000 - Rp5.000.000;5;Pinjaman/Kredit Pendidikan;Tidak;Tidak Ada;7;Sewa;Tidak
MHS01317;Menengah;Rp3.000.000 - Rp5.000.000;7;Beasiswa;Ya;Beasiswa Prestasi Akademik (PPA);6;Sewa;Tidak
MHS01318;Menengah;Rp1.000.000 - Rp3.000.000;1;Beasiswa;Ya;KIP-Kuliah;4;Milik Sendiri;Tidak
MHS01319;Rendah;< Rp1.000.000;7;Orang Tua;Tidak;Tidak Ada;4;Sewa;Ya
MHS01320;Rendah;< Rp1.000.000;3;Beasiswa;Ya;Beasiswa Daerah;3;Menumpang;Ya
MHS01321;Menengah;Rp1.000.000 - Rp3.000.000;4;Orang Tua;Tidak;Tidak Ada;4;Milik Sendiri;Tidak
MHS01322;Tinggi;Rp3.000.000 - Rp5.000.000;1;Orang Tua;Tidak;Tidak Ada;5;Milik Sendiri;Tidak
MHS01323;Rendah;< Rp1.000.000;9;Beasiswa;Ya;KIP-Kuliah;2;Menumpang;Tidak
MHS01324;Rendah;Rp1.000.000 - Rp3.000.000;7;Beasiswa;Ya;Beasiswa Prestasi Akademik (PPA);4;Milik Sendiri;Tidak
MHS01325;Menengah;Rp3.000.000 - Rp5.000.000;2;Orang Tua;Tidak;Tidak Ada;6;Milik Sendiri;Ya
MHS01326;Tinggi;> Rp5.000.000;5;Orang Tua;Tidak;Tidak Ada;6;Milik Sendiri;Tidak
MHS01327;Tinggi;> Rp5.000.000;5;Orang Tua;Ya;Beasiswa Swasta/CSR;6;Milik Sendiri;Tidak
MHS01328;Tinggi;Rp3.000.000 - Rp5.000.000;4;Orang Tua;Ya;Beasiswa Prestasi Akademik (PPA);4;Milik Sendiri;Tidak
MHS01329;Menengah;Rp3.000.000 - Rp5.000.000;3;Orang Tua;Tidak;Tidak Ada;7;Milik Sendiri;Tidak
MHS01330;Tinggi;> Rp5.000.000;1;Orang Tua;Tidak;Tidak Ada;7;Milik Sendiri;Tidak
MHS01331;Menengah;Rp1.000.000 - Rp3.000.000;7;Orang Tua;Tidak;Tidak Ada;3;Milik Sendiri;Tidak
MHS01332;Tinggi;Rp3.000.000 - Rp5.000.000;3;Beasiswa;Ya;Beasiswa Swasta/CSR;4;Milik Sendiri;Tidak
MHS01333;Menengah;> Rp5.000.000;4;Orang Tua;Tidak;Tidak Ada;7;Milik Sendiri;Tidak
MHS01334;Menengah;< Rp1.000.000;2;Beasiswa;Ya;KIP-Kuliah;3;Sewa;Tidak
MHS01335;Menengah;Rp3.000.000 - Rp5.000.000;9;Beasiswa;Ya;Beasiswa Swasta/CSR;4;Milik Sendiri;Ya
MHS01336;Tinggi;> Rp5.000.000;2;Orang Tua;Tidak;Tidak Ada;5;Milik Sendiri;Tidak
MHS01337;Menengah;Rp1.000.000 - Rp3.000.000;2;Beasiswa;Ya;Beasiswa Prestasi Akademik (PPA);4;Milik Sendiri;Ya
MHS01338;Menengah;Rp1.000.000 - Rp3.000.000;6;Orang Tua;Tidak;Tidak Ada;4;Sewa;Tidak
MHS01339;Menengah;Rp1.000.000 - Rp3.000.000;4;Orang Tua;Tidak;Tidak Ada;6;Sewa;Tidak
MHS01340;Rendah;Rp1.000.000 - Rp3.000.000;4;Orang Tua;Tidak;Tidak Ada;2;Milik Sendiri;Tidak
MHS01341;Menengah;Rp3.000.000 - Rp5.000.000;2;Orang Tua;Tidak;Tidak Ada;5;Milik Sendiri;Tidak
MHS01342;Rendah;Rp1.000.000 - Rp3.000.000;3;Beasiswa;Ya;KIP-Kuliah;3;Sewa;Tidak
MHS01343;Tinggi;Rp3.000.000 - Rp5.000.000;9;Beasiswa;Ya;Beasiswa Prestasi Akademik (PPA);5;Sewa;Tidak
MHS01344;Tinggi;> Rp5.000.000;3;Orang Tua;Tidak;Tidak Ada;6;Milik Sendiri;Tidak
MHS01345;Rendah;< Rp1.000.000;4;Beasiswa;Ya;KIP-Kuliah;1;Sewa;Tidak
MHS01346;Rendah;< Rp1.000.000;4;Beasiswa;Ya;KIP-Kuliah;2;Menumpang;Tidak
MHS01347;Tinggi;> Rp5.000.000;1;Orang Tua;Tidak;Tidak Ada;7;Milik Sendiri;Tidak
MHS01348;Menengah;Rp1.000.000 - Rp3.000.000;2;Orang Tua;Tidak;Tidak Ada;2;Milik Sendiri;Tidak
MHS01349;Rendah;< Rp1.000.000;7;Beasiswa;Ya;KIP-Kuliah;1;Sewa;Ya
MHS01350;Menengah;Rp1.000.000 - Rp3.000.000;2;Orang Tua;Tidak;Tidak Ada;5;Sewa;Tidak
MHS01351;Tinggi;Rp3.000.000 - Rp5.000.000;4;Orang Tua;Tidak;Tidak Ada;5;Milik Sendiri;Tidak
MHS01352;Tinggi;Rp3.000.000 - Rp5.000.000;5;Orang Tua;Tidak;Tidak Ada;6;Milik Sendiri;Tidak
MHS01353;Menengah;Rp3.000.000 - Rp5.000.000;3;Pinjaman/Kredit Pendidikan;Tidak;Tidak Ada;5;Milik Sendiri;Tidak
MHS01354;Tinggi;Rp3.000.000 - Rp5.000.000;4;Orang Tua;Tidak;Tidak Ada;5;Sewa;Tidak
MHS01355;Menengah;Rp1.000.000 - Rp3.000.000;7;Orang Tua;Tidak;Tidak Ada;3;Sewa;Tidak
MHS01356;Tinggi;> Rp5.000.000;4;Orang Tua;Tidak;Tidak Ada;7;Milik Sendiri;Tidak
MHS01357;Menengah;Rp3.000.000 - Rp5.000.000;7;Orang Tua;Tidak;Tidak Ada;5;Milik Sendiri;Tidak
MHS01358;Tinggi;Rp3.000.000 - Rp5.000.000;6;Pinjaman/Kredit Pendidikan;Tidak;Tidak Ada;6;Milik Sendiri;Tidak
MHS01359;Rendah;Rp1.000.000 - Rp3.000.000;5;Beasiswa;Ya;Beasiswa Daerah;2;Sewa;Tidak
MHS01360;Menengah;Rp1.000.000 - Rp3.000.000;3;Orang Tua;Tidak;Tidak Ada;3;Sewa;Tidak
MHS01361;Tinggi;> Rp5.000.000;6;Orang Tua;Tidak;Tidak Ada;7;Milik Sendiri;Tidak
MHS01362;Menengah;Rp3.000.000 - Rp5.000.000;4;Orang Tua;Tidak;Tidak Ada;4;Milik Sendiri;Tidak
MHS01363;Rendah;< Rp1.000.000;4;Beasiswa;Ya;KIP-Kuliah;3;Sewa;Tidak
MHS01364;Menengah;Rp1.000.000 - Rp3.000.000;2;Beasiswa;Ya;Beasiswa Daerah;5;Milik Sendiri;Tidak
MHS01365;Menengah;Rp1.000.000 - Rp3.000.000;6;Orang Tua;Tidak;Tidak Ada;4;Sewa;Ya
MHS01366;Menengah;Rp3.000.000 - Rp5.000.000;7;Orang Tua;Tidak;Tidak Ada;5;Milik Sendiri;Tidak
MHS01367;Menengah;Rp1.000.000 - Rp3.000.000;7;Orang Tua;Tidak;Tidak Ada;3;Sewa;Tidak
MHS01368;Menengah;Rp1.000.000 - Rp3.000.000;5;Orang Tua;Ya;Beasiswa Prestasi Akademik (PPA);5;Sewa;Tidak
MHS01369;Rendah;Rp1.000.000 - Rp3.000.000;8;Beasiswa;Ya;KIP-Kuliah;1;Menumpang;Tidak
MHS01370;Menengah;Rp3.000.000 - Rp5.000.000;2;Orang Tua;Tidak;Tidak Ada;5;Sewa;Tidak
MHS01371;Menengah;Rp3.000.000 - Rp5.000.000;3;Orang Tua;Tidak;Tidak Ada;5;Sewa;Tidak
MHS01372;Menengah;Rp3.000.000 - Rp5.000.000;2;Orang Tua;Ya;Beasiswa Swasta/CSR;6;Milik Sendiri;Tidak
MHS01373;Menengah;Rp1.000.000 - Rp3.000.000;3;Orang Tua;Tidak;Tidak Ada;3;Sewa;Tidak
MHS01374;Tinggi;> Rp5.000.000;8;Orang Tua;Tidak;Tidak Ada;5;Milik Sendiri;Ya
MHS01375;Menengah;Rp3.000.000 - Rp5.000.000;1;Kerja Sendiri (part-time);Tidak;Tidak Ada;5;Milik Sendiri;Ya
MHS01376;Tinggi;> Rp5.000.000;2;Orang Tua;Tidak;Tidak Ada;8;Milik Sendiri;Tidak
MHS01377;Tinggi;> Rp5.000.000;4;Orang Tua;Tidak;Tidak Ada;7;Milik Sendiri;Tidak
MHS01378;Tinggi;Rp3.000.000 - Rp5.000.000;4;Orang Tua;Tidak;Tidak Ada;4;Milik Sendiri;Tidak
MHS01379;Rendah;< Rp1.000.000;6;Beasiswa;Ya;KIP-Kuliah;1;Sewa;Tidak
MHS01380;Rendah;Rp1.000.000 - Rp3.000.000;4;Orang Tua;Tidak;Tidak Ada;4;Sewa;Tidak
MHS01381;Tinggi;> Rp5.000.000;3;Orang Tua;Tidak;Tidak Ada;6;Milik Sendiri;Tidak
MHS01382;Menengah;Rp3.000.000 - Rp5.000.000;5;Beasiswa;Ya;KIP-Kuliah;4;Milik Sendiri;Tidak
MHS01383;Tinggi;Rp3.000.000 - Rp5.000.000;2;Orang Tua;Tidak;Tidak Ada;5;Menumpang;Ya
MHS01384;Menengah;Rp3.000.000 - Rp5.000.000;3;Orang Tua;Tidak;Tidak Ada;4;Milik Sendiri;Tidak
MHS01385;Tinggi;> Rp5.000.000;4;Orang Tua;Tidak;Tidak Ada;7;Sewa;Tidak
MHS01386;Tinggi;> Rp5.000.000;4;Orang Tua;Tidak;Tidak Ada;6;Milik Sendiri;Tidak
MHS01387;Rendah;< Rp1.000.000;6;Beasiswa;Ya;KIP-Kuliah;3;Menumpang;Tidak
MHS01388;Menengah;Rp3.000.000 - Rp5.000.000;5;Beasiswa;Ya;KIP-Kuliah;4;Sewa;Tidak
MHS01389;Menengah;< Rp1.000.000;5;Orang Tua;Ya;Beasiswa Prestasi Akademik (PPA);3;Milik Sendiri;Tidak
MHS01390;Menengah;Rp1.000.000 - Rp3.000.000;5;Kerja Sendiri (part-time);Ya;Beasiswa Swasta/CSR;4;Sewa;Tidak
MHS01391;Tinggi;> Rp5.000.000;2;Orang Tua;Tidak;Tidak Ada;7;Milik Sendiri;Tidak
MHS01392;Rendah;< Rp1.000.000;3;Beasiswa;Ya;KIP-Kuliah;3;Menumpang;Tidak
MHS01393;Rendah;Rp1.000.000 - Rp3.000.000;4;Orang Tua;Tidak;Tidak Ada;3;Sewa;Tidak
MHS01394;Menengah;Rp3.000.000 - Rp5.000.000;2;Orang Tua;Tidak;Tidak Ada;5;Menumpang;Tidak
MHS01395;Rendah;< Rp1.000.000;2;Beasiswa;Ya;KIP-Kuliah;2;Sewa;Ya
MHS01396;Tinggi;> Rp5.000.000;5;Orang Tua;Tidak;Tidak Ada;8;Milik Sendiri;Tidak
MHS01397;Rendah;< Rp1.000.000;5;Beasiswa;Ya;KIP-Kuliah;2;Menumpang;Tidak
MHS01398;Menengah;> Rp5.000.000;7;Orang Tua;Ya;Beasiswa Daerah;7;Sewa;Tidak
MHS01399;Menengah;Rp1.000.000 - Rp3.000.000;4;Orang Tua;Tidak;Tidak Ada;3;Milik Sendiri;Tidak
MHS01400;Menengah;Rp3.000.000 - Rp5.000.000;2;Orang Tua;Tidak;Tidak Ada;3;Sewa;Tidak
MHS01401;Menengah;Rp3.000.000 - Rp5.000.000;5;Pinjaman/Kredit Pendidikan;Tidak;Tidak Ada;4;Milik Sendiri;Tidak
MHS01402;Menengah;Rp3.000.000 - Rp5.000.000;1;Orang Tua;Tidak;Tidak Ada;5;Sewa;Tidak
MHS01403;Menengah;Rp3.000.000 - Rp5.000.000;6;Orang Tua;Tidak;Tidak Ada;5;Milik Sendiri;Tidak
MHS01404;Menengah;Rp3.000.000 - Rp5.000.000;8;Beasiswa;Ya;Beasiswa Daerah;3;Sewa;Tidak
MHS01405;Menengah;Rp1.000.000 - Rp3.000.000;3;Orang Tua;Tidak;Tidak Ada;3;Milik Sendiri;Tidak
MHS01406;Tinggi;> Rp5.000.000;4;Orang Tua;Tidak;Tidak Ada;8;Milik Sendiri;Tidak
MHS01407;Tinggi;> Rp5.000.000;1;Orang Tua;Tidak;Tidak Ada;8;Milik Sendiri;Tidak
MHS01408;Tinggi;> Rp5.000.000;6;Orang Tua;Tidak;Tidak Ada;6;Sewa;Tidak
MHS01409;Rendah;< Rp1.000.000;5;Beasiswa;Ya;KIP-Kuliah;1;Menumpang;Ya
MHS01410;Menengah;Rp3.000.000 - Rp5.000.000;4;Orang Tua;Tidak;Tidak Ada;4;Sewa;Tidak
MHS01411;Menengah;Rp1.000.000 - Rp3.000.000;5;Beasiswa;Ya;Beasiswa Prestasi Akademik (PPA);3;Milik Sendiri;Ya
MHS01412;Menengah;Rp3.000.000 - Rp5.000.000;5;Orang Tua;Ya;Beasiswa Prestasi Akademik (PPA);4;Milik Sendiri;Tidak
MHS01413;Menengah;Rp1.000.000 - Rp3.000.000;3;Orang Tua;Tidak;Tidak Ada;3;Milik Sendiri;Tidak
MHS01414;Menengah;Rp3.000.000 - Rp5.000.000;3;Orang Tua;Tidak;Tidak Ada;5;Sewa;Tidak
MHS01415;Menengah;Rp3.000.000 - Rp5.000.000;6;Orang Tua;Tidak;Tidak Ada;4;Milik Sendiri;Tidak
MHS01416;Rendah;< Rp1.000.000;4;Orang Tua;Tidak;Tidak Ada;3;Sewa;Tidak
MHS01417;Tinggi;Rp3.000.000 - Rp5.000.000;4;Orang Tua;Tidak;Tidak Ada;7;Milik Sendiri;Tidak
MHS01418;Rendah;Rp1.000.000 - Rp3.000.000;5;Beasiswa;Ya;KIP-Kuliah;4;Sewa;Tidak
MHS01419;Menengah;Rp3.000.000 - Rp5.000.000;4;Orang Tua;Tidak;Tidak Ada;4;Milik Sendiri;Tidak
MHS01420;Rendah;< Rp1.000.000;5;Orang Tua;Tidak;Tidak Ada;4;Sewa;Tidak
MHS01421;Menengah;Rp1.000.000 - Rp3.000.000;3;Pinjaman/Kredit Pendidikan;Tidak;Tidak Ada;5;Milik Sendiri;Tidak
MHS01422;Menengah;Rp3.000.000 - Rp5.000.000;3;Orang Tua;Tidak;Tidak Ada;6;Milik Sendiri;Tidak
MHS01423;Rendah;< Rp1.000.000;6;Beasiswa;Ya;KIP-Kuliah;1;Menumpang;Tidak
MHS01424;Rendah;< Rp1.000.000;2;Kerja Sendiri (part-time);Tidak;Tidak Ada;3;Milik Sendiri;Ya
MHS01425;Rendah;< Rp1.000.000;6;Beasiswa;Ya;KIP-Kuliah;2;Menumpang;Ya
MHS01426;Rendah;Rp1.000.000 - Rp3.000.000;6;Beasiswa;Ya;KIP-Kuliah;2;Sewa;Tidak
MHS01427;Tinggi;> Rp5.000.000;2;Orang Tua;Tidak;Tidak Ada;7;Milik Sendiri;Tidak
MHS01428;Menengah;Rp1.000.000 - Rp3.000.000;2;Orang Tua;Tidak;Tidak Ada;4;Sewa;Tidak
MHS01429;Tinggi;> Rp5.000.000;4;Beasiswa;Ya;Beasiswa Prestasi Akademik (PPA);7;Milik Sendiri;Tidak
MHS01430;Menengah;Rp3.000.000 - Rp5.000.000;4;Pinjaman/Kredit Pendidikan;Ya;Beasiswa Daerah;6;Milik Sendiri;Ya
MHS01431;Tinggi;Rp3.000.000 - Rp5.000.000;1;Orang Tua;Tidak;Tidak Ada;6;Milik Sendiri;Tidak
MHS01432;Menengah;Rp1.000.000 - Rp3.000.000;5;Orang Tua;Ya;Beasiswa Prestasi Akademik (PPA);2;Sewa;Tidak
MHS01433;Menengah;Rp1.000.000 - Rp3.000.000;5;Orang Tua;Tidak;Tidak Ada;4;Sewa;Ya
MHS01434;Menengah;Rp3.000.000 - Rp5.000.000;3;Pinjaman/Kredit Pendidikan;Tidak;Tidak Ada;3;Milik Sendiri;Tidak
MHS01435;Menengah;Rp3.000.000 - Rp5.000.000;4;Orang Tua;Ya;Beasiswa Prestasi Akademik (PPA);4;Milik Sendiri;Ya
MHS01436;Tinggi;> Rp5.000.000;2;Orang Tua;Tidak;Tidak Ada;6;Milik Sendiri;Tidak
MHS01437;Rendah;< Rp1.000.000;5;Beasiswa;Ya;KIP-Kuliah;1;Menumpang;Tidak
MHS01438;Tinggi;Rp3.000.000 - Rp5.000.000;4;Beasiswa;Ya;KIP-Kuliah;6;Sewa;Tidak
MHS01439;Menengah;> Rp5.000.000;2;Orang Tua;Tidak;Tidak Ada;5;Milik Sendiri;Tidak
MHS01440;Tinggi;Rp3.000.000 - Rp5.000.000;3;Orang Tua;Tidak;Tidak Ada;7;Milik Sendiri;Tidak
MHS01441;Rendah;< Rp1.000.000;7;Beasiswa;Ya;KIP-Kuliah;2;Menumpang;Ya
MHS01442;Rendah;< Rp1.000.000;9;Orang Tua;Tidak;Tidak Ada;3;Sewa;Tidak
MHS01443;Menengah;Rp3.000.000 - Rp5.000.000;4;Orang Tua;Tidak;Tidak Ada;6;Milik Sendiri;Tidak
MHS01444;Rendah;Rp1.000.000 - Rp3.000.000;2;Orang Tua;Ya;KIP-Kuliah;3;Menumpang;Tidak
MHS01445;Menengah;Rp3.000.000 - Rp5.000.000;3;Orang Tua;Ya;Beasiswa Prestasi Akademik (PPA);5;Milik Sendiri;Tidak
MHS01446;Tinggi;Rp3.000.000 - Rp5.000.000;1;Orang Tua;Tidak;Tidak Ada;3;Milik Sendiri;Tidak
MHS01447;Tinggi;> Rp5.000.000;1;Orang Tua;Tidak;Tidak Ada;7;Sewa;Tidak
MHS01448;Rendah;< Rp1.000.000;4;Beasiswa;Ya;KIP-Kuliah;3;Sewa;Ya
MHS01449;Menengah;< Rp1.000.000;2;Beasiswa;Ya;KIP-Kuliah;1;Menumpang;Tidak
MHS01450;Menengah;Rp1.000.000 - Rp3.000.000;6;Orang Tua;Tidak;Tidak Ada;4;Milik Sendiri;Tidak
MHS01451;Tinggi;Rp3.000.000 - Rp5.000.000;4;Orang Tua;Tidak;Tidak Ada;7;Milik Sendiri;Ya
MHS01452;Rendah;Rp1.000.000 - Rp3.000.000;5;Kerja Sendiri (part-time);Ya;KIP-Kuliah;3;Menumpang;Ya
MHS01453;Tinggi;> Rp5.000.000;2;Orang Tua;Tidak;Tidak Ada;7;Milik Sendiri;Tidak
MHS01454;Menengah;< Rp1.000.000;6;Orang Tua;Tidak;Tidak Ada;3;Sewa;Tidak
MHS01455;Tinggi;Rp3.000.000 - Rp5.000.000;6;Orang Tua;Tidak;Tidak Ada;6;Milik Sendiri;Tidak
MHS01456;Rendah;< Rp1.000.000;6;Beasiswa;Ya;KIP-Kuliah;3;Sewa;Ya
MHS01457;Menengah;Rp3.000.000 - Rp5.000.000;2;Orang Tua;Tidak;Tidak Ada;5;Milik Sendiri;Tidak
MHS01458;Menengah;Rp1.000.000 - Rp3.000.000;2;Orang Tua;Tidak;Tidak Ada;6;Milik Sendiri;Tidak
MHS01459;Menengah;< Rp1.000.000;4;Beasiswa;Ya;KIP-Kuliah;2;Menumpang;Tidak
MHS01460;Tinggi;> Rp5.000.000;4;Beasiswa;Ya;Beasiswa Prestasi Akademik (PPA);7;Milik Sendiri;Tidak
MHS01461;Menengah;Rp3.000.000 - Rp5.000.000;4;Orang Tua;Tidak;Tidak Ada;5;Sewa;Tidak
MHS01462;Menengah;Rp1.000.000 - Rp3.000.000;5;Orang Tua;Tidak;Tidak Ada;5;Menumpang;Tidak
MHS01463;Menengah;Rp1.000.000 - Rp3.000.000;6;Orang Tua;Tidak;Tidak Ada;1;Sewa;Tidak
MHS01464;Menengah;> Rp5.000.000;4;Orang Tua;Tidak;Tidak Ada;5;Sewa;Tidak
MHS01465;Tinggi;> Rp5.000.000;3;Orang Tua;Tidak;Tidak Ada;6;Milik Sendiri;Tidak
MHS01466;Rendah;< Rp1.000.000;4;Orang Tua;Ya;Beasiswa Swasta/CSR;4;Sewa;Tidak
MHS01467;Menengah;Rp1.000.000 - Rp3.000.000;5;Orang Tua;Tidak;Tidak Ada;3;Menumpang;Ya
MHS01468;Menengah;Rp3.000.000 - Rp5.000.000;3;Orang Tua;Tidak;Tidak Ada;6;Milik Sendiri;Tidak
MHS01469;Rendah;< Rp1.000.000;2;Kerja Sendiri (part-time);Tidak;Tidak Ada;1;Menumpang;Ya
MHS01470;Tinggi;> Rp5.000.000;4;Orang Tua;Tidak;Tidak Ada;5;Milik Sendiri;Tidak
MHS01471;Rendah;< Rp1.000.000;8;Kerja Sendiri (part-time);Tidak;Tidak Ada;2;Menumpang;Ya
MHS01472;Tinggi;> Rp5.000.000;3;Orang Tua;Tidak;Tidak Ada;8;Milik Sendiri;Tidak
MHS01473;Menengah;Rp1.000.000 - Rp3.000.000;7;Orang Tua;Tidak;Tidak Ada;3;Milik Sendiri;Tidak
MHS01474;Menengah;Rp3.000.000 - Rp5.000.000;5;Orang Tua;Ya;Beasiswa Prestasi Akademik (PPA);3;Menumpang;Ya
MHS01475;Menengah;< Rp1.000.000;2;Beasiswa;Ya;KIP-Kuliah;3;Sewa;Ya
MHS01476;Menengah;Rp1.000.000 - Rp3.000.000;4;Orang Tua;Tidak;Tidak Ada;3;Menumpang;Tidak
MHS01477;Menengah;Rp3.000.000 - Rp5.000.000;1;Orang Tua;Tidak;Tidak Ada;6;Milik Sendiri;Tidak
MHS01478;Tinggi;> Rp5.000.000;3;Orang Tua;Tidak;Tidak Ada;6;Milik Sendiri;Tidak
MHS01479;Rendah;< Rp1.000.000;4;Orang Tua;Ya;Beasiswa Daerah;2;Sewa;Tidak
MHS01480;Menengah;Rp3.000.000 - Rp5.000.000;7;Orang Tua;Tidak;Tidak Ada;5;Milik Sendiri;Tidak
MHS01481;Menengah;Rp1.000.000 - Rp3.000.000;3;Orang Tua;Tidak;Tidak Ada;5;Menumpang;Ya
MHS01482;Rendah;< Rp1.000.000;9;Beasiswa;Ya;KIP-Kuliah;1;Sewa;Ya
MHS01483;Rendah;< Rp1.000.000;6;Orang Tua;Tidak;Tidak Ada;4;Milik Sendiri;Ya
MHS01484;Rendah;Rp1.000.000 - Rp3.000.000;5;Beasiswa;Ya;Beasiswa Daerah;3;Sewa;Tidak
MHS01485;Menengah;Rp1.000.000 - Rp3.000.000;5;Orang Tua;Tidak;Tidak Ada;5;Sewa;Ya
MHS01486;Menengah;Rp1.000.000 - Rp3.000.000;6;Pinjaman/Kredit Pendidikan;Tidak;Tidak Ada;1;Sewa;Tidak
MHS01487;Menengah;Rp1.000.000 - Rp3.000.000;4;Orang Tua;Tidak;Tidak Ada;5;Sewa;Ya
MHS01488;Menengah;Rp1.000.000 - Rp3.000.000;2;Orang Tua;Tidak;Tidak Ada;5;Milik Sendiri;Tidak
MHS01489;Tinggi;> Rp5.000.000;4;Orang Tua;Tidak;Tidak Ada;5;Milik Sendiri;Tidak
MHS01490;Tinggi;Rp3.000.000 - Rp5.000.000;4;Orang Tua;Tidak;Tidak Ada;5;Milik Sendiri;Tidak
MHS01491;Menengah;> Rp5.000.000;9;Orang Tua;Tidak;Tidak Ada;6;Milik Sendiri;Tidak
MHS01492;Menengah;Rp3.000.000 - Rp5.000.000;1;Orang Tua;Tidak;Tidak Ada;5;Milik Sendiri;Ya
MHS01493;Menengah;> Rp5.000.000;4;Beasiswa;Ya;Beasiswa Prestasi Akademik (PPA);4;Milik Sendiri;Tidak
MHS01494;Rendah;< Rp1.000.000;1;Beasiswa;Ya;KIP-Kuliah;3;Menumpang;Tidak
MHS01495;Menengah;Rp1.000.000 - Rp3.000.000;1;Orang Tua;Tidak;Tidak Ada;5;Sewa;Tidak
MHS01496;Menengah;Rp1.000.000 - Rp3.000.000;6;Beasiswa;Ya;Beasiswa Prestasi Akademik (PPA);5;Sewa;Tidak
MHS01497;Menengah;Rp3.000.000 - Rp5.000.000;3;Orang Tua;Tidak;Tidak Ada;2;Sewa;Tidak
MHS01498;Tinggi;> Rp5.000.000;5;Orang Tua;Tidak;Tidak Ada;4;Milik Sendiri;Tidak
MHS01499;Rendah;Rp1.000.000 - Rp3.000.000;3;Kerja Sendiri (part-time);Tidak;Tidak Ada;3;Sewa;Tidak
MHS01500;Menengah;Rp3.000.000 - Rp5.000.000;3;Orang Tua;Ya;KIP-Kuliah;5;Milik Sendiri;Tidak
MHS01501;Tinggi;Rp3.000.000 - Rp5.000.000;7;Orang Tua;Tidak;Tidak Ada;6;Milik Sendiri;Tidak
MHS01502;Rendah;Rp1.000.000 - Rp3.000.000;4;Kerja Sendiri (part-time);Tidak;Tidak Ada;2;Sewa;Ya
MHS01503;Menengah;Rp1.000.000 - Rp3.000.000;7;Kerja Sendiri (part-time);Tidak;Tidak Ada;4;Milik Sendiri;Tidak
MHS01504;Menengah;Rp1.000.000 - Rp3.000.000;2;Beasiswa;Ya;Beasiswa Prestasi Akademik (PPA);4;Milik Sendiri;Tidak
MHS01505;Menengah;Rp3.000.000 - Rp5.000.000;3;Orang Tua;Tidak;Tidak Ada;3;Milik Sendiri;Tidak
MHS01506;Tinggi;> Rp5.000.000;3;Orang Tua;Ya;Beasiswa Prestasi Akademik (PPA);5;Milik Sendiri;Tidak
MHS01507;Menengah;< Rp1.000.000;5;Kerja Sendiri (part-time);Tidak;Tidak Ada;4;Sewa;Ya
MHS01508;Menengah;Rp3.000.000 - Rp5.000.000;6;Beasiswa;Ya;Beasiswa Prestasi Akademik (PPA);6;Milik Sendiri;Tidak
MHS01509;Rendah;Rp1.000.000 - Rp3.000.000;2;Orang Tua;Ya;KIP-Kuliah;4;Menumpang;Ya
MHS01510;Tinggi;> Rp5.000.000;5;Orang Tua;Tidak;Tidak Ada;7;Sewa;Tidak
MHS01511;Menengah;Rp3.000.000 - Rp5.000.000;6;Beasiswa;Ya;KIP-Kuliah;5;Sewa;Ya
MHS01512;Menengah;Rp1.000.000 - Rp3.000.000;2;Beasiswa;Ya;Beasiswa Prestasi Akademik (PPA);4;Menumpang;Tidak
MHS01513;Menengah;< Rp1.000.000;3;Kerja Sendiri (part-time);Tidak;Tidak Ada;5;Sewa;Ya
MHS01514;Menengah;< Rp1.000.000;7;Orang Tua;Tidak;Tidak Ada;2;Menumpang;Tidak
MHS01515;Menengah;< Rp1.000.000;3;Beasiswa;Ya;KIP-Kuliah;1;Menumpang;Tidak
MHS01516;Menengah;Rp1.000.000 - Rp3.000.000;3;Orang Tua;Tidak;Tidak Ada;4;Menumpang;Tidak
MHS01517;Menengah;Rp1.000.000 - Rp3.000.000;4;Orang Tua;Tidak;Tidak Ada;5;Milik Sendiri;Tidak
MHS01518;Rendah;Rp1.000.000 - Rp3.000.000;7;Orang Tua;Tidak;Tidak Ada;3;Milik Sendiri;Ya
MHS01519;Menengah;Rp1.000.000 - Rp3.000.000;2;Orang Tua;Ya;KIP-Kuliah;5;Menumpang;Tidak
MHS01520;Rendah;Rp1.000.000 - Rp3.000.000;3;Orang Tua;Tidak;Tidak Ada;2;Menumpang;Tidak
MHS01521;Tinggi;> Rp5.000.000;3;Orang Tua;Tidak;Tidak Ada;7;Milik Sendiri;Tidak
MHS01522;Rendah;< Rp1.000.000;5;Orang Tua;Ya;Beasiswa Daerah;3;Milik Sendiri;Ya
MHS01523;Rendah;Rp1.000.000 - Rp3.000.000;3;Orang Tua;Ya;Beasiswa Swasta/CSR;4;Sewa;Ya
MHS01524;Menengah;Rp3.000.000 - Rp5.000.000;3;Orang Tua;Ya;Beasiswa Swasta/CSR;4;Milik Sendiri;Tidak
MHS01525;Menengah;Rp1.000.000 - Rp3.000.000;4;Orang Tua;Tidak;Tidak Ada;3;Sewa;Tidak
MHS01526;Menengah;Rp3.000.000 - Rp5.000.000;2;Beasiswa;Ya;Beasiswa Prestasi Akademik (PPA);4;Menumpang;Tidak
MHS01527;Tinggi;Rp3.000.000 - Rp5.000.000;3;Beasiswa;Ya;Beasiswa Daerah;6;Milik Sendiri;Tidak
MHS01528;Menengah;Rp3.000.000 - Rp5.000.000;3;Orang Tua;Tidak;Tidak Ada;5;Sewa;Tidak
MHS01529;Menengah;Rp1.000.000 - Rp3.000.000;5;Beasiswa;Ya;Beasiswa Prestasi Akademik (PPA);5;Milik Sendiri;Tidak
MHS01530;Tinggi;Rp3.000.000 - Rp5.000.000;2;Orang Tua;Tidak;Tidak Ada;5;Sewa;Tidak
MHS01531;Tinggi;> Rp5.000.000;3;Orang Tua;Tidak;Tidak Ada;6;Sewa;Tidak
MHS01532;Rendah;< Rp1.000.000;3;Kerja Sendiri (part-time);Tidak;Tidak Ada;1;Menumpang;Ya
MHS01533;Menengah;Rp3.000.000 - Rp5.000.000;3;Kerja Sendiri (part-time);Tidak;Tidak Ada;3;Menumpang;Tidak
MHS01534;Menengah;Rp1.000.000 - Rp3.000.000;5;Beasiswa;Ya;KIP-Kuliah;5;Milik Sendiri;Tidak
MHS01535;Menengah;Rp3.000.000 - Rp5.000.000;5;Beasiswa;Ya;Beasiswa Prestasi Akademik (PPA);5;Milik Sendiri;Tidak
MHS01536;Rendah;< Rp1.000.000;7;Beasiswa;Ya;KIP-Kuliah;2;Menumpang;Ya
MHS01537;Tinggi;Rp3.000.000 - Rp5.000.000;4;Orang Tua;Tidak;Tidak Ada;5;Milik Sendiri;Ya
MHS01538;Menengah;Rp1.000.000 - Rp3.000.000;2;Orang Tua;Tidak;Tidak Ada;4;Milik Sendiri;Tidak
MHS01539;Rendah;< Rp1.000.000;4;Beasiswa;Ya;KIP-Kuliah;3;Menumpang;Tidak
MHS01540;Tinggi;Rp3.000.000 - Rp5.000.000;2;Orang Tua;Tidak;Tidak Ada;6;Milik Sendiri;Tidak
MHS01541;Tinggi;Rp3.000.000 - Rp5.000.000;2;Orang Tua;Tidak;Tidak Ada;4;Sewa;Tidak
MHS01542;Menengah;Rp1.000.000 - Rp3.000.000;7;Orang Tua;Ya;Beasiswa Prestasi Akademik (PPA);4;Sewa;Tidak
MHS01543;Menengah;Rp1.000.000 - Rp3.000.000;2;Orang Tua;Tidak;Tidak Ada;5;Sewa;Tidak
MHS01544;Menengah;Rp3.000.000 - Rp5.000.000;1;Orang Tua;Tidak;Tidak Ada;8;Menumpang;Tidak
MHS01545;Menengah;> Rp5.000.000;5;Orang Tua;Tidak;Tidak Ada;6;Sewa;Tidak
MHS01546;Tinggi;Rp3.000.000 - Rp5.000.000;3;Orang Tua;Tidak;Tidak Ada;5;Milik Sendiri;Tidak
MHS01547;Rendah;< Rp1.000.000;7;Beasiswa;Ya;KIP-Kuliah;3;Menumpang;Tidak
MHS01548;Menengah;Rp1.000.000 - Rp3.000.000;2;Beasiswa;Ya;Beasiswa Prestasi Akademik (PPA);4;Milik Sendiri;Ya
MHS01549;Menengah;< Rp1.000.000;4;Orang Tua;Tidak;Tidak Ada;3;Menumpang;Tidak
MHS01550;Menengah;Rp1.000.000 - Rp3.000.000;3;Beasiswa;Ya;KIP-Kuliah;3;Sewa;Tidak
MHS01551;Menengah;Rp1.000.000 - Rp3.000.000;4;Orang Tua;Tidak;Tidak Ada;6;Sewa;Tidak
MHS01552;Rendah;< Rp1.000.000;6;Orang Tua;Ya;KIP-Kuliah;3;Milik Sendiri;Tidak
MHS01553;Tinggi;> Rp5.000.000;5;Orang Tua;Tidak;Tidak Ada;7;Milik Sendiri;Tidak
MHS01554;Menengah;Rp1.000.000 - Rp3.000.000;9;Orang Tua;Tidak;Tidak Ada;4;Milik Sendiri;Ya
MHS01555;Menengah;Rp3.000.000 - Rp5.000.000;7;Orang Tua;Tidak;Tidak Ada;5;Menumpang;Tidak
MHS01556;Rendah;< Rp1.000.000;3;Kerja Sendiri (part-time);Tidak;Tidak Ada;2;Menumpang;Ya
MHS01557;Rendah;< Rp1.000.000;5;Beasiswa;Ya;KIP-Kuliah;3;Menumpang;Ya
MHS01558;Menengah;Rp3.000.000 - Rp5.000.000;4;Orang Tua;Tidak;Tidak Ada;4;Milik Sendiri;Tidak
MHS01559;Menengah;Rp3.000.000 - Rp5.000.000;3;Orang Tua;Tidak;Tidak Ada;5;Sewa;Tidak
MHS01560;Tinggi;> Rp5.000.000;3;Orang Tua;Tidak;Tidak Ada;5;Milik Sendiri;Tidak
MHS01561;Rendah;< Rp1.000.000;4;Beasiswa;Ya;KIP-Kuliah;2;Menumpang;Tidak
MHS01562;Rendah;< Rp1.000.000;8;Kerja Sendiri (part-time);Tidak;Tidak Ada;2;Sewa;Ya
MHS01563;Menengah;Rp3.000.000 - Rp5.000.000;4;Orang Tua;Tidak;Tidak Ada;5;Sewa;Tidak
MHS01564;Menengah;Rp1.000.000 - Rp3.000.000;3;Orang Tua;Ya;Beasiswa Prestasi Akademik (PPA);4;Menumpang;Tidak
MHS01565;Rendah;Rp1.000.000 - Rp3.000.000;8;Orang Tua;Tidak;Tidak Ada;5;Menumpang;Ya
MHS01566;Menengah;Rp3.000.000 - Rp5.000.000;3;Orang Tua;Tidak;Tidak Ada;4;Milik Sendiri;Tidak
MHS01567;Menengah;Rp3.000.000 - Rp5.000.000;5;Orang Tua;Tidak;Tidak Ada;6;Milik Sendiri;Tidak
MHS01568;Menengah;Rp3.000.000 - Rp5.000.000;6;Beasiswa;Ya;Beasiswa Prestasi Akademik (PPA);3;Menumpang;Tidak
MHS01569;Rendah;Rp1.000.000 - Rp3.000.000;8;Orang Tua;Tidak;Tidak Ada;4;Sewa;Tidak
MHS01570;Menengah;Rp3.000.000 - Rp5.000.000;3;Orang Tua;Tidak;Tidak Ada;4;Sewa;Tidak
MHS01571;Menengah;Rp1.000.000 - Rp3.000.000;3;Orang Tua;Tidak;Tidak Ada;4;Menumpang;Tidak
MHS01572;Menengah;Rp1.000.000 - Rp3.000.000;5;Beasiswa;Ya;KIP-Kuliah;4;Menumpang;Ya
MHS01573;Menengah;Rp3.000.000 - Rp5.000.000;3;Orang Tua;Tidak;Tidak Ada;6;Milik Sendiri;Tidak
MHS01574;Menengah;Rp3.000.000 - Rp5.000.000;6;Orang Tua;Ya;Beasiswa Swasta/CSR;7;Sewa;Tidak
MHS01575;Menengah;Rp3.000.000 - Rp5.000.000;3;Orang Tua;Tidak;Tidak Ada;4;Milik Sendiri;Tidak
MHS01576;Rendah;Rp1.000.000 - Rp3.000.000;6;Orang Tua;Tidak;Tidak Ada;4;Milik Sendiri;Tidak
MHS01577;Menengah;Rp3.000.000 - Rp5.000.000;1;Orang Tua;Tidak;Tidak Ada;6;Milik Sendiri;Tidak
MHS01578;Menengah;Rp3.000.000 - Rp5.000.000;5;Orang Tua;Tidak;Tidak Ada;6;Sewa;Ya
MHS01579;Menengah;Rp3.000.000 - Rp5.000.000;2;Orang Tua;Tidak;Tidak Ada;5;Sewa;Ya
MHS01580;Tinggi;Rp3.000.000 - Rp5.000.000;4;Orang Tua;Ya;Beasiswa Daerah;7;Sewa;Tidak
MHS01581;Menengah;Rp3.000.000 - Rp5.000.000;5;Orang Tua;Tidak;Tidak Ada;4;Sewa;Tidak
MHS01582;Tinggi;Rp3.000.000 - Rp5.000.000;6;Orang Tua;Tidak;Tidak Ada;6;Menumpang;Tidak
MHS01583;Menengah;Rp3.000.000 - Rp5.000.000;5;Orang Tua;Tidak;Tidak Ada;5;Milik Sendiri;Tidak
MHS01584;Menengah;Rp1.000.000 - Rp3.000.000;3;Kerja Sendiri (part-time);Ya;Beasiswa Swasta/CSR;4;Milik Sendiri;Tidak
MHS01585;Menengah;Rp3.000.000 - Rp5.000.000;3;Beasiswa;Ya;KIP-Kuliah;5;Milik Sendiri;Tidak
MHS01586;Menengah;Rp1.000.000 - Rp3.000.000;4;Orang Tua;Ya;Beasiswa Prestasi Akademik (PPA);6;Sewa;Tidak
MHS01587;Menengah;Rp3.000.000 - Rp5.000.000;9;Orang Tua;Tidak;Tidak Ada;4;Sewa;Tidak
MHS01588;Tinggi;Rp3.000.000 - Rp5.000.000;2;Orang Tua;Tidak;Tidak Ada;6;Sewa;Tidak
MHS01589;Rendah;< Rp1.000.000;2;Orang Tua;Tidak;Tidak Ada;5;Sewa;Ya
MHS01590;Menengah;Rp3.000.000 - Rp5.000.000;5;Beasiswa;Ya;KIP-Kuliah;4;Sewa;Tidak
MHS01591;Rendah;Rp1.000.000 - Rp3.000.000;4;Orang Tua;Tidak;Tidak Ada;4;Menumpang;Ya
MHS01592;Tinggi;> Rp5.000.000;4;Orang Tua;Tidak;Tidak Ada;8;Milik Sendiri;Tidak
MHS01593;Menengah;Rp1.000.000 - Rp3.000.000;3;Orang Tua;Ya;Beasiswa Prestasi Akademik (PPA);3;Milik Sendiri;Tidak
MHS01594;Tinggi;> Rp5.000.000;5;Orang Tua;Tidak;Tidak Ada;6;Milik Sendiri;Tidak
MHS01595;Menengah;Rp3.000.000 - Rp5.000.000;5;Kerja Sendiri (part-time);Tidak;Tidak Ada;4;Milik Sendiri;Ya
MHS01596;Menengah;< Rp1.000.000;6;Kerja Sendiri (part-time);Tidak;Tidak Ada;3;Menumpang;Tidak
MHS01597;Menengah;Rp1.000.000 - Rp3.000.000;7;Orang Tua;Tidak;Tidak Ada;4;Sewa;Tidak
MHS01598;Tinggi;> Rp5.000.000;2;Orang Tua;Tidak;Tidak Ada;4;Milik Sendiri;Tidak
MHS01599;Menengah;Rp3.000.000 - Rp5.000.000;3;Orang Tua;Tidak;Tidak Ada;7;Sewa;Tidak
MHS01600;Rendah;< Rp1.000.000;7;Beasiswa;Ya;KIP-Kuliah;1;Menumpang;Tidak
MHS01601;Menengah;Rp3.000.000 - Rp5.000.000;6;Orang Tua;Tidak;Tidak Ada;5;Sewa;Tidak
MHS01602;Rendah;Rp1.000.000 - Rp3.000.000;6;Orang Tua;Ya;Beasiswa Prestasi Akademik (PPA);3;Menumpang;Tidak
MHS01603;Tinggi;> Rp5.000.000;4;Beasiswa;Ya;Beasiswa Prestasi Akademik (PPA);6;Milik Sendiri;Tidak
MHS01604;Menengah;Rp3.000.000 - Rp5.000.000;3;Orang Tua;Tidak;Tidak Ada;4;Sewa;Tidak
MHS01605;Tinggi;> Rp5.000.000;3;Orang Tua;Tidak;Tidak Ada;7;Milik Sendiri;Tidak
MHS01606;Rendah;< Rp1.000.000;4;Beasiswa;Ya;KIP-Kuliah;2;Sewa;Tidak
MHS01607;Rendah;Rp3.000.000 - Rp5.000.000;3;Orang Tua;Tidak;Tidak Ada;4;Milik Sendiri;Tidak
MHS01608;Menengah;Rp3.000.000 - Rp5.000.000;4;Orang Tua;Tidak;Tidak Ada;4;Milik Sendiri;Tidak
MHS01609;Rendah;< Rp1.000.000;4;Beasiswa;Ya;KIP-Kuliah;1;Menumpang;Ya
MHS01610;Tinggi;Rp3.000.000 - Rp5.000.000;2;Orang Tua;Tidak;Tidak Ada;6;Milik Sendiri;Tidak
MHS01611;Menengah;Rp1.000.000 - Rp3.000.000;4;Orang Tua;Tidak;Tidak Ada;6;Milik Sendiri;Tidak
MHS01612;Menengah;Rp3.000.000 - Rp5.000.000;3;Orang Tua;Tidak;Tidak Ada;5;Sewa;Ya
MHS01613;Rendah;< Rp1.000.000;5;Orang Tua;Ya;KIP-Kuliah;2;Menumpang;Tidak
MHS01614;Rendah;Rp1.000.000 - Rp3.000.000;8;Beasiswa;Ya;KIP-Kuliah;4;Milik Sendiri;Tidak
MHS01615;Menengah;Rp3.000.000 - Rp5.000.000;2;Orang Tua;Tidak;Tidak Ada;4;Menumpang;Ya
MHS01616;Rendah;Rp1.000.000 - Rp3.000.000;9;Orang Tua;Tidak;Tidak Ada;3;Sewa;Ya
MHS01617;Menengah;Rp1.000.000 - Rp3.000.000;5;Beasiswa;Ya;Beasiswa Prestasi Akademik (PPA);3;Milik Sendiri;Tidak
MHS01618;Tinggi;> Rp5.000.000;5;Orang Tua;Tidak;Tidak Ada;7;Milik Sendiri;Tidak
MHS01619;Rendah;Rp1.000.000 - Rp3.000.000;3;Beasiswa;Ya;KIP-Kuliah;2;Menumpang;Tidak
MHS01620;Tinggi;> Rp5.000.000;3;Orang Tua;Tidak;Tidak Ada;7;Menumpang;Tidak
MHS01621;Menengah;Rp1.000.000 - Rp3.000.000;2;Orang Tua;Tidak;Tidak Ada;5;Milik Sendiri;Tidak
MHS01622;Rendah;Rp1.000.000 - Rp3.000.000;7;Orang Tua;Ya;KIP-Kuliah;5;Milik Sendiri;Ya
MHS01623;Menengah;Rp3.000.000 - Rp5.000.000;4;Orang Tua;Ya;Beasiswa Daerah;5;Menumpang;Tidak
MHS01624;Menengah;Rp3.000.000 - Rp5.000.000;4;Orang Tua;Tidak;Tidak Ada;5;Milik Sendiri;Tidak
MHS01625;Tinggi;> Rp5.000.000;1;Orang Tua;Tidak;Tidak Ada;7;Milik Sendiri;Tidak
MHS01626;Menengah;Rp3.000.000 - Rp5.000.000;4;Orang Tua;Tidak;Tidak Ada;7;Sewa;Tidak
MHS01627;Menengah;Rp3.000.000 - Rp5.000.000;4;Orang Tua;Tidak;Tidak Ada;5;Milik Sendiri;Tidak
MHS01628;Tinggi;> Rp5.000.000;4;Orang Tua;Tidak;Tidak Ada;8;Milik Sendiri;Tidak
MHS01629;Menengah;> Rp5.000.000;4;Orang Tua;Tidak;Tidak Ada;8;Milik Sendiri;Tidak
MHS01630;Menengah;Rp1.000.000 - Rp3.000.000;4;Orang Tua;Tidak;Tidak Ada;3;Milik Sendiri;Tidak
MHS01631;Tinggi;> Rp5.000.000;4;Orang Tua;Tidak;Tidak Ada;7;Milik Sendiri;Tidak
MHS01632;Menengah;Rp3.000.000 - Rp5.000.000;5;Orang Tua;Tidak;Tidak Ada;5;Sewa;Tidak
MHS01633;Menengah;Rp1.000.000 - Rp3.000.000;3;Beasiswa;Ya;KIP-Kuliah;4;Milik Sendiri;Tidak
MHS01634;Menengah;> Rp5.000.000;1;Orang Tua;Tidak;Tidak Ada;6;Milik Sendiri;Tidak
MHS01635;Menengah;Rp1.000.000 - Rp3.000.000;6;Kerja Sendiri (part-time);Tidak;Tidak Ada;4;Sewa;Tidak
MHS01636;Rendah;< Rp1.000.000;7;Beasiswa;Ya;KIP-Kuliah;1;Menumpang;Ya
MHS01637;Rendah;< Rp1.000.000;9;Beasiswa;Ya;KIP-Kuliah;1;Sewa;Ya
MHS01638;Menengah;Rp1.000.000 - Rp3.000.000;1;Orang Tua;Tidak;Tidak Ada;4;Milik Sendiri;Tidak
MHS01639;Menengah;Rp3.000.000 - Rp5.000.000;3;Orang Tua;Tidak;Tidak Ada;5;Milik Sendiri;Ya
MHS01640;Menengah;Rp3.000.000 - Rp5.000.000;1;Orang Tua;Tidak;Tidak Ada;5;Milik Sendiri;Tidak
MHS01641;Menengah;Rp3.000.000 - Rp5.000.000;3;Beasiswa;Ya;Beasiswa Prestasi Akademik (PPA);5;Sewa;Tidak
MHS01642;Menengah;Rp1.000.000 - Rp3.000.000;7;Orang Tua;Tidak;Tidak Ada;3;Sewa;Tidak
MHS01643;Tinggi;> Rp5.000.000;3;Orang Tua;Tidak;Tidak Ada;4;Milik Sendiri;Tidak
MHS01644;Menengah;Rp1.000.000 - Rp3.000.000;5;Orang Tua;Tidak;Tidak Ada;4;Sewa;Ya
MHS01645;Menengah;Rp3.000.000 - Rp5.000.000;5;Orang Tua;Tidak;Tidak Ada;5;Milik Sendiri;Tidak
MHS01646;Menengah;> Rp5.000.000;3;Orang Tua;Tidak;Tidak Ada;6;Milik Sendiri;Tidak
MHS01647;Tinggi;> Rp5.000.000;2;Orang Tua;Tidak;Tidak Ada;8;Milik Sendiri;Tidak
MHS01648;Menengah;Rp1.000.000 - Rp3.000.000;8;Orang Tua;Tidak;Tidak Ada;6;Milik Sendiri;Tidak
MHS01649;Rendah;Rp1.000.000 - Rp3.000.000;5;Kerja Sendiri (part-time);Tidak;Tidak Ada;3;Sewa;Ya
MHS01650;Rendah;< Rp1.000.000;6;Kerja Sendiri (part-time);Tidak;Tidak Ada;3;Sewa;Ya
MHS01651;Menengah;Rp3.000.000 - Rp5.000.000;3;Orang Tua;Tidak;Tidak Ada;5;Sewa;Tidak
MHS01652;Menengah;Rp1.000.000 - Rp3.000.000;6;Orang Tua;Ya;Beasiswa Daerah;3;Menumpang;Ya
MHS01653;Tinggi;Rp3.000.000 - Rp5.000.000;8;Kerja Sendiri (part-time);Tidak;Tidak Ada;5;Sewa;Ya
MHS01654;Tinggi;> Rp5.000.000;5;Orang Tua;Tidak;Tidak Ada;6;Sewa;Tidak
MHS01655;Tinggi;> Rp5.000.000;4;Orang Tua;Tidak;Tidak Ada;6;Milik Sendiri;Tidak
MHS01656;Menengah;Rp3.000.000 - Rp5.000.000;5;Orang Tua;Tidak;Tidak Ada;7;Milik Sendiri;Tidak
MHS01657;Rendah;Rp1.000.000 - Rp3.000.000;4;Beasiswa;Ya;KIP-Kuliah;2;Sewa;Tidak
MHS01658;Menengah;Rp1.000.000 - Rp3.000.000;5;Orang Tua;Tidak;Tidak Ada;2;Sewa;Ya
MHS01659;Rendah;< Rp1.000.000;5;Beasiswa;Ya;KIP-Kuliah;3;Sewa;Tidak
MHS01660;Tinggi;Rp3.000.000 - Rp5.000.000;5;Orang Tua;Tidak;Tidak Ada;5;Milik Sendiri;Tidak
MHS01661;Menengah;Rp1.000.000 - Rp3.000.000;5;Pinjaman/Kredit Pendidikan;Tidak;Tidak Ada;4;Menumpang;Tidak
MHS01662;Menengah;Rp3.000.000 - Rp5.000.000;4;Orang Tua;Tidak;Tidak Ada;5;Sewa;Tidak
MHS01663;Menengah;Rp1.000.000 - Rp3.000.000;6;Orang Tua;Tidak;Tidak Ada;2;Menumpang;Tidak
MHS01664;Rendah;< Rp1.000.000;7;Beasiswa;Ya;KIP-Kuliah;1;Sewa;Tidak
MHS01665;Tinggi;> Rp5.000.000;3;Beasiswa;Ya;Beasiswa Prestasi Akademik (PPA);5;Milik Sendiri;Tidak
MHS01666;Menengah;Rp3.000.000 - Rp5.000.000;5;Orang Tua;Tidak;Tidak Ada;5;Milik Sendiri;Tidak
MHS01667;Rendah;< Rp1.000.000;6;Kerja Sendiri (part-time);Ya;Beasiswa Prestasi Akademik (PPA);1;Menumpang;Tidak
MHS01668;Menengah;Rp1.000.000 - Rp3.000.000;6;Orang Tua;Tidak;Tidak Ada;3;Milik Sendiri;Ya
MHS01669;Menengah;Rp3.000.000 - Rp5.000.000;5;Beasiswa;Ya;Beasiswa Prestasi Akademik (PPA);5;Menumpang;Tidak
MHS01670;Menengah;Rp1.000.000 - Rp3.000.000;5;Orang Tua;Tidak;Tidak Ada;2;Sewa;Tidak
MHS01671;Menengah;Rp1.000.000 - Rp3.000.000;2;Orang Tua;Tidak;Tidak Ada;2;Milik Sendiri;Tidak
MHS01672;Tinggi;Rp3.000.000 - Rp5.000.000;3;Kerja Sendiri (part-time);Tidak;Tidak Ada;4;Menumpang;Tidak
MHS01673;Menengah;Rp1.000.000 - Rp3.000.000;4;Beasiswa;Ya;KIP-Kuliah;4;Sewa;Tidak
MHS01674;Menengah;Rp3.000.000 - Rp5.000.000;4;Orang Tua;Tidak;Tidak Ada;6;Milik Sendiri;Tidak
MHS01675;Menengah;Rp1.000.000 - Rp3.000.000;2;Beasiswa;Ya;KIP-Kuliah;4;Sewa;Tidak
MHS01676;Menengah;Rp3.000.000 - Rp5.000.000;4;Beasiswa;Ya;KIP-Kuliah;6;Milik Sendiri;Tidak
MHS01677;Menengah;< Rp1.000.000;5;Orang Tua;Tidak;Tidak Ada;2;Menumpang;Tidak
MHS01678;Menengah;Rp1.000.000 - Rp3.000.000;3;Beasiswa;Ya;Beasiswa Daerah;2;Menumpang;Tidak
MHS01679;Rendah;< Rp1.000.000;3;Beasiswa;Ya;KIP-Kuliah;2;Menumpang;Tidak
MHS01680;Menengah;Rp3.000.000 - Rp5.000.000;5;Orang Tua;Tidak;Tidak Ada;5;Sewa;Tidak
MHS01681;Tinggi;Rp3.000.000 - Rp5.000.000;1;Orang Tua;Tidak;Tidak Ada;7;Milik Sendiri;Tidak
MHS01682;Menengah;Rp1.000.000 - Rp3.000.000;2;Orang Tua;Tidak;Tidak Ada;4;Milik Sendiri;Tidak
MHS01683;Tinggi;Rp3.000.000 - Rp5.000.000;1;Orang Tua;Tidak;Tidak Ada;7;Sewa;Tidak
MHS01684;Rendah;Rp1.000.000 - Rp3.000.000;5;Orang Tua;Tidak;Tidak Ada;4;Sewa;Ya
MHS01685;Tinggi;Rp3.000.000 - Rp5.000.000;5;Orang Tua;Tidak;Tidak Ada;6;Menumpang;Tidak
MHS01686;Menengah;Rp1.000.000 - Rp3.000.000;5;Orang Tua;Tidak;Tidak Ada;3;Sewa;Tidak
MHS01687;Rendah;Rp1.000.000 - Rp3.000.000;5;Orang Tua;Tidak;Tidak Ada;4;Milik Sendiri;Tidak
MHS01688;Menengah;< Rp1.000.000;7;Orang Tua;Tidak;Tidak Ada;5;Sewa;Tidak
MHS01689;Tinggi;> Rp5.000.000;4;Orang Tua;Tidak;Tidak Ada;5;Milik Sendiri;Tidak
MHS01690;Tinggi;> Rp5.000.000;2;Orang Tua;Tidak;Tidak Ada;7;Milik Sendiri;Tidak
MHS01691;Menengah;Rp1.000.000 - Rp3.000.000;4;Beasiswa;Ya;Beasiswa Prestasi Akademik (PPA);4;Milik Sendiri;Tidak
MHS01692;Menengah;Rp1.000.000 - Rp3.000.000;3;Beasiswa;Ya;Beasiswa Prestasi Akademik (PPA);6;Menumpang;Tidak
MHS01693;Rendah;< Rp1.000.000;4;Beasiswa;Ya;KIP-Kuliah;1;Menumpang;Ya
MHS01694;Menengah;Rp3.000.000 - Rp5.000.000;4;Orang Tua;Tidak;Tidak Ada;5;Milik Sendiri;Ya
MHS01695;Tinggi;Rp3.000.000 - Rp5.000.000;5;Orang Tua;Tidak;Tidak Ada;4;Milik Sendiri;Tidak
MHS01696;Tinggi;Rp3.000.000 - Rp5.000.000;5;Orang Tua;Tidak;Tidak Ada;6;Menumpang;Tidak
MHS01697;Menengah;Rp3.000.000 - Rp5.000.000;5;Orang Tua;Tidak;Tidak Ada;4;Sewa;Tidak
MHS01698;Menengah;Rp1.000.000 - Rp3.000.000;5;Beasiswa;Ya;KIP-Kuliah;1;Menumpang;Ya
MHS01699;Tinggi;Rp3.000.000 - Rp5.000.000;7;Orang Tua;Tidak;Tidak Ada;6;Milik Sendiri;Ya
MHS01700;Tinggi;> Rp5.000.000;4;Orang Tua;Tidak;Tidak Ada;6;Milik Sendiri;Tidak
MHS01701;Menengah;Rp1.000.000 - Rp3.000.000;5;Beasiswa;Ya;Beasiswa Swasta/CSR;5;Milik Sendiri;Tidak
MHS01702;Menengah;Rp1.000.000 - Rp3.000.000;2;Beasiswa;Ya;Beasiswa Prestasi Akademik (PPA);5;Milik Sendiri;Tidak
MHS01703;Tinggi;Rp3.000.000 - Rp5.000.000;1;Orang Tua;Tidak;Tidak Ada;5;Milik Sendiri;Tidak
MHS01704;Menengah;Rp3.000.000 - Rp5.000.000;5;Orang Tua;Tidak;Tidak Ada;4;Milik Sendiri;Tidak
MHS01705;Menengah;Rp1.000.000 - Rp3.000.000;5;Beasiswa;Ya;KIP-Kuliah;3;Sewa;Tidak
MHS01706;Tinggi;> Rp5.000.000;3;Orang Tua;Tidak;Tidak Ada;8;Milik Sendiri;Tidak
MHS01707;Tinggi;> Rp5.000.000;4;Orang Tua;Tidak;Tidak Ada;7;Milik Sendiri;Tidak
MHS01708;Menengah;Rp3.000.000 - Rp5.000.000;5;Orang Tua;Ya;Beasiswa Daerah;4;Milik Sendiri;Tidak
MHS01709;Rendah;Rp1.000.000 - Rp3.000.000;4;Orang Tua;Tidak;Tidak Ada;2;Milik Sendiri;Tidak
MHS01710;Rendah;< Rp1.000.000;5;Orang Tua;Tidak;Tidak Ada;4;Sewa;Tidak
MHS01711;Tinggi;> Rp5.000.000;1;Orang Tua;Tidak;Tidak Ada;5;Milik Sendiri;Ya
MHS01712;Menengah;Rp3.000.000 - Rp5.000.000;5;Orang Tua;Tidak;Tidak Ada;6;Milik Sendiri;Tidak
MHS01713;Tinggi;Rp3.000.000 - Rp5.000.000;2;Orang Tua;Tidak;Tidak Ada;6;Milik Sendiri;Tidak
MHS01714;Menengah;Rp1.000.000 - Rp3.000.000;5;Pinjaman/Kredit Pendidikan;Tidak;Tidak Ada;3;Sewa;Tidak
MHS01715;Menengah;> Rp5.000.000;1;Orang Tua;Ya;Beasiswa Prestasi Akademik (PPA);5;Milik Sendiri;Tidak
MHS01716;Rendah;Rp1.000.000 - Rp3.000.000;5;Orang Tua;Ya;Beasiswa Prestasi Akademik (PPA);3;Menumpang;Tidak
MHS01717;Menengah;< Rp1.000.000;7;Orang Tua;Tidak;Tidak Ada;3;Menumpang;Tidak
MHS01718;Menengah;Rp3.000.000 - Rp5.000.000;3;Orang Tua;Tidak;Tidak Ada;5;Menumpang;Tidak
MHS01719;Menengah;Rp1.000.000 - Rp3.000.000;3;Orang Tua;Tidak;Tidak Ada;5;Milik Sendiri;Tidak
MHS01720;Rendah;< Rp1.000.000;4;Kerja Sendiri (part-time);Ya;KIP-Kuliah;2;Menumpang;Tidak
MHS01721;Menengah;Rp3.000.000 - Rp5.000.000;4;Orang Tua;Tidak;Tidak Ada;5;Sewa;Ya
MHS01722;Menengah;Rp1.000.000 - Rp3.000.000;6;Kerja Sendiri (part-time);Tidak;Tidak Ada;4;Sewa;Ya
MHS01723;Menengah;Rp3.000.000 - Rp5.000.000;3;Orang Tua;Tidak;Tidak Ada;4;Milik Sendiri;Tidak
MHS01724;Menengah;Rp3.000.000 - Rp5.000.000;5;Orang Tua;Tidak;Tidak Ada;7;Milik Sendiri;Tidak
MHS01725;Menengah;Rp1.000.000 - Rp3.000.000;3;Orang Tua;Ya;Beasiswa Prestasi Akademik (PPA);4;Sewa;Tidak
MHS01726;Menengah;Rp3.000.000 - Rp5.000.000;1;Orang Tua;Tidak;Tidak Ada;4;Sewa;Ya
MHS01727;Menengah;Rp3.000.000 - Rp5.000.000;4;Orang Tua;Tidak;Tidak Ada;5;Milik Sendiri;Tidak
MHS01728;Menengah;< Rp1.000.000;7;Orang Tua;Tidak;Tidak Ada;3;Menumpang;Ya
MHS01729;Menengah;Rp1.000.000 - Rp3.000.000;4;Beasiswa;Ya;Beasiswa Prestasi Akademik (PPA);5;Sewa;Tidak
MHS01730;Rendah;< Rp1.000.000;7;Beasiswa;Ya;KIP-Kuliah;2;Menumpang;Ya
MHS01731;Menengah;Rp1.000.000 - Rp3.000.000;4;Orang Tua;Tidak;Tidak Ada;2;Sewa;Tidak
MHS01732;Rendah;< Rp1.000.000;4;Beasiswa;Ya;KIP-Kuliah;1;Menumpang;Tidak
MHS01733;Menengah;Rp3.000.000 - Rp5.000.000;5;Kerja Sendiri (part-time);Tidak;Tidak Ada;5;Milik Sendiri;Ya
MHS01734;Tinggi;> Rp5.000.000;1;Orang Tua;Tidak;Tidak Ada;8;Milik Sendiri;Tidak
MHS01735;Rendah;Rp1.000.000 - Rp3.000.000;6;Orang Tua;Tidak;Tidak Ada;3;Sewa;Tidak
MHS01736;Menengah;Rp1.000.000 - Rp3.000.000;3;Orang Tua;Tidak;Tidak Ada;2;Menumpang;Tidak
MHS01737;Rendah;< Rp1.000.000;6;Orang Tua;Tidak;Tidak Ada;4;Sewa;Tidak
MHS01738;Menengah;Rp1.000.000 - Rp3.000.000;8;Orang Tua;Tidak;Tidak Ada;4;Milik Sendiri;Tidak
MHS01739;Menengah;> Rp5.000.000;4;Orang Tua;Tidak;Tidak Ada;4;Milik Sendiri;Tidak
MHS01740;Tinggi;> Rp5.000.000;2;Orang Tua;Tidak;Tidak Ada;6;Milik Sendiri;Tidak
MHS01741;Menengah;Rp3.000.000 - Rp5.000.000;5;Orang Tua;Tidak;Tidak Ada;6;Milik Sendiri;Tidak
MHS01742;Tinggi;Rp3.000.000 - Rp5.000.000;2;Orang Tua;Tidak;Tidak Ada;5;Milik Sendiri;Ya
MHS01743;Tinggi;> Rp5.000.000;4;Orang Tua;Tidak;Tidak Ada;8;Milik Sendiri;Tidak
MHS01744;Menengah;Rp1.000.000 - Rp3.000.000;4;Orang Tua;Tidak;Tidak Ada;5;Menumpang;Tidak
MHS01745;Menengah;Rp3.000.000 - Rp5.000.000;6;Orang Tua;Tidak;Tidak Ada;6;Milik Sendiri;Tidak
MHS01746;Rendah;Rp1.000.000 - Rp3.000.000;6;Kerja Sendiri (part-time);Ya;KIP-Kuliah;3;Sewa;Tidak
MHS01747;Rendah;Rp1.000.000 - Rp3.000.000;2;Orang Tua;Tidak;Tidak Ada;4;Milik Sendiri;Tidak
MHS01748;Menengah;Rp3.000.000 - Rp5.000.000;5;Orang Tua;Tidak;Tidak Ada;5;Menumpang;Tidak
MHS01749;Menengah;Rp1.000.000 - Rp3.000.000;4;Orang Tua;Tidak;Tidak Ada;4;Sewa;Tidak
MHS01750;Menengah;Rp1.000.000 - Rp3.000.000;5;Beasiswa;Ya;Beasiswa Prestasi Akademik (PPA);4;Sewa;Tidak
MHS01751;Menengah;Rp1.000.000 - Rp3.000.000;7;Kerja Sendiri (part-time);Tidak;Tidak Ada;5;Milik Sendiri;Ya
MHS01752;Menengah;Rp3.000.000 - Rp5.000.000;6;Orang Tua;Tidak;Tidak Ada;3;Milik Sendiri;Tidak
MHS01753;Menengah;< Rp1.000.000;6;Orang Tua;Ya;Beasiswa Prestasi Akademik (PPA);3;Menumpang;Tidak
MHS01754;Rendah;Rp1.000.000 - Rp3.000.000;4;Beasiswa;Ya;KIP-Kuliah;2;Sewa;Ya
MHS01755;Menengah;Rp1.000.000 - Rp3.000.000;8;Orang Tua;Tidak;Tidak Ada;4;Sewa;Tidak
MHS01756;Menengah;Rp1.000.000 - Rp3.000.000;3;Orang Tua;Tidak;Tidak Ada;5;Milik Sendiri;Ya
MHS01757;Menengah;Rp1.000.000 - Rp3.000.000;3;Orang Tua;Tidak;Tidak Ada;5;Menumpang;Tidak
MHS01758;Menengah;Rp1.000.000 - Rp3.000.000;4;Orang Tua;Tidak;Tidak Ada;4;Sewa;Tidak
MHS01759;Tinggi;> Rp5.000.000;4;Orang Tua;Ya;Beasiswa Daerah;6;Milik Sendiri;Tidak
MHS01760;Menengah;Rp3.000.000 - Rp5.000.000;3;Orang Tua;Tidak;Tidak Ada;5;Milik Sendiri;Tidak
MHS01761;Menengah;Rp3.000.000 - Rp5.000.000;7;Orang Tua;Ya;Beasiswa Daerah;6;Sewa;Tidak
MHS01762;Menengah;Rp3.000.000 - Rp5.000.000;3;Orang Tua;Tidak;Tidak Ada;5;Milik Sendiri;Tidak
MHS01763;Menengah;Rp3.000.000 - Rp5.000.000;4;Kerja Sendiri (part-time);Tidak;Tidak Ada;5;Sewa;Tidak
MHS01764;Menengah;> Rp5.000.000;2;Orang Tua;Tidak;Tidak Ada;6;Sewa;Tidak
MHS01765;Rendah;< Rp1.000.000;4;Beasiswa;Ya;KIP-Kuliah;2;Menumpang;Ya
MHS01766;Menengah;Rp1.000.000 - Rp3.000.000;6;Orang Tua;Tidak;Tidak Ada;5;Sewa;Ya
MHS01767;Tinggi;> Rp5.000.000;1;Orang Tua;Tidak;Tidak Ada;8;Milik Sendiri;Tidak
MHS01768;Rendah;< Rp1.000.000;3;Beasiswa;Ya;KIP-Kuliah;3;Sewa;Tidak
MHS01769;Menengah;Rp1.000.000 - Rp3.000.000;4;Beasiswa;Ya;KIP-Kuliah;3;Sewa;Tidak
MHS01770;Menengah;Rp3.000.000 - Rp5.000.000;2;Orang Tua;Tidak;Tidak Ada;4;Sewa;Tidak
MHS01771;Tinggi;Rp3.000.000 - Rp5.000.000;4;Orang Tua;Tidak;Tidak Ada;5;Milik Sendiri;Tidak
MHS01772;Tinggi;Rp3.000.000 - Rp5.000.000;5;Orang Tua;Tidak;Tidak Ada;3;Milik Sendiri;Tidak
MHS01773;Menengah;Rp3.000.000 - Rp5.000.000;4;Orang Tua;Ya;KIP-Kuliah;3;Milik Sendiri;Tidak
MHS01774;Rendah;Rp1.000.000 - Rp3.000.000;7;Beasiswa;Ya;KIP-Kuliah;3;Menumpang;Tidak
MHS01775;Menengah;Rp3.000.000 - Rp5.000.000;4;Orang Tua;Tidak;Tidak Ada;6;Milik Sendiri;Tidak
MHS01776;Tinggi;> Rp5.000.000;2;Orang Tua;Tidak;Tidak Ada;7;Milik Sendiri;Tidak
MHS01777;Menengah;Rp3.000.000 - Rp5.000.000;4;Beasiswa;Ya;KIP-Kuliah;5;Sewa;Tidak
MHS01778;Tinggi;> Rp5.000.000;5;Orang Tua;Tidak;Tidak Ada;7;Milik Sendiri;Tidak
MHS01779;Menengah;Rp3.000.000 - Rp5.000.000;5;Orang Tua;Tidak;Tidak Ada;6;Sewa;Tidak
MHS01780;Menengah;Rp1.000.000 - Rp3.000.000;5;Kerja Sendiri (part-time);Ya;Beasiswa Daerah;3;Sewa;Tidak
MHS01781;Tinggi;Rp3.000.000 - Rp5.000.000;3;Orang Tua;Tidak;Tidak Ada;6;Menumpang;Tidak
MHS01782;Tinggi;Rp3.000.000 - Rp5.000.000;4;Orang Tua;Tidak;Tidak Ada;6;Milik Sendiri;Tidak
MHS01783;Menengah;Rp1.000.000 - Rp3.000.000;4;Orang Tua;Tidak;Tidak Ada;3;Sewa;Tidak
MHS01784;Menengah;< Rp1.000.000;2;Beasiswa;Ya;KIP-Kuliah;2;Sewa;Tidak
MHS01785;Tinggi;Rp3.000.000 - Rp5.000.000;2;Orang Tua;Tidak;Tidak Ada;5;Milik Sendiri;Tidak
MHS01786;Menengah;Rp1.000.000 - Rp3.000.000;4;Orang Tua;Tidak;Tidak Ada;5;Menumpang;Tidak
MHS01787;Menengah;Rp3.000.000 - Rp5.000.000;5;Orang Tua;Tidak;Tidak Ada;4;Milik Sendiri;Tidak
MHS01788;Menengah;< Rp1.000.000;6;Beasiswa;Ya;KIP-Kuliah;4;Sewa;Tidak
MHS01789;Menengah;Rp1.000.000 - Rp3.000.000;6;Orang Tua;Tidak;Tidak Ada;3;Milik Sendiri;Tidak
MHS01790;Menengah;Rp3.000.000 - Rp5.000.000;3;Pinjaman/Kredit Pendidikan;Tidak;Tidak Ada;4;Sewa;Tidak
MHS01791;Menengah;Rp3.000.000 - Rp5.000.000;5;Orang Tua;Ya;KIP-Kuliah;5;Milik Sendiri;Tidak
MHS01792;Tinggi;Rp3.000.000 - Rp5.000.000;5;Orang Tua;Tidak;Tidak Ada;6;Milik Sendiri;Ya
MHS01793;Menengah;Rp3.000.000 - Rp5.000.000;4;Orang Tua;Ya;Beasiswa Daerah;3;Milik Sendiri;Tidak
MHS01794;Menengah;Rp3.000.000 - Rp5.000.000;2;Orang Tua;Tidak;Tidak Ada;6;Milik Sendiri;Tidak
MHS01795;Menengah;Rp3.000.000 - Rp5.000.000;2;Orang Tua;Tidak;Tidak Ada;6;Milik Sendiri;Tidak
MHS01796;Tinggi;> Rp5.000.000;5;Orang Tua;Tidak;Tidak Ada;6;Sewa;Tidak
MHS01797;Menengah;Rp1.000.000 - Rp3.000.000;4;Orang Tua;Tidak;Tidak Ada;5;Milik Sendiri;Tidak
MHS01798;Rendah;Rp1.000.000 - Rp3.000.000;3;Orang Tua;Tidak;Tidak Ada;5;Sewa;Ya
MHS01799;Menengah;Rp3.000.000 - Rp5.000.000;5;Beasiswa;Ya;Beasiswa Daerah;5;Milik Sendiri;Tidak
MHS01800;Tinggi;> Rp5.000.000;3;Orang Tua;Tidak;Tidak Ada;6;Sewa;Tidak
MHS01801;Rendah;Rp1.000.000 - Rp3.000.000;5;Kerja Sendiri (part-time);Tidak;Tidak Ada;4;Menumpang;Ya
MHS01802;Menengah;Rp1.000.000 - Rp3.000.000;5;Kerja Sendiri (part-time);Tidak;Tidak Ada;3;Sewa;Tidak
MHS01803;Menengah;Rp3.000.000 - Rp5.000.000;5;Kerja Sendiri (part-time);Tidak;Tidak Ada;4;Milik Sendiri;Tidak
MHS01804;Rendah;Rp3.000.000 - Rp5.000.000;4;Kerja Sendiri (part-time);Tidak;Tidak Ada;5;Sewa;Ya
MHS01805;Menengah;Rp3.000.000 - Rp5.000.000;8;Beasiswa;Ya;Beasiswa Swasta/CSR;6;Milik Sendiri;Tidak
MHS01806;Tinggi;Rp3.000.000 - Rp5.000.000;4;Orang Tua;Tidak;Tidak Ada;6;Milik Sendiri;Tidak
MHS01807;Tinggi;> Rp5.000.000;2;Orang Tua;Tidak;Tidak Ada;6;Milik Sendiri;Tidak
MHS01808;Tinggi;Rp3.000.000 - Rp5.000.000;3;Orang Tua;Tidak;Tidak Ada;7;Milik Sendiri;Tidak
MHS01809;Menengah;Rp3.000.000 - Rp5.000.000;5;Kerja Sendiri (part-time);Ya;Beasiswa Prestasi Akademik (PPA);4;Sewa;Ya
MHS01810;Menengah;Rp3.000.000 - Rp5.000.000;3;Beasiswa;Ya;Beasiswa Prestasi Akademik (PPA);4;Menumpang;Ya
MHS01811;Rendah;< Rp1.000.000;6;Beasiswa;Ya;KIP-Kuliah;2;Menumpang;Tidak
MHS01812;Menengah;Rp3.000.000 - Rp5.000.000;5;Beasiswa;Ya;Beasiswa Prestasi Akademik (PPA);5;Sewa;Tidak
MHS01813;Menengah;Rp1.000.000 - Rp3.000.000;7;Orang Tua;Tidak;Tidak Ada;4;Menumpang;Ya
MHS01814;Menengah;Rp1.000.000 - Rp3.000.000;6;Orang Tua;Tidak;Tidak Ada;4;Sewa;Tidak
MHS01815;Rendah;< Rp1.000.000;5;Beasiswa;Ya;KIP-Kuliah;1;Sewa;Ya
MHS01816;Rendah;< Rp1.000.000;9;Beasiswa;Ya;KIP-Kuliah;1;Sewa;Tidak
MHS01817;Menengah;Rp3.000.000 - Rp5.000.000;2;Pinjaman/Kredit Pendidikan;Tidak;Tidak Ada;7;Milik Sendiri;Tidak
MHS01818;Menengah;Rp1.000.000 - Rp3.000.000;3;Beasiswa;Ya;Beasiswa Prestasi Akademik (PPA);6;Sewa;Tidak
MHS01819;Menengah;< Rp1.000.000;7;Beasiswa;Ya;KIP-Kuliah;2;Sewa;Ya
MHS01820;Rendah;< Rp1.000.000;6;Beasiswa;Ya;KIP-Kuliah;1;Menumpang;Tidak
MHS01821;Rendah;< Rp1.000.000;5;Beasiswa;Ya;KIP-Kuliah;1;Menumpang;Ya
MHS01822;Menengah;Rp1.000.000 - Rp3.000.000;4;Orang Tua;Tidak;Tidak Ada;4;Milik Sendiri;Tidak
MHS01823;Menengah;Rp3.000.000 - Rp5.000.000;2;Orang Tua;Tidak;Tidak Ada;7;Milik Sendiri;Ya
MHS01824;Menengah;Rp3.000.000 - Rp5.000.000;6;Orang Tua;Tidak;Tidak Ada;6;Milik Sendiri;Ya
MHS01825;Menengah;Rp1.000.000 - Rp3.000.000;3;Orang Tua;Tidak;Tidak Ada;5;Sewa;Ya
MHS01826;Menengah;Rp1.000.000 - Rp3.000.000;8;Orang Tua;Tidak;Tidak Ada;4;Menumpang;Ya
MHS01827;Tinggi;> Rp5.000.000;6;Orang Tua;Ya;Beasiswa Prestasi Akademik (PPA);8;Milik Sendiri;Tidak
MHS01828;Tinggi;> Rp5.000.000;1;Orang Tua;Tidak;Tidak Ada;5;Milik Sendiri;Ya
MHS01829;Tinggi;Rp3.000.000 - Rp5.000.000;2;Orang Tua;Tidak;Tidak Ada;5;Milik Sendiri;Ya
MHS01830;Rendah;Rp1.000.000 - Rp3.000.000;7;Kerja Sendiri (part-time);Tidak;Tidak Ada;4;Menumpang;Ya
MHS01831;Tinggi;> Rp5.000.000;5;Beasiswa;Ya;Beasiswa Prestasi Akademik (PPA);6;Milik Sendiri;Tidak
MHS01832;Menengah;> Rp5.000.000;2;Pinjaman/Kredit Pendidikan;Ya;Beasiswa Prestasi Akademik (PPA);7;Milik Sendiri;Tidak
MHS01833;Menengah;Rp3.000.000 - Rp5.000.000;5;Beasiswa;Ya;Beasiswa Prestasi Akademik (PPA);5;Milik Sendiri;Tidak
MHS01834;Tinggi;Rp3.000.000 - Rp5.000.000;5;Orang Tua;Tidak;Tidak Ada;6;Milik Sendiri;Tidak
MHS01835;Tinggi;Rp3.000.000 - Rp5.000.000;3;Orang Tua;Ya;Beasiswa Swasta/CSR;6;Sewa;Tidak
MHS01836;Tinggi;> Rp5.000.000;4;Beasiswa;Ya;Beasiswa Prestasi Akademik (PPA);5;Milik Sendiri;Tidak
MHS01837;Tinggi;> Rp5.000.000;7;Beasiswa;Ya;Beasiswa Prestasi Akademik (PPA);7;Milik Sendiri;Tidak
MHS01838;Menengah;Rp1.000.000 - Rp3.000.000;5;Pinjaman/Kredit Pendidikan;Ya;Beasiswa Prestasi Akademik (PPA);4;Sewa;Tidak
MHS01839;Tinggi;Rp3.000.000 - Rp5.000.000;2;Orang Tua;Tidak;Tidak Ada;4;Sewa;Tidak
MHS01840;Menengah;Rp1.000.000 - Rp3.000.000;3;Orang Tua;Tidak;Tidak Ada;3;Sewa;Tidak
MHS01841;Rendah;< Rp1.000.000;6;Beasiswa;Ya;KIP-Kuliah;3;Menumpang;Ya
MHS01842;Rendah;Rp1.000.000 - Rp3.000.000;1;Beasiswa;Ya;KIP-Kuliah;2;Sewa;Ya
MHS01843;Rendah;< Rp1.000.000;3;Orang Tua;Tidak;Tidak Ada;3;Menumpang;Ya
MHS01844;Rendah;< Rp1.000.000;7;Beasiswa;Ya;KIP-Kuliah;4;Sewa;Tidak
MHS01845;Tinggi;> Rp5.000.000;3;Orang Tua;Tidak;Tidak Ada;6;Milik Sendiri;Tidak
MHS01846;Menengah;Rp3.000.000 - Rp5.000.000;8;Beasiswa;Ya;KIP-Kuliah;4;Milik Sendiri;Tidak
MHS01847;Rendah;Rp1.000.000 - Rp3.000.000;7;Orang Tua;Tidak;Tidak Ada;3;Menumpang;Tidak
MHS01848;Rendah;< Rp1.000.000;4;Beasiswa;Ya;KIP-Kuliah;4;Sewa;Tidak
MHS01849;Tinggi;Rp3.000.000 - Rp5.000.000;5;Kerja Sendiri (part-time);Tidak;Tidak Ada;5;Sewa;Ya
MHS01850;Rendah;< Rp1.000.000;4;Beasiswa;Ya;KIP-Kuliah;2;Sewa;Ya
MHS01851;Rendah;< Rp1.000.000;4;Beasiswa;Ya;KIP-Kuliah;2;Milik Sendiri;Tidak
MHS01852;Menengah;Rp3.000.000 - Rp5.000.000;2;Orang Tua;Tidak;Tidak Ada;6;Menumpang;Ya
MHS01853;Menengah;Rp3.000.000 - Rp5.000.000;4;Orang Tua;Tidak;Tidak Ada;7;Milik Sendiri;Tidak
MHS01854;Menengah;Rp3.000.000 - Rp5.000.000;2;Orang Tua;Tidak;Tidak Ada;6;Milik Sendiri;Tidak
MHS01855;Tinggi;> Rp5.000.000;4;Orang Tua;Tidak;Tidak Ada;5;Milik Sendiri;Tidak
MHS01856;Tinggi;> Rp5.000.000;2;Orang Tua;Tidak;Tidak Ada;6;Milik Sendiri;Tidak
MHS01857;Rendah;< Rp1.000.000;4;Beasiswa;Ya;KIP-Kuliah;4;Sewa;Ya
MHS01858;Tinggi;> Rp5.000.000;4;Beasiswa;Ya;Beasiswa Daerah;6;Milik Sendiri;Tidak
MHS01859;Menengah;> Rp5.000.000;2;Orang Tua;Tidak;Tidak Ada;8;Milik Sendiri;Tidak
MHS01860;Rendah;Rp1.000.000 - Rp3.000.000;4;Orang Tua;Tidak;Tidak Ada;3;Sewa;Ya
MHS01861;Rendah;< Rp1.000.000;5;Beasiswa;Ya;KIP-Kuliah;3;Sewa;Tidak
MHS01862;Menengah;< Rp1.000.000;4;Orang Tua;Tidak;Tidak Ada;3;Sewa;Ya
MHS01863;Tinggi;Rp3.000.000 - Rp5.000.000;3;Orang Tua;Tidak;Tidak Ada;6;Milik Sendiri;Tidak
MHS01864;Menengah;> Rp5.000.000;3;Orang Tua;Tidak;Tidak Ada;7;Milik Sendiri;Tidak
MHS01865;Tinggi;Rp3.000.000 - Rp5.000.000;2;Pinjaman/Kredit Pendidikan;Tidak;Tidak Ada;6;Milik Sendiri;Tidak
MHS01866;Menengah;Rp1.000.000 - Rp3.000.000;7;Orang Tua;Tidak;Tidak Ada;4;Sewa;Ya
MHS01867;Menengah;Rp3.000.000 - Rp5.000.000;2;Orang Tua;Ya;Beasiswa Swasta/CSR;4;Sewa;Tidak
MHS01868;Tinggi;> Rp5.000.000;8;Orang Tua;Tidak;Tidak Ada;8;Milik Sendiri;Tidak
MHS01869;Menengah;Rp1.000.000 - Rp3.000.000;8;Beasiswa;Ya;KIP-Kuliah;6;Milik Sendiri;Tidak
MHS01870;Menengah;Rp3.000.000 - Rp5.000.000;3;Orang Tua;Tidak;Tidak Ada;4;Sewa;Tidak
MHS01871;Menengah;Rp1.000.000 - Rp3.000.000;3;Kerja Sendiri (part-time);Tidak;Tidak Ada;3;Sewa;Ya
MHS01872;Tinggi;> Rp5.000.000;4;Orang Tua;Tidak;Tidak Ada;8;Milik Sendiri;Tidak
MHS01873;Menengah;< Rp1.000.000;3;Orang Tua;Tidak;Tidak Ada;5;Sewa;Ya
MHS01874;Menengah;< Rp1.000.000;4;Beasiswa;Ya;KIP-Kuliah;4;Sewa;Ya
MHS01875;Menengah;Rp3.000.000 - Rp5.000.000;1;Orang Tua;Tidak;Tidak Ada;5;Sewa;Tidak
MHS01876;Rendah;< Rp1.000.000;7;Beasiswa;Ya;KIP-Kuliah;1;Sewa;Tidak
MHS01877;Tinggi;Rp3.000.000 - Rp5.000.000;3;Orang Tua;Tidak;Tidak Ada;5;Milik Sendiri;Tidak
MHS01878;Tinggi;> Rp5.000.000;3;Orang Tua;Tidak;Tidak Ada;8;Milik Sendiri;Ya
MHS01879;Menengah;Rp1.000.000 - Rp3.000.000;1;Orang Tua;Tidak;Tidak Ada;5;Sewa;Tidak
MHS01880;Tinggi;> Rp5.000.000;3;Orang Tua;Tidak;Tidak Ada;4;Milik Sendiri;Tidak
MHS01881;Menengah;Rp1.000.000 - Rp3.000.000;4;Beasiswa;Ya;KIP-Kuliah;2;Menumpang;Tidak
MHS01882;Rendah;Rp1.000.000 - Rp3.000.000;3;Orang Tua;Ya;Beasiswa Swasta/CSR;4;Sewa;Tidak
MHS01883;Menengah;Rp3.000.000 - Rp5.000.000;6;Orang Tua;Tidak;Tidak Ada;5;Milik Sendiri;Tidak
MHS01884;Rendah;< Rp1.000.000;7;Orang Tua;Tidak;Tidak Ada;3;Menumpang;Ya
MHS01885;Rendah;Rp1.000.000 - Rp3.000.000;5;Pinjaman/Kredit Pendidikan;Tidak;Tidak Ada;6;Sewa;Tidak
MHS01886;Menengah;Rp3.000.000 - Rp5.000.000;4;Beasiswa;Ya;KIP-Kuliah;5;Milik Sendiri;Tidak
MHS01887;Tinggi;> Rp5.000.000;1;Orang Tua;Tidak;Tidak Ada;6;Milik Sendiri;Tidak
MHS01888;Menengah;Rp1.000.000 - Rp3.000.000;4;Orang Tua;Tidak;Tidak Ada;4;Milik Sendiri;Tidak
MHS01889;Rendah;< Rp1.000.000;8;Orang Tua;Ya;KIP-Kuliah;3;Menumpang;Tidak
MHS01890;Rendah;Rp1.000.000 - Rp3.000.000;3;Orang Tua;Tidak;Tidak Ada;4;Sewa;Tidak
MHS01891;Rendah;Rp1.000.000 - Rp3.000.000;8;Beasiswa;Ya;KIP-Kuliah;3;Milik Sendiri;Ya
MHS01892;Menengah;> Rp5.000.000;6;Beasiswa;Ya;Beasiswa Swasta/CSR;7;Milik Sendiri;Tidak
MHS01893;Tinggi;Rp3.000.000 - Rp5.000.000;3;Orang Tua;Tidak;Tidak Ada;5;Milik Sendiri;Tidak
MHS01894;Menengah;Rp3.000.000 - Rp5.000.000;7;Orang Tua;Ya;Beasiswa Prestasi Akademik (PPA);5;Sewa;Tidak
MHS01895;Tinggi;> Rp5.000.000;9;Orang Tua;Ya;Beasiswa Prestasi Akademik (PPA);5;Milik Sendiri;Tidak
MHS01896;Rendah;< Rp1.000.000;4;Kerja Sendiri (part-time);Ya;Beasiswa Daerah;3;Sewa;Tidak
MHS01897;Menengah;Rp1.000.000 - Rp3.000.000;3;Beasiswa;Ya;Beasiswa Prestasi Akademik (PPA);4;Sewa;Ya
MHS01898;Menengah;Rp1.000.000 - Rp3.000.000;7;Orang Tua;Tidak;Tidak Ada;6;Milik Sendiri;Ya
MHS01899;Menengah;Rp3.000.000 - Rp5.000.000;1;Orang Tua;Tidak;Tidak Ada;5;Milik Sendiri;Tidak
MHS01900;Tinggi;> Rp5.000.000;3;Orang Tua;Tidak;Tidak Ada;7;Milik Sendiri;Tidak
MHS01901;Menengah;Rp1.000.000 - Rp3.000.000;2;Orang Tua;Tidak;Tidak Ada;4;Milik Sendiri;Tidak
MHS01902;Menengah;Rp3.000.000 - Rp5.000.000;7;Orang Tua;Tidak;Tidak Ada;5;Milik Sendiri;Tidak
MHS01903;Tinggi;Rp3.000.000 - Rp5.000.000;6;Beasiswa;Ya;Beasiswa Daerah;5;Milik Sendiri;Tidak
MHS01904;Tinggi;> Rp5.000.000;2;Orang Tua;Tidak;Tidak Ada;4;Sewa;Tidak
MHS01905;Menengah;Rp3.000.000 - Rp5.000.000;5;Kerja Sendiri (part-time);Tidak;Tidak Ada;5;Milik Sendiri;Ya
MHS01906;Menengah;Rp3.000.000 - Rp5.000.000;7;Orang Tua;Ya;Beasiswa Prestasi Akademik (PPA);5;Sewa;Tidak
MHS01907;Tinggi;Rp1.000.000 - Rp3.000.000;2;Orang Tua;Tidak;Tidak Ada;4;Milik Sendiri;Tidak
MHS01908;Menengah;Rp3.000.000 - Rp5.000.000;4;Orang Tua;Tidak;Tidak Ada;4;Sewa;Tidak
MHS01909;Rendah;< Rp1.000.000;5;Beasiswa;Ya;KIP-Kuliah;1;Menumpang;Tidak
MHS01910;Menengah;Rp1.000.000 - Rp3.000.000;5;Kerja Sendiri (part-time);Tidak;Tidak Ada;2;Sewa;Tidak
MHS01911;Rendah;< Rp1.000.000;5;Orang Tua;Tidak;Tidak Ada;3;Sewa;Ya
MHS01912;Menengah;Rp3.000.000 - Rp5.000.000;2;Orang Tua;Tidak;Tidak Ada;4;Milik Sendiri;Tidak
MHS01913;Menengah;Rp3.000.000 - Rp5.000.000;2;Orang Tua;Tidak;Tidak Ada;5;Milik Sendiri;Tidak
MHS01914;Rendah;< Rp1.000.000;7;Beasiswa;Ya;KIP-Kuliah;3;Menumpang;Ya
MHS01915;Tinggi;> Rp5.000.000;1;Orang Tua;Tidak;Tidak Ada;8;Milik Sendiri;Tidak
MHS01916;Tinggi;Rp3.000.000 - Rp5.000.000;2;Orang Tua;Tidak;Tidak Ada;5;Milik Sendiri;Tidak
MHS01917;Tinggi;Rp3.000.000 - Rp5.000.000;3;Orang Tua;Tidak;Tidak Ada;7;Milik Sendiri;Tidak
MHS01918;Menengah;Rp1.000.000 - Rp3.000.000;4;Orang Tua;Tidak;Tidak Ada;5;Sewa;Tidak
MHS01919;Menengah;Rp1.000.000 - Rp3.000.000;3;Orang Tua;Tidak;Tidak Ada;3;Menumpang;Tidak
MHS01920;Rendah;< Rp1.000.000;4;Beasiswa;Ya;KIP-Kuliah;2;Sewa;Tidak
MHS01921;Menengah;Rp1.000.000 - Rp3.000.000;3;Orang Tua;Tidak;Tidak Ada;5;Milik Sendiri;Tidak
MHS01922;Tinggi;> Rp5.000.000;3;Orang Tua;Tidak;Tidak Ada;8;Milik Sendiri;Tidak
MHS01923;Menengah;> Rp5.000.000;3;Orang Tua;Tidak;Tidak Ada;8;Milik Sendiri;Tidak
MHS01924;Rendah;Rp1.000.000 - Rp3.000.000;5;Orang Tua;Tidak;Tidak Ada;2;Menumpang;Tidak
MHS01925;Menengah;Rp1.000.000 - Rp3.000.000;9;Orang Tua;Tidak;Tidak Ada;4;Menumpang;Ya
MHS01926;Menengah;Rp3.000.000 - Rp5.000.000;5;Beasiswa;Ya;Beasiswa Daerah;5;Sewa;Tidak
MHS01927;Menengah;Rp3.000.000 - Rp5.000.000;2;Orang Tua;Tidak;Tidak Ada;4;Milik Sendiri;Tidak
MHS01928;Tinggi;Rp3.000.000 - Rp5.000.000;2;Orang Tua;Tidak;Tidak Ada;4;Milik Sendiri;Ya
MHS01929;Tinggi;> Rp5.000.000;5;Orang Tua;Ya;Beasiswa Prestasi Akademik (PPA);8;Milik Sendiri;Tidak
MHS01930;Menengah;Rp3.000.000 - Rp5.000.000;3;Orang Tua;Tidak;Tidak Ada;6;Milik Sendiri;Tidak
MHS01931;Tinggi;> Rp5.000.000;4;Orang Tua;Tidak;Tidak Ada;7;Milik Sendiri;Tidak
MHS01932;Menengah;< Rp1.000.000;9;Beasiswa;Ya;KIP-Kuliah;3;Menumpang;Tidak
MHS01933;Menengah;Rp1.000.000 - Rp3.000.000;4;Orang Tua;Tidak;Tidak Ada;5;Menumpang;Tidak
MHS01934;Rendah;< Rp1.000.000;2;Beasiswa;Ya;KIP-Kuliah;4;Sewa;Ya
MHS01935;Menengah;Rp3.000.000 - Rp5.000.000;4;Orang Tua;Tidak;Tidak Ada;5;Menumpang;Tidak
MHS01936;Menengah;> Rp5.000.000;3;Kerja Sendiri (part-time);Tidak;Tidak Ada;8;Milik Sendiri;Tidak
MHS01937;Menengah;Rp1.000.000 - Rp3.000.000;6;Beasiswa;Ya;KIP-Kuliah;4;Menumpang;Tidak
MHS01938;Rendah;< Rp1.000.000;6;Beasiswa;Ya;KIP-Kuliah;4;Menumpang;Tidak
MHS01939;Menengah;Rp3.000.000 - Rp5.000.000;4;Orang Tua;Ya;Beasiswa Prestasi Akademik (PPA);6;Milik Sendiri;Tidak
MHS01940;Menengah;Rp3.000.000 - Rp5.000.000;1;Orang Tua;Tidak;Tidak Ada;5;Sewa;Tidak
MHS01941;Menengah;Rp3.000.000 - Rp5.000.000;4;Orang Tua;Tidak;Tidak Ada;3;Milik Sendiri;Tidak
MHS01942;Menengah;Rp1.000.000 - Rp3.000.000;4;Beasiswa;Ya;Beasiswa Prestasi Akademik (PPA);4;Sewa;Tidak
MHS01943;Tinggi;Rp3.000.000 - Rp5.000.000;4;Orang Tua;Tidak;Tidak Ada;5;Sewa;Tidak
MHS01944;Tinggi;Rp3.000.000 - Rp5.000.000;2;Orang Tua;Tidak;Tidak Ada;5;Milik Sendiri;Tidak
MHS01945;Menengah;Rp3.000.000 - Rp5.000.000;6;Beasiswa;Ya;KIP-Kuliah;5;Milik Sendiri;Tidak
MHS01946;Rendah;< Rp1.000.000;5;Beasiswa;Ya;KIP-Kuliah;1;Menumpang;Ya
MHS01947;Menengah;< Rp1.000.000;8;Orang Tua;Tidak;Tidak Ada;2;Menumpang;Ya
MHS01948;Tinggi;> Rp5.000.000;3;Orang Tua;Tidak;Tidak Ada;6;Milik Sendiri;Tidak
MHS01949;Menengah;Rp1.000.000 - Rp3.000.000;3;Orang Tua;Tidak;Tidak Ada;4;Menumpang;Tidak
MHS01950;Tinggi;> Rp5.000.000;5;Orang Tua;Tidak;Tidak Ada;7;Milik Sendiri;Tidak
MHS01951;Rendah;< Rp1.000.000;6;Beasiswa;Ya;KIP-Kuliah;2;Menumpang;Tidak
MHS01952;Menengah;Rp1.000.000 - Rp3.000.000;2;Orang Tua;Tidak;Tidak Ada;5;Menumpang;Tidak
MHS01953;Tinggi;> Rp5.000.000;1;Orang Tua;Ya;Beasiswa Prestasi Akademik (PPA);6;Milik Sendiri;Tidak
MHS01954;Rendah;< Rp1.000.000;6;Kerja Sendiri (part-time);Tidak;Tidak Ada;2;Menumpang;Ya
MHS01955;Menengah;< Rp1.000.000;5;Beasiswa;Ya;KIP-Kuliah;3;Menumpang;Tidak
MHS01956;Menengah;Rp1.000.000 - Rp3.000.000;3;Beasiswa;Ya;KIP-Kuliah;3;Sewa;Tidak
MHS01957;Menengah;Rp1.000.000 - Rp3.000.000;5;Kerja Sendiri (part-time);Tidak;Tidak Ada;4;Menumpang;Tidak
MHS01958;Menengah;Rp3.000.000 - Rp5.000.000;5;Orang Tua;Tidak;Tidak Ada;4;Milik Sendiri;Tidak
MHS01959;Menengah;Rp1.000.000 - Rp3.000.000;3;Beasiswa;Ya;KIP-Kuliah;2;Sewa;Tidak
MHS01960;Menengah;< Rp1.000.000;3;Orang Tua;Tidak;Tidak Ada;2;Sewa;Tidak
MHS01961;Rendah;< Rp1.000.000;9;Beasiswa;Ya;KIP-Kuliah;2;Menumpang;Ya
MHS01962;Menengah;Rp1.000.000 - Rp3.000.000;4;Orang Tua;Ya;Beasiswa Prestasi Akademik (PPA);4;Sewa;Tidak
MHS01963;Tinggi;> Rp5.000.000;6;Orang Tua;Tidak;Tidak Ada;8;Milik Sendiri;Tidak
MHS01964;Tinggi;Rp1.000.000 - Rp3.000.000;8;Beasiswa;Ya;KIP-Kuliah;5;Sewa;Tidak
MHS01965;Menengah;Rp3.000.000 - Rp5.000.000;5;Orang Tua;Tidak;Tidak Ada;4;Milik Sendiri;Tidak
MHS01966;Rendah;Rp1.000.000 - Rp3.000.000;2;Kerja Sendiri (part-time);Tidak;Tidak Ada;4;Sewa;Tidak
MHS01967;Menengah;> Rp5.000.000;2;Orang Tua;Tidak;Tidak Ada;5;Milik Sendiri;Tidak
MHS01968;Menengah;Rp3.000.000 - Rp5.000.000;5;Orang Tua;Tidak;Tidak Ada;4;Milik Sendiri;Tidak
MHS01969;Menengah;Rp1.000.000 - Rp3.000.000;3;Beasiswa;Ya;KIP-Kuliah;4;Sewa;Tidak
MHS01970;Rendah;Rp1.000.000 - Rp3.000.000;8;Beasiswa;Ya;KIP-Kuliah;4;Sewa;Tidak
MHS01971;Menengah;Rp3.000.000 - Rp5.000.000;2;Orang Tua;Ya;Beasiswa Prestasi Akademik (PPA);7;Milik Sendiri;Tidak
MHS01972;Rendah;< Rp1.000.000;4;Orang Tua;Tidak;Tidak Ada;2;Sewa;Tidak
MHS01973;Menengah;Rp1.000.000 - Rp3.000.000;3;Orang Tua;Tidak;Tidak Ada;3;Milik Sendiri;Ya
MHS01974;Rendah;< Rp1.000.000;2;Kerja Sendiri (part-time);Ya;Beasiswa Prestasi Akademik (PPA);1;Sewa;Ya
MHS01975;Menengah;Rp1.000.000 - Rp3.000.000;3;Orang Tua;Tidak;Tidak Ada;5;Sewa;Tidak
MHS01976;Menengah;Rp1.000.000 - Rp3.000.000;6;Orang Tua;Tidak;Tidak Ada;4;Sewa;Ya
MHS01977;Tinggi;Rp3.000.000 - Rp5.000.000;4;Orang Tua;Ya;Beasiswa Prestasi Akademik (PPA);5;Milik Sendiri;Tidak
MHS01978;Menengah;Rp3.000.000 - Rp5.000.000;3;Orang Tua;Tidak;Tidak Ada;6;Milik Sendiri;Tidak
MHS01979;Rendah;< Rp1.000.000;5;Beasiswa;Ya;KIP-Kuliah;3;Sewa;Tidak
MHS01980;Tinggi;Rp3.000.000 - Rp5.000.000;4;Orang Tua;Tidak;Tidak Ada;5;Milik Sendiri;Tidak
MHS01981;Rendah;< Rp1.000.000;4;Beasiswa;Ya;KIP-Kuliah;1;Sewa;Ya
MHS01982;Menengah;Rp3.000.000 - Rp5.000.000;2;Orang Tua;Tidak;Tidak Ada;7;Milik Sendiri;Tidak
MHS01983;Tinggi;Rp3.000.000 - Rp5.000.000;3;Orang Tua;Tidak;Tidak Ada;5;Milik Sendiri;Ya
MHS01984;Menengah;Rp1.000.000 - Rp3.000.000;3;Orang Tua;Tidak;Tidak Ada;3;Sewa;Ya
MHS01985;Menengah;Rp1.000.000 - Rp3.000.000;4;Orang Tua;Tidak;Tidak Ada;5;Sewa;Ya
MHS01986;Menengah;Rp3.000.000 - Rp5.000.000;6;Orang Tua;Tidak;Tidak Ada;4;Sewa;Tidak
MHS01987;Menengah;Rp3.000.000 - Rp5.000.000;4;Orang Tua;Tidak;Tidak Ada;5;Menumpang;Ya
MHS01988;Menengah;Rp1.000.000 - Rp3.000.000;5;Beasiswa;Ya;Beasiswa Swasta/CSR;4;Menumpang;Tidak
MHS01989;Menengah;Rp1.000.000 - Rp3.000.000;3;Orang Tua;Tidak;Tidak Ada;3;Milik Sendiri;Ya
MHS01990;Menengah;Rp3.000.000 - Rp5.000.000;5;Pinjaman/Kredit Pendidikan;Tidak;Tidak Ada;4;Milik Sendiri;Tidak
MHS01991;Rendah;< Rp1.000.000;5;Beasiswa;Ya;KIP-Kuliah;3;Menumpang;Ya
MHS01992;Menengah;Rp3.000.000 - Rp5.000.000;8;Orang Tua;Tidak;Tidak Ada;3;Milik Sendiri;Tidak
MHS01993;Menengah;Rp3.000.000 - Rp5.000.000;6;Orang Tua;Tidak;Tidak Ada;5;Menumpang;Tidak
MHS01994;Menengah;Rp3.000.000 - Rp5.000.000;2;Beasiswa;Ya;Beasiswa Prestasi Akademik (PPA);7;Milik Sendiri;Tidak
MHS01995;Rendah;Rp1.000.000 - Rp3.000.000;6;Beasiswa;Ya;KIP-Kuliah;5;Sewa;Tidak
MHS01996;Tinggi;> Rp5.000.000;2;Orang Tua;Tidak;Tidak Ada;7;Milik Sendiri;Tidak
MHS01997;Tinggi;Rp3.000.000 - Rp5.000.000;5;Orang Tua;Tidak;Tidak Ada;4;Milik Sendiri;Ya
MHS01998;Rendah;Rp1.000.000 - Rp3.000.000;5;Orang Tua;Tidak;Tidak Ada;4;Sewa;Ya
MHS01999;Rendah;< Rp1.000.000;2;Beasiswa;Ya;KIP-Kuliah;3;Menumpang;Ya
MHS02000;Menengah;Rp1.000.000 - Rp3.000.000;3;Beasiswa;Ya;KIP-Kuliah;4;Sewa;Tidak
MHS02001;Menengah;Rp1.000.000 - Rp3.000.000;4;Kerja Sendiri (part-time);Tidak;Tidak Ada;5;Milik Sendiri;Tidak
MHS02002;Menengah;Rp1.000.000 - Rp3.000.000;5;Pinjaman/Kredit Pendidikan;Tidak;Tidak Ada;3;Milik Sendiri;Ya
MHS02003;Menengah;Rp3.000.000 - Rp5.000.000;4;Orang Tua;Tidak;Tidak Ada;3;Sewa;Tidak
MHS02004;Menengah;> Rp5.000.000;7;Orang Tua;Tidak;Tidak Ada;7;Milik Sendiri;Tidak
MHS02005;Menengah;Rp3.000.000 - Rp5.000.000;4;Kerja Sendiri (part-time);Tidak;Tidak Ada;4;Sewa;Ya
MHS02006;Menengah;Rp3.000.000 - Rp5.000.000;3;Kerja Sendiri (part-time);Tidak;Tidak Ada;6;Sewa;Tidak
MHS02007;Tinggi;> Rp5.000.000;3;Orang Tua;Tidak;Tidak Ada;7;Milik Sendiri;Tidak
MHS02008;Tinggi;> Rp5.000.000;6;Orang Tua;Ya;Beasiswa Prestasi Akademik (PPA);6;Milik Sendiri;Tidak
MHS02009;Rendah;< Rp1.000.000;8;Orang Tua;Tidak;Tidak Ada;2;Milik Sendiri;Ya
MHS02010;Rendah;< Rp1.000.000;5;Beasiswa;Ya;KIP-Kuliah;2;Sewa;Ya
MHS02011;Menengah;Rp3.000.000 - Rp5.000.000;5;Orang Tua;Tidak;Tidak Ada;4;Sewa;Tidak
MHS02012;Rendah;< Rp1.000.000;1;Kerja Sendiri (part-time);Tidak;Tidak Ada;4;Sewa;Ya
MHS02013;Tinggi;> Rp5.000.000;2;Orang Tua;Tidak;Tidak Ada;6;Milik Sendiri;Tidak
MHS02014;Menengah;Rp3.000.000 - Rp5.000.000;6;Beasiswa;Ya;Beasiswa Daerah;5;Milik Sendiri;Tidak
MHS02015;Tinggi;Rp3.000.000 - Rp5.000.000;7;Orang Tua;Ya;Beasiswa Prestasi Akademik (PPA);6;Sewa;Tidak
MHS02016;Tinggi;> Rp5.000.000;4;Orang Tua;Tidak;Tidak Ada;8;Sewa;Tidak
MHS02017;Rendah;Rp1.000.000 - Rp3.000.000;5;Orang Tua;Tidak;Tidak Ada;5;Milik Sendiri;Tidak
MHS02018;Menengah;Rp1.000.000 - Rp3.000.000;1;Orang Tua;Ya;Beasiswa Prestasi Akademik (PPA);5;Menumpang;Tidak
MHS02019;Menengah;Rp1.000.000 - Rp3.000.000;5;Orang Tua;Tidak;Tidak Ada;4;Sewa;Ya
MHS02020;Menengah;Rp1.000.000 - Rp3.000.000;6;Beasiswa;Ya;KIP-Kuliah;1;Sewa;Tidak
MHS02021;Rendah;< Rp1.000.000;7;Beasiswa;Ya;Beasiswa Daerah;3;Milik Sendiri;Tidak
MHS02022;Tinggi;> Rp5.000.000;3;Beasiswa;Ya;Beasiswa Prestasi Akademik (PPA);5;Milik Sendiri;Tidak
MHS02023;Menengah;Rp1.000.000 - Rp3.000.000;4;Orang Tua;Tidak;Tidak Ada;5;Sewa;Tidak
MHS02024;Rendah;< Rp1.000.000;7;Beasiswa;Ya;KIP-Kuliah;3;Menumpang;Tidak
MHS02025;Menengah;Rp3.000.000 - Rp5.000.000;5;Orang Tua;Tidak;Tidak Ada;4;Milik Sendiri;Tidak
MHS02026;Tinggi;Rp3.000.000 - Rp5.000.000;1;Orang Tua;Ya;Beasiswa Prestasi Akademik (PPA);6;Milik Sendiri;Tidak
MHS02027;Menengah;Rp3.000.000 - Rp5.000.000;3;Orang Tua;Tidak;Tidak Ada;7;Sewa;Tidak
MHS02028;Rendah;Rp1.000.000 - Rp3.000.000;6;Beasiswa;Ya;KIP-Kuliah;3;Menumpang;Tidak
MHS02029;Tinggi;Rp3.000.000 - Rp5.000.000;2;Orang Tua;Tidak;Tidak Ada;5;Milik Sendiri;Tidak
MHS02030;Menengah;Rp3.000.000 - Rp5.000.000;5;Orang Tua;Ya;Beasiswa Prestasi Akademik (PPA);5;Sewa;Tidak
MHS02031;Menengah;Rp1.000.000 - Rp3.000.000;5;Orang Tua;Ya;Beasiswa Prestasi Akademik (PPA);5;Menumpang;Tidak
MHS02032;Rendah;Rp1.000.000 - Rp3.000.000;5;Kerja Sendiri (part-time);Tidak;Tidak Ada;2;Sewa;Ya
MHS02033;Rendah;< Rp1.000.000;5;Beasiswa;Ya;KIP-Kuliah;1;Sewa;Tidak
MHS02034;Tinggi;> Rp5.000.000;1;Orang Tua;Tidak;Tidak Ada;6;Milik Sendiri;Tidak
MHS02035;Menengah;Rp1.000.000 - Rp3.000.000;6;Orang Tua;Tidak;Tidak Ada;4;Milik Sendiri;Tidak
MHS02036;Menengah;Rp3.000.000 - Rp5.000.000;4;Beasiswa;Ya;KIP-Kuliah;6;Sewa;Tidak
MHS02037;Menengah;Rp3.000.000 - Rp5.000.000;3;Orang Tua;Ya;Beasiswa Prestasi Akademik (PPA);4;Milik Sendiri;Ya
MHS02038;Rendah;< Rp1.000.000;9;Beasiswa;Ya;KIP-Kuliah;2;Menumpang;Tidak
MHS02039;Rendah;< Rp1.000.000;4;Orang Tua;Ya;KIP-Kuliah;1;Menumpang;Ya
MHS02040;Tinggi;Rp3.000.000 - Rp5.000.000;2;Orang Tua;Tidak;Tidak Ada;5;Milik Sendiri;Tidak
MHS02041;Menengah;Rp1.000.000 - Rp3.000.000;2;Beasiswa;Ya;KIP-Kuliah;4;Sewa;Tidak
MHS02042;Menengah;< Rp1.000.000;3;Orang Tua;Ya;Beasiswa Daerah;3;Menumpang;Tidak
MHS02043;Menengah;Rp3.000.000 - Rp5.000.000;6;Orang Tua;Tidak;Tidak Ada;6;Sewa;Tidak
MHS02044;Menengah;Rp1.000.000 - Rp3.000.000;3;Kerja Sendiri (part-time);Tidak;Tidak Ada;4;Sewa;Ya
MHS02045;Rendah;< Rp1.000.000;7;Kerja Sendiri (part-time);Tidak;Tidak Ada;2;Sewa;Ya
MHS02046;Menengah;Rp1.000.000 - Rp3.000.000;3;Kerja Sendiri (part-time);Tidak;Tidak Ada;4;Sewa;Tidak
MHS02047;Rendah;< Rp1.000.000;6;Beasiswa;Ya;KIP-Kuliah;4;Menumpang;Ya
MHS02048;Menengah;Rp3.000.000 - Rp5.000.000;5;Orang Tua;Tidak;Tidak Ada;6;Milik Sendiri;Ya
MHS02049;Rendah;Rp1.000.000 - Rp3.000.000;5;Orang Tua;Tidak;Tidak Ada;5;Menumpang;Ya
MHS02050;Menengah;Rp1.000.000 - Rp3.000.000;6;Orang Tua;Tidak;Tidak Ada;3;Menumpang;Tidak
MHS02051;Tinggi;> Rp5.000.000;3;Orang Tua;Ya;Beasiswa Prestasi Akademik (PPA);7;Milik Sendiri;Tidak
MHS02052;Menengah;Rp3.000.000 - Rp5.000.000;2;Beasiswa;Ya;Beasiswa Prestasi Akademik (PPA);6;Milik Sendiri;Tidak
MHS02053;Menengah;Rp3.000.000 - Rp5.000.000;3;Beasiswa;Ya;KIP-Kuliah;6;Milik Sendiri;Tidak
MHS02054;Menengah;> Rp5.000.000;4;Orang Tua;Tidak;Tidak Ada;6;Milik Sendiri;Tidak
MHS02055;Tinggi;> Rp5.000.000;6;Orang Tua;Tidak;Tidak Ada;8;Milik Sendiri;Tidak
MHS02056;Menengah;Rp1.000.000 - Rp3.000.000;5;Beasiswa;Ya;KIP-Kuliah;3;Sewa;Tidak
MHS02057;Menengah;Rp3.000.000 - Rp5.000.000;3;Orang Tua;Tidak;Tidak Ada;5;Menumpang;Tidak
MHS02058;Tinggi;> Rp5.000.000;4;Orang Tua;Tidak;Tidak Ada;7;Milik Sendiri;Tidak
MHS02059;Menengah;Rp1.000.000 - Rp3.000.000;3;Beasiswa;Ya;KIP-Kuliah;4;Menumpang;Ya
MHS02060;Rendah;< Rp1.000.000;3;Kerja Sendiri (part-time);Ya;KIP-Kuliah;2;Menumpang;Ya
MHS02061;Menengah;Rp1.000.000 - Rp3.000.000;4;Beasiswa;Ya;KIP-Kuliah;3;Milik Sendiri;Ya
MHS02062;Menengah;Rp1.000.000 - Rp3.000.000;4;Orang Tua;Tidak;Tidak Ada;3;Sewa;Tidak
MHS02063;Tinggi;> Rp5.000.000;1;Orang Tua;Tidak;Tidak Ada;5;Milik Sendiri;Tidak
MHS02064;Menengah;Rp3.000.000 - Rp5.000.000;2;Orang Tua;Tidak;Tidak Ada;5;Sewa;Ya
MHS02065;Menengah;Rp3.000.000 - Rp5.000.000;3;Orang Tua;Tidak;Tidak Ada;5;Milik Sendiri;Tidak
MHS02066;Menengah;Rp1.000.000 - Rp3.000.000;3;Beasiswa;Ya;KIP-Kuliah;4;Sewa;Tidak
MHS02067;Menengah;Rp1.000.000 - Rp3.000.000;6;Kerja Sendiri (part-time);Tidak;Tidak Ada;4;Sewa;Tidak
MHS02068;Rendah;< Rp1.000.000;5;Orang Tua;Tidak;Tidak Ada;3;Menumpang;Tidak
MHS02069;Tinggi;Rp3.000.000 - Rp5.000.000;3;Orang Tua;Tidak;Tidak Ada;6;Milik Sendiri;Tidak
MHS02070;Tinggi;> Rp5.000.000;2;Orang Tua;Tidak;Tidak Ada;7;Milik Sendiri;Tidak
MHS02071;Menengah;Rp1.000.000 - Rp3.000.000;3;Kerja Sendiri (part-time);Tidak;Tidak Ada;4;Sewa;Tidak
MHS02072;Menengah;Rp1.000.000 - Rp3.000.000;2;Orang Tua;Tidak;Tidak Ada;6;Sewa;Ya
MHS02073;Menengah;Rp1.000.000 - Rp3.000.000;5;Orang Tua;Tidak;Tidak Ada;4;Menumpang;Tidak
MHS02074;Menengah;Rp1.000.000 - Rp3.000.000;6;Orang Tua;Tidak;Tidak Ada;5;Milik Sendiri;Ya
MHS02075;Menengah;Rp3.000.000 - Rp5.000.000;2;Orang Tua;Tidak;Tidak Ada;6;Milik Sendiri;Tidak
MHS02076;Rendah;< Rp1.000.000;5;Kerja Sendiri (part-time);Tidak;Tidak Ada;2;Menumpang;Ya
MHS02077;Menengah;Rp3.000.000 - Rp5.000.000;3;Orang Tua;Tidak;Tidak Ada;7;Milik Sendiri;Tidak
MHS02078;Tinggi;Rp3.000.000 - Rp5.000.000;5;Beasiswa;Ya;Beasiswa Prestasi Akademik (PPA);6;Menumpang;Tidak
MHS02079;Tinggi;> Rp5.000.000;4;Orang Tua;Tidak;Tidak Ada;6;Menumpang;Tidak
MHS02080;Menengah;Rp3.000.000 - Rp5.000.000;2;Orang Tua;Ya;Beasiswa Prestasi Akademik (PPA);5;Sewa;Tidak
MHS02081;Menengah;Rp1.000.000 - Rp3.000.000;4;Orang Tua;Tidak;Tidak Ada;6;Milik Sendiri;Tidak
MHS02082;Rendah;< Rp1.000.000;9;Beasiswa;Ya;KIP-Kuliah;1;Sewa;Ya
MHS02083;Tinggi;> Rp5.000.000;1;Orang Tua;Tidak;Tidak Ada;5;Milik Sendiri;Ya
MHS02084;Menengah;Rp1.000.000 - Rp3.000.000;5;Orang Tua;Ya;Beasiswa Prestasi Akademik (PPA);3;Sewa;Tidak
MHS02085;Menengah;Rp1.000.000 - Rp3.000.000;4;Kerja Sendiri (part-time);Tidak;Tidak Ada;4;Milik Sendiri;Ya
MHS02086;Menengah;Rp1.000.000 - Rp3.000.000;6;Orang Tua;Tidak;Tidak Ada;5;Menumpang;Tidak
MHS02087;Menengah;Rp3.000.000 - Rp5.000.000;5;Orang Tua;Tidak;Tidak Ada;4;Milik Sendiri;Tidak
MHS02088;Menengah;Rp3.000.000 - Rp5.000.000;3;Orang Tua;Tidak;Tidak Ada;4;Sewa;Tidak
MHS02089;Menengah;Rp1.000.000 - Rp3.000.000;3;Pinjaman/Kredit Pendidikan;Tidak;Tidak Ada;4;Milik Sendiri;Ya
MHS02090;Tinggi;> Rp5.000.000;3;Orang Tua;Tidak;Tidak Ada;6;Milik Sendiri;Tidak
MHS02091;Rendah;< Rp1.000.000;7;Beasiswa;Ya;KIP-Kuliah;3;Sewa;Tidak
MHS02092;Menengah;Rp3.000.000 - Rp5.000.000;4;Orang Tua;Tidak;Tidak Ada;5;Milik Sendiri;Tidak
MHS02093;Menengah;Rp3.000.000 - Rp5.000.000;6;Beasiswa;Ya;Beasiswa Daerah;6;Milik Sendiri;Tidak
MHS02094;Rendah;< Rp1.000.000;3;Beasiswa;Ya;KIP-Kuliah;1;Menumpang;Tidak
MHS02095;Rendah;Rp1.000.000 - Rp3.000.000;7;Orang Tua;Tidak;Tidak Ada;4;Menumpang;Tidak
MHS02096;Menengah;Rp1.000.000 - Rp3.000.000;5;Orang Tua;Tidak;Tidak Ada;3;Sewa;Tidak
MHS02097;Tinggi;> Rp5.000.000;7;Orang Tua;Tidak;Tidak Ada;5;Milik Sendiri;Tidak
MHS02098;Menengah;Rp1.000.000 - Rp3.000.000;7;Orang Tua;Ya;Beasiswa Daerah;3;Milik Sendiri;Tidak
MHS02099;Menengah;Rp3.000.000 - Rp5.000.000;2;Orang Tua;Tidak;Tidak Ada;3;Menumpang;Ya
MHS02100;Menengah;Rp3.000.000 - Rp5.000.000;4;Orang Tua;Tidak;Tidak Ada;3;Milik Sendiri;Tidak
MHS02101;Menengah;Rp3.000.000 - Rp5.000.000;2;Orang Tua;Tidak;Tidak Ada;4;Menumpang;Tidak
MHS02102;Menengah;Rp1.000.000 - Rp3.000.000;2;Kerja Sendiri (part-time);Ya;Beasiswa Prestasi Akademik (PPA);5;Sewa;Ya
MHS02103;Tinggi;> Rp5.000.000;6;Orang Tua;Tidak;Tidak Ada;4;Menumpang;Tidak
MHS02104;Menengah;Rp1.000.000 - Rp3.000.000;9;Orang Tua;Tidak;Tidak Ada;3;Milik Sendiri;Tidak
MHS02105;Menengah;Rp1.000.000 - Rp3.000.000;3;Orang Tua;Tidak;Tidak Ada;5;Sewa;Ya
MHS02106;Tinggi;> Rp5.000.000;5;Orang Tua;Ya;Beasiswa Swasta/CSR;5;Milik Sendiri;Tidak
MHS02107;Rendah;Rp1.000.000 - Rp3.000.000;5;Beasiswa;Ya;KIP-Kuliah;3;Menumpang;Ya
MHS02108;Menengah;Rp3.000.000 - Rp5.000.000;8;Orang Tua;Tidak;Tidak Ada;4;Milik Sendiri;Tidak
MHS02109;Tinggi;Rp3.000.000 - Rp5.000.000;3;Orang Tua;Tidak;Tidak Ada;5;Sewa;Tidak
MHS02110;Rendah;< Rp1.000.000;5;Beasiswa;Ya;KIP-Kuliah;4;Sewa;Tidak
MHS02111;Menengah;Rp3.000.000 - Rp5.000.000;3;Kerja Sendiri (part-time);Ya;Beasiswa Daerah;5;Milik Sendiri;Ya
MHS02112;Tinggi;> Rp5.000.000;4;Orang Tua;Tidak;Tidak Ada;7;Milik Sendiri;Ya
MHS02113;Menengah;Rp3.000.000 - Rp5.000.000;4;Beasiswa;Ya;KIP-Kuliah;7;Milik Sendiri;Tidak
MHS02114;Tinggi;Rp3.000.000 - Rp5.000.000;6;Pinjaman/Kredit Pendidikan;Tidak;Tidak Ada;6;Milik Sendiri;Tidak
MHS02115;Menengah;Rp3.000.000 - Rp5.000.000;7;Orang Tua;Tidak;Tidak Ada;5;Sewa;Ya
MHS02116;Menengah;Rp3.000.000 - Rp5.000.000;4;Pinjaman/Kredit Pendidikan;Tidak;Tidak Ada;6;Sewa;Tidak
MHS02117;Menengah;Rp1.000.000 - Rp3.000.000;5;Beasiswa;Ya;KIP-Kuliah;1;Sewa;Tidak
MHS02118;Menengah;Rp1.000.000 - Rp3.000.000;2;Orang Tua;Tidak;Tidak Ada;6;Milik Sendiri;Tidak
MHS02119;Menengah;Rp3.000.000 - Rp5.000.000;3;Orang Tua;Ya;Beasiswa Prestasi Akademik (PPA);4;Milik Sendiri;Tidak
MHS02120;Tinggi;> Rp5.000.000;2;Orang Tua;Tidak;Tidak Ada;5;Milik Sendiri;Tidak
MHS02121;Menengah;Rp3.000.000 - Rp5.000.000;2;Orang Tua;Tidak;Tidak Ada;6;Milik Sendiri;Tidak
MHS02122;Menengah;Rp1.000.000 - Rp3.000.000;4;Kerja Sendiri (part-time);Ya;KIP-Kuliah;4;Milik Sendiri;Ya
MHS02123;Menengah;Rp3.000.000 - Rp5.000.000;4;Orang Tua;Tidak;Tidak Ada;6;Milik Sendiri;Tidak
MHS02124;Rendah;< Rp1.000.000;6;Beasiswa;Ya;KIP-Kuliah;2;Sewa;Tidak
MHS02125;Menengah;Rp3.000.000 - Rp5.000.000;4;Orang Tua;Tidak;Tidak Ada;5;Sewa;Tidak
MHS02126;Tinggi;> Rp5.000.000;6;Orang Tua;Tidak;Tidak Ada;7;Milik Sendiri;Tidak
MHS02127;Rendah;< Rp1.000.000;7;Beasiswa;Ya;KIP-Kuliah;2;Milik Sendiri;Ya
MHS02128;Rendah;Rp1.000.000 - Rp3.000.000;4;Beasiswa;Ya;KIP-Kuliah;2;Menumpang;Tidak
MHS02129;Menengah;> Rp5.000.000;2;Beasiswa;Ya;Beasiswa Prestasi Akademik (PPA);5;Sewa;Tidak
MHS02130;Tinggi;> Rp5.000.000;4;Orang Tua;Tidak;Tidak Ada;5;Milik Sendiri;Tidak
MHS02131;Tinggi;> Rp5.000.000;3;Beasiswa;Ya;Beasiswa Daerah;8;Milik Sendiri;Tidak
MHS02132;Menengah;Rp3.000.000 - Rp5.000.000;4;Orang Tua;Ya;Beasiswa Daerah;6;Milik Sendiri;Tidak
MHS02133;Menengah;Rp1.000.000 - Rp3.000.000;1;Beasiswa;Ya;Beasiswa Daerah;4;Sewa;Tidak
MHS02134;Tinggi;> Rp5.000.000;3;Orang Tua;Tidak;Tidak Ada;7;Milik Sendiri;Tidak
MHS02135;Tinggi;Rp3.000.000 - Rp5.000.000;6;Beasiswa;Ya;Beasiswa Prestasi Akademik (PPA);4;Milik Sendiri;Tidak
MHS02136;Rendah;Rp1.000.000 - Rp3.000.000;5;Orang Tua;Tidak;Tidak Ada;3;Sewa;Tidak
MHS02137;Menengah;Rp3.000.000 - Rp5.000.000;4;Orang Tua;Tidak;Tidak Ada;6;Milik Sendiri;Ya
MHS02138;Menengah;Rp3.000.000 - Rp5.000.000;2;Orang Tua;Ya;Beasiswa Prestasi Akademik (PPA);4;Milik Sendiri;Tidak
MHS02139;Rendah;< Rp1.000.000;6;Kerja Sendiri (part-time);Ya;KIP-Kuliah;2;Sewa;Ya
MHS02140;Tinggi;Rp3.000.000 - Rp5.000.000;5;Orang Tua;Tidak;Tidak Ada;5;Milik Sendiri;Tidak
MHS02141;Menengah;< Rp1.000.000;5;Kerja Sendiri (part-time);Tidak;Tidak Ada;4;Menumpang;Ya
MHS02142;Menengah;> Rp5.000.000;4;Orang Tua;Tidak;Tidak Ada;5;Sewa;Ya
MHS02143;Menengah;> Rp5.000.000;2;Orang Tua;Tidak;Tidak Ada;7;Milik Sendiri;Tidak
MHS02144;Menengah;Rp3.000.000 - Rp5.000.000;4;Orang Tua;Tidak;Tidak Ada;6;Milik Sendiri;Tidak
MHS02145;Tinggi;> Rp5.000.000;5;Orang Tua;Tidak;Tidak Ada;6;Milik Sendiri;Tidak
MHS02146;Menengah;Rp3.000.000 - Rp5.000.000;3;Orang Tua;Tidak;Tidak Ada;5;Milik Sendiri;Tidak
MHS02147;Rendah;Rp1.000.000 - Rp3.000.000;2;Beasiswa;Ya;KIP-Kuliah;4;Menumpang;Tidak
MHS02148;Menengah;Rp1.000.000 - Rp3.000.000;3;Beasiswa;Ya;Beasiswa Prestasi Akademik (PPA);5;Sewa;Ya
MHS02149;Tinggi;Rp3.000.000 - Rp5.000.000;4;Orang Tua;Tidak;Tidak Ada;5;Sewa;Ya
MHS02150;Rendah;< Rp1.000.000;9;Kerja Sendiri (part-time);Tidak;Tidak Ada;3;Sewa;Ya
MHS02151;Menengah;> Rp5.000.000;4;Orang Tua;Tidak;Tidak Ada;5;Milik Sendiri;Tidak
MHS02152;Menengah;Rp3.000.000 - Rp5.000.000;2;Orang Tua;Tidak;Tidak Ada;5;Milik Sendiri;Tidak
MHS02153;Rendah;< Rp1.000.000;5;Beasiswa;Ya;KIP-Kuliah;3;Sewa;Tidak
MHS02154;Rendah;< Rp1.000.000;7;Orang Tua;Tidak;Tidak Ada;2;Menumpang;Tidak
MHS02155;Menengah;Rp3.000.000 - Rp5.000.000;3;Orang Tua;Tidak;Tidak Ada;6;Sewa;Ya
MHS02156;Rendah;< Rp1.000.000;4;Beasiswa;Ya;KIP-Kuliah;3;Sewa;Tidak
MHS02157;Menengah;Rp1.000.000 - Rp3.000.000;3;Kerja Sendiri (part-time);Tidak;Tidak Ada;3;Menumpang;Ya
MHS02158;Menengah;Rp1.000.000 - Rp3.000.000;3;Kerja Sendiri (part-time);Tidak;Tidak Ada;2;Sewa;Ya
MHS02159;Menengah;Rp1.000.000 - Rp3.000.000;5;Kerja Sendiri (part-time);Tidak;Tidak Ada;4;Sewa;Tidak
MHS02160;Menengah;Rp3.000.000 - Rp5.000.000;5;Orang Tua;Tidak;Tidak Ada;4;Milik Sendiri;Tidak
MHS02161;Menengah;> Rp5.000.000;5;Orang Tua;Tidak;Tidak Ada;7;Milik Sendiri;Tidak
MHS02162;Menengah;> Rp5.000.000;2;Orang Tua;Tidak;Tidak Ada;7;Sewa;Tidak
MHS02163;Rendah;< Rp1.000.000;9;Beasiswa;Ya;KIP-Kuliah;1;Menumpang;Tidak
MHS02164;Menengah;< Rp1.000.000;3;Beasiswa;Ya;KIP-Kuliah;3;Sewa;Tidak
MHS02165;Rendah;Rp1.000.000 - Rp3.000.000;4;Orang Tua;Tidak;Tidak Ada;5;Menumpang;Tidak
MHS02166;Menengah;Rp3.000.000 - Rp5.000.000;7;Orang Tua;Tidak;Tidak Ada;5;Milik Sendiri;Tidak
MHS02167;Menengah;Rp1.000.000 - Rp3.000.000;4;Orang Tua;Tidak;Tidak Ada;5;Milik Sendiri;Ya
MHS02168;Tinggi;> Rp5.000.000;1;Orang Tua;Ya;Beasiswa Swasta/CSR;8;Milik Sendiri;Tidak
MHS02169;Rendah;< Rp1.000.000;8;Orang Tua;Tidak;Tidak Ada;2;Sewa;Tidak
MHS02170;Rendah;< Rp1.000.000;4;Beasiswa;Ya;KIP-Kuliah;2;Sewa;Ya
MHS02171;Menengah;Rp1.000.000 - Rp3.000.000;3;Orang Tua;Ya;Beasiswa Prestasi Akademik (PPA);5;Menumpang;Tidak
MHS02172;Tinggi;> Rp5.000.000;2;Orang Tua;Ya;Beasiswa Prestasi Akademik (PPA);7;Milik Sendiri;Tidak
MHS02173;Rendah;< Rp1.000.000;4;Beasiswa;Ya;KIP-Kuliah;3;Sewa;Tidak
MHS02174;Tinggi;> Rp5.000.000;2;Beasiswa;Ya;Beasiswa Swasta/CSR;5;Milik Sendiri;Tidak
MHS02175;Rendah;< Rp1.000.000;5;Beasiswa;Ya;KIP-Kuliah;1;Menumpang;Tidak
MHS02176;Rendah;Rp1.000.000 - Rp3.000.000;3;Beasiswa;Ya;KIP-Kuliah;4;Sewa;Tidak
MHS02177;Tinggi;> Rp5.000.000;6;Orang Tua;Tidak;Tidak Ada;7;Milik Sendiri;Tidak
MHS02178;Menengah;> Rp5.000.000;2;Orang Tua;Tidak;Tidak Ada;3;Milik Sendiri;Tidak
MHS02179;Tinggi;> Rp5.000.000;5;Orang Tua;Tidak;Tidak Ada;6;Milik Sendiri;Tidak
MHS02180;Rendah;< Rp1.000.000;5;Orang Tua;Ya;Beasiswa Prestasi Akademik (PPA);3;Sewa;Ya
MHS02181;Menengah;> Rp5.000.000;4;Orang Tua;Ya;Beasiswa Prestasi Akademik (PPA);6;Milik Sendiri;Tidak
MHS02182;Menengah;Rp3.000.000 - Rp5.000.000;4;Orang Tua;Tidak;Tidak Ada;4;Milik Sendiri;Tidak
MHS02183;Menengah;Rp3.000.000 - Rp5.000.000;4;Orang Tua;Tidak;Tidak Ada;4;Milik Sendiri;Tidak
MHS02184;Tinggi;Rp3.000.000 - Rp5.000.000;1;Beasiswa;Ya;Beasiswa Prestasi Akademik (PPA);7;Milik Sendiri;Tidak
MHS02185;Menengah;> Rp5.000.000;3;Orang Tua;Tidak;Tidak Ada;6;Milik Sendiri;Tidak
MHS02186;Rendah;< Rp1.000.000;5;Beasiswa;Ya;KIP-Kuliah;3;Sewa;Ya
MHS02187;Tinggi;> Rp5.000.000;7;Orang Tua;Tidak;Tidak Ada;7;Milik Sendiri;Tidak
MHS02188;Menengah;Rp3.000.000 - Rp5.000.000;2;Orang Tua;Tidak;Tidak Ada;5;Milik Sendiri;Tidak
MHS02189;Menengah;Rp3.000.000 - Rp5.000.000;7;Beasiswa;Ya;Beasiswa Prestasi Akademik (PPA);7;Milik Sendiri;Tidak
MHS02190;Menengah;Rp1.000.000 - Rp3.000.000;9;Beasiswa;Ya;KIP-Kuliah;3;Menumpang;Tidak
MHS02191;Menengah;Rp1.000.000 - Rp3.000.000;4;Kerja Sendiri (part-time);Tidak;Tidak Ada;4;Milik Sendiri;Ya
MHS02192;Tinggi;> Rp5.000.000;5;Orang Tua;Tidak;Tidak Ada;8;Milik Sendiri;Tidak
MHS02193;Menengah;< Rp1.000.000;7;Beasiswa;Ya;KIP-Kuliah;5;Menumpang;Tidak
MHS02194;Tinggi;> Rp5.000.000;2;Orang Tua;Tidak;Tidak Ada;8;Milik Sendiri;Ya
MHS02195;Rendah;Rp1.000.000 - Rp3.000.000;6;Beasiswa;Ya;KIP-Kuliah;5;Menumpang;Tidak
MHS02196;Menengah;Rp3.000.000 - Rp5.000.000;4;Orang Tua;Tidak;Tidak Ada;6;Menumpang;Tidak
MHS02197;Menengah;Rp1.000.000 - Rp3.000.000;4;Orang Tua;Tidak;Tidak Ada;4;Milik Sendiri;Tidak
MHS02198;Rendah;< Rp1.000.000;4;Kerja Sendiri (part-time);Ya;KIP-Kuliah;2;Menumpang;Tidak
MHS02199;Menengah;Rp3.000.000 - Rp5.000.000;6;Orang Tua;Tidak;Tidak Ada;5;Milik Sendiri;Tidak
MHS02200;Tinggi;Rp3.000.000 - Rp5.000.000;4;Orang Tua;Tidak;Tidak Ada;6;Sewa;Ya
MHS02201;Rendah;Rp1.000.000 - Rp3.000.000;4;Kerja Sendiri (part-time);Tidak;Tidak Ada;3;Menumpang;Ya
MHS02202;Menengah;Rp1.000.000 - Rp3.000.000;6;Beasiswa;Ya;KIP-Kuliah;4;Menumpang;Tidak
MHS02203;Tinggi;> Rp5.000.000;2;Orang Tua;Tidak;Tidak Ada;7;Milik Sendiri;Tidak
MHS02204;Menengah;Rp3.000.000 - Rp5.000.000;7;Orang Tua;Tidak;Tidak Ada;4;Milik Sendiri;Tidak
MHS02205;Rendah;< Rp1.000.000;3;Beasiswa;Ya;Beasiswa Prestasi Akademik (PPA);3;Menumpang;Ya
MHS02206;Rendah;< Rp1.000.000;5;Orang Tua;Ya;Beasiswa Prestasi Akademik (PPA);3;Milik Sendiri;Tidak
MHS02207;Menengah;Rp3.000.000 - Rp5.000.000;2;Orang Tua;Tidak;Tidak Ada;3;Sewa;Ya
MHS02208;Menengah;Rp1.000.000 - Rp3.000.000;4;Orang Tua;Ya;Beasiswa Prestasi Akademik (PPA);3;Menumpang;Tidak
MHS02209;Menengah;Rp1.000.000 - Rp3.000.000;8;Orang Tua;Ya;KIP-Kuliah;5;Sewa;Tidak
MHS02210;Tinggi;Rp1.000.000 - Rp3.000.000;3;Orang Tua;Tidak;Tidak Ada;6;Milik Sendiri;Tidak
MHS02211;Tinggi;> Rp5.000.000;2;Orang Tua;Ya;Beasiswa Daerah;5;Milik Sendiri;Tidak
MHS02212;Menengah;Rp3.000.000 - Rp5.000.000;3;Orang Tua;Tidak;Tidak Ada;4;Milik Sendiri;Tidak
MHS02213;Menengah;Rp1.000.000 - Rp3.000.000;4;Orang Tua;Tidak;Tidak Ada;4;Menumpang;Tidak
MHS02214;Menengah;Rp3.000.000 - Rp5.000.000;3;Orang Tua;Tidak;Tidak Ada;4;Sewa;Tidak
MHS02215;Menengah;Rp1.000.000 - Rp3.000.000;6;Beasiswa;Ya;KIP-Kuliah;3;Sewa;Tidak
MHS02216;Menengah;Rp3.000.000 - Rp5.000.000;4;Orang Tua;Tidak;Tidak Ada;6;Milik Sendiri;Tidak
MHS02217;Menengah;Rp3.000.000 - Rp5.000.000;2;Orang Tua;Tidak;Tidak Ada;6;Menumpang;Ya
MHS02218;Menengah;Rp3.000.000 - Rp5.000.000;4;Orang Tua;Tidak;Tidak Ada;5;Sewa;Tidak
MHS02219;Menengah;Rp1.000.000 - Rp3.000.000;5;Orang Tua;Tidak;Tidak Ada;4;Menumpang;Ya
MHS02220;Menengah;Rp1.000.000 - Rp3.000.000;4;Orang Tua;Tidak;Tidak Ada;6;Sewa;Tidak
MHS02221;Menengah;Rp3.000.000 - Rp5.000.000;2;Orang Tua;Tidak;Tidak Ada;5;Sewa;Tidak
MHS02222;Menengah;Rp1.000.000 - Rp3.000.000;4;Beasiswa;Ya;Beasiswa Prestasi Akademik (PPA);4;Sewa;Tidak
MHS02223;Tinggi;> Rp5.000.000;2;Orang Tua;Tidak;Tidak Ada;5;Milik Sendiri;Tidak
MHS02224;Menengah;Rp3.000.000 - Rp5.000.000;4;Orang Tua;Tidak;Tidak Ada;6;Milik Sendiri;Tidak
MHS02225;Menengah;Rp1.000.000 - Rp3.000.000;5;Beasiswa;Ya;KIP-Kuliah;4;Sewa;Tidak
MHS02226;Menengah;Rp3.000.000 - Rp5.000.000;5;Beasiswa;Ya;KIP-Kuliah;7;Milik Sendiri;Ya
MHS02227;Tinggi;> Rp5.000.000;1;Orang Tua;Tidak;Tidak Ada;8;Milik Sendiri;Tidak
MHS02228;Menengah;Rp1.000.000 - Rp3.000.000;4;Orang Tua;Tidak;Tidak Ada;4;Sewa;Tidak
MHS02229;Menengah;Rp1.000.000 - Rp3.000.000;6;Orang Tua;Tidak;Tidak Ada;5;Milik Sendiri;Tidak
MHS02230;Menengah;Rp1.000.000 - Rp3.000.000;9;Kerja Sendiri (part-time);Tidak;Tidak Ada;3;Sewa;Ya
MHS02231;Menengah;Rp3.000.000 - Rp5.000.000;2;Orang Tua;Tidak;Tidak Ada;5;Menumpang;Tidak
MHS02232;Menengah;Rp1.000.000 - Rp3.000.000;2;Orang Tua;Ya;Beasiswa Prestasi Akademik (PPA);4;Sewa;Tidak
MHS02233;Menengah;Rp3.000.000 - Rp5.000.000;3;Orang Tua;Tidak;Tidak Ada;5;Milik Sendiri;Tidak
MHS02234;Rendah;< Rp1.000.000;4;Beasiswa;Ya;KIP-Kuliah;2;Sewa;Tidak
MHS02235;Tinggi;> Rp5.000.000;4;Orang Tua;Ya;Beasiswa Prestasi Akademik (PPA);8;Milik Sendiri;Tidak
MHS02236;Menengah;Rp1.000.000 - Rp3.000.000;3;Orang Tua;Tidak;Tidak Ada;2;Menumpang;Ya
MHS02237;Rendah;Rp1.000.000 - Rp3.000.000;8;Beasiswa;Ya;KIP-Kuliah;3;Menumpang;Tidak
MHS02238;Menengah;Rp3.000.000 - Rp5.000.000;5;Orang Tua;Tidak;Tidak Ada;5;Milik Sendiri;Tidak
MHS02239;Rendah;Rp1.000.000 - Rp3.000.000;7;Kerja Sendiri (part-time);Tidak;Tidak Ada;3;Sewa;Ya
MHS02240;Tinggi;> Rp5.000.000;2;Orang Tua;Tidak;Tidak Ada;7;Milik Sendiri;Ya
MHS02241;Menengah;< Rp1.000.000;8;Orang Tua;Tidak;Tidak Ada;3;Menumpang;Tidak
MHS02242;Menengah;Rp1.000.000 - Rp3.000.000;5;Orang Tua;Tidak;Tidak Ada;3;Sewa;Tidak
MHS02243;Menengah;Rp1.000.000 - Rp3.000.000;5;Orang Tua;Tidak;Tidak Ada;6;Sewa;Tidak
MHS02244;Menengah;Rp1.000.000 - Rp3.000.000;4;Orang Tua;Tidak;Tidak Ada;6;Sewa;Ya
MHS02245;Menengah;Rp1.000.000 - Rp3.000.000;6;Orang Tua;Tidak;Tidak Ada;4;Sewa;Tidak
MHS02246;Menengah;Rp3.000.000 - Rp5.000.000;4;Orang Tua;Tidak;Tidak Ada;2;Menumpang;Tidak
MHS02247;Rendah;Rp1.000.000 - Rp3.000.000;8;Beasiswa;Ya;KIP-Kuliah;3;Sewa;Tidak
MHS02248;Menengah;Rp1.000.000 - Rp3.000.000;5;Beasiswa;Ya;KIP-Kuliah;2;Sewa;Tidak
MHS02249;Tinggi;Rp3.000.000 - Rp5.000.000;5;Orang Tua;Tidak;Tidak Ada;6;Milik Sendiri;Tidak
MHS02250;Rendah;< Rp1.000.000;4;Kerja Sendiri (part-time);Tidak;Tidak Ada;1;Menumpang;Ya
MHS02251;Menengah;Rp3.000.000 - Rp5.000.000;3;Orang Tua;Tidak;Tidak Ada;5;Sewa;Tidak
MHS02252;Tinggi;> Rp5.000.000;2;Orang Tua;Tidak;Tidak Ada;6;Milik Sendiri;Tidak
MHS02253;Tinggi;> Rp5.000.000;2;Orang Tua;Ya;Beasiswa Prestasi Akademik (PPA);5;Milik Sendiri;Tidak
MHS02254;Menengah;Rp3.000.000 - Rp5.000.000;1;Orang Tua;Tidak;Tidak Ada;7;Milik Sendiri;Tidak
MHS02255;Tinggi;> Rp5.000.000;5;Orang Tua;Tidak;Tidak Ada;7;Milik Sendiri;Tidak
MHS02256;Rendah;Rp1.000.000 - Rp3.000.000;8;Beasiswa;Ya;KIP-Kuliah;3;Milik Sendiri;Tidak
MHS02257;Menengah;Rp3.000.000 - Rp5.000.000;5;Pinjaman/Kredit Pendidikan;Tidak;Tidak Ada;6;Menumpang;Tidak
MHS02258;Rendah;< Rp1.000.000;4;Kerja Sendiri (part-time);Tidak;Tidak Ada;2;Sewa;Ya
MHS02259;Rendah;< Rp1.000.000;9;Beasiswa;Ya;KIP-Kuliah;2;Menumpang;Tidak
MHS02260;Rendah;< Rp1.000.000;2;Orang Tua;Tidak;Tidak Ada;3;Menumpang;Ya
MHS02261;Menengah;> Rp5.000.000;1;Beasiswa;Ya;Beasiswa Prestasi Akademik (PPA);6;Milik Sendiri;Tidak
MHS02262;Rendah;< Rp1.000.000;7;Beasiswa;Ya;KIP-Kuliah;2;Menumpang;Ya
MHS02263;Rendah;< Rp1.000.000;4;Orang Tua;Tidak;Tidak Ada;2;Sewa;Tidak
MHS02264;Menengah;Rp3.000.000 - Rp5.000.000;3;Beasiswa;Ya;KIP-Kuliah;4;Milik Sendiri;Tidak
MHS02265;Rendah;Rp1.000.000 - Rp3.000.000;6;Orang Tua;Tidak;Tidak Ada;2;Sewa;Tidak
MHS02266;Rendah;< Rp1.000.000;5;Beasiswa;Ya;KIP-Kuliah;3;Sewa;Ya
MHS02267;Menengah;Rp1.000.000 - Rp3.000.000;3;Orang Tua;Tidak;Tidak Ada;3;Menumpang;Tidak
MHS02268;Menengah;Rp1.000.000 - Rp3.000.000;7;Orang Tua;Tidak;Tidak Ada;1;Sewa;Tidak
MHS02269;Rendah;Rp1.000.000 - Rp3.000.000;4;Beasiswa;Ya;KIP-Kuliah;4;Sewa;Tidak
MHS02270;Menengah;Rp1.000.000 - Rp3.000.000;7;Orang Tua;Tidak;Tidak Ada;3;Sewa;Tidak
MHS02271;Menengah;Rp3.000.000 - Rp5.000.000;2;Beasiswa;Ya;Beasiswa Daerah;4;Milik Sendiri;Tidak
MHS02272;Menengah;< Rp1.000.000;7;Orang Tua;Tidak;Tidak Ada;3;Menumpang;Ya
MHS02273;Tinggi;Rp3.000.000 - Rp5.000.000;2;Orang Tua;Ya;Beasiswa Prestasi Akademik (PPA);6;Milik Sendiri;Tidak
MHS02274;Rendah;Rp1.000.000 - Rp3.000.000;4;Beasiswa;Ya;KIP-Kuliah;5;Menumpang;Ya
MHS02275;Rendah;Rp1.000.000 - Rp3.000.000;5;Kerja Sendiri (part-time);Tidak;Tidak Ada;3;Sewa;Ya
MHS02276;Menengah;Rp3.000.000 - Rp5.000.000;6;Orang Tua;Ya;Beasiswa Prestasi Akademik (PPA);4;Sewa;Tidak
MHS02277;Menengah;Rp1.000.000 - Rp3.000.000;4;Orang Tua;Ya;Beasiswa Swasta/CSR;1;Menumpang;Ya
MHS02278;Menengah;Rp1.000.000 - Rp3.000.000;5;Beasiswa;Ya;KIP-Kuliah;3;Sewa;Ya
MHS02279;Menengah;< Rp1.000.000;4;Orang Tua;Ya;Beasiswa Swasta/CSR;3;Sewa;Tidak
MHS02280;Menengah;Rp3.000.000 - Rp5.000.000;4;Beasiswa;Ya;Beasiswa Daerah;5;Sewa;Tidak
MHS02281;Menengah;< Rp1.000.000;3;Kerja Sendiri (part-time);Tidak;Tidak Ada;4;Sewa;Tidak
MHS02282;Tinggi;Rp3.000.000 - Rp5.000.000;2;Beasiswa;Ya;Beasiswa Prestasi Akademik (PPA);5;Milik Sendiri;Tidak
MHS02283;Rendah;< Rp1.000.000;9;Beasiswa;Ya;KIP-Kuliah;3;Sewa;Ya
MHS02284;Menengah;> Rp5.000.000;6;Orang Tua;Tidak;Tidak Ada;5;Milik Sendiri;Ya
MHS02285;Menengah;Rp1.000.000 - Rp3.000.000;4;Orang Tua;Tidak;Tidak Ada;3;Milik Sendiri;Tidak
MHS02286;Rendah;< Rp1.000.000;7;Orang Tua;Ya;KIP-Kuliah;2;Sewa;Ya
MHS02287;Menengah;Rp1.000.000 - Rp3.000.000;4;Orang Tua;Tidak;Tidak Ada;2;Milik Sendiri;Tidak
MHS02288;Tinggi;> Rp5.000.000;3;Orang Tua;Tidak;Tidak Ada;6;Milik Sendiri;Tidak
MHS02289;Menengah;Rp3.000.000 - Rp5.000.000;2;Orang Tua;Tidak;Tidak Ada;5;Milik Sendiri;Tidak
MHS02290;Menengah;< Rp1.000.000;9;Orang Tua;Tidak;Tidak Ada;3;Milik Sendiri;Tidak
MHS02291;Rendah;< Rp1.000.000;7;Beasiswa;Ya;KIP-Kuliah;2;Sewa;Tidak
MHS02292;Tinggi;Rp3.000.000 - Rp5.000.000;3;Orang Tua;Tidak;Tidak Ada;4;Menumpang;Tidak
MHS02293;Menengah;Rp1.000.000 - Rp3.000.000;6;Orang Tua;Tidak;Tidak Ada;4;Sewa;Ya
MHS02294;Rendah;Rp1.000.000 - Rp3.000.000;7;Orang Tua;Tidak;Tidak Ada;4;Milik Sendiri;Tidak
MHS02295;Rendah;< Rp1.000.000;8;Beasiswa;Ya;KIP-Kuliah;2;Sewa;Tidak
MHS02296;Rendah;< Rp1.000.000;2;Beasiswa;Ya;KIP-Kuliah;2;Menumpang;Tidak
MHS02297;Tinggi;> Rp5.000.000;2;Orang Tua;Tidak;Tidak Ada;8;Milik Sendiri;Tidak
MHS02298;Rendah;< Rp1.000.000;9;Orang Tua;Tidak;Tidak Ada;2;Sewa;Tidak
MHS02299;Menengah;< Rp1.000.000;4;Orang Tua;Tidak;Tidak Ada;3;Menumpang;Tidak
MHS02300;Tinggi;> Rp5.000.000;5;Orang Tua;Tidak;Tidak Ada;6;Milik Sendiri;Tidak
MHS02301;Rendah;Rp1.000.000 - Rp3.000.000;6;Beasiswa;Ya;KIP-Kuliah;3;Menumpang;Ya
MHS02302;Tinggi;Rp3.000.000 - Rp5.000.000;2;Orang Tua;Tidak;Tidak Ada;6;Milik Sendiri;Tidak
MHS02303;Tinggi;> Rp5.000.000;2;Orang Tua;Ya;Beasiswa Prestasi Akademik (PPA);5;Milik Sendiri;Tidak
MHS02304;Tinggi;> Rp5.000.000;2;Orang Tua;Tidak;Tidak Ada;8;Milik Sendiri;Tidak
MHS02305;Rendah;< Rp1.000.000;7;Orang Tua;Tidak;Tidak Ada;2;Menumpang;Ya
MHS02306;Tinggi;Rp3.000.000 - Rp5.000.000;4;Orang Tua;Tidak;Tidak Ada;6;Sewa;Tidak
MHS02307;Menengah;Rp1.000.000 - Rp3.000.000;1;Kerja Sendiri (part-time);Tidak;Tidak Ada;4;Menumpang;Tidak
MHS02308;Rendah;Rp1.000.000 - Rp3.000.000;8;Orang Tua;Tidak;Tidak Ada;5;Sewa;Tidak
MHS02309;Rendah;< Rp1.000.000;9;Beasiswa;Ya;KIP-Kuliah;2;Sewa;Ya
MHS02310;Tinggi;> Rp5.000.000;3;Orang Tua;Tidak;Tidak Ada;6;Milik Sendiri;Tidak
MHS02311;Tinggi;> Rp5.000.000;3;Orang Tua;Tidak;Tidak Ada;8;Milik Sendiri;Tidak
MHS02312;Menengah;Rp3.000.000 - Rp5.000.000;6;Orang Tua;Tidak;Tidak Ada;4;Milik Sendiri;Tidak
MHS02313;Tinggi;> Rp5.000.000;1;Orang Tua;Ya;Beasiswa Prestasi Akademik (PPA);5;Milik Sendiri;Tidak
MHS02314;Tinggi;> Rp5.000.000;6;Orang Tua;Tidak;Tidak Ada;5;Milik Sendiri;Tidak
MHS02315;Menengah;Rp3.000.000 - Rp5.000.000;3;Orang Tua;Tidak;Tidak Ada;4;Milik Sendiri;Tidak
MHS02316;Menengah;Rp3.000.000 - Rp5.000.000;3;Orang Tua;Tidak;Tidak Ada;5;Milik Sendiri;Tidak
MHS02317;Tinggi;> Rp5.000.000;1;Beasiswa;Ya;Beasiswa Prestasi Akademik (PPA);8;Milik Sendiri;Tidak
MHS02318;Rendah;< Rp1.000.000;6;Beasiswa;Ya;KIP-Kuliah;2;Sewa;Ya
MHS02319;Menengah;Rp1.000.000 - Rp3.000.000;4;Kerja Sendiri (part-time);Tidak;Tidak Ada;5;Milik Sendiri;Ya
MHS02320;Menengah;Rp3.000.000 - Rp5.000.000;3;Orang Tua;Tidak;Tidak Ada;6;Milik Sendiri;Tidak
MHS02321;Tinggi;> Rp5.000.000;4;Beasiswa;Ya;Beasiswa Prestasi Akademik (PPA);8;Milik Sendiri;Tidak
MHS02322;Tinggi;> Rp5.000.000;3;Orang Tua;Tidak;Tidak Ada;5;Milik Sendiri;Tidak
MHS02323;Tinggi;Rp3.000.000 - Rp5.000.000;8;Orang Tua;Tidak;Tidak Ada;4;Sewa;Tidak
MHS02324;Menengah;Rp3.000.000 - Rp5.000.000;5;Orang Tua;Tidak;Tidak Ada;5;Milik Sendiri;Tidak
MHS02325;Tinggi;> Rp5.000.000;6;Orang Tua;Tidak;Tidak Ada;5;Milik Sendiri;Tidak
MHS02326;Rendah;Rp1.000.000 - Rp3.000.000;3;Orang Tua;Ya;Beasiswa Prestasi Akademik (PPA);4;Milik Sendiri;Tidak
MHS02327;Rendah;< Rp1.000.000;5;Beasiswa;Ya;KIP-Kuliah;2;Menumpang;Ya
MHS02328;Menengah;Rp1.000.000 - Rp3.000.000;9;Orang Tua;Tidak;Tidak Ada;3;Milik Sendiri;Tidak
MHS02329;Menengah;Rp1.000.000 - Rp3.000.000;3;Pinjaman/Kredit Pendidikan;Tidak;Tidak Ada;3;Menumpang;Tidak
MHS02330;Menengah;Rp3.000.000 - Rp5.000.000;3;Orang Tua;Tidak;Tidak Ada;5;Milik Sendiri;Tidak
MHS02331;Menengah;< Rp1.000.000;5;Pinjaman/Kredit Pendidikan;Ya;KIP-Kuliah;5;Sewa;Tidak
MHS02332;Menengah;Rp3.000.000 - Rp5.000.000;4;Orang Tua;Tidak;Tidak Ada;5;Milik Sendiri;Tidak
MHS02333;Tinggi;> Rp5.000.000;3;Orang Tua;Tidak;Tidak Ada;6;Milik Sendiri;Tidak
MHS02334;Rendah;< Rp1.000.000;6;Beasiswa;Ya;KIP-Kuliah;3;Menumpang;Tidak
MHS02335;Rendah;Rp1.000.000 - Rp3.000.000;4;Beasiswa;Ya;KIP-Kuliah;3;Milik Sendiri;Tidak
MHS02336;Menengah;Rp1.000.000 - Rp3.000.000;3;Pinjaman/Kredit Pendidikan;Tidak;Tidak Ada;4;Menumpang;Tidak
MHS02337;Tinggi;> Rp5.000.000;2;Orang Tua;Tidak;Tidak Ada;8;Milik Sendiri;Tidak
MHS02338;Menengah;Rp3.000.000 - Rp5.000.000;5;Orang Tua;Tidak;Tidak Ada;4;Milik Sendiri;Ya
MHS02339;Menengah;Rp1.000.000 - Rp3.000.000;3;Orang Tua;Tidak;Tidak Ada;5;Milik Sendiri;Tidak
MHS02340;Menengah;Rp3.000.000 - Rp5.000.000;2;Orang Tua;Tidak;Tidak Ada;5;Milik Sendiri;Tidak
MHS02341;Menengah;Rp3.000.000 - Rp5.000.000;5;Kerja Sendiri (part-time);Tidak;Tidak Ada;5;Milik Sendiri;Ya
MHS02342;Menengah;Rp3.000.000 - Rp5.000.000;4;Beasiswa;Ya;KIP-Kuliah;4;Sewa;Ya
MHS02343;Menengah;< Rp1.000.000;3;Kerja Sendiri (part-time);Tidak;Tidak Ada;1;Sewa;Ya
MHS02344;Menengah;Rp1.000.000 - Rp3.000.000;4;Orang Tua;Ya;Beasiswa Prestasi Akademik (PPA);4;Sewa;Tidak
MHS02345;Menengah;< Rp1.000.000;4;Kerja Sendiri (part-time);Tidak;Tidak Ada;2;Menumpang;Ya
MHS02346;Rendah;< Rp1.000.000;3;Orang Tua;Tidak;Tidak Ada;1;Menumpang;Ya
MHS02347;Menengah;Rp1.000.000 - Rp3.000.000;2;Orang Tua;Tidak;Tidak Ada;4;Menumpang;Tidak
MHS02348;Tinggi;> Rp5.000.000;2;Orang Tua;Tidak;Tidak Ada;5;Milik Sendiri;Tidak
MHS02349;Tinggi;Rp3.000.000 - Rp5.000.000;1;Orang Tua;Tidak;Tidak Ada;5;Milik Sendiri;Tidak
MHS02350;Menengah;Rp3.000.000 - Rp5.000.000;5;Kerja Sendiri (part-time);Tidak;Tidak Ada;5;Sewa;Ya
MHS02351;Tinggi;> Rp5.000.000;3;Orang Tua;Tidak;Tidak Ada;8;Milik Sendiri;Tidak
MHS02352;Menengah;Rp3.000.000 - Rp5.000.000;4;Kerja Sendiri (part-time);Ya;Beasiswa Prestasi Akademik (PPA);4;Milik Sendiri;Tidak
MHS02353;Rendah;< Rp1.000.000;5;Beasiswa;Ya;KIP-Kuliah;2;Menumpang;Tidak
MHS02354;Menengah;Rp1.000.000 - Rp3.000.000;3;Beasiswa;Ya;KIP-Kuliah;4;Milik Sendiri;Tidak
MHS02355;Rendah;< Rp1.000.000;9;Kerja Sendiri (part-time);Ya;Beasiswa Prestasi Akademik (PPA);2;Sewa;Tidak
MHS02356;Tinggi;> Rp5.000.000;2;Orang Tua;Tidak;Tidak Ada;6;Milik Sendiri;Tidak
MHS02357;Menengah;Rp3.000.000 - Rp5.000.000;4;Orang Tua;Tidak;Tidak Ada;4;Sewa;Tidak
MHS02358;Tinggi;> Rp5.000.000;3;Orang Tua;Tidak;Tidak Ada;8;Milik Sendiri;Tidak
MHS02359;Menengah;Rp1.000.000 - Rp3.000.000;3;Beasiswa;Ya;KIP-Kuliah;4;Sewa;Tidak
MHS02360;Tinggi;Rp3.000.000 - Rp5.000.000;6;Orang Tua;Tidak;Tidak Ada;4;Milik Sendiri;Ya
MHS02361;Tinggi;> Rp5.000.000;2;Orang Tua;Tidak;Tidak Ada;4;Milik Sendiri;Tidak
MHS02362;Menengah;Rp1.000.000 - Rp3.000.000;4;Orang Tua;Tidak;Tidak Ada;4;Sewa;Tidak
MHS02363;Menengah;Rp1.000.000 - Rp3.000.000;5;Kerja Sendiri (part-time);Tidak;Tidak Ada;3;Menumpang;Tidak
MHS02364;Menengah;Rp3.000.000 - Rp5.000.000;3;Orang Tua;Tidak;Tidak Ada;3;Milik Sendiri;Tidak
MHS02365;Tinggi;> Rp5.000.000;2;Orang Tua;Tidak;Tidak Ada;7;Milik Sendiri;Tidak
MHS02366;Menengah;Rp3.000.000 - Rp5.000.000;6;Orang Tua;Tidak;Tidak Ada;3;Milik Sendiri;Tidak
MHS02367;Menengah;Rp1.000.000 - Rp3.000.000;5;Orang Tua;Tidak;Tidak Ada;6;Milik Sendiri;Tidak
MHS02368;Rendah;Rp1.000.000 - Rp3.000.000;3;Orang Tua;Tidak;Tidak Ada;4;Milik Sendiri;Ya
MHS02369;Tinggi;Rp3.000.000 - Rp5.000.000;2;Orang Tua;Tidak;Tidak Ada;6;Sewa;Tidak
MHS02370;Menengah;Rp3.000.000 - Rp5.000.000;2;Orang Tua;Tidak;Tidak Ada;5;Milik Sendiri;Tidak
MHS02371;Menengah;Rp3.000.000 - Rp5.000.000;3;Orang Tua;Tidak;Tidak Ada;5;Sewa;Ya
MHS02372;Menengah;Rp1.000.000 - Rp3.000.000;5;Orang Tua;Tidak;Tidak Ada;5;Sewa;Ya
MHS02373;Tinggi;> Rp5.000.000;2;Orang Tua;Ya;Beasiswa Prestasi Akademik (PPA);7;Milik Sendiri;Tidak
MHS02374;Rendah;< Rp1.000.000;7;Kerja Sendiri (part-time);Tidak;Tidak Ada;2;Menumpang;Ya
MHS02375;Menengah;Rp1.000.000 - Rp3.000.000;3;Beasiswa;Ya;Beasiswa Prestasi Akademik (PPA);4;Menumpang;Tidak
MHS02376;Menengah;Rp1.000.000 - Rp3.000.000;3;Orang Tua;Tidak;Tidak Ada;5;Milik Sendiri;Tidak
MHS02377;Tinggi;> Rp5.000.000;3;Orang Tua;Ya;Beasiswa Daerah;8;Milik Sendiri;Tidak
MHS02378;Menengah;Rp3.000.000 - Rp5.000.000;1;Orang Tua;Tidak;Tidak Ada;3;Milik Sendiri;Tidak
MHS02379;Tinggi;> Rp5.000.000;2;Orang Tua;Tidak;Tidak Ada;6;Menumpang;Tidak
MHS02380;Rendah;Rp3.000.000 - Rp5.000.000;4;Orang Tua;Tidak;Tidak Ada;4;Menumpang;Tidak
MHS02381;Menengah;> Rp5.000.000;5;Orang Tua;Tidak;Tidak Ada;5;Milik Sendiri;Tidak
MHS02382;Rendah;Rp3.000.000 - Rp5.000.000;5;Orang Tua;Tidak;Tidak Ada;4;Milik Sendiri;Tidak
MHS02383;Tinggi;> Rp5.000.000;5;Orang Tua;Tidak;Tidak Ada;8;Milik Sendiri;Tidak
MHS02384;Tinggi;Rp3.000.000 - Rp5.000.000;5;Orang Tua;Tidak;Tidak Ada;3;Sewa;Ya
MHS02385;Menengah;Rp3.000.000 - Rp5.000.000;5;Orang Tua;Ya;Beasiswa Prestasi Akademik (PPA);6;Milik Sendiri;Tidak
MHS02386;Menengah;Rp3.000.000 - Rp5.000.000;4;Orang Tua;Tidak;Tidak Ada;5;Sewa;Ya
MHS02387;Tinggi;> Rp5.000.000;3;Orang Tua;Tidak;Tidak Ada;6;Milik Sendiri;Tidak
MHS02388;Menengah;Rp1.000.000 - Rp3.000.000;2;Orang Tua;Tidak;Tidak Ada;4;Sewa;Tidak
MHS02389;Tinggi;> Rp5.000.000;4;Orang Tua;Tidak;Tidak Ada;5;Milik Sendiri;Tidak
MHS02390;Menengah;Rp3.000.000 - Rp5.000.000;4;Orang Tua;Tidak;Tidak Ada;7;Milik Sendiri;Tidak
MHS02391;Rendah;< Rp1.000.000;4;Beasiswa;Ya;KIP-Kuliah;2;Sewa;Ya
MHS02392;Menengah;Rp3.000.000 - Rp5.000.000;2;Orang Tua;Tidak;Tidak Ada;5;Sewa;Tidak
MHS02393;Menengah;Rp3.000.000 - Rp5.000.000;5;Orang Tua;Ya;Beasiswa Swasta/CSR;4;Milik Sendiri;Tidak
MHS02394;Menengah;Rp3.000.000 - Rp5.000.000;8;Orang Tua;Ya;Beasiswa Daerah;4;Milik Sendiri;Ya
MHS02395;Menengah;Rp3.000.000 - Rp5.000.000;7;Orang Tua;Tidak;Tidak Ada;6;Sewa;Tidak
MHS02396;Rendah;< Rp1.000.000;7;Beasiswa;Ya;KIP-Kuliah;1;Menumpang;Tidak
MHS02397;Tinggi;> Rp5.000.000;3;Orang Tua;Tidak;Tidak Ada;8;Milik Sendiri;Tidak
MHS02398;Menengah;< Rp1.000.000;5;Beasiswa;Ya;KIP-Kuliah;3;Sewa;Ya
MHS02399;Menengah;Rp1.000.000 - Rp3.000.000;6;Orang Tua;Tidak;Tidak Ada;4;Menumpang;Tidak
MHS02400;Menengah;Rp3.000.000 - Rp5.000.000;3;Orang Tua;Tidak;Tidak Ada;5;Sewa;Ya
MHS02401;Rendah;< Rp1.000.000;6;Beasiswa;Ya;KIP-Kuliah;1;Sewa;Tidak
MHS02402;Menengah;Rp1.000.000 - Rp3.000.000;5;Orang Tua;Tidak;Tidak Ada;4;Sewa;Tidak
MHS02403;Menengah;< Rp1.000.000;7;Beasiswa;Ya;KIP-Kuliah;4;Milik Sendiri;Ya
MHS02404;Menengah;Rp3.000.000 - Rp5.000.000;3;Beasiswa;Ya;KIP-Kuliah;5;Sewa;Tidak
MHS02405;Menengah;Rp1.000.000 - Rp3.000.000;3;Pinjaman/Kredit Pendidikan;Tidak;Tidak Ada;4;Menumpang;Ya
MHS02406;Tinggi;> Rp5.000.000;4;Orang Tua;Tidak;Tidak Ada;7;Milik Sendiri;Tidak
MHS02407;Rendah;Rp1.000.000 - Rp3.000.000;7;Kerja Sendiri (part-time);Tidak;Tidak Ada;2;Sewa;Ya
MHS02408;Rendah;< Rp1.000.000;3;Beasiswa;Ya;KIP-Kuliah;1;Sewa;Ya
MHS02409;Menengah;Rp3.000.000 - Rp5.000.000;6;Orang Tua;Tidak;Tidak Ada;3;Milik Sendiri;Tidak
MHS02410;Menengah;Rp3.000.000 - Rp5.000.000;4;Orang Tua;Tidak;Tidak Ada;6;Milik Sendiri;Tidak
MHS02411;Tinggi;> Rp5.000.000;3;Orang Tua;Tidak;Tidak Ada;5;Milik Sendiri;Tidak
MHS02412;Menengah;> Rp5.000.000;5;Orang Tua;Tidak;Tidak Ada;6;Milik Sendiri;Tidak
MHS02413;Rendah;< Rp1.000.000;3;Beasiswa;Ya;KIP-Kuliah;2;Sewa;Tidak
MHS02414;Menengah;Rp3.000.000 - Rp5.000.000;3;Orang Tua;Tidak;Tidak Ada;5;Sewa;Tidak
MHS02415;Menengah;Rp1.000.000 - Rp3.000.000;2;Orang Tua;Tidak;Tidak Ada;2;Milik Sendiri;Ya
MHS02416;Menengah;Rp1.000.000 - Rp3.000.000;4;Orang Tua;Ya;Beasiswa Prestasi Akademik (PPA);5;Sewa;Tidak
MHS02417;Menengah;Rp3.000.000 - Rp5.000.000;3;Orang Tua;Tidak;Tidak Ada;3;Milik Sendiri;Tidak
MHS02418;Menengah;Rp1.000.000 - Rp3.000.000;7;Beasiswa;Ya;KIP-Kuliah;4;Menumpang;Ya
MHS02419;Menengah;Rp1.000.000 - Rp3.000.000;3;Beasiswa;Ya;Beasiswa Prestasi Akademik (PPA);2;Milik Sendiri;Tidak
MHS02420;Menengah;Rp3.000.000 - Rp5.000.000;4;Beasiswa;Ya;Beasiswa Swasta/CSR;6;Milik Sendiri;Tidak
MHS02421;Menengah;Rp1.000.000 - Rp3.000.000;8;Orang Tua;Tidak;Tidak Ada;1;Milik Sendiri;Ya
MHS02422;Menengah;Rp3.000.000 - Rp5.000.000;5;Beasiswa;Ya;Beasiswa Swasta/CSR;6;Milik Sendiri;Ya
MHS02423;Menengah;Rp1.000.000 - Rp3.000.000;2;Orang Tua;Tidak;Tidak Ada;2;Menumpang;Tidak
MHS02424;Tinggi;> Rp5.000.000;5;Orang Tua;Tidak;Tidak Ada;8;Milik Sendiri;Tidak
MHS02425;Tinggi;> Rp5.000.000;3;Orang Tua;Tidak;Tidak Ada;7;Milik Sendiri;Tidak
MHS02426;Tinggi;> Rp5.000.000;6;Orang Tua;Tidak;Tidak Ada;6;Milik Sendiri;Tidak
MHS02427;Tinggi;Rp3.000.000 - Rp5.000.000;8;Orang Tua;Tidak;Tidak Ada;3;Sewa;Tidak
MHS02428;Tinggi;> Rp5.000.000;2;Orang Tua;Tidak;Tidak Ada;6;Milik Sendiri;Tidak
MHS02429;Menengah;Rp1.000.000 - Rp3.000.000;5;Orang Tua;Tidak;Tidak Ada;3;Menumpang;Tidak
MHS02430;Menengah;Rp3.000.000 - Rp5.000.000;4;Orang Tua;Tidak;Tidak Ada;6;Menumpang;Tidak
MHS02431;Rendah;< Rp1.000.000;5;Orang Tua;Tidak;Tidak Ada;3;Sewa;Tidak
MHS02432;Tinggi;> Rp5.000.000;4;Orang Tua;Tidak;Tidak Ada;5;Milik Sendiri;Tidak
MHS02433;Menengah;Rp3.000.000 - Rp5.000.000;4;Orang Tua;Tidak;Tidak Ada;5;Sewa;Ya
MHS02434;Menengah;Rp1.000.000 - Rp3.000.000;2;Orang Tua;Tidak;Tidak Ada;5;Milik Sendiri;Tidak
MHS02435;Tinggi;Rp3.000.000 - Rp5.000.000;5;Orang Tua;Tidak;Tidak Ada;6;Sewa;Tidak
MHS02436;Tinggi;> Rp5.000.000;5;Orang Tua;Tidak;Tidak Ada;7;Milik Sendiri;Tidak
MHS02437;Menengah;Rp1.000.000 - Rp3.000.000;5;Orang Tua;Tidak;Tidak Ada;4;Menumpang;Tidak
MHS02438;Menengah;Rp3.000.000 - Rp5.000.000;4;Orang Tua;Ya;Beasiswa Prestasi Akademik (PPA);6;Menumpang;Tidak
MHS02439;Menengah;Rp3.000.000 - Rp5.000.000;2;Orang Tua;Tidak;Tidak Ada;5;Milik Sendiri;Tidak
MHS02440;Menengah;Rp1.000.000 - Rp3.000.000;1;Beasiswa;Ya;KIP-Kuliah;3;Menumpang;Tidak
MHS02441;Rendah;Rp1.000.000 - Rp3.000.000;6;Kerja Sendiri (part-time);Tidak;Tidak Ada;6;Milik Sendiri;Ya
MHS02442;Rendah;< Rp1.000.000;3;Beasiswa;Ya;KIP-Kuliah;3;Menumpang;Tidak
MHS02443;Menengah;Rp1.000.000 - Rp3.000.000;7;Orang Tua;Tidak;Tidak Ada;4;Sewa;Ya
MHS02444;Tinggi;> Rp5.000.000;2;Orang Tua;Tidak;Tidak Ada;7;Milik Sendiri;Tidak
MHS02445;Tinggi;Rp3.000.000 - Rp5.000.000;5;Orang Tua;Tidak;Tidak Ada;7;Sewa;Tidak
MHS02446;Menengah;Rp1.000.000 - Rp3.000.000;4;Orang Tua;Tidak;Tidak Ada;3;Sewa;Ya
MHS02447;Menengah;Rp3.000.000 - Rp5.000.000;5;Beasiswa;Ya;KIP-Kuliah;5;Milik Sendiri;Tidak
MHS02448;Tinggi;Rp3.000.000 - Rp5.000.000;5;Orang Tua;Tidak;Tidak Ada;7;Milik Sendiri;Tidak
MHS02449;Menengah;Rp3.000.000 - Rp5.000.000;4;Orang Tua;Tidak;Tidak Ada;4;Milik Sendiri;Ya
MHS02450;Rendah;Rp1.000.000 - Rp3.000.000;4;Orang Tua;Tidak;Tidak Ada;5;Sewa;Tidak
MHS02451;Menengah;Rp3.000.000 - Rp5.000.000;6;Orang Tua;Tidak;Tidak Ada;4;Milik Sendiri;Tidak
MHS02452;Rendah;< Rp1.000.000;9;Beasiswa;Ya;KIP-Kuliah;1;Menumpang;Tidak
MHS02453;Menengah;Rp1.000.000 - Rp3.000.000;3;Orang Tua;Tidak;Tidak Ada;3;Menumpang;Tidak
MHS02454;Tinggi;> Rp5.000.000;2;Orang Tua;Tidak;Tidak Ada;5;Sewa;Tidak
MHS02455;Tinggi;Rp3.000.000 - Rp5.000.000;2;Orang Tua;Tidak;Tidak Ada;7;Milik Sendiri;Tidak
MHS02456;Tinggi;Rp3.000.000 - Rp5.000.000;3;Orang Tua;Ya;Beasiswa Prestasi Akademik (PPA);6;Milik Sendiri;Tidak
MHS02457;Menengah;Rp1.000.000 - Rp3.000.000;1;Pinjaman/Kredit Pendidikan;Ya;Beasiswa Daerah;4;Milik Sendiri;Tidak
MHS02458;Menengah;Rp1.000.000 - Rp3.000.000;5;Orang Tua;Tidak;Tidak Ada;4;Sewa;Ya
MHS02459;Tinggi;> Rp5.000.000;3;Orang Tua;Tidak;Tidak Ada;6;Milik Sendiri;Tidak
MHS02460;Menengah;Rp3.000.000 - Rp5.000.000;5;Kerja Sendiri (part-time);Tidak;Tidak Ada;7;Milik Sendiri;Ya
MHS02461;Menengah;Rp3.000.000 - Rp5.000.000;2;Orang Tua;Tidak;Tidak Ada;4;Menumpang;Ya
MHS02462;Rendah;Rp1.000.000 - Rp3.000.000;4;Orang Tua;Tidak;Tidak Ada;4;Milik Sendiri;Tidak
MHS02463;Menengah;Rp1.000.000 - Rp3.000.000;7;Orang Tua;Tidak;Tidak Ada;3;Sewa;Tidak
MHS02464;Menengah;Rp3.000.000 - Rp5.000.000;4;Beasiswa;Ya;KIP-Kuliah;6;Sewa;Tidak
MHS02465;Tinggi;> Rp5.000.000;2;Orang Tua;Tidak;Tidak Ada;7;Sewa;Tidak
MHS02466;Tinggi;> Rp5.000.000;4;Orang Tua;Ya;Beasiswa Swasta/CSR;5;Milik Sendiri;Tidak
MHS02467;Menengah;Rp3.000.000 - Rp5.000.000;3;Kerja Sendiri (part-time);Tidak;Tidak Ada;4;Milik Sendiri;Ya
MHS02468;Menengah;Rp1.000.000 - Rp3.000.000;4;Orang Tua;Tidak;Tidak Ada;4;Sewa;Tidak
MHS02469;Tinggi;> Rp5.000.000;4;Orang Tua;Tidak;Tidak Ada;7;Milik Sendiri;Tidak
MHS02470;Menengah;Rp3.000.000 - Rp5.000.000;7;Orang Tua;Tidak;Tidak Ada;4;Menumpang;Tidak
MHS02471;Menengah;Rp1.000.000 - Rp3.000.000;5;Beasiswa;Ya;Beasiswa Prestasi Akademik (PPA);2;Sewa;Tidak
MHS02472;Menengah;Rp3.000.000 - Rp5.000.000;5;Orang Tua;Tidak;Tidak Ada;3;Milik Sendiri;Tidak
MHS02473;Tinggi;> Rp5.000.000;3;Orang Tua;Tidak;Tidak Ada;7;Milik Sendiri;Tidak
MHS02474;Tinggi;> Rp5.000.000;3;Orang Tua;Tidak;Tidak Ada;7;Milik Sendiri;Tidak
MHS02475;Tinggi;> Rp5.000.000;3;Orang Tua;Tidak;Tidak Ada;7;Sewa;Tidak
MHS02476;Menengah;Rp3.000.000 - Rp5.000.000;2;Orang Tua;Tidak;Tidak Ada;3;Sewa;Tidak
MHS02477;Rendah;Rp1.000.000 - Rp3.000.000;3;Beasiswa;Ya;KIP-Kuliah;3;Menumpang;Tidak
MHS02478;Rendah;< Rp1.000.000;6;Beasiswa;Ya;KIP-Kuliah;4;Sewa;Tidak
MHS02479;Menengah;Rp3.000.000 - Rp5.000.000;5;Beasiswa;Ya;Beasiswa Prestasi Akademik (PPA);6;Sewa;Tidak
MHS02480;Menengah;Rp1.000.000 - Rp3.000.000;4;Orang Tua;Ya;Beasiswa Prestasi Akademik (PPA);4;Sewa;Tidak
MHS02481;Menengah;Rp3.000.000 - Rp5.000.000;2;Orang Tua;Tidak;Tidak Ada;4;Sewa;Tidak
MHS02482;Menengah;Rp1.000.000 - Rp3.000.000;2;Orang Tua;Tidak;Tidak Ada;4;Sewa;Tidak
MHS02483;Menengah;Rp3.000.000 - Rp5.000.000;2;Orang Tua;Tidak;Tidak Ada;6;Milik Sendiri;Tidak
MHS02484;Menengah;Rp3.000.000 - Rp5.000.000;4;Orang Tua;Tidak;Tidak Ada;6;Milik Sendiri;Tidak
MHS02485;Menengah;Rp3.000.000 - Rp5.000.000;4;Orang Tua;Tidak;Tidak Ada;3;Sewa;Tidak
MHS02486;Rendah;< Rp1.000.000;7;Beasiswa;Ya;KIP-Kuliah;2;Menumpang;Tidak
MHS02487;Menengah;Rp1.000.000 - Rp3.000.000;8;Orang Tua;Tidak;Tidak Ada;3;Menumpang;Tidak
MHS02488;Menengah;Rp1.000.000 - Rp3.000.000;3;Orang Tua;Ya;Beasiswa Prestasi Akademik (PPA);3;Menumpang;Tidak
MHS02489;Menengah;Rp3.000.000 - Rp5.000.000;4;Orang Tua;Tidak;Tidak Ada;4;Menumpang;Tidak
MHS02490;Tinggi;> Rp5.000.000;5;Orang Tua;Tidak;Tidak Ada;8;Milik Sendiri;Tidak
MHS02491;Menengah;Rp1.000.000 - Rp3.000.000;8;Orang Tua;Ya;Beasiswa Daerah;2;Menumpang;Tidak
MHS02492;Menengah;Rp3.000.000 - Rp5.000.000;7;Orang Tua;Tidak;Tidak Ada;5;Menumpang;Tidak
MHS02493;Tinggi;> Rp5.000.000;3;Orang Tua;Tidak;Tidak Ada;6;Milik Sendiri;Tidak
MHS02494;Tinggi;> Rp5.000.000;2;Orang Tua;Tidak;Tidak Ada;7;Milik Sendiri;Tidak
MHS02495;Menengah;Rp3.000.000 - Rp5.000.000;4;Orang Tua;Tidak;Tidak Ada;6;Sewa;Tidak
MHS02496;Menengah;Rp1.000.000 - Rp3.000.000;3;Orang Tua;Tidak;Tidak Ada;3;Milik Sendiri;Tidak
MHS02497;Menengah;Rp3.000.000 - Rp5.000.000;1;Orang Tua;Tidak;Tidak Ada;7;Milik Sendiri;Tidak
MHS02498;Menengah;Rp1.000.000 - Rp3.000.000;7;Orang Tua;Ya;Beasiswa Prestasi Akademik (PPA);7;Menumpang;Tidak
MHS02499;Rendah;< Rp1.000.000;2;Beasiswa;Ya;KIP-Kuliah;3;Menumpang;Tidak
MHS02500;Menengah;Rp3.000.000 - Rp5.000.000;3;Orang Tua;Tidak;Tidak Ada;4;Sewa;Tidak
MHS02501;Rendah;Rp1.000.000 - Rp3.000.000;6;Beasiswa;Ya;KIP-Kuliah;4;Sewa;Tidak
MHS02502;Menengah;Rp3.000.000 - Rp5.000.000;8;Beasiswa;Ya;Beasiswa Prestasi Akademik (PPA);5;Milik Sendiri;Ya
MHS02503;Tinggi;Rp3.000.000 - Rp5.000.000;6;Orang Tua;Tidak;Tidak Ada;5;Milik Sendiri;Tidak
MHS02504;Menengah;Rp3.000.000 - Rp5.000.000;4;Beasiswa;Ya;Beasiswa Swasta/CSR;5;Milik Sendiri;Tidak
MHS02505;Menengah;< Rp1.000.000;7;Beasiswa;Ya;KIP-Kuliah;4;Milik Sendiri;Tidak
MHS02506;Tinggi;> Rp5.000.000;3;Orang Tua;Tidak;Tidak Ada;8;Milik Sendiri;Tidak
MHS02507;Menengah;Rp1.000.000 - Rp3.000.000;5;Beasiswa;Ya;KIP-Kuliah;4;Sewa;Tidak
MHS02508;Menengah;Rp1.000.000 - Rp3.000.000;5;Orang Tua;Tidak;Tidak Ada;4;Sewa;Tidak
MHS02509;Rendah;< Rp1.000.000;3;Orang Tua;Ya;KIP-Kuliah;5;Sewa;Ya
MHS02510;Tinggi;> Rp5.000.000;5;Orang Tua;Tidak;Tidak Ada;6;Milik Sendiri;Tidak
MHS02511;Rendah;< Rp1.000.000;6;Orang Tua;Tidak;Tidak Ada;3;Menumpang;Tidak
MHS02512;Menengah;Rp3.000.000 - Rp5.000.000;5;Kerja Sendiri (part-time);Tidak;Tidak Ada;5;Sewa;Ya
MHS02513;Menengah;Rp3.000.000 - Rp5.000.000;5;Beasiswa;Ya;Beasiswa Daerah;5;Sewa;Ya
MHS02514;Menengah;Rp3.000.000 - Rp5.000.000;6;Beasiswa;Ya;Beasiswa Prestasi Akademik (PPA);5;Milik Sendiri;Tidak
MHS02515;Menengah;> Rp5.000.000;2;Orang Tua;Tidak;Tidak Ada;6;Milik Sendiri;Tidak
MHS02516;Tinggi;> Rp5.000.000;4;Orang Tua;Tidak;Tidak Ada;8;Milik Sendiri;Tidak
MHS02517;Rendah;Rp1.000.000 - Rp3.000.000;3;Beasiswa;Ya;Beasiswa Daerah;4;Sewa;Tidak
MHS02518;Menengah;> Rp5.000.000;4;Orang Tua;Tidak;Tidak Ada;6;Milik Sendiri;Tidak
MHS02519;Tinggi;Rp3.000.000 - Rp5.000.000;4;Orang Tua;Tidak;Tidak Ada;4;Milik Sendiri;Tidak
MHS02520;Tinggi;> Rp5.000.000;2;Orang Tua;Tidak;Tidak Ada;8;Milik Sendiri;Tidak
MHS02521;Rendah;Rp1.000.000 - Rp3.000.000;2;Kerja Sendiri (part-time);Ya;KIP-Kuliah;3;Sewa;Tidak
MHS02522;Menengah;Rp3.000.000 - Rp5.000.000;4;Orang Tua;Tidak;Tidak Ada;5;Milik Sendiri;Tidak
MHS02523;Menengah;Rp3.000.000 - Rp5.000.000;3;Orang Tua;Tidak;Tidak Ada;5;Sewa;Tidak
MHS02524;Tinggi;Rp3.000.000 - Rp5.000.000;5;Beasiswa;Ya;Beasiswa Prestasi Akademik (PPA);5;Milik Sendiri;Ya
MHS02525;Rendah;< Rp1.000.000;7;Beasiswa;Ya;KIP-Kuliah;2;Menumpang;Ya
MHS02526;Rendah;< Rp1.000.000;5;Orang Tua;Tidak;Tidak Ada;3;Sewa;Tidak
MHS02527;Menengah;Rp3.000.000 - Rp5.000.000;4;Orang Tua;Ya;Beasiswa Daerah;7;Milik Sendiri;Tidak
MHS02528;Tinggi;Rp3.000.000 - Rp5.000.000;3;Orang Tua;Ya;Beasiswa Daerah;8;Milik Sendiri;Tidak
MHS02529;Menengah;Rp3.000.000 - Rp5.000.000;5;Orang Tua;Tidak;Tidak Ada;5;Milik Sendiri;Tidak
MHS02530;Menengah;Rp3.000.000 - Rp5.000.000;5;Orang Tua;Tidak;Tidak Ada;5;Milik Sendiri;Tidak
MHS02531;Tinggi;> Rp5.000.000;3;Orang Tua;Tidak;Tidak Ada;7;Milik Sendiri;Tidak
MHS02532;Menengah;Rp1.000.000 - Rp3.000.000;4;Orang Tua;Tidak;Tidak Ada;3;Sewa;Ya
MHS02533;Menengah;Rp1.000.000 - Rp3.000.000;2;Kerja Sendiri (part-time);Tidak;Tidak Ada;6;Milik Sendiri;Ya
MHS02534;Tinggi;Rp3.000.000 - Rp5.000.000;3;Beasiswa;Ya;Beasiswa Prestasi Akademik (PPA);7;Milik Sendiri;Tidak
MHS02535;Menengah;Rp1.000.000 - Rp3.000.000;6;Pinjaman/Kredit Pendidikan;Tidak;Tidak Ada;5;Menumpang;Tidak
MHS02536;Menengah;Rp1.000.000 - Rp3.000.000;5;Beasiswa;Ya;Beasiswa Prestasi Akademik (PPA);5;Milik Sendiri;Tidak
MHS02537;Menengah;Rp3.000.000 - Rp5.000.000;4;Orang Tua;Tidak;Tidak Ada;4;Sewa;Tidak
MHS02538;Rendah;Rp1.000.000 - Rp3.000.000;5;Kerja Sendiri (part-time);Tidak;Tidak Ada;3;Menumpang;Ya
MHS02539;Tinggi;Rp3.000.000 - Rp5.000.000;5;Orang Tua;Tidak;Tidak Ada;4;Milik Sendiri;Tidak
MHS02540;Tinggi;Rp3.000.000 - Rp5.000.000;2;Orang Tua;Tidak;Tidak Ada;5;Milik Sendiri;Tidak
MHS02541;Menengah;Rp3.000.000 - Rp5.000.000;8;Orang Tua;Ya;KIP-Kuliah;4;Milik Sendiri;Tidak
MHS02542;Tinggi;Rp3.000.000 - Rp5.000.000;3;Orang Tua;Tidak;Tidak Ada;5;Milik Sendiri;Tidak
MHS02543;Menengah;Rp3.000.000 - Rp5.000.000;2;Orang Tua;Tidak;Tidak Ada;6;Milik Sendiri;Tidak
MHS02544;Menengah;Rp1.000.000 - Rp3.000.000;2;Beasiswa;Ya;KIP-Kuliah;3;Milik Sendiri;Tidak
MHS02545;Tinggi;> Rp5.000.000;4;Orang Tua;Tidak;Tidak Ada;4;Milik Sendiri;Tidak
MHS02546;Menengah;Rp3.000.000 - Rp5.000.000;8;Orang Tua;Tidak;Tidak Ada;5;Milik Sendiri;Tidak
MHS02547;Tinggi;Rp3.000.000 - Rp5.000.000;2;Orang Tua;Tidak;Tidak Ada;6;Sewa;Tidak
MHS02548;Tinggi;> Rp5.000.000;4;Orang Tua;Tidak;Tidak Ada;7;Milik Sendiri;Tidak
MHS02549;Menengah;Rp1.000.000 - Rp3.000.000;6;Kerja Sendiri (part-time);Tidak;Tidak Ada;4;Menumpang;Ya
MHS02550;Tinggi;> Rp5.000.000;5;Orang Tua;Tidak;Tidak Ada;6;Milik Sendiri;Tidak
MHS02551;Menengah;> Rp5.000.000;2;Orang Tua;Tidak;Tidak Ada;6;Milik Sendiri;Tidak
MHS02552;Rendah;Rp1.000.000 - Rp3.000.000;4;Orang Tua;Tidak;Tidak Ada;5;Milik Sendiri;Tidak
MHS02553;Menengah;Rp3.000.000 - Rp5.000.000;3;Orang Tua;Tidak;Tidak Ada;5;Milik Sendiri;Tidak
MHS02554;Rendah;< Rp1.000.000;6;Beasiswa;Ya;KIP-Kuliah;1;Menumpang;Ya
MHS02555;Menengah;Rp1.000.000 - Rp3.000.000;5;Pinjaman/Kredit Pendidikan;Tidak;Tidak Ada;4;Sewa;Ya
MHS02556;Rendah;< Rp1.000.000;8;Beasiswa;Ya;KIP-Kuliah;2;Menumpang;Ya
MHS02557;Rendah;Rp3.000.000 - Rp5.000.000;2;Orang Tua;Tidak;Tidak Ada;5;Sewa;Ya
MHS02558;Rendah;Rp1.000.000 - Rp3.000.000;4;Kerja Sendiri (part-time);Tidak;Tidak Ada;5;Menumpang;Ya
MHS02559;Menengah;Rp1.000.000 - Rp3.000.000;7;Orang Tua;Ya;Beasiswa Prestasi Akademik (PPA);5;Sewa;Ya
MHS02560;Menengah;Rp1.000.000 - Rp3.000.000;5;Orang Tua;Tidak;Tidak Ada;3;Milik Sendiri;Tidak
MHS02561;Tinggi;> Rp5.000.000;3;Beasiswa;Ya;Beasiswa Daerah;6;Milik Sendiri;Tidak
MHS02562;Tinggi;Rp3.000.000 - Rp5.000.000;1;Orang Tua;Tidak;Tidak Ada;5;Milik Sendiri;Tidak
MHS02563;Tinggi;> Rp5.000.000;3;Orang Tua;Tidak;Tidak Ada;8;Milik Sendiri;Tidak
MHS02564;Tinggi;> Rp5.000.000;2;Orang Tua;Tidak;Tidak Ada;7;Milik Sendiri;Ya
MHS02565;Menengah;Rp3.000.000 - Rp5.000.000;6;Orang Tua;Tidak;Tidak Ada;5;Sewa;Tidak
MHS02566;Tinggi;> Rp5.000.000;3;Beasiswa;Ya;Beasiswa Prestasi Akademik (PPA);6;Milik Sendiri;Tidak
MHS02567;Menengah;Rp1.000.000 - Rp3.000.000;3;Pinjaman/Kredit Pendidikan;Tidak;Tidak Ada;5;Menumpang;Tidak
MHS02568;Menengah;Rp3.000.000 - Rp5.000.000;5;Orang Tua;Tidak;Tidak Ada;3;Milik Sendiri;Tidak
MHS02569;Menengah;Rp3.000.000 - Rp5.000.000;1;Orang Tua;Tidak;Tidak Ada;2;Menumpang;Tidak
MHS02570;Tinggi;Rp3.000.000 - Rp5.000.000;4;Orang Tua;Tidak;Tidak Ada;4;Sewa;Tidak
MHS02571;Menengah;Rp3.000.000 - Rp5.000.000;1;Orang Tua;Tidak;Tidak Ada;3;Sewa;Tidak
MHS02572;Menengah;Rp3.000.000 - Rp5.000.000;2;Orang Tua;Tidak;Tidak Ada;8;Milik Sendiri;Tidak
MHS02573;Menengah;Rp3.000.000 - Rp5.000.000;6;Orang Tua;Tidak;Tidak Ada;4;Sewa;Tidak
MHS02574;Menengah;Rp3.000.000 - Rp5.000.000;4;Kerja Sendiri (part-time);Tidak;Tidak Ada;4;Milik Sendiri;Tidak
MHS02575;Menengah;Rp1.000.000 - Rp3.000.000;4;Orang Tua;Tidak;Tidak Ada;4;Milik Sendiri;Tidak
MHS02576;Menengah;> Rp5.000.000;4;Orang Tua;Tidak;Tidak Ada;5;Milik Sendiri;Tidak
MHS02577;Menengah;Rp3.000.000 - Rp5.000.000;5;Orang Tua;Tidak;Tidak Ada;4;Milik Sendiri;Tidak
MHS02578;Menengah;Rp1.000.000 - Rp3.000.000;6;Orang Tua;Tidak;Tidak Ada;5;Sewa;Tidak
MHS02579;Menengah;Rp3.000.000 - Rp5.000.000;2;Orang Tua;Tidak;Tidak Ada;5;Milik Sendiri;Ya
MHS02580;Rendah;Rp1.000.000 - Rp3.000.000;6;Kerja Sendiri (part-time);Tidak;Tidak Ada;2;Menumpang;Ya
MHS02581;Rendah;< Rp1.000.000;2;Kerja Sendiri (part-time);Tidak;Tidak Ada;3;Menumpang;Tidak
MHS02582;Tinggi;> Rp5.000.000;2;Orang Tua;Tidak;Tidak Ada;5;Milik Sendiri;Tidak
MHS02583;Rendah;< Rp1.000.000;8;Beasiswa;Ya;KIP-Kuliah;1;Sewa;Ya
MHS02584;Rendah;< Rp1.000.000;7;Kerja Sendiri (part-time);Tidak;Tidak Ada;1;Milik Sendiri;Ya
MHS02585;Rendah;Rp1.000.000 - Rp3.000.000;3;Beasiswa;Ya;Beasiswa Daerah;4;Menumpang;Tidak
MHS02586;Menengah;Rp3.000.000 - Rp5.000.000;2;Orang Tua;Tidak;Tidak Ada;5;Menumpang;Ya
MHS02587;Menengah;Rp1.000.000 - Rp3.000.000;8;Kerja Sendiri (part-time);Tidak;Tidak Ada;4;Sewa;Tidak
MHS02588;Tinggi;> Rp5.000.000;2;Orang Tua;Tidak;Tidak Ada;4;Milik Sendiri;Tidak
MHS02589;Menengah;Rp3.000.000 - Rp5.000.000;6;Orang Tua;Tidak;Tidak Ada;6;Milik Sendiri;Tidak
MHS02590;Menengah;Rp1.000.000 - Rp3.000.000;8;Kerja Sendiri (part-time);Tidak;Tidak Ada;6;Sewa;Tidak
MHS02591;Menengah;Rp1.000.000 - Rp3.000.000;3;Orang Tua;Tidak;Tidak Ada;3;Menumpang;Tidak
MHS02592;Menengah;Rp3.000.000 - Rp5.000.000;4;Orang Tua;Tidak;Tidak Ada;4;Sewa;Tidak
MHS02593;Menengah;Rp1.000.000 - Rp3.000.000;5;Beasiswa;Ya;Beasiswa Swasta/CSR;3;Sewa;Tidak
MHS02594;Menengah;Rp1.000.000 - Rp3.000.000;4;Orang Tua;Tidak;Tidak Ada;4;Milik Sendiri;Tidak
MHS02595;Menengah;Rp3.000.000 - Rp5.000.000;2;Orang Tua;Ya;Beasiswa Prestasi Akademik (PPA);5;Menumpang;Tidak
MHS02596;Menengah;Rp1.000.000 - Rp3.000.000;3;Orang Tua;Tidak;Tidak Ada;3;Sewa;Tidak
MHS02597;Tinggi;> Rp5.000.000;5;Orang Tua;Tidak;Tidak Ada;5;Milik Sendiri;Tidak
MHS02598;Menengah;Rp3.000.000 - Rp5.000.000;3;Orang Tua;Tidak;Tidak Ada;6;Milik Sendiri;Ya
MHS02599;Tinggi;> Rp5.000.000;1;Beasiswa;Ya;Beasiswa Prestasi Akademik (PPA);6;Milik Sendiri;Tidak
MHS02600;Menengah;Rp1.000.000 - Rp3.000.000;2;Kerja Sendiri (part-time);Ya;Beasiswa Daerah;7;Menumpang;Tidak
MHS02601;Rendah;Rp1.000.000 - Rp3.000.000;2;Orang Tua;Tidak;Tidak Ada;5;Sewa;Tidak
MHS02602;Menengah;Rp1.000.000 - Rp3.000.000;4;Orang Tua;Tidak;Tidak Ada;3;Sewa;Tidak
MHS02603;Tinggi;> Rp5.000.000;1;Beasiswa;Ya;Beasiswa Prestasi Akademik (PPA);8;Milik Sendiri;Tidak
MHS02604;Menengah;Rp1.000.000 - Rp3.000.000;4;Beasiswa;Ya;Beasiswa Prestasi Akademik (PPA);5;Milik Sendiri;Tidak
MHS02605;Menengah;Rp1.000.000 - Rp3.000.000;5;Orang Tua;Tidak;Tidak Ada;2;Menumpang;Ya
MHS02606;Rendah;< Rp1.000.000;6;Beasiswa;Ya;KIP-Kuliah;2;Menumpang;Ya
MHS02607;Menengah;Rp3.000.000 - Rp5.000.000;3;Kerja Sendiri (part-time);Tidak;Tidak Ada;7;Sewa;Tidak
MHS02608;Rendah;< Rp1.000.000;3;Beasiswa;Ya;Beasiswa Daerah;3;Sewa;Tidak
MHS02609;Rendah;Rp1.000.000 - Rp3.000.000;6;Beasiswa;Ya;KIP-Kuliah;3;Menumpang;Tidak
MHS02610;Menengah;Rp3.000.000 - Rp5.000.000;5;Orang Tua;Tidak;Tidak Ada;5;Sewa;Ya
MHS02611;Menengah;Rp1.000.000 - Rp3.000.000;7;Beasiswa;Ya;KIP-Kuliah;3;Sewa;Tidak
MHS02612;Menengah;Rp3.000.000 - Rp5.000.000;1;Orang Tua;Tidak;Tidak Ada;5;Sewa;Tidak
MHS02613;Menengah;Rp3.000.000 - Rp5.000.000;3;Orang Tua;Tidak;Tidak Ada;5;Milik Sendiri;Tidak
MHS02614;Menengah;Rp3.000.000 - Rp5.000.000;7;Kerja Sendiri (part-time);Tidak;Tidak Ada;6;Milik Sendiri;Ya
MHS02615;Rendah;Rp1.000.000 - Rp3.000.000;4;Orang Tua;Tidak;Tidak Ada;4;Menumpang;Ya
MHS02616;Rendah;Rp1.000.000 - Rp3.000.000;6;Orang Tua;Ya;Beasiswa Swasta/CSR;4;Sewa;Tidak
MHS02617;Tinggi;> Rp5.000.000;1;Orang Tua;Tidak;Tidak Ada;6;Milik Sendiri;Tidak
MHS02618;Tinggi;Rp3.000.000 - Rp5.000.000;2;Orang Tua;Tidak;Tidak Ada;5;Milik Sendiri;Ya
MHS02619;Tinggi;> Rp5.000.000;5;Beasiswa;Ya;Beasiswa Prestasi Akademik (PPA);6;Milik Sendiri;Tidak
MHS02620;Tinggi;> Rp5.000.000;3;Orang Tua;Ya;Beasiswa Prestasi Akademik (PPA);8;Milik Sendiri;Tidak
MHS02621;Tinggi;Rp3.000.000 - Rp5.000.000;6;Orang Tua;Tidak;Tidak Ada;5;Milik Sendiri;Tidak
MHS02622;Rendah;Rp1.000.000 - Rp3.000.000;2;Beasiswa;Ya;KIP-Kuliah;4;Sewa;Tidak
MHS02623;Rendah;< Rp1.000.000;7;Kerja Sendiri (part-time);Tidak;Tidak Ada;1;Sewa;Ya
MHS02624;Tinggi;Rp3.000.000 - Rp5.000.000;3;Orang Tua;Tidak;Tidak Ada;5;Milik Sendiri;Tidak
MHS02625;Tinggi;> Rp5.000.000;5;Orang Tua;Tidak;Tidak Ada;8;Milik Sendiri;Tidak
MHS02626;Rendah;< Rp1.000.000;7;Beasiswa;Ya;KIP-Kuliah;4;Sewa;Tidak
MHS02627;Menengah;Rp1.000.000 - Rp3.000.000;5;Beasiswa;Ya;KIP-Kuliah;6;Sewa;Ya
MHS02628;Menengah;Rp3.000.000 - Rp5.000.000;4;Orang Tua;Tidak;Tidak Ada;5;Milik Sendiri;Ya
MHS02629;Rendah;Rp1.000.000 - Rp3.000.000;2;Kerja Sendiri (part-time);Tidak;Tidak Ada;2;Sewa;Ya
MHS02630;Menengah;Rp3.000.000 - Rp5.000.000;5;Kerja Sendiri (part-time);Tidak;Tidak Ada;4;Sewa;Ya
MHS02631;Menengah;Rp3.000.000 - Rp5.000.000;5;Orang Tua;Tidak;Tidak Ada;7;Milik Sendiri;Tidak
MHS02632;Menengah;Rp3.000.000 - Rp5.000.000;4;Orang Tua;Tidak;Tidak Ada;4;Menumpang;Tidak
MHS02633;Menengah;> Rp5.000.000;7;Orang Tua;Tidak;Tidak Ada;6;Milik Sendiri;Tidak
MHS02634;Rendah;Rp1.000.000 - Rp3.000.000;5;Orang Tua;Tidak;Tidak Ada;4;Milik Sendiri;Tidak
MHS02635;Tinggi;> Rp5.000.000;4;Orang Tua;Tidak;Tidak Ada;6;Milik Sendiri;Tidak
MHS02636;Menengah;Rp1.000.000 - Rp3.000.000;8;Beasiswa;Ya;KIP-Kuliah;1;Milik Sendiri;Tidak
MHS02637;Menengah;Rp1.000.000 - Rp3.000.000;3;Kerja Sendiri (part-time);Tidak;Tidak Ada;5;Sewa;Tidak
MHS02638;Menengah;Rp1.000.000 - Rp3.000.000;6;Orang Tua;Tidak;Tidak Ada;3;Menumpang;Tidak
MHS02639;Rendah;< Rp1.000.000;2;Beasiswa;Ya;KIP-Kuliah;3;Menumpang;Tidak
MHS02640;Tinggi;Rp1.000.000 - Rp3.000.000;4;Orang Tua;Tidak;Tidak Ada;3;Sewa;Tidak
MHS02641;Menengah;Rp3.000.000 - Rp5.000.000;3;Kerja Sendiri (part-time);Tidak;Tidak Ada;6;Sewa;Ya
MHS02642;Tinggi;> Rp5.000.000;2;Orang Tua;Tidak;Tidak Ada;8;Milik Sendiri;Tidak
MHS02643;Rendah;< Rp1.000.000;3;Beasiswa;Ya;KIP-Kuliah;1;Sewa;Tidak
MHS02644;Rendah;Rp1.000.000 - Rp3.000.000;2;Orang Tua;Tidak;Tidak Ada;5;Milik Sendiri;Tidak
MHS02645;Menengah;Rp1.000.000 - Rp3.000.000;7;Orang Tua;Tidak;Tidak Ada;4;Sewa;Tidak
MHS02646;Tinggi;> Rp5.000.000;2;Beasiswa;Ya;Beasiswa Prestasi Akademik (PPA);6;Milik Sendiri;Tidak
MHS02647;Rendah;< Rp1.000.000;4;Beasiswa;Ya;KIP-Kuliah;1;Sewa;Tidak
MHS02648;Menengah;Rp1.000.000 - Rp3.000.000;4;Kerja Sendiri (part-time);Ya;Beasiswa Daerah;6;Menumpang;Tidak
MHS02649;Menengah;Rp3.000.000 - Rp5.000.000;2;Orang Tua;Tidak;Tidak Ada;4;Sewa;Tidak
MHS02650;Menengah;Rp1.000.000 - Rp3.000.000;5;Orang Tua;Tidak;Tidak Ada;4;Menumpang;Tidak
MHS02651;Menengah;> Rp5.000.000;2;Orang Tua;Tidak;Tidak Ada;6;Milik Sendiri;Tidak
MHS02652;Rendah;< Rp1.000.000;4;Orang Tua;Tidak;Tidak Ada;3;Menumpang;Ya
MHS02653;Tinggi;> Rp5.000.000;3;Orang Tua;Tidak;Tidak Ada;6;Milik Sendiri;Ya
MHS02654;Tinggi;> Rp5.000.000;4;Orang Tua;Tidak;Tidak Ada;5;Milik Sendiri;Tidak
MHS02655;Menengah;Rp3.000.000 - Rp5.000.000;3;Orang Tua;Tidak;Tidak Ada;5;Sewa;Tidak
MHS02656;Menengah;Rp3.000.000 - Rp5.000.000;2;Kerja Sendiri (part-time);Tidak;Tidak Ada;4;Milik Sendiri;Tidak
MHS02657;Menengah;Rp1.000.000 - Rp3.000.000;2;Orang Tua;Tidak;Tidak Ada;4;Milik Sendiri;Tidak
MHS02658;Menengah;Rp1.000.000 - Rp3.000.000;4;Orang Tua;Tidak;Tidak Ada;3;Menumpang;Ya
MHS02659;Menengah;Rp3.000.000 - Rp5.000.000;1;Orang Tua;Tidak;Tidak Ada;5;Milik Sendiri;Tidak
MHS02660;Rendah;Rp1.000.000 - Rp3.000.000;3;Kerja Sendiri (part-time);Tidak;Tidak Ada;4;Menumpang;Tidak
MHS02661;Menengah;Rp1.000.000 - Rp3.000.000;3;Beasiswa;Ya;KIP-Kuliah;3;Sewa;Tidak
MHS02662;Tinggi;> Rp5.000.000;4;Orang Tua;Tidak;Tidak Ada;7;Milik Sendiri;Tidak
MHS02663;Rendah;< Rp1.000.000;3;Kerja Sendiri (part-time);Tidak;Tidak Ada;3;Sewa;Ya
MHS02664;Rendah;< Rp1.000.000;8;Beasiswa;Ya;KIP-Kuliah;1;Sewa;Ya
MHS02665;Tinggi;> Rp5.000.000;2;Beasiswa;Ya;KIP-Kuliah;6;Milik Sendiri;Tidak
MHS02666;Rendah;< Rp1.000.000;5;Beasiswa;Ya;KIP-Kuliah;3;Menumpang;Ya
MHS02667;Menengah;Rp3.000.000 - Rp5.000.000;1;Orang Tua;Tidak;Tidak Ada;8;Milik Sendiri;Tidak
MHS02668;Menengah;> Rp5.000.000;2;Kerja Sendiri (part-time);Tidak;Tidak Ada;5;Milik Sendiri;Tidak
MHS02669;Menengah;Rp3.000.000 - Rp5.000.000;9;Orang Tua;Tidak;Tidak Ada;6;Milik Sendiri;Tidak
MHS02670;Menengah;Rp3.000.000 - Rp5.000.000;5;Orang Tua;Tidak;Tidak Ada;6;Menumpang;Tidak
MHS02671;Tinggi;> Rp5.000.000;4;Orang Tua;Tidak;Tidak Ada;6;Milik Sendiri;Tidak
MHS02672;Tinggi;> Rp5.000.000;3;Orang Tua;Tidak;Tidak Ada;5;Milik Sendiri;Tidak
MHS02673;Menengah;Rp1.000.000 - Rp3.000.000;4;Beasiswa;Ya;KIP-Kuliah;5;Milik Sendiri;Ya
MHS02674;Tinggi;Rp3.000.000 - Rp5.000.000;3;Orang Tua;Tidak;Tidak Ada;6;Milik Sendiri;Tidak
MHS02675;Rendah;< Rp1.000.000;6;Beasiswa;Ya;KIP-Kuliah;1;Sewa;Tidak
MHS02676;Menengah;Rp3.000.000 - Rp5.000.000;3;Orang Tua;Tidak;Tidak Ada;5;Sewa;Tidak
MHS02677;Tinggi;Rp3.000.000 - Rp5.000.000;2;Orang Tua;Tidak;Tidak Ada;5;Milik Sendiri;Tidak
MHS02678;Menengah;Rp1.000.000 - Rp3.000.000;4;Orang Tua;Tidak;Tidak Ada;3;Milik Sendiri;Tidak
MHS02679;Menengah;Rp3.000.000 - Rp5.000.000;8;Orang Tua;Ya;Beasiswa Prestasi Akademik (PPA);5;Milik Sendiri;Tidak
MHS02680;Menengah;Rp1.000.000 - Rp3.000.000;7;Kerja Sendiri (part-time);Tidak;Tidak Ada;4;Menumpang;Ya
MHS02681;Menengah;Rp1.000.000 - Rp3.000.000;3;Orang Tua;Tidak;Tidak Ada;3;Milik Sendiri;Tidak
MHS02682;Tinggi;Rp3.000.000 - Rp5.000.000;1;Orang Tua;Ya;Beasiswa Prestasi Akademik (PPA);6;Milik Sendiri;Tidak
MHS02683;Menengah;Rp3.000.000 - Rp5.000.000;3;Orang Tua;Ya;Beasiswa Swasta/CSR;6;Sewa;Tidak
MHS02684;Rendah;< Rp1.000.000;4;Beasiswa;Ya;KIP-Kuliah;2;Sewa;Tidak
MHS02685;Menengah;Rp3.000.000 - Rp5.000.000;1;Orang Tua;Tidak;Tidak Ada;7;Milik Sendiri;Tidak
MHS02686;Tinggi;> Rp5.000.000;5;Orang Tua;Tidak;Tidak Ada;6;Milik Sendiri;Tidak
MHS02687;Menengah;Rp3.000.000 - Rp5.000.000;2;Orang Tua;Tidak;Tidak Ada;7;Milik Sendiri;Tidak
MHS02688;Rendah;Rp1.000.000 - Rp3.000.000;3;Beasiswa;Ya;KIP-Kuliah;2;Menumpang;Tidak
MHS02689;Rendah;< Rp1.000.000;3;Beasiswa;Ya;KIP-Kuliah;3;Sewa;Tidak
MHS02690;Menengah;Rp3.000.000 - Rp5.000.000;6;Orang Tua;Tidak;Tidak Ada;5;Milik Sendiri;Ya
MHS02691;Menengah;Rp1.000.000 - Rp3.000.000;4;Orang Tua;Tidak;Tidak Ada;3;Milik Sendiri;Tidak
MHS02692;Menengah;Rp1.000.000 - Rp3.000.000;6;Orang Tua;Tidak;Tidak Ada;5;Sewa;Tidak
MHS02693;Menengah;Rp3.000.000 - Rp5.000.000;6;Orang Tua;Tidak;Tidak Ada;7;Menumpang;Tidak
MHS02694;Menengah;Rp3.000.000 - Rp5.000.000;3;Orang Tua;Tidak;Tidak Ada;6;Milik Sendiri;Tidak
MHS02695;Rendah;Rp1.000.000 - Rp3.000.000;8;Beasiswa;Ya;KIP-Kuliah;4;Menumpang;Tidak
MHS02696;Menengah;Rp1.000.000 - Rp3.000.000;6;Pinjaman/Kredit Pendidikan;Tidak;Tidak Ada;2;Menumpang;Tidak
MHS02697;Rendah;< Rp1.000.000;6;Orang Tua;Tidak;Tidak Ada;4;Menumpang;Ya
MHS02698;Menengah;> Rp5.000.000;3;Orang Tua;Tidak;Tidak Ada;4;Milik Sendiri;Tidak
MHS02699;Menengah;Rp3.000.000 - Rp5.000.000;5;Orang Tua;Tidak;Tidak Ada;6;Milik Sendiri;Tidak
MHS02700;Menengah;> Rp5.000.000;5;Kerja Sendiri (part-time);Tidak;Tidak Ada;6;Milik Sendiri;Tidak
MHS02701;Rendah;< Rp1.000.000;2;Beasiswa;Ya;KIP-Kuliah;1;Sewa;Ya
MHS02702;Menengah;Rp3.000.000 - Rp5.000.000;5;Kerja Sendiri (part-time);Tidak;Tidak Ada;5;Milik Sendiri;Tidak
MHS02703;Menengah;Rp3.000.000 - Rp5.000.000;4;Beasiswa;Ya;KIP-Kuliah;4;Milik Sendiri;Tidak
MHS02704;Menengah;Rp1.000.000 - Rp3.000.000;4;Beasiswa;Ya;KIP-Kuliah;3;Sewa;Ya
MHS02705;Rendah;< Rp1.000.000;5;Beasiswa;Ya;KIP-Kuliah;1;Menumpang;Tidak
MHS02706;Rendah;< Rp1.000.000;3;Beasiswa;Ya;KIP-Kuliah;2;Menumpang;Tidak
MHS02707;Menengah;Rp1.000.000 - Rp3.000.000;3;Orang Tua;Tidak;Tidak Ada;3;Milik Sendiri;Ya
MHS02708;Menengah;Rp1.000.000 - Rp3.000.000;6;Orang Tua;Tidak;Tidak Ada;3;Sewa;Tidak
MHS02709;Menengah;< Rp1.000.000;2;Beasiswa;Ya;KIP-Kuliah;3;Sewa;Ya
MHS02710;Rendah;Rp1.000.000 - Rp3.000.000;5;Orang Tua;Tidak;Tidak Ada;4;Sewa;Tidak
MHS02711;Rendah;Rp1.000.000 - Rp3.000.000;5;Kerja Sendiri (part-time);Tidak;Tidak Ada;4;Milik Sendiri;Ya
MHS02712;Menengah;Rp1.000.000 - Rp3.000.000;6;Orang Tua;Tidak;Tidak Ada;3;Sewa;Tidak
MHS02713;Rendah;< Rp1.000.000;7;Beasiswa;Ya;Beasiswa Daerah;1;Sewa;Tidak
MHS02714;Rendah;Rp1.000.000 - Rp3.000.000;4;Orang Tua;Tidak;Tidak Ada;3;Milik Sendiri;Ya
MHS02715;Menengah;Rp3.000.000 - Rp5.000.000;5;Orang Tua;Tidak;Tidak Ada;4;Milik Sendiri;Tidak
MHS02716;Tinggi;> Rp5.000.000;2;Orang Tua;Tidak;Tidak Ada;8;Milik Sendiri;Tidak
MHS02717;Tinggi;Rp3.000.000 - Rp5.000.000;4;Orang Tua;Tidak;Tidak Ada;4;Milik Sendiri;Tidak
MHS02718;Menengah;Rp3.000.000 - Rp5.000.000;4;Orang Tua;Tidak;Tidak Ada;4;Milik Sendiri;Tidak
MHS02719;Rendah;< Rp1.000.000;7;Beasiswa;Ya;KIP-Kuliah;3;Menumpang;Tidak
MHS02720;Menengah;Rp3.000.000 - Rp5.000.000;7;Orang Tua;Tidak;Tidak Ada;5;Menumpang;Tidak
MHS02721;Menengah;Rp1.000.000 - Rp3.000.000;4;Orang Tua;Ya;Beasiswa Prestasi Akademik (PPA);2;Menumpang;Ya
MHS02722;Rendah;Rp1.000.000 - Rp3.000.000;4;Beasiswa;Ya;KIP-Kuliah;5;Sewa;Ya
MHS02723;Menengah;Rp3.000.000 - Rp5.000.000;5;Beasiswa;Ya;Beasiswa Prestasi Akademik (PPA);8;Milik Sendiri;Tidak
MHS02724;Tinggi;> Rp5.000.000;1;Orang Tua;Tidak;Tidak Ada;4;Milik Sendiri;Tidak
MHS02725;Menengah;Rp1.000.000 - Rp3.000.000;7;Beasiswa;Ya;Beasiswa Prestasi Akademik (PPA);5;Sewa;Ya
MHS02726;Tinggi;> Rp5.000.000;4;Orang Tua;Tidak;Tidak Ada;8;Milik Sendiri;Tidak
MHS02727;Tinggi;> Rp5.000.000;4;Orang Tua;Tidak;Tidak Ada;6;Milik Sendiri;Tidak
MHS02728;Menengah;Rp1.000.000 - Rp3.000.000;2;Beasiswa;Ya;KIP-Kuliah;4;Menumpang;Tidak
MHS02729;Tinggi;> Rp5.000.000;3;Orang Tua;Tidak;Tidak Ada;5;Milik Sendiri;Ya
MHS02730;Menengah;Rp1.000.000 - Rp3.000.000;4;Orang Tua;Ya;Beasiswa Prestasi Akademik (PPA);2;Sewa;Tidak
MHS02731;Menengah;Rp3.000.000 - Rp5.000.000;3;Pinjaman/Kredit Pendidikan;Tidak;Tidak Ada;5;Milik Sendiri;Tidak
MHS02732;Menengah;Rp3.000.000 - Rp5.000.000;3;Kerja Sendiri (part-time);Tidak;Tidak Ada;5;Milik Sendiri;Tidak
MHS02733;Menengah;Rp1.000.000 - Rp3.000.000;2;Orang Tua;Ya;Beasiswa Swasta/CSR;3;Menumpang;Tidak
MHS02734;Menengah;Rp3.000.000 - Rp5.000.000;4;Orang Tua;Tidak;Tidak Ada;3;Menumpang;Ya
MHS02735;Menengah;Rp1.000.000 - Rp3.000.000;7;Orang Tua;Tidak;Tidak Ada;5;Menumpang;Tidak
MHS02736;Menengah;Rp1.000.000 - Rp3.000.000;2;Orang Tua;Tidak;Tidak Ada;4;Menumpang;Ya
MHS02737;Menengah;Rp3.000.000 - Rp5.000.000;9;Beasiswa;Ya;Beasiswa Prestasi Akademik (PPA);5;Milik Sendiri;Tidak
MHS02738;Tinggi;> Rp5.000.000;2;Orang Tua;Tidak;Tidak Ada;8;Milik Sendiri;Tidak
MHS02739;Menengah;< Rp1.000.000;9;Orang Tua;Tidak;Tidak Ada;3;Menumpang;Ya
MHS02740;Tinggi;> Rp5.000.000;3;Pinjaman/Kredit Pendidikan;Tidak;Tidak Ada;5;Milik Sendiri;Tidak
MHS02741;Menengah;Rp3.000.000 - Rp5.000.000;3;Orang Tua;Tidak;Tidak Ada;3;Milik Sendiri;Ya
MHS02742;Tinggi;> Rp5.000.000;3;Beasiswa;Ya;Beasiswa Prestasi Akademik (PPA);5;Milik Sendiri;Tidak
MHS02743;Menengah;Rp3.000.000 - Rp5.000.000;5;Orang Tua;Tidak;Tidak Ada;5;Milik Sendiri;Ya
MHS02744;Rendah;Rp1.000.000 - Rp3.000.000;3;Beasiswa;Ya;KIP-Kuliah;3;Sewa;Ya
MHS02745;Menengah;Rp1.000.000 - Rp3.000.000;6;Orang Tua;Tidak;Tidak Ada;4;Menumpang;Tidak
MHS02746;Tinggi;Rp3.000.000 - Rp5.000.000;1;Orang Tua;Tidak;Tidak Ada;6;Milik Sendiri;Tidak
MHS02747;Menengah;Rp3.000.000 - Rp5.000.000;4;Beasiswa;Ya;Beasiswa Daerah;5;Milik Sendiri;Tidak
MHS02748;Tinggi;> Rp5.000.000;3;Orang Tua;Ya;Beasiswa Daerah;8;Milik Sendiri;Tidak
MHS02749;Tinggi;> Rp5.000.000;4;Orang Tua;Tidak;Tidak Ada;8;Milik Sendiri;Tidak
MHS02750;Tinggi;Rp3.000.000 - Rp5.000.000;3;Orang Tua;Tidak;Tidak Ada;5;Sewa;Tidak
MHS02751;Tinggi;> Rp5.000.000;4;Orang Tua;Tidak;Tidak Ada;7;Milik Sendiri;Tidak
MHS02752;Rendah;< Rp1.000.000;5;Kerja Sendiri (part-time);Tidak;Tidak Ada;2;Sewa;Ya
MHS02753;Menengah;Rp1.000.000 - Rp3.000.000;3;Orang Tua;Tidak;Tidak Ada;4;Sewa;Tidak
MHS02754;Rendah;Rp1.000.000 - Rp3.000.000;3;Beasiswa;Ya;KIP-Kuliah;3;Milik Sendiri;Tidak
MHS02755;Tinggi;> Rp5.000.000;7;Beasiswa;Ya;Beasiswa Prestasi Akademik (PPA);5;Menumpang;Tidak
MHS02756;Tinggi;Rp1.000.000 - Rp3.000.000;6;Kerja Sendiri (part-time);Tidak;Tidak Ada;5;Sewa;Ya
MHS02757;Menengah;Rp3.000.000 - Rp5.000.000;5;Orang Tua;Tidak;Tidak Ada;3;Sewa;Tidak
MHS02758;Rendah;< Rp1.000.000;2;Beasiswa;Ya;KIP-Kuliah;3;Milik Sendiri;Tidak
MHS02759;Menengah;Rp1.000.000 - Rp3.000.000;4;Beasiswa;Ya;KIP-Kuliah;4;Menumpang;Ya
MHS02760;Menengah;Rp1.000.000 - Rp3.000.000;3;Kerja Sendiri (part-time);Tidak;Tidak Ada;5;Milik Sendiri;Ya
MHS02761;Tinggi;Rp3.000.000 - Rp5.000.000;6;Orang Tua;Tidak;Tidak Ada;4;Sewa;Tidak
MHS02762;Tinggi;Rp3.000.000 - Rp5.000.000;6;Orang Tua;Tidak;Tidak Ada;6;Milik Sendiri;Tidak
MHS02763;Menengah;Rp1.000.000 - Rp3.000.000;5;Kerja Sendiri (part-time);Tidak;Tidak Ada;4;Sewa;Ya
MHS02764;Menengah;Rp3.000.000 - Rp5.000.000;2;Orang Tua;Tidak;Tidak Ada;5;Milik Sendiri;Tidak
MHS02765;Rendah;Rp1.000.000 - Rp3.000.000;6;Beasiswa;Ya;KIP-Kuliah;2;Menumpang;Tidak
MHS02766;Rendah;Rp1.000.000 - Rp3.000.000;7;Kerja Sendiri (part-time);Tidak;Tidak Ada;4;Menumpang;Ya
MHS02767;Menengah;Rp3.000.000 - Rp5.000.000;3;Orang Tua;Tidak;Tidak Ada;6;Milik Sendiri;Tidak
MHS02768;Tinggi;Rp3.000.000 - Rp5.000.000;3;Orang Tua;Tidak;Tidak Ada;6;Milik Sendiri;Tidak
MHS02769;Menengah;Rp3.000.000 - Rp5.000.000;3;Kerja Sendiri (part-time);Tidak;Tidak Ada;3;Menumpang;Ya
MHS02770;Menengah;Rp1.000.000 - Rp3.000.000;1;Orang Tua;Ya;Beasiswa Prestasi Akademik (PPA);4;Sewa;Tidak
MHS02771;Tinggi;Rp3.000.000 - Rp5.000.000;3;Orang Tua;Tidak;Tidak Ada;5;Milik Sendiri;Tidak
MHS02772;Menengah;Rp1.000.000 - Rp3.000.000;9;Orang Tua;Tidak;Tidak Ada;3;Menumpang;Tidak
MHS02773;Rendah;< Rp1.000.000;5;Orang Tua;Tidak;Tidak Ada;1;Menumpang;Ya
MHS02774;Tinggi;Rp3.000.000 - Rp5.000.000;2;Orang Tua;Tidak;Tidak Ada;6;Milik Sendiri;Tidak
MHS02775;Tinggi;> Rp5.000.000;3;Orang Tua;Tidak;Tidak Ada;7;Milik Sendiri;Tidak
MHS02776;Menengah;Rp1.000.000 - Rp3.000.000;7;Orang Tua;Tidak;Tidak Ada;4;Sewa;Tidak
MHS02777;Menengah;Rp3.000.000 - Rp5.000.000;6;Orang Tua;Tidak;Tidak Ada;6;Milik Sendiri;Tidak
MHS02778;Tinggi;> Rp5.000.000;2;Orang Tua;Tidak;Tidak Ada;8;Milik Sendiri;Ya
MHS02779;Menengah;Rp3.000.000 - Rp5.000.000;5;Orang Tua;Tidak;Tidak Ada;5;Milik Sendiri;Tidak
MHS02780;Rendah;< Rp1.000.000;9;Kerja Sendiri (part-time);Tidak;Tidak Ada;1;Menumpang;Tidak
MHS02781;Menengah;Rp1.000.000 - Rp3.000.000;5;Orang Tua;Tidak;Tidak Ada;5;Menumpang;Tidak
MHS02782;Menengah;< Rp1.000.000;5;Pinjaman/Kredit Pendidikan;Tidak;Tidak Ada;4;Menumpang;Ya
MHS02783;Rendah;< Rp1.000.000;6;Beasiswa;Ya;KIP-Kuliah;1;Menumpang;Ya
MHS02784;Menengah;Rp3.000.000 - Rp5.000.000;4;Beasiswa;Ya;Beasiswa Swasta/CSR;5;Milik Sendiri;Tidak
MHS02785;Rendah;< Rp1.000.000;5;Beasiswa;Ya;KIP-Kuliah;2;Sewa;Tidak
MHS02786;Menengah;> Rp5.000.000;5;Orang Tua;Tidak;Tidak Ada;6;Milik Sendiri;Tidak
MHS02787;Tinggi;> Rp5.000.000;4;Orang Tua;Ya;Beasiswa Prestasi Akademik (PPA);7;Milik Sendiri;Tidak
MHS02788;Rendah;< Rp1.000.000;8;Beasiswa;Ya;KIP-Kuliah;1;Sewa;Ya
MHS02789;Menengah;Rp3.000.000 - Rp5.000.000;5;Orang Tua;Tidak;Tidak Ada;3;Sewa;Tidak
MHS02790;Rendah;< Rp1.000.000;9;Beasiswa;Ya;KIP-Kuliah;1;Sewa;Ya
MHS02791;Menengah;Rp3.000.000 - Rp5.000.000;3;Orang Tua;Tidak;Tidak Ada;7;Milik Sendiri;Tidak
MHS02792;Menengah;Rp3.000.000 - Rp5.000.000;3;Orang Tua;Tidak;Tidak Ada;4;Sewa;Tidak
MHS02793;Tinggi;> Rp5.000.000;4;Orang Tua;Tidak;Tidak Ada;7;Milik Sendiri;Tidak
MHS02794;Menengah;Rp1.000.000 - Rp3.000.000;4;Orang Tua;Tidak;Tidak Ada;3;Milik Sendiri;Ya
MHS02795;Tinggi;Rp3.000.000 - Rp5.000.000;4;Orang Tua;Tidak;Tidak Ada;6;Milik Sendiri;Tidak
MHS02796;Menengah;Rp1.000.000 - Rp3.000.000;3;Orang Tua;Ya;Beasiswa Prestasi Akademik (PPA);3;Milik Sendiri;Tidak
MHS02797;Menengah;Rp1.000.000 - Rp3.000.000;4;Orang Tua;Tidak;Tidak Ada;5;Milik Sendiri;Ya
MHS02798;Menengah;Rp3.000.000 - Rp5.000.000;3;Orang Tua;Tidak;Tidak Ada;6;Milik Sendiri;Tidak
MHS02799;Tinggi;Rp3.000.000 - Rp5.000.000;4;Orang Tua;Tidak;Tidak Ada;8;Milik Sendiri;Tidak
MHS02800;Tinggi;> Rp5.000.000;1;Orang Tua;Tidak;Tidak Ada;6;Milik Sendiri;Tidak
MHS02801;Tinggi;Rp1.000.000 - Rp3.000.000;4;Orang Tua;Ya;Beasiswa Prestasi Akademik (PPA);6;Milik Sendiri;Ya
MHS02802;Menengah;Rp3.000.000 - Rp5.000.000;4;Orang Tua;Tidak;Tidak Ada;4;Sewa;Tidak
MHS02803;Menengah;Rp1.000.000 - Rp3.000.000;7;Beasiswa;Ya;Beasiswa Daerah;5;Sewa;Ya
MHS02804;Menengah;Rp1.000.000 - Rp3.000.000;3;Orang Tua;Tidak;Tidak Ada;5;Milik Sendiri;Tidak
MHS02805;Menengah;Rp1.000.000 - Rp3.000.000;4;Beasiswa;Ya;Beasiswa Prestasi Akademik (PPA);3;Sewa;Tidak
MHS02806;Menengah;Rp3.000.000 - Rp5.000.000;4;Orang Tua;Tidak;Tidak Ada;4;Milik Sendiri;Ya
MHS02807;Tinggi;> Rp5.000.000;3;Orang Tua;Tidak;Tidak Ada;8;Milik Sendiri;Tidak
MHS02808;Menengah;Rp1.000.000 - Rp3.000.000;1;Beasiswa;Ya;Beasiswa Prestasi Akademik (PPA);2;Menumpang;Tidak
MHS02809;Menengah;> Rp5.000.000;1;Orang Tua;Ya;Beasiswa Daerah;6;Milik Sendiri;Tidak
MHS02810;Menengah;Rp3.000.000 - Rp5.000.000;5;Orang Tua;Tidak;Tidak Ada;5;Milik Sendiri;Ya
MHS02811;Menengah;< Rp1.000.000;7;Pinjaman/Kredit Pendidikan;Tidak;Tidak Ada;3;Menumpang;Tidak
MHS02812;Tinggi;> Rp5.000.000;1;Orang Tua;Tidak;Tidak Ada;7;Milik Sendiri;Ya
MHS02813;Menengah;Rp3.000.000 - Rp5.000.000;8;Orang Tua;Tidak;Tidak Ada;4;Sewa;Tidak
MHS02814;Menengah;Rp3.000.000 - Rp5.000.000;8;Orang Tua;Tidak;Tidak Ada;6;Sewa;Ya
MHS02815;Menengah;Rp3.000.000 - Rp5.000.000;3;Beasiswa;Ya;Beasiswa Prestasi Akademik (PPA);6;Milik Sendiri;Tidak
MHS02816;Rendah;< Rp1.000.000;5;Beasiswa;Ya;KIP-Kuliah;2;Sewa;Ya
MHS02817;Menengah;Rp3.000.000 - Rp5.000.000;2;Orang Tua;Tidak;Tidak Ada;6;Milik Sendiri;Tidak
MHS02818;Rendah;< Rp1.000.000;9;Beasiswa;Ya;KIP-Kuliah;3;Menumpang;Ya
MHS02819;Menengah;Rp1.000.000 - Rp3.000.000;4;Orang Tua;Tidak;Tidak Ada;4;Sewa;Ya
MHS02820;Rendah;Rp1.000.000 - Rp3.000.000;4;Orang Tua;Tidak;Tidak Ada;3;Sewa;Ya
MHS02821;Rendah;< Rp1.000.000;6;Beasiswa;Ya;KIP-Kuliah;1;Menumpang;Tidak
MHS02822;Menengah;Rp1.000.000 - Rp3.000.000;3;Orang Tua;Tidak;Tidak Ada;7;Milik Sendiri;Ya
MHS02823;Menengah;Rp3.000.000 - Rp5.000.000;3;Orang Tua;Tidak;Tidak Ada;5;Milik Sendiri;Tidak
MHS02824;Menengah;Rp1.000.000 - Rp3.000.000;6;Orang Tua;Tidak;Tidak Ada;5;Milik Sendiri;Tidak
MHS02825;Tinggi;> Rp5.000.000;5;Orang Tua;Tidak;Tidak Ada;7;Milik Sendiri;Tidak
MHS02826;Rendah;< Rp1.000.000;6;Orang Tua;Ya;Beasiswa Daerah;3;Sewa;Tidak
MHS02827;Menengah;Rp3.000.000 - Rp5.000.000;7;Orang Tua;Tidak;Tidak Ada;7;Sewa;Tidak
MHS02828;Menengah;Rp1.000.000 - Rp3.000.000;2;Orang Tua;Tidak;Tidak Ada;5;Sewa;Tidak
MHS02829;Menengah;Rp3.000.000 - Rp5.000.000;9;Orang Tua;Tidak;Tidak Ada;5;Milik Sendiri;Tidak
MHS02830;Rendah;Rp1.000.000 - Rp3.000.000;3;Orang Tua;Tidak;Tidak Ada;4;Menumpang;Tidak
MHS02831;Menengah;Rp3.000.000 - Rp5.000.000;7;Orang Tua;Tidak;Tidak Ada;5;Sewa;Tidak
MHS02832;Menengah;< Rp1.000.000;6;Orang Tua;Tidak;Tidak Ada;3;Sewa;Tidak
MHS02833;Rendah;Rp1.000.000 - Rp3.000.000;6;Beasiswa;Ya;KIP-Kuliah;3;Milik Sendiri;Tidak
MHS02834;Menengah;Rp3.000.000 - Rp5.000.000;3;Beasiswa;Ya;Beasiswa Swasta/CSR;5;Milik Sendiri;Tidak
MHS02835;Rendah;Rp1.000.000 - Rp3.000.000;3;Kerja Sendiri (part-time);Tidak;Tidak Ada;3;Menumpang;Ya
MHS02836;Tinggi;> Rp5.000.000;5;Orang Tua;Tidak;Tidak Ada;6;Milik Sendiri;Tidak
MHS02837;Tinggi;> Rp5.000.000;6;Orang Tua;Tidak;Tidak Ada;7;Milik Sendiri;Tidak
MHS02838;Menengah;< Rp1.000.000;2;Orang Tua;Tidak;Tidak Ada;5;Menumpang;Tidak
MHS02839;Menengah;Rp1.000.000 - Rp3.000.000;3;Orang Tua;Tidak;Tidak Ada;3;Milik Sendiri;Ya
MHS02840;Menengah;Rp3.000.000 - Rp5.000.000;4;Orang Tua;Tidak;Tidak Ada;5;Sewa;Ya
MHS02841;Rendah;Rp1.000.000 - Rp3.000.000;9;Pinjaman/Kredit Pendidikan;Tidak;Tidak Ada;4;Milik Sendiri;Tidak
MHS02842;Tinggi;> Rp5.000.000;3;Orang Tua;Tidak;Tidak Ada;4;Milik Sendiri;Tidak
MHS02843;Rendah;< Rp1.000.000;7;Beasiswa;Ya;KIP-Kuliah;1;Menumpang;Ya
MHS02844;Rendah;Rp1.000.000 - Rp3.000.000;1;Orang Tua;Tidak;Tidak Ada;2;Sewa;Ya
MHS02845;Menengah;Rp3.000.000 - Rp5.000.000;4;Orang Tua;Tidak;Tidak Ada;3;Menumpang;Tidak
MHS02846;Menengah;Rp3.000.000 - Rp5.000.000;4;Kerja Sendiri (part-time);Tidak;Tidak Ada;3;Sewa;Ya
MHS02847;Menengah;Rp1.000.000 - Rp3.000.000;7;Orang Tua;Ya;KIP-Kuliah;3;Sewa;Tidak
MHS02848;Rendah;< Rp1.000.000;4;Orang Tua;Tidak;Tidak Ada;3;Sewa;Tidak
MHS02849;Menengah;Rp3.000.000 - Rp5.000.000;2;Orang Tua;Tidak;Tidak Ada;4;Menumpang;Tidak
MHS02850;Menengah;Rp3.000.000 - Rp5.000.000;3;Orang Tua;Tidak;Tidak Ada;5;Milik Sendiri;Tidak
MHS02851;Rendah;Rp1.000.000 - Rp3.000.000;2;Orang Tua;Tidak;Tidak Ada;1;Milik Sendiri;Tidak
MHS02852;Tinggi;Rp3.000.000 - Rp5.000.000;2;Orang Tua;Tidak;Tidak Ada;5;Sewa;Tidak
MHS02853;Tinggi;> Rp5.000.000;7;Orang Tua;Tidak;Tidak Ada;6;Milik Sendiri;Tidak
MHS02854;Tinggi;> Rp5.000.000;4;Orang Tua;Tidak;Tidak Ada;5;Sewa;Tidak
MHS02855;Menengah;Rp3.000.000 - Rp5.000.000;6;Beasiswa;Ya;Beasiswa Prestasi Akademik (PPA);6;Milik Sendiri;Ya
MHS02856;Menengah;Rp3.000.000 - Rp5.000.000;6;Orang Tua;Tidak;Tidak Ada;4;Sewa;Ya
MHS02857;Rendah;Rp1.000.000 - Rp3.000.000;4;Beasiswa;Ya;KIP-Kuliah;3;Sewa;Tidak
MHS02858;Menengah;> Rp5.000.000;2;Orang Tua;Tidak;Tidak Ada;7;Sewa;Tidak
MHS02859;Rendah;< Rp1.000.000;4;Beasiswa;Ya;KIP-Kuliah;4;Sewa;Ya
MHS02860;Menengah;Rp3.000.000 - Rp5.000.000;6;Orang Tua;Tidak;Tidak Ada;5;Milik Sendiri;Tidak
MHS02861;Tinggi;> Rp5.000.000;3;Orang Tua;Tidak;Tidak Ada;7;Milik Sendiri;Tidak
MHS02862;Rendah;< Rp1.000.000;9;Kerja Sendiri (part-time);Tidak;Tidak Ada;2;Sewa;Ya
MHS02863;Menengah;Rp3.000.000 - Rp5.000.000;4;Orang Tua;Tidak;Tidak Ada;5;Sewa;Tidak
MHS02864;Rendah;Rp1.000.000 - Rp3.000.000;2;Beasiswa;Ya;KIP-Kuliah;4;Sewa;Tidak
MHS02865;Menengah;Rp3.000.000 - Rp5.000.000;4;Orang Tua;Tidak;Tidak Ada;5;Milik Sendiri;Tidak
MHS02866;Menengah;Rp3.000.000 - Rp5.000.000;3;Beasiswa;Ya;Beasiswa Prestasi Akademik (PPA);6;Menumpang;Tidak
MHS02867;Menengah;Rp3.000.000 - Rp5.000.000;3;Orang Tua;Ya;Beasiswa Daerah;4;Milik Sendiri;Tidak
MHS02868;Menengah;Rp3.000.000 - Rp5.000.000;4;Orang Tua;Tidak;Tidak Ada;6;Sewa;Tidak
MHS02869;Tinggi;> Rp5.000.000;5;Orang Tua;Tidak;Tidak Ada;7;Milik Sendiri;Tidak
MHS02870;Menengah;Rp3.000.000 - Rp5.000.000;6;Orang Tua;Tidak;Tidak Ada;6;Milik Sendiri;Tidak
MHS02871;Tinggi;> Rp5.000.000;3;Orang Tua;Tidak;Tidak Ada;5;Milik Sendiri;Tidak
MHS02872;Tinggi;> Rp5.000.000;2;Orang Tua;Tidak;Tidak Ada;8;Milik Sendiri;Tidak
MHS02873;Rendah;Rp1.000.000 - Rp3.000.000;5;Beasiswa;Ya;Beasiswa Swasta/CSR;4;Milik Sendiri;Tidak
MHS02874;Menengah;Rp3.000.000 - Rp5.000.000;4;Orang Tua;Ya;Beasiswa Daerah;5;Milik Sendiri;Tidak
MHS02875;Menengah;Rp1.000.000 - Rp3.000.000;8;Beasiswa;Ya;KIP-Kuliah;4;Sewa;Tidak
MHS02876;Menengah;Rp3.000.000 - Rp5.000.000;3;Orang Tua;Ya;Beasiswa Daerah;3;Milik Sendiri;Tidak
MHS02877;Rendah;< Rp1.000.000;6;Beasiswa;Ya;KIP-Kuliah;4;Menumpang;Tidak
MHS02878;Menengah;Rp1.000.000 - Rp3.000.000;3;Orang Tua;Tidak;Tidak Ada;4;Menumpang;Tidak
MHS02879;Menengah;Rp3.000.000 - Rp5.000.000;5;Orang Tua;Tidak;Tidak Ada;4;Milik Sendiri;Tidak
MHS02880;Menengah;Rp1.000.000 - Rp3.000.000;5;Beasiswa;Ya;KIP-Kuliah;6;Sewa;Tidak
MHS02881;Rendah;Rp1.000.000 - Rp3.000.000;5;Orang Tua;Tidak;Tidak Ada;2;Menumpang;Ya
MHS02882;Menengah;Rp1.000.000 - Rp3.000.000;5;Orang Tua;Tidak;Tidak Ada;5;Milik Sendiri;Tidak
MHS02883;Rendah;< Rp1.000.000;4;Orang Tua;Tidak;Tidak Ada;5;Sewa;Ya
MHS02884;Rendah;< Rp1.000.000;6;Beasiswa;Ya;KIP-Kuliah;2;Sewa;Tidak
MHS02885;Tinggi;> Rp5.000.000;2;Orang Tua;Tidak;Tidak Ada;8;Milik Sendiri;Tidak
MHS02886;Menengah;Rp3.000.000 - Rp5.000.000;6;Orang Tua;Tidak;Tidak Ada;5;Sewa;Ya
MHS02887;Menengah;Rp1.000.000 - Rp3.000.000;5;Orang Tua;Tidak;Tidak Ada;3;Menumpang;Tidak
MHS02888;Menengah;Rp3.000.000 - Rp5.000.000;4;Orang Tua;Tidak;Tidak Ada;3;Milik Sendiri;Tidak
MHS02889;Menengah;Rp1.000.000 - Rp3.000.000;3;Orang Tua;Tidak;Tidak Ada;4;Sewa;Ya
MHS02890;Menengah;Rp3.000.000 - Rp5.000.000;5;Orang Tua;Ya;Beasiswa Prestasi Akademik (PPA);6;Milik Sendiri;Tidak
MHS02891;Menengah;Rp3.000.000 - Rp5.000.000;4;Orang Tua;Ya;Beasiswa Prestasi Akademik (PPA);6;Sewa;Tidak
MHS02892;Rendah;< Rp1.000.000;9;Kerja Sendiri (part-time);Tidak;Tidak Ada;2;Sewa;Ya
MHS02893;Menengah;Rp1.000.000 - Rp3.000.000;5;Orang Tua;Tidak;Tidak Ada;5;Milik Sendiri;Ya
MHS02894;Menengah;Rp3.000.000 - Rp5.000.000;4;Orang Tua;Tidak;Tidak Ada;4;Milik Sendiri;Tidak
MHS02895;Menengah;Rp1.000.000 - Rp3.000.000;3;Beasiswa;Ya;KIP-Kuliah;4;Menumpang;Tidak
MHS02896;Tinggi;> Rp5.000.000;4;Orang Tua;Ya;Beasiswa Daerah;6;Milik Sendiri;Tidak
MHS02897;Menengah;< Rp1.000.000;6;Beasiswa;Ya;KIP-Kuliah;3;Sewa;Tidak
MHS02898;Rendah;< Rp1.000.000;5;Beasiswa;Ya;KIP-Kuliah;1;Menumpang;Ya
MHS02899;Menengah;Rp1.000.000 - Rp3.000.000;2;Beasiswa;Ya;Beasiswa Prestasi Akademik (PPA);5;Sewa;Tidak
MHS02900;Menengah;Rp1.000.000 - Rp3.000.000;7;Beasiswa;Ya;KIP-Kuliah;2;Milik Sendiri;Tidak
MHS02901;Menengah;Rp1.000.000 - Rp3.000.000;5;Orang Tua;Tidak;Tidak Ada;7;Menumpang;Tidak
MHS02902;Menengah;Rp1.000.000 - Rp3.000.000;4;Orang Tua;Tidak;Tidak Ada;2;Sewa;Ya
MHS02903;Rendah;Rp1.000.000 - Rp3.000.000;3;Kerja Sendiri (part-time);Ya;Beasiswa Daerah;3;Sewa;Tidak
MHS02904;Tinggi;Rp3.000.000 - Rp5.000.000;5;Orang Tua;Tidak;Tidak Ada;5;Sewa;Tidak
MHS02905;Menengah;Rp3.000.000 - Rp5.000.000;3;Pinjaman/Kredit Pendidikan;Tidak;Tidak Ada;4;Milik Sendiri;Tidak
MHS02906;Rendah;< Rp1.000.000;5;Orang Tua;Ya;KIP-Kuliah;1;Sewa;Ya
MHS02907;Menengah;Rp3.000.000 - Rp5.000.000;3;Orang Tua;Tidak;Tidak Ada;5;Milik Sendiri;Tidak
MHS02908;Menengah;Rp3.000.000 - Rp5.000.000;4;Orang Tua;Tidak;Tidak Ada;5;Milik Sendiri;Tidak
MHS02909;Menengah;Rp3.000.000 - Rp5.000.000;6;Orang Tua;Tidak;Tidak Ada;5;Milik Sendiri;Tidak
MHS02910;Menengah;Rp3.000.000 - Rp5.000.000;5;Orang Tua;Tidak;Tidak Ada;6;Sewa;Ya
MHS02911;Rendah;< Rp1.000.000;5;Kerja Sendiri (part-time);Tidak;Tidak Ada;2;Sewa;Ya
MHS02912;Tinggi;> Rp5.000.000;4;Orang Tua;Tidak;Tidak Ada;6;Milik Sendiri;Tidak
MHS02913;Menengah;Rp3.000.000 - Rp5.000.000;4;Orang Tua;Tidak;Tidak Ada;5;Milik Sendiri;Tidak
MHS02914;Tinggi;> Rp5.000.000;1;Orang Tua;Tidak;Tidak Ada;6;Milik Sendiri;Ya
MHS02915;Tinggi;> Rp5.000.000;2;Orang Tua;Tidak;Tidak Ada;7;Sewa;Tidak
MHS02916;Tinggi;> Rp5.000.000;2;Orang Tua;Tidak;Tidak Ada;6;Milik Sendiri;Tidak
MHS02917;Menengah;Rp1.000.000 - Rp3.000.000;3;Kerja Sendiri (part-time);Tidak;Tidak Ada;3;Menumpang;Ya
MHS02918;Rendah;Rp1.000.000 - Rp3.000.000;6;Orang Tua;Ya;Beasiswa Daerah;3;Sewa;Tidak
MHS02919;Menengah;Rp1.000.000 - Rp3.000.000;2;Orang Tua;Tidak;Tidak Ada;4;Sewa;Tidak
MHS02920;Tinggi;Rp1.000.000 - Rp3.000.000;4;Orang Tua;Tidak;Tidak Ada;3;Menumpang;Tidak
MHS02921;Menengah;Rp3.000.000 - Rp5.000.000;3;Orang Tua;Ya;Beasiswa Prestasi Akademik (PPA);6;Milik Sendiri;Tidak
MHS02922;Rendah;< Rp1.000.000;6;Orang Tua;Tidak;Tidak Ada;1;Menumpang;Ya
MHS02923;Rendah;< Rp1.000.000;7;Kerja Sendiri (part-time);Tidak;Tidak Ada;2;Sewa;Ya
MHS02924;Tinggi;> Rp5.000.000;4;Orang Tua;Tidak;Tidak Ada;6;Milik Sendiri;Tidak
MHS02925;Menengah;Rp1.000.000 - Rp3.000.000;5;Beasiswa;Ya;Beasiswa Daerah;3;Sewa;Tidak
MHS02926;Tinggi;> Rp5.000.000;3;Orang Tua;Tidak;Tidak Ada;7;Milik Sendiri;Tidak
MHS02927;Tinggi;> Rp5.000.000;5;Orang Tua;Tidak;Tidak Ada;6;Milik Sendiri;Tidak
MHS02928;Menengah;Rp1.000.000 - Rp3.000.000;3;Orang Tua;Tidak;Tidak Ada;5;Sewa;Ya
MHS02929;Menengah;Rp1.000.000 - Rp3.000.000;2;Kerja Sendiri (part-time);Tidak;Tidak Ada;6;Sewa;Tidak
MHS02930;Rendah;< Rp1.000.000;1;Beasiswa;Ya;KIP-Kuliah;1;Menumpang;Tidak
MHS02931;Menengah;Rp1.000.000 - Rp3.000.000;3;Beasiswa;Ya;Beasiswa Daerah;4;Sewa;Ya
MHS02932;Menengah;Rp3.000.000 - Rp5.000.000;3;Orang Tua;Tidak;Tidak Ada;5;Milik Sendiri;Tidak
MHS02933;Menengah;Rp1.000.000 - Rp3.000.000;4;Beasiswa;Ya;KIP-Kuliah;4;Milik Sendiri;Tidak
MHS02934;Rendah;Rp3.000.000 - Rp5.000.000;2;Pinjaman/Kredit Pendidikan;Tidak;Tidak Ada;5;Milik Sendiri;Tidak
MHS02935;Rendah;< Rp1.000.000;4;Beasiswa;Ya;KIP-Kuliah;2;Sewa;Ya
MHS02936;Menengah;Rp3.000.000 - Rp5.000.000;1;Orang Tua;Tidak;Tidak Ada;7;Milik Sendiri;Ya
MHS02937;Menengah;Rp1.000.000 - Rp3.000.000;4;Orang Tua;Tidak;Tidak Ada;4;Sewa;Tidak
MHS02938;Menengah;Rp3.000.000 - Rp5.000.000;4;Orang Tua;Ya;Beasiswa Prestasi Akademik (PPA);6;Milik Sendiri;Tidak
MHS02939;Menengah;Rp1.000.000 - Rp3.000.000;4;Orang Tua;Tidak;Tidak Ada;3;Menumpang;Tidak
MHS02940;Menengah;Rp3.000.000 - Rp5.000.000;2;Orang Tua;Tidak;Tidak Ada;5;Sewa;Ya
MHS02941;Menengah;Rp3.000.000 - Rp5.000.000;5;Beasiswa;Ya;Beasiswa Daerah;4;Sewa;Tidak
MHS02942;Menengah;Rp3.000.000 - Rp5.000.000;5;Orang Tua;Ya;Beasiswa Daerah;6;Milik Sendiri;Tidak
MHS02943;Tinggi;> Rp5.000.000;3;Orang Tua;Tidak;Tidak Ada;8;Milik Sendiri;Ya
MHS02944;Menengah;Rp3.000.000 - Rp5.000.000;2;Orang Tua;Ya;Beasiswa Prestasi Akademik (PPA);5;Sewa;Tidak
MHS02945;Menengah;< Rp1.000.000;9;Kerja Sendiri (part-time);Tidak;Tidak Ada;3;Sewa;Ya
MHS02946;Rendah;< Rp1.000.000;5;Orang Tua;Tidak;Tidak Ada;2;Sewa;Ya
MHS02947;Menengah;> Rp5.000.000;3;Orang Tua;Tidak;Tidak Ada;6;Milik Sendiri;Tidak
MHS02948;Menengah;Rp1.000.000 - Rp3.000.000;3;Orang Tua;Tidak;Tidak Ada;5;Sewa;Ya
MHS02949;Rendah;< Rp1.000.000;5;Kerja Sendiri (part-time);Ya;Beasiswa Prestasi Akademik (PPA);2;Sewa;Ya
MHS02950;Menengah;Rp1.000.000 - Rp3.000.000;5;Orang Tua;Ya;Beasiswa Daerah;3;Milik Sendiri;Tidak
MHS02951;Rendah;Rp1.000.000 - Rp3.000.000;4;Beasiswa;Ya;KIP-Kuliah;3;Sewa;Ya
MHS02952;Tinggi;> Rp5.000.000;3;Orang Tua;Tidak;Tidak Ada;6;Milik Sendiri;Tidak
MHS02953;Menengah;Rp3.000.000 - Rp5.000.000;2;Orang Tua;Tidak;Tidak Ada;5;Milik Sendiri;Tidak
MHS02954;Menengah;Rp3.000.000 - Rp5.000.000;5;Orang Tua;Tidak;Tidak Ada;5;Sewa;Tidak
MHS02955;Tinggi;Rp3.000.000 - Rp5.000.000;5;Orang Tua;Tidak;Tidak Ada;6;Milik Sendiri;Ya
MHS02956;Menengah;Rp3.000.000 - Rp5.000.000;3;Orang Tua;Tidak;Tidak Ada;7;Sewa;Tidak
MHS02957;Menengah;Rp3.000.000 - Rp5.000.000;2;Kerja Sendiri (part-time);Tidak;Tidak Ada;4;Milik Sendiri;Ya
MHS02958;Tinggi;> Rp5.000.000;3;Orang Tua;Tidak;Tidak Ada;7;Milik Sendiri;Tidak
MHS02959;Menengah;Rp3.000.000 - Rp5.000.000;6;Beasiswa;Ya;Beasiswa Swasta/CSR;4;Milik Sendiri;Ya
MHS02960;Menengah;< Rp1.000.000;6;Kerja Sendiri (part-time);Ya;Beasiswa Prestasi Akademik (PPA);4;Sewa;Ya
MHS02961;Tinggi;Rp3.000.000 - Rp5.000.000;6;Orang Tua;Tidak;Tidak Ada;6;Menumpang;Tidak
MHS02962;Menengah;Rp3.000.000 - Rp5.000.000;3;Orang Tua;Tidak;Tidak Ada;3;Menumpang;Tidak
MHS02963;Rendah;Rp1.000.000 - Rp3.000.000;5;Beasiswa;Ya;KIP-Kuliah;3;Sewa;Tidak
MHS02964;Menengah;Rp3.000.000 - Rp5.000.000;4;Orang Tua;Tidak;Tidak Ada;5;Sewa;Tidak
MHS02965;Menengah;Rp3.000.000 - Rp5.000.000;3;Orang Tua;Ya;Beasiswa Prestasi Akademik (PPA);4;Sewa;Tidak
MHS02966;Rendah;< Rp1.000.000;4;Beasiswa;Ya;KIP-Kuliah;1;Menumpang;Ya
MHS02967;Menengah;Rp1.000.000 - Rp3.000.000;4;Orang Tua;Tidak;Tidak Ada;5;Sewa;Tidak
MHS02968;Menengah;< Rp1.000.000;6;Orang Tua;Tidak;Tidak Ada;3;Menumpang;Tidak
MHS02969;Rendah;Rp1.000.000 - Rp3.000.000;3;Orang Tua;Tidak;Tidak Ada;4;Menumpang;Tidak
MHS02970;Menengah;Rp1.000.000 - Rp3.000.000;2;Beasiswa;Ya;KIP-Kuliah;4;Milik Sendiri;Tidak
MHS02971;Tinggi;Rp3.000.000 - Rp5.000.000;8;Beasiswa;Ya;Beasiswa Prestasi Akademik (PPA);7;Milik Sendiri;Tidak
MHS02972;Tinggi;> Rp5.000.000;4;Orang Tua;Tidak;Tidak Ada;8;Sewa;Tidak
MHS02973;Menengah;Rp1.000.000 - Rp3.000.000;6;Orang Tua;Tidak;Tidak Ada;5;Menumpang;Tidak
MHS02974;Menengah;Rp3.000.000 - Rp5.000.000;2;Orang Tua;Tidak;Tidak Ada;4;Sewa;Tidak
MHS02975;Rendah;< Rp1.000.000;7;Kerja Sendiri (part-time);Tidak;Tidak Ada;3;Sewa;Ya
MHS02976;Menengah;Rp3.000.000 - Rp5.000.000;3;Orang Tua;Tidak;Tidak Ada;6;Milik Sendiri;Tidak
MHS02977;Menengah;Rp1.000.000 - Rp3.000.000;4;Beasiswa;Ya;KIP-Kuliah;3;Milik Sendiri;Tidak
MHS02978;Rendah;< Rp1.000.000;5;Beasiswa;Ya;KIP-Kuliah;2;Menumpang;Ya
MHS02979;Menengah;> Rp5.000.000;1;Orang Tua;Tidak;Tidak Ada;3;Milik Sendiri;Tidak
MHS02980;Menengah;Rp1.000.000 - Rp3.000.000;6;Beasiswa;Ya;KIP-Kuliah;5;Milik Sendiri;Tidak
MHS02981;Rendah;Rp1.000.000 - Rp3.000.000;5;Orang Tua;Ya;Beasiswa Prestasi Akademik (PPA);3;Milik Sendiri;Tidak
MHS02982;Menengah;Rp3.000.000 - Rp5.000.000;7;Orang Tua;Ya;Beasiswa Daerah;3;Milik Sendiri;Tidak
MHS02983;Tinggi;> Rp5.000.000;4;Orang Tua;Tidak;Tidak Ada;8;Milik Sendiri;Tidak
MHS02984;Rendah;Rp1.000.000 - Rp3.000.000;2;Kerja Sendiri (part-time);Tidak;Tidak Ada;2;Milik Sendiri;Ya
MHS02985;Menengah;Rp3.000.000 - Rp5.000.000;1;Beasiswa;Ya;Beasiswa Prestasi Akademik (PPA);4;Milik Sendiri;Tidak
MHS02986;Rendah;Rp1.000.000 - Rp3.000.000;4;Orang Tua;Ya;Beasiswa Prestasi Akademik (PPA);5;Milik Sendiri;Tidak
MHS02987;Menengah;Rp3.000.000 - Rp5.000.000;2;Orang Tua;Tidak;Tidak Ada;4;Menumpang;Tidak
MHS02988;Tinggi;> Rp5.000.000;3;Orang Tua;Tidak;Tidak Ada;7;Milik Sendiri;Tidak
MHS02989;Tinggi;> Rp5.000.000;2;Orang Tua;Tidak;Tidak Ada;7;Milik Sendiri;Tidak
MHS02990;Tinggi;> Rp5.000.000;1;Orang Tua;Tidak;Tidak Ada;7;Milik Sendiri;Tidak
MHS02991;Rendah;< Rp1.000.000;5;Orang Tua;Tidak;Tidak Ada;1;Sewa;Tidak
MHS02992;Rendah;Rp1.000.000 - Rp3.000.000;7;Orang Tua;Ya;Beasiswa Prestasi Akademik (PPA);2;Sewa;Tidak
MHS02993;Menengah;Rp1.000.000 - Rp3.000.000;8;Orang Tua;Ya;Beasiswa Prestasi Akademik (PPA);4;Milik Sendiri;Tidak
MHS02994;Menengah;Rp1.000.000 - Rp3.000.000;3;Orang Tua;Tidak;Tidak Ada;4;Sewa;Tidak
MHS02995;Menengah;Rp3.000.000 - Rp5.000.000;5;Orang Tua;Ya;Beasiswa Prestasi Akademik (PPA);6;Milik Sendiri;Tidak
MHS02996;Rendah;< Rp1.000.000;6;Orang Tua;Tidak;Tidak Ada;3;Milik Sendiri;Tidak
MHS02997;Menengah;Rp1.000.000 - Rp3.000.000;4;Kerja Sendiri (part-time);Tidak;Tidak Ada;4;Milik Sendiri;Tidak
MHS02998;Menengah;Rp1.000.000 - Rp3.000.000;6;Orang Tua;Tidak;Tidak Ada;5;Sewa;Ya
MHS02999;Menengah;Rp1.000.000 - Rp3.000.000;4;Pinjaman/Kredit Pendidikan;Ya;KIP-Kuliah;4;Milik Sendiri;Tidak
MHS03000;Menengah;Rp1.000.000 - Rp3.000.000;4;Orang Tua;Tidak;Tidak Ada;4;Sewa;Tidak
MHS03001;Menengah;Rp1.000.000 - Rp3.000.000;3;Orang Tua;Tidak;Tidak Ada;4;Sewa;Tidak
MHS03002;Menengah;< Rp1.000.000;2;Beasiswa;Ya;KIP-Kuliah;2;Sewa;Ya
MHS03003;Rendah;Rp1.000.000 - Rp3.000.000;4;Orang Tua;Tidak;Tidak Ada;4;Milik Sendiri;Tidak
MHS03004;Tinggi;> Rp5.000.000;4;Orang Tua;Tidak;Tidak Ada;7;Milik Sendiri;Tidak
MHS03005;Menengah;Rp3.000.000 - Rp5.000.000;2;Beasiswa;Ya;KIP-Kuliah;6;Sewa;Tidak
MHS03006;Menengah;Rp3.000.000 - Rp5.000.000;2;Orang Tua;Ya;Beasiswa Prestasi Akademik (PPA);5;Sewa;Tidak
MHS03007;Tinggi;> Rp5.000.000;2;Orang Tua;Tidak;Tidak Ada;6;Menumpang;Tidak
MHS03008;Menengah;< Rp1.000.000;7;Orang Tua;Tidak;Tidak Ada;2;Milik Sendiri;Tidak
MHS03009;Tinggi;Rp3.000.000 - Rp5.000.000;4;Beasiswa;Ya;Beasiswa Swasta/CSR;7;Milik Sendiri;Tidak
MHS03010;Tinggi;> Rp5.000.000;3;Orang Tua;Tidak;Tidak Ada;8;Milik Sendiri;Tidak
MHS03011;Tinggi;> Rp5.000.000;4;Orang Tua;Tidak;Tidak Ada;4;Milik Sendiri;Tidak
MHS03012;Menengah;Rp3.000.000 - Rp5.000.000;4;Beasiswa;Ya;KIP-Kuliah;6;Milik Sendiri;Tidak
MHS03013;Menengah;< Rp1.000.000;8;Beasiswa;Ya;Beasiswa Swasta/CSR;3;Sewa;Tidak
MHS03014;Tinggi;Rp3.000.000 - Rp5.000.000;8;Orang Tua;Tidak;Tidak Ada;6;Sewa;Tidak
MHS03015;Tinggi;Rp3.000.000 - Rp5.000.000;3;Orang Tua;Tidak;Tidak Ada;4;Milik Sendiri;Tidak
MHS03016;Tinggi;> Rp5.000.000;4;Orang Tua;Ya;Beasiswa Prestasi Akademik (PPA);6;Sewa;Tidak
MHS03017;Tinggi;Rp3.000.000 - Rp5.000.000;3;Orang Tua;Tidak;Tidak Ada;5;Milik Sendiri;Tidak
MHS03018;Menengah;Rp3.000.000 - Rp5.000.000;6;Orang Tua;Tidak;Tidak Ada;6;Sewa;Tidak
MHS03019;Rendah;Rp1.000.000 - Rp3.000.000;2;Orang Tua;Tidak;Tidak Ada;3;Sewa;Tidak
MHS03020;Tinggi;> Rp5.000.000;2;Beasiswa;Ya;Beasiswa Prestasi Akademik (PPA);5;Milik Sendiri;Tidak
MHS03021;Rendah;< Rp1.000.000;3;Beasiswa;Ya;KIP-Kuliah;1;Menumpang;Ya
MHS03022;Tinggi;> Rp5.000.000;3;Orang Tua;Tidak;Tidak Ada;7;Milik Sendiri;Tidak
MHS03023;Rendah;Rp1.000.000 - Rp3.000.000;1;Kerja Sendiri (part-time);Ya;KIP-Kuliah;3;Menumpang;Ya
MHS03024;Menengah;Rp3.000.000 - Rp5.000.000;3;Orang Tua;Tidak;Tidak Ada;6;Sewa;Tidak
MHS03025;Menengah;Rp3.000.000 - Rp5.000.000;4;Orang Tua;Tidak;Tidak Ada;6;Sewa;Tidak
MHS03026;Tinggi;> Rp5.000.000;3;Orang Tua;Ya;Beasiswa Prestasi Akademik (PPA);5;Milik Sendiri;Tidak
MHS03027;Rendah;< Rp1.000.000;7;Beasiswa;Ya;KIP-Kuliah;2;Menumpang;Tidak
MHS03028;Menengah;Rp1.000.000 - Rp3.000.000;2;Orang Tua;Ya;Beasiswa Swasta/CSR;6;Milik Sendiri;Tidak
MHS03029;Menengah;Rp1.000.000 - Rp3.000.000;7;Orang Tua;Tidak;Tidak Ada;5;Sewa;Tidak
MHS03030;Menengah;Rp1.000.000 - Rp3.000.000;2;Beasiswa;Ya;KIP-Kuliah;4;Sewa;Tidak
MHS03031;Rendah;< Rp1.000.000;9;Beasiswa;Ya;KIP-Kuliah;1;Menumpang;Tidak
MHS03032;Tinggi;> Rp5.000.000;2;Beasiswa;Ya;Beasiswa Prestasi Akademik (PPA);6;Milik Sendiri;Tidak
MHS03033;Rendah;Rp1.000.000 - Rp3.000.000;9;Orang Tua;Tidak;Tidak Ada;2;Sewa;Tidak
MHS03034;Rendah;Rp1.000.000 - Rp3.000.000;2;Orang Tua;Ya;Beasiswa Prestasi Akademik (PPA);4;Milik Sendiri;Tidak
MHS03035;Menengah;Rp1.000.000 - Rp3.000.000;4;Pinjaman/Kredit Pendidikan;Tidak;Tidak Ada;5;Milik Sendiri;Tidak
MHS03036;Menengah;Rp1.000.000 - Rp3.000.000;3;Orang Tua;Ya;Beasiswa Daerah;4;Menumpang;Tidak
MHS03037;Menengah;> Rp5.000.000;4;Orang Tua;Tidak;Tidak Ada;7;Menumpang;Tidak
MHS03038;Menengah;Rp3.000.000 - Rp5.000.000;3;Beasiswa;Ya;KIP-Kuliah;5;Milik Sendiri;Tidak
MHS03039;Rendah;Rp1.000.000 - Rp3.000.000;6;Beasiswa;Ya;KIP-Kuliah;4;Menumpang;Ya
MHS03040;Rendah;< Rp1.000.000;9;Beasiswa;Ya;KIP-Kuliah;1;Menumpang;Tidak
MHS03041;Menengah;Rp3.000.000 - Rp5.000.000;2;Orang Tua;Tidak;Tidak Ada;5;Menumpang;Ya
MHS03042;Menengah;> Rp5.000.000;3;Beasiswa;Ya;Beasiswa Prestasi Akademik (PPA);4;Milik Sendiri;Tidak
MHS03043;Menengah;Rp3.000.000 - Rp5.000.000;3;Orang Tua;Tidak;Tidak Ada;5;Milik Sendiri;Tidak
MHS03044;Tinggi;Rp3.000.000 - Rp5.000.000;7;Orang Tua;Tidak;Tidak Ada;6;Milik Sendiri;Tidak
MHS03045;Rendah;Rp1.000.000 - Rp3.000.000;4;Orang Tua;Tidak;Tidak Ada;4;Sewa;Tidak
MHS03046;Menengah;Rp1.000.000 - Rp3.000.000;4;Orang Tua;Tidak;Tidak Ada;4;Milik Sendiri;Tidak
MHS03047;Menengah;Rp1.000.000 - Rp3.000.000;2;Orang Tua;Tidak;Tidak Ada;3;Menumpang;Ya
MHS03048;Menengah;Rp1.000.000 - Rp3.000.000;7;Orang Tua;Ya;Beasiswa Prestasi Akademik (PPA);5;Milik Sendiri;Tidak
MHS03049;Menengah;> Rp5.000.000;6;Orang Tua;Tidak;Tidak Ada;6;Milik Sendiri;Tidak
MHS03050;Menengah;Rp3.000.000 - Rp5.000.000;4;Orang Tua;Ya;KIP-Kuliah;7;Milik Sendiri;Tidak
MHS03051;Menengah;Rp3.000.000 - Rp5.000.000;4;Orang Tua;Ya;Beasiswa Prestasi Akademik (PPA);6;Milik Sendiri;Tidak
MHS03052;Tinggi;> Rp5.000.000;3;Orang Tua;Tidak;Tidak Ada;5;Milik Sendiri;Tidak
MHS03053;Rendah;< Rp1.000.000;5;Beasiswa;Ya;KIP-Kuliah;3;Sewa;Ya
MHS03054;Menengah;Rp1.000.000 - Rp3.000.000;1;Kerja Sendiri (part-time);Tidak;Tidak Ada;3;Milik Sendiri;Ya
MHS03055;Menengah;Rp3.000.000 - Rp5.000.000;4;Orang Tua;Tidak;Tidak Ada;6;Milik Sendiri;Tidak
MHS03056;Rendah;Rp1.000.000 - Rp3.000.000;5;Beasiswa;Ya;KIP-Kuliah;5;Sewa;Ya
MHS03057;Menengah;Rp1.000.000 - Rp3.000.000;7;Orang Tua;Tidak;Tidak Ada;4;Sewa;Tidak
MHS03058;Tinggi;> Rp5.000.000;3;Orang Tua;Tidak;Tidak Ada;8;Milik Sendiri;Tidak
MHS03059;Menengah;< Rp1.000.000;4;Beasiswa;Ya;KIP-Kuliah;4;Menumpang;Ya
MHS03060;Menengah;Rp3.000.000 - Rp5.000.000;3;Beasiswa;Ya;Beasiswa Swasta/CSR;6;Milik Sendiri;Tidak
MHS03061;Tinggi;Rp3.000.000 - Rp5.000.000;4;Orang Tua;Tidak;Tidak Ada;6;Milik Sendiri;Ya
MHS03062;Menengah;Rp1.000.000 - Rp3.000.000;3;Beasiswa;Ya;KIP-Kuliah;5;Sewa;Ya
MHS03063;Tinggi;> Rp5.000.000;1;Orang Tua;Tidak;Tidak Ada;6;Milik Sendiri;Tidak
MHS03064;Rendah;Rp1.000.000 - Rp3.000.000;3;Orang Tua;Tidak;Tidak Ada;3;Milik Sendiri;Tidak
MHS03065;Menengah;Rp3.000.000 - Rp5.000.000;7;Pinjaman/Kredit Pendidikan;Tidak;Tidak Ada;3;Milik Sendiri;Ya
MHS03066;Rendah;< Rp1.000.000;3;Beasiswa;Ya;KIP-Kuliah;1;Sewa;Tidak
MHS03067;Rendah;Rp1.000.000 - Rp3.000.000;4;Beasiswa;Ya;KIP-Kuliah;3;Sewa;Ya
MHS03068;Rendah;Rp1.000.000 - Rp3.000.000;4;Orang Tua;Ya;Beasiswa Prestasi Akademik (PPA);3;Milik Sendiri;Tidak
MHS03069;Rendah;< Rp1.000.000;3;Beasiswa;Ya;Beasiswa Prestasi Akademik (PPA);4;Sewa;Ya
MHS03070;Tinggi;> Rp5.000.000;2;Orang Tua;Tidak;Tidak Ada;8;Milik Sendiri;Tidak
MHS03071;Menengah;Rp1.000.000 - Rp3.000.000;3;Orang Tua;Tidak;Tidak Ada;3;Milik Sendiri;Ya
MHS03072;Tinggi;Rp3.000.000 - Rp5.000.000;4;Orang Tua;Tidak;Tidak Ada;6;Milik Sendiri;Tidak
MHS03073;Menengah;Rp3.000.000 - Rp5.000.000;4;Orang Tua;Tidak;Tidak Ada;7;Milik Sendiri;Tidak
MHS03074;Rendah;< Rp1.000.000;4;Orang Tua;Ya;Beasiswa Prestasi Akademik (PPA);3;Sewa;Tidak
MHS03075;Rendah;< Rp1.000.000;4;Orang Tua;Tidak;Tidak Ada;2;Menumpang;Ya
MHS03076;Rendah;< Rp1.000.000;5;Beasiswa;Ya;KIP-Kuliah;3;Sewa;Tidak
MHS03077;Menengah;Rp1.000.000 - Rp3.000.000;4;Orang Tua;Tidak;Tidak Ada;4;Menumpang;Ya
MHS03078;Menengah;> Rp5.000.000;1;Orang Tua;Tidak;Tidak Ada;6;Milik Sendiri;Tidak
MHS03079;Menengah;Rp1.000.000 - Rp3.000.000;5;Orang Tua;Tidak;Tidak Ada;4;Milik Sendiri;Tidak
MHS03080;Rendah;Rp1.000.000 - Rp3.000.000;3;Orang Tua;Tidak;Tidak Ada;2;Sewa;Ya
MHS03081;Rendah;< Rp1.000.000;3;Orang Tua;Tidak;Tidak Ada;2;Sewa;Tidak
MHS03082;Menengah;Rp3.000.000 - Rp5.000.000;4;Kerja Sendiri (part-time);Tidak;Tidak Ada;5;Menumpang;Ya
MHS03083;Menengah;Rp1.000.000 - Rp3.000.000;2;Orang Tua;Tidak;Tidak Ada;5;Menumpang;Tidak
MHS03084;Menengah;Rp1.000.000 - Rp3.000.000;5;Orang Tua;Tidak;Tidak Ada;5;Sewa;Tidak
MHS03085;Tinggi;> Rp5.000.000;3;Orang Tua;Tidak;Tidak Ada;6;Milik Sendiri;Tidak
MHS03086;Menengah;Rp1.000.000 - Rp3.000.000;5;Kerja Sendiri (part-time);Tidak;Tidak Ada;4;Menumpang;Ya
MHS03087;Rendah;Rp1.000.000 - Rp3.000.000;2;Kerja Sendiri (part-time);Ya;Beasiswa Prestasi Akademik (PPA);3;Menumpang;Ya
MHS03088;Rendah;< Rp1.000.000;6;Beasiswa;Ya;KIP-Kuliah;1;Menumpang;Tidak
MHS03089;Rendah;< Rp1.000.000;7;Beasiswa;Ya;KIP-Kuliah;1;Menumpang;Tidak
MHS03090;Menengah;< Rp1.000.000;7;Orang Tua;Ya;Beasiswa Swasta/CSR;1;Menumpang;Tidak
MHS03091;Menengah;Rp1.000.000 - Rp3.000.000;6;Beasiswa;Ya;Beasiswa Prestasi Akademik (PPA);4;Sewa;Tidak
MHS03092;Menengah;Rp3.000.000 - Rp5.000.000;3;Orang Tua;Tidak;Tidak Ada;4;Menumpang;Tidak
MHS03093;Tinggi;> Rp5.000.000;7;Orang Tua;Tidak;Tidak Ada;6;Milik Sendiri;Tidak
MHS03094;Menengah;Rp3.000.000 - Rp5.000.000;3;Orang Tua;Tidak;Tidak Ada;4;Milik Sendiri;Tidak
MHS03095;Menengah;Rp1.000.000 - Rp3.000.000;7;Kerja Sendiri (part-time);Tidak;Tidak Ada;4;Menumpang;Ya
MHS03096;Menengah;Rp1.000.000 - Rp3.000.000;3;Orang Tua;Tidak;Tidak Ada;4;Menumpang;Tidak
MHS03097;Menengah;Rp3.000.000 - Rp5.000.000;3;Orang Tua;Tidak;Tidak Ada;3;Menumpang;Ya
MHS03098;Rendah;Rp1.000.000 - Rp3.000.000;3;Pinjaman/Kredit Pendidikan;Ya;Beasiswa Daerah;2;Milik Sendiri;Tidak
MHS03099;Rendah;< Rp1.000.000;4;Kerja Sendiri (part-time);Ya;KIP-Kuliah;1;Menumpang;Tidak
MHS03100;Menengah;Rp3.000.000 - Rp5.000.000;3;Orang Tua;Tidak;Tidak Ada;6;Milik Sendiri;Tidak
MHS03101;Tinggi;> Rp5.000.000;5;Orang Tua;Tidak;Tidak Ada;3;Milik Sendiri;Tidak
MHS03102;Menengah;Rp3.000.000 - Rp5.000.000;6;Orang Tua;Tidak;Tidak Ada;3;Milik Sendiri;Tidak
MHS03103;Menengah;Rp1.000.000 - Rp3.000.000;1;Orang Tua;Tidak;Tidak Ada;3;Milik Sendiri;Tidak
MHS03104;Menengah;> Rp5.000.000;2;Orang Tua;Tidak;Tidak Ada;6;Milik Sendiri;Tidak
MHS03105;Tinggi;> Rp5.000.000;3;Orang Tua;Tidak;Tidak Ada;8;Sewa;Tidak
MHS03106;Menengah;Rp3.000.000 - Rp5.000.000;3;Orang Tua;Tidak;Tidak Ada;6;Milik Sendiri;Tidak
MHS03107;Menengah;Rp1.000.000 - Rp3.000.000;6;Kerja Sendiri (part-time);Tidak;Tidak Ada;5;Menumpang;Ya
MHS03108;Tinggi;> Rp5.000.000;2;Orang Tua;Tidak;Tidak Ada;8;Milik Sendiri;Tidak
MHS03109;Menengah;< Rp1.000.000;8;Orang Tua;Tidak;Tidak Ada;4;Menumpang;Ya
MHS03110;Rendah;< Rp1.000.000;4;Orang Tua;Tidak;Tidak Ada;2;Sewa;Tidak
MHS03111;Menengah;Rp3.000.000 - Rp5.000.000;5;Kerja Sendiri (part-time);Tidak;Tidak Ada;4;Menumpang;Ya
MHS03112;Rendah;Rp1.000.000 - Rp3.000.000;8;Orang Tua;Tidak;Tidak Ada;3;Menumpang;Tidak
MHS03113;Menengah;Rp1.000.000 - Rp3.000.000;6;Orang Tua;Ya;KIP-Kuliah;4;Milik Sendiri;Tidak
MHS03114;Rendah;< Rp1.000.000;3;Orang Tua;Ya;KIP-Kuliah;1;Sewa;Ya
MHS03115;Tinggi;> Rp5.000.000;3;Orang Tua;Tidak;Tidak Ada;6;Milik Sendiri;Tidak
MHS03116;Rendah;Rp1.000.000 - Rp3.000.000;5;Beasiswa;Ya;Beasiswa Daerah;4;Sewa;Tidak
MHS03117;Menengah;Rp1.000.000 - Rp3.000.000;7;Orang Tua;Tidak;Tidak Ada;4;Sewa;Tidak
MHS03118;Rendah;< Rp1.000.000;3;Beasiswa;Ya;KIP-Kuliah;2;Sewa;Ya
MHS03119;Menengah;Rp3.000.000 - Rp5.000.000;3;Orang Tua;Tidak;Tidak Ada;5;Milik Sendiri;Tidak
MHS03120;Rendah;< Rp1.000.000;4;Kerja Sendiri (part-time);Ya;Beasiswa Prestasi Akademik (PPA);3;Sewa;Tidak
MHS03121;Menengah;Rp1.000.000 - Rp3.000.000;3;Orang Tua;Ya;Beasiswa Prestasi Akademik (PPA);3;Sewa;Tidak
MHS03122;Rendah;< Rp1.000.000;7;Beasiswa;Ya;KIP-Kuliah;3;Sewa;Ya
MHS03123;Menengah;Rp1.000.000 - Rp3.000.000;3;Orang Tua;Tidak;Tidak Ada;4;Sewa;Tidak
MHS03124;Menengah;Rp1.000.000 - Rp3.000.000;5;Orang Tua;Tidak;Tidak Ada;4;Milik Sendiri;Tidak
MHS03125;Menengah;Rp3.000.000 - Rp5.000.000;2;Orang Tua;Tidak;Tidak Ada;4;Milik Sendiri;Tidak
MHS03126;Tinggi;> Rp5.000.000;3;Orang Tua;Tidak;Tidak Ada;8;Milik Sendiri;Tidak
MHS03127;Menengah;Rp1.000.000 - Rp3.000.000;2;Pinjaman/Kredit Pendidikan;Tidak;Tidak Ada;3;Milik Sendiri;Tidak
MHS03128;Tinggi;> Rp5.000.000;2;Orang Tua;Tidak;Tidak Ada;7;Milik Sendiri;Tidak
MHS03129;Tinggi;> Rp5.000.000;2;Orang Tua;Tidak;Tidak Ada;6;Milik Sendiri;Tidak
MHS03130;Menengah;Rp1.000.000 - Rp3.000.000;4;Pinjaman/Kredit Pendidikan;Tidak;Tidak Ada;3;Milik Sendiri;Tidak
MHS03131;Rendah;Rp1.000.000 - Rp3.000.000;2;Orang Tua;Ya;Beasiswa Prestasi Akademik (PPA);5;Milik Sendiri;Tidak
MHS03132;Tinggi;Rp3.000.000 - Rp5.000.000;4;Orang Tua;Tidak;Tidak Ada;7;Menumpang;Tidak
MHS03133;Tinggi;Rp3.000.000 - Rp5.000.000;4;Beasiswa;Ya;Beasiswa Prestasi Akademik (PPA);8;Milik Sendiri;Tidak
MHS03134;Menengah;Rp3.000.000 - Rp5.000.000;4;Beasiswa;Ya;Beasiswa Prestasi Akademik (PPA);6;Milik Sendiri;Tidak
MHS03135;Menengah;< Rp1.000.000;2;Beasiswa;Ya;Beasiswa Daerah;2;Menumpang;Tidak
MHS03136;Menengah;Rp1.000.000 - Rp3.000.000;7;Orang Tua;Tidak;Tidak Ada;4;Sewa;Tidak
MHS03137;Menengah;Rp1.000.000 - Rp3.000.000;4;Beasiswa;Ya;Beasiswa Prestasi Akademik (PPA);2;Menumpang;Tidak
MHS03138;Tinggi;Rp3.000.000 - Rp5.000.000;5;Orang Tua;Tidak;Tidak Ada;5;Sewa;Ya
MHS03139;Rendah;< Rp1.000.000;5;Orang Tua;Tidak;Tidak Ada;2;Menumpang;Tidak
MHS03140;Tinggi;> Rp5.000.000;7;Orang Tua;Tidak;Tidak Ada;6;Menumpang;Tidak
MHS03141;Tinggi;Rp3.000.000 - Rp5.000.000;2;Orang Tua;Tidak;Tidak Ada;6;Milik Sendiri;Ya
MHS03142;Tinggi;Rp3.000.000 - Rp5.000.000;3;Orang Tua;Tidak;Tidak Ada;5;Milik Sendiri;Tidak
MHS03143;Tinggi;Rp3.000.000 - Rp5.000.000;4;Orang Tua;Tidak;Tidak Ada;4;Milik Sendiri;Tidak
MHS03144;Rendah;< Rp1.000.000;6;Kerja Sendiri (part-time);Ya;KIP-Kuliah;2;Menumpang;Ya
MHS03145;Tinggi;Rp3.000.000 - Rp5.000.000;6;Orang Tua;Tidak;Tidak Ada;5;Sewa;Tidak
MHS03146;Rendah;< Rp1.000.000;6;Orang Tua;Tidak;Tidak Ada;3;Menumpang;Ya
MHS03147;Rendah;Rp1.000.000 - Rp3.000.000;3;Orang Tua;Tidak;Tidak Ada;4;Menumpang;Tidak
MHS03148;Rendah;< Rp1.000.000;7;Beasiswa;Ya;KIP-Kuliah;3;Menumpang;Tidak
MHS03149;Rendah;Rp1.000.000 - Rp3.000.000;3;Beasiswa;Ya;KIP-Kuliah;3;Menumpang;Tidak
MHS03150;Menengah;Rp1.000.000 - Rp3.000.000;4;Beasiswa;Ya;KIP-Kuliah;4;Sewa;Tidak
MHS03151;Rendah;Rp1.000.000 - Rp3.000.000;8;Orang Tua;Tidak;Tidak Ada;1;Sewa;Tidak
MHS03152;Menengah;Rp1.000.000 - Rp3.000.000;4;Kerja Sendiri (part-time);Tidak;Tidak Ada;5;Milik Sendiri;Tidak
MHS03153;Menengah;Rp3.000.000 - Rp5.000.000;3;Orang Tua;Tidak;Tidak Ada;5;Menumpang;Tidak
MHS03154;Menengah;Rp1.000.000 - Rp3.000.000;3;Orang Tua;Tidak;Tidak Ada;3;Sewa;Tidak
MHS03155;Tinggi;Rp3.000.000 - Rp5.000.000;3;Orang Tua;Tidak;Tidak Ada;7;Menumpang;Tidak
MHS03156;Tinggi;> Rp5.000.000;3;Orang Tua;Tidak;Tidak Ada;6;Sewa;Tidak
MHS03157;Menengah;Rp1.000.000 - Rp3.000.000;1;Orang Tua;Tidak;Tidak Ada;4;Sewa;Ya
MHS03158;Tinggi;> Rp5.000.000;2;Orang Tua;Tidak;Tidak Ada;8;Milik Sendiri;Tidak
MHS03159;Rendah;< Rp1.000.000;8;Orang Tua;Ya;KIP-Kuliah;3;Sewa;Tidak
MHS03160;Menengah;Rp3.000.000 - Rp5.000.000;2;Orang Tua;Tidak;Tidak Ada;4;Milik Sendiri;Tidak
MHS03161;Rendah;Rp3.000.000 - Rp5.000.000;2;Orang Tua;Ya;Beasiswa Daerah;3;Menumpang;Tidak
MHS03162;Tinggi;> Rp5.000.000;4;Orang Tua;Tidak;Tidak Ada;4;Milik Sendiri;Tidak
MHS03163;Menengah;Rp3.000.000 - Rp5.000.000;3;Orang Tua;Tidak;Tidak Ada;2;Milik Sendiri;Tidak
MHS03164;Tinggi;> Rp5.000.000;2;Orang Tua;Ya;Beasiswa Prestasi Akademik (PPA);7;Milik Sendiri;Tidak
MHS03165;Menengah;< Rp1.000.000;6;Kerja Sendiri (part-time);Tidak;Tidak Ada;2;Sewa;Ya
MHS03166;Menengah;Rp1.000.000 - Rp3.000.000;8;Orang Tua;Tidak;Tidak Ada;5;Sewa;Ya
MHS03167;Menengah;Rp3.000.000 - Rp5.000.000;3;Beasiswa;Ya;Beasiswa Daerah;5;Milik Sendiri;Tidak
MHS03168;Tinggi;> Rp5.000.000;6;Orang Tua;Tidak;Tidak Ada;7;Sewa;Tidak
MHS03169;Menengah;Rp3.000.000 - Rp5.000.000;3;Orang Tua;Tidak;Tidak Ada;4;Milik Sendiri;Tidak
MHS03170;Menengah;Rp3.000.000 - Rp5.000.000;3;Orang Tua;Tidak;Tidak Ada;4;Sewa;Tidak
MHS03171;Tinggi;> Rp5.000.000;2;Orang Tua;Tidak;Tidak Ada;7;Milik Sendiri;Ya
MHS03172;Tinggi;> Rp5.000.000;4;Orang Tua;Tidak;Tidak Ada;6;Milik Sendiri;Tidak
MHS03173;Rendah;Rp1.000.000 - Rp3.000.000;3;Beasiswa;Ya;KIP-Kuliah;2;Menumpang;Tidak
MHS03174;Menengah;Rp3.000.000 - Rp5.000.000;6;Orang Tua;Tidak;Tidak Ada;5;Milik Sendiri;Tidak
MHS03175;Menengah;Rp1.000.000 - Rp3.000.000;4;Orang Tua;Tidak;Tidak Ada;6;Milik Sendiri;Tidak
MHS03176;Menengah;Rp1.000.000 - Rp3.000.000;4;Kerja Sendiri (part-time);Tidak;Tidak Ada;2;Menumpang;Ya
MHS03177;Menengah;Rp3.000.000 - Rp5.000.000;2;Orang Tua;Tidak;Tidak Ada;5;Sewa;Tidak
MHS03178;Menengah;Rp1.000.000 - Rp3.000.000;9;Orang Tua;Tidak;Tidak Ada;3;Sewa;Tidak
MHS03179;Rendah;Rp1.000.000 - Rp3.000.000;1;Beasiswa;Ya;KIP-Kuliah;4;Menumpang;Ya
MHS03180;Menengah;Rp1.000.000 - Rp3.000.000;4;Orang Tua;Tidak;Tidak Ada;4;Milik Sendiri;Tidak
MHS03181;Rendah;< Rp1.000.000;4;Kerja Sendiri (part-time);Tidak;Tidak Ada;3;Menumpang;Tidak
MHS03182;Rendah;Rp1.000.000 - Rp3.000.000;5;Pinjaman/Kredit Pendidikan;Tidak;Tidak Ada;4;Sewa;Tidak
MHS03183;Menengah;Rp1.000.000 - Rp3.000.000;3;Beasiswa;Ya;Beasiswa Daerah;3;Menumpang;Ya
MHS03184;Menengah;Rp1.000.000 - Rp3.000.000;4;Beasiswa;Ya;KIP-Kuliah;3;Milik Sendiri;Tidak
MHS03185;Tinggi;> Rp5.000.000;7;Orang Tua;Ya;Beasiswa Prestasi Akademik (PPA);5;Milik Sendiri;Tidak
MHS03186;Tinggi;> Rp5.000.000;4;Beasiswa;Ya;Beasiswa Swasta/CSR;7;Milik Sendiri;Tidak
MHS03187;Menengah;Rp3.000.000 - Rp5.000.000;4;Orang Tua;Ya;Beasiswa Prestasi Akademik (PPA);4;Milik Sendiri;Tidak
MHS03188;Menengah;Rp1.000.000 - Rp3.000.000;4;Orang Tua;Tidak;Tidak Ada;7;Sewa;Tidak
MHS03189;Menengah;Rp1.000.000 - Rp3.000.000;7;Beasiswa;Ya;KIP-Kuliah;4;Sewa;Tidak
MHS03190;Tinggi;> Rp5.000.000;3;Kerja Sendiri (part-time);Tidak;Tidak Ada;6;Milik Sendiri;Tidak
MHS03191;Menengah;Rp3.000.000 - Rp5.000.000;4;Beasiswa;Ya;KIP-Kuliah;3;Sewa;Ya
MHS03192;Tinggi;> Rp5.000.000;3;Beasiswa;Ya;Beasiswa Prestasi Akademik (PPA);5;Milik Sendiri;Tidak
MHS03193;Menengah;Rp3.000.000 - Rp5.000.000;3;Orang Tua;Tidak;Tidak Ada;5;Sewa;Ya
MHS03194;Tinggi;Rp3.000.000 - Rp5.000.000;4;Orang Tua;Tidak;Tidak Ada;6;Milik Sendiri;Ya
MHS03195;Menengah;< Rp1.000.000;6;Beasiswa;Ya;KIP-Kuliah;3;Milik Sendiri;Ya
MHS03196;Menengah;Rp3.000.000 - Rp5.000.000;4;Orang Tua;Ya;Beasiswa Swasta/CSR;5;Sewa;Tidak
MHS03197;Menengah;Rp3.000.000 - Rp5.000.000;2;Orang Tua;Tidak;Tidak Ada;5;Milik Sendiri;Tidak
MHS03198;Menengah;Rp3.000.000 - Rp5.000.000;4;Beasiswa;Ya;KIP-Kuliah;5;Sewa;Tidak
MHS03199;Menengah;Rp3.000.000 - Rp5.000.000;4;Orang Tua;Tidak;Tidak Ada;6;Milik Sendiri;Tidak
MHS03200;Menengah;Rp1.000.000 - Rp3.000.000;4;Orang Tua;Tidak;Tidak Ada;4;Sewa;Tidak
MHS03201;Rendah;Rp1.000.000 - Rp3.000.000;3;Orang Tua;Tidak;Tidak Ada;5;Menumpang;Tidak
MHS03202;Menengah;Rp1.000.000 - Rp3.000.000;4;Orang Tua;Tidak;Tidak Ada;4;Menumpang;Tidak
MHS03203;Rendah;Rp1.000.000 - Rp3.000.000;9;Orang Tua;Tidak;Tidak Ada;5;Sewa;Tidak
MHS03204;Menengah;Rp3.000.000 - Rp5.000.000;3;Orang Tua;Tidak;Tidak Ada;5;Sewa;Tidak
MHS03205;Rendah;< Rp1.000.000;3;Beasiswa;Ya;KIP-Kuliah;3;Menumpang;Tidak
MHS03206;Rendah;< Rp1.000.000;3;Beasiswa;Ya;KIP-Kuliah;3;Sewa;Tidak
MHS03207;Menengah;Rp3.000.000 - Rp5.000.000;4;Orang Tua;Tidak;Tidak Ada;7;Milik Sendiri;Tidak
MHS03208;Menengah;> Rp5.000.000;2;Orang Tua;Tidak;Tidak Ada;6;Sewa;Ya
MHS03209;Rendah;< Rp1.000.000;5;Kerja Sendiri (part-time);Tidak;Tidak Ada;2;Menumpang;Ya
MHS03210;Menengah;Rp1.000.000 - Rp3.000.000;4;Orang Tua;Tidak;Tidak Ada;2;Milik Sendiri;Tidak
MHS03211;Rendah;< Rp1.000.000;6;Kerja Sendiri (part-time);Tidak;Tidak Ada;3;Menumpang;Ya
MHS03212;Rendah;Rp3.000.000 - Rp5.000.000;3;Orang Tua;Tidak;Tidak Ada;4;Sewa;Tidak
MHS03213;Tinggi;Rp3.000.000 - Rp5.000.000;2;Orang Tua;Tidak;Tidak Ada;5;Milik Sendiri;Tidak
MHS03214;Menengah;Rp3.000.000 - Rp5.000.000;1;Orang Tua;Tidak;Tidak Ada;6;Milik Sendiri;Tidak
MHS03215;Menengah;> Rp5.000.000;1;Orang Tua;Tidak;Tidak Ada;8;Milik Sendiri;Tidak
MHS03216;Menengah;Rp1.000.000 - Rp3.000.000;7;Kerja Sendiri (part-time);Tidak;Tidak Ada;3;Menumpang;Ya
MHS03217;Tinggi;> Rp5.000.000;7;Orang Tua;Tidak;Tidak Ada;6;Milik Sendiri;Tidak
MHS03218;Menengah;Rp3.000.000 - Rp5.000.000;5;Orang Tua;Tidak;Tidak Ada;5;Menumpang;Tidak
MHS03219;Tinggi;> Rp5.000.000;2;Orang Tua;Tidak;Tidak Ada;6;Milik Sendiri;Tidak
MHS03220;Rendah;Rp1.000.000 - Rp3.000.000;7;Orang Tua;Ya;Beasiswa Prestasi Akademik (PPA);3;Sewa;Tidak
MHS03221;Menengah;Rp3.000.000 - Rp5.000.000;3;Pinjaman/Kredit Pendidikan;Ya;Beasiswa Prestasi Akademik (PPA);6;Menumpang;Tidak
MHS03222;Menengah;Rp1.000.000 - Rp3.000.000;4;Orang Tua;Tidak;Tidak Ada;5;Sewa;Ya
MHS03223;Menengah;Rp1.000.000 - Rp3.000.000;6;Orang Tua;Tidak;Tidak Ada;3;Sewa;Ya
MHS03224;Rendah;Rp1.000.000 - Rp3.000.000;6;Orang Tua;Tidak;Tidak Ada;2;Sewa;Ya
MHS03225;Rendah;< Rp1.000.000;7;Beasiswa;Ya;KIP-Kuliah;2;Milik Sendiri;Ya
MHS03226;Rendah;Rp1.000.000 - Rp3.000.000;3;Orang Tua;Tidak;Tidak Ada;3;Menumpang;Tidak
MHS03227;Rendah;< Rp1.000.000;6;Orang Tua;Tidak;Tidak Ada;2;Sewa;Ya
MHS03228;Tinggi;> Rp5.000.000;2;Orang Tua;Tidak;Tidak Ada;7;Milik Sendiri;Tidak
MHS03229;Menengah;Rp1.000.000 - Rp3.000.000;2;Orang Tua;Tidak;Tidak Ada;2;Sewa;Tidak
MHS03230;Menengah;Rp3.000.000 - Rp5.000.000;5;Orang Tua;Tidak;Tidak Ada;6;Sewa;Tidak
MHS03231;Tinggi;> Rp5.000.000;3;Orang Tua;Tidak;Tidak Ada;6;Sewa;Ya
MHS03232;Rendah;Rp1.000.000 - Rp3.000.000;6;Orang Tua;Ya;Beasiswa Prestasi Akademik (PPA);4;Sewa;Tidak
MHS03233;Menengah;Rp1.000.000 - Rp3.000.000;3;Orang Tua;Ya;Beasiswa Prestasi Akademik (PPA);5;Menumpang;Ya
MHS03234;Tinggi;> Rp5.000.000;6;Orang Tua;Tidak;Tidak Ada;5;Milik Sendiri;Tidak
MHS03235;Menengah;Rp3.000.000 - Rp5.000.000;4;Orang Tua;Tidak;Tidak Ada;6;Milik Sendiri;Tidak
MHS03236;Tinggi;Rp3.000.000 - Rp5.000.000;3;Orang Tua;Ya;Beasiswa Prestasi Akademik (PPA);6;Milik Sendiri;Tidak
MHS03237;Menengah;Rp1.000.000 - Rp3.000.000;5;Beasiswa;Ya;Beasiswa Prestasi Akademik (PPA);5;Sewa;Tidak
MHS03238;Menengah;Rp1.000.000 - Rp3.000.000;3;Orang Tua;Ya;Beasiswa Prestasi Akademik (PPA);6;Menumpang;Tidak
MHS03239;Menengah;Rp3.000.000 - Rp5.000.000;3;Orang Tua;Tidak;Tidak Ada;5;Milik Sendiri;Tidak
MHS03240;Tinggi;> Rp5.000.000;3;Orang Tua;Tidak;Tidak Ada;7;Milik Sendiri;Tidak
MHS03241;Tinggi;Rp3.000.000 - Rp5.000.000;3;Orang Tua;Ya;Beasiswa Prestasi Akademik (PPA);5;Milik Sendiri;Tidak
MHS03242;Menengah;Rp1.000.000 - Rp3.000.000;2;Kerja Sendiri (part-time);Tidak;Tidak Ada;4;Sewa;Ya
MHS03243;Menengah;Rp1.000.000 - Rp3.000.000;5;Orang Tua;Tidak;Tidak Ada;4;Sewa;Tidak
MHS03244;Menengah;Rp1.000.000 - Rp3.000.000;5;Orang Tua;Ya;Beasiswa Prestasi Akademik (PPA);6;Sewa;Tidak
MHS03245;Menengah;Rp1.000.000 - Rp3.000.000;6;Kerja Sendiri (part-time);Ya;Beasiswa Prestasi Akademik (PPA);3;Sewa;Tidak
MHS03246;Menengah;Rp1.000.000 - Rp3.000.000;5;Orang Tua;Tidak;Tidak Ada;5;Milik Sendiri;Tidak
MHS03247;Rendah;Rp1.000.000 - Rp3.000.000;2;Orang Tua;Tidak;Tidak Ada;4;Milik Sendiri;Tidak
MHS03248;Rendah;< Rp1.000.000;5;Beasiswa;Ya;Beasiswa Prestasi Akademik (PPA);4;Menumpang;Tidak
MHS03249;Menengah;Rp1.000.000 - Rp3.000.000;4;Orang Tua;Tidak;Tidak Ada;5;Milik Sendiri;Tidak
MHS03250;Menengah;Rp1.000.000 - Rp3.000.000;3;Orang Tua;Tidak;Tidak Ada;2;Milik Sendiri;Ya
MHS03251;Menengah;Rp1.000.000 - Rp3.000.000;5;Pinjaman/Kredit Pendidikan;Ya;Beasiswa Daerah;3;Sewa;Tidak
MHS03252;Tinggi;Rp3.000.000 - Rp5.000.000;3;Orang Tua;Tidak;Tidak Ada;6;Menumpang;Tidak
MHS03253;Rendah;< Rp1.000.000;3;Beasiswa;Ya;KIP-Kuliah;2;Menumpang;Tidak
MHS03254;Rendah;Rp3.000.000 - Rp5.000.000;5;Orang Tua;Tidak;Tidak Ada;5;Milik Sendiri;Tidak
MHS03255;Menengah;Rp1.000.000 - Rp3.000.000;6;Beasiswa;Ya;KIP-Kuliah;3;Menumpang;Tidak
MHS03256;Menengah;Rp3.000.000 - Rp5.000.000;4;Orang Tua;Tidak;Tidak Ada;4;Sewa;Tidak
MHS03257;Rendah;< Rp1.000.000;5;Beasiswa;Ya;KIP-Kuliah;3;Milik Sendiri;Tidak
MHS03258;Menengah;Rp1.000.000 - Rp3.000.000;4;Kerja Sendiri (part-time);Tidak;Tidak Ada;1;Sewa;Ya
MHS03259;Menengah;Rp3.000.000 - Rp5.000.000;3;Pinjaman/Kredit Pendidikan;Tidak;Tidak Ada;6;Milik Sendiri;Ya
MHS03260;Rendah;< Rp1.000.000;3;Beasiswa;Ya;KIP-Kuliah;1;Menumpang;Tidak
MHS03261;Tinggi;> Rp5.000.000;2;Orang Tua;Ya;Beasiswa Prestasi Akademik (PPA);7;Milik Sendiri;Tidak
MHS03262;Menengah;Rp3.000.000 - Rp5.000.000;6;Orang Tua;Tidak;Tidak Ada;4;Milik Sendiri;Tidak
MHS03263;Menengah;Rp1.000.000 - Rp3.000.000;8;Beasiswa;Ya;KIP-Kuliah;4;Menumpang;Tidak
MHS03264;Menengah;Rp3.000.000 - Rp5.000.000;6;Orang Tua;Tidak;Tidak Ada;3;Milik Sendiri;Tidak
MHS03265;Tinggi;> Rp5.000.000;2;Orang Tua;Tidak;Tidak Ada;8;Milik Sendiri;Tidak
MHS03266;Menengah;Rp1.000.000 - Rp3.000.000;4;Orang Tua;Tidak;Tidak Ada;3;Menumpang;Tidak
MHS03267;Menengah;Rp1.000.000 - Rp3.000.000;4;Orang Tua;Tidak;Tidak Ada;3;Milik Sendiri;Tidak
MHS03268;Menengah;Rp1.000.000 - Rp3.000.000;8;Orang Tua;Tidak;Tidak Ada;4;Milik Sendiri;Tidak
MHS03269;Menengah;Rp3.000.000 - Rp5.000.000;2;Orang Tua;Tidak;Tidak Ada;5;Menumpang;Ya
MHS03270;Menengah;> Rp5.000.000;2;Orang Tua;Tidak;Tidak Ada;5;Milik Sendiri;Tidak
MHS03271;Menengah;Rp1.000.000 - Rp3.000.000;3;Orang Tua;Tidak;Tidak Ada;4;Menumpang;Tidak
MHS03272;Menengah;> Rp5.000.000;5;Orang Tua;Tidak;Tidak Ada;6;Milik Sendiri;Tidak
MHS03273;Tinggi;> Rp5.000.000;4;Orang Tua;Tidak;Tidak Ada;7;Milik Sendiri;Tidak
MHS03274;Menengah;Rp3.000.000 - Rp5.000.000;3;Orang Tua;Ya;Beasiswa Prestasi Akademik (PPA);6;Sewa;Tidak
MHS03275;Menengah;Rp1.000.000 - Rp3.000.000;2;Beasiswa;Ya;Beasiswa Prestasi Akademik (PPA);4;Sewa;Tidak
MHS03276;Rendah;< Rp1.000.000;8;Kerja Sendiri (part-time);Tidak;Tidak Ada;2;Sewa;Ya
MHS03277;Tinggi;> Rp5.000.000;5;Orang Tua;Tidak;Tidak Ada;7;Milik Sendiri;Tidak
MHS03278;Tinggi;Rp3.000.000 - Rp5.000.000;7;Orang Tua;Tidak;Tidak Ada;6;Milik Sendiri;Tidak
MHS03279;Menengah;Rp1.000.000 - Rp3.000.000;3;Kerja Sendiri (part-time);Tidak;Tidak Ada;5;Menumpang;Ya
MHS03280;Menengah;> Rp5.000.000;3;Orang Tua;Tidak;Tidak Ada;5;Sewa;Tidak
MHS03281;Menengah;Rp3.000.000 - Rp5.000.000;4;Orang Tua;Tidak;Tidak Ada;6;Milik Sendiri;Tidak
MHS03282;Menengah;Rp1.000.000 - Rp3.000.000;4;Orang Tua;Tidak;Tidak Ada;6;Menumpang;Ya
MHS03283;Rendah;< Rp1.000.000;5;Orang Tua;Tidak;Tidak Ada;3;Menumpang;Tidak
MHS03284;Tinggi;> Rp5.000.000;5;Beasiswa;Ya;Beasiswa Prestasi Akademik (PPA);6;Milik Sendiri;Tidak
MHS03285;Menengah;Rp3.000.000 - Rp5.000.000;5;Kerja Sendiri (part-time);Tidak;Tidak Ada;5;Sewa;Ya
MHS03286;Menengah;Rp1.000.000 - Rp3.000.000;4;Beasiswa;Ya;KIP-Kuliah;6;Milik Sendiri;Tidak
MHS03287;Tinggi;> Rp5.000.000;3;Orang Tua;Tidak;Tidak Ada;8;Sewa;Tidak
MHS03288;Menengah;Rp1.000.000 - Rp3.000.000;4;Pinjaman/Kredit Pendidikan;Tidak;Tidak Ada;5;Milik Sendiri;Ya
MHS03289;Tinggi;Rp3.000.000 - Rp5.000.000;3;Orang Tua;Tidak;Tidak Ada;6;Milik Sendiri;Ya
MHS03290;Rendah;Rp1.000.000 - Rp3.000.000;6;Orang Tua;Tidak;Tidak Ada;1;Sewa;Tidak
MHS03291;Rendah;< Rp1.000.000;4;Orang Tua;Tidak;Tidak Ada;2;Sewa;Tidak
MHS03292;Menengah;Rp1.000.000 - Rp3.000.000;7;Beasiswa;Ya;Beasiswa Prestasi Akademik (PPA);3;Milik Sendiri;Tidak
MHS03293;Menengah;Rp1.000.000 - Rp3.000.000;3;Beasiswa;Ya;Beasiswa Prestasi Akademik (PPA);5;Menumpang;Tidak
MHS03294;Menengah;Rp3.000.000 - Rp5.000.000;3;Orang Tua;Tidak;Tidak Ada;6;Milik Sendiri;Tidak
MHS03295;Rendah;Rp1.000.000 - Rp3.000.000;2;Kerja Sendiri (part-time);Tidak;Tidak Ada;3;Sewa;Tidak
MHS03296;Menengah;Rp3.000.000 - Rp5.000.000;4;Pinjaman/Kredit Pendidikan;Tidak;Tidak Ada;5;Menumpang;Tidak
MHS03297;Tinggi;Rp3.000.000 - Rp5.000.000;4;Orang Tua;Tidak;Tidak Ada;6;Milik Sendiri;Tidak
MHS03298;Tinggi;Rp3.000.000 - Rp5.000.000;2;Orang Tua;Tidak;Tidak Ada;6;Milik Sendiri;Tidak
MHS03299;Rendah;< Rp1.000.000;4;Beasiswa;Ya;KIP-Kuliah;1;Menumpang;Tidak
MHS03300;Tinggi;Rp3.000.000 - Rp5.000.000;7;Orang Tua;Tidak;Tidak Ada;5;Milik Sendiri;Tidak
MHS03301;Menengah;Rp3.000.000 - Rp5.000.000;7;Orang Tua;Tidak;Tidak Ada;5;Milik Sendiri;Tidak
MHS03302;Tinggi;> Rp5.000.000;4;Orang Tua;Tidak;Tidak Ada;7;Milik Sendiri;Tidak
MHS03303;Menengah;Rp3.000.000 - Rp5.000.000;4;Orang Tua;Tidak;Tidak Ada;5;Milik Sendiri;Tidak
MHS03304;Rendah;< Rp1.000.000;5;Beasiswa;Ya;KIP-Kuliah;1;Sewa;Ya
MHS03305;Rendah;Rp3.000.000 - Rp5.000.000;6;Orang Tua;Tidak;Tidak Ada;5;Sewa;Tidak
MHS03306;Menengah;Rp3.000.000 - Rp5.000.000;2;Orang Tua;Tidak;Tidak Ada;5;Milik Sendiri;Ya
MHS03307;Menengah;Rp1.000.000 - Rp3.000.000;3;Orang Tua;Tidak;Tidak Ada;3;Menumpang;Tidak
MHS03308;Rendah;Rp1.000.000 - Rp3.000.000;3;Orang Tua;Tidak;Tidak Ada;3;Menumpang;Tidak
MHS03309;Menengah;Rp1.000.000 - Rp3.000.000;4;Orang Tua;Tidak;Tidak Ada;3;Sewa;Ya
MHS03310;Tinggi;Rp3.000.000 - Rp5.000.000;4;Orang Tua;Tidak;Tidak Ada;6;Milik Sendiri;Tidak
MHS03311;Menengah;Rp1.000.000 - Rp3.000.000;4;Beasiswa;Ya;KIP-Kuliah;4;Menumpang;Ya
MHS03312;Menengah;Rp1.000.000 - Rp3.000.000;5;Orang Tua;Tidak;Tidak Ada;4;Sewa;Ya
MHS03313;Tinggi;> Rp5.000.000;4;Orang Tua;Tidak;Tidak Ada;8;Milik Sendiri;Tidak
MHS03314;Menengah;Rp1.000.000 - Rp3.000.000;6;Beasiswa;Ya;KIP-Kuliah;2;Milik Sendiri;Tidak
MHS03315;Menengah;Rp3.000.000 - Rp5.000.000;3;Beasiswa;Ya;KIP-Kuliah;5;Milik Sendiri;Tidak
MHS03316;Menengah;Rp1.000.000 - Rp3.000.000;4;Orang Tua;Tidak;Tidak Ada;4;Sewa;Tidak
MHS03317;Rendah;Rp1.000.000 - Rp3.000.000;2;Beasiswa;Ya;KIP-Kuliah;5;Menumpang;Tidak
MHS03318;Menengah;Rp3.000.000 - Rp5.000.000;3;Orang Tua;Tidak;Tidak Ada;5;Menumpang;Tidak
MHS03319;Menengah;Rp3.000.000 - Rp5.000.000;4;Orang Tua;Tidak;Tidak Ada;5;Milik Sendiri;Tidak
MHS03320;Menengah;Rp3.000.000 - Rp5.000.000;2;Orang Tua;Tidak;Tidak Ada;4;Milik Sendiri;Tidak
MHS03321;Tinggi;> Rp5.000.000;5;Orang Tua;Tidak;Tidak Ada;6;Milik Sendiri;Tidak
MHS03322;Rendah;< Rp1.000.000;3;Kerja Sendiri (part-time);Tidak;Tidak Ada;4;Sewa;Tidak
MHS03323;Menengah;Rp1.000.000 - Rp3.000.000;1;Orang Tua;Tidak;Tidak Ada;3;Menumpang;Ya
MHS03324;Menengah;Rp1.000.000 - Rp3.000.000;4;Beasiswa;Ya;KIP-Kuliah;6;Milik Sendiri;Tidak
MHS03325;Menengah;Rp1.000.000 - Rp3.000.000;6;Orang Tua;Tidak;Tidak Ada;4;Sewa;Ya
MHS03326;Tinggi;> Rp5.000.000;2;Beasiswa;Ya;Beasiswa Prestasi Akademik (PPA);8;Milik Sendiri;Tidak
MHS03327;Rendah;< Rp1.000.000;5;Kerja Sendiri (part-time);Tidak;Tidak Ada;2;Menumpang;Ya
MHS03328;Menengah;Rp1.000.000 - Rp3.000.000;5;Kerja Sendiri (part-time);Tidak;Tidak Ada;4;Menumpang;Tidak
MHS03329;Tinggi;> Rp5.000.000;4;Orang Tua;Tidak;Tidak Ada;7;Milik Sendiri;Tidak
MHS03330;Menengah;Rp3.000.000 - Rp5.000.000;5;Kerja Sendiri (part-time);Tidak;Tidak Ada;4;Sewa;Ya
MHS03331;Menengah;Rp1.000.000 - Rp3.000.000;4;Beasiswa;Ya;Beasiswa Prestasi Akademik (PPA);4;Menumpang;Tidak
MHS03332;Rendah;Rp1.000.000 - Rp3.000.000;6;Orang Tua;Tidak;Tidak Ada;3;Sewa;Tidak
MHS03333;Menengah;Rp3.000.000 - Rp5.000.000;3;Orang Tua;Ya;Beasiswa Prestasi Akademik (PPA);6;Milik Sendiri;Ya
MHS03334;Rendah;< Rp1.000.000;5;Beasiswa;Ya;KIP-Kuliah;3;Menumpang;Tidak
MHS03335;Tinggi;Rp1.000.000 - Rp3.000.000;5;Orang Tua;Tidak;Tidak Ada;3;Milik Sendiri;Ya
MHS03336;Tinggi;Rp1.000.000 - Rp3.000.000;6;Orang Tua;Tidak;Tidak Ada;4;Milik Sendiri;Tidak
MHS03337;Menengah;Rp1.000.000 - Rp3.000.000;9;Beasiswa;Ya;Beasiswa Daerah;6;Milik Sendiri;Ya
MHS03338;Menengah;Rp1.000.000 - Rp3.000.000;2;Orang Tua;Tidak;Tidak Ada;4;Sewa;Tidak
MHS03339;Rendah;Rp3.000.000 - Rp5.000.000;6;Beasiswa;Ya;KIP-Kuliah;4;Sewa;Ya
MHS03340;Rendah;Rp1.000.000 - Rp3.000.000;3;Kerja Sendiri (part-time);Tidak;Tidak Ada;2;Milik Sendiri;Ya
MHS03341;Menengah;Rp1.000.000 - Rp3.000.000;2;Orang Tua;Tidak;Tidak Ada;5;Sewa;Tidak
MHS03342;Menengah;Rp3.000.000 - Rp5.000.000;5;Orang Tua;Tidak;Tidak Ada;4;Sewa;Tidak
MHS03343;Rendah;< Rp1.000.000;5;Beasiswa;Ya;KIP-Kuliah;2;Menumpang;Tidak
MHS03344;Rendah;< Rp1.000.000;8;Beasiswa;Ya;KIP-Kuliah;3;Menumpang;Ya
MHS03345;Menengah;Rp3.000.000 - Rp5.000.000;3;Pinjaman/Kredit Pendidikan;Tidak;Tidak Ada;6;Milik Sendiri;Ya
MHS03346;Menengah;Rp1.000.000 - Rp3.000.000;7;Kerja Sendiri (part-time);Tidak;Tidak Ada;3;Menumpang;Ya
MHS03347;Menengah;Rp3.000.000 - Rp5.000.000;8;Orang Tua;Tidak;Tidak Ada;5;Milik Sendiri;Tidak
MHS03348;Menengah;Rp1.000.000 - Rp3.000.000;1;Pinjaman/Kredit Pendidikan;Tidak;Tidak Ada;5;Sewa;Tidak
MHS03349;Menengah;Rp3.000.000 - Rp5.000.000;5;Orang Tua;Tidak;Tidak Ada;5;Milik Sendiri;Tidak
MHS03350;Menengah;Rp1.000.000 - Rp3.000.000;3;Orang Tua;Tidak;Tidak Ada;3;Sewa;Tidak
MHS03351;Menengah;Rp1.000.000 - Rp3.000.000;6;Beasiswa;Ya;Beasiswa Prestasi Akademik (PPA);2;Menumpang;Tidak
MHS03352;Menengah;Rp3.000.000 - Rp5.000.000;4;Orang Tua;Tidak;Tidak Ada;6;Milik Sendiri;Tidak
MHS03353;Rendah;Rp1.000.000 - Rp3.000.000;5;Beasiswa;Ya;KIP-Kuliah;3;Sewa;Tidak
MHS03354;Menengah;Rp3.000.000 - Rp5.000.000;3;Orang Tua;Tidak;Tidak Ada;5;Milik Sendiri;Tidak
MHS03355;Rendah;Rp1.000.000 - Rp3.000.000;4;Orang Tua;Tidak;Tidak Ada;3;Milik Sendiri;Tidak
MHS03356;Menengah;Rp1.000.000 - Rp3.000.000;5;Orang Tua;Tidak;Tidak Ada;5;Milik Sendiri;Tidak
MHS03357;Tinggi;> Rp5.000.000;2;Orang Tua;Tidak;Tidak Ada;6;Milik Sendiri;Tidak
MHS03358;Menengah;Rp3.000.000 - Rp5.000.000;3;Orang Tua;Tidak;Tidak Ada;4;Milik Sendiri;Tidak
MHS03359;Tinggi;> Rp5.000.000;5;Orang Tua;Tidak;Tidak Ada;7;Milik Sendiri;Tidak
MHS03360;Menengah;Rp3.000.000 - Rp5.000.000;4;Kerja Sendiri (part-time);Ya;Beasiswa Swasta/CSR;4;Milik Sendiri;Tidak
MHS03361;Rendah;< Rp1.000.000;7;Kerja Sendiri (part-time);Ya;KIP-Kuliah;3;Menumpang;Ya
MHS03362;Rendah;< Rp1.000.000;3;Orang Tua;Tidak;Tidak Ada;3;Menumpang;Tidak
MHS03363;Menengah;< Rp1.000.000;8;Orang Tua;Ya;KIP-Kuliah;2;Menumpang;Tidak
MHS03364;Tinggi;Rp3.000.000 - Rp5.000.000;2;Orang Tua;Tidak;Tidak Ada;5;Milik Sendiri;Tidak
MHS03365;Tinggi;Rp3.000.000 - Rp5.000.000;3;Orang Tua;Tidak;Tidak Ada;5;Milik Sendiri;Tidak
MHS03366;Menengah;Rp1.000.000 - Rp3.000.000;2;Orang Tua;Ya;KIP-Kuliah;3;Menumpang;Tidak
MHS03367;Tinggi;Rp3.000.000 - Rp5.000.000;3;Orang Tua;Tidak;Tidak Ada;7;Milik Sendiri;Ya
MHS03368;Rendah;< Rp1.000.000;4;Beasiswa;Ya;KIP-Kuliah;3;Milik Sendiri;Ya
MHS03369;Menengah;Rp1.000.000 - Rp3.000.000;4;Beasiswa;Ya;KIP-Kuliah;3;Sewa;Ya
MHS03370;Menengah;Rp3.000.000 - Rp5.000.000;2;Beasiswa;Ya;Beasiswa Prestasi Akademik (PPA);5;Sewa;Tidak
MHS03371;Menengah;Rp3.000.000 - Rp5.000.000;3;Orang Tua;Tidak;Tidak Ada;4;Milik Sendiri;Tidak
MHS03372;Menengah;Rp1.000.000 - Rp3.000.000;2;Orang Tua;Ya;Beasiswa Daerah;1;Menumpang;Tidak
MHS03373;Rendah;Rp3.000.000 - Rp5.000.000;5;Orang Tua;Ya;Beasiswa Prestasi Akademik (PPA);3;Sewa;Tidak
MHS03374;Rendah;< Rp1.000.000;5;Beasiswa;Ya;KIP-Kuliah;1;Sewa;Ya
MHS03375;Rendah;Rp1.000.000 - Rp3.000.000;7;Pinjaman/Kredit Pendidikan;Tidak;Tidak Ada;2;Sewa;Tidak
MHS03376;Rendah;Rp1.000.000 - Rp3.000.000;2;Orang Tua;Ya;Beasiswa Swasta/CSR;3;Sewa;Tidak
MHS03377;Rendah;Rp3.000.000 - Rp5.000.000;7;Orang Tua;Tidak;Tidak Ada;4;Sewa;Ya
MHS03378;Tinggi;> Rp5.000.000;7;Orang Tua;Tidak;Tidak Ada;5;Milik Sendiri;Tidak
MHS03379;Tinggi;Rp1.000.000 - Rp3.000.000;3;Kerja Sendiri (part-time);Tidak;Tidak Ada;5;Milik Sendiri;Tidak
MHS03380;Tinggi;Rp3.000.000 - Rp5.000.000;2;Orang Tua;Ya;Beasiswa Swasta/CSR;5;Sewa;Tidak
MHS03381;Menengah;Rp1.000.000 - Rp3.000.000;9;Kerja Sendiri (part-time);Tidak;Tidak Ada;4;Sewa;Ya
MHS03382;Menengah;Rp1.000.000 - Rp3.000.000;4;Beasiswa;Ya;KIP-Kuliah;4;Sewa;Tidak
MHS03383;Rendah;Rp1.000.000 - Rp3.000.000;2;Orang Tua;Tidak;Tidak Ada;4;Milik Sendiri;Tidak
MHS03384;Menengah;Rp3.000.000 - Rp5.000.000;4;Orang Tua;Tidak;Tidak Ada;7;Milik Sendiri;Tidak
MHS03385;Tinggi;> Rp5.000.000;4;Orang Tua;Tidak;Tidak Ada;6;Milik Sendiri;Tidak
MHS03386;Menengah;< Rp1.000.000;7;Orang Tua;Tidak;Tidak Ada;3;Sewa;Ya
MHS03387;Menengah;Rp3.000.000 - Rp5.000.000;3;Orang Tua;Tidak;Tidak Ada;6;Milik Sendiri;Tidak
MHS03388;Menengah;Rp1.000.000 - Rp3.000.000;2;Beasiswa;Ya;KIP-Kuliah;3;Milik Sendiri;Tidak
MHS03389;Menengah;Rp3.000.000 - Rp5.000.000;4;Kerja Sendiri (part-time);Ya;Beasiswa Daerah;3;Milik Sendiri;Tidak
MHS03390;Menengah;Rp1.000.000 - Rp3.000.000;6;Orang Tua;Ya;Beasiswa Daerah;2;Milik Sendiri;Ya
MHS03391;Tinggi;> Rp5.000.000;1;Orang Tua;Tidak;Tidak Ada;7;Milik Sendiri;Tidak
MHS03392;Rendah;< Rp1.000.000;4;Beasiswa;Ya;Beasiswa Prestasi Akademik (PPA);4;Menumpang;Ya
MHS03393;Tinggi;Rp3.000.000 - Rp5.000.000;5;Beasiswa;Ya;Beasiswa Prestasi Akademik (PPA);6;Milik Sendiri;Tidak
MHS03394;Menengah;Rp3.000.000 - Rp5.000.000;4;Orang Tua;Tidak;Tidak Ada;6;Sewa;Tidak
MHS03395;Menengah;Rp1.000.000 - Rp3.000.000;5;Orang Tua;Tidak;Tidak Ada;3;Milik Sendiri;Tidak
MHS03396;Menengah;Rp1.000.000 - Rp3.000.000;1;Orang Tua;Tidak;Tidak Ada;3;Milik Sendiri;Tidak
MHS03397;Rendah;< Rp1.000.000;7;Orang Tua;Tidak;Tidak Ada;3;Sewa;Tidak
MHS03398;Tinggi;> Rp5.000.000;6;Orang Tua;Tidak;Tidak Ada;7;Milik Sendiri;Tidak
MHS03399;Tinggi;Rp3.000.000 - Rp5.000.000;3;Orang Tua;Tidak;Tidak Ada;6;Milik Sendiri;Tidak
MHS03400;Menengah;Rp3.000.000 - Rp5.000.000;1;Kerja Sendiri (part-time);Tidak;Tidak Ada;4;Sewa;Tidak
MHS03401;Menengah;Rp3.000.000 - Rp5.000.000;5;Orang Tua;Tidak;Tidak Ada;5;Sewa;Tidak
MHS03402;Rendah;< Rp1.000.000;8;Beasiswa;Ya;KIP-Kuliah;1;Menumpang;Tidak
MHS03403;Menengah;Rp3.000.000 - Rp5.000.000;4;Orang Tua;Tidak;Tidak Ada;4;Milik Sendiri;Tidak
MHS03404;Rendah;< Rp1.000.000;3;Kerja Sendiri (part-time);Tidak;Tidak Ada;2;Sewa;Ya
MHS03405;Rendah;< Rp1.000.000;4;Beasiswa;Ya;KIP-Kuliah;1;Menumpang;Tidak
MHS03406;Menengah;Rp1.000.000 - Rp3.000.000;6;Orang Tua;Tidak;Tidak Ada;4;Milik Sendiri;Ya
MHS03407;Menengah;Rp3.000.000 - Rp5.000.000;7;Orang Tua;Tidak;Tidak Ada;5;Milik Sendiri;Tidak
MHS03408;Rendah;< Rp1.000.000;5;Kerja Sendiri (part-time);Ya;Beasiswa Swasta/CSR;2;Menumpang;Ya
MHS03409;Rendah;< Rp1.000.000;3;Beasiswa;Ya;Beasiswa Swasta/CSR;2;Sewa;Ya
MHS03410;Menengah;Rp1.000.000 - Rp3.000.000;3;Orang Tua;Tidak;Tidak Ada;4;Sewa;Tidak
MHS03411;Menengah;Rp1.000.000 - Rp3.000.000;8;Beasiswa;Ya;KIP-Kuliah;3;Menumpang;Ya
MHS03412;Menengah;Rp3.000.000 - Rp5.000.000;1;Orang Tua;Tidak;Tidak Ada;6;Milik Sendiri;Tidak
MHS03413;Menengah;Rp1.000.000 - Rp3.000.000;4;Orang Tua;Tidak;Tidak Ada;3;Menumpang;Tidak
MHS03414;Menengah;Rp3.000.000 - Rp5.000.000;5;Orang Tua;Tidak;Tidak Ada;6;Milik Sendiri;Tidak
MHS03415;Menengah;Rp3.000.000 - Rp5.000.000;3;Kerja Sendiri (part-time);Tidak;Tidak Ada;5;Milik Sendiri;Ya
MHS03416;Menengah;Rp1.000.000 - Rp3.000.000;6;Orang Tua;Tidak;Tidak Ada;5;Sewa;Tidak
MHS03417;Menengah;Rp3.000.000 - Rp5.000.000;3;Kerja Sendiri (part-time);Tidak;Tidak Ada;4;Sewa;Ya
MHS03418;Menengah;Rp1.000.000 - Rp3.000.000;2;Beasiswa;Ya;KIP-Kuliah;3;Sewa;Ya
MHS03419;Tinggi;Rp3.000.000 - Rp5.000.000;2;Orang Tua;Tidak;Tidak Ada;5;Milik Sendiri;Tidak
MHS03420;Menengah;Rp3.000.000 - Rp5.000.000;5;Orang Tua;Tidak;Tidak Ada;5;Milik Sendiri;Tidak
MHS03421;Menengah;Rp1.000.000 - Rp3.000.000;4;Orang Tua;Tidak;Tidak Ada;1;Menumpang;Tidak
MHS03422;Menengah;Rp1.000.000 - Rp3.000.000;6;Orang Tua;Tidak;Tidak Ada;4;Menumpang;Tidak
MHS03423;Menengah;Rp3.000.000 - Rp5.000.000;2;Orang Tua;Tidak;Tidak Ada;4;Milik Sendiri;Tidak
MHS03424;Menengah;< Rp1.000.000;4;Orang Tua;Tidak;Tidak Ada;6;Menumpang;Tidak
MHS03425;Tinggi;Rp3.000.000 - Rp5.000.000;2;Orang Tua;Tidak;Tidak Ada;6;Milik Sendiri;Tidak
MHS03426;Rendah;< Rp1.000.000;6;Orang Tua;Ya;Beasiswa Daerah;2;Sewa;Tidak
MHS03427;Rendah;< Rp1.000.000;4;Orang Tua;Tidak;Tidak Ada;1;Sewa;Tidak
MHS03428;Menengah;Rp3.000.000 - Rp5.000.000;3;Beasiswa;Ya;Beasiswa Prestasi Akademik (PPA);5;Milik Sendiri;Tidak
MHS03429;Rendah;< Rp1.000.000;5;Kerja Sendiri (part-time);Tidak;Tidak Ada;4;Sewa;Ya
MHS03430;Menengah;< Rp1.000.000;4;Orang Tua;Tidak;Tidak Ada;4;Sewa;Tidak
MHS03431;Menengah;Rp1.000.000 - Rp3.000.000;6;Kerja Sendiri (part-time);Tidak;Tidak Ada;3;Sewa;Ya
MHS03432;Menengah;Rp3.000.000 - Rp5.000.000;3;Orang Tua;Tidak;Tidak Ada;7;Milik Sendiri;Ya
MHS03433;Menengah;< Rp1.000.000;6;Beasiswa;Ya;KIP-Kuliah;3;Milik Sendiri;Tidak
MHS03434;Rendah;< Rp1.000.000;4;Beasiswa;Ya;KIP-Kuliah;3;Menumpang;Ya
MHS03435;Tinggi;> Rp5.000.000;2;Orang Tua;Tidak;Tidak Ada;6;Milik Sendiri;Tidak
MHS03436;Rendah;< Rp1.000.000;3;Kerja Sendiri (part-time);Tidak;Tidak Ada;1;Menumpang;Ya
MHS03437;Rendah;< Rp1.000.000;5;Beasiswa;Ya;KIP-Kuliah;1;Menumpang;Ya
MHS03438;Rendah;Rp3.000.000 - Rp5.000.000;2;Orang Tua;Tidak;Tidak Ada;4;Menumpang;Tidak
MHS03439;Rendah;Rp1.000.000 - Rp3.000.000;2;Beasiswa;Ya;KIP-Kuliah;4;Sewa;Tidak
MHS03440;Menengah;Rp3.000.000 - Rp5.000.000;3;Orang Tua;Tidak;Tidak Ada;4;Menumpang;Ya
MHS03441;Rendah;< Rp1.000.000;4;Orang Tua;Tidak;Tidak Ada;2;Menumpang;Tidak
MHS03442;Rendah;Rp1.000.000 - Rp3.000.000;2;Orang Tua;Tidak;Tidak Ada;4;Milik Sendiri;Tidak
MHS03443;Tinggi;> Rp5.000.000;2;Orang Tua;Tidak;Tidak Ada;6;Milik Sendiri;Tidak
MHS03444;Tinggi;> Rp5.000.000;2;Orang Tua;Tidak;Tidak Ada;6;Milik Sendiri;Tidak
MHS03445;Rendah;Rp1.000.000 - Rp3.000.000;3;Orang Tua;Tidak;Tidak Ada;3;Menumpang;Tidak
MHS03446;Menengah;Rp1.000.000 - Rp3.000.000;2;Beasiswa;Ya;KIP-Kuliah;2;Milik Sendiri;Tidak
MHS03447;Tinggi;> Rp5.000.000;2;Orang Tua;Tidak;Tidak Ada;7;Milik Sendiri;Tidak
MHS03448;Menengah;> Rp5.000.000;1;Orang Tua;Tidak;Tidak Ada;5;Milik Sendiri;Tidak
MHS03449;Rendah;< Rp1.000.000;6;Beasiswa;Ya;KIP-Kuliah;4;Sewa;Ya
MHS03450;Rendah;< Rp1.000.000;5;Beasiswa;Ya;KIP-Kuliah;2;Menumpang;Ya
MHS03451;Menengah;Rp1.000.000 - Rp3.000.000;8;Kerja Sendiri (part-time);Ya;Beasiswa Daerah;5;Milik Sendiri;Tidak
MHS03452;Tinggi;> Rp5.000.000;5;Orang Tua;Tidak;Tidak Ada;7;Milik Sendiri;Tidak
MHS03453;Rendah;Rp1.000.000 - Rp3.000.000;3;Orang Tua;Tidak;Tidak Ada;4;Sewa;Tidak
MHS03454;Menengah;> Rp5.000.000;7;Kerja Sendiri (part-time);Tidak;Tidak Ada;5;Milik Sendiri;Tidak
MHS03455;Rendah;Rp1.000.000 - Rp3.000.000;8;Beasiswa;Ya;KIP-Kuliah;3;Menumpang;Ya
MHS03456;Rendah;< Rp1.000.000;8;Beasiswa;Ya;KIP-Kuliah;2;Sewa;Ya
MHS03457;Menengah;Rp1.000.000 - Rp3.000.000;3;Kerja Sendiri (part-time);Ya;Beasiswa Prestasi Akademik (PPA);4;Menumpang;Ya
MHS03458;Tinggi;Rp3.000.000 - Rp5.000.000;3;Beasiswa;Ya;Beasiswa Daerah;5;Milik Sendiri;Tidak
MHS03459;Rendah;< Rp1.000.000;6;Orang Tua;Tidak;Tidak Ada;4;Sewa;Tidak
MHS03460;Menengah;Rp1.000.000 - Rp3.000.000;2;Orang Tua;Tidak;Tidak Ada;3;Sewa;Tidak
MHS03461;Menengah;Rp3.000.000 - Rp5.000.000;3;Orang Tua;Ya;Beasiswa Swasta/CSR;5;Sewa;Tidak
MHS03462;Tinggi;> Rp5.000.000;1;Orang Tua;Tidak;Tidak Ada;6;Milik Sendiri;Tidak
MHS03463;Menengah;< Rp1.000.000;3;Orang Tua;Tidak;Tidak Ada;3;Milik Sendiri;Tidak
MHS03464;Tinggi;> Rp5.000.000;3;Orang Tua;Tidak;Tidak Ada;5;Sewa;Tidak
MHS03465;Rendah;< Rp1.000.000;5;Orang Tua;Ya;Beasiswa Daerah;2;Milik Sendiri;Tidak
MHS03466;Tinggi;Rp3.000.000 - Rp5.000.000;7;Orang Tua;Tidak;Tidak Ada;5;Sewa;Tidak
MHS03467;Rendah;< Rp1.000.000;8;Beasiswa;Ya;KIP-Kuliah;2;Sewa;Ya
MHS03468;Tinggi;> Rp5.000.000;1;Orang Tua;Tidak;Tidak Ada;8;Milik Sendiri;Tidak
MHS03469;Menengah;Rp1.000.000 - Rp3.000.000;3;Beasiswa;Ya;Beasiswa Daerah;4;Menumpang;Ya
MHS03470;Menengah;Rp3.000.000 - Rp5.000.000;2;Orang Tua;Ya;Beasiswa Prestasi Akademik (PPA);5;Milik Sendiri;Tidak
MHS03471;Tinggi;> Rp5.000.000;4;Orang Tua;Tidak;Tidak Ada;8;Milik Sendiri;Tidak
MHS03472;Menengah;< Rp1.000.000;9;Orang Tua;Tidak;Tidak Ada;3;Sewa;Tidak
MHS03473;Menengah;Rp1.000.000 - Rp3.000.000;6;Orang Tua;Tidak;Tidak Ada;4;Sewa;Tidak
MHS03474;Menengah;Rp1.000.000 - Rp3.000.000;6;Kerja Sendiri (part-time);Tidak;Tidak Ada;4;Sewa;Tidak
MHS03475;Tinggi;> Rp5.000.000;3;Orang Tua;Tidak;Tidak Ada;5;Milik Sendiri;Tidak
MHS03476;Menengah;> Rp5.000.000;4;Beasiswa;Ya;Beasiswa Prestasi Akademik (PPA);6;Milik Sendiri;Tidak
MHS03477;Tinggi;> Rp5.000.000;3;Orang Tua;Tidak;Tidak Ada;8;Milik Sendiri;Tidak
MHS03478;Tinggi;Rp3.000.000 - Rp5.000.000;4;Orang Tua;Tidak;Tidak Ada;8;Milik Sendiri;Tidak
MHS03479;Rendah;Rp1.000.000 - Rp3.000.000;3;Orang Tua;Ya;KIP-Kuliah;2;Sewa;Ya
MHS03480;Rendah;< Rp1.000.000;5;Beasiswa;Ya;KIP-Kuliah;1;Sewa;Tidak
MHS03481;Menengah;Rp1.000.000 - Rp3.000.000;2;Orang Tua;Ya;KIP-Kuliah;4;Sewa;Tidak
MHS03482;Menengah;Rp1.000.000 - Rp3.000.000;3;Kerja Sendiri (part-time);Tidak;Tidak Ada;5;Milik Sendiri;Tidak
MHS03483;Menengah;Rp3.000.000 - Rp5.000.000;5;Pinjaman/Kredit Pendidikan;Tidak;Tidak Ada;2;Milik Sendiri;Tidak
MHS03484;Menengah;Rp3.000.000 - Rp5.000.000;4;Orang Tua;Tidak;Tidak Ada;6;Milik Sendiri;Tidak
MHS03485;Menengah;Rp1.000.000 - Rp3.000.000;2;Orang Tua;Ya;Beasiswa Swasta/CSR;5;Sewa;Tidak
MHS03486;Menengah;Rp3.000.000 - Rp5.000.000;3;Orang Tua;Tidak;Tidak Ada;4;Milik Sendiri;Tidak
MHS03487;Menengah;Rp1.000.000 - Rp3.000.000;8;Beasiswa;Ya;Beasiswa Prestasi Akademik (PPA);3;Sewa;Tidak
MHS03488;Menengah;< Rp1.000.000;6;Beasiswa;Ya;KIP-Kuliah;4;Sewa;Ya
MHS03489;Menengah;Rp1.000.000 - Rp3.000.000;2;Orang Tua;Tidak;Tidak Ada;5;Sewa;Tidak
MHS03490;Menengah;Rp3.000.000 - Rp5.000.000;6;Orang Tua;Tidak;Tidak Ada;4;Sewa;Tidak
MHS03491;Menengah;Rp1.000.000 - Rp3.000.000;8;Kerja Sendiri (part-time);Ya;Beasiswa Prestasi Akademik (PPA);4;Menumpang;Ya
MHS03492;Menengah;Rp3.000.000 - Rp5.000.000;4;Orang Tua;Tidak;Tidak Ada;5;Sewa;Tidak
MHS03493;Tinggi;> Rp5.000.000;4;Orang Tua;Tidak;Tidak Ada;5;Sewa;Tidak
MHS03494;Menengah;> Rp5.000.000;5;Orang Tua;Tidak;Tidak Ada;6;Sewa;Ya
MHS03495;Tinggi;> Rp5.000.000;4;Pinjaman/Kredit Pendidikan;Tidak;Tidak Ada;4;Milik Sendiri;Tidak
MHS03496;Rendah;< Rp1.000.000;6;Beasiswa;Ya;KIP-Kuliah;2;Menumpang;Ya
MHS03497;Menengah;> Rp5.000.000;6;Orang Tua;Tidak;Tidak Ada;6;Sewa;Tidak
MHS03498;Rendah;Rp1.000.000 - Rp3.000.000;5;Orang Tua;Tidak;Tidak Ada;4;Sewa;Ya
MHS03499;Rendah;< Rp1.000.000;4;Beasiswa;Ya;KIP-Kuliah;3;Sewa;Tidak
MHS03500;Rendah;< Rp1.000.000;7;Kerja Sendiri (part-time);Tidak;Tidak Ada;1;Menumpang;Tidak
MHS03501;Rendah;< Rp1.000.000;7;Beasiswa;Ya;KIP-Kuliah;2;Menumpang;Tidak
MHS03502;Rendah;< Rp1.000.000;8;Beasiswa;Ya;KIP-Kuliah;3;Sewa;Tidak
MHS03503;Tinggi;> Rp5.000.000;5;Beasiswa;Ya;Beasiswa Prestasi Akademik (PPA);5;Milik Sendiri;Tidak
MHS03504;Menengah;> Rp5.000.000;7;Orang Tua;Tidak;Tidak Ada;6;Menumpang;Ya
MHS03505;Menengah;Rp1.000.000 - Rp3.000.000;6;Orang Tua;Ya;Beasiswa Prestasi Akademik (PPA);2;Milik Sendiri;Tidak
MHS03506;Menengah;Rp1.000.000 - Rp3.000.000;7;Orang Tua;Tidak;Tidak Ada;3;Milik Sendiri;Tidak
MHS03507;Menengah;Rp1.000.000 - Rp3.000.000;6;Beasiswa;Ya;KIP-Kuliah;5;Sewa;Ya
MHS03508;Menengah;Rp3.000.000 - Rp5.000.000;5;Orang Tua;Tidak;Tidak Ada;4;Sewa;Tidak
MHS03509;Menengah;Rp1.000.000 - Rp3.000.000;4;Orang Tua;Tidak;Tidak Ada;4;Sewa;Tidak
MHS03510;Menengah;Rp1.000.000 - Rp3.000.000;5;Orang Tua;Tidak;Tidak Ada;3;Sewa;Tidak
MHS03511;Rendah;< Rp1.000.000;5;Kerja Sendiri (part-time);Ya;KIP-Kuliah;1;Milik Sendiri;Ya
MHS03512;Menengah;> Rp5.000.000;4;Orang Tua;Tidak;Tidak Ada;5;Sewa;Ya
MHS03513;Menengah;Rp1.000.000 - Rp3.000.000;5;Beasiswa;Ya;Beasiswa Daerah;3;Milik Sendiri;Tidak
MHS03514;Menengah;< Rp1.000.000;7;Kerja Sendiri (part-time);Tidak;Tidak Ada;3;Menumpang;Ya
MHS03515;Rendah;< Rp1.000.000;4;Orang Tua;Tidak;Tidak Ada;4;Sewa;Tidak
MHS03516;Rendah;< Rp1.000.000;6;Beasiswa;Ya;KIP-Kuliah;1;Menumpang;Tidak
MHS03517;Menengah;Rp1.000.000 - Rp3.000.000;3;Orang Tua;Ya;Beasiswa Swasta/CSR;4;Sewa;Tidak
MHS03518;Tinggi;> Rp5.000.000;8;Orang Tua;Tidak;Tidak Ada;6;Milik Sendiri;Tidak
MHS03519;Menengah;Rp1.000.000 - Rp3.000.000;5;Beasiswa;Ya;Beasiswa Prestasi Akademik (PPA);5;Sewa;Tidak
MHS03520;Menengah;Rp3.000.000 - Rp5.000.000;1;Orang Tua;Ya;Beasiswa Prestasi Akademik (PPA);6;Menumpang;Tidak
MHS03521;Menengah;Rp1.000.000 - Rp3.000.000;5;Pinjaman/Kredit Pendidikan;Tidak;Tidak Ada;2;Sewa;Ya
MHS03522;Menengah;Rp3.000.000 - Rp5.000.000;4;Orang Tua;Tidak;Tidak Ada;3;Milik Sendiri;Tidak
MHS03523;Menengah;Rp1.000.000 - Rp3.000.000;4;Orang Tua;Tidak;Tidak Ada;5;Milik Sendiri;Tidak
MHS03524;Menengah;Rp1.000.000 - Rp3.000.000;5;Orang Tua;Tidak;Tidak Ada;5;Sewa;Tidak
MHS03525;Menengah;Rp3.000.000 - Rp5.000.000;4;Orang Tua;Ya;Beasiswa Prestasi Akademik (PPA);4;Milik Sendiri;Tidak
MHS03526;Tinggi;> Rp5.000.000;1;Orang Tua;Tidak;Tidak Ada;8;Milik Sendiri;Tidak
MHS03527;Menengah;Rp1.000.000 - Rp3.000.000;6;Orang Tua;Ya;Beasiswa Prestasi Akademik (PPA);3;Sewa;Tidak
MHS03528;Tinggi;> Rp5.000.000;3;Orang Tua;Tidak;Tidak Ada;5;Milik Sendiri;Tidak
MHS03529;Menengah;Rp3.000.000 - Rp5.000.000;3;Orang Tua;Tidak;Tidak Ada;4;Sewa;Tidak
MHS03530;Tinggi;Rp3.000.000 - Rp5.000.000;4;Beasiswa;Ya;Beasiswa Prestasi Akademik (PPA);4;Menumpang;Ya
MHS03531;Menengah;Rp3.000.000 - Rp5.000.000;3;Orang Tua;Ya;Beasiswa Prestasi Akademik (PPA);5;Milik Sendiri;Tidak
MHS03532;Menengah;> Rp5.000.000;2;Orang Tua;Ya;Beasiswa Swasta/CSR;5;Milik Sendiri;Tidak
MHS03533;Rendah;Rp3.000.000 - Rp5.000.000;4;Orang Tua;Tidak;Tidak Ada;5;Milik Sendiri;Tidak
MHS03534;Rendah;< Rp1.000.000;4;Beasiswa;Ya;KIP-Kuliah;4;Sewa;Tidak
MHS03535;Menengah;Rp3.000.000 - Rp5.000.000;2;Orang Tua;Tidak;Tidak Ada;4;Sewa;Ya
MHS03536;Rendah;< Rp1.000.000;4;Kerja Sendiri (part-time);Tidak;Tidak Ada;3;Menumpang;Ya
MHS03537;Menengah;Rp3.000.000 - Rp5.000.000;5;Orang Tua;Ya;Beasiswa Prestasi Akademik (PPA);5;Sewa;Tidak
MHS03538;Tinggi;Rp3.000.000 - Rp5.000.000;4;Orang Tua;Tidak;Tidak Ada;6;Milik Sendiri;Ya
MHS03539;Menengah;Rp3.000.000 - Rp5.000.000;3;Orang Tua;Tidak;Tidak Ada;4;Milik Sendiri;Tidak
MHS03540;Menengah;Rp1.000.000 - Rp3.000.000;3;Orang Tua;Tidak;Tidak Ada;2;Menumpang;Ya
MHS03541;Menengah;Rp1.000.000 - Rp3.000.000;7;Orang Tua;Tidak;Tidak Ada;4;Sewa;Tidak
MHS03542;Menengah;Rp1.000.000 - Rp3.000.000;4;Orang Tua;Tidak;Tidak Ada;5;Sewa;Tidak
MHS03543;Tinggi;> Rp5.000.000;3;Beasiswa;Ya;Beasiswa Swasta/CSR;7;Milik Sendiri;Tidak
MHS03544;Rendah;Rp1.000.000 - Rp3.000.000;2;Orang Tua;Tidak;Tidak Ada;5;Milik Sendiri;Ya
MHS03545;Menengah;Rp1.000.000 - Rp3.000.000;5;Beasiswa;Ya;KIP-Kuliah;3;Menumpang;Ya
MHS03546;Rendah;Rp1.000.000 - Rp3.000.000;5;Beasiswa;Ya;Beasiswa Prestasi Akademik (PPA);3;Menumpang;Tidak
MHS03547;Menengah;Rp3.000.000 - Rp5.000.000;4;Kerja Sendiri (part-time);Tidak;Tidak Ada;6;Milik Sendiri;Tidak
MHS03548;Menengah;Rp1.000.000 - Rp3.000.000;4;Beasiswa;Ya;KIP-Kuliah;6;Sewa;Tidak
MHS03549;Rendah;Rp1.000.000 - Rp3.000.000;6;Orang Tua;Ya;KIP-Kuliah;3;Milik Sendiri;Tidak
MHS03550;Tinggi;> Rp5.000.000;5;Orang Tua;Tidak;Tidak Ada;8;Milik Sendiri;Tidak
MHS03551;Menengah;Rp1.000.000 - Rp3.000.000;4;Orang Tua;Tidak;Tidak Ada;5;Milik Sendiri;Tidak
MHS03552;Tinggi;Rp3.000.000 - Rp5.000.000;2;Orang Tua;Tidak;Tidak Ada;7;Milik Sendiri;Tidak
MHS03553;Menengah;Rp1.000.000 - Rp3.000.000;7;Orang Tua;Tidak;Tidak Ada;4;Milik Sendiri;Ya
MHS03554;Tinggi;> Rp5.000.000;4;Orang Tua;Tidak;Tidak Ada;8;Milik Sendiri;Tidak
MHS03555;Menengah;Rp3.000.000 - Rp5.000.000;4;Orang Tua;Tidak;Tidak Ada;5;Milik Sendiri;Tidak
MHS03556;Rendah;Rp1.000.000 - Rp3.000.000;3;Beasiswa;Ya;KIP-Kuliah;1;Sewa;Ya
MHS03557;Menengah;Rp1.000.000 - Rp3.000.000;7;Pinjaman/Kredit Pendidikan;Tidak;Tidak Ada;5;Menumpang;Tidak
MHS03558;Tinggi;> Rp5.000.000;3;Orang Tua;Tidak;Tidak Ada;6;Milik Sendiri;Tidak
MHS03559;Menengah;Rp3.000.000 - Rp5.000.000;6;Orang Tua;Tidak;Tidak Ada;6;Milik Sendiri;Tidak
MHS03560;Rendah;< Rp1.000.000;6;Pinjaman/Kredit Pendidikan;Tidak;Tidak Ada;3;Sewa;Tidak
MHS03561;Menengah;< Rp1.000.000;5;Orang Tua;Tidak;Tidak Ada;1;Sewa;Ya
MHS03562;Menengah;< Rp1.000.000;6;Beasiswa;Ya;KIP-Kuliah;5;Sewa;Ya
MHS03563;Rendah;Rp1.000.000 - Rp3.000.000;3;Beasiswa;Ya;KIP-Kuliah;4;Sewa;Tidak
MHS03564;Menengah;Rp3.000.000 - Rp5.000.000;4;Orang Tua;Tidak;Tidak Ada;5;Milik Sendiri;Tidak
MHS03565;Tinggi;> Rp5.000.000;3;Orang Tua;Tidak;Tidak Ada;6;Milik Sendiri;Tidak
MHS03566;Tinggi;> Rp5.000.000;2;Orang Tua;Tidak;Tidak Ada;8;Milik Sendiri;Tidak
MHS03567;Menengah;Rp1.000.000 - Rp3.000.000;3;Orang Tua;Tidak;Tidak Ada;5;Menumpang;Ya
MHS03568;Menengah;Rp3.000.000 - Rp5.000.000;4;Orang Tua;Tidak;Tidak Ada;6;Milik Sendiri;Tidak
MHS03569;Tinggi;> Rp5.000.000;5;Orang Tua;Tidak;Tidak Ada;8;Milik Sendiri;Tidak
MHS03570;Rendah;Rp1.000.000 - Rp3.000.000;1;Orang Tua;Tidak;Tidak Ada;4;Menumpang;Ya
MHS03571;Tinggi;> Rp5.000.000;5;Orang Tua;Tidak;Tidak Ada;8;Milik Sendiri;Tidak
MHS03572;Menengah;Rp3.000.000 - Rp5.000.000;3;Beasiswa;Ya;KIP-Kuliah;3;Menumpang;Tidak
MHS03573;Rendah;Rp1.000.000 - Rp3.000.000;4;Pinjaman/Kredit Pendidikan;Ya;Beasiswa Prestasi Akademik (PPA);3;Menumpang;Tidak
MHS03574;Tinggi;Rp3.000.000 - Rp5.000.000;2;Beasiswa;Ya;Beasiswa Prestasi Akademik (PPA);6;Sewa;Tidak
MHS03575;Tinggi;Rp3.000.000 - Rp5.000.000;2;Orang Tua;Tidak;Tidak Ada;3;Sewa;Tidak
MHS03576;Menengah;Rp3.000.000 - Rp5.000.000;4;Orang Tua;Tidak;Tidak Ada;7;Milik Sendiri;Tidak
MHS03577;Tinggi;> Rp5.000.000;3;Kerja Sendiri (part-time);Tidak;Tidak Ada;4;Menumpang;Tidak
MHS03578;Rendah;Rp1.000.000 - Rp3.000.000;5;Orang Tua;Ya;KIP-Kuliah;2;Sewa;Tidak
MHS03579;Tinggi;Rp3.000.000 - Rp5.000.000;6;Orang Tua;Tidak;Tidak Ada;6;Milik Sendiri;Tidak
MHS03580;Menengah;Rp3.000.000 - Rp5.000.000;3;Orang Tua;Tidak;Tidak Ada;2;Milik Sendiri;Tidak
MHS03581;Menengah;Rp1.000.000 - Rp3.000.000;3;Beasiswa;Ya;KIP-Kuliah;4;Menumpang;Tidak
MHS03582;Menengah;Rp1.000.000 - Rp3.000.000;5;Beasiswa;Ya;Beasiswa Swasta/CSR;5;Sewa;Ya
MHS03583;Tinggi;> Rp5.000.000;2;Orang Tua;Tidak;Tidak Ada;8;Milik Sendiri;Tidak
MHS03584;Menengah;Rp3.000.000 - Rp5.000.000;3;Beasiswa;Ya;KIP-Kuliah;4;Milik Sendiri;Ya
MHS03585;Menengah;Rp3.000.000 - Rp5.000.000;5;Orang Tua;Tidak;Tidak Ada;5;Milik Sendiri;Tidak
MHS03586;Tinggi;> Rp5.000.000;3;Orang Tua;Tidak;Tidak Ada;6;Milik Sendiri;Tidak
MHS03587;Tinggi;Rp3.000.000 - Rp5.000.000;2;Orang Tua;Tidak;Tidak Ada;6;Sewa;Tidak
MHS03588;Menengah;Rp1.000.000 - Rp3.000.000;6;Orang Tua;Tidak;Tidak Ada;4;Menumpang;Tidak
MHS03589;Menengah;Rp1.000.000 - Rp3.000.000;4;Kerja Sendiri (part-time);Ya;Beasiswa Prestasi Akademik (PPA);3;Menumpang;Ya
MHS03590;Rendah;< Rp1.000.000;5;Beasiswa;Ya;KIP-Kuliah;1;Menumpang;Ya
MHS03591;Menengah;Rp3.000.000 - Rp5.000.000;8;Orang Tua;Tidak;Tidak Ada;5;Sewa;Tidak
MHS03592;Rendah;< Rp1.000.000;3;Orang Tua;Tidak;Tidak Ada;2;Menumpang;Tidak
MHS03593;Tinggi;> Rp5.000.000;4;Orang Tua;Tidak;Tidak Ada;5;Milik Sendiri;Tidak
MHS03594;Menengah;Rp3.000.000 - Rp5.000.000;3;Orang Tua;Tidak;Tidak Ada;6;Sewa;Tidak
MHS03595;Tinggi;> Rp5.000.000;4;Orang Tua;Tidak;Tidak Ada;5;Milik Sendiri;Tidak
MHS03596;Menengah;Rp3.000.000 - Rp5.000.000;5;Beasiswa;Ya;Beasiswa Prestasi Akademik (PPA);3;Milik Sendiri;Ya
MHS03597;Tinggi;> Rp5.000.000;3;Orang Tua;Tidak;Tidak Ada;8;Milik Sendiri;Tidak
MHS03598;Menengah;Rp1.000.000 - Rp3.000.000;5;Orang Tua;Ya;Beasiswa Swasta/CSR;7;Milik Sendiri;Tidak
MHS03599;Rendah;< Rp1.000.000;1;Kerja Sendiri (part-time);Ya;KIP-Kuliah;1;Sewa;Ya
MHS03600;Rendah;Rp1.000.000 - Rp3.000.000;3;Pinjaman/Kredit Pendidikan;Tidak;Tidak Ada;3;Milik Sendiri;Tidak
MHS03601;Tinggi;Rp3.000.000 - Rp5.000.000;4;Orang Tua;Tidak;Tidak Ada;5;Sewa;Tidak
MHS03602;Menengah;Rp1.000.000 - Rp3.000.000;6;Orang Tua;Tidak;Tidak Ada;5;Milik Sendiri;Ya
MHS03603;Menengah;< Rp1.000.000;3;Beasiswa;Ya;Beasiswa Swasta/CSR;4;Sewa;Ya
MHS03604;Rendah;< Rp1.000.000;8;Beasiswa;Ya;KIP-Kuliah;1;Menumpang;Ya
MHS03605;Menengah;Rp3.000.000 - Rp5.000.000;4;Orang Tua;Ya;Beasiswa Prestasi Akademik (PPA);5;Menumpang;Tidak
MHS03606;Tinggi;> Rp5.000.000;5;Orang Tua;Tidak;Tidak Ada;6;Milik Sendiri;Tidak
MHS03607;Tinggi;Rp3.000.000 - Rp5.000.000;3;Orang Tua;Tidak;Tidak Ada;5;Milik Sendiri;Tidak
MHS03608;Menengah;Rp1.000.000 - Rp3.000.000;5;Pinjaman/Kredit Pendidikan;Ya;Beasiswa Prestasi Akademik (PPA);2;Menumpang;Tidak
MHS03609;Tinggi;> Rp5.000.000;3;Orang Tua;Tidak;Tidak Ada;7;Milik Sendiri;Tidak
MHS03610;Rendah;Rp1.000.000 - Rp3.000.000;4;Beasiswa;Ya;KIP-Kuliah;2;Milik Sendiri;Ya
MHS03611;Menengah;Rp1.000.000 - Rp3.000.000;4;Orang Tua;Tidak;Tidak Ada;4;Milik Sendiri;Ya
MHS03612;Menengah;Rp1.000.000 - Rp3.000.000;4;Beasiswa;Ya;Beasiswa Daerah;5;Menumpang;Tidak
MHS03613;Tinggi;Rp3.000.000 - Rp5.000.000;3;Orang Tua;Tidak;Tidak Ada;6;Milik Sendiri;Tidak
MHS03614;Tinggi;Rp3.000.000 - Rp5.000.000;4;Beasiswa;Ya;Beasiswa Prestasi Akademik (PPA);6;Milik Sendiri;Tidak
MHS03615;Menengah;Rp3.000.000 - Rp5.000.000;3;Orang Tua;Tidak;Tidak Ada;4;Milik Sendiri;Ya
MHS03616;Rendah;< Rp1.000.000;5;Beasiswa;Ya;KIP-Kuliah;4;Sewa;Tidak
MHS03617;Rendah;< Rp1.000.000;7;Beasiswa;Ya;KIP-Kuliah;3;Menumpang;Tidak
MHS03618;Menengah;> Rp5.000.000;8;Pinjaman/Kredit Pendidikan;Tidak;Tidak Ada;6;Milik Sendiri;Tidak
MHS03619;Tinggi;> Rp5.000.000;2;Orang Tua;Tidak;Tidak Ada;8;Milik Sendiri;Tidak
MHS03620;Menengah;Rp1.000.000 - Rp3.000.000;6;Beasiswa;Ya;KIP-Kuliah;5;Menumpang;Tidak
MHS03621;Tinggi;Rp3.000.000 - Rp5.000.000;3;Orang Tua;Tidak;Tidak Ada;6;Milik Sendiri;Tidak
MHS03622;Rendah;< Rp1.000.000;4;Beasiswa;Ya;KIP-Kuliah;5;Menumpang;Tidak
MHS03623;Menengah;> Rp5.000.000;4;Orang Tua;Tidak;Tidak Ada;5;Sewa;Tidak
MHS03624;Menengah;Rp1.000.000 - Rp3.000.000;4;Beasiswa;Ya;KIP-Kuliah;3;Menumpang;Tidak
MHS03625;Rendah;< Rp1.000.000;6;Beasiswa;Ya;KIP-Kuliah;3;Menumpang;Ya
MHS03626;Tinggi;Rp3.000.000 - Rp5.000.000;5;Kerja Sendiri (part-time);Ya;Beasiswa Prestasi Akademik (PPA);5;Milik Sendiri;Tidak
MHS03627;Rendah;< Rp1.000.000;4;Kerja Sendiri (part-time);Tidak;Tidak Ada;3;Sewa;Ya
MHS03628;Menengah;Rp1.000.000 - Rp3.000.000;7;Beasiswa;Ya;KIP-Kuliah;4;Sewa;Tidak
MHS03629;Tinggi;> Rp5.000.000;5;Orang Tua;Tidak;Tidak Ada;7;Milik Sendiri;Tidak
MHS03630;Menengah;Rp1.000.000 - Rp3.000.000;5;Orang Tua;Ya;Beasiswa Prestasi Akademik (PPA);6;Milik Sendiri;Tidak
MHS03631;Menengah;Rp1.000.000 - Rp3.000.000;2;Orang Tua;Tidak;Tidak Ada;5;Menumpang;Ya
MHS03632;Tinggi;Rp3.000.000 - Rp5.000.000;4;Orang Tua;Tidak;Tidak Ada;6;Milik Sendiri;Tidak
MHS03633;Tinggi;> Rp5.000.000;3;Orang Tua;Tidak;Tidak Ada;7;Milik Sendiri;Tidak
MHS03634;Menengah;Rp1.000.000 - Rp3.000.000;3;Orang Tua;Tidak;Tidak Ada;4;Milik Sendiri;Ya
MHS03635;Menengah;< Rp1.000.000;3;Orang Tua;Tidak;Tidak Ada;3;Milik Sendiri;Tidak
MHS03636;Menengah;Rp3.000.000 - Rp5.000.000;6;Orang Tua;Tidak;Tidak Ada;4;Milik Sendiri;Tidak
MHS03637;Tinggi;Rp3.000.000 - Rp5.000.000;2;Orang Tua;Tidak;Tidak Ada;6;Milik Sendiri;Ya
MHS03638;Menengah;Rp3.000.000 - Rp5.000.000;7;Orang Tua;Ya;Beasiswa Daerah;6;Sewa;Tidak
MHS03639;Rendah;Rp1.000.000 - Rp3.000.000;7;Orang Tua;Tidak;Tidak Ada;4;Menumpang;Tidak
MHS03640;Menengah;> Rp5.000.000;3;Orang Tua;Tidak;Tidak Ada;6;Milik Sendiri;Tidak
MHS03641;Menengah;Rp1.000.000 - Rp3.000.000;2;Kerja Sendiri (part-time);Tidak;Tidak Ada;3;Sewa;Ya
MHS03642;Tinggi;> Rp5.000.000;3;Orang Tua;Tidak;Tidak Ada;7;Milik Sendiri;Tidak
MHS03643;Menengah;Rp1.000.000 - Rp3.000.000;2;Orang Tua;Tidak;Tidak Ada;4;Milik Sendiri;Tidak
MHS03644;Tinggi;> Rp5.000.000;1;Orang Tua;Tidak;Tidak Ada;8;Milik Sendiri;Tidak
MHS03645;Rendah;Rp1.000.000 - Rp3.000.000;4;Orang Tua;Tidak;Tidak Ada;5;Milik Sendiri;Tidak
MHS03646;Menengah;Rp3.000.000 - Rp5.000.000;4;Orang Tua;Tidak;Tidak Ada;7;Menumpang;Tidak
MHS03647;Tinggi;> Rp5.000.000;4;Beasiswa;Ya;Beasiswa Prestasi Akademik (PPA);7;Milik Sendiri;Tidak
MHS03648;Menengah;Rp1.000.000 - Rp3.000.000;8;Orang Tua;Tidak;Tidak Ada;5;Sewa;Tidak
MHS03649;Menengah;Rp3.000.000 - Rp5.000.000;7;Orang Tua;Ya;Beasiswa Prestasi Akademik (PPA);6;Milik Sendiri;Tidak
MHS03650;Menengah;< Rp1.000.000;4;Kerja Sendiri (part-time);Tidak;Tidak Ada;5;Menumpang;Ya
MHS03651;Tinggi;> Rp5.000.000;2;Orang Tua;Tidak;Tidak Ada;6;Milik Sendiri;Tidak
MHS03652;Menengah;Rp1.000.000 - Rp3.000.000;4;Orang Tua;Tidak;Tidak Ada;4;Sewa;Ya
MHS03653;Rendah;Rp1.000.000 - Rp3.000.000;7;Orang Tua;Tidak;Tidak Ada;3;Sewa;Ya
MHS03654;Tinggi;Rp3.000.000 - Rp5.000.000;4;Orang Tua;Tidak;Tidak Ada;4;Milik Sendiri;Tidak
MHS03655;Menengah;Rp1.000.000 - Rp3.000.000;3;Orang Tua;Tidak;Tidak Ada;5;Sewa;Tidak
MHS03656;Menengah;> Rp5.000.000;3;Orang Tua;Ya;Beasiswa Daerah;6;Milik Sendiri;Tidak
MHS03657;Menengah;Rp1.000.000 - Rp3.000.000;4;Orang Tua;Tidak;Tidak Ada;5;Milik Sendiri;Ya
MHS03658;Menengah;> Rp5.000.000;8;Orang Tua;Tidak;Tidak Ada;6;Sewa;Tidak
MHS03659;Menengah;Rp3.000.000 - Rp5.000.000;5;Orang Tua;Tidak;Tidak Ada;5;Sewa;Tidak
MHS03660;Menengah;> Rp5.000.000;1;Orang Tua;Tidak;Tidak Ada;7;Menumpang;Tidak
MHS03661;Menengah;Rp3.000.000 - Rp5.000.000;6;Kerja Sendiri (part-time);Tidak;Tidak Ada;5;Milik Sendiri;Tidak
MHS03662;Tinggi;> Rp5.000.000;6;Orang Tua;Ya;Beasiswa Daerah;5;Milik Sendiri;Tidak
MHS03663;Menengah;Rp3.000.000 - Rp5.000.000;5;Orang Tua;Tidak;Tidak Ada;4;Milik Sendiri;Tidak
MHS03664;Tinggi;Rp3.000.000 - Rp5.000.000;3;Orang Tua;Tidak;Tidak Ada;6;Milik Sendiri;Tidak
MHS03665;Rendah;< Rp1.000.000;3;Kerja Sendiri (part-time);Tidak;Tidak Ada;1;Sewa;Ya
MHS03666;Menengah;Rp1.000.000 - Rp3.000.000;2;Beasiswa;Ya;KIP-Kuliah;3;Milik Sendiri;Ya
MHS03667;Rendah;Rp1.000.000 - Rp3.000.000;4;Orang Tua;Tidak;Tidak Ada;4;Milik Sendiri;Ya
MHS03668;Tinggi;> Rp5.000.000;4;Orang Tua;Tidak;Tidak Ada;8;Milik Sendiri;Tidak
MHS03669;Rendah;< Rp1.000.000;5;Beasiswa;Ya;KIP-Kuliah;2;Sewa;Ya
MHS03670;Menengah;Rp1.000.000 - Rp3.000.000;3;Orang Tua;Tidak;Tidak Ada;2;Sewa;Ya
MHS03671;Menengah;Rp3.000.000 - Rp5.000.000;3;Orang Tua;Tidak;Tidak Ada;4;Milik Sendiri;Tidak
MHS03672;Rendah;< Rp1.000.000;4;Orang Tua;Tidak;Tidak Ada;4;Menumpang;Tidak
MHS03673;Menengah;Rp3.000.000 - Rp5.000.000;2;Orang Tua;Tidak;Tidak Ada;5;Milik Sendiri;Tidak
MHS03674;Menengah;> Rp5.000.000;2;Orang Tua;Tidak;Tidak Ada;6;Milik Sendiri;Tidak
MHS03675;Tinggi;> Rp5.000.000;2;Orang Tua;Tidak;Tidak Ada;7;Milik Sendiri;Ya
MHS03676;Rendah;Rp1.000.000 - Rp3.000.000;4;Kerja Sendiri (part-time);Tidak;Tidak Ada;2;Menumpang;Ya
MHS03677;Tinggi;Rp3.000.000 - Rp5.000.000;3;Beasiswa;Ya;KIP-Kuliah;5;Milik Sendiri;Tidak
MHS03678;Menengah;Rp1.000.000 - Rp3.000.000;5;Orang Tua;Tidak;Tidak Ada;3;Sewa;Ya
MHS03679;Tinggi;> Rp5.000.000;2;Orang Tua;Tidak;Tidak Ada;6;Milik Sendiri;Tidak
MHS03680;Rendah;< Rp1.000.000;1;Orang Tua;Tidak;Tidak Ada;2;Sewa;Tidak
MHS03681;Tinggi;Rp1.000.000 - Rp3.000.000;3;Orang Tua;Tidak;Tidak Ada;4;Sewa;Tidak
MHS03682;Tinggi;> Rp5.000.000;6;Orang Tua;Tidak;Tidak Ada;5;Sewa;Tidak
MHS03683;Tinggi;> Rp5.000.000;2;Orang Tua;Tidak;Tidak Ada;8;Milik Sendiri;Tidak
MHS03684;Rendah;Rp3.000.000 - Rp5.000.000;4;Orang Tua;Ya;Beasiswa Swasta/CSR;3;Sewa;Tidak
MHS03685;Menengah;Rp3.000.000 - Rp5.000.000;2;Orang Tua;Tidak;Tidak Ada;5;Sewa;Ya
MHS03686;Menengah;Rp1.000.000 - Rp3.000.000;7;Beasiswa;Ya;KIP-Kuliah;5;Menumpang;Ya
MHS03687;Tinggi;Rp3.000.000 - Rp5.000.000;2;Orang Tua;Tidak;Tidak Ada;6;Menumpang;Tidak
MHS03688;Tinggi;Rp3.000.000 - Rp5.000.000;2;Orang Tua;Ya;Beasiswa Prestasi Akademik (PPA);6;Sewa;Tidak
MHS03689;Menengah;Rp1.000.000 - Rp3.000.000;3;Orang Tua;Tidak;Tidak Ada;5;Sewa;Ya
MHS03690;Menengah;Rp1.000.000 - Rp3.000.000;5;Orang Tua;Ya;Beasiswa Swasta/CSR;6;Milik Sendiri;Ya
MHS03691;Rendah;< Rp1.000.000;3;Beasiswa;Ya;KIP-Kuliah;4;Menumpang;Tidak
MHS03692;Rendah;< Rp1.000.000;3;Beasiswa;Ya;KIP-Kuliah;2;Menumpang;Tidak
MHS03693;Rendah;< Rp1.000.000;5;Orang Tua;Tidak;Tidak Ada;3;Menumpang;Ya
MHS03694;Tinggi;> Rp5.000.000;3;Beasiswa;Ya;Beasiswa Prestasi Akademik (PPA);5;Milik Sendiri;Ya
MHS03695;Menengah;Rp3.000.000 - Rp5.000.000;3;Orang Tua;Tidak;Tidak Ada;4;Milik Sendiri;Tidak
MHS03696;Tinggi;Rp3.000.000 - Rp5.000.000;3;Orang Tua;Tidak;Tidak Ada;4;Milik Sendiri;Tidak
MHS03697;Rendah;< Rp1.000.000;3;Beasiswa;Ya;KIP-Kuliah;1;Menumpang;Tidak
MHS03698;Rendah;< Rp1.000.000;7;Beasiswa;Ya;KIP-Kuliah;1;Menumpang;Ya
MHS03699;Menengah;Rp3.000.000 - Rp5.000.000;6;Orang Tua;Tidak;Tidak Ada;5;Milik Sendiri;Tidak
MHS03700;Menengah;Rp3.000.000 - Rp5.000.000;4;Orang Tua;Tidak;Tidak Ada;6;Milik Sendiri;Tidak
MHS03701;Menengah;Rp3.000.000 - Rp5.000.000;3;Orang Tua;Tidak;Tidak Ada;5;Sewa;Tidak
MHS03702;Tinggi;> Rp5.000.000;3;Beasiswa;Ya;KIP-Kuliah;6;Menumpang;Tidak
MHS03703;Menengah;Rp3.000.000 - Rp5.000.000;4;Pinjaman/Kredit Pendidikan;Tidak;Tidak Ada;5;Menumpang;Tidak
MHS03704;Menengah;Rp1.000.000 - Rp3.000.000;5;Beasiswa;Ya;Beasiswa Prestasi Akademik (PPA);4;Menumpang;Tidak
MHS03705;Menengah;Rp3.000.000 - Rp5.000.000;3;Orang Tua;Tidak;Tidak Ada;7;Milik Sendiri;Ya
MHS03706;Rendah;Rp1.000.000 - Rp3.000.000;8;Orang Tua;Tidak;Tidak Ada;4;Sewa;Tidak
MHS03707;Menengah;Rp3.000.000 - Rp5.000.000;4;Orang Tua;Tidak;Tidak Ada;5;Milik Sendiri;Tidak
MHS03708;Tinggi;> Rp5.000.000;4;Kerja Sendiri (part-time);Tidak;Tidak Ada;6;Milik Sendiri;Tidak
MHS03709;Rendah;Rp1.000.000 - Rp3.000.000;3;Orang Tua;Tidak;Tidak Ada;4;Milik Sendiri;Tidak
MHS03710;Tinggi;Rp3.000.000 - Rp5.000.000;5;Orang Tua;Tidak;Tidak Ada;6;Milik Sendiri;Ya
MHS03711;Menengah;Rp3.000.000 - Rp5.000.000;5;Kerja Sendiri (part-time);Tidak;Tidak Ada;4;Milik Sendiri;Ya
MHS03712;Menengah;Rp3.000.000 - Rp5.000.000;5;Orang Tua;Tidak;Tidak Ada;4;Milik Sendiri;Tidak
MHS03713;Menengah;> Rp5.000.000;4;Orang Tua;Tidak;Tidak Ada;6;Milik Sendiri;Tidak
MHS03714;Rendah;Rp1.000.000 - Rp3.000.000;4;Beasiswa;Ya;KIP-Kuliah;3;Sewa;Ya
MHS03715;Tinggi;> Rp5.000.000;3;Orang Tua;Tidak;Tidak Ada;6;Milik Sendiri;Tidak
MHS03716;Tinggi;Rp3.000.000 - Rp5.000.000;6;Orang Tua;Tidak;Tidak Ada;6;Milik Sendiri;Tidak
MHS03717;Menengah;Rp3.000.000 - Rp5.000.000;6;Orang Tua;Tidak;Tidak Ada;6;Milik Sendiri;Tidak
MHS03718;Rendah;< Rp1.000.000;5;Beasiswa;Ya;KIP-Kuliah;2;Sewa;Ya
MHS03719;Rendah;< Rp1.000.000;8;Beasiswa;Ya;KIP-Kuliah;1;Sewa;Ya
MHS03720;Tinggi;Rp3.000.000 - Rp5.000.000;3;Orang Tua;Tidak;Tidak Ada;4;Menumpang;Tidak
MHS03721;Menengah;Rp1.000.000 - Rp3.000.000;6;Orang Tua;Tidak;Tidak Ada;3;Sewa;Tidak
MHS03722;Tinggi;> Rp5.000.000;1;Orang Tua;Tidak;Tidak Ada;6;Milik Sendiri;Tidak
MHS03723;Tinggi;> Rp5.000.000;1;Orang Tua;Tidak;Tidak Ada;7;Milik Sendiri;Tidak
MHS03724;Rendah;< Rp1.000.000;5;Beasiswa;Ya;Beasiswa Daerah;2;Milik Sendiri;Ya
MHS03725;Menengah;Rp3.000.000 - Rp5.000.000;3;Orang Tua;Tidak;Tidak Ada;5;Milik Sendiri;Tidak
MHS03726;Rendah;Rp1.000.000 - Rp3.000.000;6;Beasiswa;Ya;KIP-Kuliah;4;Sewa;Tidak
MHS03727;Tinggi;Rp3.000.000 - Rp5.000.000;5;Orang Tua;Tidak;Tidak Ada;3;Milik Sendiri;Tidak
MHS03728;Tinggi;> Rp5.000.000;2;Orang Tua;Ya;Beasiswa Prestasi Akademik (PPA);5;Milik Sendiri;Tidak
MHS03729;Tinggi;Rp3.000.000 - Rp5.000.000;3;Orang Tua;Ya;Beasiswa Daerah;6;Sewa;Tidak
MHS03730;Rendah;< Rp1.000.000;5;Beasiswa;Ya;KIP-Kuliah;4;Sewa;Tidak
MHS03731;Menengah;Rp1.000.000 - Rp3.000.000;2;Orang Tua;Tidak;Tidak Ada;5;Sewa;Tidak
MHS03732;Tinggi;> Rp5.000.000;4;Beasiswa;Ya;Beasiswa Prestasi Akademik (PPA);7;Menumpang;Tidak
MHS03733;Menengah;Rp3.000.000 - Rp5.000.000;3;Orang Tua;Tidak;Tidak Ada;5;Milik Sendiri;Tidak
MHS03734;Menengah;Rp3.000.000 - Rp5.000.000;3;Orang Tua;Tidak;Tidak Ada;7;Milik Sendiri;Tidak
MHS03735;Menengah;Rp1.000.000 - Rp3.000.000;2;Orang Tua;Tidak;Tidak Ada;4;Menumpang;Ya
MHS03736;Tinggi;Rp3.000.000 - Rp5.000.000;4;Orang Tua;Tidak;Tidak Ada;5;Milik Sendiri;Tidak
MHS03737;Menengah;Rp3.000.000 - Rp5.000.000;4;Orang Tua;Tidak;Tidak Ada;4;Milik Sendiri;Tidak
MHS03738;Menengah;Rp3.000.000 - Rp5.000.000;6;Orang Tua;Tidak;Tidak Ada;4;Sewa;Tidak
MHS03739;Rendah;< Rp1.000.000;2;Orang Tua;Tidak;Tidak Ada;2;Sewa;Tidak
MHS03740;Tinggi;> Rp5.000.000;3;Orang Tua;Tidak;Tidak Ada;8;Milik Sendiri;Tidak
MHS03741;Menengah;Rp1.000.000 - Rp3.000.000;6;Orang Tua;Tidak;Tidak Ada;3;Menumpang;Tidak
MHS03742;Tinggi;> Rp5.000.000;1;Orang Tua;Tidak;Tidak Ada;7;Milik Sendiri;Tidak
MHS03743;Rendah;< Rp1.000.000;3;Beasiswa;Ya;Beasiswa Daerah;3;Sewa;Ya
MHS03744;Rendah;< Rp1.000.000;1;Beasiswa;Ya;KIP-Kuliah;2;Menumpang;Tidak
MHS03745;Rendah;Rp1.000.000 - Rp3.000.000;7;Beasiswa;Ya;KIP-Kuliah;4;Milik Sendiri;Tidak
MHS03746;Menengah;Rp1.000.000 - Rp3.000.000;5;Orang Tua;Tidak;Tidak Ada;3;Sewa;Tidak
MHS03747;Rendah;< Rp1.000.000;7;Orang Tua;Tidak;Tidak Ada;4;Menumpang;Tidak
MHS03748;Rendah;< Rp1.000.000;4;Beasiswa;Ya;Beasiswa Prestasi Akademik (PPA);6;Sewa;Tidak
MHS03749;Rendah;< Rp1.000.000;6;Kerja Sendiri (part-time);Tidak;Tidak Ada;3;Sewa;Ya
MHS03750;Tinggi;> Rp5.000.000;4;Orang Tua;Ya;Beasiswa Prestasi Akademik (PPA);6;Milik Sendiri;Tidak
MHS03751;Tinggi;Rp3.000.000 - Rp5.000.000;4;Orang Tua;Tidak;Tidak Ada;6;Milik Sendiri;Tidak
MHS03752;Menengah;> Rp5.000.000;3;Orang Tua;Tidak;Tidak Ada;6;Milik Sendiri;Tidak
MHS03753;Menengah;Rp3.000.000 - Rp5.000.000;5;Orang Tua;Ya;Beasiswa Swasta/CSR;5;Sewa;Tidak
MHS03754;Rendah;< Rp1.000.000;2;Orang Tua;Ya;KIP-Kuliah;3;Menumpang;Tidak
MHS03755;Menengah;Rp1.000.000 - Rp3.000.000;5;Orang Tua;Tidak;Tidak Ada;4;Milik Sendiri;Tidak
MHS03756;Tinggi;Rp3.000.000 - Rp5.000.000;3;Orang Tua;Tidak;Tidak Ada;6;Milik Sendiri;Tidak
MHS03757;Rendah;Rp1.000.000 - Rp3.000.000;4;Kerja Sendiri (part-time);Tidak;Tidak Ada;2;Menumpang;Ya
MHS03758;Menengah;Rp1.000.000 - Rp3.000.000;8;Beasiswa;Ya;KIP-Kuliah;5;Menumpang;Tidak
MHS03759;Menengah;Rp1.000.000 - Rp3.000.000;4;Orang Tua;Tidak;Tidak Ada;4;Milik Sendiri;Tidak
MHS03760;Menengah;Rp3.000.000 - Rp5.000.000;2;Orang Tua;Tidak;Tidak Ada;6;Sewa;Tidak
MHS03761;Menengah;Rp1.000.000 - Rp3.000.000;5;Kerja Sendiri (part-time);Ya;Beasiswa Swasta/CSR;2;Menumpang;Ya
MHS03762;Menengah;Rp1.000.000 - Rp3.000.000;3;Kerja Sendiri (part-time);Tidak;Tidak Ada;5;Sewa;Ya
MHS03763;Menengah;Rp3.000.000 - Rp5.000.000;3;Orang Tua;Tidak;Tidak Ada;5;Milik Sendiri;Tidak
MHS03764;Menengah;Rp3.000.000 - Rp5.000.000;4;Pinjaman/Kredit Pendidikan;Ya;Beasiswa Prestasi Akademik (PPA);5;Milik Sendiri;Tidak
MHS03765;Menengah;Rp1.000.000 - Rp3.000.000;8;Beasiswa;Ya;KIP-Kuliah;3;Menumpang;Tidak
MHS03766;Menengah;Rp3.000.000 - Rp5.000.000;3;Orang Tua;Ya;Beasiswa Prestasi Akademik (PPA);4;Sewa;Tidak
MHS03767;Tinggi;Rp3.000.000 - Rp5.000.000;2;Orang Tua;Tidak;Tidak Ada;6;Sewa;Tidak
MHS03768;Menengah;Rp1.000.000 - Rp3.000.000;4;Orang Tua;Tidak;Tidak Ada;5;Sewa;Tidak
MHS03769;Rendah;Rp1.000.000 - Rp3.000.000;2;Orang Tua;Tidak;Tidak Ada;2;Sewa;Tidak
MHS03770;Menengah;Rp1.000.000 - Rp3.000.000;5;Orang Tua;Tidak;Tidak Ada;3;Menumpang;Ya
MHS03771;Menengah;< Rp1.000.000;4;Beasiswa;Ya;KIP-Kuliah;3;Sewa;Tidak
MHS03772;Tinggi;Rp3.000.000 - Rp5.000.000;7;Orang Tua;Tidak;Tidak Ada;6;Sewa;Tidak
MHS03773;Rendah;< Rp1.000.000;5;Beasiswa;Ya;KIP-Kuliah;2;Sewa;Ya
MHS03774;Menengah;Rp1.000.000 - Rp3.000.000;3;Orang Tua;Tidak;Tidak Ada;5;Menumpang;Tidak
MHS03775;Rendah;Rp1.000.000 - Rp3.000.000;2;Orang Tua;Tidak;Tidak Ada;3;Menumpang;Ya
MHS03776;Tinggi;Rp3.000.000 - Rp5.000.000;9;Orang Tua;Tidak;Tidak Ada;6;Sewa;Tidak
MHS03777;Menengah;Rp3.000.000 - Rp5.000.000;4;Orang Tua;Tidak;Tidak Ada;4;Milik Sendiri;Tidak
MHS03778;Menengah;Rp1.000.000 - Rp3.000.000;6;Beasiswa;Ya;Beasiswa Daerah;4;Menumpang;Tidak
MHS03779;Menengah;Rp1.000.000 - Rp3.000.000;3;Orang Tua;Tidak;Tidak Ada;5;Menumpang;Tidak
MHS03780;Menengah;Rp3.000.000 - Rp5.000.000;3;Orang Tua;Tidak;Tidak Ada;6;Sewa;Ya
MHS03781;Menengah;Rp1.000.000 - Rp3.000.000;4;Orang Tua;Tidak;Tidak Ada;5;Sewa;Tidak
MHS03782;Menengah;Rp3.000.000 - Rp5.000.000;5;Beasiswa;Ya;KIP-Kuliah;5;Menumpang;Tidak
MHS03783;Menengah;Rp3.000.000 - Rp5.000.000;1;Orang Tua;Tidak;Tidak Ada;6;Milik Sendiri;Tidak
MHS03784;Menengah;Rp1.000.000 - Rp3.000.000;3;Beasiswa;Ya;KIP-Kuliah;3;Sewa;Ya
MHS03785;Tinggi;> Rp5.000.000;4;Orang Tua;Tidak;Tidak Ada;8;Milik Sendiri;Tidak
MHS03786;Menengah;Rp3.000.000 - Rp5.000.000;8;Beasiswa;Ya;Beasiswa Prestasi Akademik (PPA);5;Milik Sendiri;Tidak
MHS03787;Tinggi;Rp1.000.000 - Rp3.000.000;6;Orang Tua;Tidak;Tidak Ada;6;Sewa;Tidak
MHS03788;Tinggi;> Rp5.000.000;5;Orang Tua;Ya;Beasiswa Prestasi Akademik (PPA);6;Milik Sendiri;Tidak
MHS03789;Tinggi;> Rp5.000.000;2;Beasiswa;Ya;Beasiswa Prestasi Akademik (PPA);8;Sewa;Tidak
MHS03790;Menengah;Rp1.000.000 - Rp3.000.000;4;Orang Tua;Tidak;Tidak Ada;4;Milik Sendiri;Tidak
MHS03791;Menengah;Rp1.000.000 - Rp3.000.000;2;Kerja Sendiri (part-time);Tidak;Tidak Ada;5;Milik Sendiri;Ya
MHS03792;Rendah;< Rp1.000.000;6;Beasiswa;Ya;KIP-Kuliah;3;Sewa;Tidak
MHS03793;Tinggi;> Rp5.000.000;3;Orang Tua;Tidak;Tidak Ada;5;Milik Sendiri;Tidak
MHS03794;Menengah;Rp1.000.000 - Rp3.000.000;5;Orang Tua;Tidak;Tidak Ada;5;Milik Sendiri;Tidak
MHS03795;Rendah;Rp1.000.000 - Rp3.000.000;6;Orang Tua;Tidak;Tidak Ada;4;Sewa;Tidak
MHS03796;Rendah;Rp1.000.000 - Rp3.000.000;6;Beasiswa;Ya;KIP-Kuliah;3;Sewa;Tidak
MHS03797;Rendah;Rp1.000.000 - Rp3.000.000;5;Orang Tua;Tidak;Tidak Ada;2;Sewa;Tidak
MHS03798;Menengah;Rp3.000.000 - Rp5.000.000;5;Orang Tua;Tidak;Tidak Ada;6;Sewa;Tidak
MHS03799;Menengah;> Rp5.000.000;3;Orang Tua;Ya;Beasiswa Swasta/CSR;6;Milik Sendiri;Tidak
MHS03800;Menengah;Rp3.000.000 - Rp5.000.000;8;Orang Tua;Ya;Beasiswa Prestasi Akademik (PPA);5;Sewa;Tidak
MHS03801;Rendah;< Rp1.000.000;4;Beasiswa;Ya;Beasiswa Swasta/CSR;1;Menumpang;Ya
MHS03802;Menengah;Rp1.000.000 - Rp3.000.000;3;Beasiswa;Ya;Beasiswa Daerah;5;Sewa;Ya
MHS03803;Menengah;Rp3.000.000 - Rp5.000.000;5;Orang Tua;Tidak;Tidak Ada;4;Milik Sendiri;Tidak
MHS03804;Menengah;Rp1.000.000 - Rp3.000.000;5;Orang Tua;Ya;Beasiswa Swasta/CSR;6;Menumpang;Tidak
MHS03805;Rendah;Rp1.000.000 - Rp3.000.000;3;Beasiswa;Ya;Beasiswa Daerah;4;Menumpang;Tidak
MHS03806;Menengah;Rp1.000.000 - Rp3.000.000;5;Orang Tua;Tidak;Tidak Ada;4;Menumpang;Tidak
MHS03807;Tinggi;Rp3.000.000 - Rp5.000.000;5;Orang Tua;Tidak;Tidak Ada;3;Menumpang;Tidak
MHS03808;Menengah;Rp3.000.000 - Rp5.000.000;5;Orang Tua;Tidak;Tidak Ada;4;Menumpang;Ya
MHS03809;Menengah;Rp1.000.000 - Rp3.000.000;8;Kerja Sendiri (part-time);Tidak;Tidak Ada;3;Sewa;Ya
MHS03810;Tinggi;Rp3.000.000 - Rp5.000.000;5;Orang Tua;Ya;Beasiswa Daerah;5;Milik Sendiri;Tidak
MHS03811;Menengah;Rp3.000.000 - Rp5.000.000;5;Orang Tua;Tidak;Tidak Ada;4;Menumpang;Tidak
MHS03812;Menengah;Rp1.000.000 - Rp3.000.000;5;Beasiswa;Ya;KIP-Kuliah;3;Sewa;Tidak
MHS03813;Menengah;Rp1.000.000 - Rp3.000.000;5;Kerja Sendiri (part-time);Ya;Beasiswa Swasta/CSR;4;Sewa;Ya
MHS03814;Tinggi;> Rp5.000.000;4;Beasiswa;Ya;Beasiswa Prestasi Akademik (PPA);5;Milik Sendiri;Tidak
MHS03815;Menengah;Rp3.000.000 - Rp5.000.000;4;Orang Tua;Tidak;Tidak Ada;4;Sewa;Tidak
MHS03816;Rendah;< Rp1.000.000;4;Orang Tua;Tidak;Tidak Ada;1;Sewa;Tidak
MHS03817;Menengah;Rp3.000.000 - Rp5.000.000;7;Orang Tua;Tidak;Tidak Ada;5;Sewa;Tidak
MHS03818;Tinggi;> Rp5.000.000;2;Orang Tua;Tidak;Tidak Ada;8;Milik Sendiri;Tidak
MHS03819;Menengah;> Rp5.000.000;5;Orang Tua;Tidak;Tidak Ada;5;Milik Sendiri;Tidak
MHS03820;Menengah;Rp1.000.000 - Rp3.000.000;4;Orang Tua;Tidak;Tidak Ada;3;Milik Sendiri;Tidak
MHS03821;Menengah;Rp1.000.000 - Rp3.000.000;5;Kerja Sendiri (part-time);Tidak;Tidak Ada;2;Milik Sendiri;Tidak
MHS03822;Menengah;> Rp5.000.000;2;Orang Tua;Tidak;Tidak Ada;6;Milik Sendiri;Tidak
MHS03823;Menengah;Rp3.000.000 - Rp5.000.000;8;Beasiswa;Ya;KIP-Kuliah;6;Milik Sendiri;Tidak
MHS03824;Tinggi;Rp3.000.000 - Rp5.000.000;4;Orang Tua;Tidak;Tidak Ada;5;Milik Sendiri;Tidak
MHS03825;Menengah;Rp1.000.000 - Rp3.000.000;9;Beasiswa;Ya;KIP-Kuliah;2;Milik Sendiri;Tidak
MHS03826;Rendah;< Rp1.000.000;4;Beasiswa;Ya;KIP-Kuliah;3;Menumpang;Ya
MHS03827;Menengah;Rp1.000.000 - Rp3.000.000;7;Pinjaman/Kredit Pendidikan;Tidak;Tidak Ada;3;Milik Sendiri;Tidak
MHS03828;Menengah;Rp3.000.000 - Rp5.000.000;3;Orang Tua;Tidak;Tidak Ada;6;Milik Sendiri;Tidak
MHS03829;Menengah;Rp1.000.000 - Rp3.000.000;3;Beasiswa;Ya;KIP-Kuliah;4;Sewa;Tidak
MHS03830;Menengah;Rp3.000.000 - Rp5.000.000;4;Orang Tua;Tidak;Tidak Ada;5;Milik Sendiri;Tidak
MHS03831;Tinggi;> Rp5.000.000;7;Orang Tua;Tidak;Tidak Ada;6;Milik Sendiri;Tidak
MHS03832;Menengah;< Rp1.000.000;2;Orang Tua;Tidak;Tidak Ada;2;Menumpang;Ya
MHS03833;Menengah;Rp3.000.000 - Rp5.000.000;6;Beasiswa;Ya;Beasiswa Swasta/CSR;5;Sewa;Ya
MHS03834;Tinggi;> Rp5.000.000;1;Orang Tua;Tidak;Tidak Ada;8;Milik Sendiri;Tidak
MHS03835;Menengah;Rp1.000.000 - Rp3.000.000;4;Kerja Sendiri (part-time);Tidak;Tidak Ada;5;Menumpang;Tidak
MHS03836;Rendah;< Rp1.000.000;3;Beasiswa;Ya;KIP-Kuliah;4;Sewa;Tidak
MHS03837;Menengah;Rp3.000.000 - Rp5.000.000;5;Orang Tua;Tidak;Tidak Ada;6;Sewa;Tidak
MHS03838;Rendah;< Rp1.000.000;7;Kerja Sendiri (part-time);Tidak;Tidak Ada;3;Menumpang;Ya
MHS03839;Menengah;Rp1.000.000 - Rp3.000.000;4;Pinjaman/Kredit Pendidikan;Tidak;Tidak Ada;4;Milik Sendiri;Tidak
MHS03840;Menengah;Rp3.000.000 - Rp5.000.000;4;Orang Tua;Tidak;Tidak Ada;6;Sewa;Tidak
MHS03841;Menengah;Rp1.000.000 - Rp3.000.000;5;Beasiswa;Ya;KIP-Kuliah;2;Milik Sendiri;Ya
MHS03842;Menengah;< Rp1.000.000;3;Orang Tua;Tidak;Tidak Ada;5;Sewa;Tidak
MHS03843;Menengah;Rp1.000.000 - Rp3.000.000;5;Orang Tua;Tidak;Tidak Ada;3;Sewa;Tidak
MHS03844;Menengah;Rp3.000.000 - Rp5.000.000;4;Orang Tua;Ya;KIP-Kuliah;6;Sewa;Tidak
MHS03845;Tinggi;> Rp5.000.000;4;Orang Tua;Tidak;Tidak Ada;8;Milik Sendiri;Ya
MHS03846;Menengah;Rp3.000.000 - Rp5.000.000;2;Orang Tua;Tidak;Tidak Ada;5;Milik Sendiri;Tidak
MHS03847;Rendah;< Rp1.000.000;9;Beasiswa;Ya;KIP-Kuliah;4;Sewa;Ya
MHS03848;Rendah;< Rp1.000.000;7;Beasiswa;Ya;KIP-Kuliah;1;Sewa;Tidak
MHS03849;Menengah;Rp3.000.000 - Rp5.000.000;4;Beasiswa;Ya;KIP-Kuliah;3;Sewa;Tidak
MHS03850;Tinggi;Rp3.000.000 - Rp5.000.000;3;Pinjaman/Kredit Pendidikan;Tidak;Tidak Ada;5;Milik Sendiri;Tidak
MHS03851;Tinggi;> Rp5.000.000;3;Orang Tua;Tidak;Tidak Ada;5;Milik Sendiri;Tidak
MHS03852;Menengah;Rp3.000.000 - Rp5.000.000;3;Orang Tua;Tidak;Tidak Ada;6;Milik Sendiri;Tidak
MHS03853;Menengah;Rp3.000.000 - Rp5.000.000;7;Orang Tua;Tidak;Tidak Ada;3;Milik Sendiri;Tidak
MHS03854;Menengah;Rp1.000.000 - Rp3.000.000;2;Orang Tua;Tidak;Tidak Ada;3;Sewa;Tidak
MHS03855;Tinggi;> Rp5.000.000;6;Orang Tua;Tidak;Tidak Ada;5;Milik Sendiri;Tidak
MHS03856;Rendah;< Rp1.000.000;5;Beasiswa;Ya;KIP-Kuliah;1;Sewa;Ya
MHS03857;Menengah;Rp3.000.000 - Rp5.000.000;5;Orang Tua;Tidak;Tidak Ada;5;Milik Sendiri;Tidak
MHS03858;Menengah;Rp3.000.000 - Rp5.000.000;2;Orang Tua;Tidak;Tidak Ada;5;Sewa;Ya
MHS03859;Tinggi;> Rp5.000.000;5;Orang Tua;Tidak;Tidak Ada;6;Milik Sendiri;Tidak
MHS03860;Menengah;Rp3.000.000 - Rp5.000.000;7;Orang Tua;Tidak;Tidak Ada;6;Milik Sendiri;Tidak
MHS03861;Menengah;Rp1.000.000 - Rp3.000.000;3;Beasiswa;Ya;KIP-Kuliah;3;Milik Sendiri;Ya
MHS03862;Menengah;Rp1.000.000 - Rp3.000.000;3;Orang Tua;Tidak;Tidak Ada;5;Milik Sendiri;Ya
MHS03863;Tinggi;> Rp5.000.000;3;Orang Tua;Tidak;Tidak Ada;6;Milik Sendiri;Tidak
MHS03864;Rendah;< Rp1.000.000;3;Kerja Sendiri (part-time);Tidak;Tidak Ada;2;Menumpang;Ya
MHS03865;Menengah;> Rp5.000.000;3;Orang Tua;Ya;Beasiswa Prestasi Akademik (PPA);6;Sewa;Tidak
MHS03866;Tinggi;> Rp5.000.000;5;Orang Tua;Tidak;Tidak Ada;6;Milik Sendiri;Tidak
MHS03867;Menengah;Rp3.000.000 - Rp5.000.000;5;Beasiswa;Ya;KIP-Kuliah;4;Milik Sendiri;Tidak
MHS03868;Tinggi;> Rp5.000.000;3;Orang Tua;Ya;Beasiswa Daerah;8;Milik Sendiri;Tidak
MHS03869;Menengah;Rp1.000.000 - Rp3.000.000;3;Orang Tua;Tidak;Tidak Ada;3;Milik Sendiri;Ya
MHS03870;Rendah;< Rp1.000.000;6;Beasiswa;Ya;KIP-Kuliah;2;Menumpang;Ya
MHS03871;Menengah;Rp1.000.000 - Rp3.000.000;4;Beasiswa;Ya;Beasiswa Prestasi Akademik (PPA);5;Milik Sendiri;Tidak
MHS03872;Tinggi;Rp3.000.000 - Rp5.000.000;4;Orang Tua;Tidak;Tidak Ada;6;Milik Sendiri;Tidak
MHS03873;Tinggi;> Rp5.000.000;4;Orang Tua;Tidak;Tidak Ada;7;Milik Sendiri;Tidak
MHS03874;Menengah;Rp3.000.000 - Rp5.000.000;5;Orang Tua;Tidak;Tidak Ada;5;Milik Sendiri;Tidak
MHS03875;Tinggi;> Rp5.000.000;1;Orang Tua;Tidak;Tidak Ada;8;Milik Sendiri;Tidak
MHS03876;Menengah;Rp1.000.000 - Rp3.000.000;3;Orang Tua;Ya;Beasiswa Daerah;2;Milik Sendiri;Tidak
MHS03877;Rendah;< Rp1.000.000;6;Beasiswa;Ya;KIP-Kuliah;1;Menumpang;Tidak
MHS03878;Tinggi;Rp3.000.000 - Rp5.000.000;7;Kerja Sendiri (part-time);Tidak;Tidak Ada;6;Sewa;Ya
MHS03879;Menengah;Rp1.000.000 - Rp3.000.000;4;Orang Tua;Tidak;Tidak Ada;4;Menumpang;Tidak
MHS03880;Tinggi;Rp3.000.000 - Rp5.000.000;3;Orang Tua;Tidak;Tidak Ada;4;Milik Sendiri;Tidak
MHS03881;Tinggi;Rp3.000.000 - Rp5.000.000;5;Orang Tua;Tidak;Tidak Ada;4;Sewa;Tidak
MHS03882;Menengah;Rp1.000.000 - Rp3.000.000;4;Orang Tua;Tidak;Tidak Ada;4;Menumpang;Tidak
MHS03883;Tinggi;> Rp5.000.000;4;Orang Tua;Tidak;Tidak Ada;6;Milik Sendiri;Tidak
MHS03884;Menengah;Rp1.000.000 - Rp3.000.000;3;Kerja Sendiri (part-time);Tidak;Tidak Ada;3;Sewa;Ya
MHS03885;Rendah;Rp1.000.000 - Rp3.000.000;5;Beasiswa;Ya;KIP-Kuliah;2;Menumpang;Tidak
MHS03886;Menengah;Rp3.000.000 - Rp5.000.000;5;Orang Tua;Tidak;Tidak Ada;2;Menumpang;Tidak
MHS03887;Tinggi;Rp3.000.000 - Rp5.000.000;3;Orang Tua;Tidak;Tidak Ada;6;Milik Sendiri;Tidak
MHS03888;Menengah;Rp3.000.000 - Rp5.000.000;6;Orang Tua;Tidak;Tidak Ada;5;Milik Sendiri;Tidak
MHS03889;Menengah;Rp3.000.000 - Rp5.000.000;3;Beasiswa;Ya;Beasiswa Prestasi Akademik (PPA);4;Milik Sendiri;Tidak
MHS03890;Menengah;Rp1.000.000 - Rp3.000.000;4;Beasiswa;Ya;KIP-Kuliah;5;Milik Sendiri;Tidak
MHS03891;Tinggi;Rp3.000.000 - Rp5.000.000;2;Orang Tua;Tidak;Tidak Ada;7;Milik Sendiri;Tidak
MHS03892;Menengah;Rp3.000.000 - Rp5.000.000;4;Orang Tua;Tidak;Tidak Ada;6;Menumpang;Tidak
MHS03893;Menengah;Rp3.000.000 - Rp5.000.000;4;Beasiswa;Ya;Beasiswa Daerah;5;Milik Sendiri;Tidak
MHS03894;Menengah;> Rp5.000.000;3;Orang Tua;Tidak;Tidak Ada;7;Milik Sendiri;Tidak
MHS03895;Tinggi;> Rp5.000.000;5;Beasiswa;Ya;Beasiswa Daerah;7;Milik Sendiri;Tidak
MHS03896;Tinggi;> Rp5.000.000;1;Orang Tua;Tidak;Tidak Ada;7;Menumpang;Tidak
MHS03897;Tinggi;Rp3.000.000 - Rp5.000.000;2;Beasiswa;Ya;Beasiswa Daerah;6;Milik Sendiri;Tidak
MHS03898;Tinggi;> Rp5.000.000;5;Orang Tua;Tidak;Tidak Ada;4;Milik Sendiri;Tidak
MHS03899;Rendah;< Rp1.000.000;9;Kerja Sendiri (part-time);Tidak;Tidak Ada;3;Sewa;Tidak
MHS03900;Menengah;Rp1.000.000 - Rp3.000.000;6;Kerja Sendiri (part-time);Tidak;Tidak Ada;3;Menumpang;Tidak
MHS03901;Rendah;< Rp1.000.000;6;Beasiswa;Ya;KIP-Kuliah;4;Sewa;Tidak
MHS03902;Menengah;Rp1.000.000 - Rp3.000.000;2;Orang Tua;Tidak;Tidak Ada;4;Milik Sendiri;Tidak
MHS03903;Rendah;Rp1.000.000 - Rp3.000.000;4;Orang Tua;Tidak;Tidak Ada;2;Sewa;Ya
MHS03904;Tinggi;Rp3.000.000 - Rp5.000.000;2;Orang Tua;Tidak;Tidak Ada;7;Milik Sendiri;Tidak
MHS03905;Menengah;Rp1.000.000 - Rp3.000.000;8;Kerja Sendiri (part-time);Ya;Beasiswa Daerah;4;Sewa;Tidak
MHS03906;Menengah;Rp1.000.000 - Rp3.000.000;5;Beasiswa;Ya;Beasiswa Daerah;4;Milik Sendiri;Tidak
MHS03907;Menengah;Rp3.000.000 - Rp5.000.000;2;Beasiswa;Ya;Beasiswa Prestasi Akademik (PPA);5;Milik Sendiri;Tidak
MHS03908;Menengah;Rp1.000.000 - Rp3.000.000;4;Orang Tua;Ya;Beasiswa Prestasi Akademik (PPA);3;Milik Sendiri;Tidak
MHS03909;Menengah;Rp1.000.000 - Rp3.000.000;4;Orang Tua;Tidak;Tidak Ada;5;Menumpang;Tidak
MHS03910;Tinggi;Rp3.000.000 - Rp5.000.000;3;Orang Tua;Tidak;Tidak Ada;3;Milik Sendiri;Tidak
MHS03911;Menengah;Rp3.000.000 - Rp5.000.000;4;Orang Tua;Tidak;Tidak Ada;5;Menumpang;Ya
MHS03912;Menengah;< Rp1.000.000;7;Beasiswa;Ya;KIP-Kuliah;3;Sewa;Tidak
MHS03913;Tinggi;> Rp5.000.000;4;Orang Tua;Tidak;Tidak Ada;7;Milik Sendiri;Tidak
MHS03914;Menengah;Rp3.000.000 - Rp5.000.000;5;Orang Tua;Tidak;Tidak Ada;5;Milik Sendiri;Tidak
MHS03915;Menengah;Rp1.000.000 - Rp3.000.000;2;Orang Tua;Tidak;Tidak Ada;5;Sewa;Tidak
MHS03916;Rendah;Rp1.000.000 - Rp3.000.000;2;Orang Tua;Ya;KIP-Kuliah;3;Sewa;Ya
MHS03917;Rendah;Rp1.000.000 - Rp3.000.000;7;Orang Tua;Tidak;Tidak Ada;4;Milik Sendiri;Ya
MHS03918;Rendah;Rp1.000.000 - Rp3.000.000;3;Orang Tua;Tidak;Tidak Ada;3;Menumpang;Tidak
MHS03919;Tinggi;> Rp5.000.000;3;Orang Tua;Tidak;Tidak Ada;6;Sewa;Tidak
MHS03920;Tinggi;> Rp5.000.000;2;Orang Tua;Tidak;Tidak Ada;4;Milik Sendiri;Ya
MHS03921;Rendah;< Rp1.000.000;7;Kerja Sendiri (part-time);Ya;Beasiswa Prestasi Akademik (PPA);1;Menumpang;Tidak
MHS03922;Rendah;Rp1.000.000 - Rp3.000.000;4;Orang Tua;Tidak;Tidak Ada;4;Sewa;Tidak
MHS03923;Menengah;Rp1.000.000 - Rp3.000.000;5;Orang Tua;Ya;Beasiswa Prestasi Akademik (PPA);4;Milik Sendiri;Tidak
MHS03924;Rendah;< Rp1.000.000;3;Beasiswa;Ya;KIP-Kuliah;4;Milik Sendiri;Tidak
MHS03925;Menengah;Rp1.000.000 - Rp3.000.000;5;Beasiswa;Ya;Beasiswa Prestasi Akademik (PPA);4;Milik Sendiri;Tidak
MHS03926;Rendah;< Rp1.000.000;4;Beasiswa;Ya;KIP-Kuliah;1;Menumpang;Tidak
MHS03927;Menengah;< Rp1.000.000;5;Kerja Sendiri (part-time);Tidak;Tidak Ada;1;Sewa;Ya
MHS03928;Menengah;> Rp5.000.000;6;Orang Tua;Tidak;Tidak Ada;6;Milik Sendiri;Tidak
MHS03929;Menengah;Rp1.000.000 - Rp3.000.000;3;Orang Tua;Tidak;Tidak Ada;3;Milik Sendiri;Tidak
MHS03930;Menengah;Rp1.000.000 - Rp3.000.000;3;Beasiswa;Ya;Beasiswa Prestasi Akademik (PPA);6;Milik Sendiri;Tidak
MHS03931;Rendah;Rp1.000.000 - Rp3.000.000;5;Kerja Sendiri (part-time);Tidak;Tidak Ada;4;Sewa;Tidak
MHS03932;Menengah;Rp3.000.000 - Rp5.000.000;4;Orang Tua;Ya;Beasiswa Prestasi Akademik (PPA);5;Milik Sendiri;Tidak
MHS03933;Menengah;< Rp1.000.000;4;Orang Tua;Ya;Beasiswa Daerah;4;Sewa;Tidak
MHS03934;Rendah;Rp1.000.000 - Rp3.000.000;1;Orang Tua;Tidak;Tidak Ada;5;Milik Sendiri;Ya
MHS03935;Tinggi;> Rp5.000.000;1;Orang Tua;Tidak;Tidak Ada;6;Sewa;Tidak
MHS03936;Rendah;Rp1.000.000 - Rp3.000.000;7;Orang Tua;Tidak;Tidak Ada;2;Sewa;Ya
MHS03937;Menengah;Rp3.000.000 - Rp5.000.000;5;Kerja Sendiri (part-time);Tidak;Tidak Ada;5;Milik Sendiri;Tidak
MHS03938;Menengah;Rp1.000.000 - Rp3.000.000;2;Orang Tua;Tidak;Tidak Ada;4;Milik Sendiri;Ya
MHS03939;Menengah;Rp1.000.000 - Rp3.000.000;3;Orang Tua;Ya;KIP-Kuliah;4;Milik Sendiri;Tidak
MHS03940;Tinggi;Rp3.000.000 - Rp5.000.000;4;Orang Tua;Ya;Beasiswa Prestasi Akademik (PPA);5;Milik Sendiri;Ya
MHS03941;Tinggi;Rp3.000.000 - Rp5.000.000;5;Orang Tua;Tidak;Tidak Ada;5;Milik Sendiri;Tidak
MHS03942;Menengah;Rp3.000.000 - Rp5.000.000;3;Pinjaman/Kredit Pendidikan;Tidak;Tidak Ada;5;Menumpang;Tidak
MHS03943;Tinggi;> Rp5.000.000;2;Orang Tua;Tidak;Tidak Ada;6;Milik Sendiri;Tidak
MHS03944;Tinggi;> Rp5.000.000;1;Orang Tua;Tidak;Tidak Ada;8;Milik Sendiri;Tidak
MHS03945;Menengah;Rp3.000.000 - Rp5.000.000;6;Orang Tua;Tidak;Tidak Ada;5;Milik Sendiri;Tidak
MHS03946;Tinggi;Rp3.000.000 - Rp5.000.000;4;Orang Tua;Tidak;Tidak Ada;5;Sewa;Tidak
MHS03947;Menengah;Rp1.000.000 - Rp3.000.000;4;Orang Tua;Tidak;Tidak Ada;3;Milik Sendiri;Tidak
MHS03948;Menengah;Rp3.000.000 - Rp5.000.000;2;Orang Tua;Tidak;Tidak Ada;6;Sewa;Tidak
MHS03949;Menengah;< Rp1.000.000;2;Orang Tua;Ya;Beasiswa Prestasi Akademik (PPA);3;Menumpang;Tidak
MHS03950;Tinggi;> Rp5.000.000;4;Orang Tua;Tidak;Tidak Ada;5;Milik Sendiri;Tidak
MHS03951;Tinggi;> Rp5.000.000;3;Orang Tua;Tidak;Tidak Ada;8;Milik Sendiri;Tidak
MHS03952;Rendah;Rp1.000.000 - Rp3.000.000;6;Orang Tua;Tidak;Tidak Ada;6;Milik Sendiri;Ya
MHS03953;Tinggi;Rp3.000.000 - Rp5.000.000;3;Beasiswa;Ya;Beasiswa Prestasi Akademik (PPA);6;Menumpang;Tidak
MHS03954;Menengah;Rp3.000.000 - Rp5.000.000;3;Orang Tua;Tidak;Tidak Ada;5;Milik Sendiri;Tidak
MHS03955;Rendah;< Rp1.000.000;5;Beasiswa;Ya;KIP-Kuliah;3;Menumpang;Tidak
MHS03956;Menengah;Rp1.000.000 - Rp3.000.000;3;Orang Tua;Tidak;Tidak Ada;3;Sewa;Tidak
MHS03957;Menengah;Rp3.000.000 - Rp5.000.000;2;Beasiswa;Ya;KIP-Kuliah;5;Milik Sendiri;Tidak
MHS03958;Menengah;Rp3.000.000 - Rp5.000.000;3;Orang Tua;Tidak;Tidak Ada;5;Milik Sendiri;Tidak
MHS03959;Menengah;Rp3.000.000 - Rp5.000.000;5;Orang Tua;Tidak;Tidak Ada;5;Milik Sendiri;Ya
MHS03960;Rendah;< Rp1.000.000;8;Beasiswa;Ya;KIP-Kuliah;1;Sewa;Tidak
MHS03961;Rendah;< Rp1.000.000;5;Beasiswa;Ya;KIP-Kuliah;3;Menumpang;Ya
MHS03962;Tinggi;> Rp5.000.000;2;Orang Tua;Tidak;Tidak Ada;7;Milik Sendiri;Tidak
MHS03963;Tinggi;> Rp5.000.000;2;Orang Tua;Tidak;Tidak Ada;5;Milik Sendiri;Tidak
MHS03964;Tinggi;> Rp5.000.000;4;Orang Tua;Tidak;Tidak Ada;4;Milik Sendiri;Tidak
MHS03965;Rendah;< Rp1.000.000;6;Beasiswa;Ya;Beasiswa Prestasi Akademik (PPA);2;Menumpang;Ya
MHS03966;Menengah;Rp1.000.000 - Rp3.000.000;8;Orang Tua;Ya;Beasiswa Prestasi Akademik (PPA);4;Sewa;Tidak
MHS03967;Menengah;< Rp1.000.000;5;Beasiswa;Ya;KIP-Kuliah;2;Sewa;Tidak
MHS03968;Rendah;< Rp1.000.000;4;Beasiswa;Ya;KIP-Kuliah;3;Menumpang;Tidak
MHS03969;Menengah;Rp1.000.000 - Rp3.000.000;4;Orang Tua;Tidak;Tidak Ada;5;Milik Sendiri;Tidak
MHS03970;Menengah;Rp1.000.000 - Rp3.000.000;3;Orang Tua;Tidak;Tidak Ada;4;Menumpang;Tidak
MHS03971;Menengah;Rp3.000.000 - Rp5.000.000;6;Orang Tua;Tidak;Tidak Ada;6;Sewa;Tidak
MHS03972;Menengah;Rp1.000.000 - Rp3.000.000;2;Beasiswa;Ya;KIP-Kuliah;5;Sewa;Tidak
MHS03973;Menengah;Rp3.000.000 - Rp5.000.000;3;Beasiswa;Ya;Beasiswa Prestasi Akademik (PPA);7;Sewa;Tidak
MHS03974;Rendah;Rp1.000.000 - Rp3.000.000;5;Beasiswa;Ya;KIP-Kuliah;3;Sewa;Tidak
MHS03975;Menengah;Rp1.000.000 - Rp3.000.000;5;Orang Tua;Tidak;Tidak Ada;4;Menumpang;Tidak
MHS03976;Menengah;Rp3.000.000 - Rp5.000.000;4;Orang Tua;Tidak;Tidak Ada;5;Menumpang;Tidak
MHS03977;Menengah;Rp1.000.000 - Rp3.000.000;4;Orang Tua;Tidak;Tidak Ada;4;Menumpang;Tidak
MHS03978;Tinggi;Rp3.000.000 - Rp5.000.000;4;Orang Tua;Ya;Beasiswa Prestasi Akademik (PPA);5;Milik Sendiri;Tidak
MHS03979;Menengah;Rp1.000.000 - Rp3.000.000;5;Orang Tua;Ya;Beasiswa Daerah;4;Sewa;Tidak
MHS03980;Menengah;Rp1.000.000 - Rp3.000.000;2;Pinjaman/Kredit Pendidikan;Tidak;Tidak Ada;4;Milik Sendiri;Tidak
MHS03981;Menengah;Rp1.000.000 - Rp3.000.000;3;Orang Tua;Tidak;Tidak Ada;4;Milik Sendiri;Tidak
MHS03982;Tinggi;> Rp5.000.000;4;Orang Tua;Tidak;Tidak Ada;6;Milik Sendiri;Tidak
MHS03983;Menengah;Rp3.000.000 - Rp5.000.000;6;Kerja Sendiri (part-time);Tidak;Tidak Ada;3;Milik Sendiri;Tidak
MHS03984;Menengah;Rp3.000.000 - Rp5.000.000;6;Orang Tua;Tidak;Tidak Ada;7;Sewa;Ya
MHS03985;Tinggi;> Rp5.000.000;2;Orang Tua;Tidak;Tidak Ada;8;Milik Sendiri;Tidak
MHS03986;Tinggi;< Rp1.000.000;4;Orang Tua;Ya;Beasiswa Daerah;5;Sewa;Ya
MHS03987;Tinggi;> Rp5.000.000;6;Orang Tua;Tidak;Tidak Ada;5;Milik Sendiri;Tidak
MHS03988;Menengah;Rp1.000.000 - Rp3.000.000;2;Orang Tua;Tidak;Tidak Ada;4;Sewa;Ya
MHS03989;Menengah;Rp3.000.000 - Rp5.000.000;6;Orang Tua;Ya;Beasiswa Prestasi Akademik (PPA);4;Milik Sendiri;Tidak
MHS03990;Rendah;< Rp1.000.000;2;Beasiswa;Ya;KIP-Kuliah;2;Menumpang;Tidak
MHS03991;Rendah;Rp1.000.000 - Rp3.000.000;4;Orang Tua;Tidak;Tidak Ada;3;Milik Sendiri;Ya
MHS03992;Rendah;< Rp1.000.000;6;Pinjaman/Kredit Pendidikan;Tidak;Tidak Ada;2;Sewa;Tidak
MHS03993;Menengah;> Rp5.000.000;4;Orang Tua;Tidak;Tidak Ada;6;Milik Sendiri;Ya
MHS03994;Tinggi;> Rp5.000.000;1;Orang Tua;Tidak;Tidak Ada;5;Milik Sendiri;Ya
MHS03995;Menengah;Rp1.000.000 - Rp3.000.000;5;Beasiswa;Ya;Beasiswa Prestasi Akademik (PPA);5;Menumpang;Tidak
MHS03996;Menengah;Rp1.000.000 - Rp3.000.000;6;Orang Tua;Tidak;Tidak Ada;4;Menumpang;Tidak
MHS03997;Menengah;Rp1.000.000 - Rp3.000.000;3;Orang Tua;Tidak;Tidak Ada;4;Sewa;Ya
MHS03998;Menengah;< Rp1.000.000;3;Pinjaman/Kredit Pendidikan;Tidak;Tidak Ada;3;Menumpang;Tidak
MHS03999;Menengah;Rp1.000.000 - Rp3.000.000;7;Beasiswa;Ya;KIP-Kuliah;3;Milik Sendiri;Tidak
MHS04000;Tinggi;Rp3.000.000 - Rp5.000.000;5;Orang Tua;Tidak;Tidak Ada;7;Milik Sendiri;Tidak
MHS04001;Menengah;Rp3.000.000 - Rp5.000.000;7;Beasiswa;Ya;Beasiswa Prestasi Akademik (PPA);6;Sewa;Tidak
MHS04002;Menengah;Rp3.000.000 - Rp5.000.000;5;Orang Tua;Tidak;Tidak Ada;6;Milik Sendiri;Tidak
MHS04003;Rendah;< Rp1.000.000;3;Orang Tua;Tidak;Tidak Ada;2;Menumpang;Ya
MHS04004;Rendah;Rp1.000.000 - Rp3.000.000;3;Kerja Sendiri (part-time);Tidak;Tidak Ada;4;Sewa;Ya
MHS04005;Menengah;< Rp1.000.000;7;Beasiswa;Ya;KIP-Kuliah;4;Sewa;Ya
MHS04006;Menengah;< Rp1.000.000;2;Orang Tua;Tidak;Tidak Ada;1;Milik Sendiri;Tidak
MHS04007;Rendah;< Rp1.000.000;2;Kerja Sendiri (part-time);Tidak;Tidak Ada;2;Menumpang;Ya
MHS04008;Menengah;Rp3.000.000 - Rp5.000.000;7;Orang Tua;Tidak;Tidak Ada;2;Milik Sendiri;Tidak
MHS04009;Menengah;Rp1.000.000 - Rp3.000.000;4;Beasiswa;Ya;KIP-Kuliah;5;Milik Sendiri;Tidak
MHS04010;Menengah;Rp1.000.000 - Rp3.000.000;4;Orang Tua;Tidak;Tidak Ada;3;Milik Sendiri;Tidak
MHS04011;Menengah;Rp3.000.000 - Rp5.000.000;5;Orang Tua;Tidak;Tidak Ada;4;Sewa;Tidak
MHS04012;Tinggi;> Rp5.000.000;3;Orang Tua;Tidak;Tidak Ada;7;Milik Sendiri;Tidak
MHS04013;Menengah;Rp3.000.000 - Rp5.000.000;5;Orang Tua;Tidak;Tidak Ada;4;Sewa;Tidak
MHS04014;Menengah;Rp3.000.000 - Rp5.000.000;8;Orang Tua;Tidak;Tidak Ada;6;Milik Sendiri;Tidak
MHS04015;Menengah;Rp1.000.000 - Rp3.000.000;3;Beasiswa;Ya;KIP-Kuliah;3;Menumpang;Tidak
MHS04016;Menengah;Rp3.000.000 - Rp5.000.000;7;Orang Tua;Tidak;Tidak Ada;5;Milik Sendiri;Tidak
MHS04017;Menengah;Rp3.000.000 - Rp5.000.000;6;Orang Tua;Tidak;Tidak Ada;5;Milik Sendiri;Tidak
MHS04018;Menengah;Rp1.000.000 - Rp3.000.000;4;Orang Tua;Tidak;Tidak Ada;3;Milik Sendiri;Ya
MHS04019;Menengah;Rp3.000.000 - Rp5.000.000;2;Orang Tua;Tidak;Tidak Ada;4;Milik Sendiri;Tidak
MHS04020;Menengah;Rp1.000.000 - Rp3.000.000;5;Orang Tua;Tidak;Tidak Ada;4;Menumpang;Tidak
MHS04021;Rendah;Rp1.000.000 - Rp3.000.000;3;Kerja Sendiri (part-time);Tidak;Tidak Ada;2;Menumpang;Ya
MHS04022;Menengah;Rp1.000.000 - Rp3.000.000;3;Pinjaman/Kredit Pendidikan;Tidak;Tidak Ada;4;Sewa;Tidak
MHS04023;Menengah;Rp1.000.000 - Rp3.000.000;7;Beasiswa;Ya;KIP-Kuliah;5;Milik Sendiri;Tidak
MHS04024;Tinggi;Rp3.000.000 - Rp5.000.000;6;Orang Tua;Tidak;Tidak Ada;5;Milik Sendiri;Tidak
MHS04025;Menengah;Rp1.000.000 - Rp3.000.000;5;Orang Tua;Tidak;Tidak Ada;4;Sewa;Tidak
MHS04026;Rendah;Rp3.000.000 - Rp5.000.000;6;Kerja Sendiri (part-time);Tidak;Tidak Ada;3;Sewa;Tidak
MHS04027;Menengah;Rp1.000.000 - Rp3.000.000;4;Orang Tua;Tidak;Tidak Ada;4;Sewa;Tidak
MHS04028;Tinggi;> Rp5.000.000;6;Orang Tua;Tidak;Tidak Ada;8;Milik Sendiri;Tidak
MHS04029;Tinggi;> Rp5.000.000;2;Orang Tua;Tidak;Tidak Ada;6;Sewa;Tidak
MHS04030;Tinggi;> Rp5.000.000;4;Orang Tua;Tidak;Tidak Ada;4;Milik Sendiri;Tidak
MHS04031;Tinggi;> Rp5.000.000;3;Orang Tua;Tidak;Tidak Ada;5;Milik Sendiri;Tidak
MHS04032;Menengah;< Rp1.000.000;7;Orang Tua;Tidak;Tidak Ada;3;Sewa;Tidak
MHS04033;Tinggi;> Rp5.000.000;4;Orang Tua;Tidak;Tidak Ada;7;Milik Sendiri;Tidak
MHS04034;Menengah;< Rp1.000.000;7;Kerja Sendiri (part-time);Tidak;Tidak Ada;4;Menumpang;Ya
MHS04035;Menengah;Rp1.000.000 - Rp3.000.000;8;Orang Tua;Tidak;Tidak Ada;3;Sewa;Tidak
MHS04036;Menengah;> Rp5.000.000;5;Orang Tua;Tidak;Tidak Ada;7;Sewa;Tidak
MHS04037;Menengah;Rp3.000.000 - Rp5.000.000;4;Orang Tua;Tidak;Tidak Ada;6;Menumpang;Tidak
MHS04038;Rendah;Rp1.000.000 - Rp3.000.000;6;Orang Tua;Ya;Beasiswa Prestasi Akademik (PPA);2;Sewa;Tidak
MHS04039;Menengah;Rp3.000.000 - Rp5.000.000;4;Orang Tua;Tidak;Tidak Ada;6;Milik Sendiri;Tidak
MHS04040;Menengah;Rp1.000.000 - Rp3.000.000;4;Beasiswa;Ya;KIP-Kuliah;3;Sewa;Tidak
MHS04041;Menengah;Rp3.000.000 - Rp5.000.000;3;Orang Tua;Tidak;Tidak Ada;3;Sewa;Tidak
MHS04042;Menengah;Rp1.000.000 - Rp3.000.000;2;Beasiswa;Ya;KIP-Kuliah;4;Menumpang;Ya
MHS04043;Tinggi;Rp3.000.000 - Rp5.000.000;3;Orang Tua;Tidak;Tidak Ada;5;Sewa;Tidak
MHS04044;Menengah;Rp3.000.000 - Rp5.000.000;4;Orang Tua;Ya;Beasiswa Daerah;5;Milik Sendiri;Tidak
MHS04045;Menengah;Rp3.000.000 - Rp5.000.000;4;Kerja Sendiri (part-time);Tidak;Tidak Ada;6;Sewa;Ya
MHS04046;Menengah;Rp1.000.000 - Rp3.000.000;5;Orang Tua;Tidak;Tidak Ada;4;Milik Sendiri;Tidak
MHS04047;Menengah;Rp3.000.000 - Rp5.000.000;2;Pinjaman/Kredit Pendidikan;Tidak;Tidak Ada;6;Milik Sendiri;Tidak
MHS04048;Menengah;Rp3.000.000 - Rp5.000.000;3;Orang Tua;Tidak;Tidak Ada;5;Milik Sendiri;Ya
MHS04049;Tinggi;Rp3.000.000 - Rp5.000.000;1;Beasiswa;Ya;Beasiswa Swasta/CSR;6;Milik Sendiri;Tidak
MHS04050;Menengah;Rp1.000.000 - Rp3.000.000;4;Orang Tua;Ya;Beasiswa Prestasi Akademik (PPA);3;Sewa;Tidak
MHS04051;Menengah;Rp1.000.000 - Rp3.000.000;3;Kerja Sendiri (part-time);Tidak;Tidak Ada;2;Sewa;Tidak
MHS04052;Rendah;< Rp1.000.000;9;Beasiswa;Ya;Beasiswa Daerah;3;Menumpang;Ya
MHS04053;Menengah;< Rp1.000.000;4;Beasiswa;Ya;KIP-Kuliah;3;Menumpang;Tidak
MHS04054;Menengah;Rp3.000.000 - Rp5.000.000;4;Orang Tua;Tidak;Tidak Ada;4;Milik Sendiri;Tidak
MHS04055;Tinggi;> Rp5.000.000;4;Orang Tua;Tidak;Tidak Ada;7;Milik Sendiri;Tidak
MHS04056;Tinggi;Rp3.000.000 - Rp5.000.000;3;Orang Tua;Tidak;Tidak Ada;5;Menumpang;Ya
MHS04057;Rendah;< Rp1.000.000;6;Beasiswa;Ya;KIP-Kuliah;2;Menumpang;Ya
MHS04058;Menengah;Rp3.000.000 - Rp5.000.000;5;Beasiswa;Ya;Beasiswa Prestasi Akademik (PPA);5;Milik Sendiri;Tidak
MHS04059;Menengah;Rp3.000.000 - Rp5.000.000;2;Orang Tua;Ya;Beasiswa Prestasi Akademik (PPA);4;Milik Sendiri;Tidak
MHS04060;Menengah;Rp1.000.000 - Rp3.000.000;6;Orang Tua;Tidak;Tidak Ada;3;Sewa;Tidak
MHS04061;Rendah;< Rp1.000.000;5;Kerja Sendiri (part-time);Tidak;Tidak Ada;1;Menumpang;Ya
MHS04062;Tinggi;> Rp5.000.000;4;Orang Tua;Tidak;Tidak Ada;6;Milik Sendiri;Tidak
MHS04063;Menengah;Rp3.000.000 - Rp5.000.000;5;Orang Tua;Tidak;Tidak Ada;6;Milik Sendiri;Ya
MHS04064;Rendah;< Rp1.000.000;6;Orang Tua;Tidak;Tidak Ada;2;Menumpang;Ya
MHS04065;Menengah;Rp1.000.000 - Rp3.000.000;4;Beasiswa;Ya;KIP-Kuliah;3;Menumpang;Tidak
MHS04066;Rendah;< Rp1.000.000;5;Kerja Sendiri (part-time);Tidak;Tidak Ada;3;Sewa;Ya
MHS04067;Tinggi;Rp3.000.000 - Rp5.000.000;3;Orang Tua;Ya;Beasiswa Daerah;5;Milik Sendiri;Tidak
MHS04068;Tinggi;Rp3.000.000 - Rp5.000.000;3;Orang Tua;Tidak;Tidak Ada;5;Sewa;Tidak
MHS04069;Menengah;Rp3.000.000 - Rp5.000.000;3;Orang Tua;Tidak;Tidak Ada;5;Milik Sendiri;Tidak
MHS04070;Menengah;Rp1.000.000 - Rp3.000.000;4;Orang Tua;Tidak;Tidak Ada;6;Milik Sendiri;Ya
MHS04071;Menengah;> Rp5.000.000;4;Orang Tua;Tidak;Tidak Ada;6;Milik Sendiri;Tidak
MHS04072;Menengah;Rp3.000.000 - Rp5.000.000;1;Kerja Sendiri (part-time);Tidak;Tidak Ada;7;Sewa;Ya
MHS04073;Menengah;Rp3.000.000 - Rp5.000.000;3;Orang Tua;Tidak;Tidak Ada;6;Milik Sendiri;Tidak
MHS04074;Rendah;< Rp1.000.000;2;Beasiswa;Ya;KIP-Kuliah;2;Menumpang;Ya
MHS04075;Menengah;Rp1.000.000 - Rp3.000.000;7;Orang Tua;Tidak;Tidak Ada;3;Menumpang;Tidak
MHS04076;Rendah;Rp1.000.000 - Rp3.000.000;6;Orang Tua;Tidak;Tidak Ada;3;Menumpang;Ya
MHS04077;Rendah;< Rp1.000.000;2;Pinjaman/Kredit Pendidikan;Tidak;Tidak Ada;3;Menumpang;Ya
MHS04078;Tinggi;Rp3.000.000 - Rp5.000.000;2;Orang Tua;Tidak;Tidak Ada;5;Milik Sendiri;Tidak
MHS04079;Rendah;< Rp1.000.000;4;Orang Tua;Tidak;Tidak Ada;3;Menumpang;Ya
MHS04080;Menengah;Rp3.000.000 - Rp5.000.000;3;Orang Tua;Tidak;Tidak Ada;5;Menumpang;Ya
MHS04081;Menengah;Rp3.000.000 - Rp5.000.000;8;Beasiswa;Ya;Beasiswa Prestasi Akademik (PPA);4;Milik Sendiri;Tidak
MHS04082;Menengah;Rp1.000.000 - Rp3.000.000;3;Orang Tua;Tidak;Tidak Ada;5;Menumpang;Tidak
MHS04083;Rendah;Rp1.000.000 - Rp3.000.000;7;Orang Tua;Tidak;Tidak Ada;4;Menumpang;Ya
MHS04084;Menengah;Rp1.000.000 - Rp3.000.000;1;Orang Tua;Ya;Beasiswa Prestasi Akademik (PPA);2;Menumpang;Tidak
MHS04085;Tinggi;> Rp5.000.000;2;Beasiswa;Ya;Beasiswa Prestasi Akademik (PPA);5;Milik Sendiri;Tidak
MHS04086;Tinggi;> Rp5.000.000;3;Beasiswa;Ya;Beasiswa Daerah;5;Sewa;Tidak
MHS04087;Tinggi;> Rp5.000.000;4;Orang Tua;Tidak;Tidak Ada;8;Milik Sendiri;Tidak
MHS04088;Menengah;Rp3.000.000 - Rp5.000.000;3;Orang Tua;Tidak;Tidak Ada;5;Sewa;Tidak
MHS04089;Menengah;Rp1.000.000 - Rp3.000.000;6;Orang Tua;Tidak;Tidak Ada;5;Sewa;Tidak
MHS04090;Rendah;Rp1.000.000 - Rp3.000.000;3;Orang Tua;Tidak;Tidak Ada;4;Sewa;Tidak
MHS04091;Menengah;Rp1.000.000 - Rp3.000.000;1;Orang Tua;Tidak;Tidak Ada;3;Menumpang;Tidak
MHS04092;Menengah;Rp3.000.000 - Rp5.000.000;3;Beasiswa;Ya;KIP-Kuliah;4;Sewa;Tidak
MHS04093;Rendah;< Rp1.000.000;5;Beasiswa;Ya;KIP-Kuliah;1;Sewa;Ya
MHS04094;Tinggi;Rp3.000.000 - Rp5.000.000;2;Beasiswa;Ya;KIP-Kuliah;5;Milik Sendiri;Tidak
MHS04095;Menengah;> Rp5.000.000;4;Orang Tua;Tidak;Tidak Ada;7;Sewa;Tidak
MHS04096;Menengah;Rp1.000.000 - Rp3.000.000;8;Orang Tua;Tidak;Tidak Ada;3;Sewa;Ya
MHS04097;Rendah;Rp1.000.000 - Rp3.000.000;6;Orang Tua;Ya;Beasiswa Prestasi Akademik (PPA);2;Milik Sendiri;Tidak
MHS04098;Menengah;< Rp1.000.000;5;Kerja Sendiri (part-time);Tidak;Tidak Ada;4;Menumpang;Ya
MHS04099;Menengah;Rp3.000.000 - Rp5.000.000;3;Orang Tua;Tidak;Tidak Ada;4;Menumpang;Ya
MHS04100;Menengah;Rp3.000.000 - Rp5.000.000;3;Orang Tua;Tidak;Tidak Ada;7;Milik Sendiri;Tidak
MHS04101;Rendah;< Rp1.000.000;3;Orang Tua;Ya;KIP-Kuliah;2;Menumpang;Tidak
MHS04102;Menengah;Rp1.000.000 - Rp3.000.000;4;Beasiswa;Ya;Beasiswa Daerah;4;Milik Sendiri;Tidak
MHS04103;Menengah;Rp1.000.000 - Rp3.000.000;2;Orang Tua;Ya;Beasiswa Daerah;3;Menumpang;Tidak
MHS04104;Rendah;< Rp1.000.000;9;Beasiswa;Ya;KIP-Kuliah;1;Sewa;Ya
MHS04105;Tinggi;> Rp5.000.000;1;Orang Tua;Tidak;Tidak Ada;6;Sewa;Tidak
MHS04106;Menengah;Rp1.000.000 - Rp3.000.000;5;Orang Tua;Tidak;Tidak Ada;3;Sewa;Tidak
MHS04107;Tinggi;Rp3.000.000 - Rp5.000.000;3;Orang Tua;Tidak;Tidak Ada;6;Milik Sendiri;Tidak
MHS04108;Tinggi;> Rp5.000.000;3;Orang Tua;Ya;Beasiswa Prestasi Akademik (PPA);5;Milik Sendiri;Tidak
MHS04109;Menengah;Rp1.000.000 - Rp3.000.000;5;Orang Tua;Tidak;Tidak Ada;5;Milik Sendiri;Tidak
MHS04110;Rendah;Rp1.000.000 - Rp3.000.000;2;Orang Tua;Tidak;Tidak Ada;4;Menumpang;Tidak
MHS04111;Menengah;Rp3.000.000 - Rp5.000.000;3;Orang Tua;Ya;Beasiswa Prestasi Akademik (PPA);5;Milik Sendiri;Tidak
MHS04112;Rendah;< Rp1.000.000;6;Beasiswa;Ya;KIP-Kuliah;2;Menumpang;Tidak
MHS04113;Tinggi;> Rp5.000.000;3;Orang Tua;Tidak;Tidak Ada;7;Milik Sendiri;Tidak
MHS04114;Menengah;< Rp1.000.000;2;Orang Tua;Tidak;Tidak Ada;3;Sewa;Tidak
MHS04115;Menengah;Rp1.000.000 - Rp3.000.000;5;Kerja Sendiri (part-time);Tidak;Tidak Ada;3;Sewa;Tidak
MHS04116;Tinggi;> Rp5.000.000;4;Orang Tua;Tidak;Tidak Ada;8;Milik Sendiri;Tidak
MHS04117;Menengah;< Rp1.000.000;4;Kerja Sendiri (part-time);Tidak;Tidak Ada;3;Milik Sendiri;Tidak
MHS04118;Menengah;Rp1.000.000 - Rp3.000.000;5;Orang Tua;Tidak;Tidak Ada;3;Menumpang;Tidak
MHS04119;Menengah;Rp1.000.000 - Rp3.000.000;4;Orang Tua;Tidak;Tidak Ada;5;Milik Sendiri;Tidak
MHS04120;Tinggi;> Rp5.000.000;4;Orang Tua;Tidak;Tidak Ada;6;Milik Sendiri;Tidak
MHS04121;Rendah;< Rp1.000.000;4;Kerja Sendiri (part-time);Ya;Beasiswa Daerah;2;Menumpang;Tidak
MHS04122;Menengah;Rp1.000.000 - Rp3.000.000;5;Orang Tua;Tidak;Tidak Ada;4;Sewa;Tidak
MHS04123;Tinggi;> Rp5.000.000;2;Orang Tua;Tidak;Tidak Ada;5;Milik Sendiri;Tidak
MHS04124;Tinggi;> Rp5.000.000;4;Orang Tua;Tidak;Tidak Ada;7;Milik Sendiri;Tidak
MHS04125;Menengah;Rp1.000.000 - Rp3.000.000;3;Beasiswa;Ya;KIP-Kuliah;2;Sewa;Tidak
MHS04126;Menengah;Rp1.000.000 - Rp3.000.000;3;Orang Tua;Tidak;Tidak Ada;5;Milik Sendiri;Ya
MHS04127;Tinggi;> Rp5.000.000;6;Orang Tua;Tidak;Tidak Ada;8;Milik Sendiri;Tidak
MHS04128;Tinggi;> Rp5.000.000;2;Orang Tua;Tidak;Tidak Ada;8;Milik Sendiri;Tidak
MHS04129;Tinggi;> Rp5.000.000;1;Orang Tua;Ya;Beasiswa Daerah;7;Milik Sendiri;Tidak
MHS04130;Tinggi;> Rp5.000.000;7;Orang Tua;Tidak;Tidak Ada;6;Milik Sendiri;Ya
MHS04131;Menengah;Rp3.000.000 - Rp5.000.000;2;Orang Tua;Tidak;Tidak Ada;3;Milik Sendiri;Tidak
MHS04132;Menengah;Rp3.000.000 - Rp5.000.000;2;Beasiswa;Ya;KIP-Kuliah;5;Milik Sendiri;Ya
MHS04133;Menengah;Rp3.000.000 - Rp5.000.000;3;Orang Tua;Ya;Beasiswa Swasta/CSR;6;Sewa;Tidak
MHS04134;Menengah;Rp3.000.000 - Rp5.000.000;4;Orang Tua;Tidak;Tidak Ada;5;Milik Sendiri;Ya
MHS04135;Tinggi;Rp3.000.000 - Rp5.000.000;1;Orang Tua;Tidak;Tidak Ada;7;Milik Sendiri;Tidak
MHS04136;Tinggi;> Rp5.000.000;6;Orang Tua;Tidak;Tidak Ada;5;Milik Sendiri;Tidak
MHS04137;Menengah;Rp1.000.000 - Rp3.000.000;4;Kerja Sendiri (part-time);Tidak;Tidak Ada;5;Sewa;Ya
MHS04138;Menengah;Rp3.000.000 - Rp5.000.000;1;Orang Tua;Tidak;Tidak Ada;6;Milik Sendiri;Tidak
MHS04139;Tinggi;> Rp5.000.000;3;Orang Tua;Tidak;Tidak Ada;6;Milik Sendiri;Ya
MHS04140;Menengah;Rp1.000.000 - Rp3.000.000;7;Orang Tua;Ya;Beasiswa Prestasi Akademik (PPA);3;Milik Sendiri;Tidak
MHS04141;Menengah;Rp3.000.000 - Rp5.000.000;3;Orang Tua;Tidak;Tidak Ada;4;Sewa;Tidak
MHS04142;Rendah;Rp1.000.000 - Rp3.000.000;3;Beasiswa;Ya;KIP-Kuliah;2;Sewa;Ya
MHS04143;Tinggi;> Rp5.000.000;2;Orang Tua;Tidak;Tidak Ada;6;Sewa;Tidak
MHS04144;Menengah;Rp1.000.000 - Rp3.000.000;3;Orang Tua;Tidak;Tidak Ada;5;Sewa;Ya
MHS04145;Tinggi;Rp3.000.000 - Rp5.000.000;5;Orang Tua;Tidak;Tidak Ada;6;Sewa;Tidak
MHS04146;Menengah;Rp3.000.000 - Rp5.000.000;4;Orang Tua;Tidak;Tidak Ada;5;Milik Sendiri;Tidak
MHS04147;Menengah;Rp1.000.000 - Rp3.000.000;6;Beasiswa;Ya;Beasiswa Daerah;4;Menumpang;Tidak
MHS04148;Menengah;Rp1.000.000 - Rp3.000.000;4;Orang Tua;Tidak;Tidak Ada;5;Sewa;Tidak
MHS04149;Menengah;Rp3.000.000 - Rp5.000.000;6;Orang Tua;Tidak;Tidak Ada;5;Sewa;Ya
MHS04150;Tinggi;> Rp5.000.000;2;Orang Tua;Tidak;Tidak Ada;7;Milik Sendiri;Ya
MHS04151;Rendah;< Rp1.000.000;3;Beasiswa;Ya;KIP-Kuliah;1;Sewa;Ya
MHS04152;Menengah;Rp3.000.000 - Rp5.000.000;2;Orang Tua;Tidak;Tidak Ada;5;Menumpang;Tidak
MHS04153;Rendah;Rp1.000.000 - Rp3.000.000;4;Orang Tua;Ya;Beasiswa Prestasi Akademik (PPA);1;Sewa;Tidak
MHS04154;Rendah;Rp1.000.000 - Rp3.000.000;7;Orang Tua;Tidak;Tidak Ada;2;Sewa;Tidak
MHS04155;Tinggi;Rp3.000.000 - Rp5.000.000;3;Beasiswa;Ya;KIP-Kuliah;6;Menumpang;Tidak
MHS04156;Menengah;Rp3.000.000 - Rp5.000.000;5;Beasiswa;Ya;Beasiswa Prestasi Akademik (PPA);4;Milik Sendiri;Tidak
MHS04157;Menengah;Rp3.000.000 - Rp5.000.000;6;Orang Tua;Tidak;Tidak Ada;4;Milik Sendiri;Tidak
MHS04158;Menengah;> Rp5.000.000;3;Orang Tua;Tidak;Tidak Ada;5;Sewa;Tidak
MHS04159;Rendah;Rp1.000.000 - Rp3.000.000;6;Orang Tua;Tidak;Tidak Ada;3;Sewa;Tidak
MHS04160;Menengah;Rp1.000.000 - Rp3.000.000;5;Beasiswa;Ya;KIP-Kuliah;3;Milik Sendiri;Tidak
MHS04161;Tinggi;> Rp5.000.000;2;Beasiswa;Ya;Beasiswa Daerah;5;Sewa;Tidak
MHS04162;Menengah;Rp3.000.000 - Rp5.000.000;4;Beasiswa;Ya;KIP-Kuliah;3;Sewa;Tidak
MHS04163;Rendah;< Rp1.000.000;7;Beasiswa;Ya;KIP-Kuliah;3;Milik Sendiri;Tidak
MHS04164;Tinggi;> Rp5.000.000;6;Orang Tua;Tidak;Tidak Ada;6;Milik Sendiri;Tidak
MHS04165;Tinggi;> Rp5.000.000;2;Orang Tua;Tidak;Tidak Ada;6;Sewa;Tidak
MHS04166;Tinggi;> Rp5.000.000;3;Orang Tua;Tidak;Tidak Ada;6;Milik Sendiri;Tidak
MHS04167;Menengah;Rp1.000.000 - Rp3.000.000;4;Beasiswa;Ya;KIP-Kuliah;6;Menumpang;Tidak
MHS04168;Menengah;Rp1.000.000 - Rp3.000.000;3;Kerja Sendiri (part-time);Tidak;Tidak Ada;3;Menumpang;Tidak
MHS04169;Menengah;Rp1.000.000 - Rp3.000.000;4;Orang Tua;Tidak;Tidak Ada;4;Sewa;Tidak
MHS04170;Menengah;Rp1.000.000 - Rp3.000.000;6;Orang Tua;Tidak;Tidak Ada;4;Menumpang;Tidak
MHS04171;Rendah;Rp1.000.000 - Rp3.000.000;6;Beasiswa;Ya;KIP-Kuliah;3;Sewa;Ya
MHS04172;Menengah;Rp1.000.000 - Rp3.000.000;3;Beasiswa;Ya;KIP-Kuliah;4;Sewa;Tidak
MHS04173;Rendah;Rp1.000.000 - Rp3.000.000;4;Orang Tua;Tidak;Tidak Ada;3;Milik Sendiri;Ya
MHS04174;Tinggi;Rp3.000.000 - Rp5.000.000;4;Orang Tua;Tidak;Tidak Ada;6;Milik Sendiri;Tidak
MHS04175;Rendah;Rp1.000.000 - Rp3.000.000;4;Orang Tua;Tidak;Tidak Ada;3;Sewa;Ya
MHS04176;Tinggi;Rp3.000.000 - Rp5.000.000;5;Orang Tua;Tidak;Tidak Ada;5;Milik Sendiri;Tidak
MHS04177;Tinggi;> Rp5.000.000;3;Pinjaman/Kredit Pendidikan;Tidak;Tidak Ada;6;Milik Sendiri;Tidak
MHS04178;Menengah;Rp1.000.000 - Rp3.000.000;5;Orang Tua;Tidak;Tidak Ada;6;Sewa;Tidak
MHS04179;Tinggi;> Rp5.000.000;3;Orang Tua;Tidak;Tidak Ada;6;Milik Sendiri;Tidak
MHS04180;Rendah;< Rp1.000.000;3;Beasiswa;Ya;KIP-Kuliah;2;Menumpang;Ya
MHS04181;Menengah;Rp3.000.000 - Rp5.000.000;7;Orang Tua;Tidak;Tidak Ada;4;Milik Sendiri;Tidak
MHS04182;Menengah;Rp1.000.000 - Rp3.000.000;2;Orang Tua;Tidak;Tidak Ada;3;Menumpang;Tidak
MHS04183;Tinggi;Rp1.000.000 - Rp3.000.000;3;Orang Tua;Tidak;Tidak Ada;5;Milik Sendiri;Tidak
MHS04184;Menengah;Rp3.000.000 - Rp5.000.000;3;Orang Tua;Tidak;Tidak Ada;6;Menumpang;Tidak
MHS04185;Menengah;Rp3.000.000 - Rp5.000.000;4;Orang Tua;Tidak;Tidak Ada;6;Menumpang;Ya
MHS04186;Menengah;Rp1.000.000 - Rp3.000.000;3;Orang Tua;Tidak;Tidak Ada;5;Sewa;Tidak
MHS04187;Menengah;Rp3.000.000 - Rp5.000.000;4;Orang Tua;Tidak;Tidak Ada;5;Sewa;Tidak
MHS04188;Menengah;Rp3.000.000 - Rp5.000.000;5;Orang Tua;Tidak;Tidak Ada;6;Milik Sendiri;Ya
MHS04189;Tinggi;> Rp5.000.000;2;Orang Tua;Tidak;Tidak Ada;7;Milik Sendiri;Tidak
MHS04190;Menengah;Rp1.000.000 - Rp3.000.000;5;Orang Tua;Tidak;Tidak Ada;4;Milik Sendiri;Tidak
MHS04191;Menengah;Rp3.000.000 - Rp5.000.000;9;Kerja Sendiri (part-time);Tidak;Tidak Ada;6;Milik Sendiri;Tidak
MHS04192;Menengah;Rp1.000.000 - Rp3.000.000;3;Orang Tua;Tidak;Tidak Ada;3;Menumpang;Tidak
MHS04193;Menengah;Rp3.000.000 - Rp5.000.000;2;Orang Tua;Tidak;Tidak Ada;6;Sewa;Ya
MHS04194;Rendah;Rp1.000.000 - Rp3.000.000;5;Orang Tua;Tidak;Tidak Ada;3;Menumpang;Tidak
MHS04195;Menengah;Rp3.000.000 - Rp5.000.000;4;Beasiswa;Ya;KIP-Kuliah;3;Milik Sendiri;Tidak
MHS04196;Tinggi;Rp3.000.000 - Rp5.000.000;4;Orang Tua;Tidak;Tidak Ada;4;Milik Sendiri;Ya
MHS04197;Menengah;Rp3.000.000 - Rp5.000.000;6;Orang Tua;Tidak;Tidak Ada;4;Milik Sendiri;Tidak
MHS04198;Rendah;< Rp1.000.000;7;Orang Tua;Tidak;Tidak Ada;3;Sewa;Ya
MHS04199;Menengah;Rp1.000.000 - Rp3.000.000;1;Orang Tua;Tidak;Tidak Ada;7;Sewa;Tidak
MHS04200;Menengah;Rp3.000.000 - Rp5.000.000;3;Kerja Sendiri (part-time);Ya;KIP-Kuliah;4;Milik Sendiri;Ya
MHS04201;Tinggi;> Rp5.000.000;5;Orang Tua;Tidak;Tidak Ada;7;Milik Sendiri;Tidak
MHS04202;Rendah;< Rp1.000.000;5;Kerja Sendiri (part-time);Tidak;Tidak Ada;2;Milik Sendiri;Ya
MHS04203;Tinggi;Rp1.000.000 - Rp3.000.000;2;Orang Tua;Tidak;Tidak Ada;5;Milik Sendiri;Ya
MHS04204;Rendah;< Rp1.000.000;9;Beasiswa;Ya;KIP-Kuliah;2;Sewa;Tidak
MHS04205;Menengah;Rp1.000.000 - Rp3.000.000;3;Orang Tua;Tidak;Tidak Ada;6;Menumpang;Ya
MHS04206;Tinggi;> Rp5.000.000;3;Orang Tua;Tidak;Tidak Ada;8;Milik Sendiri;Ya
MHS04207;Tinggi;> Rp5.000.000;4;Orang Tua;Tidak;Tidak Ada;6;Sewa;Ya
MHS04208;Rendah;Rp3.000.000 - Rp5.000.000;2;Orang Tua;Tidak;Tidak Ada;5;Sewa;Tidak
MHS04209;Menengah;Rp3.000.000 - Rp5.000.000;7;Beasiswa;Ya;Beasiswa Daerah;6;Menumpang;Tidak
MHS04210;Menengah;Rp1.000.000 - Rp3.000.000;9;Beasiswa;Ya;KIP-Kuliah;2;Sewa;Tidak
MHS04211;Rendah;< Rp1.000.000;6;Beasiswa;Ya;Beasiswa Daerah;2;Sewa;Ya
MHS04212;Menengah;Rp1.000.000 - Rp3.000.000;6;Orang Tua;Ya;Beasiswa Prestasi Akademik (PPA);4;Milik Sendiri;Tidak
MHS04213;Menengah;Rp1.000.000 - Rp3.000.000;6;Orang Tua;Tidak;Tidak Ada;3;Sewa;Tidak
MHS04214;Rendah;< Rp1.000.000;3;Orang Tua;Tidak;Tidak Ada;3;Menumpang;Ya
MHS04215;Menengah;< Rp1.000.000;9;Pinjaman/Kredit Pendidikan;Ya;Beasiswa Daerah;2;Sewa;Ya
MHS04216;Rendah;< Rp1.000.000;4;Orang Tua;Tidak;Tidak Ada;1;Menumpang;Tidak
MHS04217;Tinggi;> Rp5.000.000;1;Orang Tua;Tidak;Tidak Ada;8;Milik Sendiri;Tidak
MHS04218;Tinggi;Rp3.000.000 - Rp5.000.000;4;Orang Tua;Ya;Beasiswa Prestasi Akademik (PPA);7;Milik Sendiri;Tidak
MHS04219;Menengah;Rp1.000.000 - Rp3.000.000;5;Orang Tua;Ya;Beasiswa Swasta/CSR;2;Milik Sendiri;Tidak
MHS04220;Menengah;Rp1.000.000 - Rp3.000.000;5;Beasiswa;Ya;Beasiswa Swasta/CSR;2;Sewa;Tidak
MHS04221;Rendah;Rp1.000.000 - Rp3.000.000;6;Orang Tua;Tidak;Tidak Ada;3;Milik Sendiri;Tidak
MHS04222;Rendah;< Rp1.000.000;6;Orang Tua;Ya;KIP-Kuliah;2;Menumpang;Ya
MHS04223;Menengah;Rp1.000.000 - Rp3.000.000;6;Orang Tua;Tidak;Tidak Ada;4;Sewa;Tidak
MHS04224;Menengah;Rp3.000.000 - Rp5.000.000;1;Beasiswa;Ya;Beasiswa Swasta/CSR;6;Sewa;Tidak
MHS04225;Menengah;Rp3.000.000 - Rp5.000.000;4;Orang Tua;Tidak;Tidak Ada;6;Milik Sendiri;Tidak
MHS04226;Rendah;Rp1.000.000 - Rp3.000.000;5;Orang Tua;Tidak;Tidak Ada;4;Sewa;Tidak
MHS04227;Rendah;< Rp1.000.000;5;Orang Tua;Ya;KIP-Kuliah;2;Menumpang;Tidak
MHS04228;Menengah;Rp3.000.000 - Rp5.000.000;4;Orang Tua;Tidak;Tidak Ada;6;Milik Sendiri;Tidak
MHS04229;Menengah;Rp3.000.000 - Rp5.000.000;3;Orang Tua;Tidak;Tidak Ada;3;Sewa;Tidak
MHS04230;Menengah;Rp3.000.000 - Rp5.000.000;4;Orang Tua;Tidak;Tidak Ada;6;Milik Sendiri;Tidak
MHS04231;Menengah;Rp3.000.000 - Rp5.000.000;5;Orang Tua;Tidak;Tidak Ada;4;Sewa;Tidak
MHS04232;Rendah;< Rp1.000.000;2;Orang Tua;Tidak;Tidak Ada;3;Menumpang;Tidak
MHS04233;Menengah;Rp1.000.000 - Rp3.000.000;4;Orang Tua;Tidak;Tidak Ada;4;Milik Sendiri;Tidak
MHS04234;Menengah;Rp1.000.000 - Rp3.000.000;3;Orang Tua;Tidak;Tidak Ada;3;Menumpang;Tidak
MHS04235;Menengah;Rp3.000.000 - Rp5.000.000;8;Pinjaman/Kredit Pendidikan;Tidak;Tidak Ada;5;Milik Sendiri;Tidak
MHS04236;Rendah;Rp1.000.000 - Rp3.000.000;7;Beasiswa;Ya;KIP-Kuliah;4;Menumpang;Ya
MHS04237;Tinggi;> Rp5.000.000;6;Orang Tua;Tidak;Tidak Ada;8;Milik Sendiri;Tidak
MHS04238;Rendah;< Rp1.000.000;5;Orang Tua;Tidak;Tidak Ada;4;Menumpang;Tidak
MHS04239;Rendah;Rp1.000.000 - Rp3.000.000;4;Orang Tua;Tidak;Tidak Ada;3;Menumpang;Tidak
MHS04240;Menengah;Rp3.000.000 - Rp5.000.000;5;Orang Tua;Tidak;Tidak Ada;5;Milik Sendiri;Tidak
MHS04241;Tinggi;> Rp5.000.000;5;Orang Tua;Tidak;Tidak Ada;3;Milik Sendiri;Ya
MHS04242;Rendah;Rp1.000.000 - Rp3.000.000;6;Beasiswa;Ya;KIP-Kuliah;2;Sewa;Tidak
MHS04243;Tinggi;> Rp5.000.000;4;Orang Tua;Tidak;Tidak Ada;7;Sewa;Ya
MHS04244;Menengah;Rp3.000.000 - Rp5.000.000;5;Orang Tua;Tidak;Tidak Ada;7;Menumpang;Tidak
MHS04245;Rendah;Rp1.000.000 - Rp3.000.000;4;Orang Tua;Ya;Beasiswa Prestasi Akademik (PPA);2;Milik Sendiri;Tidak
MHS04246;Tinggi;Rp3.000.000 - Rp5.000.000;2;Beasiswa;Ya;Beasiswa Prestasi Akademik (PPA);5;Milik Sendiri;Tidak
MHS04247;Rendah;Rp1.000.000 - Rp3.000.000;2;Beasiswa;Ya;KIP-Kuliah;2;Sewa;Ya
MHS04248;Rendah;< Rp1.000.000;5;Beasiswa;Ya;KIP-Kuliah;2;Menumpang;Tidak
MHS04249;Tinggi;> Rp5.000.000;3;Kerja Sendiri (part-time);Tidak;Tidak Ada;5;Milik Sendiri;Ya
MHS04250;Menengah;Rp3.000.000 - Rp5.000.000;7;Orang Tua;Tidak;Tidak Ada;6;Sewa;Tidak
MHS04251;Tinggi;Rp3.000.000 - Rp5.000.000;5;Beasiswa;Ya;Beasiswa Prestasi Akademik (PPA);7;Sewa;Tidak
MHS04252;Menengah;> Rp5.000.000;3;Beasiswa;Ya;KIP-Kuliah;5;Menumpang;Tidak
MHS04253;Menengah;Rp3.000.000 - Rp5.000.000;4;Orang Tua;Tidak;Tidak Ada;5;Milik Sendiri;Tidak
MHS04254;Menengah;Rp3.000.000 - Rp5.000.000;3;Orang Tua;Tidak;Tidak Ada;5;Sewa;Ya
MHS04255;Rendah;< Rp1.000.000;3;Beasiswa;Ya;KIP-Kuliah;2;Sewa;Tidak
MHS04256;Tinggi;Rp3.000.000 - Rp5.000.000;2;Orang Tua;Tidak;Tidak Ada;6;Milik Sendiri;Tidak
MHS04257;Rendah;Rp1.000.000 - Rp3.000.000;3;Orang Tua;Tidak;Tidak Ada;3;Sewa;Tidak
MHS04258;Menengah;Rp3.000.000 - Rp5.000.000;2;Orang Tua;Tidak;Tidak Ada;5;Sewa;Tidak
MHS04259;Menengah;Rp3.000.000 - Rp5.000.000;6;Orang Tua;Ya;Beasiswa Daerah;6;Sewa;Tidak
MHS04260;Menengah;Rp3.000.000 - Rp5.000.000;3;Orang Tua;Tidak;Tidak Ada;4;Milik Sendiri;Ya
MHS04261;Tinggi;> Rp5.000.000;2;Orang Tua;Tidak;Tidak Ada;8;Milik Sendiri;Tidak
MHS04262;Menengah;Rp1.000.000 - Rp3.000.000;2;Beasiswa;Ya;KIP-Kuliah;4;Milik Sendiri;Tidak
MHS04263;Tinggi;> Rp5.000.000;3;Orang Tua;Tidak;Tidak Ada;6;Sewa;Tidak
MHS04264;Tinggi;Rp3.000.000 - Rp5.000.000;1;Kerja Sendiri (part-time);Tidak;Tidak Ada;4;Menumpang;Ya
MHS04265;Menengah;Rp1.000.000 - Rp3.000.000;5;Beasiswa;Ya;Beasiswa Swasta/CSR;3;Menumpang;Tidak
MHS04266;Tinggi;> Rp5.000.000;4;Beasiswa;Ya;Beasiswa Prestasi Akademik (PPA);6;Milik Sendiri;Tidak
MHS04267;Menengah;< Rp1.000.000;3;Beasiswa;Ya;Beasiswa Prestasi Akademik (PPA);4;Sewa;Tidak
MHS04268;Tinggi;> Rp5.000.000;3;Orang Tua;Tidak;Tidak Ada;8;Sewa;Tidak
MHS04269;Menengah;Rp3.000.000 - Rp5.000.000;3;Orang Tua;Tidak;Tidak Ada;5;Milik Sendiri;Ya
MHS04270;Rendah;< Rp1.000.000;7;Beasiswa;Ya;KIP-Kuliah;1;Sewa;Ya
MHS04271;Menengah;Rp1.000.000 - Rp3.000.000;7;Kerja Sendiri (part-time);Ya;Beasiswa Daerah;3;Milik Sendiri;Tidak
MHS04272;Menengah;Rp1.000.000 - Rp3.000.000;1;Orang Tua;Tidak;Tidak Ada;4;Menumpang;Tidak
MHS04273;Menengah;Rp3.000.000 - Rp5.000.000;4;Orang Tua;Tidak;Tidak Ada;5;Sewa;Tidak
MHS04274;Tinggi;> Rp5.000.000;3;Beasiswa;Ya;Beasiswa Swasta/CSR;5;Milik Sendiri;Tidak
MHS04275;Menengah;Rp3.000.000 - Rp5.000.000;3;Kerja Sendiri (part-time);Ya;Beasiswa Prestasi Akademik (PPA);4;Milik Sendiri;Tidak
MHS04276;Rendah;Rp1.000.000 - Rp3.000.000;6;Orang Tua;Tidak;Tidak Ada;3;Menumpang;Tidak
MHS04277;Tinggi;> Rp5.000.000;3;Orang Tua;Tidak;Tidak Ada;5;Milik Sendiri;Ya
MHS04278;Menengah;Rp1.000.000 - Rp3.000.000;1;Orang Tua;Tidak;Tidak Ada;5;Sewa;Ya
MHS04279;Rendah;< Rp1.000.000;7;Kerja Sendiri (part-time);Tidak;Tidak Ada;3;Sewa;Tidak
MHS04280;Tinggi;Rp3.000.000 - Rp5.000.000;2;Orang Tua;Tidak;Tidak Ada;5;Milik Sendiri;Tidak
MHS04281;Menengah;Rp1.000.000 - Rp3.000.000;8;Kerja Sendiri (part-time);Tidak;Tidak Ada;5;Menumpang;Tidak
MHS04282;Rendah;Rp1.000.000 - Rp3.000.000;5;Kerja Sendiri (part-time);Tidak;Tidak Ada;4;Sewa;Ya
MHS04283;Menengah;> Rp5.000.000;4;Orang Tua;Ya;Beasiswa Swasta/CSR;6;Milik Sendiri;Ya
MHS04284;Menengah;Rp3.000.000 - Rp5.000.000;4;Pinjaman/Kredit Pendidikan;Ya;Beasiswa Prestasi Akademik (PPA);2;Sewa;Tidak
MHS04285;Menengah;Rp1.000.000 - Rp3.000.000;2;Orang Tua;Ya;Beasiswa Prestasi Akademik (PPA);3;Sewa;Tidak
MHS04286;Menengah;Rp3.000.000 - Rp5.000.000;6;Orang Tua;Tidak;Tidak Ada;5;Milik Sendiri;Tidak
MHS04287;Menengah;Rp3.000.000 - Rp5.000.000;5;Kerja Sendiri (part-time);Tidak;Tidak Ada;3;Milik Sendiri;Ya
MHS04288;Menengah;Rp1.000.000 - Rp3.000.000;9;Orang Tua;Tidak;Tidak Ada;5;Milik Sendiri;Tidak
MHS04289;Rendah;< Rp1.000.000;3;Kerja Sendiri (part-time);Tidak;Tidak Ada;2;Menumpang;Ya
MHS04290;Menengah;Rp1.000.000 - Rp3.000.000;5;Orang Tua;Tidak;Tidak Ada;7;Sewa;Tidak
MHS04291;Menengah;Rp3.000.000 - Rp5.000.000;6;Orang Tua;Tidak;Tidak Ada;4;Sewa;Ya
MHS04292;Menengah;Rp3.000.000 - Rp5.000.000;2;Orang Tua;Ya;Beasiswa Prestasi Akademik (PPA);8;Milik Sendiri;Tidak
MHS04293;Tinggi;> Rp5.000.000;3;Orang Tua;Tidak;Tidak Ada;7;Milik Sendiri;Tidak
MHS04294;Menengah;Rp1.000.000 - Rp3.000.000;5;Orang Tua;Tidak;Tidak Ada;3;Menumpang;Tidak
MHS04295;Menengah;Rp3.000.000 - Rp5.000.000;2;Beasiswa;Ya;Beasiswa Daerah;6;Milik Sendiri;Tidak
MHS04296;Rendah;< Rp1.000.000;1;Orang Tua;Tidak;Tidak Ada;3;Menumpang;Tidak
MHS04297;Tinggi;> Rp5.000.000;4;Orang Tua;Tidak;Tidak Ada;7;Milik Sendiri;Tidak
MHS04298;Menengah;Rp3.000.000 - Rp5.000.000;3;Pinjaman/Kredit Pendidikan;Tidak;Tidak Ada;3;Milik Sendiri;Tidak
MHS04299;Menengah;> Rp5.000.000;6;Orang Tua;Tidak;Tidak Ada;5;Milik Sendiri;Ya
MHS04300;Menengah;> Rp5.000.000;4;Orang Tua;Tidak;Tidak Ada;7;Milik Sendiri;Tidak
MHS04301;Rendah;< Rp1.000.000;5;Kerja Sendiri (part-time);Tidak;Tidak Ada;6;Sewa;Ya
MHS04302;Menengah;Rp1.000.000 - Rp3.000.000;5;Orang Tua;Tidak;Tidak Ada;3;Milik Sendiri;Ya
MHS04303;Menengah;Rp3.000.000 - Rp5.000.000;2;Orang Tua;Tidak;Tidak Ada;5;Milik Sendiri;Tidak
MHS04304;Tinggi;Rp3.000.000 - Rp5.000.000;4;Orang Tua;Ya;Beasiswa Prestasi Akademik (PPA);7;Milik Sendiri;Tidak
MHS04305;Menengah;Rp3.000.000 - Rp5.000.000;2;Orang Tua;Tidak;Tidak Ada;5;Menumpang;Tidak
MHS04306;Tinggi;> Rp5.000.000;3;Beasiswa;Ya;Beasiswa Prestasi Akademik (PPA);8;Milik Sendiri;Tidak
MHS04307;Tinggi;> Rp5.000.000;2;Orang Tua;Tidak;Tidak Ada;8;Milik Sendiri;Tidak
MHS04308;Rendah;< Rp1.000.000;9;Pinjaman/Kredit Pendidikan;Ya;KIP-Kuliah;4;Menumpang;Tidak
MHS04309;Menengah;< Rp1.000.000;3;Kerja Sendiri (part-time);Ya;Beasiswa Daerah;3;Sewa;Ya
MHS04310;Menengah;> Rp5.000.000;6;Orang Tua;Tidak;Tidak Ada;6;Milik Sendiri;Tidak
MHS04311;Rendah;Rp3.000.000 - Rp5.000.000;4;Orang Tua;Tidak;Tidak Ada;4;Menumpang;Tidak
MHS04312;Menengah;Rp1.000.000 - Rp3.000.000;2;Orang Tua;Ya;Beasiswa Prestasi Akademik (PPA);4;Menumpang;Tidak
MHS04313;Rendah;Rp1.000.000 - Rp3.000.000;7;Orang Tua;Tidak;Tidak Ada;4;Menumpang;Tidak
MHS04314;Tinggi;> Rp5.000.000;2;Orang Tua;Tidak;Tidak Ada;7;Milik Sendiri;Tidak
MHS04315;Menengah;Rp3.000.000 - Rp5.000.000;6;Orang Tua;Tidak;Tidak Ada;4;Sewa;Tidak
MHS04316;Tinggi;Rp3.000.000 - Rp5.000.000;5;Orang Tua;Tidak;Tidak Ada;5;Milik Sendiri;Tidak
MHS04317;Rendah;< Rp1.000.000;6;Beasiswa;Ya;KIP-Kuliah;3;Menumpang;Ya
MHS04318;Menengah;Rp1.000.000 - Rp3.000.000;8;Orang Tua;Tidak;Tidak Ada;4;Milik Sendiri;Tidak
MHS04319;Menengah;Rp3.000.000 - Rp5.000.000;3;Orang Tua;Tidak;Tidak Ada;4;Sewa;Tidak
MHS04320;Menengah;Rp1.000.000 - Rp3.000.000;6;Orang Tua;Tidak;Tidak Ada;4;Menumpang;Tidak
MHS04321;Menengah;Rp1.000.000 - Rp3.000.000;7;Beasiswa;Ya;KIP-Kuliah;4;Milik Sendiri;Ya
MHS04322;Tinggi;Rp3.000.000 - Rp5.000.000;3;Orang Tua;Ya;Beasiswa Prestasi Akademik (PPA);6;Sewa;Tidak
MHS04323;Menengah;Rp3.000.000 - Rp5.000.000;2;Orang Tua;Tidak;Tidak Ada;5;Milik Sendiri;Tidak
MHS04324;Menengah;Rp3.000.000 - Rp5.000.000;7;Orang Tua;Tidak;Tidak Ada;3;Sewa;Tidak
MHS04325;Rendah;Rp1.000.000 - Rp3.000.000;5;Beasiswa;Ya;KIP-Kuliah;5;Sewa;Tidak
MHS04326;Menengah;Rp1.000.000 - Rp3.000.000;4;Orang Tua;Tidak;Tidak Ada;3;Milik Sendiri;Tidak
MHS04327;Rendah;Rp1.000.000 - Rp3.000.000;4;Orang Tua;Tidak;Tidak Ada;3;Menumpang;Ya
MHS04328;Menengah;Rp3.000.000 - Rp5.000.000;6;Orang Tua;Tidak;Tidak Ada;5;Sewa;Tidak
MHS04329;Tinggi;Rp3.000.000 - Rp5.000.000;6;Orang Tua;Tidak;Tidak Ada;5;Milik Sendiri;Tidak
MHS04330;Menengah;Rp3.000.000 - Rp5.000.000;4;Kerja Sendiri (part-time);Tidak;Tidak Ada;7;Milik Sendiri;Ya
MHS04331;Tinggi;> Rp5.000.000;3;Orang Tua;Tidak;Tidak Ada;4;Milik Sendiri;Tidak
MHS04332;Menengah;Rp3.000.000 - Rp5.000.000;5;Beasiswa;Ya;KIP-Kuliah;4;Menumpang;Tidak
MHS04333;Tinggi;Rp3.000.000 - Rp5.000.000;6;Orang Tua;Tidak;Tidak Ada;5;Sewa;Tidak
MHS04334;Menengah;Rp3.000.000 - Rp5.000.000;5;Orang Tua;Ya;Beasiswa Prestasi Akademik (PPA);4;Milik Sendiri;Tidak
MHS04335;Menengah;Rp1.000.000 - Rp3.000.000;5;Beasiswa;Ya;KIP-Kuliah;2;Sewa;Tidak
MHS04336;Menengah;Rp1.000.000 - Rp3.000.000;2;Orang Tua;Ya;Beasiswa Prestasi Akademik (PPA);5;Milik Sendiri;Tidak
MHS04337;Tinggi;> Rp5.000.000;1;Orang Tua;Tidak;Tidak Ada;7;Milik Sendiri;Tidak
MHS04338;Tinggi;> Rp5.000.000;5;Orang Tua;Tidak;Tidak Ada;7;Milik Sendiri;Tidak
MHS04339;Rendah;Rp1.000.000 - Rp3.000.000;1;Beasiswa;Ya;KIP-Kuliah;4;Sewa;Ya
MHS04340;Tinggi;Rp3.000.000 - Rp5.000.000;4;Orang Tua;Tidak;Tidak Ada;6;Milik Sendiri;Tidak
MHS04341;Tinggi;Rp3.000.000 - Rp5.000.000;4;Orang Tua;Tidak;Tidak Ada;4;Milik Sendiri;Ya
MHS04342;Menengah;Rp1.000.000 - Rp3.000.000;5;Beasiswa;Ya;KIP-Kuliah;2;Sewa;Ya
MHS04343;Rendah;Rp1.000.000 - Rp3.000.000;4;Orang Tua;Tidak;Tidak Ada;3;Menumpang;Tidak
MHS04344;Tinggi;> Rp5.000.000;2;Beasiswa;Ya;KIP-Kuliah;6;Sewa;Tidak
MHS04345;Menengah;Rp3.000.000 - Rp5.000.000;4;Pinjaman/Kredit Pendidikan;Tidak;Tidak Ada;4;Milik Sendiri;Ya
MHS04346;Tinggi;> Rp5.000.000;4;Orang Tua;Tidak;Tidak Ada;8;Milik Sendiri;Tidak
MHS04347;Menengah;Rp1.000.000 - Rp3.000.000;2;Orang Tua;Tidak;Tidak Ada;2;Menumpang;Tidak
MHS04348;Tinggi;Rp3.000.000 - Rp5.000.000;4;Orang Tua;Tidak;Tidak Ada;6;Milik Sendiri;Tidak
MHS04349;Tinggi;Rp3.000.000 - Rp5.000.000;4;Orang Tua;Ya;Beasiswa Prestasi Akademik (PPA);5;Milik Sendiri;Tidak
MHS04350;Tinggi;> Rp5.000.000;5;Orang Tua;Tidak;Tidak Ada;8;Milik Sendiri;Tidak
MHS04351;Menengah;Rp3.000.000 - Rp5.000.000;3;Orang Tua;Tidak;Tidak Ada;4;Milik Sendiri;Tidak
MHS04352;Menengah;Rp3.000.000 - Rp5.000.000;4;Pinjaman/Kredit Pendidikan;Tidak;Tidak Ada;4;Menumpang;Tidak
MHS04353;Tinggi;> Rp5.000.000;4;Orang Tua;Tidak;Tidak Ada;8;Milik Sendiri;Tidak
MHS04354;Rendah;Rp1.000.000 - Rp3.000.000;9;Beasiswa;Ya;KIP-Kuliah;1;Menumpang;Ya
MHS04355;Rendah;< Rp1.000.000;6;Beasiswa;Ya;KIP-Kuliah;1;Menumpang;Ya
MHS04356;Rendah;< Rp1.000.000;1;Orang Tua;Ya;KIP-Kuliah;1;Menumpang;Tidak
MHS04357;Rendah;< Rp1.000.000;7;Orang Tua;Tidak;Tidak Ada;3;Sewa;Ya
MHS04358;Rendah;Rp1.000.000 - Rp3.000.000;7;Orang Tua;Tidak;Tidak Ada;2;Milik Sendiri;Tidak
MHS04359;Rendah;< Rp1.000.000;5;Orang Tua;Tidak;Tidak Ada;2;Menumpang;Ya
MHS04360;Menengah;Rp3.000.000 - Rp5.000.000;2;Orang Tua;Tidak;Tidak Ada;6;Sewa;Tidak
MHS04361;Menengah;Rp1.000.000 - Rp3.000.000;6;Kerja Sendiri (part-time);Tidak;Tidak Ada;4;Milik Sendiri;Ya
MHS04362;Rendah;< Rp1.000.000;3;Orang Tua;Ya;Beasiswa Daerah;2;Menumpang;Tidak
MHS04363;Menengah;Rp3.000.000 - Rp5.000.000;9;Pinjaman/Kredit Pendidikan;Tidak;Tidak Ada;4;Milik Sendiri;Tidak
MHS04364;Tinggi;> Rp5.000.000;3;Beasiswa;Ya;Beasiswa Daerah;5;Milik Sendiri;Tidak
MHS04365;Menengah;Rp1.000.000 - Rp3.000.000;4;Orang Tua;Tidak;Tidak Ada;4;Menumpang;Tidak
MHS04366;Tinggi;Rp3.000.000 - Rp5.000.000;5;Orang Tua;Tidak;Tidak Ada;6;Milik Sendiri;Tidak
MHS04367;Tinggi;> Rp5.000.000;4;Orang Tua;Tidak;Tidak Ada;7;Milik Sendiri;Tidak
MHS04368;Tinggi;> Rp5.000.000;4;Orang Tua;Tidak;Tidak Ada;7;Sewa;Tidak
MHS04369;Tinggi;Rp3.000.000 - Rp5.000.000;6;Orang Tua;Tidak;Tidak Ada;5;Milik Sendiri;Tidak
MHS04370;Tinggi;Rp3.000.000 - Rp5.000.000;3;Orang Tua;Tidak;Tidak Ada;5;Milik Sendiri;Tidak
MHS04371;Menengah;< Rp1.000.000;4;Orang Tua;Tidak;Tidak Ada;3;Sewa;Ya
MHS04372;Menengah;Rp3.000.000 - Rp5.000.000;2;Orang Tua;Tidak;Tidak Ada;3;Milik Sendiri;Tidak
MHS04373;Tinggi;> Rp5.000.000;2;Kerja Sendiri (part-time);Tidak;Tidak Ada;6;Milik Sendiri;Tidak
MHS04374;Menengah;Rp1.000.000 - Rp3.000.000;5;Orang Tua;Tidak;Tidak Ada;5;Menumpang;Tidak
MHS04375;Menengah;Rp3.000.000 - Rp5.000.000;3;Kerja Sendiri (part-time);Tidak;Tidak Ada;5;Sewa;Ya
MHS04376;Rendah;< Rp1.000.000;4;Beasiswa;Ya;KIP-Kuliah;3;Sewa;Tidak
MHS04377;Rendah;< Rp1.000.000;9;Kerja Sendiri (part-time);Ya;KIP-Kuliah;1;Menumpang;Tidak
MHS04378;Menengah;Rp3.000.000 - Rp5.000.000;4;Beasiswa;Ya;KIP-Kuliah;6;Milik Sendiri;Tidak
MHS04379;Menengah;Rp3.000.000 - Rp5.000.000;1;Pinjaman/Kredit Pendidikan;Tidak;Tidak Ada;6;Milik Sendiri;Tidak
MHS04380;Menengah;Rp3.000.000 - Rp5.000.000;2;Pinjaman/Kredit Pendidikan;Tidak;Tidak Ada;6;Sewa;Tidak
MHS04381;Menengah;Rp1.000.000 - Rp3.000.000;6;Orang Tua;Ya;Beasiswa Prestasi Akademik (PPA);5;Sewa;Tidak
MHS04382;Menengah;Rp3.000.000 - Rp5.000.000;2;Orang Tua;Ya;Beasiswa Prestasi Akademik (PPA);4;Sewa;Ya
MHS04383;Tinggi;Rp3.000.000 - Rp5.000.000;2;Orang Tua;Tidak;Tidak Ada;5;Milik Sendiri;Ya
MHS04384;Rendah;< Rp1.000.000;2;Beasiswa;Ya;KIP-Kuliah;2;Sewa;Tidak
MHS04385;Menengah;Rp1.000.000 - Rp3.000.000;6;Orang Tua;Tidak;Tidak Ada;4;Sewa;Tidak
MHS04386;Menengah;Rp3.000.000 - Rp5.000.000;8;Orang Tua;Tidak;Tidak Ada;5;Sewa;Tidak
MHS04387;Tinggi;> Rp5.000.000;7;Orang Tua;Tidak;Tidak Ada;5;Milik Sendiri;Tidak
MHS04388;Menengah;Rp1.000.000 - Rp3.000.000;4;Orang Tua;Tidak;Tidak Ada;4;Milik Sendiri;Tidak
MHS04389;Tinggi;Rp3.000.000 - Rp5.000.000;5;Pinjaman/Kredit Pendidikan;Tidak;Tidak Ada;5;Milik Sendiri;Tidak
MHS04390;Menengah;Rp1.000.000 - Rp3.000.000;4;Beasiswa;Ya;KIP-Kuliah;1;Sewa;Ya
MHS04391;Menengah;> Rp5.000.000;4;Beasiswa;Ya;Beasiswa Prestasi Akademik (PPA);5;Milik Sendiri;Tidak
MHS04392;Rendah;< Rp1.000.000;9;Beasiswa;Ya;KIP-Kuliah;1;Menumpang;Ya
MHS04393;Tinggi;> Rp5.000.000;4;Orang Tua;Tidak;Tidak Ada;6;Milik Sendiri;Tidak
MHS04394;Menengah;Rp1.000.000 - Rp3.000.000;8;Orang Tua;Ya;KIP-Kuliah;4;Menumpang;Tidak
MHS04395;Rendah;< Rp1.000.000;6;Orang Tua;Tidak;Tidak Ada;4;Menumpang;Tidak
MHS04396;Menengah;Rp3.000.000 - Rp5.000.000;3;Orang Tua;Tidak;Tidak Ada;5;Milik Sendiri;Tidak
MHS04397;Menengah;Rp3.000.000 - Rp5.000.000;6;Orang Tua;Tidak;Tidak Ada;6;Sewa;Ya
MHS04398;Menengah;Rp3.000.000 - Rp5.000.000;2;Orang Tua;Tidak;Tidak Ada;5;Milik Sendiri;Tidak
MHS04399;Rendah;< Rp1.000.000;7;Orang Tua;Ya;KIP-Kuliah;5;Menumpang;Ya
MHS04400;Menengah;Rp1.000.000 - Rp3.000.000;2;Orang Tua;Tidak;Tidak Ada;2;Sewa;Ya
MHS04401;Menengah;< Rp1.000.000;5;Pinjaman/Kredit Pendidikan;Tidak;Tidak Ada;7;Sewa;Tidak
MHS04402;Menengah;Rp1.000.000 - Rp3.000.000;8;Beasiswa;Ya;KIP-Kuliah;4;Milik Sendiri;Ya
MHS04403;Tinggi;> Rp5.000.000;4;Orang Tua;Tidak;Tidak Ada;7;Milik Sendiri;Tidak
MHS04404;Rendah;< Rp1.000.000;7;Beasiswa;Ya;KIP-Kuliah;4;Sewa;Ya
MHS04405;Rendah;< Rp1.000.000;6;Pinjaman/Kredit Pendidikan;Ya;Beasiswa Prestasi Akademik (PPA);4;Menumpang;Tidak
MHS04406;Tinggi;> Rp5.000.000;2;Orang Tua;Tidak;Tidak Ada;8;Sewa;Ya
MHS04407;Menengah;Rp1.000.000 - Rp3.000.000;1;Orang Tua;Tidak;Tidak Ada;5;Sewa;Tidak
MHS04408;Rendah;Rp1.000.000 - Rp3.000.000;3;Orang Tua;Ya;Beasiswa Swasta/CSR;2;Milik Sendiri;Tidak
MHS04409;Rendah;Rp1.000.000 - Rp3.000.000;7;Orang Tua;Tidak;Tidak Ada;3;Milik Sendiri;Tidak
MHS04410;Tinggi;Rp3.000.000 - Rp5.000.000;3;Orang Tua;Tidak;Tidak Ada;7;Milik Sendiri;Tidak
MHS04411;Tinggi;> Rp5.000.000;5;Beasiswa;Ya;Beasiswa Prestasi Akademik (PPA);6;Milik Sendiri;Tidak
MHS04412;Rendah;< Rp1.000.000;8;Beasiswa;Ya;KIP-Kuliah;3;Sewa;Tidak
MHS04413;Menengah;Rp3.000.000 - Rp5.000.000;9;Orang Tua;Tidak;Tidak Ada;5;Milik Sendiri;Tidak
MHS04414;Menengah;Rp3.000.000 - Rp5.000.000;5;Orang Tua;Tidak;Tidak Ada;4;Sewa;Ya
MHS04415;Menengah;Rp1.000.000 - Rp3.000.000;2;Beasiswa;Ya;KIP-Kuliah;5;Sewa;Tidak
MHS04416;Rendah;< Rp1.000.000;6;Beasiswa;Ya;KIP-Kuliah;2;Menumpang;Tidak
MHS04417;Tinggi;> Rp5.000.000;2;Beasiswa;Ya;Beasiswa Daerah;5;Sewa;Tidak
MHS04418;Menengah;Rp1.000.000 - Rp3.000.000;3;Orang Tua;Tidak;Tidak Ada;5;Milik Sendiri;Tidak
MHS04419;Menengah;Rp1.000.000 - Rp3.000.000;2;Kerja Sendiri (part-time);Tidak;Tidak Ada;3;Sewa;Ya
MHS04420;Menengah;Rp3.000.000 - Rp5.000.000;5;Orang Tua;Tidak;Tidak Ada;4;Milik Sendiri;Tidak
MHS04421;Menengah;Rp3.000.000 - Rp5.000.000;6;Orang Tua;Tidak;Tidak Ada;5;Milik Sendiri;Ya
MHS04422;Menengah;Rp1.000.000 - Rp3.000.000;3;Orang Tua;Tidak;Tidak Ada;5;Sewa;Tidak
MHS04423;Rendah;Rp1.000.000 - Rp3.000.000;3;Beasiswa;Ya;KIP-Kuliah;4;Sewa;Ya
MHS04424;Menengah;Rp1.000.000 - Rp3.000.000;3;Beasiswa;Ya;KIP-Kuliah;4;Milik Sendiri;Tidak
MHS04425;Rendah;< Rp1.000.000;4;Beasiswa;Ya;KIP-Kuliah;2;Sewa;Ya
MHS04426;Tinggi;> Rp5.000.000;2;Orang Tua;Tidak;Tidak Ada;6;Milik Sendiri;Ya
MHS04427;Menengah;Rp3.000.000 - Rp5.000.000;5;Beasiswa;Ya;KIP-Kuliah;4;Menumpang;Tidak
MHS04428;Tinggi;Rp3.000.000 - Rp5.000.000;6;Orang Tua;Ya;Beasiswa Swasta/CSR;6;Milik Sendiri;Tidak
MHS04429;Menengah;Rp3.000.000 - Rp5.000.000;3;Orang Tua;Tidak;Tidak Ada;3;Milik Sendiri;Tidak
MHS04430;Menengah;Rp1.000.000 - Rp3.000.000;6;Kerja Sendiri (part-time);Ya;Beasiswa Daerah;4;Sewa;Ya
MHS04431;Menengah;Rp3.000.000 - Rp5.000.000;6;Orang Tua;Ya;Beasiswa Prestasi Akademik (PPA);5;Sewa;Ya
MHS04432;Tinggi;> Rp5.000.000;3;Orang Tua;Tidak;Tidak Ada;7;Milik Sendiri;Tidak
MHS04433;Menengah;Rp3.000.000 - Rp5.000.000;5;Orang Tua;Tidak;Tidak Ada;4;Milik Sendiri;Tidak
MHS04434;Tinggi;> Rp5.000.000;4;Orang Tua;Tidak;Tidak Ada;7;Milik Sendiri;Tidak
MHS04435;Rendah;< Rp1.000.000;2;Kerja Sendiri (part-time);Tidak;Tidak Ada;3;Sewa;Ya
MHS04436;Menengah;Rp1.000.000 - Rp3.000.000;6;Orang Tua;Tidak;Tidak Ada;5;Milik Sendiri;Ya
MHS04437;Menengah;Rp1.000.000 - Rp3.000.000;5;Orang Tua;Tidak;Tidak Ada;4;Sewa;Tidak
MHS04438;Menengah;Rp1.000.000 - Rp3.000.000;4;Orang Tua;Ya;Beasiswa Swasta/CSR;4;Milik Sendiri;Tidak
MHS04439;Menengah;Rp1.000.000 - Rp3.000.000;8;Orang Tua;Ya;KIP-Kuliah;4;Milik Sendiri;Tidak
MHS04440;Rendah;< Rp1.000.000;3;Kerja Sendiri (part-time);Tidak;Tidak Ada;1;Menumpang;Ya
MHS04441;Menengah;> Rp5.000.000;2;Orang Tua;Tidak;Tidak Ada;7;Milik Sendiri;Tidak
MHS04442;Rendah;< Rp1.000.000;5;Beasiswa;Ya;KIP-Kuliah;3;Sewa;Tidak
MHS04443;Menengah;Rp3.000.000 - Rp5.000.000;3;Orang Tua;Tidak;Tidak Ada;5;Milik Sendiri;Ya
MHS04444;Tinggi;> Rp5.000.000;3;Orang Tua;Tidak;Tidak Ada;7;Milik Sendiri;Tidak
MHS04445;Tinggi;> Rp5.000.000;2;Orang Tua;Tidak;Tidak Ada;5;Milik Sendiri;Tidak
MHS04446;Rendah;< Rp1.000.000;6;Beasiswa;Ya;KIP-Kuliah;2;Sewa;Tidak
MHS04447;Menengah;> Rp5.000.000;3;Orang Tua;Tidak;Tidak Ada;5;Milik Sendiri;Tidak
MHS04448;Rendah;Rp1.000.000 - Rp3.000.000;4;Orang Tua;Ya;Beasiswa Prestasi Akademik (PPA);4;Sewa;Tidak
MHS04449;Menengah;Rp3.000.000 - Rp5.000.000;6;Pinjaman/Kredit Pendidikan;Tidak;Tidak Ada;5;Milik Sendiri;Tidak
MHS04450;Rendah;< Rp1.000.000;3;Beasiswa;Ya;KIP-Kuliah;4;Sewa;Tidak
MHS04451;Menengah;Rp3.000.000 - Rp5.000.000;7;Orang Tua;Tidak;Tidak Ada;5;Sewa;Tidak
MHS04452;Menengah;Rp3.000.000 - Rp5.000.000;4;Orang Tua;Tidak;Tidak Ada;5;Milik Sendiri;Ya
MHS04453;Menengah;Rp1.000.000 - Rp3.000.000;3;Orang Tua;Tidak;Tidak Ada;4;Milik Sendiri;Tidak
MHS04454;Menengah;Rp1.000.000 - Rp3.000.000;9;Beasiswa;Ya;Beasiswa Daerah;4;Menumpang;Tidak
MHS04455;Tinggi;> Rp5.000.000;4;Orang Tua;Tidak;Tidak Ada;6;Milik Sendiri;Tidak
MHS04456;Menengah;Rp1.000.000 - Rp3.000.000;3;Kerja Sendiri (part-time);Tidak;Tidak Ada;3;Sewa;Ya
MHS04457;Tinggi;> Rp5.000.000;4;Orang Tua;Tidak;Tidak Ada;6;Menumpang;Ya
MHS04458;Menengah;Rp3.000.000 - Rp5.000.000;3;Orang Tua;Tidak;Tidak Ada;4;Menumpang;Tidak
MHS04459;Menengah;Rp3.000.000 - Rp5.000.000;5;Pinjaman/Kredit Pendidikan;Tidak;Tidak Ada;4;Milik Sendiri;Tidak
MHS04460;Menengah;< Rp1.000.000;7;Orang Tua;Tidak;Tidak Ada;3;Menumpang;Ya
MHS04461;Menengah;Rp1.000.000 - Rp3.000.000;6;Orang Tua;Ya;Beasiswa Swasta/CSR;2;Sewa;Tidak
MHS04462;Tinggi;Rp3.000.000 - Rp5.000.000;4;Orang Tua;Tidak;Tidak Ada;4;Sewa;Ya
MHS04463;Menengah;Rp3.000.000 - Rp5.000.000;2;Orang Tua;Tidak;Tidak Ada;5;Sewa;Tidak
MHS04464;Menengah;Rp1.000.000 - Rp3.000.000;2;Orang Tua;Tidak;Tidak Ada;5;Milik Sendiri;Ya
MHS04465;Menengah;Rp3.000.000 - Rp5.000.000;4;Orang Tua;Tidak;Tidak Ada;5;Sewa;Tidak
MHS04466;Tinggi;Rp3.000.000 - Rp5.000.000;3;Orang Tua;Tidak;Tidak Ada;6;Milik Sendiri;Ya
MHS04467;Tinggi;> Rp5.000.000;2;Orang Tua;Tidak;Tidak Ada;6;Sewa;Tidak
MHS04468;Menengah;Rp3.000.000 - Rp5.000.000;4;Orang Tua;Tidak;Tidak Ada;6;Milik Sendiri;Tidak
MHS04469;Menengah;Rp3.000.000 - Rp5.000.000;3;Orang Tua;Tidak;Tidak Ada;5;Sewa;Tidak
MHS04470;Tinggi;Rp3.000.000 - Rp5.000.000;5;Orang Tua;Tidak;Tidak Ada;6;Milik Sendiri;Tidak
MHS04471;Menengah;Rp1.000.000 - Rp3.000.000;3;Beasiswa;Ya;KIP-Kuliah;5;Sewa;Tidak
MHS04472;Tinggi;> Rp5.000.000;2;Orang Tua;Tidak;Tidak Ada;8;Milik Sendiri;Tidak
MHS04473;Menengah;Rp3.000.000 - Rp5.000.000;3;Orang Tua;Ya;Beasiswa Daerah;5;Milik Sendiri;Tidak
MHS04474;Menengah;Rp3.000.000 - Rp5.000.000;2;Pinjaman/Kredit Pendidikan;Tidak;Tidak Ada;4;Menumpang;Tidak
MHS04475;Menengah;Rp1.000.000 - Rp3.000.000;6;Orang Tua;Ya;Beasiswa Swasta/CSR;4;Menumpang;Tidak
MHS04476;Rendah;Rp1.000.000 - Rp3.000.000;4;Orang Tua;Ya;Beasiswa Daerah;4;Sewa;Tidak
MHS04477;Menengah;Rp1.000.000 - Rp3.000.000;1;Orang Tua;Tidak;Tidak Ada;5;Sewa;Tidak
MHS04478;Rendah;< Rp1.000.000;4;Kerja Sendiri (part-time);Ya;KIP-Kuliah;3;Sewa;Ya
MHS04479;Menengah;Rp1.000.000 - Rp3.000.000;3;Beasiswa;Ya;KIP-Kuliah;4;Menumpang;Tidak
MHS04480;Tinggi;> Rp5.000.000;4;Kerja Sendiri (part-time);Ya;Beasiswa Daerah;6;Sewa;Tidak
MHS04481;Rendah;< Rp1.000.000;9;Beasiswa;Ya;KIP-Kuliah;1;Menumpang;Ya
MHS04482;Tinggi;> Rp5.000.000;5;Orang Tua;Tidak;Tidak Ada;8;Milik Sendiri;Tidak
MHS04483;Menengah;Rp3.000.000 - Rp5.000.000;3;Orang Tua;Tidak;Tidak Ada;5;Milik Sendiri;Tidak
MHS04484;Menengah;Rp3.000.000 - Rp5.000.000;2;Orang Tua;Tidak;Tidak Ada;4;Sewa;Tidak
MHS04485;Menengah;Rp3.000.000 - Rp5.000.000;3;Orang Tua;Tidak;Tidak Ada;5;Milik Sendiri;Tidak
MHS04486;Rendah;Rp1.000.000 - Rp3.000.000;2;Beasiswa;Ya;Beasiswa Prestasi Akademik (PPA);4;Milik Sendiri;Tidak
MHS04487;Rendah;Rp1.000.000 - Rp3.000.000;2;Beasiswa;Ya;Beasiswa Daerah;4;Milik Sendiri;Tidak
MHS04488;Rendah;< Rp1.000.000;4;Beasiswa;Ya;Beasiswa Daerah;3;Menumpang;Ya
MHS04489;Tinggi;> Rp5.000.000;1;Beasiswa;Ya;KIP-Kuliah;7;Milik Sendiri;Tidak
MHS04490;Tinggi;> Rp5.000.000;3;Orang Tua;Tidak;Tidak Ada;7;Milik Sendiri;Tidak
MHS04491;Rendah;Rp1.000.000 - Rp3.000.000;8;Orang Tua;Ya;Beasiswa Swasta/CSR;3;Menumpang;Tidak
MHS04492;Tinggi;> Rp5.000.000;2;Beasiswa;Ya;Beasiswa Prestasi Akademik (PPA);8;Milik Sendiri;Tidak
MHS04493;Rendah;< Rp1.000.000;9;Beasiswa;Ya;KIP-Kuliah;1;Menumpang;Ya
MHS04494;Rendah;< Rp1.000.000;4;Beasiswa;Ya;KIP-Kuliah;4;Menumpang;Tidak
MHS04495;Rendah;< Rp1.000.000;3;Kerja Sendiri (part-time);Ya;Beasiswa Prestasi Akademik (PPA);3;Sewa;Tidak
MHS04496;Tinggi;Rp3.000.000 - Rp5.000.000;2;Beasiswa;Ya;Beasiswa Prestasi Akademik (PPA);5;Milik Sendiri;Tidak
MHS04497;Rendah;Rp1.000.000 - Rp3.000.000;2;Kerja Sendiri (part-time);Tidak;Tidak Ada;4;Menumpang;Ya
MHS04498;Menengah;Rp3.000.000 - Rp5.000.000;1;Beasiswa;Ya;Beasiswa Prestasi Akademik (PPA);6;Sewa;Tidak
MHS04499;Rendah;Rp1.000.000 - Rp3.000.000;2;Beasiswa;Ya;Beasiswa Prestasi Akademik (PPA);5;Sewa;Tidak
MHS04500;Rendah;< Rp1.000.000;4;Beasiswa;Ya;KIP-Kuliah;2;Menumpang;Tidak
MHS04501;Menengah;Rp1.000.000 - Rp3.000.000;6;Orang Tua;Tidak;Tidak Ada;5;Sewa;Tidak
MHS04502;Menengah;Rp3.000.000 - Rp5.000.000;6;Orang Tua;Tidak;Tidak Ada;3;Menumpang;Tidak
MHS04503;Tinggi;> Rp5.000.000;2;Orang Tua;Tidak;Tidak Ada;7;Milik Sendiri;Tidak
MHS04504;Rendah;Rp1.000.000 - Rp3.000.000;7;Orang Tua;Tidak;Tidak Ada;3;Menumpang;Tidak
MHS04505;Menengah;> Rp5.000.000;4;Orang Tua;Tidak;Tidak Ada;5;Milik Sendiri;Tidak
MHS04506;Tinggi;> Rp5.000.000;7;Orang Tua;Tidak;Tidak Ada;6;Milik Sendiri;Ya
MHS04507;Menengah;Rp1.000.000 - Rp3.000.000;4;Orang Tua;Ya;Beasiswa Daerah;2;Menumpang;Tidak
MHS04508;Rendah;Rp1.000.000 - Rp3.000.000;7;Orang Tua;Ya;KIP-Kuliah;4;Sewa;Tidak
MHS04509;Menengah;Rp1.000.000 - Rp3.000.000;2;Orang Tua;Tidak;Tidak Ada;4;Sewa;Tidak
MHS04510;Menengah;Rp1.000.000 - Rp3.000.000;5;Kerja Sendiri (part-time);Tidak;Tidak Ada;5;Milik Sendiri;Ya
MHS04511;Menengah;Rp3.000.000 - Rp5.000.000;5;Kerja Sendiri (part-time);Tidak;Tidak Ada;6;Milik Sendiri;Tidak
MHS04512;Tinggi;> Rp5.000.000;3;Orang Tua;Ya;Beasiswa Daerah;5;Milik Sendiri;Tidak
MHS04513;Menengah;Rp1.000.000 - Rp3.000.000;8;Orang Tua;Tidak;Tidak Ada;3;Menumpang;Tidak
MHS04514;Menengah;Rp1.000.000 - Rp3.000.000;2;Kerja Sendiri (part-time);Tidak;Tidak Ada;4;Sewa;Ya
MHS04515;Menengah;Rp3.000.000 - Rp5.000.000;3;Orang Tua;Tidak;Tidak Ada;6;Milik Sendiri;Ya
MHS04516;Menengah;Rp1.000.000 - Rp3.000.000;6;Kerja Sendiri (part-time);Tidak;Tidak Ada;4;Milik Sendiri;Ya
MHS04517;Menengah;Rp1.000.000 - Rp3.000.000;4;Beasiswa;Ya;Beasiswa Daerah;3;Menumpang;Tidak
MHS04518;Menengah;Rp3.000.000 - Rp5.000.000;3;Kerja Sendiri (part-time);Tidak;Tidak Ada;5;Sewa;Ya
MHS04519;Menengah;Rp3.000.000 - Rp5.000.000;3;Orang Tua;Ya;Beasiswa Daerah;6;Milik Sendiri;Tidak
MHS04520;Menengah;Rp3.000.000 - Rp5.000.000;9;Orang Tua;Tidak;Tidak Ada;7;Milik Sendiri;Tidak
MHS04521;Tinggi;Rp3.000.000 - Rp5.000.000;2;Orang Tua;Tidak;Tidak Ada;3;Milik Sendiri;Tidak
MHS04522;Menengah;Rp1.000.000 - Rp3.000.000;2;Orang Tua;Tidak;Tidak Ada;4;Menumpang;Ya
MHS04523;Rendah;< Rp1.000.000;5;Beasiswa;Ya;Beasiswa Daerah;4;Menumpang;Tidak
MHS04524;Rendah;Rp1.000.000 - Rp3.000.000;3;Orang Tua;Tidak;Tidak Ada;5;Sewa;Tidak
MHS04525;Menengah;Rp3.000.000 - Rp5.000.000;5;Orang Tua;Ya;Beasiswa Swasta/CSR;5;Milik Sendiri;Tidak
MHS04526;Menengah;Rp1.000.000 - Rp3.000.000;7;Orang Tua;Tidak;Tidak Ada;5;Milik Sendiri;Tidak
MHS04527;Menengah;> Rp5.000.000;3;Orang Tua;Ya;Beasiswa Prestasi Akademik (PPA);5;Milik Sendiri;Ya
MHS04528;Menengah;Rp3.000.000 - Rp5.000.000;2;Orang Tua;Tidak;Tidak Ada;5;Milik Sendiri;Tidak
MHS04529;Menengah;Rp1.000.000 - Rp3.000.000;1;Orang Tua;Tidak;Tidak Ada;4;Sewa;Tidak
MHS04530;Menengah;Rp1.000.000 - Rp3.000.000;7;Beasiswa;Ya;Beasiswa Daerah;3;Sewa;Ya
MHS04531;Rendah;Rp1.000.000 - Rp3.000.000;6;Orang Tua;Tidak;Tidak Ada;2;Sewa;Ya
MHS04532;Rendah;Rp1.000.000 - Rp3.000.000;5;Beasiswa;Ya;Beasiswa Daerah;2;Sewa;Tidak
MHS04533;Tinggi;Rp3.000.000 - Rp5.000.000;3;Orang Tua;Tidak;Tidak Ada;4;Milik Sendiri;Tidak
MHS04534;Rendah;Rp1.000.000 - Rp3.000.000;4;Orang Tua;Ya;Beasiswa Swasta/CSR;2;Sewa;Ya
MHS04535;Menengah;Rp3.000.000 - Rp5.000.000;4;Orang Tua;Tidak;Tidak Ada;4;Milik Sendiri;Tidak
MHS04536;Menengah;Rp1.000.000 - Rp3.000.000;6;Kerja Sendiri (part-time);Tidak;Tidak Ada;3;Sewa;Tidak
MHS04537;Menengah;Rp1.000.000 - Rp3.000.000;8;Orang Tua;Tidak;Tidak Ada;4;Sewa;Ya
MHS04538;Tinggi;> Rp5.000.000;4;Orang Tua;Tidak;Tidak Ada;7;Milik Sendiri;Tidak
MHS04539;Menengah;Rp3.000.000 - Rp5.000.000;4;Orang Tua;Tidak;Tidak Ada;4;Sewa;Ya
MHS04540;Tinggi;> Rp5.000.000;3;Orang Tua;Tidak;Tidak Ada;8;Milik Sendiri;Tidak
MHS04541;Menengah;Rp1.000.000 - Rp3.000.000;6;Pinjaman/Kredit Pendidikan;Tidak;Tidak Ada;5;Milik Sendiri;Ya
MHS04542;Menengah;Rp3.000.000 - Rp5.000.000;3;Orang Tua;Tidak;Tidak Ada;5;Milik Sendiri;Tidak
MHS04543;Rendah;< Rp1.000.000;7;Beasiswa;Ya;KIP-Kuliah;2;Sewa;Tidak
MHS04544;Tinggi;> Rp5.000.000;7;Orang Tua;Ya;Beasiswa Daerah;6;Milik Sendiri;Tidak
MHS04545;Menengah;> Rp5.000.000;5;Orang Tua;Tidak;Tidak Ada;5;Sewa;Tidak
MHS04546;Menengah;Rp3.000.000 - Rp5.000.000;3;Orang Tua;Tidak;Tidak Ada;4;Menumpang;Tidak
MHS04547;Menengah;Rp1.000.000 - Rp3.000.000;3;Kerja Sendiri (part-time);Tidak;Tidak Ada;6;Milik Sendiri;Tidak
MHS04548;Tinggi;> Rp5.000.000;4;Orang Tua;Tidak;Tidak Ada;6;Milik Sendiri;Tidak
MHS04549;Menengah;Rp1.000.000 - Rp3.000.000;1;Orang Tua;Tidak;Tidak Ada;3;Menumpang;Tidak
MHS04550;Tinggi;> Rp5.000.000;1;Orang Tua;Tidak;Tidak Ada;7;Milik Sendiri;Tidak
MHS04551;Menengah;Rp3.000.000 - Rp5.000.000;5;Kerja Sendiri (part-time);Tidak;Tidak Ada;5;Sewa;Ya
MHS04552;Menengah;Rp1.000.000 - Rp3.000.000;4;Kerja Sendiri (part-time);Tidak;Tidak Ada;5;Milik Sendiri;Tidak
MHS04553;Tinggi;Rp3.000.000 - Rp5.000.000;4;Orang Tua;Tidak;Tidak Ada;5;Sewa;Tidak
MHS04554;Menengah;Rp1.000.000 - Rp3.000.000;3;Orang Tua;Tidak;Tidak Ada;5;Milik Sendiri;Tidak
MHS04555;Menengah;Rp1.000.000 - Rp3.000.000;5;Kerja Sendiri (part-time);Tidak;Tidak Ada;3;Sewa;Ya
MHS04556;Menengah;Rp3.000.000 - Rp5.000.000;5;Orang Tua;Tidak;Tidak Ada;6;Milik Sendiri;Ya
MHS04557;Tinggi;Rp3.000.000 - Rp5.000.000;8;Orang Tua;Tidak;Tidak Ada;7;Milik Sendiri;Tidak
MHS04558;Menengah;Rp3.000.000 - Rp5.000.000;4;Orang Tua;Tidak;Tidak Ada;4;Sewa;Tidak
MHS04559;Rendah;< Rp1.000.000;5;Kerja Sendiri (part-time);Tidak;Tidak Ada;3;Sewa;Ya
MHS04560;Menengah;Rp3.000.000 - Rp5.000.000;6;Orang Tua;Tidak;Tidak Ada;6;Sewa;Tidak
MHS04561;Rendah;Rp1.000.000 - Rp3.000.000;3;Orang Tua;Tidak;Tidak Ada;4;Milik Sendiri;Tidak
MHS04562;Menengah;Rp3.000.000 - Rp5.000.000;2;Orang Tua;Tidak;Tidak Ada;4;Sewa;Tidak
MHS04563;Menengah;Rp1.000.000 - Rp3.000.000;6;Orang Tua;Ya;Beasiswa Prestasi Akademik (PPA);3;Menumpang;Tidak
MHS04564;Rendah;< Rp1.000.000;9;Beasiswa;Ya;KIP-Kuliah;1;Menumpang;Tidak
MHS04565;Menengah;Rp1.000.000 - Rp3.000.000;8;Orang Tua;Tidak;Tidak Ada;5;Sewa;Tidak
MHS04566;Tinggi;Rp3.000.000 - Rp5.000.000;6;Beasiswa;Ya;Beasiswa Prestasi Akademik (PPA);6;Milik Sendiri;Tidak
MHS04567;Rendah;Rp1.000.000 - Rp3.000.000;4;Beasiswa;Ya;KIP-Kuliah;4;Sewa;Tidak
MHS04568;Menengah;Rp3.000.000 - Rp5.000.000;2;Orang Tua;Ya;Beasiswa Prestasi Akademik (PPA);6;Milik Sendiri;Tidak
MHS04569;Menengah;Rp3.000.000 - Rp5.000.000;3;Orang Tua;Tidak;Tidak Ada;7;Sewa;Tidak
MHS04570;Tinggi;Rp3.000.000 - Rp5.000.000;4;Orang Tua;Tidak;Tidak Ada;6;Milik Sendiri;Tidak
MHS04571;Tinggi;Rp3.000.000 - Rp5.000.000;4;Orang Tua;Tidak;Tidak Ada;5;Sewa;Tidak
MHS04572;Rendah;Rp1.000.000 - Rp3.000.000;5;Orang Tua;Tidak;Tidak Ada;3;Sewa;Tidak
MHS04573;Menengah;Rp3.000.000 - Rp5.000.000;4;Orang Tua;Tidak;Tidak Ada;6;Sewa;Tidak
MHS04574;Menengah;Rp1.000.000 - Rp3.000.000;6;Beasiswa;Ya;KIP-Kuliah;3;Milik Sendiri;Tidak
MHS04575;Rendah;< Rp1.000.000;8;Beasiswa;Ya;Beasiswa Prestasi Akademik (PPA);3;Sewa;Tidak
MHS04576;Menengah;Rp3.000.000 - Rp5.000.000;2;Orang Tua;Tidak;Tidak Ada;6;Menumpang;Tidak
MHS04577;Rendah;< Rp1.000.000;6;Beasiswa;Ya;KIP-Kuliah;1;Menumpang;Ya
MHS04578;Menengah;Rp3.000.000 - Rp5.000.000;3;Orang Tua;Tidak;Tidak Ada;6;Milik Sendiri;Tidak
MHS04579;Rendah;Rp1.000.000 - Rp3.000.000;6;Orang Tua;Tidak;Tidak Ada;3;Menumpang;Tidak
MHS04580;Tinggi;> Rp5.000.000;1;Orang Tua;Tidak;Tidak Ada;7;Milik Sendiri;Ya
MHS04581;Tinggi;> Rp5.000.000;3;Orang Tua;Tidak;Tidak Ada;6;Milik Sendiri;Tidak
MHS04582;Menengah;Rp3.000.000 - Rp5.000.000;3;Orang Tua;Tidak;Tidak Ada;6;Milik Sendiri;Tidak
MHS04583;Rendah;Rp1.000.000 - Rp3.000.000;5;Beasiswa;Ya;Beasiswa Prestasi Akademik (PPA);2;Menumpang;Tidak
MHS04584;Tinggi;> Rp5.000.000;3;Orang Tua;Ya;Beasiswa Prestasi Akademik (PPA);7;Milik Sendiri;Tidak
MHS04585;Menengah;Rp1.000.000 - Rp3.000.000;7;Orang Tua;Tidak;Tidak Ada;6;Sewa;Tidak
MHS04586;Menengah;Rp1.000.000 - Rp3.000.000;3;Orang Tua;Tidak;Tidak Ada;4;Milik Sendiri;Tidak
MHS04587;Tinggi;> Rp5.000.000;5;Orang Tua;Ya;Beasiswa Prestasi Akademik (PPA);7;Milik Sendiri;Tidak
MHS04588;Menengah;Rp1.000.000 - Rp3.000.000;2;Orang Tua;Tidak;Tidak Ada;5;Milik Sendiri;Tidak
MHS04589;Menengah;Rp3.000.000 - Rp5.000.000;2;Orang Tua;Tidak;Tidak Ada;5;Milik Sendiri;Tidak
MHS04590;Rendah;< Rp1.000.000;7;Beasiswa;Ya;KIP-Kuliah;2;Menumpang;Tidak
MHS04591;Tinggi;Rp3.000.000 - Rp5.000.000;1;Orang Tua;Ya;Beasiswa Daerah;6;Milik Sendiri;Tidak
MHS04592;Menengah;Rp3.000.000 - Rp5.000.000;2;Orang Tua;Ya;Beasiswa Prestasi Akademik (PPA);6;Milik Sendiri;Tidak
MHS04593;Menengah;Rp3.000.000 - Rp5.000.000;3;Kerja Sendiri (part-time);Tidak;Tidak Ada;5;Milik Sendiri;Tidak
MHS04594;Tinggi;> Rp5.000.000;3;Orang Tua;Tidak;Tidak Ada;6;Milik Sendiri;Tidak
MHS04595;Menengah;Rp3.000.000 - Rp5.000.000;3;Orang Tua;Tidak;Tidak Ada;3;Sewa;Tidak
MHS04596;Menengah;Rp3.000.000 - Rp5.000.000;9;Orang Tua;Tidak;Tidak Ada;3;Milik Sendiri;Tidak
MHS04597;Tinggi;Rp3.000.000 - Rp5.000.000;5;Orang Tua;Tidak;Tidak Ada;5;Milik Sendiri;Tidak
MHS04598;Rendah;< Rp1.000.000;8;Beasiswa;Ya;Beasiswa Prestasi Akademik (PPA);3;Sewa;Tidak
MHS04599;Menengah;Rp1.000.000 - Rp3.000.000;9;Beasiswa;Ya;KIP-Kuliah;7;Menumpang;Tidak
MHS04600;Rendah;Rp1.000.000 - Rp3.000.000;6;Orang Tua;Ya;Beasiswa Prestasi Akademik (PPA);4;Menumpang;Tidak
MHS04601;Menengah;Rp3.000.000 - Rp5.000.000;3;Orang Tua;Tidak;Tidak Ada;4;Milik Sendiri;Tidak
MHS04602;Menengah;Rp1.000.000 - Rp3.000.000;5;Orang Tua;Tidak;Tidak Ada;3;Sewa;Tidak
MHS04603;Tinggi;Rp3.000.000 - Rp5.000.000;2;Orang Tua;Tidak;Tidak Ada;5;Sewa;Tidak
MHS04604;Rendah;< Rp1.000.000;3;Beasiswa;Ya;KIP-Kuliah;3;Menumpang;Tidak
MHS04605;Tinggi;> Rp5.000.000;4;Orang Tua;Tidak;Tidak Ada;8;Milik Sendiri;Tidak
MHS04606;Menengah;Rp3.000.000 - Rp5.000.000;3;Orang Tua;Tidak;Tidak Ada;6;Milik Sendiri;Tidak
MHS04607;Menengah;Rp1.000.000 - Rp3.000.000;7;Orang Tua;Ya;Beasiswa Prestasi Akademik (PPA);3;Milik Sendiri;Tidak
MHS04608;Tinggi;> Rp5.000.000;4;Orang Tua;Tidak;Tidak Ada;6;Milik Sendiri;Tidak
MHS04609;Menengah;Rp3.000.000 - Rp5.000.000;3;Orang Tua;Tidak;Tidak Ada;4;Sewa;Tidak
MHS04610;Tinggi;Rp3.000.000 - Rp5.000.000;3;Orang Tua;Tidak;Tidak Ada;6;Milik Sendiri;Tidak
MHS04611;Tinggi;> Rp5.000.000;3;Orang Tua;Tidak;Tidak Ada;8;Milik Sendiri;Tidak
MHS04612;Menengah;Rp1.000.000 - Rp3.000.000;4;Orang Tua;Ya;Beasiswa Prestasi Akademik (PPA);4;Menumpang;Tidak
MHS04613;Menengah;Rp1.000.000 - Rp3.000.000;8;Orang Tua;Tidak;Tidak Ada;4;Sewa;Tidak
MHS04614;Menengah;Rp3.000.000 - Rp5.000.000;5;Beasiswa;Ya;KIP-Kuliah;5;Milik Sendiri;Tidak
MHS04615;Menengah;Rp3.000.000 - Rp5.000.000;6;Pinjaman/Kredit Pendidikan;Tidak;Tidak Ada;6;Milik Sendiri;Tidak
MHS04616;Menengah;Rp3.000.000 - Rp5.000.000;5;Orang Tua;Tidak;Tidak Ada;5;Milik Sendiri;Tidak
MHS04617;Tinggi;> Rp5.000.000;3;Orang Tua;Tidak;Tidak Ada;7;Milik Sendiri;Tidak
MHS04618;Tinggi;> Rp5.000.000;1;Orang Tua;Tidak;Tidak Ada;8;Milik Sendiri;Tidak
MHS04619;Menengah;Rp3.000.000 - Rp5.000.000;4;Orang Tua;Tidak;Tidak Ada;4;Milik Sendiri;Tidak
MHS04620;Rendah;Rp1.000.000 - Rp3.000.000;3;Beasiswa;Ya;Beasiswa Daerah;4;Menumpang;Ya
MHS04621;Menengah;Rp3.000.000 - Rp5.000.000;8;Orang Tua;Tidak;Tidak Ada;3;Milik Sendiri;Tidak
MHS04622;Menengah;Rp3.000.000 - Rp5.000.000;3;Orang Tua;Tidak;Tidak Ada;4;Milik Sendiri;Ya
MHS04623;Rendah;< Rp1.000.000;6;Kerja Sendiri (part-time);Tidak;Tidak Ada;2;Menumpang;Ya
MHS04624;Menengah;< Rp1.000.000;4;Beasiswa;Ya;KIP-Kuliah;3;Milik Sendiri;Tidak
MHS04625;Rendah;Rp1.000.000 - Rp3.000.000;6;Beasiswa;Ya;KIP-Kuliah;4;Milik Sendiri;Ya
MHS04626;Tinggi;> Rp5.000.000;1;Orang Tua;Tidak;Tidak Ada;8;Milik Sendiri;Tidak
MHS04627;Rendah;< Rp1.000.000;8;Beasiswa;Ya;KIP-Kuliah;1;Menumpang;Tidak
MHS04628;Menengah;Rp3.000.000 - Rp5.000.000;4;Orang Tua;Tidak;Tidak Ada;4;Milik Sendiri;Tidak
MHS04629;Menengah;Rp1.000.000 - Rp3.000.000;6;Beasiswa;Ya;KIP-Kuliah;4;Sewa;Tidak
MHS04630;Rendah;Rp1.000.000 - Rp3.000.000;4;Orang Tua;Tidak;Tidak Ada;5;Sewa;Ya
MHS04631;Menengah;< Rp1.000.000;3;Beasiswa;Ya;KIP-Kuliah;5;Sewa;Ya
MHS04632;Rendah;< Rp1.000.000;4;Beasiswa;Ya;KIP-Kuliah;2;Sewa;Tidak
MHS04633;Tinggi;Rp3.000.000 - Rp5.000.000;5;Orang Tua;Tidak;Tidak Ada;6;Menumpang;Tidak
MHS04634;Menengah;> Rp5.000.000;2;Orang Tua;Tidak;Tidak Ada;8;Sewa;Tidak
MHS04635;Rendah;< Rp1.000.000;6;Beasiswa;Ya;KIP-Kuliah;2;Sewa;Tidak
MHS04636;Rendah;< Rp1.000.000;4;Orang Tua;Ya;KIP-Kuliah;2;Sewa;Tidak
MHS04637;Menengah;Rp1.000.000 - Rp3.000.000;8;Orang Tua;Tidak;Tidak Ada;3;Menumpang;Tidak
MHS04638;Menengah;Rp3.000.000 - Rp5.000.000;6;Orang Tua;Tidak;Tidak Ada;4;Milik Sendiri;Tidak
MHS04639;Menengah;Rp3.000.000 - Rp5.000.000;2;Kerja Sendiri (part-time);Tidak;Tidak Ada;6;Sewa;Ya
MHS04640;Menengah;Rp3.000.000 - Rp5.000.000;1;Orang Tua;Tidak;Tidak Ada;7;Sewa;Tidak
MHS04641;Menengah;Rp3.000.000 - Rp5.000.000;4;Orang Tua;Tidak;Tidak Ada;5;Menumpang;Tidak
MHS04642;Menengah;Rp1.000.000 - Rp3.000.000;5;Beasiswa;Ya;KIP-Kuliah;5;Menumpang;Tidak
MHS04643;Tinggi;> Rp5.000.000;4;Orang Tua;Tidak;Tidak Ada;5;Milik Sendiri;Tidak
MHS04644;Tinggi;Rp3.000.000 - Rp5.000.000;1;Orang Tua;Tidak;Tidak Ada;6;Milik Sendiri;Tidak
MHS04645;Tinggi;> Rp5.000.000;4;Orang Tua;Tidak;Tidak Ada;8;Sewa;Tidak
MHS04646;Tinggi;> Rp5.000.000;6;Orang Tua;Ya;Beasiswa Prestasi Akademik (PPA);7;Milik Sendiri;Tidak
MHS04647;Menengah;Rp3.000.000 - Rp5.000.000;3;Orang Tua;Tidak;Tidak Ada;3;Milik Sendiri;Tidak
MHS04648;Tinggi;> Rp5.000.000;2;Orang Tua;Tidak;Tidak Ada;7;Milik Sendiri;Tidak
MHS04649;Menengah;Rp1.000.000 - Rp3.000.000;8;Beasiswa;Ya;Beasiswa Prestasi Akademik (PPA);4;Sewa;Tidak
MHS04650;Menengah;Rp3.000.000 - Rp5.000.000;3;Orang Tua;Tidak;Tidak Ada;5;Sewa;Tidak
MHS04651;Rendah;< Rp1.000.000;6;Orang Tua;Ya;KIP-Kuliah;3;Menumpang;Tidak
MHS04652;Menengah;< Rp1.000.000;3;Beasiswa;Ya;KIP-Kuliah;2;Menumpang;Ya
MHS04653;Menengah;Rp1.000.000 - Rp3.000.000;6;Orang Tua;Tidak;Tidak Ada;2;Menumpang;Tidak
MHS04654;Rendah;Rp1.000.000 - Rp3.000.000;3;Pinjaman/Kredit Pendidikan;Tidak;Tidak Ada;2;Sewa;Ya
MHS04655;Menengah;< Rp1.000.000;3;Kerja Sendiri (part-time);Tidak;Tidak Ada;5;Sewa;Ya
MHS04656;Tinggi;> Rp5.000.000;1;Orang Tua;Tidak;Tidak Ada;8;Milik Sendiri;Tidak
MHS04657;Menengah;Rp3.000.000 - Rp5.000.000;5;Orang Tua;Tidak;Tidak Ada;5;Milik Sendiri;Tidak
MHS04658;Menengah;Rp3.000.000 - Rp5.000.000;4;Orang Tua;Ya;Beasiswa Swasta/CSR;4;Milik Sendiri;Tidak
MHS04659;Menengah;Rp3.000.000 - Rp5.000.000;7;Orang Tua;Tidak;Tidak Ada;5;Menumpang;Ya
MHS04660;Rendah;< Rp1.000.000;6;Beasiswa;Ya;KIP-Kuliah;4;Sewa;Tidak
MHS04661;Menengah;Rp3.000.000 - Rp5.000.000;6;Orang Tua;Tidak;Tidak Ada;4;Menumpang;Tidak
MHS04662;Menengah;Rp1.000.000 - Rp3.000.000;4;Orang Tua;Tidak;Tidak Ada;3;Menumpang;Tidak
MHS04663;Menengah;Rp3.000.000 - Rp5.000.000;6;Orang Tua;Tidak;Tidak Ada;5;Milik Sendiri;Tidak
MHS04664;Rendah;< Rp1.000.000;4;Orang Tua;Ya;Beasiswa Daerah;3;Sewa;Tidak
MHS04665;Menengah;Rp1.000.000 - Rp3.000.000;6;Beasiswa;Ya;KIP-Kuliah;3;Sewa;Tidak
MHS04666;Menengah;Rp1.000.000 - Rp3.000.000;3;Beasiswa;Ya;KIP-Kuliah;3;Sewa;Ya
MHS04667;Menengah;Rp3.000.000 - Rp5.000.000;2;Orang Tua;Tidak;Tidak Ada;5;Sewa;Ya
MHS04668;Tinggi;> Rp5.000.000;3;Orang Tua;Tidak;Tidak Ada;8;Milik Sendiri;Tidak
MHS04669;Tinggi;> Rp5.000.000;3;Orang Tua;Ya;Beasiswa Prestasi Akademik (PPA);6;Milik Sendiri;Tidak
MHS04670;Rendah;< Rp1.000.000;5;Pinjaman/Kredit Pendidikan;Tidak;Tidak Ada;1;Sewa;Ya
MHS04671;Rendah;Rp1.000.000 - Rp3.000.000;8;Beasiswa;Ya;KIP-Kuliah;4;Sewa;Tidak
MHS04672;Tinggi;> Rp5.000.000;2;Orang Tua;Tidak;Tidak Ada;7;Milik Sendiri;Tidak
MHS04673;Menengah;Rp3.000.000 - Rp5.000.000;5;Kerja Sendiri (part-time);Tidak;Tidak Ada;4;Milik Sendiri;Ya
MHS04674;Menengah;Rp1.000.000 - Rp3.000.000;3;Orang Tua;Tidak;Tidak Ada;4;Milik Sendiri;Tidak
MHS04675;Tinggi;> Rp5.000.000;2;Orang Tua;Tidak;Tidak Ada;5;Milik Sendiri;Tidak
MHS04676;Tinggi;Rp3.000.000 - Rp5.000.000;2;Orang Tua;Tidak;Tidak Ada;6;Milik Sendiri;Tidak
MHS04677;Tinggi;Rp3.000.000 - Rp5.000.000;4;Orang Tua;Tidak;Tidak Ada;4;Sewa;Tidak
MHS04678;Menengah;Rp3.000.000 - Rp5.000.000;4;Orang Tua;Tidak;Tidak Ada;6;Sewa;Tidak
MHS04679;Tinggi;> Rp5.000.000;6;Orang Tua;Tidak;Tidak Ada;5;Milik Sendiri;Tidak
MHS04680;Menengah;Rp1.000.000 - Rp3.000.000;3;Beasiswa;Ya;KIP-Kuliah;1;Sewa;Ya
MHS04681;Tinggi;Rp3.000.000 - Rp5.000.000;5;Orang Tua;Tidak;Tidak Ada;5;Milik Sendiri;Ya
MHS04682;Tinggi;> Rp5.000.000;3;Orang Tua;Tidak;Tidak Ada;8;Milik Sendiri;Tidak
MHS04683;Tinggi;Rp3.000.000 - Rp5.000.000;2;Orang Tua;Tidak;Tidak Ada;5;Milik Sendiri;Tidak
MHS04684;Rendah;Rp1.000.000 - Rp3.000.000;4;Orang Tua;Tidak;Tidak Ada;4;Milik Sendiri;Tidak
MHS04685;Rendah;Rp1.000.000 - Rp3.000.000;4;Kerja Sendiri (part-time);Tidak;Tidak Ada;3;Sewa;Ya
MHS04686;Menengah;Rp3.000.000 - Rp5.000.000;4;Orang Tua;Tidak;Tidak Ada;5;Menumpang;Tidak
MHS04687;Menengah;Rp3.000.000 - Rp5.000.000;4;Beasiswa;Ya;Beasiswa Prestasi Akademik (PPA);4;Milik Sendiri;Tidak
MHS04688;Menengah;Rp3.000.000 - Rp5.000.000;3;Orang Tua;Tidak;Tidak Ada;6;Milik Sendiri;Ya
MHS04689;Menengah;Rp3.000.000 - Rp5.000.000;2;Orang Tua;Tidak;Tidak Ada;6;Sewa;Ya
MHS04690;Rendah;< Rp1.000.000;3;Beasiswa;Ya;KIP-Kuliah;1;Menumpang;Tidak
MHS04691;Rendah;< Rp1.000.000;2;Beasiswa;Ya;KIP-Kuliah;3;Milik Sendiri;Tidak
MHS04692;Menengah;Rp3.000.000 - Rp5.000.000;2;Kerja Sendiri (part-time);Ya;KIP-Kuliah;4;Menumpang;Tidak
MHS04693;Menengah;Rp1.000.000 - Rp3.000.000;5;Orang Tua;Tidak;Tidak Ada;5;Sewa;Tidak
MHS04694;Rendah;< Rp1.000.000;4;Kerja Sendiri (part-time);Tidak;Tidak Ada;2;Sewa;Ya
MHS04695;Menengah;Rp3.000.000 - Rp5.000.000;2;Orang Tua;Tidak;Tidak Ada;7;Milik Sendiri;Tidak
MHS04696;Rendah;Rp1.000.000 - Rp3.000.000;4;Orang Tua;Tidak;Tidak Ada;4;Menumpang;Tidak
MHS04697;Menengah;Rp1.000.000 - Rp3.000.000;4;Orang Tua;Tidak;Tidak Ada;3;Menumpang;Tidak
MHS04698;Menengah;Rp1.000.000 - Rp3.000.000;3;Orang Tua;Ya;Beasiswa Prestasi Akademik (PPA);5;Milik Sendiri;Tidak
MHS04699;Rendah;< Rp1.000.000;9;Kerja Sendiri (part-time);Ya;KIP-Kuliah;3;Sewa;Tidak
MHS04700;Menengah;Rp3.000.000 - Rp5.000.000;3;Orang Tua;Tidak;Tidak Ada;4;Milik Sendiri;Tidak
MHS04701;Menengah;Rp3.000.000 - Rp5.000.000;4;Orang Tua;Tidak;Tidak Ada;3;Menumpang;Tidak
MHS04702;Menengah;Rp3.000.000 - Rp5.000.000;2;Beasiswa;Ya;Beasiswa Prestasi Akademik (PPA);5;Sewa;Ya
MHS04703;Menengah;Rp3.000.000 - Rp5.000.000;1;Orang Tua;Tidak;Tidak Ada;5;Menumpang;Ya
MHS04704;Menengah;Rp3.000.000 - Rp5.000.000;4;Orang Tua;Tidak;Tidak Ada;5;Milik Sendiri;Tidak
MHS04705;Menengah;Rp3.000.000 - Rp5.000.000;4;Orang Tua;Tidak;Tidak Ada;4;Milik Sendiri;Tidak
MHS04706;Tinggi;> Rp5.000.000;3;Orang Tua;Tidak;Tidak Ada;6;Milik Sendiri;Tidak
MHS04707;Menengah;Rp3.000.000 - Rp5.000.000;9;Orang Tua;Tidak;Tidak Ada;4;Sewa;Tidak
MHS04708;Menengah;> Rp5.000.000;5;Orang Tua;Tidak;Tidak Ada;6;Milik Sendiri;Tidak
MHS04709;Menengah;Rp1.000.000 - Rp3.000.000;2;Orang Tua;Tidak;Tidak Ada;4;Menumpang;Tidak
MHS04710;Menengah;Rp1.000.000 - Rp3.000.000;4;Orang Tua;Tidak;Tidak Ada;6;Milik Sendiri;Tidak
MHS04711;Menengah;Rp3.000.000 - Rp5.000.000;3;Orang Tua;Tidak;Tidak Ada;5;Milik Sendiri;Tidak
MHS04712;Menengah;Rp3.000.000 - Rp5.000.000;3;Orang Tua;Tidak;Tidak Ada;4;Milik Sendiri;Tidak
MHS04713;Tinggi;Rp3.000.000 - Rp5.000.000;6;Orang Tua;Ya;Beasiswa Daerah;5;Milik Sendiri;Tidak
MHS04714;Menengah;Rp3.000.000 - Rp5.000.000;2;Orang Tua;Tidak;Tidak Ada;3;Sewa;Tidak
MHS04715;Menengah;Rp3.000.000 - Rp5.000.000;4;Orang Tua;Tidak;Tidak Ada;6;Milik Sendiri;Tidak
MHS04716;Menengah;Rp3.000.000 - Rp5.000.000;2;Orang Tua;Tidak;Tidak Ada;5;Menumpang;Tidak
MHS04717;Rendah;Rp1.000.000 - Rp3.000.000;5;Orang Tua;Ya;Beasiswa Prestasi Akademik (PPA);5;Sewa;Tidak
MHS04718;Menengah;< Rp1.000.000;3;Beasiswa;Ya;KIP-Kuliah;3;Menumpang;Tidak
MHS04719;Menengah;Rp3.000.000 - Rp5.000.000;4;Orang Tua;Tidak;Tidak Ada;2;Sewa;Tidak
MHS04720;Rendah;Rp1.000.000 - Rp3.000.000;5;Beasiswa;Ya;KIP-Kuliah;1;Sewa;Ya
MHS04721;Menengah;> Rp5.000.000;5;Orang Tua;Tidak;Tidak Ada;6;Sewa;Tidak
MHS04722;Menengah;Rp3.000.000 - Rp5.000.000;2;Orang Tua;Tidak;Tidak Ada;6;Milik Sendiri;Tidak
MHS04723;Menengah;Rp1.000.000 - Rp3.000.000;6;Beasiswa;Ya;Beasiswa Swasta/CSR;5;Milik Sendiri;Ya
MHS04724;Tinggi;Rp3.000.000 - Rp5.000.000;3;Orang Tua;Tidak;Tidak Ada;6;Sewa;Tidak
MHS04725;Tinggi;Rp3.000.000 - Rp5.000.000;3;Orang Tua;Tidak;Tidak Ada;5;Milik Sendiri;Tidak
MHS04726;Tinggi;> Rp5.000.000;3;Orang Tua;Tidak;Tidak Ada;6;Milik Sendiri;Tidak
MHS04727;Menengah;Rp1.000.000 - Rp3.000.000;5;Orang Tua;Tidak;Tidak Ada;6;Milik Sendiri;Ya
MHS04728;Menengah;Rp1.000.000 - Rp3.000.000;3;Orang Tua;Tidak;Tidak Ada;4;Menumpang;Tidak
MHS04729;Rendah;Rp1.000.000 - Rp3.000.000;2;Orang Tua;Tidak;Tidak Ada;3;Sewa;Ya
MHS04730;Rendah;Rp1.000.000 - Rp3.000.000;3;Orang Tua;Tidak;Tidak Ada;2;Sewa;Ya
MHS04731;Menengah;Rp1.000.000 - Rp3.000.000;6;Orang Tua;Tidak;Tidak Ada;4;Milik Sendiri;Tidak
MHS04732;Rendah;< Rp1.000.000;4;Beasiswa;Ya;KIP-Kuliah;1;Milik Sendiri;Ya
MHS04733;Tinggi;> Rp5.000.000;4;Orang Tua;Tidak;Tidak Ada;7;Milik Sendiri;Tidak
MHS04734;Tinggi;Rp3.000.000 - Rp5.000.000;6;Orang Tua;Ya;Beasiswa Swasta/CSR;4;Sewa;Tidak
MHS04735;Menengah;Rp3.000.000 - Rp5.000.000;2;Orang Tua;Tidak;Tidak Ada;5;Menumpang;Tidak
MHS04736;Menengah;Rp3.000.000 - Rp5.000.000;4;Orang Tua;Tidak;Tidak Ada;5;Menumpang;Tidak
MHS04737;Rendah;< Rp1.000.000;1;Beasiswa;Ya;KIP-Kuliah;4;Menumpang;Ya
MHS04738;Menengah;Rp1.000.000 - Rp3.000.000;6;Orang Tua;Tidak;Tidak Ada;4;Menumpang;Ya
MHS04739;Menengah;Rp1.000.000 - Rp3.000.000;2;Orang Tua;Tidak;Tidak Ada;2;Menumpang;Tidak
MHS04740;Rendah;< Rp1.000.000;6;Beasiswa;Ya;KIP-Kuliah;1;Menumpang;Ya
MHS04741;Menengah;Rp3.000.000 - Rp5.000.000;2;Beasiswa;Ya;Beasiswa Swasta/CSR;6;Sewa;Ya
MHS04742;Menengah;Rp3.000.000 - Rp5.000.000;1;Orang Tua;Tidak;Tidak Ada;6;Milik Sendiri;Tidak
MHS04743;Menengah;Rp1.000.000 - Rp3.000.000;2;Orang Tua;Tidak;Tidak Ada;3;Menumpang;Tidak
MHS04744;Menengah;Rp3.000.000 - Rp5.000.000;6;Orang Tua;Tidak;Tidak Ada;5;Milik Sendiri;Tidak
MHS04745;Rendah;Rp1.000.000 - Rp3.000.000;6;Orang Tua;Tidak;Tidak Ada;4;Milik Sendiri;Tidak
MHS04746;Tinggi;> Rp5.000.000;6;Orang Tua;Tidak;Tidak Ada;7;Milik Sendiri;Tidak
MHS04747;Menengah;Rp3.000.000 - Rp5.000.000;3;Kerja Sendiri (part-time);Tidak;Tidak Ada;6;Sewa;Tidak
MHS04748;Rendah;< Rp1.000.000;3;Kerja Sendiri (part-time);Ya;KIP-Kuliah;1;Menumpang;Ya
MHS04749;Menengah;> Rp5.000.000;4;Orang Tua;Tidak;Tidak Ada;5;Milik Sendiri;Tidak
MHS04750;Rendah;< Rp1.000.000;5;Orang Tua;Ya;Beasiswa Daerah;2;Sewa;Tidak
MHS04751;Menengah;Rp1.000.000 - Rp3.000.000;3;Kerja Sendiri (part-time);Tidak;Tidak Ada;2;Milik Sendiri;Tidak
MHS04752;Rendah;Rp1.000.000 - Rp3.000.000;3;Beasiswa;Ya;KIP-Kuliah;3;Menumpang;Tidak
MHS04753;Rendah;< Rp1.000.000;7;Beasiswa;Ya;KIP-Kuliah;1;Sewa;Ya
MHS04754;Tinggi;> Rp5.000.000;8;Orang Tua;Tidak;Tidak Ada;7;Milik Sendiri;Tidak
MHS04755;Tinggi;> Rp5.000.000;4;Orang Tua;Tidak;Tidak Ada;7;Milik Sendiri;Tidak
MHS04756;Menengah;Rp1.000.000 - Rp3.000.000;5;Kerja Sendiri (part-time);Tidak;Tidak Ada;3;Sewa;Tidak
MHS04757;Rendah;< Rp1.000.000;4;Beasiswa;Ya;KIP-Kuliah;2;Sewa;Ya
MHS04758;Menengah;> Rp5.000.000;8;Orang Tua;Tidak;Tidak Ada;5;Milik Sendiri;Tidak
MHS04759;Rendah;< Rp1.000.000;7;Kerja Sendiri (part-time);Tidak;Tidak Ada;1;Menumpang;Ya
MHS04760;Tinggi;> Rp5.000.000;4;Orang Tua;Tidak;Tidak Ada;8;Milik Sendiri;Tidak
MHS04761;Tinggi;> Rp5.000.000;2;Orang Tua;Tidak;Tidak Ada;8;Milik Sendiri;Tidak
MHS04762;Tinggi;Rp3.000.000 - Rp5.000.000;3;Orang Tua;Tidak;Tidak Ada;7;Milik Sendiri;Tidak
MHS04763;Menengah;Rp3.000.000 - Rp5.000.000;8;Orang Tua;Tidak;Tidak Ada;4;Milik Sendiri;Tidak
MHS04764;Rendah;Rp1.000.000 - Rp3.000.000;7;Beasiswa;Ya;KIP-Kuliah;2;Sewa;Tidak
MHS04765;Menengah;Rp3.000.000 - Rp5.000.000;3;Orang Tua;Ya;Beasiswa Swasta/CSR;5;Milik Sendiri;Ya
MHS04766;Rendah;Rp1.000.000 - Rp3.000.000;3;Beasiswa;Ya;KIP-Kuliah;1;Menumpang;Tidak
MHS04767;Rendah;< Rp1.000.000;3;Orang Tua;Tidak;Tidak Ada;4;Menumpang;Tidak
MHS04768;Menengah;Rp1.000.000 - Rp3.000.000;4;Orang Tua;Tidak;Tidak Ada;4;Milik Sendiri;Tidak
MHS04769;Menengah;Rp3.000.000 - Rp5.000.000;2;Orang Tua;Tidak;Tidak Ada;5;Menumpang;Ya
MHS04770;Tinggi;> Rp5.000.000;2;Orang Tua;Tidak;Tidak Ada;8;Milik Sendiri;Tidak
MHS04771;Tinggi;> Rp5.000.000;4;Orang Tua;Tidak;Tidak Ada;6;Sewa;Tidak
MHS04772;Tinggi;Rp3.000.000 - Rp5.000.000;4;Orang Tua;Tidak;Tidak Ada;6;Sewa;Tidak
MHS04773;Tinggi;> Rp5.000.000;3;Orang Tua;Tidak;Tidak Ada;6;Milik Sendiri;Tidak
MHS04774;Menengah;Rp3.000.000 - Rp5.000.000;2;Beasiswa;Ya;Beasiswa Swasta/CSR;5;Milik Sendiri;Ya
MHS04775;Rendah;< Rp1.000.000;7;Beasiswa;Ya;KIP-Kuliah;1;Menumpang;Tidak
MHS04776;Menengah;> Rp5.000.000;7;Orang Tua;Tidak;Tidak Ada;6;Milik Sendiri;Tidak
MHS04777;Menengah;Rp3.000.000 - Rp5.000.000;2;Orang Tua;Tidak;Tidak Ada;5;Milik Sendiri;Tidak
MHS04778;Tinggi;> Rp5.000.000;2;Orang Tua;Tidak;Tidak Ada;8;Milik Sendiri;Tidak
MHS04779;Menengah;Rp1.000.000 - Rp3.000.000;6;Beasiswa;Ya;Beasiswa Swasta/CSR;4;Sewa;Ya
MHS04780;Rendah;< Rp1.000.000;3;Beasiswa;Ya;KIP-Kuliah;1;Sewa;Tidak
MHS04781;Menengah;Rp3.000.000 - Rp5.000.000;1;Orang Tua;Tidak;Tidak Ada;5;Milik Sendiri;Tidak
MHS04782;Menengah;Rp1.000.000 - Rp3.000.000;2;Orang Tua;Tidak;Tidak Ada;4;Sewa;Tidak
MHS04783;Tinggi;> Rp5.000.000;3;Orang Tua;Tidak;Tidak Ada;5;Milik Sendiri;Tidak
MHS04784;Tinggi;> Rp5.000.000;5;Orang Tua;Ya;Beasiswa Prestasi Akademik (PPA);5;Milik Sendiri;Tidak
MHS04785;Tinggi;> Rp5.000.000;2;Orang Tua;Tidak;Tidak Ada;5;Milik Sendiri;Tidak
MHS04786;Menengah;Rp1.000.000 - Rp3.000.000;5;Orang Tua;Tidak;Tidak Ada;4;Milik Sendiri;Tidak
MHS04787;Menengah;Rp1.000.000 - Rp3.000.000;5;Kerja Sendiri (part-time);Ya;Beasiswa Prestasi Akademik (PPA);3;Sewa;Tidak
MHS04788;Menengah;Rp1.000.000 - Rp3.000.000;7;Orang Tua;Ya;Beasiswa Daerah;4;Menumpang;Tidak
MHS04789;Menengah;Rp3.000.000 - Rp5.000.000;7;Orang Tua;Tidak;Tidak Ada;3;Milik Sendiri;Tidak
MHS04790;Menengah;Rp1.000.000 - Rp3.000.000;4;Orang Tua;Tidak;Tidak Ada;3;Sewa;Tidak
MHS04791;Menengah;Rp1.000.000 - Rp3.000.000;5;Beasiswa;Ya;KIP-Kuliah;4;Menumpang;Tidak
MHS04792;Tinggi;> Rp5.000.000;4;Orang Tua;Tidak;Tidak Ada;7;Milik Sendiri;Tidak
MHS04793;Menengah;Rp3.000.000 - Rp5.000.000;2;Orang Tua;Tidak;Tidak Ada;7;Sewa;Tidak
MHS04794;Rendah;Rp1.000.000 - Rp3.000.000;2;Orang Tua;Tidak;Tidak Ada;3;Sewa;Tidak
MHS04795;Rendah;Rp1.000.000 - Rp3.000.000;7;Beasiswa;Ya;KIP-Kuliah;3;Milik Sendiri;Tidak
MHS04796;Menengah;Rp1.000.000 - Rp3.000.000;4;Pinjaman/Kredit Pendidikan;Tidak;Tidak Ada;2;Milik Sendiri;Ya
MHS04797;Menengah;Rp1.000.000 - Rp3.000.000;2;Orang Tua;Ya;Beasiswa Prestasi Akademik (PPA);7;Milik Sendiri;Tidak
MHS04798;Menengah;Rp3.000.000 - Rp5.000.000;5;Orang Tua;Tidak;Tidak Ada;6;Milik Sendiri;Ya
MHS04799;Rendah;< Rp1.000.000;9;Beasiswa;Ya;KIP-Kuliah;2;Sewa;Tidak
MHS04800;Rendah;< Rp1.000.000;3;Beasiswa;Ya;KIP-Kuliah;4;Menumpang;Ya
MHS04801;Menengah;Rp1.000.000 - Rp3.000.000;3;Orang Tua;Tidak;Tidak Ada;4;Menumpang;Tidak
MHS04802;Menengah;Rp3.000.000 - Rp5.000.000;9;Beasiswa;Ya;Beasiswa Swasta/CSR;5;Sewa;Tidak
MHS04803;Rendah;Rp1.000.000 - Rp3.000.000;6;Orang Tua;Tidak;Tidak Ada;3;Menumpang;Tidak
MHS04804;Rendah;Rp1.000.000 - Rp3.000.000;6;Beasiswa;Ya;Beasiswa Prestasi Akademik (PPA);3;Menumpang;Tidak
MHS04805;Rendah;Rp1.000.000 - Rp3.000.000;6;Beasiswa;Ya;KIP-Kuliah;4;Menumpang;Ya
MHS04806;Menengah;< Rp1.000.000;8;Kerja Sendiri (part-time);Tidak;Tidak Ada;3;Menumpang;Ya
MHS04807;Menengah;Rp3.000.000 - Rp5.000.000;3;Orang Tua;Tidak;Tidak Ada;4;Milik Sendiri;Tidak
MHS04808;Menengah;Rp1.000.000 - Rp3.000.000;3;Beasiswa;Ya;KIP-Kuliah;3;Sewa;Tidak
MHS04809;Menengah;Rp1.000.000 - Rp3.000.000;4;Orang Tua;Tidak;Tidak Ada;7;Sewa;Tidak
MHS04810;Rendah;< Rp1.000.000;2;Pinjaman/Kredit Pendidikan;Tidak;Tidak Ada;2;Menumpang;Tidak
MHS04811;Tinggi;> Rp5.000.000;2;Orang Tua;Tidak;Tidak Ada;8;Milik Sendiri;Tidak
MHS04812;Menengah;Rp3.000.000 - Rp5.000.000;3;Kerja Sendiri (part-time);Ya;Beasiswa Prestasi Akademik (PPA);5;Menumpang;Tidak
MHS04813;Rendah;Rp1.000.000 - Rp3.000.000;4;Orang Tua;Tidak;Tidak Ada;4;Sewa;Tidak
MHS04814;Menengah;Rp1.000.000 - Rp3.000.000;3;Beasiswa;Ya;KIP-Kuliah;4;Sewa;Tidak
MHS04815;Menengah;Rp3.000.000 - Rp5.000.000;7;Orang Tua;Tidak;Tidak Ada;4;Sewa;Tidak
MHS04816;Menengah;Rp1.000.000 - Rp3.000.000;3;Beasiswa;Ya;KIP-Kuliah;3;Sewa;Tidak
MHS04817;Rendah;< Rp1.000.000;2;Beasiswa;Ya;Beasiswa Prestasi Akademik (PPA);2;Sewa;Ya
MHS04818;Rendah;Rp1.000.000 - Rp3.000.000;7;Kerja Sendiri (part-time);Tidak;Tidak Ada;5;Milik Sendiri;Ya
MHS04819;Tinggi;> Rp5.000.000;4;Orang Tua;Tidak;Tidak Ada;7;Milik Sendiri;Tidak
MHS04820;Tinggi;Rp3.000.000 - Rp5.000.000;3;Kerja Sendiri (part-time);Tidak;Tidak Ada;6;Milik Sendiri;Ya
MHS04821;Menengah;Rp1.000.000 - Rp3.000.000;2;Orang Tua;Tidak;Tidak Ada;3;Menumpang;Ya
MHS04822;Menengah;Rp3.000.000 - Rp5.000.000;4;Kerja Sendiri (part-time);Tidak;Tidak Ada;3;Milik Sendiri;Ya
MHS04823;Rendah;Rp1.000.000 - Rp3.000.000;7;Orang Tua;Tidak;Tidak Ada;3;Sewa;Tidak
MHS04824;Rendah;Rp1.000.000 - Rp3.000.000;6;Kerja Sendiri (part-time);Tidak;Tidak Ada;3;Menumpang;Tidak
MHS04825;Menengah;Rp1.000.000 - Rp3.000.000;6;Beasiswa;Ya;Beasiswa Daerah;4;Sewa;Ya
MHS04826;Menengah;Rp3.000.000 - Rp5.000.000;4;Orang Tua;Ya;Beasiswa Prestasi Akademik (PPA);5;Milik Sendiri;Tidak
MHS04827;Menengah;Rp3.000.000 - Rp5.000.000;5;Orang Tua;Tidak;Tidak Ada;6;Milik Sendiri;Tidak
MHS04828;Tinggi;> Rp5.000.000;4;Orang Tua;Tidak;Tidak Ada;8;Milik Sendiri;Tidak
MHS04829;Tinggi;Rp3.000.000 - Rp5.000.000;8;Orang Tua;Tidak;Tidak Ada;5;Menumpang;Tidak
MHS04830;Tinggi;> Rp5.000.000;4;Beasiswa;Ya;Beasiswa Swasta/CSR;7;Milik Sendiri;Tidak
MHS04831;Menengah;Rp1.000.000 - Rp3.000.000;4;Orang Tua;Ya;Beasiswa Swasta/CSR;4;Milik Sendiri;Tidak
MHS04832;Rendah;Rp3.000.000 - Rp5.000.000;6;Orang Tua;Tidak;Tidak Ada;3;Sewa;Tidak
MHS04833;Tinggi;> Rp5.000.000;3;Orang Tua;Tidak;Tidak Ada;7;Milik Sendiri;Tidak
MHS04834;Menengah;< Rp1.000.000;6;Beasiswa;Ya;KIP-Kuliah;3;Sewa;Ya
MHS04835;Tinggi;Rp3.000.000 - Rp5.000.000;1;Orang Tua;Tidak;Tidak Ada;6;Menumpang;Tidak
MHS04836;Menengah;Rp1.000.000 - Rp3.000.000;6;Orang Tua;Tidak;Tidak Ada;3;Milik Sendiri;Tidak
MHS04837;Tinggi;Rp3.000.000 - Rp5.000.000;4;Orang Tua;Tidak;Tidak Ada;6;Milik Sendiri;Tidak
MHS04838;Menengah;Rp1.000.000 - Rp3.000.000;2;Orang Tua;Tidak;Tidak Ada;4;Menumpang;Tidak
MHS04839;Menengah;Rp3.000.000 - Rp5.000.000;6;Orang Tua;Tidak;Tidak Ada;6;Menumpang;Tidak
MHS04840;Rendah;< Rp1.000.000;3;Beasiswa;Ya;KIP-Kuliah;1;Menumpang;Ya
MHS04841;Menengah;Rp3.000.000 - Rp5.000.000;6;Orang Tua;Tidak;Tidak Ada;5;Milik Sendiri;Tidak
MHS04842;Menengah;Rp1.000.000 - Rp3.000.000;4;Beasiswa;Ya;KIP-Kuliah;4;Menumpang;Tidak
MHS04843;Menengah;Rp3.000.000 - Rp5.000.000;5;Orang Tua;Tidak;Tidak Ada;5;Milik Sendiri;Tidak
MHS04844;Menengah;> Rp5.000.000;1;Orang Tua;Tidak;Tidak Ada;6;Milik Sendiri;Tidak
MHS04845;Menengah;> Rp5.000.000;4;Orang Tua;Tidak;Tidak Ada;6;Menumpang;Tidak
MHS04846;Menengah;Rp3.000.000 - Rp5.000.000;5;Orang Tua;Tidak;Tidak Ada;5;Milik Sendiri;Tidak
MHS04847;Menengah;Rp1.000.000 - Rp3.000.000;6;Orang Tua;Tidak;Tidak Ada;5;Menumpang;Tidak
MHS04848;Tinggi;Rp1.000.000 - Rp3.000.000;2;Beasiswa;Ya;KIP-Kuliah;3;Sewa;Tidak
MHS04849;Menengah;Rp1.000.000 - Rp3.000.000;5;Kerja Sendiri (part-time);Ya;Beasiswa Swasta/CSR;4;Sewa;Ya
MHS04850;Rendah;< Rp1.000.000;3;Orang Tua;Tidak;Tidak Ada;3;Menumpang;Ya
MHS04851;Menengah;< Rp1.000.000;1;Kerja Sendiri (part-time);Tidak;Tidak Ada;5;Milik Sendiri;Ya
MHS04852;Menengah;Rp1.000.000 - Rp3.000.000;6;Orang Tua;Tidak;Tidak Ada;5;Menumpang;Tidak
MHS04853;Menengah;Rp1.000.000 - Rp3.000.000;3;Orang Tua;Tidak;Tidak Ada;5;Milik Sendiri;Tidak
MHS04854;Menengah;Rp3.000.000 - Rp5.000.000;4;Orang Tua;Tidak;Tidak Ada;4;Menumpang;Tidak
MHS04855;Rendah;Rp1.000.000 - Rp3.000.000;2;Beasiswa;Ya;Beasiswa Prestasi Akademik (PPA);4;Menumpang;Ya
MHS04856;Menengah;Rp1.000.000 - Rp3.000.000;3;Orang Tua;Ya;KIP-Kuliah;4;Sewa;Tidak
MHS04857;Rendah;< Rp1.000.000;8;Beasiswa;Ya;KIP-Kuliah;2;Milik Sendiri;Tidak
MHS04858;Tinggi;Rp3.000.000 - Rp5.000.000;8;Orang Tua;Tidak;Tidak Ada;5;Milik Sendiri;Tidak
MHS04859;Rendah;< Rp1.000.000;3;Kerja Sendiri (part-time);Tidak;Tidak Ada;2;Sewa;Ya
MHS04860;Menengah;< Rp1.000.000;2;Pinjaman/Kredit Pendidikan;Tidak;Tidak Ada;5;Sewa;Tidak
MHS04861;Menengah;> Rp5.000.000;5;Orang Tua;Tidak;Tidak Ada;7;Milik Sendiri;Tidak
MHS04862;Tinggi;Rp3.000.000 - Rp5.000.000;5;Orang Tua;Ya;KIP-Kuliah;6;Menumpang;Ya
MHS04863;Menengah;Rp1.000.000 - Rp3.000.000;5;Orang Tua;Tidak;Tidak Ada;4;Sewa;Tidak
MHS04864;Menengah;> Rp5.000.000;4;Orang Tua;Tidak;Tidak Ada;7;Sewa;Tidak
MHS04865;Menengah;Rp1.000.000 - Rp3.000.000;2;Orang Tua;Tidak;Tidak Ada;5;Menumpang;Tidak
MHS04866;Menengah;Rp1.000.000 - Rp3.000.000;5;Orang Tua;Tidak;Tidak Ada;5;Milik Sendiri;Ya
MHS04867;Tinggi;> Rp5.000.000;4;Orang Tua;Tidak;Tidak Ada;7;Milik Sendiri;Tidak
MHS04868;Tinggi;Rp3.000.000 - Rp5.000.000;3;Orang Tua;Ya;Beasiswa Prestasi Akademik (PPA);4;Milik Sendiri;Tidak
MHS04869;Menengah;> Rp5.000.000;3;Orang Tua;Tidak;Tidak Ada;5;Menumpang;Ya
MHS04870;Rendah;Rp1.000.000 - Rp3.000.000;4;Kerja Sendiri (part-time);Ya;Beasiswa Daerah;5;Sewa;Ya
MHS04871;Rendah;< Rp1.000.000;9;Beasiswa;Ya;KIP-Kuliah;4;Sewa;Ya
MHS04872;Menengah;Rp1.000.000 - Rp3.000.000;4;Orang Tua;Tidak;Tidak Ada;6;Sewa;Tidak
MHS04873;Tinggi;> Rp5.000.000;5;Orang Tua;Tidak;Tidak Ada;5;Sewa;Tidak
MHS04874;Rendah;< Rp1.000.000;4;Beasiswa;Ya;KIP-Kuliah;3;Sewa;Ya
MHS04875;Tinggi;Rp3.000.000 - Rp5.000.000;3;Orang Tua;Tidak;Tidak Ada;4;Milik Sendiri;Tidak
MHS04876;Menengah;Rp1.000.000 - Rp3.000.000;3;Pinjaman/Kredit Pendidikan;Tidak;Tidak Ada;5;Milik Sendiri;Tidak
MHS04877;Menengah;Rp1.000.000 - Rp3.000.000;5;Orang Tua;Tidak;Tidak Ada;5;Menumpang;Tidak
MHS04878;Rendah;Rp1.000.000 - Rp3.000.000;3;Orang Tua;Tidak;Tidak Ada;3;Milik Sendiri;Tidak
MHS04879;Menengah;Rp1.000.000 - Rp3.000.000;2;Orang Tua;Tidak;Tidak Ada;5;Milik Sendiri;Ya
MHS04880;Menengah;Rp3.000.000 - Rp5.000.000;4;Orang Tua;Tidak;Tidak Ada;4;Sewa;Ya
MHS04881;Menengah;Rp3.000.000 - Rp5.000.000;2;Orang Tua;Tidak;Tidak Ada;4;Sewa;Tidak
MHS04882;Rendah;< Rp1.000.000;4;Beasiswa;Ya;KIP-Kuliah;3;Sewa;Ya
MHS04883;Tinggi;Rp3.000.000 - Rp5.000.000;5;Orang Tua;Tidak;Tidak Ada;4;Milik Sendiri;Tidak
MHS04884;Tinggi;Rp3.000.000 - Rp5.000.000;4;Orang Tua;Tidak;Tidak Ada;6;Sewa;Tidak
MHS04885;Rendah;Rp1.000.000 - Rp3.000.000;2;Orang Tua;Tidak;Tidak Ada;4;Sewa;Tidak
MHS04886;Menengah;Rp1.000.000 - Rp3.000.000;7;Beasiswa;Ya;KIP-Kuliah;2;Sewa;Tidak
MHS04887;Tinggi;> Rp5.000.000;2;Orang Tua;Tidak;Tidak Ada;7;Milik Sendiri;Tidak
MHS04888;Menengah;Rp3.000.000 - Rp5.000.000;5;Orang Tua;Tidak;Tidak Ada;4;Sewa;Tidak
MHS04889;Menengah;Rp3.000.000 - Rp5.000.000;9;Orang Tua;Tidak;Tidak Ada;3;Milik Sendiri;Tidak
MHS04890;Menengah;Rp3.000.000 - Rp5.000.000;2;Orang Tua;Tidak;Tidak Ada;5;Sewa;Tidak
MHS04891;Menengah;Rp1.000.000 - Rp3.000.000;7;Beasiswa;Ya;KIP-Kuliah;4;Sewa;Ya
MHS04892;Menengah;Rp3.000.000 - Rp5.000.000;3;Orang Tua;Tidak;Tidak Ada;5;Sewa;Tidak
MHS04893;Rendah;Rp1.000.000 - Rp3.000.000;3;Orang Tua;Tidak;Tidak Ada;2;Sewa;Tidak
MHS04894;Tinggi;Rp3.000.000 - Rp5.000.000;4;Beasiswa;Ya;KIP-Kuliah;4;Milik Sendiri;Tidak
MHS04895;Tinggi;Rp3.000.000 - Rp5.000.000;4;Orang Tua;Tidak;Tidak Ada;6;Milik Sendiri;Tidak
MHS04896;Menengah;Rp3.000.000 - Rp5.000.000;2;Orang Tua;Tidak;Tidak Ada;5;Milik Sendiri;Ya
MHS04897;Menengah;< Rp1.000.000;8;Beasiswa;Ya;KIP-Kuliah;4;Sewa;Ya
MHS04898;Menengah;Rp3.000.000 - Rp5.000.000;7;Pinjaman/Kredit Pendidikan;Tidak;Tidak Ada;5;Sewa;Tidak
MHS04899;Rendah;Rp1.000.000 - Rp3.000.000;6;Orang Tua;Tidak;Tidak Ada;4;Milik Sendiri;Ya
MHS04900;Menengah;Rp1.000.000 - Rp3.000.000;5;Orang Tua;Tidak;Tidak Ada;3;Sewa;Ya
MHS04901;Menengah;< Rp1.000.000;5;Kerja Sendiri (part-time);Tidak;Tidak Ada;2;Sewa;Ya
MHS04902;Menengah;< Rp1.000.000;4;Beasiswa;Ya;KIP-Kuliah;3;Sewa;Ya
MHS04903;Menengah;Rp3.000.000 - Rp5.000.000;9;Orang Tua;Tidak;Tidak Ada;6;Menumpang;Tidak
MHS04904;Menengah;Rp3.000.000 - Rp5.000.000;2;Orang Tua;Tidak;Tidak Ada;3;Milik Sendiri;Ya
MHS04905;Menengah;Rp1.000.000 - Rp3.000.000;5;Orang Tua;Tidak;Tidak Ada;3;Sewa;Tidak
MHS04906;Rendah;< Rp1.000.000;2;Beasiswa;Ya;Beasiswa Prestasi Akademik (PPA);4;Sewa;Tidak
MHS04907;Menengah;> Rp5.000.000;3;Orang Tua;Tidak;Tidak Ada;6;Milik Sendiri;Tidak
MHS04908;Menengah;Rp1.000.000 - Rp3.000.000;4;Orang Tua;Tidak;Tidak Ada;4;Menumpang;Tidak
MHS04909;Rendah;< Rp1.000.000;5;Beasiswa;Ya;KIP-Kuliah;1;Sewa;Ya
MHS04910;Tinggi;Rp3.000.000 - Rp5.000.000;4;Orang Tua;Tidak;Tidak Ada;5;Milik Sendiri;Tidak
MHS04911;Menengah;Rp3.000.000 - Rp5.000.000;3;Orang Tua;Tidak;Tidak Ada;6;Milik Sendiri;Tidak
MHS04912;Tinggi;> Rp5.000.000;2;Orang Tua;Tidak;Tidak Ada;6;Milik Sendiri;Tidak
MHS04913;Menengah;Rp3.000.000 - Rp5.000.000;5;Orang Tua;Tidak;Tidak Ada;4;Milik Sendiri;Tidak
MHS04914;Tinggi;> Rp5.000.000;2;Orang Tua;Tidak;Tidak Ada;7;Milik Sendiri;Tidak
MHS04915;Tinggi;Rp3.000.000 - Rp5.000.000;3;Orang Tua;Tidak;Tidak Ada;6;Sewa;Tidak
MHS04916;Tinggi;Rp1.000.000 - Rp3.000.000;5;Pinjaman/Kredit Pendidikan;Tidak;Tidak Ada;4;Milik Sendiri;Tidak
MHS04917;Menengah;Rp1.000.000 - Rp3.000.000;5;Orang Tua;Tidak;Tidak Ada;5;Menumpang;Tidak
MHS04918;Rendah;< Rp1.000.000;5;Kerja Sendiri (part-time);Tidak;Tidak Ada;4;Milik Sendiri;Ya
MHS04919;Rendah;Rp1.000.000 - Rp3.000.000;2;Beasiswa;Ya;Beasiswa Prestasi Akademik (PPA);4;Milik Sendiri;Tidak
MHS04920;Tinggi;> Rp5.000.000;1;Orang Tua;Tidak;Tidak Ada;8;Milik Sendiri;Tidak
MHS04921;Menengah;Rp1.000.000 - Rp3.000.000;2;Orang Tua;Tidak;Tidak Ada;6;Milik Sendiri;Tidak
MHS04922;Rendah;< Rp1.000.000;8;Beasiswa;Ya;KIP-Kuliah;1;Sewa;Tidak
MHS04923;Rendah;< Rp1.000.000;7;Orang Tua;Ya;Beasiswa Swasta/CSR;2;Milik Sendiri;Tidak
MHS04924;Rendah;< Rp1.000.000;4;Kerja Sendiri (part-time);Ya;KIP-Kuliah;2;Menumpang;Ya
MHS04925;Menengah;Rp3.000.000 - Rp5.000.000;6;Orang Tua;Tidak;Tidak Ada;5;Milik Sendiri;Tidak
MHS04926;Rendah;< Rp1.000.000;2;Beasiswa;Ya;KIP-Kuliah;3;Menumpang;Ya
MHS04927;Menengah;Rp3.000.000 - Rp5.000.000;5;Orang Tua;Tidak;Tidak Ada;3;Menumpang;Tidak
MHS04928;Rendah;Rp1.000.000 - Rp3.000.000;5;Orang Tua;Tidak;Tidak Ada;5;Sewa;Tidak
MHS04929;Menengah;Rp1.000.000 - Rp3.000.000;6;Orang Tua;Ya;Beasiswa Prestasi Akademik (PPA);5;Milik Sendiri;Tidak
MHS04930;Menengah;Rp1.000.000 - Rp3.000.000;2;Beasiswa;Ya;KIP-Kuliah;4;Menumpang;Tidak
MHS04931;Menengah;Rp1.000.000 - Rp3.000.000;3;Orang Tua;Tidak;Tidak Ada;3;Menumpang;Tidak
MHS04932;Menengah;Rp3.000.000 - Rp5.000.000;1;Beasiswa;Ya;Beasiswa Prestasi Akademik (PPA);5;Milik Sendiri;Ya
MHS04933;Menengah;< Rp1.000.000;5;Kerja Sendiri (part-time);Tidak;Tidak Ada;2;Milik Sendiri;Tidak
MHS04934;Tinggi;> Rp5.000.000;4;Orang Tua;Tidak;Tidak Ada;7;Sewa;Tidak
MHS04935;Menengah;Rp3.000.000 - Rp5.000.000;2;Orang Tua;Ya;Beasiswa Prestasi Akademik (PPA);4;Sewa;Tidak
MHS04936;Rendah;Rp1.000.000 - Rp3.000.000;2;Orang Tua;Tidak;Tidak Ada;3;Menumpang;Tidak
MHS04937;Rendah;< Rp1.000.000;4;Beasiswa;Ya;KIP-Kuliah;1;Menumpang;Ya
MHS04938;Menengah;> Rp5.000.000;4;Orang Tua;Tidak;Tidak Ada;8;Milik Sendiri;Ya
MHS04939;Tinggi;> Rp5.000.000;5;Beasiswa;Ya;Beasiswa Prestasi Akademik (PPA);8;Sewa;Tidak
MHS04940;Rendah;< Rp1.000.000;7;Kerja Sendiri (part-time);Tidak;Tidak Ada;1;Menumpang;Ya
MHS04941;Rendah;< Rp1.000.000;8;Beasiswa;Ya;KIP-Kuliah;2;Menumpang;Tidak
MHS04942;Tinggi;> Rp5.000.000;5;Beasiswa;Ya;Beasiswa Prestasi Akademik (PPA);7;Milik Sendiri;Tidak
MHS04943;Tinggi;Rp3.000.000 - Rp5.000.000;8;Beasiswa;Ya;Beasiswa Prestasi Akademik (PPA);5;Milik Sendiri;Tidak
MHS04944;Menengah;Rp1.000.000 - Rp3.000.000;4;Beasiswa;Ya;KIP-Kuliah;5;Sewa;Tidak
MHS04945;Tinggi;Rp3.000.000 - Rp5.000.000;2;Orang Tua;Tidak;Tidak Ada;8;Milik Sendiri;Tidak
MHS04946;Rendah;Rp1.000.000 - Rp3.000.000;7;Pinjaman/Kredit Pendidikan;Tidak;Tidak Ada;4;Menumpang;Tidak
MHS04947;Menengah;Rp1.000.000 - Rp3.000.000;5;Beasiswa;Ya;KIP-Kuliah;5;Milik Sendiri;Tidak
MHS04948;Tinggi;> Rp5.000.000;2;Orang Tua;Tidak;Tidak Ada;8;Milik Sendiri;Tidak
MHS04949;Tinggi;> Rp5.000.000;4;Orang Tua;Tidak;Tidak Ada;8;Milik Sendiri;Tidak
MHS04950;Menengah;Rp1.000.000 - Rp3.000.000;4;Orang Tua;Tidak;Tidak Ada;3;Menumpang;Ya
MHS04951;Menengah;> Rp5.000.000;4;Orang Tua;Ya;Beasiswa Daerah;8;Milik Sendiri;Tidak
MHS04952;Menengah;Rp1.000.000 - Rp3.000.000;4;Orang Tua;Ya;Beasiswa Daerah;5;Milik Sendiri;Tidak
MHS04953;Tinggi;> Rp5.000.000;2;Beasiswa;Ya;Beasiswa Prestasi Akademik (PPA);7;Milik Sendiri;Tidak
MHS04954;Menengah;Rp1.000.000 - Rp3.000.000;7;Kerja Sendiri (part-time);Tidak;Tidak Ada;3;Menumpang;Ya
MHS04955;Rendah;< Rp1.000.000;5;Orang Tua;Tidak;Tidak Ada;3;Menumpang;Ya
MHS04956;Menengah;Rp3.000.000 - Rp5.000.000;2;Orang Tua;Tidak;Tidak Ada;5;Sewa;Tidak
MHS04957;Menengah;Rp1.000.000 - Rp3.000.000;5;Orang Tua;Tidak;Tidak Ada;4;Sewa;Ya
MHS04958;Tinggi;> Rp5.000.000;4;Orang Tua;Tidak;Tidak Ada;4;Milik Sendiri;Tidak
MHS04959;Rendah;Rp1.000.000 - Rp3.000.000;5;Orang Tua;Tidak;Tidak Ada;3;Menumpang;Tidak
MHS04960;Menengah;Rp3.000.000 - Rp5.000.000;5;Orang Tua;Tidak;Tidak Ada;6;Milik Sendiri;Tidak
MHS04961;Menengah;Rp1.000.000 - Rp3.000.000;6;Orang Tua;Tidak;Tidak Ada;4;Menumpang;Tidak
MHS04962;Menengah;> Rp5.000.000;5;Orang Tua;Tidak;Tidak Ada;6;Milik Sendiri;Tidak
MHS04963;Menengah;Rp3.000.000 - Rp5.000.000;2;Orang Tua;Tidak;Tidak Ada;6;Sewa;Tidak
MHS04964;Tinggi;Rp3.000.000 - Rp5.000.000;3;Orang Tua;Tidak;Tidak Ada;5;Menumpang;Tidak
MHS04965;Tinggi;> Rp5.000.000;6;Orang Tua;Ya;Beasiswa Prestasi Akademik (PPA);5;Sewa;Ya
MHS04966;Menengah;Rp3.000.000 - Rp5.000.000;8;Orang Tua;Tidak;Tidak Ada;6;Milik Sendiri;Tidak
MHS04967;Menengah;Rp3.000.000 - Rp5.000.000;1;Orang Tua;Tidak;Tidak Ada;5;Milik Sendiri;Tidak
MHS04968;Tinggi;> Rp5.000.000;2;Orang Tua;Tidak;Tidak Ada;7;Milik Sendiri;Tidak
MHS04969;Tinggi;Rp3.000.000 - Rp5.000.000;1;Orang Tua;Tidak;Tidak Ada;5;Milik Sendiri;Tidak
MHS04970;Tinggi;> Rp5.000.000;4;Orang Tua;Tidak;Tidak Ada;7;Milik Sendiri;Tidak
MHS04971;Menengah;Rp1.000.000 - Rp3.000.000;5;Orang Tua;Tidak;Tidak Ada;2;Sewa;Tidak
MHS04972;Rendah;Rp1.000.000 - Rp3.000.000;7;Beasiswa;Ya;KIP-Kuliah;3;Sewa;Tidak
MHS04973;Menengah;Rp3.000.000 - Rp5.000.000;2;Orang Tua;Ya;Beasiswa Prestasi Akademik (PPA);4;Milik Sendiri;Tidak
MHS04974;Menengah;Rp3.000.000 - Rp5.000.000;2;Orang Tua;Tidak;Tidak Ada;6;Milik Sendiri;Tidak
MHS04975;Menengah;Rp3.000.000 - Rp5.000.000;3;Orang Tua;Tidak;Tidak Ada;5;Sewa;Ya
MHS04976;Tinggi;> Rp5.000.000;2;Orang Tua;Tidak;Tidak Ada;6;Sewa;Tidak
MHS04977;Tinggi;Rp3.000.000 - Rp5.000.000;8;Orang Tua;Tidak;Tidak Ada;6;Milik Sendiri;Tidak
MHS04978;Rendah;Rp1.000.000 - Rp3.000.000;7;Orang Tua;Tidak;Tidak Ada;4;Menumpang;Tidak
MHS04979;Menengah;Rp1.000.000 - Rp3.000.000;4;Beasiswa;Ya;KIP-Kuliah;6;Sewa;Tidak
MHS04980;Tinggi;> Rp5.000.000;3;Orang Tua;Tidak;Tidak Ada;7;Milik Sendiri;Ya
MHS04981;Rendah;Rp1.000.000 - Rp3.000.000;6;Orang Tua;Tidak;Tidak Ada;4;Menumpang;Tidak
MHS04982;Tinggi;Rp3.000.000 - Rp5.000.000;4;Orang Tua;Tidak;Tidak Ada;7;Milik Sendiri;Ya
MHS04983;Rendah;Rp1.000.000 - Rp3.000.000;6;Orang Tua;Tidak;Tidak Ada;3;Sewa;Tidak
MHS04984;Tinggi;> Rp5.000.000;2;Orang Tua;Tidak;Tidak Ada;6;Sewa;Tidak
MHS04985;Tinggi;Rp3.000.000 - Rp5.000.000;4;Beasiswa;Ya;Beasiswa Prestasi Akademik (PPA);5;Milik Sendiri;Tidak
MHS04986;Tinggi;> Rp5.000.000;3;Orang Tua;Tidak;Tidak Ada;6;Menumpang;Tidak
MHS04987;Menengah;< Rp1.000.000;4;Orang Tua;Tidak;Tidak Ada;3;Sewa;Tidak
MHS04988;Rendah;Rp1.000.000 - Rp3.000.000;2;Beasiswa;Ya;KIP-Kuliah;5;Menumpang;Ya
MHS04989;Menengah;Rp3.000.000 - Rp5.000.000;1;Orang Tua;Ya;Beasiswa Prestasi Akademik (PPA);5;Sewa;Tidak
MHS04990;Menengah;Rp3.000.000 - Rp5.000.000;5;Orang Tua;Ya;Beasiswa Daerah;5;Menumpang;Tidak
MHS04991;Tinggi;> Rp5.000.000;3;Orang Tua;Tidak;Tidak Ada;7;Milik Sendiri;Tidak
MHS04992;Menengah;Rp1.000.000 - Rp3.000.000;4;Orang Tua;Tidak;Tidak Ada;4;Milik Sendiri;Tidak
MHS04993;Tinggi;Rp1.000.000 - Rp3.000.000;3;Orang Tua;Tidak;Tidak Ada;5;Sewa;Tidak
MHS04994;Menengah;Rp1.000.000 - Rp3.000.000;3;Orang Tua;Tidak;Tidak Ada;5;Menumpang;Tidak
MHS04995;Rendah;Rp1.000.000 - Rp3.000.000;4;Orang Tua;Tidak;Tidak Ada;2;Sewa;Ya
MHS04996;Menengah;Rp3.000.000 - Rp5.000.000;3;Pinjaman/Kredit Pendidikan;Tidak;Tidak Ada;6;Milik Sendiri;Tidak
MHS04997;Tinggi;> Rp5.000.000;3;Orang Tua;Tidak;Tidak Ada;6;Milik Sendiri;Tidak
MHS04998;Tinggi;Rp3.000.000 - Rp5.000.000;5;Orang Tua;Tidak;Tidak Ada;4;Milik Sendiri;Tidak
MHS04999;Menengah;Rp1.000.000 - Rp3.000.000;5;Kerja Sendiri (part-time);Tidak;Tidak Ada;4;Milik Sendiri;Ya
MHS05000;Menengah;Rp1.000.000 - Rp3.000.000;4;Beasiswa;Ya;KIP-Kuliah;3;Milik Sendiri;Tidak
