ID_Mahasiswa;Semester_Ke;IP_Semester;IPK_Kumulatif
MHS00001;1;3.23;3.23
MHS00001;2;3.74;3.48
MHS00001;3;4.0;3.66
MHS00001;4;3.47;3.61
MHS00001;5;4.0;3.69
MHS00001;6;4.0;3.74
MHS00002;1;2.32;2.32
MHS00002;2;3.18;2.75
MHS00002;3;3.81;3.1
MHS00002;4;3.88;3.3
MHS00002;5;3.71;3.38
MHS00002;6;2.95;3.31
MHS00002;7;3.62;3.35
MHS00002;8;3.76;3.4
MHS00003;1;2.76;2.76
MHS00003;2;2.67;2.71
MHS00004;1;3.25;3.25
MHS00004;2;3.06;3.15
MHS00004;3;2.85;3.05
MHS00004;4;2.89;3.01
MHS00004;5;3.2;3.05
MHS00004;6;2.91;3.03
MHS00004;7;2.84;3.0
MHS00004;8;2.92;2.99
MHS00005;1;3.25;3.25
MHS00005;2;3.61;3.43
MHS00005;3;3.64;3.5
MHS00005;4;3.37;3.47
MHS00006;1;3.09;3.09
MHS00006;2;2.93;3.01
MHS00006;3;3.42;3.15
MHS00006;4;3.53;3.24
MHS00007;1;2.5;2.5
MHS00007;2;3.28;2.89
MHS00008;1;2.72;2.72
MHS00008;2;3.25;2.98
MHS00008;3;3.35;3.1
MHS00008;4;2.97;3.07
MHS00008;5;3.82;3.22
MHS00008;6;3.67;3.3
MHS00008;7;3.6;3.34
MHS00008;8;3.42;3.35
MHS00009;1;3.27;3.27
MHS00009;2;3.21;3.24
MHS00009;3;2.99;3.16
MHS00009;4;4.0;3.37
MHS00009;5;3.86;3.47
MHS00009;6;3.86;3.53
MHS00010;1;2.86;2.86
MHS00010;2;2.63;2.75
MHS00010;3;2.52;2.67
MHS00010;4;2.86;2.72
MHS00010;5;3.21;2.82
MHS00010;6;2.55;2.77
MHS00010;7;2.65;2.75
MHS00010;8;2.89;2.77
MHS00011;1;3.16;3.16
MHS00011;2;3.62;3.39
MHS00011;3;3.85;3.55
MHS00011;4;3.66;3.57
MHS00012;1;2.88;2.88
MHS00012;2;3.44;3.16
MHS00012;3;3.07;3.13
MHS00012;4;3.17;3.14
MHS00012;5;3.87;3.29
MHS00012;6;3.22;3.27
MHS00013;1;1.97;1.97
MHS00013;2;2.51;2.24
MHS00013;3;2.43;2.31
MHS00013;4;2.84;2.44
MHS00014;1;2.89;2.89
MHS00014;2;3.3;3.1
MHS00014;3;2.79;2.99
MHS00014;4;3.62;3.15
MHS00014;5;3.42;3.2
MHS00014;6;3.4;3.24
MHS00015;1;2.49;2.49
MHS00015;2;2.54;2.51
MHS00016;1;1.89;1.89
MHS00016;2;2.22;2.05
MHS00017;1;3.57;3.57
MHS00017;2;3.6;3.59
MHS00017;3;3.61;3.59
MHS00017;4;3.41;3.55
MHS00017;5;3.56;3.55
MHS00017;6;3.69;3.57
MHS00017;7;3.4;3.55
MHS00017;8;3.62;3.56
MHS00018;1;3.12;3.12
MHS00018;2;3.56;3.34
MHS00018;3;3.51;3.39
MHS00018;4;3.2;3.35
MHS00018;5;2.95;3.27
MHS00018;6;3.15;3.25
MHS00018;7;3.63;3.3
MHS00018;8;3.61;3.34
MHS00019;1;2.96;2.96
MHS00019;2;3.89;3.43
MHS00019;3;3.92;3.59
MHS00019;4;3.96;3.68
MHS00020;1;3.51;3.51
MHS00020;2;3.14;3.33
MHS00020;3;3.26;3.3
MHS00020;4;3.18;3.27
MHS00021;1;3.94;3.94
MHS00021;2;4.0;3.97
MHS00021;3;4.0;3.98
MHS00021;4;4.0;3.99
MHS00022;1;2.99;2.99
MHS00022;2;3.21;3.1
MHS00022;3;3.19;3.13
MHS00022;4;3.37;3.19
MHS00023;1;2.96;2.96
MHS00023;2;3.32;3.14
MHS00023;3;3.12;3.13
MHS00023;4;3.43;3.21
MHS00023;5;3.32;3.23
MHS00023;6;3.26;3.23
MHS00024;1;3.71;3.71
MHS00024;2;3.9;3.81
MHS00024;3;3.68;3.77
MHS00024;4;4.0;3.82
MHS00024;5;3.65;3.79
MHS00024;6;3.83;3.8
MHS00025;1;2.74;2.74
MHS00025;2;3.06;2.9
MHS00025;3;3.21;3.0
MHS00025;4;3.1;3.03
MHS00025;5;3.31;3.08
MHS00025;6;3.13;3.09
MHS00025;7;3.21;3.11
MHS00025;8;3.1;3.11
MHS00026;1;3.34;3.34
MHS00026;2;3.65;3.5
MHS00026;3;3.5;3.5
MHS00026;4;3.71;3.55
MHS00027;1;3.5;3.5
MHS00027;2;3.48;3.49
MHS00027;3;3.56;3.51
MHS00027;4;3.81;3.59
MHS00027;5;3.97;3.66
MHS00027;6;3.7;3.67
MHS00027;7;4.0;3.72
MHS00027;8;3.38;3.68
MHS00027;9;3.85;3.69
MHS00028;1;3.2;3.2
MHS00028;2;3.25;3.22
MHS00028;3;3.25;3.23
MHS00028;4;3.03;3.18
MHS00028;5;3.12;3.17
MHS00028;6;3.57;3.24
MHS00028;7;3.38;3.26
MHS00028;8;3.25;3.26
MHS00029;1;2.08;2.08
MHS00029;2;2.26;2.17
MHS00029;3;2.93;2.42
MHS00029;4;3.34;2.65
MHS00029;5;3.21;2.76
MHS00029;6;3.92;2.96
MHS00029;7;2.79;2.93
MHS00029;8;2.7;2.91
MHS00030;1;3.16;3.16
MHS00030;2;3.28;3.22
MHS00030;3;3.48;3.31
MHS00030;4;3.1;3.26
MHS00031;1;2.63;2.63
MHS00031;2;3.03;2.83
MHS00032;1;2.4;2.4
MHS00032;2;2.54;2.47
MHS00032;3;2.57;2.51
MHS00032;4;3.03;2.64
MHS00032;5;2.85;2.68
MHS00032;6;2.46;2.64
MHS00033;1;3.37;3.37
MHS00033;2;3.56;3.47
MHS00033;3;3.8;3.58
MHS00033;4;3.79;3.63
MHS00033;5;4.0;3.71
MHS00033;6;4.0;3.75
MHS00034;1;1.68;1.68
MHS00034;2;2.53;2.1
MHS00034;3;2.82;2.34
MHS00034;4;2.81;2.46
MHS00035;1;2.74;2.74
MHS00035;2;2.85;2.79
MHS00035;3;2.72;2.77
MHS00035;4;3.06;2.84
MHS00035;5;3.59;2.99
MHS00035;6;3.32;3.05
MHS00036;1;2.76;2.76
MHS00036;2;2.7;2.73
MHS00036;3;2.56;2.68
MHS00036;4;3.07;2.77
MHS00036;5;3.08;2.84
MHS00036;6;3.43;2.93
MHS00036;7;3.15;2.96
MHS00036;8;3.04;2.97
MHS00037;1;1.84;1.84
MHS00037;2;2.52;2.18
MHS00038;1;2.47;2.47
MHS00038;2;2.45;2.46
MHS00039;1;1.8;1.8
MHS00039;2;3.15;2.48
MHS00039;3;2.66;2.54
MHS00039;4;2.97;2.65
MHS00039;5;2.66;2.65
MHS00039;6;2.89;2.69
MHS00039;7;3.04;2.74
MHS00039;8;2.95;2.77
MHS00040;1;2.3;2.3
MHS00040;2;3.03;2.67
MHS00041;1;3.82;3.82
MHS00041;2;3.99;3.9
MHS00041;3;4.0;3.94
MHS00041;4;4.0;3.95
MHS00041;5;4.0;3.96
MHS00041;6;4.0;3.97
MHS00041;7;4.0;3.97
MHS00041;8;4.0;3.98
MHS00042;1;3.43;3.43
MHS00042;2;3.66;3.55
MHS00043;1;2.87;2.87
MHS00043;2;2.99;2.93
MHS00043;3;3.35;3.07
MHS00043;4;2.98;3.05
MHS00043;5;3.04;3.05
MHS00043;6;3.74;3.16
MHS00043;7;3.52;3.21
MHS00043;8;3.25;3.22
MHS00044;1;2.45;2.45
MHS00044;2;2.38;2.42
MHS00044;3;3.33;2.72
MHS00044;4;2.59;2.69
MHS00044;5;3.02;2.75
MHS00044;6;3.36;2.86
MHS00045;1;3.28;3.28
MHS00045;2;3.56;3.42
MHS00045;3;3.62;3.49
MHS00045;4;3.36;3.45
MHS00045;5;3.07;3.38
MHS00045;6;3.39;3.38
MHS00046;1;2.42;2.42
MHS00046;2;2.69;2.55
MHS00046;3;2.94;2.68
MHS00046;4;2.69;2.68
MHS00046;5;3.08;2.76
MHS00046;6;2.35;2.69
MHS00046;7;2.76;2.7
MHS00046;8;2.85;2.72
MHS00046;9;3.0;2.75
MHS00046;10;3.0;2.78
MHS00047;1;3.15;3.15
MHS00047;2;3.8;3.48
MHS00047;3;3.58;3.51
MHS00047;4;3.48;3.5
MHS00047;5;3.6;3.52
MHS00047;6;3.56;3.53
MHS00047;7;4.0;3.6
MHS00047;8;3.47;3.58
MHS00048;1;2.32;2.32
MHS00048;2;2.98;2.65
MHS00048;3;2.98;2.76
MHS00048;4;3.1;2.84
MHS00049;1;2.45;2.45
MHS00049;2;2.7;2.58
MHS00050;1;2.87;2.87
MHS00050;2;3.42;3.15
MHS00051;1;2.87;2.87
MHS00051;2;2.82;2.85
MHS00051;3;3.33;3.01
MHS00051;4;3.24;3.06
MHS00052;1;2.44;2.44
MHS00052;2;2.21;2.32
MHS00052;3;2.29;2.31
MHS00052;4;2.75;2.42
MHS00052;5;2.68;2.47
MHS00052;6;2.57;2.49
MHS00053;1;3.29;3.29
MHS00053;2;4.0;3.65
MHS00053;3;2.9;3.4
MHS00053;4;4.0;3.55
MHS00054;1;2.13;2.13
MHS00054;2;2.79;2.46
MHS00054;3;3.41;2.78
MHS00054;4;3.14;2.87
MHS00055;1;3.0;3.0
MHS00055;2;3.35;3.18
MHS00056;1;2.15;2.15
MHS00056;2;2.35;2.25
MHS00057;1;2.96;2.96
MHS00057;2;3.15;3.05
MHS00057;3;3.22;3.11
MHS00057;4;3.48;3.2
MHS00057;5;3.23;3.21
MHS00057;6;3.75;3.3
MHS00057;7;3.34;3.31
MHS00057;8;3.85;3.37
MHS00058;1;3.14;3.14
MHS00058;2;3.96;3.55
MHS00059;1;2.58;2.58
MHS00059;2;3.15;2.87
MHS00060;1;1.86;1.86
MHS00060;2;2.8;2.33
MHS00060;3;3.19;2.62
MHS00060;4;3.64;2.87
MHS00061;1;3.75;3.75
MHS00061;2;4.0;3.88
MHS00061;3;4.0;3.92
MHS00061;4;4.0;3.94
MHS00062;1;2.56;2.56
MHS00062;2;3.32;2.94
MHS00062;3;3.65;3.18
MHS00062;4;2.97;3.12
MHS00062;5;3.97;3.29
MHS00062;6;3.21;3.28
MHS00063;1;2.67;2.67
MHS00063;2;2.96;2.82
MHS00064;1;3.18;3.18
MHS00064;2;3.27;3.23
MHS00065;1;1.96;1.96
MHS00065;2;2.62;2.29
MHS00065;3;3.07;2.55
MHS00065;4;2.51;2.54
MHS00066;1;2.82;2.82
MHS00066;2;2.98;2.9
MHS00066;3;3.02;2.94
MHS00066;4;2.99;2.95
MHS00067;1;2.71;2.71
MHS00067;2;2.51;2.61
MHS00067;3;3.31;2.85
MHS00067;4;2.84;2.85
MHS00067;5;3.1;2.9
MHS00067;6;3.7;3.03
MHS00067;7;3.42;3.09
MHS00067;8;2.97;3.07
MHS00067;9;3.29;3.1
MHS00068;1;3.42;3.42
MHS00068;2;3.48;3.45
MHS00068;3;3.79;3.56
MHS00068;4;4.0;3.67
MHS00068;5;3.59;3.65
MHS00068;6;3.47;3.62
MHS00068;7;3.46;3.6
MHS00068;8;4.0;3.65
MHS00069;1;1.81;1.81
MHS00069;2;1.81;1.81
MHS00069;3;2.29;1.97
MHS00070;1;3.38;3.38
MHS00070;2;3.0;3.19
MHS00070;3;3.14;3.17
MHS00070;4;3.12;3.16
MHS00071;1;1.84;1.84
MHS00071;2;2.42;2.13
MHS00071;3;1.87;2.04
MHS00072;1;2.86;2.86
MHS00072;2;2.99;2.92
MHS00072;3;3.0;2.95
MHS00072;4;2.58;2.86
MHS00072;5;3.29;2.94
MHS00072;6;2.99;2.95
MHS00072;7;3.09;2.97
MHS00072;8;2.75;2.94
MHS00073;1;2.86;2.86
MHS00073;2;2.64;2.75
MHS00073;3;3.0;2.83
MHS00073;4;2.71;2.8
MHS00074;1;2.47;2.47
MHS00074;2;3.25;2.86
MHS00074;3;2.98;2.9
MHS00074;4;3.09;2.95
MHS00074;5;3.3;3.02
MHS00074;6;3.85;3.15
MHS00074;7;3.68;3.23
MHS00074;8;3.44;3.26
MHS00075;1;3.17;3.17
MHS00075;2;3.46;3.32
MHS00076;1;3.42;3.42
MHS00076;2;3.06;3.24
MHS00077;1;4.0;4.0
MHS00077;2;3.65;3.82
MHS00077;3;3.99;3.88
MHS00077;4;3.65;3.82
MHS00077;5;4.0;3.86
MHS00077;6;3.64;3.82
MHS00078;1;3.0;3.0
MHS00078;2;2.67;2.84
MHS00078;3;3.31;2.99
MHS00078;4;3.52;3.12
MHS00078;5;3.26;3.15
MHS00078;6;3.08;3.14
MHS00079;1;3.2;3.2
MHS00079;2;4.0;3.6
MHS00080;1;2.55;2.55
MHS00080;2;3.01;2.78
MHS00080;3;3.01;2.86
MHS00080;4;3.12;2.92
MHS00080;5;3.02;2.94
MHS00080;6;3.22;2.99
MHS00080;7;3.68;3.09
MHS00080;8;3.08;3.09
MHS00081;1;3.82;3.82
MHS00081;2;4.0;3.91
MHS00081;3;3.89;3.9
MHS00081;4;4.0;3.93
MHS00081;5;3.99;3.94
MHS00081;6;3.91;3.94
MHS00081;7;4.0;3.94
MHS00081;8;4.0;3.95
MHS00082;1;2.41;2.41
MHS00082;2;3.03;2.72
MHS00083;1;2.74;2.74
MHS00083;2;2.47;2.61
MHS00083;3;2.67;2.63
MHS00083;4;2.81;2.67
MHS00083;5;2.49;2.63
MHS00083;6;2.94;2.68
MHS00083;7;2.75;2.69
MHS00083;8;3.03;2.74
MHS00084;1;2.44;2.44
MHS00084;2;2.2;2.32
MHS00085;1;2.93;2.93
MHS00085;2;3.45;3.19
MHS00085;3;3.11;3.16
MHS00085;4;3.19;3.17
MHS00085;5;3.85;3.3
MHS00085;6;3.14;3.28
MHS00085;7;3.99;3.38
MHS00085;8;3.78;3.43
MHS00085;9;2.99;3.38
MHS00085;10;3.52;3.39
MHS00086;1;3.17;3.17
MHS00086;2;3.64;3.4
MHS00086;3;3.57;3.46
MHS00086;4;4.0;3.59
MHS00086;5;3.72;3.62
MHS00086;6;3.85;3.66
MHS00087;1;2.52;2.52
MHS00087;2;2.79;2.66
MHS00087;3;3.04;2.78
MHS00087;4;3.04;2.85
MHS00087;5;3.29;2.94
MHS00087;6;3.47;3.02
MHS00087;7;2.97;3.02
MHS00087;8;3.41;3.07
MHS00088;1;3.04;3.04
MHS00088;2;2.78;2.91
MHS00088;3;3.32;3.05
MHS00088;4;3.24;3.1
MHS00088;5;3.15;3.11
MHS00088;6;3.49;3.17
MHS00089;1;3.62;3.62
MHS00089;2;3.6;3.61
MHS00089;3;3.75;3.66
MHS00089;4;3.27;3.56
MHS00089;5;3.84;3.62
MHS00089;6;3.87;3.66
MHS00090;1;3.08;3.08
MHS00090;2;3.23;3.15
MHS00091;1;2.75;2.75
MHS00091;2;3.8;3.27
MHS00092;1;3.06;3.06
MHS00092;2;3.41;3.24
MHS00092;3;3.73;3.4
MHS00092;4;3.45;3.42
MHS00093;1;2.54;2.54
MHS00093;2;3.14;2.84
MHS00094;1;2.22;2.22
MHS00094;2;3.31;2.77
MHS00094;3;2.78;2.77
MHS00094;4;3.31;2.91
MHS00094;5;3.17;2.96
MHS00094;6;2.8;2.93
MHS00095;1;3.02;3.02
MHS00095;2;3.64;3.33
MHS00095;3;3.8;3.49
MHS00095;4;3.68;3.54
MHS00095;5;3.92;3.61
MHS00095;6;3.36;3.57
MHS00096;1;3.02;3.02
MHS00096;2;2.77;2.89
MHS00096;3;3.25;3.01
MHS00096;4;3.15;3.04
MHS00096;5;3.46;3.13
MHS00096;6;3.26;3.15
MHS00096;7;3.22;3.16
MHS00096;8;3.44;3.19
MHS00097;1;3.71;3.71
MHS00097;2;4.0;3.85
MHS00098;1;3.29;3.29
MHS00098;2;3.44;3.36
MHS00098;3;3.63;3.45
MHS00098;4;3.33;3.42
MHS00098;5;3.52;3.44
MHS00098;6;3.78;3.5
MHS00099;1;2.28;2.28
MHS00099;2;2.59;2.43
MHS00100;1;3.26;3.26
MHS00100;2;2.57;2.91
MHS00100;3;3.85;3.23
MHS00100;4;3.6;3.32
MHS00100;5;3.45;3.35
MHS00100;6;3.42;3.36
MHS00100;7;3.67;3.4
MHS00100;8;3.57;3.42
MHS00101;1;2.98;2.98
MHS00101;2;3.35;3.16
MHS00102;1;3.29;3.29
MHS00102;2;3.91;3.6
MHS00103;1;3.56;3.56
MHS00103;2;3.62;3.59
MHS00103;3;3.86;3.68
MHS00103;4;3.53;3.64
MHS00103;5;3.83;3.68
MHS00103;6;4.0;3.73
MHS00103;7;4.0;3.77
MHS00103;8;3.9;3.79
MHS00104;1;3.2;3.2
MHS00104;2;3.49;3.35
MHS00105;1;2.82;2.82
MHS00105;2;3.19;3.0
MHS00105;3;2.93;2.98
MHS00105;4;3.14;3.02
MHS00105;5;2.91;3.0
MHS00105;6;3.23;3.04
MHS00106;1;2.77;2.77
MHS00106;2;2.79;2.78
MHS00106;3;3.13;2.9
MHS00106;4;3.08;2.94
MHS00107;1;4.0;4.0
MHS00107;2;3.99;3.99
MHS00107;3;4.0;4.0
MHS00107;4;4.0;4.0
MHS00107;5;4.0;4.0
MHS00107;6;4.0;4.0
MHS00107;7;4.0;4.0
MHS00107;8;4.0;4.0
MHS00108;1;3.38;3.38
MHS00108;2;3.04;3.21
MHS00108;3;4.0;3.47
MHS00108;4;3.2;3.4
MHS00108;5;3.52;3.43
MHS00108;6;3.46;3.43
MHS00109;1;2.83;2.83
MHS00109;2;3.28;3.05
MHS00110;1;3.26;3.26
MHS00110;2;3.61;3.44
MHS00111;1;2.53;2.53
MHS00111;2;2.46;2.49
MHS00112;1;3.65;3.65
MHS00112;2;3.79;3.72
MHS00112;3;3.81;3.75
MHS00112;4;4.0;3.81
MHS00113;1;3.69;3.69
MHS00113;2;3.37;3.53
MHS00113;3;3.64;3.57
MHS00113;4;3.3;3.5
MHS00113;5;3.79;3.56
MHS00113;6;3.36;3.52
MHS00114;1;2.95;2.95
MHS00114;2;2.56;2.75
MHS00115;1;2.91;2.91
MHS00115;2;3.57;3.24
MHS00115;3;3.64;3.37
MHS00115;4;3.31;3.35
MHS00115;5;3.16;3.32
MHS00115;6;2.67;3.21
MHS00115;7;3.49;3.25
MHS00115;8;3.19;3.24
MHS00116;1;3.81;3.81
MHS00116;2;2.88;3.34
MHS00117;1;2.49;2.49
MHS00117;2;3.19;2.84
MHS00117;3;2.36;2.68
MHS00117;4;2.76;2.7
MHS00117;5;2.72;2.7
MHS00117;6;2.86;2.73
MHS00118;1;2.32;2.32
MHS00118;2;2.52;2.42
MHS00118;3;2.62;2.49
MHS00118;4;3.17;2.66
MHS00118;5;3.29;2.78
MHS00118;6;2.91;2.81
MHS00118;7;3.22;2.86
MHS00118;8;2.86;2.86
MHS00119;1;2.81;2.81
MHS00119;2;3.3;3.06
MHS00119;3;3.09;3.07
MHS00119;4;2.8;3.0
MHS00119;5;3.94;3.19
MHS00119;6;3.11;3.18
MHS00120;1;3.4;3.4
MHS00120;2;3.83;3.62
MHS00121;1;2.67;2.67
MHS00121;2;2.49;2.58
MHS00122;1;2.02;2.02
MHS00122;2;2.53;2.27
MHS00122;3;2.47;2.34
MHS00122;4;2.28;2.32
MHS00122;5;2.66;2.39
MHS00122;6;2.38;2.39
MHS00122;7;2.87;2.46
MHS00122;8;2.71;2.49
MHS00123;1;3.3;3.3
MHS00123;2;4.0;3.65
MHS00123;3;3.6;3.63
MHS00123;4;4.0;3.72
MHS00123;5;3.72;3.72
MHS00123;6;4.0;3.77
MHS00124;1;2.9;2.9
MHS00124;2;3.05;2.97
MHS00124;3;3.17;3.04
MHS00124;4;3.54;3.17
MHS00125;1;2.61;2.61
MHS00125;2;2.78;2.69
MHS00125;3;3.17;2.85
MHS00125;4;2.53;2.77
MHS00125;5;2.59;2.73
MHS00125;6;3.64;2.89
MHS00126;1;3.61;3.61
MHS00126;2;3.78;3.7
MHS00126;3;3.42;3.6
MHS00126;4;3.56;3.59
MHS00126;5;3.61;3.6
MHS00126;6;3.8;3.63
MHS00126;7;3.86;3.66
MHS00126;8;3.94;3.7
MHS00127;1;3.07;3.07
MHS00127;2;3.47;3.27
MHS00127;3;3.55;3.36
MHS00127;4;3.49;3.39
MHS00127;5;3.23;3.36
MHS00127;6;3.19;3.33
MHS00127;7;2.96;3.28
MHS00127;8;3.36;3.29
MHS00128;1;3.09;3.09
MHS00128;2;2.86;2.98
MHS00128;3;2.72;2.89
MHS00128;4;3.2;2.97
MHS00129;1;2.5;2.5
MHS00129;2;2.24;2.37
MHS00129;3;2.22;2.32
MHS00129;4;2.67;2.41
MHS00129;5;2.63;2.45
MHS00129;6;2.58;2.47
MHS00129;7;2.62;2.5
MHS00129;8;2.49;2.49
MHS00130;1;3.19;3.19
MHS00130;2;3.81;3.5
MHS00130;3;3.93;3.64
MHS00130;4;4.0;3.73
MHS00130;5;3.78;3.74
MHS00130;6;4.0;3.79
MHS00131;1;3.26;3.26
MHS00131;2;3.9;3.58
MHS00131;3;4.0;3.72
MHS00131;4;4.0;3.79
MHS00132;1;4.0;4.0
MHS00132;2;4.0;4.0
MHS00133;1;3.39;3.39
MHS00133;2;3.3;3.34
MHS00133;3;3.55;3.41
MHS00133;4;3.16;3.35
MHS00134;1;3.21;3.21
MHS00134;2;3.72;3.47
MHS00134;3;4.0;3.64
MHS00134;4;3.82;3.69
MHS00135;1;3.63;3.63
MHS00135;2;3.82;3.72
MHS00135;3;3.71;3.72
MHS00135;4;3.75;3.73
MHS00135;5;3.32;3.65
MHS00135;6;4.0;3.7
MHS00136;1;2.93;2.93
MHS00136;2;3.19;3.06
MHS00137;1;2.01;2.01
MHS00137;2;2.97;2.49
MHS00137;3;2.88;2.62
MHS00137;4;2.94;2.7
MHS00137;5;3.41;2.84
MHS00137;6;3.32;2.92
MHS00137;7;3.01;2.93
MHS00137;8;3.92;3.06
MHS00138;1;2.02;2.02
MHS00138;2;2.11;2.06
MHS00138;3;2.67;2.27
MHS00138;4;2.88;2.42
MHS00139;1;3.01;3.01
MHS00139;2;3.14;3.08
MHS00139;3;3.41;3.19
MHS00139;4;3.62;3.3
MHS00139;5;3.3;3.3
MHS00139;6;3.72;3.37
MHS00140;1;3.0;3.0
MHS00140;2;3.19;3.1
MHS00141;1;2.51;2.51
MHS00141;2;2.4;2.46
MHS00141;3;3.19;2.7
MHS00141;4;3.57;2.92
MHS00141;5;3.44;3.02
MHS00141;6;3.62;3.12
MHS00142;1;3.53;3.53
MHS00142;2;3.5;3.51
MHS00142;3;4.0;3.68
MHS00142;4;3.99;3.75
MHS00142;5;4.0;3.8
MHS00142;6;4.0;3.84
MHS00143;1;3.37;3.37
MHS00143;2;3.32;3.34
MHS00143;3;3.66;3.45
MHS00143;4;3.96;3.58
MHS00143;5;3.74;3.61
MHS00143;6;4.0;3.67
MHS00143;7;4.0;3.72
MHS00143;8;3.58;3.7
MHS00144;1;2.09;2.09
MHS00144;2;2.63;2.36
MHS00144;3;3.16;2.63
MHS00144;4;2.79;2.67
MHS00144;5;2.72;2.68
MHS00144;6;2.57;2.66
MHS00145;1;3.21;3.21
MHS00145;2;3.46;3.33
MHS00145;3;2.94;3.2
MHS00145;4;3.2;3.2
MHS00146;1;4.0;4.0
MHS00146;2;4.0;4.0
MHS00146;3;4.0;4.0
MHS00146;4;3.91;3.98
MHS00147;1;2.39;2.39
MHS00147;2;1.92;2.16
MHS00147;3;2.82;2.38
MHS00147;4;2.88;2.5
MHS00147;5;3.34;2.67
MHS00147;6;3.17;2.75
MHS00147;7;2.59;2.73
MHS00147;8;3.36;2.81
MHS00147;9;2.75;2.8
MHS00147;10;2.72;2.79
MHS00148;1;2.99;2.99
MHS00148;2;3.16;3.07
MHS00148;3;3.55;3.23
MHS00148;4;3.14;3.21
MHS00148;5;3.75;3.32
MHS00148;6;3.36;3.32
MHS00148;7;3.24;3.31
MHS00148;8;3.32;3.31
MHS00149;1;3.47;3.47
MHS00149;2;3.96;3.71
MHS00149;3;3.5;3.64
MHS00149;4;3.56;3.62
MHS00149;5;3.7;3.64
MHS00149;6;3.81;3.66
MHS00149;7;3.51;3.64
MHS00149;8;3.1;3.57
MHS00149;9;3.74;3.59
MHS00150;1;3.95;3.95
MHS00150;2;3.63;3.79
MHS00151;1;2.09;2.09
MHS00151;2;2.35;2.22
MHS00151;3;3.3;2.58
MHS00151;4;2.89;2.66
MHS00151;5;3.21;2.77
MHS00151;6;2.71;2.76
MHS00152;1;3.2;3.2
MHS00152;2;3.91;3.55
MHS00152;3;3.44;3.52
MHS00152;4;3.83;3.59
MHS00152;5;3.85;3.64
MHS00152;6;3.39;3.6
MHS00153;1;2.4;2.4
MHS00153;2;2.52;2.46
MHS00153;3;2.46;2.46
MHS00153;4;3.34;2.68
MHS00154;1;2.6;2.6
MHS00154;2;2.66;2.63
MHS00154;3;2.81;2.69
MHS00154;4;2.78;2.71
MHS00154;5;2.42;2.65
MHS00154;6;3.22;2.75
MHS00154;7;2.62;2.73
MHS00154;8;2.67;2.72
MHS00155;1;2.71;2.71
MHS00155;2;2.66;2.69
MHS00155;3;3.13;2.84
MHS00155;4;2.64;2.79
MHS00155;5;3.14;2.86
MHS00155;6;3.22;2.92
MHS00155;7;3.32;2.97
MHS00155;8;3.12;2.99
MHS00155;9;3.59;3.06
MHS00156;1;2.7;2.7
MHS00156;2;2.89;2.8
MHS00156;3;2.85;2.82
MHS00156;4;3.36;2.95
MHS00156;5;3.4;3.04
MHS00156;6;3.82;3.17
MHS00156;7;3.03;3.15
MHS00156;8;2.83;3.11
MHS00157;1;3.54;3.54
MHS00157;2;3.28;3.41
MHS00157;3;2.9;3.24
MHS00157;4;3.9;3.41
MHS00157;5;3.09;3.34
MHS00157;6;3.45;3.36
MHS00157;7;3.93;3.44
MHS00157;8;3.31;3.43
MHS00158;1;3.03;3.03
MHS00158;2;2.85;2.94
MHS00159;1;3.04;3.04
MHS00159;2;2.74;2.89
MHS00159;3;3.18;2.99
MHS00159;4;3.27;3.06
MHS00160;1;3.58;3.58
MHS00160;2;3.72;3.65
MHS00160;3;4.0;3.77
MHS00160;4;3.75;3.76
MHS00160;5;3.8;3.77
MHS00160;6;4.0;3.81
MHS00161;1;2.8;2.8
MHS00161;2;3.49;3.15
MHS00161;3;3.45;3.25
MHS00161;4;3.86;3.4
MHS00162;1;3.07;3.07
MHS00162;2;3.84;3.45
MHS00163;1;2.98;2.98
MHS00163;2;3.08;3.03
MHS00163;3;3.08;3.05
MHS00163;4;2.92;3.02
MHS00164;1;2.83;2.83
MHS00164;2;2.98;2.91
MHS00164;3;3.41;3.08
MHS00164;4;3.06;3.07
MHS00165;1;2.45;2.45
MHS00165;2;2.66;2.56
MHS00165;3;2.87;2.66
MHS00165;4;2.64;2.65
MHS00165;5;2.98;2.72
MHS00165;6;3.25;2.81
MHS00166;1;2.51;2.51
MHS00166;2;2.36;2.44
MHS00167;1;2.04;2.04
MHS00167;2;2.54;2.29
MHS00167;3;2.74;2.44
MHS00167;4;3.21;2.63
MHS00167;5;2.84;2.67
MHS00167;6;2.37;2.62
MHS00167;7;3.2;2.71
MHS00167;8;2.98;2.74
MHS00168;1;3.45;3.45
MHS00168;2;3.31;3.38
MHS00168;3;3.79;3.52
MHS00168;4;3.94;3.62
MHS00168;5;3.62;3.62
MHS00168;6;3.46;3.6
MHS00168;7;3.65;3.6
MHS00168;8;3.42;3.58
MHS00168;9;3.47;3.57
MHS00169;1;3.75;3.75
MHS00169;2;3.87;3.81
MHS00169;3;3.84;3.82
MHS00169;4;3.27;3.68
MHS00169;5;3.87;3.72
MHS00169;6;3.96;3.76
MHS00170;1;2.86;2.86
MHS00170;2;3.34;3.1
MHS00171;1;3.33;3.33
MHS00171;2;3.9;3.61
MHS00172;1;4.0;4.0
MHS00172;2;4.0;4.0
MHS00172;3;4.0;4.0
MHS00172;4;4.0;4.0
MHS00173;1;3.06;3.06
MHS00173;2;3.46;3.26
MHS00173;3;3.86;3.46
MHS00173;4;4.0;3.59
MHS00173;5;3.72;3.62
MHS00173;6;4.0;3.68
MHS00174;1;2.82;2.82
MHS00174;2;3.35;3.09
MHS00175;1;3.0;3.0
MHS00175;2;3.57;3.28
MHS00176;1;3.46;3.46
MHS00176;2;4.0;3.73
MHS00177;1;1.92;1.92
MHS00177;2;2.96;2.44
MHS00178;1;1.88;1.88
MHS00178;2;2.81;2.35
MHS00179;1;2.62;2.62
MHS00179;2;3.31;2.97
MHS00180;1;3.43;3.43
MHS00180;2;3.25;3.34
MHS00180;3;4.0;3.56
MHS00180;4;4.0;3.67
MHS00180;5;3.56;3.65
MHS00180;6;4.0;3.71
MHS00180;7;3.88;3.73
MHS00180;8;4.0;3.77
MHS00181;1;3.43;3.43
MHS00181;2;4.0;3.72
MHS00182;1;2.81;2.81
MHS00182;2;3.72;3.27
MHS00182;3;3.67;3.4
MHS00182;4;3.28;3.37
MHS00182;5;3.31;3.36
MHS00182;6;3.21;3.33
MHS00182;7;3.38;3.34
MHS00182;8;3.25;3.33
MHS00183;1;2.78;2.78
MHS00183;2;3.78;3.28
MHS00183;3;3.74;3.43
MHS00183;4;3.93;3.56
MHS00184;1;1.77;1.77
MHS00184;2;1.65;1.71
MHS00185;1;3.43;3.43
MHS00185;2;3.33;3.38
MHS00186;1;3.01;3.01
MHS00186;2;2.93;2.97
MHS00186;3;3.25;3.06
MHS00186;4;2.9;3.02
MHS00186;5;3.71;3.16
MHS00186;6;3.99;3.3
MHS00187;1;2.2;2.2
MHS00187;2;2.57;2.38
MHS00187;3;2.69;2.49
MHS00187;4;2.81;2.57
MHS00188;1;3.08;3.08
MHS00188;2;3.3;3.19
MHS00188;3;3.24;3.21
MHS00188;4;4.0;3.4
MHS00188;5;3.66;3.46
MHS00188;6;3.45;3.46
MHS00189;1;3.17;3.17
MHS00189;2;2.99;3.08
MHS00189;3;3.26;3.14
MHS00189;4;3.16;3.15
MHS00190;1;2.31;2.31
MHS00190;2;3.13;2.72
MHS00190;3;2.58;2.67
MHS00190;4;2.74;2.69
MHS00190;5;3.03;2.76
MHS00190;6;2.31;2.68
MHS00190;7;2.26;2.62
MHS00190;8;2.77;2.64
MHS00191;1;3.46;3.46
MHS00191;2;3.63;3.54
MHS00191;3;3.4;3.49
MHS00191;4;4.0;3.62
MHS00191;5;3.61;3.62
MHS00191;6;3.66;3.62
MHS00192;1;2.58;2.58
MHS00192;2;3.05;2.82
MHS00192;3;2.71;2.78
MHS00192;4;2.53;2.72
MHS00192;5;2.72;2.72
MHS00192;6;2.7;2.72
MHS00192;7;2.83;2.73
MHS00192;8;2.75;2.73
MHS00192;9;3.27;2.79
MHS00193;1;3.96;3.96
MHS00193;2;3.81;3.88
MHS00194;1;2.54;2.54
MHS00194;2;3.24;2.89
MHS00194;3;2.86;2.88
MHS00194;4;3.28;2.98
MHS00195;1;2.36;2.36
MHS00195;2;3.12;2.74
MHS00195;3;2.62;2.7
MHS00195;4;3.5;2.9
MHS00195;5;3.16;2.95
MHS00195;6;3.45;3.04
MHS00196;1;2.5;2.5
MHS00196;2;2.64;2.57
MHS00196;3;3.29;2.81
MHS00196;4;3.33;2.94
MHS00196;5;2.58;2.87
MHS00196;6;2.79;2.85
MHS00196;7;2.98;2.87
MHS00196;8;3.38;2.94
MHS00196;9;2.92;2.93
MHS00196;10;3.18;2.96
MHS00197;1;2.8;2.8
MHS00197;2;2.81;2.8
MHS00197;3;2.91;2.84
MHS00197;4;3.66;3.05
MHS00197;5;3.48;3.13
MHS00197;6;3.68;3.23
MHS00198;1;3.06;3.06
MHS00198;2;3.02;3.04
MHS00198;3;3.07;3.05
MHS00198;4;3.15;3.07
MHS00198;5;3.37;3.13
MHS00198;6;3.34;3.17
MHS00198;7;3.48;3.21
MHS00198;8;3.47;3.24
MHS00198;9;3.69;3.29
MHS00198;10;3.48;3.31
MHS00199;1;2.16;2.16
MHS00199;2;2.56;2.36
MHS00199;3;2.99;2.57
MHS00199;4;3.23;2.73
MHS00200;1;3.23;3.23
MHS00200;2;3.41;3.32
MHS00200;3;3.52;3.39
MHS00200;4;3.31;3.37
MHS00200;5;2.78;3.25
MHS00200;6;3.64;3.31
MHS00200;7;3.28;3.31
MHS00200;8;3.51;3.33
MHS00201;1;3.19;3.19
MHS00201;2;3.16;3.17
MHS00202;1;2.34;2.34
MHS00202;2;2.93;2.63
MHS00202;3;3.34;2.87
MHS00203;1;3.53;3.53
MHS00203;2;3.29;3.41
MHS00204;1;2.48;2.48
MHS00204;2;2.88;2.68
MHS00204;3;3.33;2.9
MHS00204;4;3.27;2.99
MHS00204;5;3.22;3.03
MHS00204;6;3.11;3.05
MHS00205;1;3.65;3.65
MHS00205;2;3.25;3.45
MHS00206;1;3.52;3.52
MHS00206;2;3.6;3.56
MHS00206;3;3.85;3.66
MHS00206;4;3.95;3.73
MHS00206;5;4.0;3.78
MHS00206;6;3.68;3.77
MHS00207;1;3.66;3.66
MHS00207;2;3.24;3.45
MHS00207;3;4.0;3.63
MHS00207;4;3.54;3.61
MHS00208;1;3.44;3.44
MHS00208;2;3.65;3.55
MHS00208;3;3.98;3.69
MHS00208;4;4.0;3.77
MHS00208;5;3.54;3.72
MHS00208;6;3.74;3.73
MHS00208;7;4.0;3.76
MHS00208;8;3.79;3.77
MHS00209;1;2.52;2.52
MHS00209;2;2.76;2.64
MHS00209;3;3.6;2.96
MHS00209;4;3.0;2.97
MHS00209;5;3.03;2.98
MHS00209;6;3.32;3.04
MHS00210;1;3.05;3.05
MHS00210;2;3.84;3.44
MHS00210;3;4.0;3.63
MHS00210;4;3.85;3.69
MHS00210;5;3.47;3.64
MHS00210;6;3.7;3.65
MHS00210;7;4.0;3.7
MHS00210;8;3.9;3.73
MHS00211;1;2.31;2.31
MHS00211;2;3.1;2.7
MHS00211;3;2.81;2.74
MHS00211;4;3.55;2.94
MHS00211;5;3.06;2.96
MHS00211;6;2.97;2.96
MHS00212;1;3.83;3.83
MHS00212;2;3.89;3.86
MHS00212;3;3.67;3.8
MHS00212;4;4.0;3.85
MHS00213;1;3.29;3.29
MHS00213;2;3.36;3.32
MHS00214;1;4.0;4.0
MHS00214;2;3.88;3.94
MHS00214;3;4.0;3.96
MHS00214;4;4.0;3.97
MHS00214;5;4.0;3.98
MHS00214;6;4.0;3.98
MHS00214;7;4.0;3.98
MHS00214;8;4.0;3.98
MHS00215;1;2.51;2.51
MHS00215;2;3.04;2.77
MHS00215;3;2.98;2.84
MHS00215;4;3.18;2.93
MHS00215;5;2.69;2.88
MHS00215;6;2.8;2.87
MHS00215;7;2.48;2.81
MHS00215;8;2.64;2.79
MHS00216;1;2.49;2.49
MHS00216;2;3.23;2.86
MHS00216;3;3.13;2.95
MHS00216;4;2.88;2.93
MHS00217;1;2.64;2.64
MHS00217;2;3.05;2.84
MHS00217;3;3.0;2.89
MHS00217;4;3.15;2.96
MHS00217;5;3.17;3.0
MHS00217;6;3.72;3.12
MHS00217;7;3.68;3.2
MHS00217;8;2.87;3.16
MHS00218;1;2.97;2.97
MHS00218;2;3.24;3.1
MHS00218;3;3.43;3.21
MHS00218;4;2.98;3.15
MHS00218;5;3.33;3.19
MHS00218;6;3.32;3.21
MHS00218;7;3.34;3.23
MHS00218;8;3.67;3.28
MHS00218;9;2.98;3.25
MHS00219;1;3.7;3.7
MHS00219;2;3.68;3.69
MHS00219;3;4.0;3.8
MHS00219;4;4.0;3.85
MHS00219;5;4.0;3.88
MHS00219;6;3.92;3.88
MHS00220;1;4.0;4.0
MHS00220;2;3.74;3.87
MHS00220;3;4.0;3.91
MHS00220;4;3.81;3.89
MHS00220;5;3.85;3.88
MHS00220;6;3.83;3.87
MHS00220;7;3.93;3.88
MHS00220;8;3.83;3.87
MHS00221;1;2.79;2.79
MHS00221;2;2.42;2.61
MHS00221;3;2.99;2.73
MHS00221;4;3.21;2.85
MHS00221;5;2.68;2.82
MHS00221;6;2.34;2.74
MHS00222;1;2.71;2.71
MHS00222;2;2.71;2.71
MHS00223;1;2.02;2.02
MHS00223;2;2.66;2.34
MHS00223;3;2.26;2.31
MHS00223;4;2.66;2.4
MHS00224;1;3.32;3.32
MHS00224;2;3.82;3.57
MHS00225;1;3.3;3.3
MHS00225;2;3.34;3.32
MHS00226;1;3.46;3.46
MHS00226;2;3.89;3.68
MHS00226;3;4.0;3.78
MHS00226;4;4.0;3.84
MHS00226;5;4.0;3.87
MHS00226;6;3.98;3.89
MHS00226;7;3.92;3.89
MHS00226;8;4.0;3.91
MHS00227;1;1.7;1.7
MHS00227;2;2.11;1.91
MHS00227;3;3.04;2.28
MHS00227;4;2.63;2.37
MHS00227;5;3.04;2.5
MHS00227;6;2.66;2.53
MHS00227;7;2.8;2.57
MHS00227;8;2.96;2.62
MHS00228;1;2.62;2.62
MHS00228;2;2.94;2.78
MHS00228;3;2.8;2.79
MHS00228;4;2.63;2.75
MHS00228;5;3.07;2.81
MHS00228;6;3.11;2.86
MHS00229;1;2.09;2.09
MHS00229;2;3.12;2.61
MHS00229;3;2.59;2.6
MHS00229;4;2.71;2.63
MHS00230;1;3.08;3.08
MHS00230;2;3.14;3.11
MHS00231;1;2.98;2.98
MHS00231;2;3.08;3.03
MHS00232;1;3.26;3.26
MHS00232;2;3.16;3.21
MHS00232;3;3.47;3.3
MHS00232;4;3.24;3.28
MHS00232;5;3.13;3.25
MHS00232;6;2.94;3.2
MHS00232;7;3.01;3.17
MHS00232;8;2.87;3.13
MHS00233;1;2.42;2.42
MHS00233;2;2.51;2.46
MHS00233;3;2.78;2.57
MHS00233;4;3.68;2.85
MHS00233;5;2.78;2.83
MHS00233;6;3.52;2.95
MHS00233;7;3.18;2.98
MHS00233;8;2.82;2.96
MHS00233;9;3.0;2.96
MHS00233;10;2.82;2.95
MHS00234;1;3.33;3.33
MHS00234;2;3.46;3.4
MHS00234;3;3.19;3.33
MHS00234;4;3.43;3.35
MHS00234;5;3.7;3.42
MHS00234;6;3.13;3.37
MHS00234;7;3.63;3.41
MHS00234;8;3.72;3.45
MHS00234;9;3.26;3.43
MHS00235;1;3.56;3.56
MHS00235;2;3.97;3.76
MHS00235;3;3.82;3.78
MHS00235;4;4.0;3.84
MHS00236;1;2.77;2.77
MHS00236;2;2.95;2.86
MHS00236;3;3.78;3.17
MHS00236;4;2.93;3.11
MHS00236;5;2.88;3.06
MHS00236;6;3.34;3.11
MHS00237;1;2.53;2.53
MHS00237;2;3.63;3.08
MHS00237;3;3.08;3.08
MHS00237;4;3.4;3.16
MHS00238;1;2.62;2.62
MHS00238;2;2.88;2.75
MHS00238;3;3.01;2.84
MHS00238;4;3.09;2.9
MHS00239;1;2.38;2.38
MHS00239;2;2.59;2.48
MHS00239;3;2.43;2.47
MHS00239;4;2.98;2.6
MHS00239;5;2.65;2.61
MHS00239;6;3.1;2.69
MHS00239;7;2.86;2.71
MHS00239;8;2.92;2.74
MHS00240;1;2.4;2.4
MHS00240;2;2.44;2.42
MHS00240;3;3.0;2.61
MHS00240;4;2.58;2.61
MHS00241;1;2.13;2.13
MHS00241;2;2.93;2.53
MHS00241;3;3.62;2.89
MHS00241;4;3.28;2.99
MHS00241;5;3.5;3.09
MHS00241;6;3.25;3.12
MHS00242;1;2.83;2.83
MHS00242;2;3.56;3.19
MHS00242;3;3.56;3.31
MHS00242;4;3.73;3.42
MHS00242;5;3.5;3.43
MHS00242;6;3.77;3.49
MHS00243;1;3.89;3.89
MHS00243;2;3.73;3.81
MHS00243;3;3.6;3.74
MHS00243;4;3.97;3.8
MHS00244;1;2.64;2.64
MHS00244;2;2.99;2.82
MHS00244;3;3.16;2.93
MHS00244;4;2.88;2.92
MHS00245;1;2.66;2.66
MHS00245;2;3.05;2.85
MHS00246;1;3.94;3.94
MHS00246;2;3.93;3.93
MHS00246;3;4.0;3.96
MHS00246;4;4.0;3.97
MHS00247;1;3.01;3.01
MHS00247;2;3.35;3.18
MHS00248;1;2.12;2.12
MHS00248;2;2.22;2.17
MHS00248;3;2.39;2.24
MHS00248;4;3.21;2.48
MHS00248;5;2.6;2.51
MHS00248;6;2.78;2.55
MHS00249;1;2.32;2.32
MHS00249;2;2.98;2.65
MHS00249;3;2.91;2.74
MHS00249;4;2.86;2.77
MHS00249;5;2.38;2.69
MHS00249;6;2.7;2.69
MHS00250;1;3.41;3.41
MHS00250;2;3.66;3.54
MHS00251;1;3.38;3.38
MHS00251;2;3.85;3.62
MHS00251;3;3.63;3.62
MHS00251;4;4.0;3.71
MHS00251;5;3.24;3.62
MHS00251;6;3.83;3.65
MHS00251;7;4.0;3.7
MHS00251;8;2.83;3.6
MHS00252;1;2.98;2.98
MHS00252;2;2.95;2.97
MHS00252;3;3.14;3.02
MHS00252;4;3.0;3.02
MHS00252;5;3.31;3.07
MHS00252;6;3.17;3.09
MHS00252;7;2.72;3.04
MHS00252;8;2.69;2.99
MHS00253;1;2.76;2.76
MHS00253;2;3.33;3.05
MHS00253;3;2.82;2.97
MHS00253;4;3.66;3.14
MHS00253;5;3.26;3.17
MHS00253;6;3.9;3.29
MHS00254;1;2.74;2.74
MHS00254;2;3.13;2.94
MHS00255;1;3.49;3.49
MHS00255;2;3.75;3.62
MHS00255;3;3.89;3.71
MHS00255;4;4.0;3.78
MHS00255;5;4.0;3.83
MHS00255;6;4.0;3.86
MHS00256;1;3.6;3.6
MHS00256;2;3.57;3.59
MHS00257;1;3.35;3.35
MHS00257;2;3.45;3.4
MHS00257;3;3.84;3.55
MHS00257;4;3.54;3.55
MHS00257;5;3.22;3.48
MHS00257;6;3.85;3.54
MHS00258;1;2.76;2.76
MHS00258;2;3.48;3.12
MHS00258;3;3.59;3.28
MHS00258;4;3.9;3.43
MHS00259;1;2.79;2.79
MHS00259;2;3.07;2.93
MHS00259;3;3.26;3.04
MHS00259;4;3.48;3.15
MHS00259;5;3.17;3.15
MHS00259;6;3.42;3.2
MHS00259;7;3.87;3.3
MHS00259;8;3.45;3.32
MHS00260;1;3.25;3.25
MHS00260;2;3.01;3.13
MHS00260;3;3.54;3.27
MHS00260;4;3.53;3.33
MHS00260;5;3.89;3.45
MHS00260;6;3.87;3.52
MHS00261;1;3.82;3.82
MHS00261;2;3.15;3.49
MHS00261;3;3.66;3.54
MHS00261;4;3.61;3.56
MHS00261;5;3.54;3.56
MHS00261;6;3.88;3.61
MHS00262;1;2.19;2.19
MHS00262;2;2.37;2.28
MHS00262;3;2.05;2.2
MHS00262;4;2.55;2.29
MHS00262;5;2.24;2.28
MHS00262;6;2.71;2.35
MHS00263;1;1.88;1.88
MHS00263;2;2.13;2.01
MHS00264;1;2.59;2.59
MHS00264;2;3.22;2.91
MHS00264;3;3.35;3.06
MHS00264;4;2.98;3.04
MHS00264;5;3.08;3.05
MHS00264;6;3.33;3.09
MHS00265;1;3.42;3.42
MHS00265;2;3.85;3.63
MHS00265;3;3.51;3.59
MHS00265;4;3.4;3.54
MHS00265;5;3.52;3.54
MHS00265;6;3.69;3.56
MHS00265;7;3.28;3.52
MHS00265;8;3.39;3.51
MHS00266;1;3.23;3.23
MHS00266;2;3.19;3.21
MHS00266;3;3.34;3.25
MHS00266;4;3.31;3.27
MHS00266;5;3.62;3.34
MHS00266;6;3.4;3.35
MHS00266;7;2.9;3.29
MHS00266;8;3.08;3.26
MHS00266;9;3.59;3.3
MHS00266;10;3.26;3.29
MHS00267;1;2.97;2.97
MHS00267;2;3.33;3.15
MHS00267;3;3.35;3.22
MHS00267;4;3.64;3.32
MHS00267;5;3.47;3.35
MHS00267;6;3.71;3.41
MHS00268;1;3.27;3.27
MHS00268;2;3.57;3.42
MHS00268;3;3.74;3.53
MHS00268;4;3.64;3.56
MHS00268;5;3.76;3.6
MHS00268;6;3.14;3.52
MHS00268;7;3.53;3.52
MHS00268;8;3.44;3.51
MHS00269;1;2.0;2.0
MHS00269;2;2.64;2.32
MHS00269;3;2.11;2.25
MHS00269;4;2.62;2.34
MHS00270;1;2.63;2.63
MHS00270;2;2.66;2.64
MHS00270;3;3.16;2.81
MHS00270;4;3.02;2.87
MHS00270;5;3.27;2.95
MHS00270;6;3.48;3.04
MHS00270;7;3.26;3.07
MHS00270;8;3.51;3.12
MHS00271;1;4.0;4.0
MHS00271;2;4.0;4.0
MHS00271;3;4.0;4.0
MHS00271;4;4.0;4.0
MHS00271;5;4.0;4.0
MHS00271;6;4.0;4.0
MHS00271;7;4.0;4.0
MHS00271;8;4.0;4.0
MHS00272;1;2.08;2.08
MHS00272;2;2.36;2.22
MHS00272;3;2.65;2.36
MHS00272;4;3.2;2.57
MHS00273;1;2.02;2.02
MHS00273;2;2.3;2.16
MHS00274;1;3.21;3.21
MHS00274;2;3.62;3.41
MHS00275;1;3.95;3.95
MHS00275;2;3.88;3.92
MHS00275;3;3.8;3.88
MHS00275;4;3.42;3.76
MHS00276;1;3.03;3.03
MHS00276;2;3.42;3.22
MHS00276;3;3.85;3.43
MHS00276;4;3.55;3.46
MHS00276;5;3.9;3.55
MHS00276;6;4.0;3.62
MHS00276;7;4.0;3.68
MHS00276;8;3.64;3.67
MHS00277;1;2.89;2.89
MHS00277;2;2.9;2.89
MHS00277;3;3.79;3.19
MHS00277;4;3.11;3.17
MHS00277;5;3.56;3.25
MHS00277;6;3.75;3.33
MHS00278;1;2.84;2.84
MHS00278;2;3.23;3.04
MHS00278;3;3.65;3.24
MHS00278;4;3.44;3.29
MHS00278;5;3.99;3.43
MHS00278;6;2.96;3.35
MHS00278;7;3.45;3.37
MHS00278;8;4.0;3.45
MHS00278;9;3.88;3.49
MHS00279;1;3.62;3.62
MHS00279;2;3.45;3.54
MHS00279;3;3.73;3.6
MHS00279;4;3.89;3.67
MHS00279;5;4.0;3.74
MHS00279;6;4.0;3.78
MHS00279;7;4.0;3.81
MHS00279;8;4.0;3.84
MHS00280;1;2.2;2.2
MHS00280;2;2.33;2.26
MHS00281;1;3.17;3.17
MHS00281;2;3.26;3.21
MHS00282;1;3.76;3.76
MHS00282;2;3.3;3.53
MHS00282;3;4.0;3.69
MHS00282;4;4.0;3.76
MHS00282;5;4.0;3.81
MHS00282;6;4.0;3.84
MHS00282;7;3.75;3.83
MHS00282;8;3.9;3.84
MHS00283;1;2.32;2.32
MHS00283;2;1.96;2.14
MHS00283;3;2.58;2.28
MHS00283;4;2.42;2.32
MHS00284;1;2.47;2.47
MHS00284;2;2.71;2.59
MHS00285;1;3.21;3.21
MHS00285;2;3.61;3.41
MHS00285;3;3.55;3.46
MHS00285;4;3.11;3.37
MHS00286;1;2.4;2.4
MHS00286;2;2.47;2.43
MHS00286;3;3.11;2.66
MHS00286;4;3.23;2.8
MHS00286;5;3.12;2.87
MHS00286;6;3.2;2.92
MHS00287;1;2.33;2.33
MHS00287;2;2.99;2.66
MHS00287;3;2.85;2.72
MHS00287;4;3.43;2.9
MHS00287;5;2.66;2.85
MHS00287;6;2.8;2.84
MHS00287;7;2.79;2.84
MHS00287;8;2.79;2.83
MHS00288;1;3.9;3.9
MHS00288;2;4.0;3.95
MHS00288;3;3.74;3.88
MHS00288;4;4.0;3.91
MHS00288;5;4.0;3.93
MHS00288;6;3.88;3.92
MHS00289;1;2.31;2.31
MHS00289;2;2.83;2.57
MHS00289;3;3.31;2.81
MHS00289;4;3.37;2.95
MHS00289;5;2.89;2.94
MHS00289;6;3.22;2.99
MHS00290;1;3.73;3.73
MHS00290;2;3.42;3.57
MHS00290;3;4.0;3.72
MHS00290;4;3.99;3.78
MHS00291;1;2.15;2.15
MHS00291;2;2.37;2.26
MHS00291;3;3.28;2.6
MHS00291;4;2.87;2.67
MHS00292;1;2.73;2.73
MHS00292;2;3.11;2.92
MHS00293;1;1.96;1.96
MHS00293;2;1.66;1.81
MHS00294;1;2.28;2.28
MHS00294;2;2.8;2.54
MHS00294;3;2.6;2.56
MHS00294;4;2.81;2.62
MHS00295;1;2.53;2.53
MHS00295;2;2.53;2.53
MHS00295;3;2.24;2.43
MHS00295;4;2.81;2.53
MHS00296;1;3.74;3.74
MHS00296;2;4.0;3.87
MHS00297;1;3.96;3.96
MHS00297;2;3.63;3.8
MHS00297;3;3.87;3.82
MHS00297;4;3.3;3.69
MHS00297;5;3.09;3.57
MHS00297;6;3.74;3.6
MHS00297;7;3.63;3.6
MHS00297;8;3.31;3.57
MHS00298;1;2.9;2.9
MHS00298;2;2.98;2.94
MHS00298;3;3.21;3.03
MHS00298;4;3.51;3.15
MHS00298;5;3.2;3.16
MHS00298;6;3.3;3.19
MHS00299;1;3.1;3.1
MHS00299;2;2.48;2.79
MHS00299;3;3.37;2.98
MHS00299;4;3.22;3.04
MHS00299;5;3.25;3.08
MHS00299;6;2.97;3.06
MHS00299;7;3.82;3.17
MHS00299;8;3.06;3.16
MHS00300;1;2.45;2.45
MHS00300;2;3.42;2.94
MHS00300;3;3.16;3.01
MHS00300;4;3.44;3.12
MHS00301;1;3.86;3.86
MHS00301;2;3.64;3.75
MHS00301;3;3.94;3.81
MHS00301;4;3.69;3.78
MHS00301;5;4.0;3.83
MHS00301;6;4.0;3.86
MHS00302;1;3.5;3.5
MHS00302;2;3.5;3.5
MHS00302;3;3.46;3.48
MHS00302;4;3.63;3.52
MHS00302;5;3.57;3.53
MHS00302;6;3.82;3.58
MHS00303;1;2.09;2.09
MHS00303;2;2.51;2.3
MHS00303;3;2.39;2.33
MHS00303;4;2.79;2.44
MHS00304;1;3.0;3.0
MHS00304;2;2.96;2.98
MHS00304;3;3.21;3.06
MHS00304;4;3.41;3.15
MHS00304;5;3.66;3.25
MHS00304;6;3.67;3.32
MHS00305;1;2.2;2.2
MHS00305;2;2.61;2.4
MHS00305;3;3.03;2.61
MHS00305;4;2.74;2.65
MHS00305;5;2.21;2.56
MHS00305;6;3.21;2.67
MHS00306;1;3.33;3.33
MHS00306;2;3.69;3.51
MHS00306;3;3.48;3.5
MHS00306;4;3.71;3.56
MHS00306;5;4.0;3.64
MHS00306;6;4.0;3.7
MHS00306;7;3.59;3.69
MHS00306;8;4.0;3.73
MHS00307;1;2.16;2.16
MHS00307;2;2.25;2.21
MHS00307;3;2.98;2.47
MHS00307;4;2.57;2.49
MHS00307;5;2.93;2.58
MHS00307;6;3.18;2.68
MHS00308;1;2.49;2.49
MHS00308;2;2.55;2.52
MHS00309;1;3.91;3.91
MHS00309;2;3.56;3.74
MHS00309;3;3.99;3.82
MHS00309;4;3.63;3.78
MHS00309;5;4.0;3.82
MHS00309;6;4.0;3.85
MHS00309;7;3.98;3.87
MHS00309;8;4.0;3.89
MHS00310;1;2.47;2.47
MHS00310;2;2.69;2.58
MHS00311;1;2.28;2.28
MHS00311;2;2.7;2.49
MHS00311;3;3.39;2.79
MHS00311;4;2.89;2.81
MHS00311;5;3.56;2.96
MHS00311;6;3.02;2.97
MHS00312;1;2.47;2.47
MHS00312;2;2.81;2.64
MHS00313;1;2.5;2.5
MHS00313;2;3.31;2.91
MHS00313;3;2.16;2.66
MHS00313;4;2.65;2.66
MHS00314;1;2.61;2.61
MHS00314;2;3.33;2.97
MHS00315;1;3.6;3.6
MHS00315;2;3.43;3.51
MHS00315;3;3.74;3.59
MHS00315;4;3.9;3.67
MHS00315;5;3.98;3.73
MHS00315;6;3.81;3.74
MHS00316;1;2.19;2.19
MHS00316;2;2.44;2.32
MHS00316;3;2.36;2.33
MHS00316;4;2.82;2.45
MHS00316;5;2.96;2.56
MHS00316;6;3.0;2.63
MHS00316;7;2.8;2.65
MHS00316;8;3.11;2.71
MHS00317;1;2.11;2.11
MHS00317;2;2.37;2.24
MHS00317;3;3.11;2.53
MHS00317;4;2.83;2.61
MHS00317;5;2.77;2.64
MHS00317;6;2.67;2.64
MHS00317;7;2.61;2.64
MHS00317;8;3.08;2.7
MHS00318;1;2.31;2.31
MHS00318;2;2.83;2.57
MHS00319;1;2.48;2.48
MHS00319;2;3.51;3.0
MHS00319;3;2.98;2.99
MHS00319;4;3.39;3.09
MHS00319;5;3.25;3.12
MHS00319;6;3.36;3.16
MHS00319;7;3.05;3.15
MHS00319;8;3.5;3.19
MHS00320;1;2.6;2.6
MHS00320;2;2.23;2.41
MHS00320;3;2.76;2.53
MHS00320;4;3.42;2.75
MHS00320;5;3.13;2.83
MHS00320;6;2.96;2.85
MHS00321;1;3.04;3.04
MHS00321;2;2.57;2.81
MHS00321;3;3.9;3.17
MHS00321;4;3.18;3.17
MHS00322;1;3.04;3.04
MHS00322;2;3.31;3.18
MHS00322;3;3.53;3.3
MHS00322;4;3.77;3.41
MHS00322;5;3.45;3.42
MHS00322;6;3.37;3.41
MHS00323;1;2.98;2.98
MHS00323;2;3.94;3.46
MHS00323;3;3.74;3.55
MHS00323;4;3.47;3.53
MHS00324;1;3.02;3.02
MHS00324;2;2.87;2.95
MHS00324;3;2.89;2.93
MHS00324;4;3.08;2.97
MHS00324;5;3.15;3.0
MHS00324;6;3.31;3.05
MHS00324;7;2.99;3.05
MHS00324;8;3.57;3.11
MHS00325;1;2.63;2.63
MHS00325;2;3.1;2.86
MHS00325;3;2.57;2.77
MHS00325;4;3.03;2.83
MHS00326;1;3.53;3.53
MHS00326;2;3.3;3.42
MHS00326;3;4.0;3.61
MHS00326;4;3.4;3.56
MHS00326;5;3.85;3.62
MHS00326;6;4.0;3.68
MHS00326;7;3.48;3.65
MHS00326;8;3.95;3.69
MHS00327;1;2.56;2.56
MHS00327;2;3.35;2.96
MHS00328;1;4.0;4.0
MHS00328;2;4.0;4.0
MHS00328;3;3.99;4.0
MHS00328;4;4.0;4.0
MHS00329;1;3.64;3.64
MHS00329;2;3.83;3.73
MHS00329;3;4.0;3.82
MHS00329;4;4.0;3.87
MHS00330;1;2.81;2.81
MHS00330;2;2.95;2.88
MHS00330;3;3.72;3.16
MHS00330;4;3.58;3.27
MHS00331;1;3.36;3.36
MHS00331;2;3.67;3.52
MHS00331;3;3.95;3.66
MHS00331;4;3.73;3.68
MHS00331;5;3.54;3.65
MHS00331;6;3.57;3.64
MHS00332;1;3.96;3.96
MHS00332;2;3.89;3.93
MHS00333;1;4.0;4.0
MHS00333;2;4.0;4.0
MHS00334;1;2.78;2.78
MHS00334;2;2.32;2.55
MHS00334;3;2.38;2.49
MHS00334;4;2.84;2.58
MHS00334;5;2.67;2.6
MHS00334;6;2.61;2.6
MHS00335;1;3.56;3.56
MHS00335;2;3.71;3.64
MHS00336;1;3.43;3.43
MHS00336;2;3.76;3.59
MHS00336;3;3.85;3.68
MHS00336;4;4.0;3.76
MHS00336;5;4.0;3.81
MHS00336;6;3.77;3.8
MHS00336;7;3.86;3.81
MHS00336;8;3.86;3.82
MHS00337;1;2.5;2.5
MHS00337;2;2.45;2.48
MHS00337;3;2.34;2.43
MHS00337;4;3.15;2.61
MHS00337;5;3.01;2.69
MHS00337;6;2.65;2.68
MHS00338;1;2.62;2.62
MHS00338;2;2.97;2.79
MHS00338;3;2.65;2.75
MHS00338;4;3.42;2.92
MHS00338;5;2.64;2.86
MHS00338;6;3.68;3.0
MHS00339;1;2.0;2.0
MHS00339;2;2.02;2.01
MHS00340;1;2.56;2.56
MHS00340;2;3.26;2.91
MHS00341;1;2.9;2.9
MHS00341;2;2.76;2.83
MHS00341;3;3.2;2.95
MHS00341;4;2.94;2.95
MHS00341;5;2.92;2.94
MHS00341;6;2.75;2.91
MHS00342;1;3.37;3.37
MHS00342;2;3.56;3.47
MHS00342;3;3.68;3.54
MHS00342;4;3.51;3.53
MHS00343;1;3.15;3.15
MHS00343;2;2.72;2.93
MHS00343;3;3.06;2.98
MHS00343;4;2.55;2.87
MHS00344;1;2.6;2.6
MHS00344;2;3.15;2.87
MHS00345;1;3.77;3.77
MHS00345;2;3.4;3.58
MHS00345;3;3.53;3.56
MHS00345;4;4.0;3.67
MHS00345;5;4.0;3.74
MHS00345;6;3.61;3.72
MHS00346;1;4.0;4.0
MHS00346;2;3.2;3.6
MHS00346;3;3.81;3.67
MHS00346;4;4.0;3.75
MHS00346;5;3.91;3.78
MHS00346;6;3.7;3.77
MHS00347;1;2.87;2.87
MHS00347;2;2.8;2.84
MHS00347;3;3.54;3.07
MHS00347;4;3.49;3.17
MHS00347;5;2.95;3.13
MHS00347;6;3.02;3.11
MHS00348;1;2.8;2.8
MHS00348;2;3.4;3.1
MHS00348;3;3.43;3.21
MHS00348;4;3.38;3.25
MHS00348;5;3.5;3.3
MHS00348;6;3.2;3.29
MHS00348;7;3.6;3.33
MHS00348;8;3.75;3.38
MHS00349;1;2.34;2.34
MHS00349;2;2.71;2.52
MHS00349;3;3.34;2.79
MHS00349;4;2.28;2.67
MHS00350;1;3.54;3.54
MHS00350;2;3.96;3.75
MHS00350;3;3.85;3.78
MHS00350;4;3.94;3.82
MHS00350;5;3.29;3.72
MHS00350;6;4.0;3.76
MHS00350;7;4.0;3.8
MHS00350;8;4.0;3.82
MHS00351;1;2.76;2.76
MHS00351;2;3.14;2.95
MHS00351;3;3.55;3.15
MHS00351;4;3.15;3.15
MHS00352;1;3.56;3.56
MHS00352;2;3.18;3.37
MHS00352;3;3.66;3.47
MHS00352;4;4.0;3.6
MHS00352;5;3.78;3.64
MHS00352;6;3.79;3.66
MHS00352;7;4.0;3.71
MHS00352;8;4.0;3.75
MHS00353;1;2.64;2.64
MHS00353;2;2.54;2.59
MHS00353;3;2.93;2.7
MHS00353;4;2.88;2.75
MHS00353;5;3.52;2.9
MHS00353;6;3.57;3.01
MHS00353;7;3.05;3.02
MHS00353;8;3.06;3.02
MHS00354;1;2.76;2.76
MHS00354;2;2.26;2.51
MHS00354;3;3.24;2.75
MHS00354;4;2.96;2.8
MHS00354;5;3.16;2.87
MHS00354;6;3.09;2.91
MHS00355;1;2.99;2.99
MHS00355;2;2.26;2.62
MHS00355;3;3.0;2.75
MHS00355;4;2.83;2.77
MHS00356;1;3.01;3.01
MHS00356;2;3.13;3.07
MHS00356;3;3.35;3.16
MHS00356;4;3.16;3.16
MHS00356;5;3.11;3.15
MHS00356;6;3.37;3.19
MHS00357;1;2.71;2.71
MHS00357;2;2.54;2.63
MHS00358;1;2.32;2.32
MHS00358;2;3.03;2.67
MHS00358;3;2.71;2.68
MHS00359;1;3.37;3.37
MHS00359;2;3.21;3.29
MHS00359;3;3.76;3.45
MHS00359;4;3.73;3.52
MHS00359;5;3.66;3.55
MHS00359;6;3.87;3.6
MHS00359;7;4.0;3.66
MHS00359;8;3.96;3.69
MHS00359;9;3.53;3.68
MHS00360;1;3.33;3.33
MHS00360;2;3.97;3.65
MHS00360;3;3.65;3.65
MHS00360;4;4.0;3.74
MHS00361;1;3.37;3.37
MHS00361;2;3.43;3.4
MHS00361;3;3.94;3.58
MHS00361;4;3.94;3.67
MHS00362;1;3.13;3.13
MHS00362;2;3.5;3.31
MHS00362;3;3.36;3.33
MHS00362;4;3.59;3.39
MHS00362;5;3.59;3.43
MHS00362;6;3.69;3.47
MHS00362;7;3.99;3.55
MHS00362;8;4.0;3.6
MHS00363;1;2.43;2.43
MHS00363;2;3.22;2.82
MHS00363;3;3.67;3.11
MHS00363;4;3.49;3.2
MHS00363;5;3.59;3.28
MHS00363;6;3.88;3.38
MHS00363;7;3.69;3.42
MHS00363;8;4.0;3.49
MHS00363;9;3.65;3.51
MHS00363;10;3.98;3.56
MHS00364;1;3.14;3.14
MHS00364;2;3.05;3.1
MHS00365;1;3.04;3.04
MHS00365;2;2.36;2.7
MHS00366;1;3.63;3.63
MHS00366;2;3.1;3.36
MHS00366;3;3.59;3.44
MHS00366;4;3.72;3.51
MHS00366;5;3.41;3.49
MHS00366;6;3.95;3.57
MHS00366;7;4.0;3.63
MHS00366;8;3.49;3.61
MHS00367;1;3.74;3.74
MHS00367;2;4.0;3.87
MHS00368;1;2.34;2.34
MHS00368;2;2.42;2.38
MHS00368;3;2.02;2.26
MHS00368;4;2.34;2.28
MHS00369;1;2.82;2.82
MHS00369;2;3.49;3.16
MHS00369;3;3.98;3.43
MHS00369;4;3.79;3.52
MHS00369;5;3.57;3.53
MHS00369;6;3.73;3.56
MHS00369;7;3.96;3.62
MHS00369;8;3.81;3.65
MHS00370;1;2.4;2.4
MHS00370;2;2.48;2.44
MHS00370;3;2.83;2.57
MHS00370;4;2.73;2.61
MHS00370;5;2.62;2.61
MHS00370;6;2.63;2.62
MHS00370;7;2.76;2.64
MHS00370;8;3.03;2.69
MHS00370;9;2.83;2.7
MHS00370;10;2.5;2.68
MHS00371;1;4.0;4.0
MHS00371;2;4.0;4.0
MHS00372;1;3.34;3.34
MHS00372;2;4.0;3.67
MHS00372;3;3.47;3.61
MHS00372;4;4.0;3.7
MHS00373;1;2.96;2.96
MHS00373;2;3.44;3.2
MHS00374;1;2.9;2.9
MHS00374;2;2.61;2.75
MHS00374;3;3.47;2.99
MHS00374;4;3.48;3.11
MHS00374;5;3.37;3.16
MHS00374;6;3.05;3.15
MHS00374;7;3.62;3.21
MHS00374;8;3.44;3.24
MHS00375;1;2.93;2.93
MHS00375;2;2.64;2.79
MHS00375;3;2.71;2.76
MHS00375;4;3.12;2.85
MHS00375;5;3.36;2.95
MHS00375;6;2.66;2.9
MHS00376;1;3.27;3.27
MHS00376;2;2.95;3.11
MHS00376;3;3.04;3.09
MHS00376;4;3.59;3.21
MHS00376;5;3.36;3.24
MHS00376;6;3.47;3.28
MHS00376;7;3.14;3.26
MHS00376;8;3.63;3.31
MHS00377;1;3.68;3.68
MHS00377;2;3.33;3.51
MHS00377;3;4.0;3.67
MHS00377;4;3.46;3.62
MHS00377;5;4.0;3.7
MHS00377;6;3.87;3.73
MHS00378;1;3.09;3.09
MHS00378;2;3.12;3.1
MHS00378;3;2.98;3.06
MHS00378;4;2.25;2.86
MHS00379;1;2.56;2.56
MHS00379;2;2.92;2.74
MHS00380;1;3.24;3.24
MHS00380;2;3.46;3.35
MHS00380;3;3.91;3.54
MHS00380;4;3.49;3.52
MHS00380;5;3.96;3.61
MHS00380;6;3.22;3.55
MHS00380;7;3.26;3.51
MHS00380;8;3.55;3.51
MHS00381;1;2.92;2.92
MHS00381;2;2.87;2.9
MHS00381;3;2.93;2.91
MHS00381;4;2.99;2.93
MHS00382;1;2.44;2.44
MHS00382;2;2.77;2.61
MHS00382;3;3.0;2.74
MHS00382;4;3.19;2.85
MHS00382;5;3.24;2.93
MHS00382;6;2.53;2.86
MHS00382;7;2.97;2.88
MHS00382;8;2.86;2.87
MHS00383;1;3.71;3.71
MHS00383;2;3.54;3.62
MHS00383;3;3.6;3.61
MHS00383;4;4.0;3.71
MHS00383;5;3.17;3.6
MHS00383;6;4.0;3.67
MHS00383;7;3.83;3.69
MHS00383;8;4.0;3.73
MHS00384;1;2.92;2.92
MHS00384;2;3.09;3.0
MHS00384;3;3.69;3.23
MHS00384;4;3.29;3.25
MHS00385;1;3.22;3.22
MHS00385;2;3.18;3.2
MHS00385;3;3.25;3.22
MHS00385;4;3.47;3.28
MHS00385;5;3.94;3.41
MHS00385;6;3.91;3.49
MHS00385;7;3.65;3.52
MHS00385;8;3.68;3.54
MHS00386;1;2.46;2.46
MHS00386;2;3.0;2.73
MHS00386;3;3.23;2.9
MHS00386;4;3.1;2.95
MHS00386;5;3.74;3.1
MHS00386;6;3.5;3.17
MHS00386;7;3.39;3.2
MHS00386;8;3.65;3.26
MHS00387;1;3.05;3.05
MHS00387;2;2.95;3.0
MHS00387;3;3.33;3.11
MHS00387;4;3.21;3.13
MHS00387;5;3.54;3.21
MHS00387;6;3.57;3.27
MHS00387;7;3.85;3.36
MHS00387;8;3.48;3.37
MHS00388;1;3.43;3.43
MHS00388;2;3.88;3.65
MHS00388;3;3.86;3.72
MHS00388;4;4.0;3.79
MHS00388;5;3.88;3.81
MHS00388;6;3.73;3.8
MHS00389;1;1.79;1.79
MHS00389;2;2.5;2.15
MHS00389;3;2.05;2.11
MHS00389;4;1.83;2.04
MHS00389;5;2.16;2.07
MHS00390;1;3.83;3.83
MHS00390;2;3.47;3.65
MHS00390;3;3.78;3.69
MHS00390;4;3.57;3.66
MHS00391;1;3.79;3.79
MHS00391;2;4.0;3.9
MHS00391;3;4.0;3.93
MHS00391;4;4.0;3.95
MHS00391;5;4.0;3.96
MHS00391;6;4.0;3.97
MHS00392;1;2.58;2.58
MHS00392;2;2.75;2.66
MHS00393;1;2.88;2.88
MHS00393;2;2.83;2.86
MHS00393;3;3.51;3.07
MHS00393;4;3.65;3.22
MHS00394;1;3.87;3.87
MHS00394;2;3.84;3.86
MHS00395;1;3.5;3.5
MHS00395;2;3.44;3.47
MHS00396;1;2.65;2.65
MHS00396;2;2.93;2.79
MHS00397;1;3.17;3.17
MHS00397;2;3.09;3.13
MHS00397;3;3.09;3.12
MHS00397;4;3.58;3.23
MHS00398;1;4.0;4.0
MHS00398;2;4.0;4.0
MHS00399;1;2.06;2.06
MHS00399;2;2.54;2.3
MHS00399;3;2.66;2.42
MHS00400;1;3.48;3.48
MHS00400;2;3.36;3.42
MHS00400;3;3.66;3.5
MHS00400;4;4.0;3.62
MHS00400;5;3.41;3.58
MHS00400;6;3.98;3.65
MHS00401;1;3.21;3.21
MHS00401;2;3.1;3.15
MHS00401;3;3.93;3.41
MHS00401;4;3.67;3.48
MHS00401;5;3.61;3.5
MHS00401;6;3.35;3.48
MHS00402;1;2.92;2.92
MHS00402;2;2.67;2.8
MHS00402;3;2.99;2.86
MHS00402;4;3.34;2.98
MHS00402;5;3.54;3.09
MHS00402;6;3.37;3.14
MHS00402;7;3.16;3.14
MHS00402;8;3.37;3.17
MHS00403;1;3.56;3.56
MHS00403;2;4.0;3.78
MHS00403;3;3.83;3.8
MHS00403;4;3.18;3.64
MHS00404;1;2.96;2.96
MHS00404;2;3.12;3.04
MHS00405;1;3.11;3.11
MHS00405;2;3.2;3.16
MHS00405;3;2.89;3.07
MHS00405;4;3.17;3.09
MHS00406;1;2.81;2.81
MHS00406;2;3.16;2.99
MHS00406;3;3.02;3.0
MHS00406;4;3.24;3.06
MHS00406;5;3.33;3.11
MHS00406;6;3.38;3.16
MHS00407;1;2.14;2.14
MHS00407;2;1.75;1.95
MHS00408;1;2.87;2.87
MHS00408;2;3.13;3.0
MHS00408;3;2.96;2.99
MHS00408;4;3.26;3.06
MHS00408;5;2.94;3.03
MHS00408;6;3.15;3.05
MHS00408;7;3.25;3.08
MHS00408;8;2.96;3.06
MHS00409;1;2.65;2.65
MHS00409;2;3.24;2.94
MHS00410;1;2.82;2.82
MHS00410;2;3.14;2.98
MHS00411;1;2.63;2.63
MHS00411;2;2.86;2.75
MHS00412;1;2.11;2.11
MHS00412;2;2.46;2.29
MHS00412;3;2.31;2.29
MHS00412;4;2.39;2.32
MHS00412;5;2.96;2.45
MHS00412;6;2.86;2.52
MHS00412;7;2.42;2.5
MHS00412;8;3.43;2.62
MHS00413;1;1.95;1.95
MHS00413;2;2.69;2.32
MHS00414;1;2.63;2.63
MHS00414;2;2.98;2.81
MHS00414;3;3.72;3.11
MHS00414;4;3.64;3.24
MHS00415;1;3.01;3.01
MHS00415;2;2.79;2.9
MHS00416;1;2.48;2.48
MHS00416;2;2.57;2.53
MHS00416;3;2.41;2.49
MHS00416;4;1.98;2.36
MHS00416;5;2.48;2.39
MHS00416;6;2.56;2.42
MHS00416;7;3.25;2.53
MHS00416;8;2.81;2.57
MHS00416;9;2.94;2.61
MHS00416;10;2.78;2.63
MHS00417;1;3.56;3.56
MHS00417;2;4.0;3.78
MHS00417;3;4.0;3.85
MHS00417;4;3.78;3.83
MHS00417;5;4.0;3.87
MHS00417;6;3.82;3.86
MHS00417;7;3.48;3.8
MHS00417;8;4.0;3.83
MHS00418;1;2.7;2.7
MHS00418;2;2.96;2.83
MHS00418;3;3.48;3.05
MHS00418;4;2.84;3.0
MHS00418;5;3.11;3.02
MHS00418;6;3.74;3.14
MHS00418;7;3.5;3.19
MHS00418;8;2.8;3.14
MHS00419;1;2.31;2.31
MHS00419;2;2.48;2.4
MHS00420;1;2.87;2.87
MHS00420;2;2.98;2.92
MHS00421;1;3.27;3.27
MHS00421;2;3.07;3.17
MHS00421;3;3.2;3.18
MHS00421;4;3.3;3.21
MHS00421;5;3.03;3.17
MHS00421;6;3.17;3.17
MHS00422;1;2.59;2.59
MHS00422;2;3.0;2.79
MHS00422;3;3.34;2.98
MHS00422;4;3.2;3.03
MHS00422;5;3.14;3.05
MHS00422;6;3.35;3.1
MHS00422;7;3.07;3.1
MHS00422;8;2.67;3.04
MHS00422;9;3.39;3.08
MHS00422;10;3.15;3.09
MHS00423;1;3.8;3.8
MHS00423;2;2.78;3.29
MHS00424;1;4.0;4.0
MHS00424;2;4.0;4.0
MHS00425;1;2.75;2.75
MHS00425;2;3.23;2.99
MHS00425;3;3.26;3.08
MHS00425;4;3.25;3.12
MHS00425;5;3.02;3.1
MHS00425;6;3.17;3.11
MHS00425;7;3.38;3.15
MHS00425;8;3.49;3.19
MHS00426;1;1.59;1.59
MHS00426;2;1.96;1.77
MHS00427;1;3.48;3.48
MHS00427;2;3.35;3.41
MHS00427;3;3.3;3.37
MHS00427;4;3.3;3.35
MHS00428;1;3.0;3.0
MHS00428;2;3.36;3.18
MHS00428;3;3.29;3.21
MHS00428;4;3.39;3.26
MHS00428;5;3.5;3.31
MHS00428;6;3.52;3.34
MHS00428;7;3.49;3.36
MHS00428;8;3.59;3.39
MHS00429;1;2.24;2.24
MHS00429;2;2.55;2.4
MHS00429;3;2.81;2.54
MHS00429;4;2.8;2.6
MHS00429;5;2.61;2.6
MHS00429;6;3.21;2.71
MHS00429;7;2.64;2.7
MHS00429;8;3.11;2.75
MHS00429;9;3.51;2.83
MHS00430;1;3.48;3.48
MHS00430;2;3.4;3.44
MHS00430;3;4.0;3.63
MHS00430;4;4.0;3.72
MHS00431;1;3.42;3.42
MHS00431;2;3.46;3.44
MHS00431;3;3.63;3.5
MHS00431;4;3.67;3.55
MHS00431;5;3.94;3.63
MHS00431;6;3.38;3.58
MHS00432;1;2.9;2.9
MHS00432;2;3.8;3.35
MHS00433;1;2.68;2.68
MHS00433;2;3.4;3.04
MHS00434;1;1.96;1.96
MHS00434;2;2.58;2.27
MHS00434;3;2.81;2.45
MHS00434;4;2.97;2.58
MHS00434;5;2.54;2.57
MHS00434;6;2.58;2.57
MHS00434;7;2.29;2.53
MHS00434;8;2.77;2.56
MHS00435;1;2.86;2.86
MHS00435;2;3.29;3.08
MHS00435;3;3.61;3.25
MHS00435;4;3.39;3.29
MHS00435;5;3.32;3.29
MHS00435;6;2.99;3.24
MHS00436;1;3.58;3.58
MHS00436;2;2.83;3.21
MHS00436;3;3.53;3.31
MHS00436;4;3.39;3.33
MHS00436;5;3.82;3.43
MHS00436;6;3.07;3.37
MHS00437;1;3.0;3.0
MHS00437;2;2.87;2.93
MHS00437;3;3.4;3.09
MHS00437;4;3.39;3.16
MHS00437;5;3.38;3.21
MHS00437;6;3.33;3.23
MHS00437;7;3.3;3.24
MHS00437;8;3.37;3.25
MHS00438;1;3.04;3.04
MHS00438;2;2.39;2.71
MHS00439;1;2.88;2.88
MHS00439;2;3.24;3.06
MHS00439;3;3.84;3.32
MHS00439;4;4.0;3.49
MHS00439;5;4.0;3.59
MHS00439;6;4.0;3.66
MHS00439;7;4.0;3.71
MHS00439;8;3.96;3.74
MHS00440;1;2.24;2.24
MHS00440;2;2.35;2.29
MHS00440;3;2.51;2.37
MHS00440;4;2.77;2.47
MHS00441;1;3.2;3.2
MHS00441;2;3.51;3.35
MHS00442;1;1.72;1.72
MHS00442;2;1.83;1.78
MHS00443;1;3.31;3.31
MHS00443;2;3.17;3.24
MHS00443;3;3.41;3.3
MHS00443;4;3.44;3.33
MHS00444;1;3.32;3.32
MHS00444;2;3.4;3.36
MHS00444;3;3.0;3.24
MHS00444;4;4.0;3.43
MHS00444;5;3.47;3.44
MHS00444;6;3.45;3.44
MHS00445;1;3.28;3.28
MHS00445;2;3.29;3.29
MHS00445;3;3.33;3.3
MHS00445;4;3.17;3.27
MHS00445;5;3.42;3.3
MHS00445;6;2.81;3.22
MHS00445;7;3.33;3.23
MHS00445;8;3.42;3.26
MHS00446;1;3.55;3.55
MHS00446;2;3.53;3.54
MHS00447;1;3.22;3.22
MHS00447;2;3.41;3.32
MHS00448;1;3.15;3.15
MHS00448;2;3.81;3.48
MHS00448;3;3.88;3.62
MHS00448;4;3.04;3.47
MHS00449;1;2.81;2.81
MHS00449;2;2.48;2.65
MHS00450;1;2.28;2.28
MHS00450;2;2.48;2.38
MHS00450;3;3.46;2.74
MHS00450;4;3.68;2.97
MHS00450;5;3.16;3.01
MHS00450;6;2.94;3.0
MHS00450;7;3.34;3.05
MHS00450;8;3.21;3.07
MHS00451;1;2.92;2.92
MHS00451;2;3.1;3.01
MHS00451;3;3.4;3.14
MHS00451;4;3.52;3.24
MHS00451;5;3.26;3.24
MHS00451;6;3.1;3.22
MHS00451;7;3.35;3.24
MHS00451;8;3.11;3.22
MHS00451;9;3.56;3.26
MHS00451;10;3.11;3.24
MHS00452;1;2.78;2.78
MHS00452;2;3.12;2.95
MHS00452;3;2.63;2.84
MHS00452;4;3.22;2.94
MHS00453;1;2.23;2.23
MHS00453;2;2.08;2.16
MHS00453;3;2.8;2.37
MHS00453;4;2.37;2.37
MHS00454;1;3.71;3.71
MHS00454;2;3.38;3.55
MHS00454;3;3.62;3.57
MHS00454;4;4.0;3.68
MHS00454;5;3.51;3.64
MHS00454;6;3.54;3.63
MHS00455;1;2.48;2.48
MHS00455;2;2.94;2.71
MHS00456;1;2.8;2.8
MHS00456;2;3.4;3.1
MHS00456;3;3.63;3.27
MHS00456;4;3.45;3.32
MHS00457;1;3.36;3.36
MHS00457;2;3.49;3.42
MHS00457;3;3.11;3.32
MHS00457;4;3.43;3.35
MHS00458;1;3.2;3.2
MHS00458;2;3.41;3.3
MHS00459;1;3.06;3.06
MHS00459;2;2.77;2.91
MHS00459;3;3.23;3.02
MHS00459;4;3.31;3.09
MHS00459;5;3.72;3.22
MHS00459;6;3.17;3.21
MHS00459;7;3.3;3.22
MHS00459;8;3.54;3.26
MHS00460;1;4.0;4.0
MHS00460;2;3.82;3.91
MHS00460;3;3.86;3.89
MHS00460;4;4.0;3.92
MHS00460;5;3.97;3.93
MHS00460;6;3.89;3.92
MHS00461;1;2.75;2.75
MHS00461;2;3.18;2.96
MHS00461;3;3.21;3.04
MHS00461;4;2.25;2.85
MHS00462;1;3.53;3.53
MHS00462;2;3.82;3.68
MHS00463;1;2.75;2.75
MHS00463;2;2.72;2.73
MHS00463;3;3.33;2.93
MHS00463;4;2.93;2.93
MHS00464;1;3.78;3.78
MHS00464;2;3.64;3.71
MHS00464;3;3.82;3.75
MHS00464;4;3.7;3.73
MHS00464;5;4.0;3.79
MHS00464;6;4.0;3.82
MHS00464;7;3.95;3.84
MHS00464;8;4.0;3.86
MHS00465;1;2.13;2.13
MHS00465;2;2.79;2.46
MHS00465;3;3.64;2.85
MHS00465;4;2.97;2.88
MHS00465;5;2.85;2.88
MHS00465;6;2.87;2.87
MHS00466;1;3.02;3.02
MHS00466;2;2.75;2.89
MHS00466;3;2.6;2.79
MHS00466;4;3.47;2.96
MHS00466;5;3.07;2.98
MHS00466;6;2.72;2.94
MHS00466;7;3.32;2.99
MHS00466;8;3.5;3.06
MHS00467;1;2.91;2.91
MHS00467;2;2.75;2.83
MHS00467;3;3.26;2.98
MHS00467;4;3.31;3.06
MHS00467;5;3.66;3.18
MHS00467;6;3.38;3.21
MHS00467;7;3.16;3.21
MHS00467;8;3.46;3.24
MHS00468;1;3.04;3.04
MHS00468;2;3.64;3.34
MHS00468;3;3.41;3.37
MHS00468;4;2.94;3.26
MHS00469;1;3.3;3.3
MHS00469;2;3.48;3.39
MHS00469;3;3.12;3.3
MHS00469;4;2.9;3.2
MHS00469;5;3.36;3.23
MHS00469;6;3.09;3.21
MHS00469;7;3.74;3.28
MHS00469;8;3.6;3.32
MHS00470;1;3.28;3.28
MHS00470;2;3.08;3.18
MHS00471;1;2.99;2.99
MHS00471;2;3.51;3.25
MHS00471;3;3.23;3.24
MHS00471;4;3.03;3.19
MHS00472;1;3.8;3.8
MHS00472;2;3.81;3.8
MHS00472;3;3.43;3.68
MHS00472;4;3.77;3.7
MHS00473;1;2.04;2.04
MHS00473;2;2.71;2.38
MHS00474;1;2.79;2.79
MHS00474;2;3.27;3.03
MHS00475;1;3.94;3.94
MHS00475;2;3.58;3.76
MHS00475;3;3.71;3.75
MHS00475;4;3.97;3.8
MHS00475;5;3.81;3.8
MHS00475;6;3.86;3.81
MHS00476;1;2.17;2.17
MHS00476;2;2.22;2.2
MHS00476;3;2.96;2.45
MHS00476;4;2.58;2.48
MHS00477;1;3.16;3.16
MHS00477;2;2.87;3.02
MHS00477;3;2.9;2.98
MHS00477;4;3.68;3.15
MHS00477;5;3.1;3.14
MHS00477;6;3.35;3.18
MHS00478;1;2.09;2.09
MHS00478;2;2.73;2.41
MHS00478;3;2.62;2.48
MHS00478;4;2.6;2.51
MHS00478;5;2.96;2.6
MHS00478;6;2.4;2.57
MHS00479;1;2.97;2.97
MHS00479;2;3.12;3.04
MHS00479;3;3.3;3.13
MHS00479;4;3.8;3.29
MHS00479;5;3.32;3.3
MHS00479;6;3.29;3.3
MHS00479;7;4.0;3.4
MHS00479;8;3.48;3.41
MHS00479;9;3.26;3.39
MHS00480;1;3.04;3.04
MHS00480;2;2.95;2.99
MHS00481;1;2.76;2.76
MHS00481;2;3.52;3.14
MHS00481;3;3.25;3.18
MHS00481;4;3.27;3.2
MHS00481;5;3.33;3.23
MHS00481;6;3.44;3.26
MHS00481;7;3.72;3.33
MHS00481;8;3.22;3.31
MHS00482;1;2.81;2.81
MHS00482;2;3.18;3.0
MHS00482;3;3.5;3.16
MHS00482;4;4.0;3.37
MHS00482;5;3.48;3.39
MHS00482;6;3.47;3.41
MHS00482;7;3.55;3.43
MHS00482;8;3.65;3.46
MHS00482;9;3.93;3.51
MHS00482;10;3.56;3.51
MHS00483;1;2.4;2.4
MHS00483;2;2.69;2.55
MHS00483;3;2.69;2.59
MHS00483;4;2.72;2.63
MHS00484;1;2.71;2.71
MHS00484;2;2.76;2.73
MHS00484;3;2.82;2.76
MHS00484;4;3.65;2.98
MHS00484;5;2.92;2.97
MHS00484;6;3.33;3.03
MHS00484;7;3.48;3.1
MHS00484;8;3.31;3.12
MHS00485;1;2.06;2.06
MHS00485;2;2.18;2.12
MHS00485;3;2.38;2.21
MHS00485;4;2.79;2.35
MHS00485;5;2.89;2.46
MHS00485;6;2.92;2.54
MHS00486;1;1.97;1.97
MHS00486;2;1.97;1.97
MHS00487;1;2.75;2.75
MHS00487;2;2.8;2.77
MHS00487;3;3.04;2.86
MHS00487;4;2.92;2.88
MHS00488;1;3.18;3.18
MHS00488;2;2.96;3.07
MHS00488;3;2.75;2.96
MHS00488;4;3.11;3.0
MHS00489;1;3.32;3.32
MHS00489;2;3.56;3.44
MHS00489;3;3.68;3.52
MHS00489;4;3.79;3.59
MHS00490;1;2.95;2.95
MHS00490;2;2.49;2.72
MHS00491;1;3.6;3.6
MHS00491;2;4.0;3.8
MHS00491;3;3.68;3.76
MHS00491;4;4.0;3.82
MHS00491;5;4.0;3.86
MHS00491;6;4.0;3.88
MHS00492;1;1.33;1.33
MHS00492;2;1.88;1.6
MHS00493;1;2.17;2.17
MHS00493;2;2.72;2.45
MHS00494;1;2.91;2.91
MHS00494;2;3.5;3.21
MHS00494;3;3.45;3.29
MHS00494;4;3.21;3.27
MHS00495;1;2.76;2.76
MHS00495;2;2.81;2.79
MHS00495;3;3.9;3.16
MHS00495;4;3.6;3.27
MHS00495;5;3.56;3.33
MHS00495;6;3.52;3.36
MHS00495;7;3.3;3.35
MHS00495;8;3.56;3.38
MHS00496;1;3.87;3.87
MHS00496;2;3.98;3.92
MHS00497;1;2.44;2.44
MHS00497;2;2.96;2.7
MHS00497;3;3.76;3.05
MHS00497;4;3.25;3.1
MHS00498;1;2.93;2.93
MHS00498;2;2.89;2.91
MHS00498;3;2.9;2.91
MHS00498;4;3.92;3.16
MHS00499;1;2.75;2.75
MHS00499;2;3.15;2.95
MHS00499;3;3.25;3.05
MHS00499;4;3.54;3.17
MHS00500;1;2.72;2.72
MHS00500;2;2.85;2.78
MHS00500;3;3.8;3.12
MHS00500;4;3.17;3.14
MHS00500;5;3.36;3.18
MHS00500;6;3.82;3.29
MHS00501;1;3.04;3.04
MHS00501;2;3.69;3.37
MHS00502;1;3.61;3.61
MHS00502;2;3.69;3.65
MHS00502;3;3.93;3.74
MHS00502;4;4.0;3.81
MHS00502;5;3.48;3.74
MHS00502;6;3.54;3.71
MHS00502;7;4.0;3.75
MHS00502;8;3.79;3.75
MHS00503;1;3.09;3.09
MHS00503;2;3.42;3.25
MHS00504;1;3.32;3.32
MHS00504;2;3.11;3.22
MHS00505;1;3.27;3.27
MHS00505;2;3.43;3.35
MHS00505;3;3.6;3.43
MHS00505;4;3.52;3.45
MHS00506;1;3.39;3.39
MHS00506;2;3.24;3.31
MHS00506;3;2.79;3.14
MHS00506;4;3.04;3.11
MHS00507;1;2.96;2.96
MHS00507;2;2.74;2.85
MHS00507;3;3.3;3.0
MHS00507;4;3.41;3.1
MHS00507;5;3.01;3.08
MHS00507;6;3.0;3.07
MHS00507;7;3.18;3.09
MHS00507;8;3.32;3.12
MHS00508;1;3.51;3.51
MHS00508;2;3.72;3.62
MHS00508;3;3.6;3.61
MHS00508;4;3.88;3.68
MHS00508;5;4.0;3.74
MHS00508;6;3.96;3.78
MHS00508;7;3.73;3.77
MHS00508;8;4.0;3.8
MHS00509;1;2.28;2.28
MHS00509;2;2.63;2.45
MHS00509;3;2.92;2.61
MHS00509;4;2.91;2.68
MHS00509;5;3.17;2.78
MHS00509;6;3.1;2.83
MHS00510;1;2.86;2.86
MHS00510;2;3.61;3.24
MHS00510;3;3.74;3.4
MHS00510;4;3.63;3.46
MHS00511;1;3.1;3.1
MHS00511;2;3.3;3.2
MHS00511;3;3.45;3.28
MHS00511;4;3.57;3.35
MHS00512;1;1.96;1.96
MHS00512;2;2.08;2.02
MHS00513;1;2.95;2.95
MHS00513;2;2.68;2.82
MHS00514;1;3.46;3.46
MHS00514;2;3.98;3.72
MHS00515;1;2.85;2.85
MHS00515;2;3.49;3.17
MHS00515;3;3.16;3.17
MHS00515;4;3.64;3.28
MHS00515;5;3.56;3.34
MHS00515;6;3.3;3.33
MHS00515;7;3.46;3.35
MHS00515;8;3.47;3.37
MHS00516;1;3.29;3.29
MHS00516;2;3.73;3.51
MHS00516;3;4.0;3.68
MHS00516;4;3.61;3.66
MHS00516;5;3.85;3.7
MHS00516;6;3.96;3.74
MHS00517;1;2.71;2.71
MHS00517;2;3.12;2.92
MHS00517;3;3.77;3.2
MHS00517;4;3.75;3.34
MHS00517;5;4.0;3.47
MHS00517;6;3.98;3.56
MHS00517;7;4.0;3.62
MHS00517;8;3.76;3.64
MHS00518;1;3.53;3.53
MHS00518;2;3.64;3.58
MHS00519;1;2.84;2.84
MHS00519;2;2.83;2.83
MHS00519;3;3.26;2.98
MHS00519;4;3.8;3.18
MHS00520;1;2.55;2.55
MHS00520;2;2.33;2.44
MHS00520;3;2.98;2.62
MHS00520;4;3.33;2.8
MHS00520;5;3.62;2.96
MHS00520;6;2.76;2.93
MHS00520;7;3.46;3.0
MHS00520;8;3.24;3.03
MHS00521;1;2.11;2.11
MHS00521;2;2.06;2.09
MHS00521;3;2.53;2.24
MHS00521;4;2.26;2.24
MHS00521;5;3.01;2.4
MHS00521;6;2.95;2.49
MHS00522;1;2.16;2.16
MHS00522;2;2.13;2.14
MHS00523;1;1.92;1.92
MHS00523;2;2.75;2.33
MHS00523;3;2.57;2.41
MHS00523;4;2.54;2.44
MHS00523;5;2.32;2.42
MHS00523;6;2.22;2.39
MHS00524;1;3.0;3.0
MHS00524;2;3.09;3.05
MHS00524;3;3.37;3.16
MHS00524;4;3.25;3.18
MHS00524;5;3.05;3.15
MHS00524;6;3.95;3.29
MHS00525;1;2.06;2.06
MHS00525;2;2.89;2.47
MHS00525;3;3.34;2.76
MHS00525;4;3.07;2.84
MHS00525;5;2.73;2.82
MHS00525;6;3.1;2.87
MHS00526;1;2.68;2.68
MHS00526;2;3.19;2.94
MHS00526;3;2.98;2.95
MHS00526;4;3.23;3.02
MHS00526;5;3.31;3.08
MHS00526;6;3.68;3.18
MHS00526;7;3.33;3.2
MHS00526;8;3.39;3.22
MHS00527;1;2.33;2.33
MHS00527;2;1.75;2.04
MHS00528;1;2.99;2.99
MHS00528;2;3.0;2.99
MHS00529;1;3.39;3.39
MHS00529;2;3.68;3.54
MHS00530;1;3.0;3.0
MHS00530;2;3.45;3.23
MHS00530;3;3.86;3.44
MHS00530;4;3.71;3.51
MHS00531;1;2.71;2.71
MHS00531;2;3.52;3.11
MHS00531;3;3.29;3.17
MHS00531;4;3.48;3.25
MHS00531;5;3.16;3.23
MHS00531;6;3.35;3.25
MHS00531;7;2.83;3.19
MHS00531;8;3.32;3.21
MHS00532;1;3.22;3.22
MHS00532;2;3.23;3.22
MHS00532;3;3.82;3.42
MHS00532;4;3.22;3.37
MHS00532;5;3.63;3.42
MHS00532;6;3.76;3.48
MHS00532;7;3.92;3.54
MHS00532;8;3.36;3.52
MHS00533;1;3.25;3.25
MHS00533;2;4.0;3.62
MHS00533;3;3.63;3.63
MHS00533;4;4.0;3.72
MHS00533;5;3.79;3.73
MHS00533;6;3.88;3.76
MHS00533;7;4.0;3.79
MHS00533;8;3.82;3.8
MHS00533;9;3.62;3.78
MHS00534;1;3.27;3.27
MHS00534;2;3.71;3.49
MHS00534;3;3.99;3.66
MHS00534;4;4.0;3.74
MHS00534;5;3.89;3.77
MHS00534;6;3.28;3.69
MHS00534;7;4.0;3.73
MHS00534;8;3.82;3.75
MHS00535;1;2.73;2.73
MHS00535;2;3.22;2.97
MHS00535;3;3.24;3.06
MHS00535;4;3.15;3.08
MHS00536;1;3.87;3.87
MHS00536;2;3.73;3.8
MHS00536;3;4.0;3.87
MHS00536;4;4.0;3.9
MHS00536;5;4.0;3.92
MHS00536;6;4.0;3.93
MHS00537;1;2.74;2.74
MHS00537;2;3.75;3.25
MHS00538;1;3.12;3.12
MHS00538;2;3.35;3.23
MHS00538;3;3.99;3.48
MHS00538;4;2.82;3.32
MHS00538;5;3.68;3.39
MHS00538;6;3.22;3.36
MHS00539;1;3.11;3.11
MHS00539;2;3.95;3.53
MHS00539;3;3.41;3.49
MHS00539;4;4.0;3.62
MHS00539;5;3.34;3.56
MHS00539;6;3.27;3.51
MHS00539;7;3.75;3.55
MHS00539;8;3.86;3.59
MHS00540;1;4.0;4.0
MHS00540;2;4.0;4.0
MHS00540;3;3.96;3.99
MHS00540;4;3.91;3.97
MHS00540;5;4.0;3.97
MHS00540;6;4.0;3.98
MHS00541;1;3.58;3.58
MHS00541;2;3.83;3.7
MHS00541;3;3.88;3.76
MHS00541;4;3.69;3.74
MHS00542;1;3.13;3.13
MHS00542;2;2.7;2.91
MHS00542;3;3.11;2.98
MHS00542;4;3.07;3.0
MHS00543;1;2.37;2.37
MHS00543;2;2.62;2.49
MHS00543;3;2.99;2.66
MHS00543;4;3.53;2.88
MHS00543;5;3.08;2.92
MHS00543;6;3.31;2.98
MHS00543;7;3.38;3.04
MHS00543;8;2.63;2.99
MHS00543;9;2.94;2.98
MHS00544;1;3.28;3.28
MHS00544;2;3.68;3.48
MHS00544;3;4.0;3.65
MHS00544;4;3.8;3.69
MHS00544;5;3.44;3.64
MHS00544;6;3.91;3.69
MHS00544;7;4.0;3.73
MHS00544;8;3.89;3.75
MHS00545;1;3.08;3.08
MHS00545;2;3.07;3.07
MHS00545;3;3.69;3.28
MHS00545;4;3.93;3.44
MHS00545;5;3.03;3.36
MHS00545;6;3.27;3.34
MHS00545;7;3.49;3.36
MHS00545;8;4.0;3.44
MHS00546;1;4.0;4.0
MHS00546;2;4.0;4.0
MHS00546;3;3.9;3.97
MHS00546;4;3.98;3.97
MHS00546;5;3.96;3.97
MHS00546;6;3.98;3.97
MHS00546;7;4.0;3.97
MHS00546;8;4.0;3.98
MHS00547;1;2.69;2.69
MHS00547;2;3.61;3.15
MHS00547;3;3.41;3.24
MHS00547;4;3.67;3.35
MHS00547;5;3.45;3.37
MHS00547;6;4.0;3.47
MHS00547;7;3.65;3.5
MHS00547;8;3.66;3.52
MHS00548;1;2.94;2.94
MHS00548;2;3.08;3.01
MHS00548;3;3.05;3.03
MHS00548;4;3.55;3.16
MHS00549;1;3.05;3.05
MHS00549;2;2.98;3.01
MHS00549;3;3.34;3.12
MHS00549;4;2.97;3.08
MHS00549;5;2.65;3.0
MHS00549;6;3.07;3.01
MHS00549;7;3.15;3.03
MHS00549;8;3.0;3.03
MHS00550;1;2.37;2.37
MHS00550;2;2.83;2.6
MHS00550;3;3.44;2.88
MHS00550;4;3.8;3.11
MHS00551;1;2.19;2.19
MHS00551;2;2.57;2.38
MHS00552;1;2.51;2.51
MHS00552;2;2.67;2.59
MHS00552;3;3.24;2.81
MHS00552;4;2.77;2.8
MHS00552;5;2.91;2.82
MHS00552;6;3.08;2.87
MHS00552;7;3.27;2.92
MHS00552;8;2.72;2.9
MHS00552;9;3.38;2.95
MHS00553;1;2.99;2.99
MHS00553;2;3.26;3.13
MHS00553;3;2.98;3.08
MHS00553;4;3.34;3.14
MHS00554;1;2.77;2.77
MHS00554;2;3.21;2.99
MHS00554;3;3.57;3.18
MHS00554;4;3.26;3.2
MHS00554;5;3.53;3.27
MHS00554;6;2.96;3.22
MHS00555;1;4.0;4.0
MHS00555;2;3.37;3.69
MHS00555;3;4.0;3.79
MHS00555;4;3.99;3.84
MHS00555;5;4.0;3.87
MHS00555;6;3.68;3.84
MHS00555;7;4.0;3.86
MHS00555;8;4.0;3.88
MHS00556;1;2.02;2.02
MHS00556;2;2.45;2.23
MHS00556;3;3.2;2.55
MHS00556;4;2.94;2.65
MHS00556;5;3.14;2.75
MHS00556;6;3.47;2.87
MHS00556;7;2.9;2.87
MHS00556;8;2.85;2.87
MHS00556;9;3.66;2.96
MHS00556;10;3.53;3.02
MHS00557;1;3.48;3.48
MHS00557;2;3.76;3.62
MHS00557;3;3.47;3.57
MHS00557;4;3.39;3.52
MHS00557;5;3.02;3.42
MHS00557;6;3.79;3.48
MHS00558;1;2.66;2.66
MHS00558;2;3.02;2.84
MHS00559;1;3.94;3.94
MHS00559;2;4.0;3.97
MHS00559;3;3.79;3.91
MHS00559;4;3.72;3.86
MHS00560;1;2.64;2.64
MHS00560;2;2.76;2.7
MHS00560;3;2.82;2.74
MHS00560;4;2.72;2.74
MHS00561;1;3.53;3.53
MHS00561;2;3.08;3.31
MHS00561;3;3.39;3.33
MHS00561;4;4.0;3.5
MHS00561;5;3.38;3.48
MHS00561;6;3.92;3.55
MHS00561;7;3.95;3.61
MHS00561;8;3.6;3.61
MHS00562;1;2.45;2.45
MHS00562;2;2.33;2.39
MHS00562;3;2.73;2.5
MHS00562;4;2.73;2.56
MHS00563;1;2.81;2.81
MHS00563;2;3.37;3.09
MHS00563;3;3.07;3.09
MHS00563;4;3.5;3.19
MHS00563;5;3.57;3.26
MHS00563;6;3.29;3.27
MHS00563;7;3.61;3.32
MHS00563;8;3.37;3.32
MHS00563;9;3.74;3.37
MHS00564;1;3.72;3.72
MHS00564;2;4.0;3.86
MHS00564;3;3.93;3.89
MHS00564;4;3.7;3.84
MHS00565;1;3.31;3.31
MHS00565;2;3.57;3.44
MHS00565;3;3.52;3.47
MHS00565;4;3.39;3.45
MHS00566;1;2.76;2.76
MHS00566;2;2.78;2.77
MHS00566;3;3.36;2.97
MHS00566;4;3.02;2.98
MHS00567;1;3.12;3.12
MHS00567;2;3.86;3.49
MHS00567;3;3.79;3.59
MHS00567;4;3.84;3.65
MHS00568;1;3.69;3.69
MHS00568;2;4.0;3.84
MHS00568;3;4.0;3.9
MHS00568;4;4.0;3.92
MHS00568;5;4.0;3.94
MHS00568;6;4.0;3.95
MHS00569;1;2.96;2.96
MHS00569;2;2.84;2.9
MHS00569;3;3.2;3.0
MHS00569;4;2.68;2.92
MHS00569;5;3.21;2.98
MHS00569;6;2.94;2.97
MHS00570;1;3.59;3.59
MHS00570;2;3.66;3.62
MHS00570;3;3.77;3.67
MHS00570;4;4.0;3.76
MHS00570;5;4.0;3.8
MHS00570;6;4.0;3.84
MHS00570;7;3.37;3.77
MHS00570;8;3.68;3.76
MHS00571;1;3.36;3.36
MHS00571;2;2.98;3.17
MHS00571;3;4.0;3.45
MHS00571;4;3.87;3.55
MHS00571;5;4.0;3.64
MHS00571;6;4.0;3.7
MHS00572;1;2.0;2.0
MHS00572;2;3.04;2.52
MHS00572;3;3.64;2.89
MHS00572;4;3.53;3.05
MHS00572;5;3.64;3.17
MHS00572;6;3.31;3.19
MHS00573;1;3.39;3.39
MHS00573;2;3.63;3.51
MHS00574;1;3.28;3.28
MHS00574;2;3.56;3.42
MHS00574;3;3.3;3.38
MHS00574;4;3.57;3.43
MHS00574;5;3.95;3.53
MHS00574;6;3.05;3.45
MHS00575;1;3.42;3.42
MHS00575;2;4.0;3.71
MHS00575;3;3.72;3.72
MHS00575;4;3.9;3.76
MHS00576;1;2.01;2.01
MHS00576;2;2.29;2.15
MHS00576;3;2.57;2.29
MHS00576;4;2.76;2.41
MHS00576;5;2.84;2.49
MHS00576;6;3.0;2.58
MHS00577;1;3.09;3.09
MHS00577;2;2.77;2.93
MHS00577;3;2.97;2.95
MHS00577;4;2.87;2.93
MHS00578;1;2.97;2.97
MHS00578;2;2.8;2.88
MHS00578;3;3.38;3.05
MHS00578;4;2.86;3.0
MHS00578;5;2.98;3.0
MHS00578;6;3.31;3.05
MHS00579;1;3.25;3.25
MHS00579;2;3.45;3.35
MHS00580;1;1.94;1.94
MHS00580;2;2.5;2.22
MHS00580;3;2.58;2.34
MHS00580;4;3.07;2.52
MHS00581;1;3.33;3.33
MHS00581;2;3.18;3.25
MHS00581;3;3.49;3.33
MHS00581;4;3.53;3.38
MHS00581;5;3.33;3.37
MHS00581;6;3.93;3.46
MHS00581;7;3.8;3.51
MHS00581;8;3.76;3.54
MHS00582;1;3.87;3.87
MHS00582;2;3.84;3.86
MHS00582;3;3.87;3.86
MHS00582;4;4.0;3.9
MHS00582;5;3.53;3.82
MHS00582;6;4.0;3.85
MHS00582;7;4.0;3.87
MHS00582;8;3.88;3.87
MHS00583;1;3.74;3.74
MHS00583;2;3.9;3.82
MHS00583;3;3.3;3.65
MHS00583;4;3.74;3.67
MHS00583;5;3.56;3.65
MHS00583;6;3.47;3.62
MHS00583;7;3.75;3.64
MHS00583;8;3.74;3.65
MHS00584;1;2.72;2.72
MHS00584;2;3.47;3.09
MHS00585;1;2.56;2.56
MHS00585;2;3.35;2.96
MHS00586;1;2.39;2.39
MHS00586;2;2.75;2.57
MHS00586;3;3.3;2.81
MHS00586;4;3.67;3.03
MHS00586;5;3.27;3.07
MHS00586;6;3.39;3.13
MHS00586;7;2.94;3.1
MHS00586;8;2.92;3.08
MHS00587;1;3.24;3.24
MHS00587;2;3.1;3.17
MHS00587;3;3.37;3.24
MHS00587;4;3.3;3.25
MHS00588;1;1.72;1.72
MHS00588;2;2.56;2.14
MHS00588;3;2.36;2.21
MHS00588;4;2.39;2.26
MHS00588;5;2.61;2.33
MHS00588;6;3.07;2.45
MHS00588;7;2.92;2.52
MHS00588;8;2.81;2.56
MHS00589;1;2.72;2.72
MHS00589;2;2.97;2.84
MHS00589;3;2.95;2.88
MHS00589;4;3.62;3.07
MHS00590;1;3.72;3.72
MHS00590;2;4.0;3.86
MHS00590;3;3.64;3.79
MHS00590;4;4.0;3.84
MHS00590;5;3.97;3.87
MHS00590;6;4.0;3.89
MHS00590;7;4.0;3.9
MHS00590;8;4.0;3.92
MHS00591;1;3.45;3.45
MHS00591;2;3.51;3.48
MHS00592;1;3.14;3.14
MHS00592;2;3.13;3.13
MHS00593;1;3.6;3.6
MHS00593;2;3.44;3.52
MHS00593;3;3.27;3.44
MHS00593;4;3.85;3.54
MHS00593;5;3.92;3.61
MHS00593;6;4.0;3.68
MHS00593;7;4.0;3.72
MHS00593;8;4.0;3.76
MHS00594;1;2.47;2.47
MHS00594;2;3.29;2.88
MHS00594;3;3.5;3.08
MHS00594;4;3.33;3.14
MHS00594;5;3.35;3.19
MHS00594;6;3.24;3.19
MHS00594;7;3.6;3.25
MHS00594;8;3.81;3.32
MHS00595;1;2.26;2.26
MHS00595;2;2.35;2.3
MHS00595;3;2.69;2.43
MHS00595;4;3.32;2.65
MHS00596;1;1.68;1.68
MHS00596;2;2.2;1.94
MHS00597;1;3.37;3.37
MHS00597;2;2.56;2.97
MHS00597;3;3.58;3.17
MHS00597;4;3.16;3.17
MHS00597;5;2.86;3.11
MHS00597;6;3.61;3.19
MHS00597;7;3.05;3.17
MHS00597;8;3.64;3.23
MHS00598;1;1.97;1.97
MHS00598;2;2.36;2.16
MHS00598;3;2.84;2.39
MHS00598;4;2.5;2.42
MHS00599;1;4.0;4.0
MHS00599;2;3.8;3.9
MHS00599;3;4.0;3.93
MHS00599;4;4.0;3.95
MHS00599;5;4.0;3.96
MHS00599;6;4.0;3.97
MHS00599;7;4.0;3.97
MHS00599;8;4.0;3.98
MHS00600;1;3.82;3.82
MHS00600;2;3.83;3.82
MHS00601;1;2.92;2.92
MHS00601;2;2.67;2.79
MHS00602;1;3.18;3.18
MHS00602;2;2.53;2.86
MHS00602;3;3.03;2.91
MHS00602;4;3.18;2.98
MHS00602;5;2.42;2.87
MHS00602;6;3.06;2.9
MHS00602;7;3.02;2.92
MHS00602;8;2.72;2.89
MHS00602;9;3.14;2.92
MHS00603;1;2.1;2.1
MHS00603;2;2.59;2.34
MHS00603;3;2.78;2.49
MHS00603;4;2.68;2.54
MHS00604;1;3.25;3.25
MHS00604;2;3.42;3.34
MHS00604;3;2.87;3.18
MHS00604;4;3.53;3.27
MHS00604;5;3.43;3.3
MHS00604;6;2.96;3.24
MHS00604;7;3.46;3.27
MHS00604;8;3.32;3.28
MHS00605;1;2.7;2.7
MHS00605;2;3.17;2.93
MHS00606;1;3.22;3.22
MHS00606;2;3.4;3.31
MHS00607;1;1.83;1.83
MHS00607;2;1.8;1.82
MHS00607;3;2.66;2.1
MHS00607;4;3.45;2.44
MHS00607;5;2.8;2.51
MHS00607;6;2.47;2.5
MHS00607;7;3.15;2.59
MHS00607;8;2.92;2.64
MHS00608;1;3.98;3.98
MHS00608;2;3.87;3.93
MHS00609;1;2.84;2.84
MHS00609;2;3.1;2.97
MHS00609;3;3.79;3.25
MHS00609;4;2.88;3.15
MHS00609;5;4.0;3.32
MHS00609;6;3.4;3.34
MHS00610;1;2.18;2.18
MHS00610;2;1.94;2.06
MHS00610;3;2.41;2.18
MHS00610;4;2.56;2.27
MHS00610;5;2.51;2.32
MHS00610;6;2.71;2.39
MHS00611;1;3.66;3.66
MHS00611;2;3.15;3.4
MHS00611;3;3.75;3.52
MHS00611;4;4.0;3.64
MHS00611;5;4.0;3.71
MHS00611;6;3.91;3.74
MHS00611;7;3.57;3.72
MHS00611;8;4.0;3.75
MHS00611;9;3.95;3.78
MHS00612;1;2.86;2.86
MHS00612;2;3.0;2.93
MHS00612;3;2.74;2.87
MHS00612;4;3.77;3.09
MHS00612;5;3.67;3.21
MHS00612;6;3.55;3.27
MHS00612;7;3.1;3.24
MHS00612;8;3.59;3.29
MHS00613;1;2.43;2.43
MHS00613;2;3.33;2.88
MHS00614;1;2.51;2.51
MHS00614;2;3.41;2.96
MHS00614;3;3.23;3.05
MHS00614;4;3.19;3.09
MHS00615;1;2.45;2.45
MHS00615;2;2.71;2.58
MHS00616;1;3.39;3.39
MHS00616;2;3.5;3.44
MHS00616;3;3.7;3.53
MHS00616;4;2.88;3.37
MHS00616;5;3.05;3.3
MHS00616;6;3.73;3.37
MHS00617;1;2.64;2.64
MHS00617;2;2.94;2.79
MHS00618;1;2.68;2.68
MHS00618;2;2.94;2.81
MHS00618;3;3.88;3.17
MHS00618;4;3.5;3.25
MHS00618;5;3.28;3.26
MHS00618;6;3.56;3.31
MHS00618;7;3.81;3.38
MHS00618;8;3.41;3.38
MHS00619;1;3.27;3.27
MHS00619;2;2.85;3.06
MHS00619;3;3.14;3.09
MHS00619;4;4.0;3.32
MHS00619;5;3.37;3.33
MHS00619;6;4.0;3.44
MHS00620;1;2.49;2.49
MHS00620;2;2.79;2.64
MHS00620;3;2.99;2.76
MHS00620;4;2.94;2.81
MHS00620;5;3.06;2.86
MHS00620;6;2.85;2.86
MHS00620;7;3.54;2.95
MHS00620;8;3.21;2.99
MHS00620;9;3.18;3.01
MHS00621;1;2.55;2.55
MHS00621;2;2.33;2.44
MHS00622;1;2.67;2.67
MHS00622;2;2.72;2.7
MHS00622;3;2.99;2.8
MHS00622;4;2.76;2.79
MHS00623;1;3.18;3.18
MHS00623;2;3.77;3.47
MHS00624;1;1.89;1.89
MHS00624;2;2.32;2.11
MHS00624;3;2.21;2.14
MHS00625;1;2.48;2.48
MHS00625;2;3.12;2.8
MHS00625;3;3.35;2.98
MHS00625;4;4.0;3.24
MHS00625;5;3.59;3.31
MHS00625;6;3.57;3.35
MHS00625;7;3.56;3.38
MHS00625;8;3.55;3.4
MHS00626;1;2.92;2.92
MHS00626;2;3.18;3.05
MHS00626;3;3.53;3.21
MHS00626;4;3.17;3.2
MHS00626;5;3.32;3.22
MHS00626;6;3.27;3.23
MHS00627;1;2.7;2.7
MHS00627;2;3.07;2.88
MHS00627;3;3.31;3.03
MHS00627;4;3.34;3.1
MHS00627;5;2.85;3.05
MHS00627;6;3.31;3.09
MHS00628;1;2.74;2.74
MHS00628;2;3.02;2.88
MHS00628;3;3.57;3.11
MHS00628;4;3.82;3.29
MHS00628;5;3.53;3.34
MHS00628;6;3.59;3.38
MHS00629;1;3.53;3.53
MHS00629;2;3.64;3.59
MHS00630;1;3.05;3.05
MHS00630;2;3.18;3.11
MHS00631;1;3.77;3.77
MHS00631;2;3.88;3.83
MHS00632;1;1.85;1.85
MHS00632;2;2.09;1.97
MHS00632;3;3.1;2.35
MHS00632;4;2.53;2.39
MHS00633;1;2.09;2.09
MHS00633;2;2.14;2.11
MHS00633;3;3.12;2.45
MHS00634;1;2.45;2.45
MHS00634;2;3.11;2.78
MHS00635;1;1.68;1.68
MHS00635;2;1.93;1.81
MHS00636;1;3.46;3.46
MHS00636;2;4.0;3.73
MHS00636;3;3.75;3.74
MHS00636;4;3.86;3.77
MHS00637;1;4.0;4.0
MHS00637;2;3.95;3.98
MHS00637;3;4.0;3.98
MHS00637;4;4.0;3.99
MHS00638;1;3.46;3.46
MHS00638;2;3.86;3.66
MHS00638;3;4.0;3.77
MHS00638;4;3.73;3.76
MHS00638;5;3.75;3.76
MHS00638;6;4.0;3.8
MHS00638;7;4.0;3.83
MHS00638;8;4.0;3.85
MHS00639;1;3.09;3.09
MHS00639;2;3.56;3.32
MHS00640;1;2.13;2.13
MHS00640;2;3.11;2.62
MHS00641;1;2.34;2.34
MHS00641;2;2.85;2.6
MHS00641;3;2.89;2.69
MHS00641;4;2.64;2.68
MHS00641;5;2.1;2.56
MHS00641;6;2.39;2.53
MHS00641;7;3.04;2.61
MHS00641;8;3.03;2.66
MHS00642;1;3.05;3.05
MHS00642;2;3.38;3.21
MHS00642;3;3.34;3.26
MHS00642;4;3.14;3.23
MHS00642;5;3.46;3.27
MHS00642;6;2.86;3.2
MHS00642;7;3.26;3.21
MHS00642;8;3.25;3.22
MHS00643;1;3.12;3.12
MHS00643;2;3.57;3.34
MHS00643;3;3.51;3.4
MHS00643;4;3.69;3.47
MHS00644;1;3.21;3.21
MHS00644;2;2.93;3.07
MHS00644;3;3.38;3.17
MHS00644;4;3.65;3.29
MHS00644;5;3.19;3.27
MHS00644;6;3.64;3.33
MHS00645;1;2.89;2.89
MHS00645;2;3.17;3.03
MHS00645;3;3.02;3.03
MHS00645;4;3.04;3.03
MHS00646;1;3.3;3.3
MHS00646;2;3.55;3.43
MHS00646;3;3.29;3.38
MHS00646;4;4.0;3.54
MHS00647;1;3.15;3.15
MHS00647;2;3.33;3.24
MHS00648;1;3.24;3.24
MHS00648;2;2.9;3.07
MHS00649;1;3.97;3.97
MHS00649;2;4.0;3.98
MHS00649;3;4.0;3.99
MHS00649;4;4.0;3.99
MHS00649;5;4.0;3.99
MHS00649;6;4.0;3.99
MHS00649;7;4.0;4.0
MHS00649;8;3.88;3.98
MHS00650;1;3.72;3.72
MHS00650;2;4.0;3.86
MHS00650;3;3.91;3.88
MHS00650;4;3.6;3.81
MHS00651;1;3.25;3.25
MHS00651;2;3.28;3.26
MHS00651;3;2.86;3.13
MHS00651;4;3.28;3.17
MHS00651;5;2.73;3.08
MHS00651;6;3.33;3.12
MHS00652;1;3.23;3.23
MHS00652;2;3.18;3.2
MHS00652;3;3.37;3.26
MHS00652;4;3.24;3.25
MHS00653;1;3.46;3.46
MHS00653;2;3.6;3.53
MHS00653;3;3.48;3.51
MHS00653;4;3.24;3.45
MHS00653;5;3.64;3.48
MHS00653;6;3.66;3.51
MHS00653;7;3.64;3.53
MHS00653;8;4.0;3.59
MHS00654;1;3.01;3.01
MHS00654;2;3.72;3.37
MHS00654;3;3.28;3.34
MHS00654;4;4.0;3.5
MHS00655;1;2.44;2.44
MHS00655;2;2.72;2.58
MHS00656;1;2.38;2.38
MHS00656;2;2.42;2.4
MHS00657;1;3.52;3.52
MHS00657;2;3.48;3.5
MHS00658;1;1.87;1.87
MHS00658;2;2.61;2.24
MHS00658;3;2.81;2.43
MHS00658;4;3.29;2.64
MHS00658;5;3.23;2.76
MHS00658;6;3.48;2.88
MHS00658;7;3.36;2.95
MHS00658;8;3.64;3.04
MHS00658;9;3.45;3.08
MHS00659;1;3.35;3.35
MHS00659;2;3.79;3.57
MHS00659;3;3.57;3.57
MHS00659;4;3.81;3.63
MHS00659;5;3.9;3.68
MHS00659;6;3.33;3.62
MHS00660;1;2.78;2.78
MHS00660;2;3.29;3.03
MHS00660;3;3.17;3.08
MHS00660;4;3.72;3.24
MHS00660;5;3.32;3.25
MHS00660;6;3.0;3.21
MHS00661;1;2.51;2.51
MHS00661;2;2.49;2.5
MHS00662;1;2.92;2.92
MHS00662;2;2.69;2.81
MHS00663;1;4.0;4.0
MHS00663;2;3.85;3.93
MHS00663;3;4.0;3.95
MHS00663;4;3.86;3.93
MHS00663;5;4.0;3.94
MHS00663;6;4.0;3.95
MHS00663;7;4.0;3.96
MHS00663;8;4.0;3.96
MHS00664;1;3.12;3.12
MHS00664;2;3.12;3.12
MHS00664;3;3.55;3.26
MHS00664;4;3.98;3.44
MHS00664;5;3.77;3.51
MHS00664;6;3.82;3.56
MHS00665;1;2.81;2.81
MHS00665;2;2.56;2.69
MHS00665;3;3.08;2.82
MHS00665;4;2.95;2.85
MHS00666;1;2.96;2.96
MHS00666;2;3.57;3.27
MHS00666;3;3.67;3.4
MHS00666;4;3.87;3.52
MHS00667;1;2.8;2.8
MHS00667;2;3.27;3.03
MHS00667;3;3.41;3.16
MHS00667;4;3.55;3.26
MHS00667;5;3.72;3.35
MHS00667;6;3.75;3.42
MHS00668;1;3.22;3.22
MHS00668;2;3.25;3.24
MHS00668;3;3.28;3.25
MHS00668;4;3.3;3.26
MHS00668;5;3.7;3.35
MHS00668;6;3.21;3.33
MHS00668;7;4.0;3.42
MHS00668;8;3.73;3.46
MHS00669;1;2.2;2.2
MHS00669;2;2.79;2.5
MHS00669;3;2.73;2.58
MHS00669;4;3.17;2.72
MHS00670;1;3.28;3.28
MHS00670;2;3.03;3.16
MHS00671;1;2.83;2.83
MHS00671;2;3.16;2.99
MHS00671;3;3.26;3.08
MHS00671;4;3.27;3.13
MHS00671;5;3.97;3.3
MHS00671;6;3.74;3.37
MHS00672;1;3.03;3.03
MHS00672;2;3.24;3.13
MHS00672;3;3.57;3.28
MHS00672;4;4.0;3.46
MHS00672;5;3.29;3.43
MHS00672;6;3.56;3.45
MHS00673;1;3.38;3.38
MHS00673;2;3.15;3.26
MHS00673;3;4.0;3.51
MHS00673;4;4.0;3.63
MHS00673;5;3.8;3.67
MHS00673;6;4.0;3.72
MHS00673;7;4.0;3.76
MHS00673;8;4.0;3.79
MHS00673;9;3.75;3.79
MHS00674;1;3.68;3.68
MHS00674;2;3.67;3.67
MHS00674;3;3.52;3.62
MHS00674;4;3.64;3.63
MHS00674;5;3.93;3.69
MHS00674;6;3.95;3.73
MHS00675;1;2.36;2.36
MHS00675;2;2.56;2.46
MHS00675;3;3.01;2.64
MHS00675;4;2.52;2.61
MHS00675;5;3.09;2.71
MHS00675;6;3.12;2.78
MHS00675;7;4.0;2.95
MHS00675;8;3.06;2.96
MHS00675;9;3.45;3.02
MHS00675;10;3.23;3.04
MHS00676;1;2.54;2.54
MHS00676;2;2.91;2.73
MHS00677;1;4.0;4.0
MHS00677;2;3.92;3.96
MHS00678;1;3.35;3.35
MHS00678;2;3.54;3.45
MHS00678;3;3.03;3.31
MHS00678;4;2.88;3.2
MHS00678;5;3.59;3.28
MHS00678;6;3.53;3.32
MHS00678;7;3.27;3.32
MHS00678;8;3.33;3.32
MHS00679;1;3.07;3.07
MHS00679;2;3.48;3.27
MHS00680;1;3.42;3.42
MHS00680;2;2.84;3.13
MHS00680;3;3.11;3.12
MHS00680;4;3.01;3.1
MHS00680;5;3.4;3.16
MHS00680;6;3.31;3.18
MHS00680;7;2.9;3.14
MHS00680;8;3.06;3.13
MHS00680;9;3.57;3.18
MHS00681;1;2.59;2.59
MHS00681;2;3.81;3.2
MHS00681;3;4.0;3.47
MHS00681;4;3.48;3.47
MHS00681;5;4.0;3.58
MHS00681;6;3.97;3.64
MHS00682;1;2.91;2.91
MHS00682;2;3.22;3.06
MHS00682;3;3.47;3.2
MHS00682;4;3.6;3.3
MHS00683;1;2.79;2.79
MHS00683;2;2.53;2.66
MHS00683;3;3.37;2.89
MHS00683;4;3.43;3.03
MHS00684;1;3.54;3.54
MHS00684;2;3.69;3.62
MHS00684;3;3.56;3.6
MHS00684;4;3.11;3.48
MHS00684;5;4.0;3.58
MHS00684;6;3.78;3.61
MHS00684;7;3.02;3.53
MHS00684;8;4.0;3.59
MHS00685;1;3.78;3.78
MHS00685;2;4.0;3.89
MHS00685;3;4.0;3.93
MHS00685;4;3.61;3.85
MHS00686;1;3.26;3.26
MHS00686;2;3.75;3.51
MHS00686;3;3.2;3.4
MHS00686;4;3.62;3.46
MHS00687;1;3.52;3.52
MHS00687;2;4.0;3.76
MHS00687;3;3.96;3.83
MHS00687;4;3.99;3.87
MHS00687;5;4.0;3.89
MHS00687;6;3.96;3.91
MHS00688;1;3.41;3.41
MHS00688;2;3.27;3.34
MHS00688;3;4.0;3.56
MHS00688;4;3.5;3.54
MHS00688;5;3.92;3.62
MHS00688;6;3.68;3.63
MHS00688;7;3.55;3.62
MHS00688;8;4.0;3.67
MHS00689;1;2.43;2.43
MHS00689;2;2.74;2.59
MHS00690;1;3.42;3.42
MHS00690;2;4.0;3.71
MHS00691;1;2.4;2.4
MHS00691;2;2.8;2.6
MHS00691;3;2.83;2.68
MHS00691;4;3.28;2.83
MHS00692;1;3.58;3.58
MHS00692;2;3.39;3.48
MHS00692;3;3.97;3.64
MHS00692;4;3.54;3.62
MHS00692;5;3.96;3.68
MHS00692;6;3.71;3.69
MHS00693;1;2.78;2.78
MHS00693;2;2.9;2.84
MHS00693;3;2.69;2.79
MHS00693;4;2.47;2.71
MHS00694;1;3.46;3.46
MHS00694;2;4.0;3.73
MHS00694;3;3.51;3.66
MHS00694;4;3.84;3.7
MHS00694;5;4.0;3.76
MHS00694;6;3.72;3.76
MHS00695;1;2.83;2.83
MHS00695;2;3.6;3.21
MHS00695;3;3.69;3.37
MHS00695;4;3.73;3.46
MHS00695;5;3.94;3.56
MHS00695;6;4.0;3.63
MHS00696;1;2.35;2.35
MHS00696;2;3.54;2.95
MHS00696;3;3.69;3.19
MHS00696;4;3.28;3.22
MHS00696;5;3.42;3.26
MHS00696;6;3.49;3.3
MHS00697;1;3.37;3.37
MHS00697;2;3.12;3.25
MHS00698;1;3.17;3.17
MHS00698;2;3.48;3.33
MHS00698;3;3.29;3.32
MHS00698;4;3.87;3.45
MHS00698;5;3.42;3.45
MHS00698;6;3.86;3.52
MHS00698;7;3.67;3.54
MHS00698;8;3.13;3.49
MHS00699;1;2.74;2.74
MHS00699;2;2.91;2.83
MHS00699;3;3.56;3.07
MHS00699;4;3.55;3.19
MHS00699;5;3.17;3.19
MHS00699;6;3.43;3.23
MHS00699;7;2.97;3.19
MHS00699;8;3.35;3.21
MHS00700;1;2.26;2.26
MHS00700;2;2.33;2.3
MHS00700;3;2.43;2.34
MHS00700;4;2.99;2.5
MHS00701;1;1.78;1.78
MHS00701;2;2.69;2.24
MHS00701;3;2.26;2.24
MHS00701;4;2.23;2.24
MHS00701;5;2.83;2.36
MHS00701;6;2.51;2.38
MHS00701;7;2.61;2.42
MHS00701;8;2.04;2.37
MHS00702;1;3.2;3.2
MHS00702;2;3.41;3.31
MHS00702;3;3.92;3.51
MHS00702;4;3.5;3.51
MHS00702;5;3.82;3.57
MHS00702;6;3.87;3.62
MHS00702;7;4.0;3.67
MHS00702;8;3.85;3.7
MHS00702;9;3.74;3.7
MHS00703;1;3.11;3.11
MHS00703;2;3.33;3.22
MHS00703;3;3.82;3.42
MHS00703;4;3.62;3.47
MHS00703;5;3.6;3.5
MHS00703;6;3.37;3.47
MHS00703;7;3.55;3.49
MHS00703;8;4.0;3.55
MHS00704;1;3.03;3.03
MHS00704;2;3.11;3.07
MHS00705;1;3.1;3.1
MHS00705;2;2.73;2.92
MHS00705;3;3.08;2.97
MHS00705;4;2.8;2.93
MHS00705;5;2.34;2.81
MHS00705;6;2.63;2.78
MHS00705;7;3.29;2.85
MHS00705;8;3.1;2.88
MHS00705;9;3.38;2.94
MHS00705;10;3.31;2.98
MHS00706;1;3.18;3.18
MHS00706;2;3.58;3.38
MHS00706;3;3.07;3.28
MHS00706;4;3.56;3.35
MHS00707;1;2.92;2.92
MHS00707;2;2.81;2.86
MHS00708;1;3.01;3.01
MHS00708;2;3.22;3.11
MHS00708;3;3.34;3.19
MHS00708;4;3.56;3.28
MHS00708;5;4.0;3.43
MHS00708;6;4.0;3.52
MHS00708;7;3.58;3.53
MHS00708;8;4.0;3.59
MHS00709;1;3.51;3.51
MHS00709;2;4.0;3.76
MHS00709;3;3.46;3.66
MHS00709;4;3.55;3.63
MHS00709;5;3.98;3.7
MHS00709;6;4.0;3.75
MHS00710;1;2.04;2.04
MHS00710;2;2.11;2.08
MHS00710;3;2.61;2.26
MHS00711;1;3.29;3.29
MHS00711;2;3.47;3.38
MHS00711;3;3.59;3.45
MHS00711;4;4.0;3.59
MHS00711;5;4.0;3.67
MHS00711;6;3.95;3.72
MHS00712;1;2.03;2.03
MHS00712;2;3.17;2.6
MHS00712;3;2.11;2.44
MHS00712;4;2.85;2.54
MHS00713;1;3.41;3.41
MHS00713;2;3.75;3.58
MHS00713;3;4.0;3.72
MHS00713;4;4.0;3.79
MHS00713;5;4.0;3.83
MHS00713;6;4.0;3.86
MHS00713;7;3.87;3.86
MHS00713;8;3.88;3.86
MHS00714;1;2.0;2.0
MHS00714;2;2.94;2.47
MHS00715;1;2.57;2.57
MHS00715;2;2.18;2.38
MHS00715;3;2.71;2.49
MHS00715;4;2.68;2.54
MHS00715;5;2.83;2.59
MHS00715;6;2.95;2.65
MHS00715;7;2.72;2.66
MHS00715;8;2.59;2.65
MHS00716;1;2.71;2.71
MHS00716;2;3.42;3.06
MHS00717;1;4.0;4.0
MHS00717;2;4.0;4.0
MHS00718;1;3.4;3.4
MHS00718;2;3.43;3.42
MHS00718;3;3.59;3.47
MHS00718;4;3.89;3.58
MHS00718;5;3.6;3.58
MHS00718;6;3.17;3.51
MHS00719;1;2.49;2.49
MHS00719;2;2.4;2.45
MHS00719;3;2.97;2.62
MHS00719;4;2.98;2.71
MHS00719;5;2.89;2.75
MHS00719;6;2.62;2.72
MHS00720;1;2.76;2.76
MHS00720;2;3.18;2.97
MHS00720;3;3.16;3.03
MHS00720;4;2.99;3.02
MHS00721;1;2.62;2.62
MHS00721;2;2.85;2.74
MHS00721;3;3.5;2.99
MHS00721;4;3.75;3.18
MHS00721;5;3.33;3.21
MHS00721;6;3.96;3.34
MHS00721;7;3.55;3.37
MHS00721;8;4.0;3.45
MHS00721;9;3.73;3.48
MHS00721;10;3.34;3.46
MHS00722;1;2.84;2.84
MHS00722;2;3.26;3.05
MHS00723;1;3.5;3.5
MHS00723;2;3.73;3.61
MHS00724;1;3.5;3.5
MHS00724;2;4.0;3.75
MHS00724;3;3.83;3.78
MHS00724;4;3.78;3.78
MHS00725;1;3.98;3.98
MHS00725;2;4.0;3.99
MHS00725;3;4.0;3.99
MHS00725;4;4.0;4.0
MHS00726;1;2.81;2.81
MHS00726;2;3.19;3.0
MHS00726;3;3.2;3.07
MHS00726;4;3.09;3.07
MHS00726;5;3.74;3.21
MHS00726;6;3.02;3.18
MHS00727;1;3.84;3.84
MHS00727;2;4.0;3.92
MHS00727;3;4.0;3.95
MHS00727;4;3.96;3.95
MHS00728;1;3.04;3.04
MHS00728;2;3.16;3.1
MHS00729;1;2.89;2.89
MHS00729;2;2.91;2.9
MHS00729;3;3.4;3.07
MHS00729;4;3.27;3.12
MHS00729;5;3.48;3.19
MHS00729;6;3.64;3.27
MHS00729;7;3.56;3.31
MHS00729;8;3.7;3.36
MHS00730;1;2.76;2.76
MHS00730;2;3.76;3.26
MHS00730;3;3.38;3.3
MHS00730;4;3.13;3.26
MHS00731;1;3.31;3.31
MHS00731;2;3.74;3.53
MHS00731;3;3.32;3.46
MHS00731;4;4.0;3.59
MHS00731;5;3.41;3.56
MHS00731;6;3.27;3.51
MHS00731;7;3.26;3.47
MHS00731;8;3.46;3.47
MHS00732;1;2.7;2.7
MHS00732;2;2.47;2.59
MHS00733;1;2.1;2.1
MHS00733;2;2.91;2.51
MHS00734;1;2.66;2.66
MHS00734;2;2.5;2.58
MHS00734;3;3.15;2.77
MHS00734;4;2.8;2.78
MHS00735;1;3.18;3.18
MHS00735;2;3.18;3.18
MHS00736;1;1.18;1.18
MHS00736;2;1.4;1.29
MHS00737;1;3.26;3.26
MHS00737;2;3.32;3.29
MHS00738;1;2.68;2.68
MHS00738;2;2.56;2.62
MHS00739;1;4.0;4.0
MHS00739;2;4.0;4.0
MHS00739;3;3.8;3.93
MHS00739;4;3.92;3.93
MHS00739;5;3.91;3.92
MHS00739;6;4.0;3.94
MHS00740;1;2.49;2.49
MHS00740;2;2.98;2.73
MHS00740;3;2.52;2.66
MHS00740;4;2.56;2.64
MHS00741;1;2.58;2.58
MHS00741;2;2.99;2.79
MHS00741;3;3.47;3.01
MHS00741;4;3.7;3.19
MHS00742;1;2.39;2.39
MHS00742;2;2.63;2.51
MHS00743;1;2.95;2.95
MHS00743;2;3.13;3.04
MHS00743;3;2.89;2.99
MHS00743;4;3.43;3.1
MHS00743;5;2.94;3.07
MHS00743;6;2.99;3.06
MHS00743;7;3.15;3.07
MHS00743;8;3.08;3.07
MHS00744;1;2.54;2.54
MHS00744;2;2.88;2.71
MHS00745;1;3.38;3.38
MHS00745;2;3.14;3.26
MHS00745;3;3.29;3.27
MHS00745;4;2.99;3.2
MHS00745;5;3.09;3.18
MHS00745;6;3.91;3.3
MHS00745;7;3.7;3.36
MHS00745;8;2.96;3.31
MHS00746;1;4.0;4.0
MHS00746;2;3.2;3.6
MHS00747;1;3.3;3.3
MHS00747;2;3.79;3.55
MHS00747;3;3.86;3.65
MHS00747;4;3.77;3.68
MHS00747;5;4.0;3.75
MHS00747;6;4.0;3.79
MHS00747;7;3.85;3.8
MHS00747;8;4.0;3.82
MHS00748;1;3.26;3.26
MHS00748;2;3.72;3.49
MHS00748;3;3.86;3.61
MHS00748;4;4.0;3.71
MHS00748;5;3.55;3.68
MHS00748;6;3.88;3.71
MHS00748;7;3.92;3.74
MHS00748;8;3.48;3.71
MHS00749;1;3.33;3.33
MHS00749;2;3.22;3.27
MHS00750;1;2.43;2.43
MHS00750;2;3.25;2.84
MHS00750;3;3.27;2.98
MHS00750;4;3.62;3.14
MHS00751;1;3.47;3.47
MHS00751;2;3.48;3.48
MHS00752;1;2.17;2.17
MHS00752;2;2.78;2.48
MHS00752;3;2.95;2.63
MHS00752;4;2.71;2.65
MHS00752;5;2.72;2.67
MHS00752;6;2.91;2.71
MHS00752;7;2.86;2.73
MHS00752;8;2.47;2.7
MHS00752;9;2.47;2.67
MHS00752;10;2.76;2.68
MHS00753;1;2.75;2.75
MHS00753;2;3.04;2.9
MHS00753;3;3.02;2.94
MHS00753;4;3.42;3.06
MHS00753;5;3.14;3.07
MHS00753;6;2.9;3.05
MHS00754;1;3.15;3.15
MHS00754;2;2.98;3.07
MHS00754;3;3.16;3.1
MHS00754;4;3.6;3.22
MHS00754;5;3.22;3.22
MHS00754;6;3.53;3.27
MHS00755;1;2.98;2.98
MHS00755;2;3.32;3.15
MHS00755;3;3.4;3.23
MHS00755;4;3.45;3.29
MHS00755;5;3.07;3.25
MHS00755;6;2.94;3.2
MHS00755;7;3.36;3.22
MHS00755;8;3.85;3.3
MHS00755;9;3.26;3.29
MHS00756;1;3.27;3.27
MHS00756;2;3.68;3.47
MHS00756;3;2.87;3.27
MHS00756;4;3.4;3.3
MHS00757;1;2.49;2.49
MHS00757;2;2.44;2.47
MHS00757;3;2.82;2.58
MHS00757;4;3.56;2.83
MHS00758;1;3.17;3.17
MHS00758;2;2.9;3.04
MHS00759;1;3.81;3.81
MHS00759;2;3.01;3.41
MHS00759;3;3.26;3.36
MHS00759;4;3.73;3.45
MHS00760;1;2.85;2.85
MHS00760;2;2.71;2.78
MHS00761;1;3.36;3.36
MHS00761;2;4.0;3.68
MHS00761;3;3.65;3.67
MHS00761;4;3.34;3.59
MHS00762;1;2.77;2.77
MHS00762;2;2.97;2.87
MHS00762;3;3.24;2.99
MHS00762;4;3.48;3.12
MHS00762;5;3.93;3.28
MHS00762;6;3.71;3.35
MHS00762;7;3.67;3.4
MHS00762;8;3.0;3.35
MHS00762;9;3.08;3.32
MHS00762;10;3.02;3.29
MHS00763;1;3.43;3.43
MHS00763;2;3.17;3.3
MHS00763;3;3.11;3.24
MHS00763;4;3.2;3.23
MHS00763;5;4.0;3.38
MHS00763;6;3.43;3.39
MHS00763;7;3.88;3.46
MHS00763;8;3.37;3.45
MHS00764;1;2.97;2.97
MHS00764;2;2.95;2.96
MHS00764;3;3.51;3.14
MHS00764;4;3.2;3.16
MHS00764;5;3.2;3.17
MHS00764;6;3.11;3.16
MHS00764;7;3.41;3.19
MHS00764;8;3.45;3.22
MHS00765;1;3.11;3.11
MHS00765;2;3.33;3.22
MHS00765;3;3.69;3.38
MHS00765;4;3.94;3.52
MHS00765;5;3.95;3.61
MHS00765;6;4.0;3.67
MHS00765;7;3.95;3.71
MHS00765;8;4.0;3.75
MHS00766;1;2.79;2.79
MHS00766;2;3.34;3.07
MHS00766;3;2.99;3.04
MHS00766;4;3.14;3.06
MHS00766;5;2.84;3.02
MHS00766;6;3.25;3.06
MHS00766;7;3.44;3.11
MHS00766;8;3.37;3.14
MHS00766;9;3.15;3.15
MHS00767;1;3.13;3.13
MHS00767;2;2.91;3.02
MHS00768;1;2.93;2.93
MHS00768;2;2.84;2.88
MHS00768;3;2.82;2.86
MHS00768;4;3.16;2.94
MHS00769;1;2.96;2.96
MHS00769;2;3.68;3.32
MHS00769;3;2.81;3.15
MHS00769;4;3.42;3.21
MHS00769;5;3.31;3.23
MHS00769;6;3.35;3.25
MHS00769;7;3.27;3.25
MHS00769;8;2.99;3.22
MHS00770;1;3.3;3.3
MHS00770;2;2.68;2.99
MHS00770;3;3.39;3.12
MHS00770;4;3.42;3.2
MHS00770;5;3.7;3.3
MHS00770;6;3.58;3.35
MHS00770;7;3.81;3.41
MHS00770;8;3.98;3.48
MHS00771;1;2.67;2.67
MHS00771;2;2.92;2.8
MHS00772;1;2.89;2.89
MHS00772;2;3.48;3.18
MHS00773;1;3.19;3.19
MHS00773;2;3.86;3.53
MHS00773;3;3.35;3.47
MHS00773;4;4.0;3.6
MHS00774;1;2.82;2.82
MHS00774;2;2.89;2.86
MHS00774;3;3.35;3.02
MHS00774;4;3.52;3.14
MHS00775;1;2.28;2.28
MHS00775;2;3.04;2.66
MHS00776;1;2.76;2.76
MHS00776;2;3.02;2.89
MHS00776;3;2.93;2.9
MHS00776;4;2.82;2.88
MHS00777;1;2.99;2.99
MHS00777;2;2.8;2.89
MHS00777;3;3.62;3.13
MHS00777;4;3.16;3.14
MHS00777;5;2.96;3.1
MHS00777;6;3.4;3.15
MHS00777;7;3.11;3.15
MHS00777;8;3.13;3.14
MHS00777;9;2.78;3.1
MHS00777;10;3.25;3.12
MHS00778;1;2.83;2.83
MHS00778;2;2.85;2.84
MHS00778;3;3.2;2.96
MHS00778;4;3.12;3.0
MHS00778;5;3.42;3.08
MHS00778;6;3.93;3.22
MHS00779;1;2.62;2.62
MHS00779;2;3.13;2.87
MHS00779;3;2.05;2.6
MHS00779;4;2.76;2.64
MHS00780;1;3.91;3.91
MHS00780;2;3.99;3.95
MHS00781;1;2.71;2.71
MHS00781;2;3.14;2.92
MHS00781;3;3.2;3.02
MHS00781;4;3.68;3.18
MHS00782;1;2.83;2.83
MHS00782;2;2.86;2.85
MHS00783;1;3.06;3.06
MHS00783;2;3.0;3.03
MHS00784;1;2.97;2.97
MHS00784;2;2.78;2.88
MHS00784;3;3.1;2.95
MHS00784;4;3.43;3.07
MHS00784;5;3.31;3.12
MHS00784;6;2.99;3.1
MHS00784;7;3.66;3.18
MHS00784;8;2.97;3.15
MHS00785;1;2.77;2.77
MHS00785;2;3.21;2.99
MHS00785;3;3.21;3.06
MHS00785;4;2.88;3.02
MHS00785;5;3.06;3.03
MHS00785;6;3.24;3.06
MHS00785;7;2.96;3.05
MHS00785;8;3.41;3.09
MHS00786;1;3.96;3.96
MHS00786;2;3.99;3.97
MHS00786;3;4.0;3.98
MHS00786;4;4.0;3.99
MHS00786;5;4.0;3.99
MHS00786;6;4.0;3.99
MHS00787;1;2.77;2.77
MHS00787;2;3.26;3.01
MHS00787;3;3.18;3.07
MHS00787;4;3.46;3.17
MHS00788;1;3.22;3.22
MHS00788;2;3.55;3.39
MHS00789;1;1.77;1.77
MHS00789;2;2.79;2.28
MHS00789;3;2.71;2.42
MHS00789;4;2.99;2.56
MHS00790;1;2.87;2.87
MHS00790;2;2.94;2.9
MHS00790;3;3.15;2.99
MHS00790;4;3.35;3.08
MHS00790;5;3.03;3.07
MHS00790;6;3.45;3.13
MHS00790;7;3.37;3.17
MHS00790;8;3.52;3.21
MHS00791;1;2.36;2.36
MHS00791;2;2.44;2.4
MHS00791;3;2.91;2.57
MHS00791;4;3.28;2.75
MHS00791;5;3.18;2.83
MHS00791;6;2.89;2.84
MHS00791;7;3.21;2.89
MHS00791;8;2.92;2.9
MHS00792;1;3.72;3.72
MHS00792;2;4.0;3.86
MHS00793;1;3.18;3.18
MHS00793;2;3.77;3.47
MHS00793;3;3.37;3.44
MHS00793;4;3.77;3.52
MHS00794;1;1.57;1.57
MHS00794;2;1.99;1.78
MHS00795;1;2.81;2.81
MHS00795;2;3.22;3.02
MHS00795;3;3.3;3.11
MHS00795;4;3.59;3.23
MHS00795;5;3.59;3.3
MHS00795;6;4.0;3.42
MHS00796;1;3.4;3.4
MHS00796;2;3.5;3.45
MHS00796;3;3.7;3.53
MHS00796;4;3.65;3.56
MHS00797;1;3.35;3.35
MHS00797;2;2.88;3.11
MHS00797;3;3.71;3.31
MHS00797;4;3.69;3.41
MHS00798;1;2.21;2.21
MHS00798;2;2.24;2.22
MHS00798;3;2.93;2.46
MHS00798;4;2.97;2.59
MHS00798;5;2.57;2.58
MHS00798;6;3.23;2.69
MHS00798;7;3.3;2.78
MHS00798;8;2.89;2.79
MHS00799;1;2.87;2.87
MHS00799;2;3.02;2.95
MHS00800;1;3.88;3.88
MHS00800;2;3.86;3.87
MHS00800;3;3.8;3.85
MHS00800;4;4.0;3.88
MHS00800;5;3.45;3.8
MHS00800;6;3.94;3.82
MHS00800;7;4.0;3.85
MHS00800;8;3.47;3.8
MHS00801;1;2.36;2.36
MHS00801;2;2.32;2.34
MHS00802;1;4.0;4.0
MHS00802;2;3.95;3.97
MHS00803;1;2.63;2.63
MHS00803;2;3.08;2.85
MHS00803;3;3.63;3.11
MHS00803;4;3.71;3.26
MHS00803;5;3.46;3.3
MHS00803;6;3.59;3.35
MHS00803;7;3.66;3.39
MHS00803;8;2.78;3.32
MHS00804;1;3.59;3.59
MHS00804;2;3.71;3.65
MHS00804;3;3.36;3.55
MHS00804;4;3.65;3.58
MHS00804;5;4.0;3.66
MHS00804;6;4.0;3.72
MHS00804;7;4.0;3.76
MHS00804;8;3.55;3.73
MHS00805;1;3.11;3.11
MHS00805;2;3.16;3.14
MHS00805;3;3.58;3.29
MHS00805;4;3.71;3.39
MHS00805;5;3.51;3.41
MHS00805;6;3.83;3.48
MHS00806;1;1.62;1.62
MHS00806;2;2.04;1.83
MHS00806;3;2.21;1.96
MHS00807;1;2.38;2.38
MHS00807;2;2.84;2.61
MHS00807;3;2.84;2.69
MHS00807;4;2.95;2.75
MHS00808;1;2.37;2.37
MHS00808;2;2.8;2.58
MHS00808;3;2.76;2.64
MHS00808;4;3.39;2.83
MHS00808;5;3.05;2.87
MHS00808;6;2.95;2.89
MHS00808;7;3.35;2.95
MHS00808;8;2.83;2.94
MHS00808;9;3.25;2.97
MHS00808;10;3.11;2.98
MHS00809;1;2.94;2.94
MHS00809;2;3.28;3.11
MHS00809;3;3.62;3.28
MHS00809;4;4.0;3.46
MHS00810;1;2.68;2.68
MHS00810;2;2.93;2.81
MHS00810;3;2.92;2.85
MHS00810;4;3.43;2.99
MHS00811;1;2.77;2.77
MHS00811;2;2.86;2.82
MHS00811;3;3.14;2.92
MHS00811;4;2.84;2.9
MHS00811;5;2.51;2.83
MHS00811;6;3.43;2.93
MHS00811;7;3.29;2.98
MHS00811;8;3.36;3.03
MHS00811;9;2.69;2.99
MHS00812;1;2.51;2.51
MHS00812;2;2.65;2.58
MHS00813;1;3.06;3.06
MHS00813;2;3.19;3.13
MHS00813;3;3.65;3.3
MHS00813;4;3.54;3.36
MHS00813;5;3.49;3.39
MHS00813;6;3.65;3.43
MHS00814;1;2.19;2.19
MHS00814;2;2.52;2.35
MHS00814;3;2.67;2.46
MHS00814;4;2.8;2.54
MHS00814;5;3.04;2.64
MHS00814;6;2.89;2.68
MHS00814;7;2.96;2.72
MHS00814;8;3.3;2.8
MHS00815;1;2.77;2.77
MHS00815;2;2.41;2.59
MHS00815;3;3.44;2.88
MHS00815;4;3.49;3.03
MHS00816;1;1.12;1.12
MHS00816;2;1.69;1.4
MHS00817;1;3.99;3.99
MHS00817;2;4.0;4.0
MHS00817;3;4.0;4.0
MHS00817;4;4.0;4.0
MHS00817;5;3.8;3.96
MHS00817;6;4.0;3.96
MHS00817;7;4.0;3.97
MHS00817;8;4.0;3.97
MHS00818;1;3.46;3.46
MHS00818;2;3.38;3.42
MHS00818;3;3.23;3.36
MHS00818;4;3.4;3.37
MHS00818;5;3.8;3.46
MHS00818;6;3.51;3.47
MHS00818;7;3.87;3.52
MHS00818;8;3.47;3.52
MHS00819;1;2.56;2.56
MHS00819;2;3.0;2.78
MHS00819;3;3.46;3.0
MHS00819;4;2.97;3.0
MHS00819;5;2.7;2.94
MHS00819;6;3.24;2.99
MHS00819;7;3.39;3.05
MHS00819;8;3.2;3.06
MHS00819;9;2.83;3.04
MHS00820;1;1.74;1.74
MHS00820;2;1.99;1.86
MHS00821;1;2.98;2.98
MHS00821;2;2.47;2.73
MHS00821;3;2.69;2.72
MHS00821;4;3.03;2.79
MHS00822;1;3.23;3.23
MHS00822;2;3.15;3.19
MHS00822;3;3.69;3.36
MHS00822;4;3.6;3.42
MHS00823;1;2.07;2.07
MHS00823;2;2.69;2.38
MHS00824;1;2.82;2.82
MHS00824;2;2.66;2.74
MHS00825;1;2.99;2.99
MHS00825;2;3.3;3.15
MHS00826;1;2.7;2.7
MHS00826;2;2.61;2.66
MHS00827;1;3.54;3.54
MHS00827;2;4.0;3.77
MHS00827;3;3.12;3.56
MHS00827;4;3.42;3.52
MHS00827;5;3.44;3.5
MHS00827;6;3.98;3.58
MHS00828;1;2.98;2.98
MHS00828;2;3.08;3.03
MHS00829;1;2.99;2.99
MHS00829;2;3.69;3.34
MHS00829;3;3.85;3.51
MHS00829;4;3.63;3.54
MHS00830;1;3.4;3.4
MHS00830;2;3.65;3.52
MHS00830;3;3.73;3.59
MHS00830;4;3.41;3.55
MHS00830;5;3.9;3.62
MHS00830;6;3.57;3.61
MHS00830;7;3.22;3.55
MHS00830;8;4.0;3.61
MHS00831;1;2.08;2.08
MHS00831;2;2.46;2.27
MHS00831;3;3.21;2.58
MHS00831;4;2.76;2.63
MHS00831;5;3.09;2.72
MHS00831;6;3.21;2.8
MHS00831;7;3.57;2.91
MHS00831;8;3.31;2.96
MHS00831;9;3.36;3.0
MHS00831;10;3.83;3.09
MHS00832;1;3.87;3.87
MHS00832;2;3.86;3.86
MHS00832;3;4.0;3.91
MHS00832;4;3.72;3.86
MHS00832;5;4.0;3.89
MHS00832;6;3.91;3.89
MHS00832;7;3.99;3.91
MHS00832;8;4.0;3.92
MHS00833;1;3.67;3.67
MHS00833;2;3.69;3.68
MHS00833;3;4.0;3.79
MHS00833;4;4.0;3.84
MHS00834;1;3.91;3.91
MHS00834;2;3.54;3.73
MHS00834;3;3.75;3.74
MHS00834;4;4.0;3.8
MHS00835;1;2.61;2.61
MHS00835;2;3.41;3.01
MHS00836;1;3.2;3.2
MHS00836;2;3.27;3.24
MHS00837;1;3.04;3.04
MHS00837;2;3.05;3.04
MHS00838;1;2.75;2.75
MHS00838;2;3.38;3.07
MHS00838;3;3.0;3.04
MHS00838;4;3.61;3.19
MHS00838;5;3.87;3.32
MHS00838;6;3.53;3.36
MHS00838;7;3.74;3.41
MHS00838;8;3.15;3.38
MHS00838;9;3.81;3.43
MHS00838;10;2.97;3.38
MHS00839;1;3.68;3.68
MHS00839;2;3.4;3.54
MHS00840;1;3.21;3.21
MHS00840;2;3.71;3.46
MHS00840;3;3.82;3.58
MHS00840;4;4.0;3.69
MHS00840;5;3.95;3.74
MHS00840;6;3.88;3.76
MHS00840;7;4.0;3.8
MHS00840;8;3.92;3.81
MHS00841;1;3.17;3.17
MHS00841;2;3.67;3.42
MHS00841;3;3.43;3.42
MHS00841;4;3.19;3.37
MHS00841;5;3.29;3.35
MHS00841;6;3.48;3.37
MHS00841;7;3.69;3.42
MHS00841;8;3.87;3.48
MHS00842;1;1.9;1.9
MHS00842;2;2.27;2.08
MHS00842;3;2.96;2.38
MHS00842;4;2.73;2.46
MHS00842;5;2.7;2.51
MHS00842;6;2.87;2.57
MHS00843;1;2.86;2.86
MHS00843;2;3.9;3.38
MHS00843;3;3.55;3.44
MHS00843;4;3.1;3.35
MHS00843;5;3.46;3.37
MHS00843;6;4.0;3.48
MHS00844;1;2.93;2.93
MHS00844;2;3.68;3.31
MHS00844;3;3.71;3.44
MHS00844;4;4.0;3.58
MHS00844;5;3.01;3.46
MHS00844;6;4.0;3.55
MHS00845;1;2.88;2.88
MHS00845;2;2.49;2.69
MHS00845;3;3.34;2.9
MHS00845;4;3.17;2.97
MHS00845;5;2.94;2.96
MHS00845;6;3.23;3.01
MHS00846;1;2.65;2.65
MHS00846;2;2.91;2.78
MHS00847;1;2.83;2.83
MHS00847;2;2.77;2.8
MHS00847;3;2.64;2.75
MHS00847;4;3.2;2.86
MHS00847;5;2.87;2.86
MHS00847;6;3.42;2.96
MHS00848;1;1.62;1.62
MHS00848;2;1.84;1.73
MHS00849;1;3.07;3.07
MHS00849;2;3.63;3.35
MHS00849;3;3.33;3.35
MHS00849;4;3.61;3.41
MHS00849;5;3.48;3.43
MHS00849;6;3.54;3.44
MHS00850;1;2.91;2.91
MHS00850;2;2.55;2.73
MHS00851;1;2.61;2.61
MHS00851;2;3.42;3.01
MHS00851;3;3.34;3.12
MHS00851;4;3.69;3.26
MHS00851;5;3.17;3.24
MHS00851;6;4.0;3.37
MHS00851;7;3.39;3.37
MHS00851;8;3.33;3.37
MHS00852;1;2.44;2.44
MHS00852;2;3.08;2.76
MHS00852;3;2.74;2.75
MHS00852;4;2.73;2.75
MHS00852;5;3.88;2.97
MHS00852;6;3.24;3.02
MHS00852;7;3.04;3.02
MHS00852;8;3.39;3.07
MHS00852;9;3.4;3.11
MHS00852;10;3.34;3.13
MHS00853;1;3.6;3.6
MHS00853;2;3.15;3.38
MHS00853;3;3.87;3.54
MHS00853;4;3.87;3.62
MHS00853;5;3.01;3.5
MHS00853;6;3.31;3.47
MHS00854;1;3.43;3.43
MHS00854;2;4.0;3.72
MHS00855;1;2.91;2.91
MHS00855;2;3.36;3.14
MHS00856;1;2.78;2.78
MHS00856;2;3.15;2.96
MHS00856;3;3.49;3.14
MHS00856;4;3.54;3.24
MHS00857;1;3.82;3.82
MHS00857;2;3.71;3.76
MHS00857;3;4.0;3.84
MHS00857;4;3.79;3.83
MHS00858;1;3.15;3.15
MHS00858;2;3.23;3.19
MHS00858;3;3.1;3.16
MHS00858;4;3.15;3.16
MHS00859;1;2.76;2.76
MHS00859;2;2.6;2.68
MHS00859;3;3.16;2.84
MHS00859;4;3.45;2.99
MHS00859;5;2.79;2.95
MHS00859;6;3.32;3.01
MHS00860;1;2.97;2.97
MHS00860;2;3.49;3.23
MHS00860;3;3.78;3.41
MHS00860;4;3.56;3.45
MHS00861;1;3.55;3.55
MHS00861;2;3.35;3.45
MHS00862;1;2.76;2.76
MHS00862;2;2.26;2.51
MHS00863;1;2.15;2.15
MHS00863;2;2.07;2.11
MHS00863;3;2.63;2.28
MHS00863;4;2.51;2.34
MHS00863;5;2.24;2.32
MHS00863;6;2.89;2.42
MHS00863;7;2.13;2.37
MHS00863;8;2.45;2.38
MHS00864;1;3.66;3.66
MHS00864;2;3.75;3.7
MHS00864;3;3.95;3.79
MHS00864;4;4.0;3.84
MHS00864;5;4.0;3.87
MHS00864;6;4.0;3.89
MHS00864;7;4.0;3.91
MHS00864;8;4.0;3.92
MHS00865;1;1.86;1.86
MHS00865;2;2.4;2.13
MHS00866;1;2.48;2.48
MHS00866;2;2.89;2.68
MHS00866;3;3.25;2.87
MHS00866;4;2.73;2.84
MHS00867;1;2.09;2.09
MHS00867;2;2.5;2.29
MHS00868;1;3.64;3.64
MHS00868;2;3.17;3.4
MHS00868;3;4.0;3.6
MHS00868;4;4.0;3.7
MHS00868;5;3.49;3.66
MHS00868;6;3.45;3.62
MHS00868;7;3.41;3.59
MHS00868;8;3.9;3.63
MHS00869;1;3.5;3.5
MHS00869;2;3.82;3.66
MHS00869;3;4.0;3.77
MHS00869;4;3.97;3.82
MHS00869;5;3.57;3.77
MHS00869;6;4.0;3.81
MHS00869;7;4.0;3.84
MHS00869;8;3.76;3.83
MHS00870;1;3.15;3.15
MHS00870;2;3.03;3.09
MHS00870;3;3.24;3.14
MHS00870;4;3.51;3.23
MHS00871;1;2.73;2.73
MHS00871;2;2.57;2.65
MHS00871;3;3.58;2.96
MHS00871;4;3.23;3.03
MHS00871;5;3.16;3.05
MHS00871;6;3.53;3.13
MHS00872;1;3.04;3.04
MHS00872;2;3.18;3.11
MHS00873;1;2.62;2.62
MHS00873;2;3.04;2.83
MHS00873;3;2.89;2.85
MHS00873;4;2.89;2.86
MHS00874;1;2.7;2.7
MHS00874;2;3.64;3.17
MHS00874;3;3.46;3.26
MHS00874;4;3.46;3.31
MHS00874;5;3.37;3.32
MHS00874;6;3.75;3.4
MHS00875;1;2.98;2.98
MHS00875;2;3.37;3.17
MHS00875;3;3.76;3.37
MHS00875;4;3.56;3.42
MHS00875;5;3.59;3.45
MHS00875;6;3.61;3.48
MHS00875;7;3.52;3.48
MHS00875;8;3.53;3.49
MHS00875;9;3.14;3.45
MHS00876;1;2.86;2.86
MHS00876;2;2.85;2.85
MHS00876;3;4.0;3.24
MHS00876;4;3.69;3.35
MHS00876;5;3.93;3.47
MHS00876;6;3.71;3.51
MHS00877;1;3.42;3.42
MHS00877;2;3.51;3.47
MHS00877;3;4.0;3.65
MHS00877;4;3.14;3.52
MHS00877;5;3.29;3.47
MHS00877;6;4.0;3.56
MHS00878;1;1.96;1.96
MHS00878;2;3.03;2.49
MHS00878;3;2.86;2.61
MHS00878;4;3.32;2.79
MHS00879;1;2.93;2.93
MHS00879;2;3.42;3.17
MHS00879;3;3.15;3.16
MHS00879;4;3.21;3.18
MHS00880;1;2.72;2.72
MHS00880;2;2.47;2.59
MHS00881;1;2.55;2.55
MHS00881;2;1.84;2.2
MHS00881;3;2.31;2.23
MHS00881;4;2.64;2.34
MHS00881;5;2.56;2.38
MHS00881;6;2.33;2.37
MHS00881;7;2.55;2.4
MHS00881;8;2.92;2.46
MHS00881;9;2.73;2.49
MHS00881;10;3.08;2.55
MHS00882;1;2.99;2.99
MHS00882;2;3.23;3.11
MHS00882;3;3.08;3.1
MHS00882;4;3.41;3.18
MHS00882;5;3.47;3.24
MHS00882;6;3.32;3.25
MHS00882;7;3.4;3.27
MHS00882;8;3.06;3.24
MHS00883;1;2.44;2.44
MHS00883;2;2.77;2.61
MHS00884;1;2.57;2.57
MHS00884;2;2.78;2.68
MHS00884;3;3.68;3.01
MHS00884;4;3.3;3.09
MHS00885;1;3.05;3.05
MHS00885;2;2.84;2.94
MHS00885;3;3.66;3.18
MHS00885;4;3.39;3.23
MHS00886;1;2.89;2.89
MHS00886;2;2.6;2.74
MHS00886;3;3.02;2.84
MHS00886;4;2.79;2.83
MHS00887;1;2.63;2.63
MHS00887;2;2.14;2.38
MHS00887;3;2.29;2.35
MHS00887;4;2.58;2.41
MHS00887;5;2.53;2.43
MHS00887;6;2.5;2.44
MHS00887;7;2.49;2.45
MHS00887;8;2.19;2.42
MHS00888;1;2.48;2.48
MHS00888;2;3.44;2.96
MHS00888;3;3.44;3.12
MHS00888;4;3.62;3.24
MHS00889;1;3.38;3.38
MHS00889;2;3.4;3.39
MHS00889;3;4.0;3.59
MHS00889;4;3.84;3.66
MHS00889;5;3.92;3.71
MHS00889;6;3.91;3.74
MHS00890;1;2.67;2.67
MHS00890;2;2.7;2.69
MHS00890;3;2.72;2.7
MHS00890;4;3.18;2.82
MHS00890;5;2.98;2.85
MHS00890;6;3.18;2.91
MHS00890;7;3.14;2.94
MHS00890;8;3.44;3.0
MHS00890;9;3.55;3.06
MHS00890;10;3.51;3.11
MHS00891;1;2.61;2.61
MHS00891;2;3.02;2.82
MHS00891;3;3.5;3.04
MHS00891;4;3.48;3.15
MHS00892;1;2.44;2.44
MHS00892;2;2.95;2.69
MHS00892;3;3.47;2.95
MHS00892;4;3.34;3.05
MHS00892;5;3.23;3.08
MHS00892;6;3.45;3.15
MHS00892;7;3.9;3.25
MHS00892;8;3.61;3.3
MHS00893;1;2.41;2.41
MHS00893;2;3.1;2.76
MHS00893;3;3.34;2.95
MHS00893;4;2.99;2.96
MHS00893;5;2.76;2.92
MHS00893;6;2.63;2.87
MHS00893;7;3.37;2.94
MHS00893;8;3.49;3.01
MHS00893;9;3.28;3.04
MHS00894;1;1.83;1.83
MHS00894;2;2.32;2.07
MHS00895;1;2.75;2.75
MHS00895;2;3.03;2.89
MHS00895;3;3.4;3.06
MHS00895;4;3.63;3.2
MHS00895;5;3.11;3.18
MHS00895;6;2.77;3.11
MHS00896;1;3.02;3.02
MHS00896;2;3.0;3.01
MHS00896;3;3.29;3.1
MHS00896;4;3.09;3.1
MHS00896;5;3.26;3.13
MHS00896;6;2.6;3.04
MHS00896;7;2.87;3.02
MHS00896;8;2.94;3.01
MHS00897;1;2.62;2.62
MHS00897;2;3.05;2.83
MHS00898;1;2.67;2.67
MHS00898;2;3.0;2.83
MHS00898;3;3.28;2.98
MHS00898;4;2.93;2.97
MHS00899;1;1.89;1.89
MHS00899;2;2.77;2.33
MHS00899;3;2.63;2.43
MHS00899;4;2.53;2.45
MHS00899;5;2.9;2.54
MHS00899;6;2.9;2.6
MHS00899;7;2.9;2.65
MHS00899;8;2.53;2.63
MHS00900;1;3.03;3.03
MHS00900;2;3.24;3.14
MHS00900;3;3.38;3.22
MHS00900;4;3.75;3.35
MHS00901;1;2.61;2.61
MHS00901;2;2.64;2.62
MHS00901;3;3.05;2.77
MHS00901;4;3.41;2.93
MHS00902;1;2.25;2.25
MHS00902;2;2.44;2.35
MHS00903;1;3.23;3.23
MHS00903;2;3.02;3.13
MHS00903;3;3.01;3.09
MHS00903;4;3.57;3.21
MHS00904;1;2.47;2.47
MHS00904;2;3.01;2.74
MHS00904;3;3.48;2.99
MHS00904;4;3.11;3.02
MHS00905;1;3.12;3.12
MHS00905;2;2.92;3.02
MHS00905;3;3.23;3.09
MHS00905;4;3.37;3.16
MHS00906;1;2.27;2.27
MHS00906;2;2.76;2.52
MHS00906;3;2.99;2.67
MHS00906;4;3.46;2.87
MHS00907;1;1.94;1.94
MHS00907;2;2.85;2.39
MHS00907;3;2.82;2.54
MHS00907;4;2.82;2.61
MHS00907;5;2.88;2.66
MHS00907;6;2.64;2.66
MHS00907;7;3.0;2.7
MHS00907;8;3.31;2.78
MHS00907;9;3.12;2.82
MHS00908;1;2.11;2.11
MHS00908;2;2.36;2.23
MHS00909;1;4.0;4.0
MHS00909;2;4.0;4.0
MHS00909;3;4.0;4.0
MHS00909;4;4.0;4.0
MHS00909;5;3.63;3.93
MHS00909;6;4.0;3.94
MHS00910;1;3.98;3.98
MHS00910;2;4.0;3.99
MHS00910;3;4.0;3.99
MHS00910;4;4.0;4.0
MHS00910;5;4.0;4.0
MHS00910;6;4.0;4.0
MHS00911;1;2.97;2.97
MHS00911;2;2.87;2.92
MHS00911;3;3.51;3.12
MHS00911;4;2.69;3.01
MHS00911;5;2.85;2.98
MHS00911;6;3.56;3.08
MHS00911;7;2.96;3.06
MHS00911;8;2.78;3.02
MHS00912;1;3.05;3.05
MHS00912;2;3.65;3.35
MHS00913;1;2.31;2.31
MHS00913;2;2.75;2.53
MHS00913;3;2.77;2.61
MHS00913;4;3.31;2.79
MHS00914;1;3.65;3.65
MHS00914;2;3.79;3.72
MHS00914;3;3.95;3.79
MHS00914;4;3.88;3.82
MHS00914;5;3.77;3.81
MHS00914;6;3.41;3.74
MHS00914;7;3.46;3.7
MHS00914;8;4.0;3.74
MHS00915;1;3.55;3.55
MHS00915;2;3.83;3.69
MHS00915;3;4.0;3.8
MHS00915;4;4.0;3.85
MHS00915;5;3.88;3.85
MHS00915;6;3.61;3.81
MHS00915;7;4.0;3.84
MHS00915;8;4.0;3.86
MHS00916;1;4.0;4.0
MHS00916;2;3.52;3.76
MHS00917;1;3.46;3.46
MHS00917;2;3.82;3.64
MHS00918;1;3.32;3.32
MHS00918;2;3.3;3.31
MHS00918;3;3.3;3.3
MHS00918;4;4.0;3.48
MHS00918;5;3.42;3.47
MHS00918;6;3.88;3.54
MHS00918;7;3.55;3.54
MHS00918;8;3.07;3.48
MHS00919;1;2.68;2.68
MHS00919;2;2.82;2.75
MHS00920;1;2.83;2.83
MHS00920;2;2.84;2.84
MHS00920;3;3.03;2.9
MHS00920;4;2.54;2.81
MHS00921;1;3.37;3.37
MHS00921;2;3.27;3.32
MHS00921;3;3.67;3.44
MHS00921;4;3.52;3.46
MHS00921;5;3.25;3.41
MHS00921;6;3.96;3.5
MHS00921;7;3.79;3.55
MHS00921;8;3.93;3.59
MHS00922;1;3.23;3.23
MHS00922;2;3.5;3.36
MHS00922;3;3.71;3.48
MHS00922;4;3.91;3.59
MHS00922;5;3.7;3.61
MHS00922;6;3.71;3.63
MHS00923;1;2.98;2.98
MHS00923;2;2.94;2.96
MHS00923;3;3.15;3.02
MHS00923;4;3.1;3.04
MHS00923;5;3.37;3.11
MHS00923;6;3.07;3.1
MHS00924;1;2.31;2.31
MHS00924;2;2.69;2.5
MHS00924;3;2.61;2.54
MHS00924;4;3.03;2.66
MHS00924;5;3.45;2.82
MHS00924;6;2.9;2.83
MHS00925;1;3.47;3.47
MHS00925;2;3.48;3.48
MHS00925;3;3.44;3.46
MHS00925;4;3.5;3.47
MHS00926;1;2.83;2.83
MHS00926;2;2.85;2.84
MHS00927;1;2.18;2.18
MHS00927;2;2.45;2.31
MHS00927;3;2.45;2.36
MHS00927;4;2.68;2.44
MHS00927;5;2.49;2.45
MHS00928;1;3.21;3.21
MHS00928;2;3.37;3.29
MHS00928;3;3.86;3.48
MHS00928;4;3.8;3.56
MHS00928;5;4.0;3.65
MHS00928;6;4.0;3.71
MHS00929;1;2.17;2.17
MHS00929;2;2.34;2.25
MHS00930;1;2.52;2.52
MHS00930;2;2.48;2.5
MHS00931;1;3.14;3.14
MHS00931;2;3.51;3.32
MHS00932;1;2.68;2.68
MHS00932;2;3.49;3.08
MHS00932;3;3.12;3.09
MHS00932;4;3.21;3.12
MHS00932;5;2.94;3.09
MHS00932;6;3.28;3.12
MHS00933;1;3.09;3.09
MHS00933;2;2.49;2.79
MHS00933;3;2.81;2.8
MHS00933;4;2.82;2.8
MHS00934;1;4.0;4.0
MHS00934;2;3.81;3.9
MHS00934;3;4.0;3.94
MHS00934;4;3.74;3.89
MHS00935;1;4.0;4.0
MHS00935;2;4.0;4.0
MHS00935;3;4.0;4.0
MHS00935;4;4.0;4.0
MHS00936;1;2.41;2.41
MHS00936;2;2.9;2.65
MHS00937;1;2.62;2.62
MHS00937;2;3.29;2.96
MHS00937;3;3.07;3.0
MHS00937;4;3.59;3.14
MHS00937;5;3.48;3.21
MHS00937;6;3.52;3.26
MHS00937;7;3.83;3.34
MHS00937;8;3.17;3.32
MHS00938;1;3.67;3.67
MHS00938;2;4.0;3.84
MHS00938;3;4.0;3.89
MHS00938;4;4.0;3.92
MHS00938;5;4.0;3.93
MHS00938;6;4.0;3.95
MHS00938;7;4.0;3.95
MHS00938;8;4.0;3.96
MHS00939;1;2.14;2.14
MHS00939;2;2.2;2.17
MHS00940;1;2.41;2.41
MHS00940;2;2.4;2.41
MHS00940;3;2.76;2.52
MHS00940;4;2.88;2.61
MHS00940;5;2.58;2.61
MHS00940;6;2.66;2.62
MHS00940;7;3.1;2.69
MHS00940;8;3.18;2.75
MHS00941;1;2.86;2.86
MHS00941;2;3.51;3.18
MHS00941;3;2.82;3.06
MHS00941;4;3.63;3.2
MHS00941;5;3.52;3.26
MHS00941;6;3.8;3.35
MHS00942;1;2.87;2.87
MHS00942;2;3.17;3.02
MHS00942;3;3.64;3.23
MHS00942;4;4.0;3.42
MHS00942;5;3.74;3.48
MHS00942;6;4.0;3.57
MHS00943;1;3.27;3.27
MHS00943;2;3.77;3.52
MHS00943;3;3.63;3.56
MHS00943;4;3.32;3.5
MHS00943;5;3.67;3.53
MHS00943;6;3.63;3.55
MHS00943;7;3.81;3.59
MHS00943;8;3.34;3.56
MHS00943;9;3.7;3.57
MHS00944;1;3.06;3.06
MHS00944;2;2.88;2.97
MHS00945;1;2.74;2.74
MHS00945;2;3.31;3.02
MHS00945;3;3.71;3.25
MHS00945;4;3.64;3.35
MHS00945;5;3.3;3.34
MHS00945;6;3.66;3.39
MHS00946;1;3.37;3.37
MHS00946;2;3.36;3.36
MHS00946;3;3.64;3.46
MHS00946;4;3.6;3.49
MHS00946;5;3.46;3.49
MHS00946;6;4.0;3.57
MHS00946;7;3.9;3.62
MHS00946;8;3.57;3.61
MHS00947;1;3.7;3.7
MHS00947;2;4.0;3.85
MHS00947;3;3.81;3.84
MHS00947;4;3.58;3.77
MHS00947;5;4.0;3.82
MHS00947;6;4.0;3.85
MHS00948;1;2.63;2.63
MHS00948;2;2.59;2.61
MHS00949;1;2.67;2.67
MHS00949;2;2.95;2.81
MHS00950;1;3.35;3.35
MHS00950;2;3.59;3.47
MHS00950;3;3.42;3.45
MHS00950;4;3.34;3.42
MHS00950;5;3.82;3.5
MHS00950;6;3.92;3.57
MHS00950;7;3.46;3.55
MHS00950;8;3.93;3.6
MHS00951;1;2.92;2.92
MHS00951;2;3.24;3.08
MHS00951;3;3.62;3.26
MHS00951;4;3.03;3.21
MHS00952;1;2.42;2.42
MHS00952;2;3.01;2.71
MHS00952;3;2.6;2.68
MHS00952;4;2.11;2.53
MHS00953;1;2.83;2.83
MHS00953;2;3.35;3.09
MHS00953;3;3.21;3.13
MHS00953;4;2.95;3.08
MHS00954;1;2.9;2.9
MHS00954;2;2.62;2.76
MHS00954;3;3.59;3.04
MHS00954;4;3.32;3.11
MHS00954;5;3.6;3.21
MHS00954;6;3.41;3.24
MHS00954;7;3.6;3.29
MHS00954;8;3.47;3.31
MHS00955;1;3.01;3.01
MHS00955;2;3.7;3.36
MHS00955;3;2.91;3.21
MHS00955;4;3.62;3.31
MHS00955;5;3.33;3.31
MHS00955;6;3.26;3.31
MHS00956;1;4.0;4.0
MHS00956;2;4.0;4.0
MHS00956;3;4.0;4.0
MHS00956;4;4.0;4.0
MHS00956;5;4.0;4.0
MHS00956;6;4.0;4.0
MHS00957;1;3.54;3.54
MHS00957;2;4.0;3.77
MHS00957;3;3.96;3.83
MHS00957;4;3.56;3.77
MHS00958;1;3.52;3.52
MHS00958;2;3.92;3.72
MHS00958;3;3.82;3.75
MHS00958;4;4.0;3.81
MHS00958;5;3.45;3.74
MHS00958;6;3.93;3.77
MHS00958;7;4.0;3.81
MHS00958;8;3.96;3.82
MHS00959;1;2.89;2.89
MHS00959;2;2.76;2.83
MHS00959;3;2.94;2.87
MHS00959;4;2.95;2.89
MHS00959;5;3.39;2.99
MHS00959;6;2.82;2.96
MHS00960;1;2.04;2.04
MHS00960;2;2.73;2.38
MHS00961;1;2.86;2.86
MHS00961;2;2.83;2.84
MHS00961;3;3.27;2.99
MHS00961;4;3.38;3.09
MHS00961;5;3.73;3.21
MHS00961;6;3.58;3.27
MHS00962;1;2.47;2.47
MHS00962;2;3.17;2.82
MHS00962;3;3.17;2.94
MHS00962;4;3.02;2.96
MHS00962;5;3.48;3.06
MHS00962;6;3.23;3.09
MHS00962;7;3.63;3.17
MHS00962;8;3.49;3.21
MHS00963;1;3.01;3.01
MHS00963;2;3.33;3.17
MHS00963;3;3.67;3.34
MHS00963;4;3.96;3.49
MHS00964;1;3.96;3.96
MHS00964;2;3.76;3.86
MHS00964;3;4.0;3.91
MHS00964;4;4.0;3.93
MHS00964;5;4.0;3.94
MHS00964;6;4.0;3.95
MHS00965;1;2.85;2.85
MHS00965;2;3.25;3.05
MHS00965;3;3.25;3.12
MHS00965;4;3.97;3.33
MHS00966;1;3.42;3.42
MHS00966;2;4.0;3.71
MHS00966;3;4.0;3.81
MHS00966;4;3.96;3.85
MHS00967;1;3.45;3.45
MHS00967;2;3.96;3.7
MHS00968;1;2.76;2.76
MHS00968;2;3.04;2.9
MHS00968;3;3.42;3.07
MHS00968;4;3.5;3.18
MHS00968;5;3.83;3.31
MHS00968;6;3.25;3.3
MHS00968;7;3.64;3.35
MHS00968;8;3.82;3.41
MHS00969;1;2.67;2.67
MHS00969;2;2.4;2.53
MHS00969;3;3.39;2.82
MHS00969;4;3.36;2.95
MHS00969;5;3.33;3.03
MHS00969;6;3.79;3.15
MHS00969;7;3.7;3.23
MHS00969;8;3.11;3.22
MHS00970;1;3.29;3.29
MHS00970;2;3.62;3.46
MHS00970;3;4.0;3.64
MHS00970;4;3.69;3.65
MHS00970;5;3.27;3.58
MHS00970;6;3.81;3.61
MHS00970;7;3.61;3.61
MHS00970;8;3.55;3.61
MHS00971;1;3.4;3.4
MHS00971;2;3.95;3.68
MHS00971;3;3.77;3.71
MHS00971;4;3.84;3.74
MHS00971;5;4.0;3.79
MHS00971;6;3.92;3.81
MHS00972;1;2.59;2.59
MHS00972;2;3.08;2.83
MHS00973;1;3.23;3.23
MHS00973;2;3.0;3.12
MHS00973;3;3.53;3.25
MHS00973;4;3.73;3.37
MHS00974;1;3.15;3.15
MHS00974;2;3.29;3.22
MHS00974;3;2.89;3.11
MHS00974;4;3.43;3.19
MHS00974;5;3.3;3.21
MHS00974;6;3.07;3.19
MHS00975;1;3.95;3.95
MHS00975;2;4.0;3.98
MHS00976;1;2.39;2.39
MHS00976;2;3.25;2.82
MHS00976;3;2.36;2.67
MHS00976;4;2.93;2.73
MHS00977;1;2.29;2.29
MHS00977;2;2.81;2.55
MHS00977;3;2.85;2.65
MHS00977;4;2.58;2.63
MHS00977;5;3.56;2.82
MHS00977;6;2.93;2.84
MHS00977;7;3.22;2.89
MHS00977;8;3.55;2.97
MHS00978;1;3.09;3.09
MHS00978;2;3.18;3.13
MHS00978;3;2.94;3.07
MHS00978;4;3.91;3.28
MHS00978;5;3.95;3.41
MHS00978;6;3.44;3.42
MHS00979;1;2.91;2.91
MHS00979;2;3.63;3.27
MHS00979;3;3.26;3.27
MHS00979;4;3.51;3.33
MHS00979;5;3.41;3.35
MHS00979;6;3.7;3.4
MHS00979;7;3.47;3.41
MHS00979;8;3.71;3.45
MHS00980;1;2.8;2.8
MHS00980;2;3.25;3.03
MHS00980;3;3.95;3.33
MHS00980;4;3.68;3.42
MHS00981;1;3.61;3.61
MHS00981;2;4.0;3.81
MHS00982;1;2.87;2.87
MHS00982;2;2.89;2.88
MHS00982;3;3.4;3.05
MHS00982;4;2.99;3.04
MHS00983;1;3.65;3.65
MHS00983;2;3.38;3.52
MHS00983;3;3.57;3.54
MHS00983;4;3.86;3.62
MHS00983;5;3.78;3.65
MHS00983;6;3.71;3.66
MHS00984;1;3.59;3.59
MHS00984;2;3.5;3.54
MHS00984;3;4.0;3.7
MHS00984;4;3.49;3.64
MHS00984;5;4.0;3.72
MHS00984;6;4.0;3.76
MHS00984;7;3.53;3.73
MHS00984;8;4.0;3.76
MHS00985;1;2.07;2.07
MHS00985;2;2.85;2.46
MHS00985;3;2.84;2.58
MHS00985;4;2.27;2.51
MHS00985;5;3.13;2.63
MHS00985;6;2.67;2.64
MHS00986;1;3.9;3.9
MHS00986;2;3.98;3.94
MHS00987;1;2.75;2.75
MHS00987;2;3.41;3.08
MHS00988;1;2.65;2.65
MHS00988;2;3.64;3.14
MHS00988;3;3.57;3.29
MHS00988;4;2.89;3.19
MHS00989;1;3.24;3.24
MHS00989;2;3.39;3.31
MHS00989;3;3.86;3.5
MHS00989;4;3.72;3.55
MHS00990;1;3.56;3.56
MHS00990;2;3.27;3.41
MHS00990;3;3.75;3.52
MHS00990;4;3.5;3.52
MHS00991;1;2.93;2.93
MHS00991;2;3.24;3.09
MHS00991;3;3.3;3.16
MHS00991;4;3.11;3.14
MHS00992;1;2.45;2.45
MHS00992;2;3.46;2.95
MHS00992;3;3.73;3.21
MHS00992;4;3.5;3.28
MHS00992;5;3.62;3.35
MHS00992;6;3.97;3.45
MHS00993;1;2.7;2.7
MHS00993;2;2.72;2.71
MHS00993;3;3.58;3.0
MHS00993;4;3.08;3.02
MHS00993;5;3.57;3.13
MHS00993;6;4.0;3.27
MHS00993;7;3.85;3.36
MHS00993;8;3.25;3.34
MHS00994;1;3.87;3.87
MHS00994;2;3.45;3.66
MHS00994;3;3.92;3.74
MHS00994;4;3.89;3.78
MHS00994;5;4.0;3.82
MHS00994;6;4.0;3.85
MHS00994;7;3.66;3.83
MHS00994;8;3.79;3.82
MHS00995;1;3.54;3.54
MHS00995;2;3.02;3.28
MHS00995;3;3.94;3.5
MHS00995;4;3.12;3.4
MHS00995;5;3.84;3.49
MHS00995;6;3.29;3.46
MHS00995;7;3.71;3.49
MHS00995;8;3.63;3.51
MHS00996;1;2.55;2.55
MHS00996;2;3.12;2.83
MHS00996;3;3.46;3.04
MHS00996;4;3.7;3.21
MHS00996;5;3.3;3.23
MHS00996;6;3.52;3.28
MHS00997;1;2.51;2.51
MHS00997;2;2.75;2.63
MHS00997;3;3.22;2.82
MHS00997;4;3.3;2.94
MHS00998;1;2.72;2.72
MHS00998;2;2.8;2.76
MHS00998;3;3.43;2.98
MHS00998;4;3.08;3.0
MHS00998;5;3.56;3.12
MHS00998;6;3.74;3.22
MHS00999;1;4.0;4.0
MHS00999;2;4.0;4.0
MHS00999;3;4.0;4.0
MHS00999;4;4.0;4.0
MHS00999;5;4.0;4.0
MHS00999;6;4.0;4.0
MHS00999;7;4.0;4.0
MHS00999;8;4.0;4.0
MHS01000;1;3.32;3.32
MHS01000;2;3.6;3.46
MHS01000;3;3.31;3.41
MHS01000;4;3.17;3.35
MHS01001;1;2.25;2.25
MHS01001;2;2.52;2.39
MHS01001;3;3.18;2.65
MHS01001;4;3.13;2.77
MHS01001;5;2.9;2.8
MHS01001;6;3.69;2.95
MHS01001;7;3.07;2.96
MHS01001;8;3.01;2.97
MHS01001;9;3.26;3.0
MHS01001;10;3.06;3.01
MHS01002;1;3.57;3.57
MHS01002;2;3.37;3.47
MHS01002;3;3.94;3.63
MHS01002;4;3.53;3.6
MHS01002;5;3.6;3.6
MHS01002;6;3.66;3.61
MHS01002;7;3.71;3.63
MHS01002;8;3.91;3.66
MHS01003;1;2.5;2.5
MHS01003;2;2.44;2.47
MHS01003;3;3.1;2.68
MHS01003;4;2.97;2.75
MHS01003;5;2.75;2.75
MHS01003;6;2.55;2.72
MHS01003;7;2.33;2.66
MHS01003;8;2.76;2.67
MHS01004;1;4.0;4.0
MHS01004;2;3.9;3.95
MHS01004;3;4.0;3.97
MHS01004;4;4.0;3.98
MHS01004;5;4.0;3.98
MHS01004;6;3.74;3.94
MHS01004;7;4.0;3.95
MHS01004;8;4.0;3.95
MHS01005;1;2.59;2.59
MHS01005;2;2.44;2.52
MHS01005;3;3.04;2.69
MHS01005;4;2.97;2.76
MHS01005;5;2.93;2.8
MHS01005;6;3.14;2.85
MHS01006;1;3.51;3.51
MHS01006;2;3.98;3.74
MHS01007;1;3.4;3.4
MHS01007;2;3.26;3.33
MHS01007;3;4.0;3.55
MHS01007;4;4.0;3.66
MHS01008;1;2.76;2.76
MHS01008;2;2.88;2.82
MHS01009;1;1.67;1.67
MHS01009;2;2.61;2.14
MHS01009;3;3.22;2.5
MHS01009;4;2.38;2.47
MHS01010;1;3.02;3.02
MHS01010;2;2.96;2.99
MHS01010;3;3.29;3.09
MHS01010;4;3.55;3.21
MHS01010;5;3.58;3.28
MHS01010;6;3.01;3.24
MHS01010;7;3.17;3.23
MHS01010;8;3.16;3.22
MHS01011;1;3.77;3.77
MHS01011;2;3.28;3.52
MHS01011;3;4.0;3.68
MHS01011;4;3.18;3.55
MHS01011;5;4.0;3.64
MHS01011;6;3.47;3.61
MHS01011;7;4.0;3.67
MHS01011;8;4.0;3.71
MHS01012;1;3.0;3.0
MHS01012;2;2.37;2.68
MHS01012;3;3.35;2.9
MHS01012;4;3.32;3.01
MHS01013;1;4.0;4.0
MHS01013;2;4.0;4.0
MHS01014;1;2.92;2.92
MHS01014;2;3.1;3.01
MHS01015;1;2.9;2.9
MHS01015;2;2.82;2.86
MHS01016;1;3.53;3.53
MHS01016;2;3.41;3.47
MHS01016;3;4.0;3.65
MHS01016;4;3.72;3.67
MHS01017;1;2.9;2.9
MHS01017;2;3.02;2.96
MHS01018;1;2.98;2.98
MHS01018;2;2.81;2.89
MHS01018;3;3.16;2.98
MHS01018;4;2.94;2.97
MHS01019;1;2.29;2.29
MHS01019;2;2.42;2.36
MHS01019;3;3.14;2.62
MHS01019;4;2.7;2.64
MHS01019;5;2.46;2.6
MHS01019;6;2.87;2.65
MHS01019;7;3.13;2.71
MHS01019;8;2.96;2.75
MHS01019;9;2.8;2.75
MHS01020;1;2.9;2.9
MHS01020;2;3.48;3.19
MHS01020;3;4.0;3.46
MHS01020;4;4.0;3.59
MHS01021;1;3.39;3.39
MHS01021;2;3.61;3.5
MHS01021;3;4.0;3.67
MHS01021;4;3.76;3.69
MHS01021;5;4.0;3.75
MHS01021;6;3.97;3.79
MHS01021;7;4.0;3.82
MHS01021;8;4.0;3.84
MHS01021;9;3.82;3.84
MHS01022;1;2.87;2.87
MHS01022;2;3.69;3.28
MHS01022;3;3.6;3.39
MHS01022;4;3.64;3.45
MHS01022;5;3.02;3.36
MHS01022;6;4.0;3.47
MHS01022;7;3.78;3.51
MHS01022;8;3.91;3.56
MHS01023;1;2.88;2.88
MHS01023;2;3.22;3.05
MHS01024;1;3.88;3.88
MHS01024;2;3.92;3.9
MHS01025;1;3.57;3.57
MHS01025;2;3.75;3.66
MHS01025;3;3.76;3.69
MHS01025;4;3.4;3.62
MHS01025;5;3.74;3.64
MHS01025;6;3.63;3.64
MHS01026;1;2.33;2.33
MHS01026;2;2.62;2.48
MHS01026;3;2.48;2.48
MHS01026;4;2.72;2.54
MHS01027;1;3.22;3.22
MHS01027;2;3.13;3.17
MHS01027;3;3.09;3.14
MHS01027;4;2.88;3.08
MHS01028;1;1.92;1.92
MHS01028;2;2.53;2.22
MHS01029;1;3.79;3.79
MHS01029;2;4.0;3.89
MHS01029;3;4.0;3.93
MHS01029;4;4.0;3.95
MHS01030;1;2.13;2.13
MHS01030;2;2.14;2.13
MHS01030;3;2.91;2.39
MHS01030;4;2.35;2.38
MHS01031;1;3.33;3.33
MHS01031;2;3.79;3.56
MHS01031;3;3.92;3.68
MHS01031;4;4.0;3.76
MHS01031;5;3.67;3.74
MHS01031;6;3.78;3.75
MHS01032;1;2.42;2.42
MHS01032;2;3.02;2.72
MHS01032;3;3.71;3.05
MHS01032;4;3.44;3.15
MHS01033;1;2.87;2.87
MHS01033;2;2.68;2.78
MHS01033;3;3.22;2.93
MHS01033;4;3.05;2.96
MHS01033;5;3.56;3.08
MHS01033;6;2.73;3.02
MHS01033;7;3.64;3.11
MHS01033;8;3.44;3.15
MHS01034;1;3.66;3.66
MHS01034;2;4.0;3.83
MHS01035;1;3.18;3.18
MHS01035;2;3.03;3.1
MHS01036;1;2.68;2.68
MHS01036;2;3.41;3.04
MHS01036;3;3.21;3.1
MHS01036;4;3.39;3.17
MHS01037;1;2.33;2.33
MHS01037;2;2.82;2.57
MHS01037;3;2.86;2.67
MHS01037;4;3.63;2.91
MHS01038;1;2.93;2.93
MHS01038;2;2.49;2.71
MHS01038;3;3.01;2.81
MHS01038;4;3.41;2.96
MHS01038;5;3.45;3.06
MHS01038;6;3.14;3.07
MHS01038;7;3.56;3.14
MHS01038;8;2.7;3.09
MHS01038;9;3.54;3.14
MHS01038;10;3.52;3.17
MHS01038;11;2.84;3.14
MHS01039;1;1.58;1.58
MHS01039;2;2.45;2.02
MHS01039;3;2.14;2.06
MHS01039;4;2.39;2.14
MHS01039;5;2.78;2.27
MHS01039;6;1.99;2.22
MHS01039;7;2.35;2.24
MHS01039;8;2.6;2.28
MHS01040;1;3.46;3.46
MHS01040;2;3.4;3.43
MHS01041;1;2.36;2.36
MHS01041;2;3.01;2.69
MHS01042;1;2.93;2.93
MHS01042;2;3.09;3.01
MHS01042;3;2.83;2.95
MHS01042;4;3.46;3.08
MHS01042;5;3.31;3.13
MHS01042;6;4.0;3.27
MHS01042;7;3.73;3.34
MHS01042;8;3.56;3.36
MHS01042;9;3.8;3.41
MHS01043;1;2.99;2.99
MHS01043;2;3.4;3.2
MHS01043;3;2.84;3.08
MHS01043;4;3.35;3.15
MHS01043;5;3.16;3.15
MHS01043;6;3.63;3.23
MHS01043;7;3.63;3.29
MHS01043;8;3.75;3.34
MHS01044;1;2.73;2.73
MHS01044;2;2.89;2.81
MHS01045;1;3.28;3.28
MHS01045;2;3.68;3.48
MHS01046;1;2.95;2.95
MHS01046;2;3.34;3.14
MHS01046;3;3.88;3.39
MHS01046;4;3.8;3.49
MHS01046;5;3.73;3.54
MHS01046;6;3.84;3.59
MHS01046;7;3.92;3.64
MHS01046;8;3.34;3.6
MHS01047;1;2.59;2.59
MHS01047;2;2.8;2.7
MHS01048;1;2.96;2.96
MHS01048;2;2.76;2.86
MHS01049;1;3.55;3.55
MHS01049;2;3.39;3.47
MHS01049;3;2.95;3.29
MHS01049;4;3.37;3.31
MHS01050;1;2.84;2.84
MHS01050;2;3.1;2.97
MHS01050;3;4.0;3.31
MHS01050;4;3.61;3.39
MHS01051;1;3.33;3.33
MHS01051;2;3.34;3.34
MHS01051;3;3.09;3.25
MHS01051;4;3.47;3.31
MHS01051;5;3.44;3.34
MHS01051;6;3.29;3.33
MHS01052;1;1.62;1.62
MHS01052;2;2.12;1.87
MHS01053;1;3.15;3.15
MHS01053;2;3.31;3.23
MHS01054;1;3.9;3.9
MHS01054;2;3.88;3.89
MHS01054;3;4.0;3.93
MHS01054;4;4.0;3.94
MHS01054;5;4.0;3.96
MHS01054;6;4.0;3.96
MHS01055;1;3.26;3.26
MHS01055;2;3.22;3.24
MHS01055;3;3.64;3.37
MHS01055;4;3.68;3.45
MHS01056;1;3.43;3.43
MHS01056;2;3.18;3.3
MHS01057;1;3.73;3.73
MHS01057;2;3.91;3.82
MHS01057;3;3.86;3.83
MHS01057;4;3.47;3.74
MHS01057;5;3.85;3.76
MHS01057;6;3.55;3.73
MHS01057;7;3.58;3.71
MHS01057;8;3.99;3.74
MHS01058;1;2.7;2.7
MHS01058;2;2.74;2.72
MHS01058;3;2.71;2.72
MHS01058;4;3.07;2.8
MHS01058;5;2.65;2.77
MHS01058;6;2.67;2.76
MHS01058;7;2.75;2.75
MHS01058;8;2.67;2.74
MHS01059;1;3.39;3.39
MHS01059;2;4.0;3.7
MHS01059;3;3.63;3.68
MHS01059;4;3.69;3.68
MHS01059;5;4.0;3.74
MHS01059;6;3.7;3.74
MHS01059;7;3.94;3.76
MHS01059;8;3.55;3.74
MHS01060;1;2.92;2.92
MHS01060;2;3.04;2.98
MHS01060;3;3.51;3.15
MHS01060;4;3.48;3.24
MHS01060;5;3.37;3.26
MHS01060;6;3.36;3.28
MHS01060;7;3.41;3.3
MHS01060;8;3.29;3.3
MHS01061;1;3.05;3.05
MHS01061;2;3.64;3.35
MHS01061;3;4.0;3.56
MHS01061;4;4.0;3.67
MHS01062;1;3.08;3.08
MHS01062;2;3.16;3.12
MHS01062;3;2.64;2.96
MHS01062;4;3.38;3.06
MHS01062;5;3.19;3.09
MHS01062;6;3.96;3.23
MHS01062;7;3.31;3.25
MHS01062;8;3.54;3.28
MHS01063;1;3.36;3.36
MHS01063;2;3.89;3.62
MHS01063;3;3.87;3.71
MHS01063;4;4.0;3.78
MHS01063;5;4.0;3.82
MHS01063;6;4.0;3.85
MHS01063;7;3.7;3.83
MHS01063;8;4.0;3.85
MHS01063;9;3.82;3.85
MHS01064;1;3.11;3.11
MHS01064;2;3.89;3.5
MHS01064;3;3.7;3.56
MHS01064;4;3.5;3.55
MHS01064;5;3.39;3.52
MHS01064;6;3.49;3.51
MHS01065;1;2.85;2.85
MHS01065;2;3.31;3.08
MHS01065;3;3.0;3.06
MHS01065;4;2.67;2.96
MHS01066;1;2.51;2.51
MHS01066;2;3.13;2.82
MHS01067;1;3.26;3.26
MHS01067;2;3.12;3.19
MHS01067;3;4.0;3.46
MHS01067;4;3.8;3.54
MHS01067;5;3.98;3.63
MHS01067;6;4.0;3.69
MHS01067;7;4.0;3.74
MHS01067;8;3.8;3.75
MHS01068;1;3.36;3.36
MHS01068;2;3.26;3.31
MHS01068;3;3.57;3.4
MHS01068;4;3.62;3.45
MHS01069;1;2.21;2.21
MHS01069;2;2.39;2.3
MHS01069;3;2.89;2.5
MHS01069;4;2.94;2.61
MHS01070;1;2.86;2.86
MHS01070;2;2.96;2.91
MHS01070;3;3.65;3.16
MHS01070;4;3.22;3.17
MHS01070;5;3.34;3.21
MHS01070;6;3.22;3.21
MHS01071;1;2.55;2.55
MHS01071;2;2.95;2.75
MHS01072;1;3.05;3.05
MHS01072;2;2.59;2.82
MHS01072;3;2.79;2.81
MHS01072;4;2.36;2.7
MHS01072;5;2.45;2.65
MHS01072;6;2.65;2.65
MHS01072;7;2.86;2.68
MHS01072;8;3.06;2.73
MHS01072;9;2.44;2.7
MHS01073;1;2.82;2.82
MHS01073;2;2.57;2.69
MHS01073;3;2.58;2.66
MHS01073;4;3.45;2.85
MHS01073;5;3.44;2.97
MHS01073;6;3.74;3.1
MHS01073;7;3.31;3.13
MHS01073;8;3.54;3.18
MHS01073;9;3.49;3.22
MHS01074;1;2.7;2.7
MHS01074;2;3.16;2.93
MHS01074;3;3.56;3.14
MHS01074;4;3.41;3.21
MHS01074;5;3.6;3.28
MHS01074;6;3.78;3.37
MHS01075;1;3.81;3.81
MHS01075;2;4.0;3.9
MHS01075;3;3.97;3.93
MHS01075;4;3.35;3.78
MHS01075;5;3.75;3.78
MHS01075;6;3.75;3.77
MHS01075;7;3.8;3.78
MHS01075;8;3.88;3.79
MHS01076;1;2.78;2.78
MHS01076;2;2.88;2.83
MHS01077;1;3.3;3.3
MHS01077;2;3.16;3.23
MHS01077;3;2.85;3.1
MHS01077;4;3.26;3.14
MHS01078;1;2.26;2.26
MHS01078;2;2.29;2.27
MHS01078;3;3.13;2.56
MHS01078;4;3.31;2.75
MHS01079;1;3.17;3.17
MHS01079;2;3.61;3.39
MHS01080;1;3.43;3.43
MHS01080;2;3.32;3.38
MHS01080;3;3.66;3.47
MHS01080;4;3.7;3.53
MHS01080;5;3.72;3.57
MHS01080;6;3.88;3.62
MHS01080;7;4.0;3.67
MHS01080;8;4.0;3.71
MHS01081;1;3.49;3.49
MHS01081;2;3.61;3.55
MHS01081;3;4.0;3.7
MHS01081;4;3.8;3.73
MHS01081;5;4.0;3.78
MHS01081;6;4.0;3.82
MHS01081;7;3.97;3.84
MHS01081;8;3.8;3.83
MHS01082;1;3.26;3.26
MHS01082;2;3.23;3.24
MHS01083;1;2.72;2.72
MHS01083;2;3.16;2.94
MHS01083;3;3.27;3.05
MHS01083;4;3.1;3.06
MHS01084;1;2.15;2.15
MHS01084;2;2.76;2.45
MHS01084;3;3.2;2.7
MHS01084;4;3.03;2.79
MHS01084;5;2.93;2.81
MHS01084;6;3.39;2.91
MHS01084;7;3.15;2.95
MHS01084;8;2.86;2.93
MHS01084;9;2.78;2.92
MHS01084;10;2.67;2.89
MHS01085;1;3.41;3.41
MHS01085;2;3.22;3.32
MHS01086;1;3.41;3.41
MHS01086;2;3.81;3.61
MHS01087;1;3.23;3.23
MHS01087;2;3.45;3.34
MHS01088;1;2.73;2.73
MHS01088;2;2.38;2.56
MHS01089;1;3.48;3.48
MHS01089;2;4.0;3.74
MHS01090;1;3.11;3.11
MHS01090;2;3.27;3.19
MHS01090;3;2.98;3.12
MHS01090;4;3.08;3.11
MHS01091;1;2.54;2.54
MHS01091;2;2.8;2.67
MHS01091;3;3.51;2.95
MHS01091;4;3.04;2.97
MHS01091;5;3.16;3.01
MHS01091;6;3.49;3.09
MHS01091;7;3.08;3.09
MHS01091;8;3.53;3.14
MHS01092;1;2.06;2.06
MHS01092;2;2.41;2.23
MHS01093;1;2.91;2.91
MHS01093;2;3.18;3.04
MHS01094;1;3.12;3.12
MHS01094;2;3.01;3.06
MHS01094;3;2.96;3.03
MHS01094;4;3.0;3.02
MHS01094;5;3.16;3.05
MHS01094;6;3.41;3.11
MHS01095;1;2.81;2.81
MHS01095;2;2.68;2.75
MHS01095;3;3.15;2.88
MHS01095;4;2.75;2.85
MHS01096;1;3.2;3.2
MHS01096;2;3.55;3.37
MHS01097;1;1.74;1.74
MHS01097;2;2.94;2.34
MHS01097;3;2.66;2.45
MHS01097;4;3.09;2.61
MHS01097;5;3.19;2.72
MHS01097;6;2.87;2.75
MHS01097;7;3.04;2.79
MHS01097;8;3.06;2.82
MHS01097;9;3.13;2.86
MHS01098;1;3.0;3.0
MHS01098;2;3.09;3.04
MHS01099;1;3.04;3.04
MHS01099;2;3.76;3.4
MHS01100;1;3.93;3.93
MHS01100;2;4.0;3.97
MHS01101;1;3.15;3.15
MHS01101;2;3.77;3.46
MHS01101;3;4.0;3.64
MHS01101;4;4.0;3.73
MHS01101;5;4.0;3.78
MHS01101;6;3.92;3.81
MHS01102;1;3.18;3.18
MHS01102;2;3.46;3.32
MHS01102;3;3.29;3.31
MHS01102;4;3.37;3.33
MHS01102;5;3.86;3.43
MHS01102;6;3.72;3.48
MHS01103;1;2.78;2.78
MHS01103;2;2.65;2.72
MHS01103;3;3.18;2.87
MHS01103;4;3.29;2.97
MHS01103;5;3.15;3.01
MHS01103;6;3.01;3.01
MHS01104;1;2.43;2.43
MHS01104;2;2.27;2.35
MHS01104;3;3.01;2.57
MHS01104;4;3.34;2.76
MHS01104;5;3.21;2.85
MHS01104;6;3.22;2.91
MHS01105;1;3.54;3.54
MHS01105;2;3.6;3.57
MHS01105;3;3.96;3.7
MHS01105;4;3.9;3.75
MHS01105;5;3.77;3.75
MHS01105;6;3.46;3.7
MHS01106;1;3.11;3.11
MHS01106;2;3.4;3.26
MHS01106;3;3.28;3.27
MHS01106;4;3.45;3.31
MHS01106;5;3.82;3.41
MHS01106;6;3.75;3.47
MHS01107;1;3.21;3.21
MHS01107;2;3.67;3.44
MHS01108;1;3.06;3.06
MHS01108;2;3.2;3.13
MHS01108;3;3.74;3.33
MHS01108;4;3.67;3.42
MHS01108;5;3.88;3.51
MHS01108;6;3.63;3.53
MHS01108;7;4.0;3.6
MHS01108;8;3.25;3.55
MHS01109;1;1.5;1.5
MHS01109;2;2.66;2.08
MHS01109;3;2.4;2.19
MHS01109;4;2.49;2.26
MHS01110;1;3.53;3.53
MHS01110;2;3.12;3.32
MHS01110;3;3.87;3.51
MHS01110;4;3.94;3.61
MHS01110;5;3.68;3.63
MHS01110;6;3.0;3.52
MHS01111;1;3.0;3.0
MHS01111;2;3.13;3.07
MHS01112;1;2.26;2.26
MHS01112;2;2.7;2.48
MHS01112;3;3.25;2.74
MHS01112;4;2.86;2.77
MHS01113;1;3.14;3.14
MHS01113;2;3.44;3.29
MHS01113;3;3.26;3.28
MHS01113;4;3.68;3.38
MHS01113;5;4.0;3.5
MHS01113;6;3.47;3.5
MHS01114;1;3.02;3.02
MHS01114;2;3.61;3.32
MHS01115;1;2.92;2.92
MHS01115;2;2.9;2.91
MHS01115;3;2.98;2.93
MHS01115;4;2.92;2.93
MHS01115;5;2.95;2.94
MHS01115;6;3.4;3.01
MHS01116;1;3.46;3.46
MHS01116;2;3.27;3.37
MHS01116;3;3.95;3.56
MHS01116;4;4.0;3.67
MHS01116;5;3.99;3.73
MHS01116;6;4.0;3.78
MHS01116;7;4.0;3.81
MHS01116;8;3.84;3.81
MHS01117;1;2.7;2.7
MHS01117;2;2.21;2.46
MHS01117;3;2.47;2.46
MHS01118;1;2.72;2.72
MHS01118;2;2.94;2.83
MHS01118;3;3.05;2.9
MHS01118;4;3.16;2.97
MHS01118;5;3.07;2.99
MHS01118;6;3.52;3.07
MHS01118;7;3.65;3.16
MHS01118;8;2.93;3.13
MHS01119;1;1.95;1.95
MHS01119;2;2.71;2.33
MHS01120;1;2.63;2.63
MHS01120;2;2.46;2.54
MHS01120;3;2.47;2.52
MHS01120;4;3.56;2.78
MHS01120;5;3.04;2.83
MHS01120;6;2.79;2.83
MHS01121;1;3.63;3.63
MHS01121;2;3.93;3.78
MHS01122;1;3.1;3.1
MHS01122;2;3.42;3.26
MHS01122;3;3.03;3.18
MHS01122;4;3.53;3.27
MHS01122;5;3.19;3.25
MHS01122;6;3.58;3.31
MHS01123;1;1.95;1.95
MHS01123;2;2.49;2.22
MHS01124;1;2.9;2.9
MHS01124;2;2.65;2.78
MHS01125;1;3.53;3.53
MHS01125;2;3.53;3.53
MHS01125;3;3.51;3.52
MHS01125;4;3.53;3.53
MHS01126;1;4.0;4.0
MHS01126;2;4.0;4.0
MHS01126;3;4.0;4.0
MHS01126;4;4.0;4.0
MHS01126;5;4.0;4.0
MHS01126;6;4.0;4.0
MHS01127;1;3.14;3.14
MHS01127;2;3.37;3.25
MHS01127;3;3.74;3.42
MHS01127;4;3.22;3.37
MHS01127;5;3.22;3.34
MHS01127;6;3.21;3.32
MHS01128;1;2.38;2.38
MHS01128;2;2.86;2.62
MHS01129;1;2.23;2.23
MHS01129;2;2.77;2.5
MHS01129;3;2.63;2.54
MHS01129;4;3.13;2.69
MHS01130;1;3.43;3.43
MHS01130;2;3.33;3.38
MHS01131;1;2.21;2.21
MHS01131;2;3.34;2.77
MHS01131;3;3.4;2.98
MHS01131;4;3.03;3.0
MHS01131;5;3.5;3.1
MHS01131;6;3.52;3.17
MHS01132;1;3.8;3.8
MHS01132;2;3.46;3.63
MHS01132;3;3.2;3.48
MHS01132;4;4.0;3.61
MHS01133;1;3.98;3.98
MHS01133;2;3.76;3.87
MHS01133;3;4.0;3.91
MHS01133;4;3.95;3.92
MHS01133;5;3.64;3.86
MHS01133;6;3.92;3.87
MHS01133;7;3.56;3.83
MHS01133;8;3.62;3.8
MHS01133;9;3.76;3.8
MHS01133;10;4.0;3.82
MHS01134;1;3.16;3.16
MHS01134;2;3.19;3.17
MHS01134;3;3.2;3.18
MHS01134;4;2.84;3.1
MHS01134;5;3.47;3.17
MHS01134;6;2.89;3.13
MHS01135;1;3.04;3.04
MHS01135;2;3.12;3.08
MHS01136;1;2.98;2.98
MHS01136;2;3.24;3.11
MHS01136;3;3.8;3.34
MHS01136;4;3.43;3.36
MHS01137;1;3.19;3.19
MHS01137;2;3.17;3.18
MHS01137;3;3.43;3.26
MHS01137;4;3.47;3.31
MHS01137;5;3.2;3.29
MHS01137;6;3.44;3.32
MHS01138;1;2.47;2.47
MHS01138;2;3.21;2.84
MHS01138;3;3.04;2.91
MHS01138;4;3.2;2.98
MHS01139;1;3.54;3.54
MHS01139;2;3.92;3.73
MHS01139;3;4.0;3.82
MHS01139;4;4.0;3.86
MHS01140;1;2.49;2.49
MHS01140;2;3.15;2.82
MHS01140;3;3.57;3.07
MHS01140;4;3.29;3.12
MHS01141;1;3.19;3.19
MHS01141;2;3.4;3.3
MHS01141;3;3.22;3.27
MHS01141;4;3.46;3.32
MHS01141;5;3.51;3.36
MHS01141;6;3.69;3.41
MHS01141;7;3.35;3.4
MHS01141;8;3.4;3.4
MHS01142;1;3.8;3.8
MHS01142;2;4.0;3.9
MHS01142;3;4.0;3.93
MHS01142;4;3.9;3.92
MHS01142;5;4.0;3.94
MHS01142;6;4.0;3.95
MHS01142;7;4.0;3.96
MHS01142;8;4.0;3.96
MHS01143;1;3.33;3.33
MHS01143;2;3.34;3.33
MHS01143;3;3.1;3.26
MHS01143;4;3.7;3.37
MHS01143;5;3.53;3.4
MHS01143;6;3.56;3.43
MHS01143;7;3.65;3.46
MHS01143;8;3.63;3.48
MHS01143;9;3.78;3.51
MHS01144;1;3.41;3.41
MHS01144;2;3.38;3.39
MHS01144;3;4.0;3.59
MHS01144;4;3.98;3.69
MHS01144;5;3.9;3.73
MHS01144;6;3.97;3.77
MHS01144;7;3.56;3.74
MHS01144;8;4.0;3.77
MHS01145;1;3.69;3.69
MHS01145;2;2.93;3.31
MHS01145;3;3.55;3.39
MHS01145;4;4.0;3.54
MHS01145;5;3.93;3.62
MHS01145;6;3.91;3.67
MHS01146;1;3.14;3.14
MHS01146;2;3.43;3.28
MHS01146;3;3.84;3.47
MHS01146;4;3.32;3.43
MHS01146;5;3.79;3.5
MHS01146;6;3.67;3.53
MHS01147;1;2.2;2.2
MHS01147;2;2.5;2.35
MHS01147;3;2.76;2.48
MHS01147;4;2.91;2.59
MHS01147;5;2.76;2.62
MHS01147;6;3.1;2.7
MHS01147;7;2.36;2.65
MHS01147;8;3.05;2.7
MHS01148;1;3.54;3.54
MHS01148;2;3.6;3.57
MHS01149;1;3.03;3.03
MHS01149;2;3.14;3.09
MHS01149;3;3.59;3.26
MHS01149;4;3.41;3.29
MHS01150;1;3.65;3.65
MHS01150;2;3.39;3.52
MHS01150;3;3.54;3.53
MHS01150;4;3.53;3.53
MHS01150;5;3.63;3.55
MHS01150;6;3.9;3.61
MHS01151;1;2.4;2.4
MHS01151;2;2.35;2.38
MHS01151;3;2.17;2.31
MHS01151;4;3.0;2.48
MHS01151;5;3.06;2.6
MHS01151;6;2.55;2.59
MHS01152;1;2.9;2.9
MHS01152;2;3.77;3.34
MHS01153;1;3.13;3.13
MHS01153;2;3.36;3.24
MHS01153;3;3.46;3.31
MHS01153;4;3.87;3.45
MHS01154;1;3.05;3.05
MHS01154;2;2.91;2.98
MHS01154;3;2.66;2.87
MHS01154;4;2.52;2.79
MHS01154;5;3.19;2.87
MHS01154;6;2.99;2.89
MHS01155;1;3.24;3.24
MHS01155;2;3.87;3.55
MHS01156;1;3.47;3.47
MHS01156;2;3.72;3.6
MHS01156;3;3.78;3.66
MHS01156;4;3.65;3.66
MHS01156;5;4.0;3.72
MHS01156;6;3.78;3.73
MHS01156;7;3.84;3.75
MHS01156;8;3.51;3.72
MHS01157;1;3.0;3.0
MHS01157;2;3.09;3.04
MHS01157;3;3.29;3.13
MHS01157;4;3.12;3.12
MHS01157;5;3.62;3.22
MHS01157;6;3.79;3.32
MHS01158;1;1.96;1.96
MHS01158;2;1.85;1.91
MHS01158;3;2.59;2.14
MHS01158;4;2.2;2.15
MHS01158;5;2.82;2.28
MHS01158;6;2.32;2.29
MHS01158;7;2.47;2.32
MHS01158;8;2.4;2.33
MHS01159;1;2.34;2.34
MHS01159;2;2.78;2.56
MHS01159;3;3.14;2.75
MHS01159;4;3.06;2.83
MHS01159;5;3.03;2.87
MHS01159;6;3.45;2.97
MHS01160;1;2.42;2.42
MHS01160;2;2.95;2.68
MHS01161;1;3.22;3.22
MHS01161;2;3.0;3.11
MHS01161;3;3.5;3.24
MHS01161;4;3.1;3.21
MHS01161;5;3.86;3.34
MHS01161;6;4.0;3.45
MHS01161;7;3.78;3.49
MHS01161;8;4.0;3.56
MHS01162;1;2.19;2.19
MHS01162;2;2.83;2.51
MHS01162;3;3.22;2.75
MHS01162;4;3.09;2.83
MHS01163;1;2.91;2.91
MHS01163;2;2.88;2.89
MHS01163;3;3.06;2.95
MHS01163;4;3.09;2.98
MHS01164;1;2.99;2.99
MHS01164;2;3.66;3.32
MHS01164;3;3.47;3.37
MHS01164;4;3.02;3.29
MHS01164;5;3.49;3.33
MHS01164;6;3.78;3.4
MHS01164;7;3.84;3.46
MHS01164;8;3.81;3.51
MHS01165;1;3.4;3.4
MHS01165;2;3.57;3.49
MHS01165;3;3.12;3.36
MHS01165;4;3.28;3.34
MHS01165;5;3.65;3.41
MHS01165;6;3.85;3.48
MHS01165;7;3.73;3.52
MHS01165;8;4.0;3.58
MHS01166;1;3.4;3.4
MHS01166;2;4.0;3.7
MHS01166;3;3.63;3.68
MHS01166;4;4.0;3.76
MHS01166;5;4.0;3.81
MHS01166;6;4.0;3.84
MHS01166;7;3.76;3.83
MHS01166;8;3.68;3.81
MHS01167;1;3.2;3.2
MHS01167;2;3.9;3.55
MHS01167;3;3.74;3.61
MHS01167;4;4.0;3.71
MHS01167;5;3.63;3.69
MHS01167;6;4.0;3.75
MHS01168;1;4.0;4.0
MHS01168;2;3.14;3.57
MHS01168;3;3.71;3.62
MHS01168;4;3.98;3.71
MHS01168;5;4.0;3.77
MHS01168;6;4.0;3.81
MHS01168;7;4.0;3.83
MHS01168;8;3.93;3.85
MHS01169;1;2.69;2.69
MHS01169;2;2.2;2.45
MHS01170;1;3.29;3.29
MHS01170;2;3.04;3.16
MHS01170;3;3.17;3.17
MHS01170;4;3.1;3.15
MHS01170;5;3.56;3.23
MHS01170;6;3.7;3.31
MHS01171;1;3.75;3.75
MHS01171;2;3.43;3.59
MHS01172;1;3.11;3.11
MHS01172;2;3.16;3.13
MHS01173;1;2.48;2.48
MHS01173;2;2.28;2.38
MHS01174;1;2.72;2.72
MHS01174;2;2.35;2.53
MHS01174;3;2.78;2.62
MHS01174;4;2.75;2.65
MHS01174;5;2.53;2.62
MHS01174;6;3.36;2.75
MHS01174;7;3.26;2.82
MHS01174;8;2.69;2.8
MHS01174;9;2.91;2.82
MHS01174;10;2.95;2.83
MHS01175;1;3.98;3.98
MHS01175;2;4.0;3.99
MHS01175;3;4.0;3.99
MHS01175;4;3.97;3.99
MHS01175;5;4.0;3.99
MHS01175;6;4.0;3.99
MHS01175;7;4.0;3.99
MHS01175;8;4.0;3.99
MHS01176;1;2.87;2.87
MHS01176;2;3.32;3.1
MHS01176;3;3.7;3.3
MHS01176;4;4.0;3.47
MHS01176;5;3.33;3.45
MHS01176;6;3.62;3.47
MHS01177;1;3.44;3.44
MHS01177;2;3.11;3.27
MHS01177;3;3.49;3.34
MHS01177;4;3.03;3.27
MHS01177;5;3.34;3.28
MHS01177;6;3.7;3.35
MHS01177;7;3.29;3.34
MHS01177;8;3.62;3.38
MHS01178;1;3.54;3.54
MHS01178;2;3.28;3.41
MHS01178;3;3.75;3.52
MHS01178;4;3.4;3.49
MHS01179;1;1.93;1.93
MHS01179;2;2.64;2.28
MHS01179;3;3.05;2.54
MHS01179;4;2.35;2.49
MHS01179;5;2.97;2.59
MHS01179;6;2.53;2.58
MHS01179;7;2.76;2.6
MHS01179;8;2.88;2.64
MHS01180;1;2.27;2.27
MHS01180;2;2.83;2.55
MHS01180;3;3.03;2.71
MHS01180;4;2.54;2.67
MHS01181;1;3.62;3.62
MHS01181;2;3.76;3.69
MHS01181;3;3.55;3.64
MHS01181;4;4.0;3.73
MHS01181;5;3.62;3.71
MHS01181;6;3.96;3.75
MHS01181;7;3.97;3.78
MHS01181;8;3.74;3.78
MHS01182;1;2.61;2.61
MHS01182;2;3.38;2.99
MHS01183;1;2.43;2.43
MHS01183;2;2.84;2.64
MHS01183;3;2.99;2.75
MHS01183;4;3.37;2.91
MHS01184;1;3.18;3.18
MHS01184;2;3.47;3.33
MHS01184;3;3.67;3.44
MHS01184;4;3.19;3.38
MHS01184;5;3.17;3.34
MHS01184;6;3.32;3.33
MHS01185;1;3.82;3.82
MHS01185;2;3.97;3.9
MHS01185;3;4.0;3.93
MHS01185;4;3.92;3.93
MHS01186;1;3.48;3.48
MHS01186;2;3.4;3.44
MHS01187;1;2.9;2.9
MHS01187;2;2.65;2.77
MHS01188;1;3.38;3.38
MHS01188;2;2.92;3.15
MHS01188;3;3.32;3.21
MHS01188;4;3.73;3.34
MHS01188;5;3.37;3.35
MHS01188;6;3.84;3.43
MHS01188;7;3.28;3.41
MHS01188;8;3.2;3.38
MHS01189;1;3.47;3.47
MHS01189;2;4.0;3.73
MHS01189;3;4.0;3.82
MHS01189;4;4.0;3.87
MHS01190;1;3.17;3.17
MHS01190;2;3.66;3.42
MHS01190;3;4.0;3.61
MHS01190;4;4.0;3.71
MHS01191;1;2.1;2.1
MHS01191;2;2.89;2.5
MHS01192;1;2.67;2.67
MHS01192;2;3.01;2.84
MHS01192;3;3.52;3.07
MHS01192;4;2.75;2.99
MHS01192;5;3.51;3.09
MHS01192;6;3.33;3.13
MHS01193;1;2.85;2.85
MHS01193;2;2.81;2.83
MHS01193;3;2.84;2.83
MHS01193;4;2.27;2.69
MHS01193;5;2.03;2.56
MHS01193;6;3.48;2.71
MHS01193;7;3.42;2.81
MHS01193;8;2.74;2.8
MHS01193;9;3.08;2.84
MHS01194;1;3.44;3.44
MHS01194;2;4.0;3.72
MHS01194;3;3.71;3.72
MHS01194;4;4.0;3.79
MHS01194;5;3.84;3.8
MHS01194;6;3.54;3.75
MHS01195;1;3.64;3.64
MHS01195;2;3.08;3.36
MHS01195;3;3.6;3.44
MHS01195;4;3.61;3.48
MHS01195;5;3.03;3.39
MHS01195;6;3.44;3.4
MHS01196;1;1.22;1.22
MHS01196;2;2.16;1.69
MHS01197;1;2.91;2.91
MHS01197;2;3.67;3.29
MHS01198;1;2.79;2.79
MHS01198;2;2.88;2.84
MHS01198;3;3.01;2.89
MHS01198;4;3.6;3.07
MHS01198;5;3.52;3.16
MHS01198;6;3.55;3.23
MHS01198;7;3.47;3.26
MHS01198;8;3.73;3.32
MHS01198;9;3.68;3.36
MHS01199;1;2.46;2.46
MHS01199;2;2.9;2.68
MHS01199;3;3.52;2.96
MHS01199;4;2.91;2.95
MHS01200;1;3.21;3.21
MHS01200;2;2.98;3.1
MHS01200;3;3.47;3.22
MHS01200;4;3.21;3.22
MHS01200;5;3.63;3.3
MHS01200;6;4.0;3.42
MHS01200;7;3.73;3.46
MHS01200;8;3.76;3.5
MHS01201;1;2.3;2.3
MHS01201;2;2.15;2.22
MHS01201;3;2.53;2.33
MHS01201;4;2.87;2.46
MHS01202;1;3.2;3.2
MHS01202;2;3.2;3.2
MHS01202;3;3.53;3.31
MHS01202;4;3.7;3.41
MHS01202;5;3.66;3.46
MHS01202;6;3.84;3.52
MHS01202;7;3.89;3.57
MHS01202;8;3.55;3.57
MHS01203;1;2.58;2.58
MHS01203;2;3.08;2.83
MHS01203;3;3.97;3.21
MHS01203;4;3.1;3.18
MHS01203;5;3.56;3.26
MHS01203;6;3.39;3.28
MHS01204;1;3.84;3.84
MHS01204;2;3.67;3.75
MHS01204;3;3.61;3.71
MHS01204;4;4.0;3.78
MHS01205;1;2.85;2.85
MHS01205;2;3.54;3.19
MHS01205;3;3.7;3.36
MHS01205;4;3.59;3.42
MHS01205;5;3.84;3.5
MHS01205;6;3.74;3.54
MHS01206;1;2.98;2.98
MHS01206;2;3.13;3.06
MHS01207;1;1.86;1.86
MHS01207;2;2.09;1.97
MHS01208;1;2.81;2.81
MHS01208;2;2.93;2.87
MHS01208;3;3.28;3.01
MHS01208;4;3.47;3.12
MHS01209;1;2.36;2.36
MHS01209;2;3.19;2.78
MHS01209;3;3.14;2.9
MHS01209;4;3.26;2.99
MHS01209;5;3.37;3.07
MHS01209;6;3.14;3.08
MHS01209;7;3.89;3.19
MHS01209;8;3.76;3.27
MHS01210;1;3.36;3.36
MHS01210;2;3.76;3.56
MHS01210;3;4.0;3.71
MHS01210;4;3.91;3.76
MHS01210;5;4.0;3.81
MHS01210;6;4.0;3.84
MHS01210;7;4.0;3.86
MHS01210;8;4.0;3.88
MHS01211;1;2.5;2.5
MHS01211;2;3.26;2.88
MHS01212;1;2.16;2.16
MHS01212;2;2.69;2.43
MHS01212;3;3.01;2.62
MHS01212;4;3.24;2.78
MHS01213;1;2.54;2.54
MHS01213;2;2.72;2.63
MHS01214;1;3.95;3.95
MHS01214;2;3.63;3.79
MHS01214;3;3.5;3.69
MHS01214;4;4.0;3.77
MHS01215;1;3.3;3.3
MHS01215;2;3.47;3.38
MHS01215;3;3.48;3.42
MHS01215;4;3.43;3.42
MHS01215;5;3.19;3.37
MHS01215;6;3.38;3.38
MHS01215;7;3.16;3.34
MHS01215;8;3.94;3.42
MHS01216;1;2.26;2.26
MHS01216;2;2.55;2.41
MHS01216;3;2.8;2.54
MHS01216;4;2.84;2.61
MHS01216;5;3.06;2.7
MHS01216;6;3.3;2.8
MHS01216;7;2.68;2.79
MHS01216;8;2.51;2.75
MHS01216;9;3.3;2.81
MHS01216;10;2.73;2.8
MHS01217;1;3.94;3.94
MHS01217;2;3.4;3.67
MHS01217;3;3.54;3.63
MHS01217;4;4.0;3.72
MHS01218;1;3.16;3.16
MHS01218;2;3.16;3.16
MHS01219;1;2.38;2.38
MHS01219;2;3.11;2.75
MHS01219;3;3.67;3.05
MHS01219;4;3.08;3.06
MHS01219;5;3.13;3.07
MHS01219;6;3.29;3.11
MHS01220;1;3.82;3.82
MHS01220;2;4.0;3.91
MHS01221;1;2.28;2.28
MHS01221;2;2.89;2.58
MHS01222;1;2.78;2.78
MHS01222;2;3.44;3.11
MHS01222;3;2.87;3.03
MHS01222;4;3.21;3.08
MHS01223;1;2.3;2.3
MHS01223;2;3.23;2.77
MHS01223;3;2.8;2.78
MHS01223;4;3.11;2.86
MHS01224;1;2.79;2.79
MHS01224;2;3.12;2.95
MHS01225;1;3.45;3.45
MHS01225;2;3.22;3.33
MHS01225;3;3.32;3.33
MHS01225;4;3.6;3.4
MHS01225;5;3.4;3.4
MHS01225;6;3.96;3.49
MHS01226;1;4.0;4.0
MHS01226;2;3.7;3.85
MHS01226;3;4.0;3.9
MHS01226;4;4.0;3.93
MHS01226;5;4.0;3.94
MHS01226;6;3.76;3.91
MHS01226;7;4.0;3.92
MHS01226;8;4.0;3.93
MHS01227;1;3.14;3.14
MHS01227;2;3.11;3.13
MHS01227;3;3.19;3.15
MHS01227;4;3.41;3.21
MHS01228;1;3.33;3.33
MHS01228;2;3.44;3.39
MHS01228;3;3.31;3.36
MHS01228;4;3.87;3.49
MHS01229;1;3.0;3.0
MHS01229;2;3.02;3.01
MHS01229;3;3.69;3.24
MHS01229;4;3.37;3.27
MHS01229;5;3.79;3.37
MHS01229;6;3.33;3.37
MHS01230;1;3.99;3.99
MHS01230;2;4.0;3.99
MHS01230;3;4.0;4.0
MHS01230;4;4.0;4.0
MHS01230;5;4.0;4.0
MHS01230;6;4.0;4.0
MHS01230;7;3.91;3.98
MHS01230;8;4.0;3.99
MHS01231;1;2.84;2.84
MHS01231;2;3.04;2.94
MHS01231;3;3.09;2.99
MHS01231;4;3.16;3.03
MHS01232;1;2.03;2.03
MHS01232;2;2.6;2.31
MHS01233;1;2.77;2.77
MHS01233;2;3.16;2.97
MHS01234;1;2.6;2.6
MHS01234;2;3.08;2.84
MHS01234;3;2.87;2.85
MHS01234;4;3.03;2.89
MHS01235;1;3.24;3.24
MHS01235;2;3.05;3.14
MHS01235;3;3.36;3.22
MHS01235;4;3.54;3.3
MHS01235;5;3.74;3.39
MHS01235;6;3.55;3.41
MHS01235;7;3.89;3.48
MHS01235;8;3.37;3.47
MHS01235;9;2.92;3.41
MHS01236;1;2.17;2.17
MHS01236;2;2.35;2.26
MHS01236;3;2.46;2.33
MHS01236;4;2.77;2.44
MHS01236;5;2.79;2.51
MHS01236;6;2.64;2.53
MHS01237;1;2.45;2.45
MHS01237;2;2.56;2.51
MHS01238;1;1.69;1.69
MHS01238;2;1.66;1.67
MHS01239;1;2.92;2.92
MHS01239;2;3.18;3.05
MHS01239;3;3.05;3.05
MHS01239;4;3.11;3.07
MHS01240;1;2.65;2.65
MHS01240;2;2.48;2.56
MHS01241;1;3.22;3.22
MHS01241;2;3.27;3.25
MHS01242;1;3.61;3.61
MHS01242;2;3.24;3.43
MHS01243;1;2.84;2.84
MHS01243;2;3.19;3.02
MHS01243;3;3.26;3.1
MHS01243;4;3.12;3.1
MHS01243;5;2.77;3.04
MHS01243;6;3.23;3.07
MHS01244;1;2.86;2.86
MHS01244;2;2.93;2.9
MHS01245;1;2.88;2.88
MHS01245;2;3.7;3.29
MHS01246;1;2.7;2.7
MHS01246;2;2.48;2.59
MHS01246;3;3.13;2.77
MHS01246;4;3.44;2.94
MHS01246;5;3.81;3.12
MHS01246;6;3.04;3.1
MHS01246;7;3.26;3.13
MHS01246;8;3.46;3.17
MHS01247;1;3.66;3.66
MHS01247;2;3.72;3.69
MHS01247;3;3.87;3.75
MHS01247;4;3.98;3.81
MHS01247;5;3.79;3.8
MHS01247;6;3.95;3.83
MHS01247;7;3.89;3.84
MHS01247;8;3.8;3.83
MHS01248;1;3.67;3.67
MHS01248;2;3.58;3.63
MHS01249;1;2.71;2.71
MHS01249;2;3.71;3.21
MHS01250;1;2.07;2.07
MHS01250;2;2.52;2.3
MHS01250;3;2.85;2.48
MHS01250;4;2.13;2.39
MHS01251;1;3.5;3.5
MHS01251;2;3.94;3.72
MHS01251;3;3.8;3.75
MHS01251;4;3.28;3.63
MHS01251;5;4.0;3.7
MHS01251;6;3.76;3.71
MHS01252;1;2.67;2.67
MHS01252;2;3.36;3.02
MHS01252;3;3.45;3.16
MHS01252;4;2.89;3.09
MHS01253;1;2.27;2.27
MHS01253;2;2.91;2.59
MHS01253;3;2.77;2.65
MHS01253;4;3.0;2.74
MHS01253;5;2.72;2.74
MHS01253;6;2.6;2.71
MHS01254;1;3.84;3.84
MHS01254;2;3.54;3.69
MHS01254;3;3.92;3.77
MHS01254;4;3.9;3.8
MHS01254;5;3.67;3.77
MHS01254;6;3.94;3.8
MHS01255;1;2.78;2.78
MHS01255;2;3.16;2.97
MHS01255;3;3.59;3.18
MHS01255;4;3.66;3.3
MHS01256;1;3.37;3.37
MHS01256;2;2.92;3.14
MHS01256;3;4.0;3.43
MHS01256;4;3.17;3.36
MHS01257;1;3.91;3.91
MHS01257;2;3.34;3.63
MHS01257;3;4.0;3.75
MHS01257;4;3.28;3.63
MHS01258;1;2.8;2.8
MHS01258;2;3.12;2.96
MHS01258;3;3.25;3.06
MHS01258;4;2.9;3.02
MHS01258;5;3.27;3.07
MHS01258;6;3.36;3.12
MHS01259;1;3.44;3.44
MHS01259;2;3.12;3.28
MHS01259;3;3.67;3.41
MHS01259;4;3.65;3.47
MHS01260;1;3.16;3.16
MHS01260;2;3.28;3.22
MHS01260;3;3.14;3.19
MHS01260;4;3.32;3.22
MHS01261;1;3.62;3.62
MHS01261;2;3.42;3.52
MHS01261;3;3.7;3.58
MHS01261;4;4.0;3.68
MHS01261;5;4.0;3.75
MHS01261;6;4.0;3.79
MHS01262;1;2.87;2.87
MHS01262;2;3.23;3.05
MHS01262;3;3.29;3.13
MHS01262;4;2.73;3.03
MHS01263;1;3.0;3.0
MHS01263;2;3.51;3.26
MHS01263;3;3.27;3.26
MHS01263;4;3.55;3.33
MHS01263;5;3.56;3.38
MHS01263;6;3.65;3.42
MHS01263;7;3.65;3.46
MHS01263;8;3.2;3.42
MHS01263;9;3.3;3.41
MHS01263;10;3.62;3.43
MHS01264;1;3.07;3.07
MHS01264;2;3.4;3.23
MHS01264;3;3.52;3.33
MHS01264;4;3.65;3.41
MHS01265;1;2.67;2.67
MHS01265;2;3.12;2.9
MHS01266;1;3.17;3.17
MHS01266;2;3.24;3.21
MHS01266;3;2.65;3.02
MHS01267;1;2.77;2.77
MHS01267;2;2.69;2.73
MHS01268;1;2.37;2.37
MHS01268;2;3.42;2.9
MHS01268;3;3.27;3.02
MHS01268;4;3.05;3.03
MHS01269;1;3.34;3.34
MHS01269;2;3.47;3.41
MHS01269;3;3.86;3.56
MHS01269;4;3.49;3.54
MHS01270;1;3.21;3.21
MHS01270;2;3.72;3.47
MHS01270;3;3.65;3.53
MHS01270;4;3.55;3.54
MHS01271;1;2.31;2.31
MHS01271;2;2.95;2.63
MHS01271;3;3.01;2.75
MHS01271;4;2.69;2.74
MHS01272;1;1.99;1.99
MHS01272;2;2.47;2.23
MHS01272;3;2.24;2.23
MHS01272;4;2.7;2.35
MHS01272;5;2.05;2.29
MHS01272;6;2.17;2.27
MHS01272;7;2.42;2.29
MHS01272;8;2.69;2.34
MHS01273;1;3.03;3.03
MHS01273;2;3.49;3.26
MHS01273;3;3.78;3.44
MHS01273;4;3.54;3.46
MHS01274;1;2.87;2.87
MHS01274;2;3.65;3.26
MHS01274;3;3.23;3.25
MHS01274;4;3.64;3.35
MHS01274;5;3.86;3.45
MHS01274;6;3.86;3.52
MHS01274;7;3.88;3.57
MHS01274;8;3.53;3.57
MHS01275;1;1.96;1.96
MHS01275;2;2.16;2.06
MHS01275;3;2.67;2.26
MHS01276;1;3.09;3.09
MHS01276;2;2.86;2.98
MHS01276;3;3.39;3.12
MHS01276;4;3.64;3.25
MHS01277;1;3.18;3.18
MHS01277;2;3.57;3.37
MHS01278;1;2.47;2.47
MHS01278;2;2.79;2.63
MHS01279;1;2.11;2.11
MHS01279;2;2.04;2.07
MHS01280;1;2.68;2.68
MHS01280;2;3.02;2.85
MHS01280;3;2.8;2.83
MHS01280;4;2.36;2.72
MHS01281;1;3.09;3.09
MHS01281;2;2.81;2.95
MHS01282;1;3.18;3.18
MHS01282;2;3.3;3.24
MHS01282;3;3.92;3.47
MHS01282;4;3.28;3.42
MHS01282;5;3.46;3.43
MHS01282;6;3.5;3.44
MHS01283;1;2.86;2.86
MHS01283;2;3.56;3.21
MHS01283;3;3.21;3.21
MHS01283;4;3.2;3.21
MHS01283;5;3.26;3.22
MHS01283;6;3.73;3.3
MHS01284;1;2.35;2.35
MHS01284;2;2.6;2.47
MHS01285;1;3.37;3.37
MHS01285;2;3.61;3.49
MHS01285;3;4.0;3.66
MHS01285;4;4.0;3.74
MHS01286;1;2.6;2.6
MHS01286;2;2.63;2.62
MHS01286;3;2.69;2.64
MHS01286;4;2.9;2.71
MHS01286;5;2.6;2.68
MHS01286;6;3.08;2.75
MHS01286;7;2.88;2.77
MHS01286;8;3.14;2.82
MHS01287;1;3.43;3.43
MHS01287;2;3.54;3.49
MHS01287;3;3.13;3.37
MHS01287;4;3.76;3.47
MHS01287;5;3.64;3.5
MHS01287;6;4.0;3.58
MHS01288;1;2.83;2.83
MHS01288;2;2.8;2.81
MHS01288;3;3.13;2.92
MHS01288;4;2.43;2.8
MHS01288;5;2.65;2.77
MHS01288;6;2.93;2.8
MHS01288;7;2.71;2.78
MHS01288;8;3.23;2.84
MHS01288;9;3.08;2.87
MHS01289;1;2.55;2.55
MHS01289;2;3.29;2.92
MHS01290;1;3.06;3.06
MHS01290;2;2.89;2.97
MHS01291;1;2.71;2.71
MHS01291;2;3.01;2.86
MHS01291;3;3.02;2.91
MHS01291;4;3.3;3.01
MHS01291;5;3.39;3.09
MHS01291;6;3.34;3.13
MHS01291;7;3.08;3.12
MHS01291;8;3.4;3.16
MHS01292;1;3.21;3.21
MHS01292;2;3.33;3.27
MHS01292;3;3.43;3.32
MHS01292;4;3.65;3.4
MHS01292;5;3.51;3.42
MHS01292;6;3.31;3.41
MHS01293;1;1.87;1.87
MHS01293;2;2.05;1.96
MHS01293;3;2.88;2.27
MHS01294;1;3.16;3.16
MHS01294;2;3.6;3.38
MHS01294;3;3.15;3.3
MHS01294;4;3.42;3.33
MHS01294;5;4.0;3.47
MHS01294;6;3.87;3.53
MHS01295;1;2.72;2.72
MHS01295;2;2.66;2.69
MHS01296;1;2.79;2.79
MHS01296;2;2.19;2.49
MHS01297;1;3.07;3.07
MHS01297;2;3.76;3.42
MHS01297;3;3.73;3.52
MHS01297;4;3.53;3.52
MHS01298;1;3.52;3.52
MHS01298;2;3.51;3.51
MHS01298;3;3.96;3.66
MHS01298;4;3.66;3.66
MHS01298;5;3.9;3.71
MHS01298;6;3.76;3.72
MHS01299;1;2.85;2.85
MHS01299;2;3.04;2.94
MHS01299;3;3.07;2.99
MHS01299;4;3.43;3.1
MHS01300;1;3.04;3.04
MHS01300;2;3.42;3.23
MHS01301;1;2.12;2.12
MHS01301;2;2.07;2.1
MHS01301;3;2.86;2.35
MHS01301;4;2.82;2.47
MHS01302;1;3.04;3.04
MHS01302;2;3.75;3.4
MHS01302;3;3.26;3.35
MHS01302;4;3.53;3.4
MHS01302;5;3.18;3.35
MHS01302;6;3.5;3.38
MHS01303;1;3.06;3.06
MHS01303;2;3.64;3.35
MHS01303;3;4.0;3.57
MHS01303;4;3.76;3.62
MHS01304;1;3.12;3.12
MHS01304;2;3.04;3.08
MHS01304;3;3.44;3.2
MHS01304;4;3.58;3.29
MHS01304;5;3.81;3.4
MHS01304;6;3.47;3.41
MHS01305;1;3.33;3.33
MHS01305;2;3.44;3.39
MHS01306;1;2.17;2.17
MHS01306;2;2.94;2.56
MHS01306;3;2.96;2.69
MHS01306;4;3.2;2.82
MHS01306;5;3.28;2.91
MHS01306;6;3.66;3.04
MHS01307;1;2.45;2.45
MHS01307;2;2.78;2.61
MHS01308;1;2.58;2.58
MHS01308;2;2.78;2.68
MHS01308;3;3.21;2.86
MHS01308;4;2.57;2.78
MHS01309;1;2.56;2.56
MHS01309;2;2.66;2.61
MHS01309;3;3.54;2.92
MHS01309;4;2.39;2.78
MHS01309;5;3.32;2.89
MHS01309;6;3.38;2.97
MHS01309;7;3.3;3.02
MHS01309;8;2.79;2.99
MHS01310;1;2.46;2.46
MHS01310;2;3.26;2.86
MHS01310;3;2.91;2.88
MHS01310;4;2.4;2.76
MHS01310;5;2.79;2.77
MHS01310;6;2.57;2.73
MHS01310;7;3.23;2.8
MHS01310;8;2.35;2.75
MHS01311;1;2.23;2.23
MHS01311;2;2.54;2.39
MHS01311;3;3.06;2.61
MHS01311;4;2.88;2.68
MHS01312;1;3.31;3.31
MHS01312;2;2.94;3.12
MHS01312;3;2.97;3.07
MHS01312;4;3.36;3.15
MHS01312;5;3.41;3.2
MHS01312;6;2.99;3.16
MHS01313;1;1.83;1.83
MHS01313;2;2.7;2.27
MHS01314;1;2.8;2.8
MHS01314;2;2.61;2.71
MHS01314;3;3.16;2.86
MHS01314;4;3.14;2.93
MHS01314;5;3.76;3.1
MHS01314;6;3.78;3.21
MHS01314;7;3.59;3.26
MHS01314;8;3.6;3.31
MHS01315;1;3.01;3.01
MHS01315;2;3.61;3.31
MHS01316;1;2.83;2.83
MHS01316;2;2.55;2.69
MHS01316;3;3.07;2.82
MHS01316;4;3.12;2.89
MHS01316;5;3.19;2.95
MHS01316;6;2.88;2.94
MHS01316;7;3.68;3.05
MHS01316;8;3.88;3.15
MHS01317;1;2.79;2.79
MHS01317;2;3.34;3.06
MHS01317;3;3.39;3.17
MHS01317;4;3.62;3.28
MHS01317;5;3.28;3.28
MHS01317;6;3.43;3.31
MHS01318;1;3.64;3.64
MHS01318;2;3.87;3.76
MHS01318;3;4.0;3.84
MHS01318;4;4.0;3.88
MHS01319;1;2.66;2.66
MHS01319;2;3.07;2.86
MHS01319;3;3.25;2.99
MHS01319;4;2.82;2.95
MHS01320;1;3.77;3.77
MHS01320;2;3.35;3.56
MHS01321;1;3.11;3.11
MHS01321;2;3.3;3.21
MHS01322;1;2.8;2.8
MHS01322;2;3.96;3.38
MHS01322;3;3.85;3.54
MHS01322;4;3.69;3.58
MHS01322;5;3.4;3.54
MHS01322;6;3.83;3.59
MHS01323;1;2.69;2.69
MHS01323;2;3.59;3.14
MHS01324;1;2.82;2.82
MHS01324;2;2.72;2.77
MHS01324;3;2.54;2.69
MHS01324;4;3.09;2.79
MHS01324;5;2.53;2.74
MHS01324;6;2.91;2.77
MHS01324;7;2.54;2.73
MHS01324;8;3.2;2.79
MHS01325;1;2.21;2.21
MHS01325;2;2.19;2.2
MHS01326;1;3.83;3.83
MHS01326;2;3.45;3.64
MHS01326;3;3.52;3.6
MHS01326;4;3.62;3.61
MHS01326;5;3.08;3.5
MHS01326;6;3.7;3.53
MHS01327;1;3.14;3.14
MHS01327;2;3.44;3.29
MHS01327;3;3.97;3.52
MHS01327;4;3.59;3.53
MHS01328;1;3.03;3.03
MHS01328;2;3.15;3.09
MHS01329;1;2.84;2.84
MHS01329;2;3.63;3.23
MHS01329;3;3.41;3.29
MHS01329;4;2.83;3.18
MHS01330;1;3.67;3.67
MHS01330;2;3.7;3.69
MHS01331;1;2.6;2.6
MHS01331;2;3.03;2.81
MHS01331;3;3.43;3.02
MHS01331;4;3.53;3.15
MHS01332;1;2.86;2.86
MHS01332;2;3.93;3.39
MHS01332;3;4.0;3.6
MHS01332;4;3.84;3.66
MHS01332;5;4.0;3.73
MHS01332;6;4.0;3.77
MHS01332;7;3.89;3.79
MHS01332;8;4.0;3.81
MHS01333;1;2.57;2.57
MHS01333;2;2.81;2.69
MHS01333;3;2.73;2.7
MHS01333;4;3.15;2.82
MHS01333;5;2.3;2.71
MHS01333;6;2.87;2.74
MHS01334;1;2.78;2.78
MHS01334;2;2.24;2.51
MHS01334;3;2.8;2.61
MHS01334;4;2.81;2.66
MHS01334;5;3.18;2.76
MHS01334;6;2.75;2.76
MHS01335;1;2.32;2.32
MHS01335;2;2.68;2.5
MHS01335;3;3.13;2.71
MHS01335;4;2.72;2.71
MHS01335;5;3.05;2.78
MHS01335;6;3.0;2.81
MHS01335;7;2.73;2.8
MHS01335;8;2.63;2.78
MHS01335;9;3.08;2.81
MHS01335;10;3.34;2.87
MHS01336;1;3.47;3.47
MHS01336;2;2.63;3.05
MHS01337;1;2.81;2.81
MHS01337;2;3.51;3.16
MHS01337;3;3.91;3.41
MHS01337;4;3.38;3.4
MHS01337;5;3.3;3.38
MHS01337;6;3.09;3.33
MHS01338;1;2.58;2.58
MHS01338;2;2.49;2.54
MHS01339;1;2.28;2.28
MHS01339;2;3.0;2.64
MHS01339;3;3.41;2.9
MHS01339;4;3.0;2.92
MHS01340;1;3.04;3.04
MHS01340;2;3.4;3.22
MHS01340;3;3.14;3.19
MHS01340;4;3.65;3.31
MHS01340;5;3.41;3.33
MHS01340;6;3.4;3.34
MHS01341;1;3.04;3.04
MHS01341;2;3.71;3.37
MHS01341;3;3.5;3.42
MHS01341;4;3.73;3.49
MHS01341;5;3.9;3.58
MHS01341;6;3.99;3.64
MHS01341;7;4.0;3.69
MHS01341;8;3.79;3.71
MHS01342;1;2.94;2.94
MHS01342;2;2.41;2.68
MHS01343;1;3.79;3.79
MHS01343;2;3.56;3.68
MHS01343;3;4.0;3.78
MHS01343;4;3.95;3.83
MHS01343;5;4.0;3.86
MHS01343;6;4.0;3.88
MHS01343;7;4.0;3.9
MHS01343;8;4.0;3.91
MHS01344;1;3.3;3.3
MHS01344;2;3.09;3.19
MHS01344;3;3.27;3.22
MHS01344;4;3.54;3.3
MHS01344;5;3.59;3.36
MHS01344;6;3.27;3.34
MHS01345;1;3.36;3.36
MHS01345;2;3.14;3.25
MHS01345;3;2.93;3.14
MHS01345;4;3.21;3.16
MHS01345;5;3.86;3.3
MHS01345;6;3.65;3.36
MHS01345;7;3.56;3.39
MHS01345;8;3.44;3.39
MHS01346;1;2.67;2.67
MHS01346;2;3.37;3.02
MHS01347;1;3.08;3.08
MHS01347;2;3.45;3.27
MHS01348;1;3.32;3.32
MHS01348;2;3.64;3.48
MHS01348;3;4.0;3.65
MHS01348;4;3.89;3.71
MHS01348;5;3.72;3.71
MHS01348;6;3.88;3.74
MHS01348;7;3.65;3.73
MHS01348;8;3.72;3.73
MHS01349;1;2.88;2.88
MHS01349;2;2.58;2.73
MHS01349;3;3.26;2.91
MHS01349;4;3.76;3.12
MHS01349;5;3.36;3.17
MHS01349;6;3.54;3.23
MHS01349;7;3.04;3.2
MHS01349;8;3.2;3.2
MHS01350;1;3.85;3.85
MHS01350;2;3.86;3.85
MHS01350;3;4.0;3.9
MHS01350;4;4.0;3.93
MHS01350;5;3.91;3.92
MHS01350;6;4.0;3.94
MHS01350;7;4.0;3.95
MHS01350;8;4.0;3.95
MHS01351;1;2.98;2.98
MHS01351;2;3.08;3.03
MHS01351;3;2.71;2.92
MHS01351;4;2.95;2.93
MHS01351;5;2.79;2.9
MHS01351;6;2.72;2.87
MHS01351;7;3.67;2.99
MHS01351;8;3.34;3.03
MHS01351;9;3.21;3.05
MHS01352;1;2.93;2.93
MHS01352;2;3.68;3.3
MHS01352;3;3.38;3.33
MHS01352;4;3.0;3.24
MHS01352;5;3.75;3.35
MHS01352;6;3.8;3.42
MHS01352;7;3.51;3.43
MHS01352;8;4.0;3.5
MHS01353;1;2.66;2.66
MHS01353;2;2.31;2.48
MHS01353;3;3.01;2.66
MHS01353;4;2.82;2.7
MHS01353;5;2.99;2.76
MHS01353;6;2.76;2.76
MHS01354;1;3.05;3.05
MHS01354;2;2.82;2.94
MHS01354;3;3.18;3.02
MHS01354;4;2.67;2.93
MHS01354;5;3.01;2.95
MHS01354;6;2.77;2.92
MHS01355;1;2.25;2.25
MHS01355;2;2.39;2.32
MHS01355;3;2.87;2.5
MHS01355;4;2.48;2.5
MHS01356;1;2.77;2.77
MHS01356;2;3.62;3.2
MHS01356;3;3.18;3.19
MHS01356;4;3.33;3.23
MHS01356;5;3.3;3.24
MHS01356;6;3.33;3.25
MHS01356;7;3.63;3.31
MHS01356;8;2.85;3.25
MHS01356;9;3.24;3.25
MHS01357;1;2.9;2.9
MHS01357;2;3.14;3.02
MHS01357;3;3.17;3.07
MHS01357;4;3.23;3.11
MHS01357;5;3.4;3.17
MHS01357;6;3.54;3.23
MHS01357;7;3.39;3.25
MHS01357;8;3.47;3.28
MHS01358;1;3.1;3.1
MHS01358;2;3.15;3.12
MHS01358;3;3.47;3.24
MHS01358;4;3.34;3.26
MHS01359;1;2.65;2.65
MHS01359;2;2.71;2.68
MHS01359;3;2.73;2.7
MHS01359;4;2.86;2.74
MHS01359;5;3.31;2.85
MHS01359;6;3.29;2.93
MHS01359;7;3.57;3.02
MHS01359;8;3.19;3.04
MHS01360;1;2.95;2.95
MHS01360;2;3.01;2.98
MHS01360;3;3.06;3.01
MHS01360;4;2.98;3.0
MHS01360;5;3.4;3.08
MHS01360;6;3.17;3.1
MHS01361;1;3.61;3.61
MHS01361;2;3.36;3.49
MHS01362;1;2.94;2.94
MHS01362;2;3.41;3.18
MHS01362;3;3.49;3.28
MHS01362;4;4.0;3.46
MHS01362;5;4.0;3.57
MHS01362;6;4.0;3.64
MHS01362;7;3.61;3.64
MHS01362;8;3.84;3.66
MHS01363;1;2.71;2.71
MHS01363;2;2.97;2.84
MHS01363;3;3.18;2.96
MHS01363;4;3.39;3.07
MHS01363;5;3.23;3.1
MHS01363;6;3.58;3.18
MHS01364;1;2.48;2.48
MHS01364;2;3.38;2.93
MHS01364;3;3.61;3.16
MHS01364;4;3.56;3.26
MHS01364;5;3.89;3.38
MHS01364;6;3.82;3.46
MHS01365;1;2.95;2.95
MHS01365;2;3.68;3.31
MHS01365;3;3.32;3.32
MHS01365;4;3.41;3.34
MHS01366;1;2.73;2.73
MHS01366;2;3.32;3.03
MHS01367;1;3.28;3.28
MHS01367;2;3.19;3.23
MHS01367;3;3.51;3.32
MHS01367;4;3.6;3.39
MHS01367;5;3.77;3.47
MHS01367;6;4.0;3.56
MHS01368;1;2.38;2.38
MHS01368;2;3.44;2.91
MHS01368;3;3.95;3.26
MHS01368;4;3.6;3.34
MHS01369;1;2.7;2.7
MHS01369;2;2.43;2.57
MHS01369;3;3.34;2.82
MHS01369;4;3.38;2.96
MHS01369;5;3.78;3.13
MHS01369;6;3.48;3.19
MHS01369;7;3.02;3.16
MHS01369;8;3.51;3.21
MHS01369;9;3.06;3.19
MHS01369;10;3.06;3.18
MHS01370;1;2.18;2.18
MHS01370;2;3.03;2.61
MHS01370;3;2.91;2.71
MHS01370;4;2.94;2.76
MHS01370;5;3.3;2.87
MHS01370;6;3.59;2.99
MHS01371;1;3.73;3.73
MHS01371;2;4.0;3.87
MHS01371;3;3.97;3.9
MHS01371;4;3.59;3.82
MHS01371;5;4.0;3.86
MHS01371;6;3.86;3.86
MHS01372;1;3.21;3.21
MHS01372;2;3.36;3.29
MHS01372;3;3.55;3.37
MHS01372;4;3.73;3.46
MHS01372;5;3.57;3.48
MHS01372;6;3.8;3.54
MHS01373;1;2.14;2.14
MHS01373;2;2.24;2.19
MHS01373;3;2.07;2.15
MHS01373;4;2.4;2.21
MHS01374;1;3.0;3.0
MHS01374;2;3.28;3.14
MHS01375;1;2.42;2.42
MHS01375;2;2.38;2.4
MHS01375;3;2.88;2.56
MHS01375;4;2.9;2.65
MHS01376;1;2.97;2.97
MHS01376;2;3.05;3.01
MHS01376;3;3.37;3.13
MHS01376;4;3.18;3.14
MHS01377;1;3.73;3.73
MHS01377;2;4.0;3.87
MHS01377;3;4.0;3.91
MHS01377;4;3.95;3.92
MHS01377;5;4.0;3.94
MHS01377;6;4.0;3.95
MHS01377;7;4.0;3.95
MHS01377;8;4.0;3.96
MHS01378;1;4.0;4.0
MHS01378;2;3.86;3.93
MHS01378;3;4.0;3.95
MHS01378;4;3.5;3.84
MHS01379;1;2.45;2.45
MHS01379;2;3.15;2.8
MHS01379;3;2.81;2.8
MHS01379;4;3.08;2.87
MHS01379;5;3.39;2.98
MHS01379;6;3.09;2.99
MHS01379;7;3.45;3.06
MHS01379;8;2.68;3.01
MHS01379;9;3.18;3.03
MHS01380;1;2.22;2.22
MHS01380;2;3.0;2.61
MHS01381;1;3.18;3.18
MHS01381;2;3.02;3.1
MHS01381;3;3.26;3.15
MHS01381;4;3.47;3.23
MHS01381;5;3.44;3.27
MHS01381;6;3.52;3.31
MHS01381;7;3.12;3.29
MHS01381;8;3.86;3.36
MHS01382;1;3.02;3.02
MHS01382;2;4.0;3.51
MHS01382;3;4.0;3.67
MHS01382;4;4.0;3.75
MHS01382;5;3.95;3.79
MHS01382;6;4.0;3.83
MHS01382;7;3.54;3.79
MHS01382;8;4.0;3.81
MHS01383;1;3.54;3.54
MHS01383;2;3.77;3.66
MHS01383;3;3.77;3.69
MHS01383;4;3.32;3.6
MHS01384;1;3.25;3.25
MHS01384;2;3.93;3.59
MHS01384;3;3.52;3.57
MHS01384;4;3.66;3.59
MHS01384;5;3.91;3.65
MHS01384;6;3.57;3.64
MHS01385;1;3.3;3.3
MHS01385;2;3.58;3.44
MHS01385;3;3.34;3.41
MHS01385;4;3.49;3.43
MHS01385;5;3.42;3.42
MHS01385;6;3.86;3.5
MHS01385;7;3.14;3.45
MHS01385;8;3.6;3.47
MHS01386;1;2.95;2.95
MHS01386;2;3.71;3.33
MHS01386;3;3.47;3.38
MHS01386;4;3.91;3.51
MHS01386;5;4.0;3.61
MHS01386;6;4.0;3.67
MHS01386;7;4.0;3.72
MHS01386;8;4.0;3.76
MHS01387;1;2.92;2.92
MHS01387;2;3.54;3.23
MHS01387;3;3.58;3.35
MHS01387;4;3.57;3.41
MHS01387;5;3.46;3.42
MHS01387;6;3.12;3.37
MHS01387;7;3.6;3.4
MHS01387;8;3.58;3.42
MHS01388;1;3.27;3.27
MHS01388;2;3.29;3.28
MHS01388;3;3.63;3.4
MHS01388;4;3.76;3.49
MHS01388;5;3.94;3.58
MHS01388;6;4.0;3.65
MHS01389;1;3.05;3.05
MHS01389;2;4.0;3.52
MHS01389;3;3.76;3.6
MHS01389;4;3.77;3.64
MHS01389;5;3.9;3.69
MHS01389;6;3.63;3.68
MHS01390;1;3.18;3.18
MHS01390;2;3.01;3.09
MHS01390;3;3.14;3.11
MHS01390;4;3.21;3.13
MHS01390;5;2.98;3.1
MHS01390;6;3.34;3.14
MHS01390;7;3.12;3.14
MHS01390;8;3.45;3.18
MHS01391;1;2.59;2.59
MHS01391;2;2.6;2.59
MHS01392;1;2.69;2.69
MHS01392;2;2.88;2.79
MHS01392;3;2.66;2.74
MHS01392;4;2.84;2.77
MHS01392;5;2.57;2.73
MHS01392;6;3.24;2.81
MHS01392;7;2.68;2.79
MHS01392;8;2.39;2.74
MHS01392;9;3.03;2.78
MHS01392;10;3.17;2.82
MHS01393;1;2.65;2.65
MHS01393;2;2.39;2.52
MHS01393;3;3.46;2.83
MHS01393;4;3.08;2.9
MHS01393;5;3.36;2.99
MHS01393;6;3.52;3.08
MHS01394;1;3.62;3.62
MHS01394;2;3.43;3.53
MHS01395;1;1.36;1.36
MHS01395;2;2.48;1.92
MHS01395;3;2.26;2.03
MHS01395;4;2.45;2.14
MHS01396;1;3.13;3.13
MHS01396;2;3.33;3.23
MHS01396;3;3.78;3.41
MHS01396;4;4.0;3.56
MHS01397;1;2.44;2.44
MHS01397;2;2.88;2.66
MHS01398;1;2.9;2.9
MHS01398;2;3.32;3.11
MHS01398;3;3.68;3.3
MHS01398;4;3.89;3.45
MHS01399;1;2.53;2.53
MHS01399;2;2.72;2.62
MHS01399;3;3.08;2.77
MHS01399;4;2.98;2.82
MHS01399;5;2.7;2.8
MHS01399;6;3.03;2.84
MHS01400;1;2.73;2.73
MHS01400;2;2.7;2.71
MHS01401;1;3.42;3.42
MHS01401;2;3.93;3.68
MHS01401;3;3.37;3.58
MHS01401;4;3.44;3.54
MHS01401;5;3.92;3.62
MHS01401;6;3.72;3.64
MHS01401;7;3.94;3.68
MHS01401;8;3.68;3.68
MHS01402;1;2.92;2.92
MHS01402;2;2.75;2.84
MHS01402;3;3.53;3.07
MHS01402;4;3.56;3.19
MHS01402;5;3.63;3.28
MHS01402;6;3.44;3.31
MHS01402;7;3.49;3.33
MHS01402;8;4.0;3.41
MHS01402;9;3.57;3.43
MHS01403;1;4.0;4.0
MHS01403;2;3.09;3.55
MHS01404;1;2.8;2.8
MHS01404;2;2.66;2.73
MHS01404;3;2.83;2.76
MHS01404;4;3.25;2.89
MHS01404;5;3.58;3.02
MHS01404;6;3.32;3.07
MHS01405;1;3.86;3.86
MHS01405;2;3.26;3.56
MHS01405;3;3.84;3.65
MHS01405;4;4.0;3.74
MHS01406;1;4.0;4.0
MHS01406;2;3.93;3.97
MHS01406;3;4.0;3.98
MHS01406;4;3.64;3.89
MHS01406;5;3.77;3.87
MHS01406;6;3.94;3.88
MHS01407;1;2.36;2.36
MHS01407;2;2.82;2.59
MHS01407;3;3.19;2.79
MHS01407;4;2.88;2.81
MHS01407;5;2.64;2.78
MHS01407;6;2.66;2.76
MHS01408;1;2.28;2.28
MHS01408;2;2.64;2.46
MHS01408;3;2.72;2.55
MHS01408;4;2.62;2.56
MHS01409;1;2.15;2.15
MHS01409;2;2.57;2.36
MHS01410;1;2.88;2.88
MHS01410;2;3.33;3.11
MHS01410;3;3.08;3.1
MHS01410;4;3.14;3.11
MHS01411;1;2.94;2.94
MHS01411;2;3.3;3.12
MHS01412;1;3.52;3.52
MHS01412;2;3.52;3.52
MHS01413;1;2.76;2.76
MHS01413;2;3.35;3.06
MHS01413;3;3.08;3.06
MHS01413;4;3.89;3.27
MHS01413;5;3.53;3.32
MHS01413;6;3.07;3.28
MHS01413;7;3.13;3.26
MHS01413;8;3.99;3.35
MHS01414;1;3.57;3.57
MHS01414;2;2.91;3.24
MHS01414;3;3.67;3.38
MHS01414;4;3.7;3.46
MHS01414;5;3.63;3.5
MHS01414;6;3.96;3.57
MHS01414;7;3.61;3.58
MHS01414;8;3.49;3.57
MHS01415;1;2.81;2.81
MHS01415;2;3.79;3.3
MHS01415;3;3.68;3.43
MHS01415;4;3.89;3.54
MHS01416;1;2.09;2.09
MHS01416;2;2.04;2.07
MHS01417;1;2.85;2.85
MHS01417;2;2.87;2.86
MHS01417;3;2.83;2.85
MHS01417;4;3.05;2.9
MHS01417;5;3.08;2.94
MHS01417;6;3.55;3.04
MHS01417;7;3.0;3.03
MHS01417;8;3.21;3.06
MHS01417;9;3.13;3.06
MHS01417;10;3.44;3.1
MHS01418;1;2.96;2.96
MHS01418;2;2.68;2.82
MHS01419;1;3.13;3.13
MHS01419;2;3.13;3.13
MHS01419;3;3.31;3.19
MHS01419;4;3.48;3.26
MHS01419;5;3.75;3.36
MHS01419;6;3.83;3.44
MHS01419;7;3.86;3.5
MHS01419;8;4.0;3.56
MHS01420;1;2.74;2.74
MHS01420;2;2.85;2.8
MHS01420;3;3.0;2.87
MHS01420;4;3.51;3.03
MHS01420;5;3.06;3.03
MHS01420;6;3.43;3.1
MHS01421;1;2.99;2.99
MHS01421;2;3.35;3.17
MHS01421;3;3.0;3.11
MHS01421;4;3.46;3.2
MHS01422;1;2.68;2.68
MHS01422;2;3.1;2.89
MHS01422;3;2.98;2.92
MHS01422;4;2.99;2.94
MHS01422;5;2.53;2.86
MHS01422;6;3.03;2.89
MHS01423;1;2.49;2.49
MHS01423;2;2.37;2.43
MHS01423;3;2.31;2.39
MHS01423;4;2.18;2.34
MHS01423;5;2.29;2.33
MHS01423;6;3.15;2.47
MHS01424;1;3.23;3.23
MHS01424;2;3.29;3.26
MHS01424;3;3.36;3.29
MHS01424;4;3.66;3.38
MHS01424;5;3.8;3.47
MHS01424;6;3.74;3.51
MHS01424;7;3.99;3.58
MHS01424;8;3.96;3.63
MHS01425;1;2.69;2.69
MHS01425;2;2.9;2.79
MHS01425;3;3.21;2.93
MHS01425;4;3.55;3.09
MHS01426;1;3.87;3.87
MHS01426;2;3.8;3.83
MHS01426;3;3.63;3.76
MHS01426;4;3.63;3.73
MHS01426;5;4.0;3.78
MHS01426;6;3.54;3.74
MHS01427;1;3.53;3.53
MHS01427;2;4.0;3.76
MHS01428;1;3.46;3.46
MHS01428;2;3.74;3.6
MHS01429;1;3.48;3.48
MHS01429;2;4.0;3.74
MHS01429;3;3.84;3.77
MHS01429;4;4.0;3.83
MHS01429;5;4.0;3.86
MHS01429;6;4.0;3.89
MHS01430;1;2.8;2.8
MHS01430;2;3.21;3.0
MHS01430;3;3.53;3.18
MHS01430;4;3.11;3.16
MHS01431;1;2.44;2.44
MHS01431;2;2.61;2.52
MHS01432;1;3.07;3.07
MHS01432;2;2.82;2.95
MHS01432;3;3.98;3.29
MHS01432;4;3.92;3.45
MHS01432;5;3.88;3.53
MHS01432;6;3.61;3.55
MHS01433;1;2.88;2.88
MHS01433;2;2.94;2.91
MHS01434;1;3.46;3.46
MHS01434;2;3.42;3.44
MHS01434;3;3.72;3.53
MHS01434;4;3.49;3.52
MHS01435;1;3.32;3.32
MHS01435;2;3.85;3.59
MHS01436;1;2.23;2.23
MHS01436;2;2.66;2.44
MHS01436;3;3.39;2.76
MHS01436;4;2.99;2.81
MHS01436;5;3.32;2.92
MHS01436;6;3.11;2.95
MHS01436;7;3.35;3.01
MHS01436;8;3.19;3.03
MHS01436;9;3.18;3.05
MHS01436;10;3.7;3.11
MHS01437;1;1.72;1.72
MHS01437;2;1.71;1.71
MHS01438;1;3.11;3.11
MHS01438;2;2.77;2.94
MHS01438;3;2.92;2.93
MHS01438;4;3.22;3.01
MHS01439;1;2.8;2.8
MHS01439;2;3.14;2.97
MHS01439;3;3.42;3.12
MHS01439;4;3.59;3.24
MHS01439;5;3.42;3.27
MHS01439;6;3.2;3.26
MHS01439;7;2.77;3.19
MHS01439;8;3.35;3.21
MHS01440;1;3.79;3.79
MHS01440;2;3.57;3.68
MHS01441;1;2.36;2.36
MHS01441;2;2.93;2.65
MHS01441;3;3.12;2.8
MHS01441;4;3.1;2.88
MHS01441;5;2.78;2.86
MHS01441;6;2.77;2.84
MHS01442;1;2.88;2.88
MHS01442;2;3.84;3.36
MHS01442;3;3.03;3.25
MHS01442;4;4.0;3.44
MHS01442;5;3.38;3.43
MHS01442;6;4.0;3.52
MHS01442;7;3.26;3.48
MHS01442;8;3.25;3.45
MHS01443;1;2.76;2.76
MHS01443;2;3.25;3.0
MHS01443;3;3.64;3.22
MHS01443;4;3.39;3.26
MHS01443;5;3.19;3.24
MHS01443;6;3.54;3.29
MHS01443;7;3.67;3.35
MHS01443;8;3.15;3.32
MHS01444;1;3.55;3.55
MHS01444;2;3.58;3.56
MHS01444;3;4.0;3.71
MHS01444;4;4.0;3.78
MHS01445;1;4.0;4.0
MHS01445;2;3.97;3.99
MHS01445;3;4.0;3.99
MHS01445;4;3.65;3.91
MHS01446;1;3.05;3.05
MHS01446;2;3.56;3.31
MHS01446;3;3.14;3.25
MHS01446;4;3.73;3.37
MHS01446;5;3.89;3.48
MHS01446;6;3.89;3.54
MHS01446;7;3.58;3.55
MHS01446;8;3.83;3.59
MHS01447;1;2.47;2.47
MHS01447;2;2.98;2.73
MHS01447;3;2.69;2.71
MHS01447;4;3.7;2.96
MHS01447;5;2.72;2.91
MHS01447;6;3.05;2.94
MHS01447;7;2.76;2.91
MHS01447;8;2.83;2.9
MHS01447;9;2.96;2.91
MHS01447;10;3.31;2.95
MHS01448;1;2.42;2.42
MHS01448;2;3.33;2.87
MHS01448;3;3.42;3.06
MHS01448;4;3.21;3.09
MHS01448;5;3.62;3.2
MHS01448;6;4.0;3.33
MHS01449;1;2.12;2.12
MHS01449;2;2.57;2.34
MHS01450;1;1.92;1.92
MHS01450;2;3.12;2.52
MHS01450;3;2.45;2.5
MHS01450;4;3.22;2.68
MHS01451;1;3.44;3.44
MHS01451;2;3.44;3.44
MHS01451;3;3.44;3.44
MHS01451;4;3.36;3.42
MHS01452;1;2.64;2.64
MHS01452;2;2.8;2.72
MHS01452;3;3.42;2.95
MHS01452;4;2.88;2.94
MHS01452;5;2.95;2.94
MHS01452;6;3.32;3.0
MHS01453;1;2.91;2.91
MHS01453;2;3.4;3.16
MHS01454;1;2.6;2.6
MHS01454;2;3.01;2.8
MHS01455;1;2.77;2.77
MHS01455;2;3.42;3.09
MHS01455;3;3.56;3.25
MHS01455;4;3.57;3.33
MHS01455;5;2.82;3.23
MHS01455;6;3.6;3.29
MHS01455;7;3.67;3.34
MHS01455;8;3.74;3.39
MHS01456;1;3.12;3.12
MHS01456;2;3.51;3.32
MHS01457;1;3.14;3.14
MHS01457;2;3.66;3.4
MHS01457;3;3.36;3.39
MHS01457;4;3.08;3.31
MHS01457;5;3.56;3.36
MHS01457;6;4.0;3.47
MHS01457;7;4.0;3.54
MHS01457;8;3.57;3.55
MHS01458;1;2.38;2.38
MHS01458;2;3.12;2.75
MHS01458;3;2.62;2.71
MHS01458;4;2.81;2.73
MHS01459;1;2.32;2.32
MHS01459;2;2.69;2.5
MHS01459;3;3.11;2.7
MHS01459;4;3.29;2.85
MHS01459;5;2.99;2.88
MHS01459;6;3.51;2.98
MHS01459;7;3.41;3.04
MHS01459;8;3.39;3.09
MHS01460;1;4.0;4.0
MHS01460;2;4.0;4.0
MHS01460;3;4.0;4.0
MHS01460;4;4.0;4.0
MHS01461;1;3.07;3.07
MHS01461;2;2.83;2.95
MHS01462;1;2.29;2.29
MHS01462;2;2.57;2.43
MHS01462;3;2.72;2.53
MHS01462;4;3.3;2.72
MHS01462;5;3.01;2.78
MHS01462;6;3.0;2.81
MHS01462;7;3.22;2.87
MHS01462;8;2.87;2.87
MHS01463;1;3.34;3.34
MHS01463;2;3.89;3.61
MHS01463;3;4.0;3.74
MHS01463;4;4.0;3.81
MHS01464;1;2.92;2.92
MHS01464;2;3.28;3.1
MHS01464;3;3.23;3.14
MHS01464;4;3.37;3.2
MHS01464;5;2.91;3.14
MHS01464;6;3.42;3.19
MHS01465;1;3.6;3.6
MHS01465;2;3.93;3.76
MHS01466;1;2.54;2.54
MHS01466;2;3.1;2.82
MHS01466;3;3.22;2.95
MHS01466;4;2.77;2.91
MHS01467;1;2.78;2.78
MHS01467;2;3.15;2.97
MHS01467;3;2.89;2.94
MHS01467;4;2.78;2.9
MHS01467;5;2.92;2.9
MHS01467;6;2.46;2.83
MHS01468;1;3.5;3.5
MHS01468;2;3.42;3.46
MHS01468;3;3.55;3.49
MHS01468;4;3.7;3.54
MHS01469;1;2.26;2.26
MHS01469;2;2.1;2.18
MHS01470;1;3.9;3.9
MHS01470;2;3.98;3.94
MHS01471;1;2.01;2.01
MHS01471;2;2.64;2.32
MHS01471;3;3.12;2.59
MHS01471;4;2.65;2.6
MHS01472;1;3.19;3.19
MHS01472;2;3.05;3.12
MHS01473;1;3.17;3.17
MHS01473;2;2.94;3.05
MHS01473;3;3.38;3.16
MHS01473;4;2.67;3.04
MHS01474;1;3.07;3.07
MHS01474;2;3.64;3.35
MHS01475;1;3.12;3.12
MHS01475;2;2.95;3.03
MHS01475;3;3.49;3.19
MHS01475;4;3.42;3.25
MHS01475;5;3.5;3.3
MHS01475;6;3.54;3.34
MHS01476;1;2.58;2.58
MHS01476;2;2.81;2.69
MHS01476;3;2.56;2.65
MHS01476;4;2.53;2.62
MHS01477;1;2.02;2.02
MHS01477;2;2.37;2.19
MHS01477;3;3.23;2.54
MHS01477;4;2.83;2.61
MHS01477;5;2.59;2.61
MHS01477;6;3.21;2.71
MHS01477;7;2.87;2.73
MHS01477;8;3.17;2.79
MHS01477;9;2.89;2.8
MHS01477;10;2.81;2.8
MHS01478;1;2.92;2.92
MHS01478;2;3.76;3.34
MHS01478;3;4.0;3.56
MHS01478;4;3.75;3.61
MHS01479;1;2.42;2.42
MHS01479;2;2.56;2.49
MHS01480;1;2.85;2.85
MHS01480;2;3.0;2.93
MHS01480;3;3.01;2.96
MHS01480;4;2.91;2.94
MHS01480;5;2.71;2.9
MHS01480;6;3.23;2.95
MHS01481;1;1.94;1.94
MHS01481;2;2.14;2.04
MHS01481;3;1.82;1.97
MHS01481;4;1.8;1.92
MHS01482;1;2.11;2.11
MHS01482;2;2.74;2.43
MHS01482;3;3.22;2.69
MHS01483;1;2.73;2.73
MHS01483;2;3.22;2.97
MHS01483;3;3.42;3.12
MHS01483;4;3.57;3.23
MHS01483;5;4.0;3.39
MHS01483;6;3.25;3.37
MHS01483;7;3.32;3.36
MHS01483;8;3.48;3.38
MHS01484;1;3.05;3.05
MHS01484;2;3.65;3.35
MHS01484;3;3.28;3.33
MHS01484;4;3.04;3.26
MHS01485;1;2.83;2.83
MHS01485;2;2.77;2.8
MHS01486;1;2.72;2.72
MHS01486;2;3.57;3.14
MHS01487;1;2.43;2.43
MHS01487;2;2.04;2.24
MHS01488;1;1.92;1.92
MHS01488;2;2.95;2.43
MHS01489;1;3.53;3.53
MHS01489;2;3.89;3.71
MHS01490;1;3.2;3.2
MHS01490;2;3.19;3.2
MHS01490;3;3.88;3.43
MHS01490;4;3.29;3.39
MHS01491;1;3.05;3.05
MHS01491;2;3.31;3.18
MHS01491;3;3.06;3.14
MHS01491;4;3.8;3.31
MHS01492;1;2.21;2.21
MHS01492;2;2.52;2.36
MHS01492;3;2.66;2.46
MHS01492;4;2.89;2.57
MHS01492;5;3.3;2.71
MHS01492;6;3.44;2.83
MHS01492;7;2.99;2.86
MHS01492;8;3.36;2.92
MHS01493;1;3.79;3.79
MHS01493;2;4.0;3.89
MHS01493;3;4.0;3.93
MHS01493;4;4.0;3.95
MHS01494;1;3.0;3.0
MHS01494;2;3.34;3.17
MHS01494;3;3.26;3.2
MHS01494;4;3.31;3.23
MHS01494;5;3.54;3.29
MHS01494;6;3.77;3.37
MHS01494;7;3.5;3.39
MHS01494;8;3.75;3.43
MHS01495;1;2.65;2.65
MHS01495;2;2.73;2.69
MHS01495;3;3.14;2.84
MHS01495;4;3.11;2.91
MHS01496;1;3.5;3.5
MHS01496;2;3.5;3.5
MHS01496;3;3.91;3.64
MHS01496;4;3.68;3.65
MHS01496;5;3.94;3.71
MHS01496;6;3.77;3.72
MHS01496;7;3.52;3.69
MHS01496;8;3.76;3.7
MHS01497;1;3.83;3.83
MHS01497;2;3.43;3.63
MHS01497;3;3.84;3.7
MHS01497;4;4.0;3.77
MHS01498;1;2.94;2.94
MHS01498;2;3.11;3.03
MHS01498;3;3.68;3.24
MHS01498;4;2.53;3.07
MHS01499;1;2.7;2.7
MHS01499;2;2.93;2.82
MHS01499;3;3.15;2.93
MHS01499;4;3.43;3.06
MHS01499;5;2.86;3.02
MHS01499;6;2.88;2.99
MHS01499;7;3.47;3.06
MHS01499;8;2.98;3.05
MHS01499;9;3.17;3.06
MHS01500;1;3.05;3.05
MHS01500;2;3.08;3.07
MHS01500;3;3.62;3.25
MHS01500;4;3.41;3.29
MHS01500;5;2.84;3.2
MHS01500;6;3.29;3.22
MHS01501;1;2.74;2.74
MHS01501;2;2.3;2.52
MHS01501;3;2.67;2.57
MHS01501;4;2.62;2.58
MHS01501;5;2.95;2.65
MHS01501;6;2.44;2.62
MHS01501;7;3.3;2.72
MHS01501;8;2.96;2.75
MHS01502;1;3.0;3.0
MHS01502;2;3.28;3.14
MHS01502;3;3.66;3.31
MHS01502;4;3.46;3.35
MHS01502;5;3.35;3.35
MHS01502;6;3.53;3.38
MHS01503;1;3.16;3.16
MHS01503;2;3.03;3.1
MHS01503;3;3.4;3.2
MHS01503;4;3.52;3.28
MHS01503;5;4.0;3.42
MHS01503;6;4.0;3.52
MHS01504;1;2.44;2.44
MHS01504;2;3.25;2.85
MHS01504;3;3.48;3.06
MHS01504;4;3.67;3.21
MHS01504;5;3.47;3.26
MHS01504;6;4.0;3.38
MHS01505;1;3.0;3.0
MHS01505;2;3.96;3.48
MHS01505;3;3.41;3.45
MHS01505;4;3.88;3.56
MHS01506;1;3.38;3.38
MHS01506;2;3.28;3.33
MHS01507;1;2.77;2.77
MHS01507;2;3.11;2.94
MHS01507;3;3.43;3.1
MHS01507;4;3.27;3.15
MHS01507;5;2.95;3.11
MHS01507;6;3.62;3.19
MHS01507;7;3.22;3.2
MHS01507;8;3.67;3.26
MHS01508;1;3.37;3.37
MHS01508;2;2.72;3.05
MHS01508;3;3.56;3.22
MHS01508;4;3.78;3.36
MHS01508;5;3.66;3.42
MHS01508;6;4.0;3.52
MHS01509;1;2.13;2.13
MHS01509;2;2.32;2.23
MHS01510;1;3.51;3.51
MHS01510;2;2.81;3.16
MHS01510;3;3.42;3.25
MHS01510;4;3.67;3.35
MHS01510;5;2.84;3.25
MHS01510;6;3.59;3.31
MHS01510;7;3.26;3.3
MHS01510;8;3.75;3.36
MHS01511;1;2.95;2.95
MHS01511;2;2.6;2.77
MHS01511;3;3.23;2.92
MHS01511;4;2.84;2.9
MHS01511;5;2.74;2.87
MHS01511;6;2.57;2.82
MHS01512;1;2.69;2.69
MHS01512;2;3.23;2.96
MHS01512;3;3.95;3.29
MHS01512;4;3.31;3.3
MHS01512;5;4.0;3.44
MHS01512;6;4.0;3.53
MHS01513;1;1.36;1.36
MHS01513;2;1.89;1.63
MHS01514;1;3.24;3.24
MHS01514;2;3.75;3.5
MHS01514;3;3.37;3.45
MHS01514;4;3.57;3.48
MHS01514;5;3.88;3.56
MHS01514;6;3.65;3.58
MHS01515;1;2.62;2.62
MHS01515;2;2.32;2.47
MHS01515;3;2.51;2.48
MHS01515;4;2.67;2.53
MHS01515;5;3.26;2.68
MHS01515;6;3.09;2.75
MHS01516;1;3.04;3.04
MHS01516;2;2.79;2.91
MHS01516;3;2.88;2.9
MHS01517;1;2.03;2.03
MHS01517;2;2.44;2.23
MHS01518;1;1.83;1.83
MHS01518;2;1.98;1.9
MHS01519;1;3.28;3.28
MHS01519;2;3.7;3.49
MHS01519;3;3.55;3.51
MHS01519;4;3.86;3.6
MHS01520;1;2.17;2.17
MHS01520;2;2.63;2.4
MHS01520;3;2.66;2.48
MHS01520;4;2.88;2.58
MHS01521;1;3.51;3.51
MHS01521;2;3.48;3.49
MHS01521;3;3.46;3.48
MHS01521;4;3.77;3.55
MHS01521;5;3.89;3.62
MHS01521;6;3.77;3.64
MHS01521;7;3.79;3.67
MHS01521;8;4.0;3.71
MHS01522;1;3.22;3.22
MHS01522;2;2.38;2.8
MHS01522;3;3.78;3.13
MHS01522;4;3.54;3.23
MHS01522;5;3.27;3.24
MHS01522;6;3.12;3.22
MHS01522;7;3.26;3.22
MHS01522;8;2.99;3.2
MHS01523;1;3.31;3.31
MHS01523;2;2.64;2.98
MHS01523;3;3.28;3.08
MHS01523;4;3.31;3.14
MHS01524;1;3.63;3.63
MHS01524;2;3.71;3.67
MHS01524;3;4.0;3.78
MHS01524;4;4.0;3.83
MHS01524;5;4.0;3.87
MHS01524;6;3.71;3.84
MHS01525;1;2.95;2.95
MHS01525;2;3.32;3.14
MHS01526;1;3.21;3.21
MHS01526;2;4.0;3.6
MHS01526;3;4.0;3.74
MHS01526;4;3.9;3.78
MHS01526;5;4.0;3.82
MHS01526;6;3.96;3.85
MHS01526;7;4.0;3.87
MHS01526;8;4.0;3.88
MHS01527;1;3.36;3.36
MHS01527;2;3.36;3.36
MHS01527;3;3.47;3.4
MHS01527;4;3.55;3.44
MHS01528;1;3.62;3.62
MHS01528;2;3.24;3.43
MHS01529;1;3.28;3.28
MHS01529;2;3.36;3.32
MHS01529;3;3.49;3.38
MHS01529;4;3.45;3.39
MHS01529;5;3.5;3.42
MHS01529;6;3.21;3.38
MHS01530;1;2.2;2.2
MHS01530;2;2.59;2.4
MHS01530;3;3.19;2.66
MHS01530;4;3.12;2.78
MHS01530;5;3.06;2.83
MHS01530;6;3.08;2.88
MHS01530;7;2.5;2.82
MHS01530;8;2.99;2.84
MHS01530;9;2.73;2.83
MHS01530;10;2.64;2.81
MHS01531;1;2.91;2.91
MHS01531;2;3.27;3.09
MHS01532;1;2.44;2.44
MHS01532;2;2.97;2.71
MHS01532;3;3.26;2.89
MHS01532;4;3.69;3.09
MHS01532;5;3.06;3.09
MHS01532;6;3.3;3.12
MHS01532;7;3.16;3.13
MHS01532;8;3.52;3.18
MHS01533;1;3.47;3.47
MHS01533;2;3.19;3.33
MHS01533;3;3.96;3.54
MHS01533;4;4.0;3.65
MHS01533;5;4.0;3.72
MHS01533;6;3.6;3.7
MHS01533;7;4.0;3.74
MHS01533;8;3.77;3.75
MHS01534;1;3.63;3.63
MHS01534;2;4.0;3.82
MHS01534;3;4.0;3.88
MHS01534;4;4.0;3.91
MHS01534;5;4.0;3.93
MHS01534;6;4.0;3.94
MHS01535;1;3.33;3.33
MHS01535;2;3.45;3.39
MHS01536;1;2.88;2.88
MHS01536;2;3.74;3.31
MHS01537;1;2.95;2.95
MHS01537;2;2.53;2.74
MHS01538;1;2.45;2.45
MHS01538;2;2.59;2.52
MHS01538;3;2.84;2.63
MHS01538;4;2.93;2.71
MHS01538;5;3.56;2.88
MHS01538;6;3.1;2.91
MHS01539;1;3.18;3.18
MHS01539;2;3.66;3.42
MHS01539;3;3.67;3.5
MHS01539;4;3.55;3.52
MHS01540;1;2.98;2.98
MHS01540;2;3.03;3.0
MHS01540;3;3.27;3.09
MHS01540;4;2.92;3.05
MHS01540;5;3.18;3.07
MHS01540;6;2.51;2.98
MHS01540;7;2.96;2.98
MHS01540;8;3.04;2.99
MHS01541;1;2.73;2.73
MHS01541;2;3.39;3.06
MHS01541;3;3.19;3.1
MHS01541;4;3.76;3.27
MHS01541;5;3.58;3.33
MHS01541;6;3.77;3.4
MHS01541;7;3.8;3.46
MHS01541;8;3.07;3.41
MHS01541;9;3.71;3.44
MHS01542;1;2.79;2.79
MHS01542;2;2.76;2.78
MHS01542;3;3.18;2.91
MHS01542;4;3.51;3.06
MHS01542;5;3.34;3.12
MHS01542;6;3.5;3.18
MHS01542;7;2.95;3.15
MHS01542;8;3.77;3.22
MHS01543;1;3.17;3.17
MHS01543;2;3.16;3.16
MHS01543;3;3.06;3.13
MHS01543;4;3.15;3.13
MHS01544;1;3.35;3.35
MHS01544;2;3.53;3.44
MHS01544;3;4.0;3.63
MHS01544;4;3.89;3.69
MHS01545;1;3.21;3.21
MHS01545;2;3.12;3.16
MHS01545;3;2.91;3.08
MHS01545;4;3.45;3.17
MHS01546;1;3.13;3.13
MHS01546;2;3.61;3.37
MHS01546;3;3.31;3.35
MHS01546;4;3.74;3.45
MHS01547;1;4.0;4.0
MHS01547;2;4.0;4.0
MHS01547;3;4.0;4.0
MHS01547;4;3.97;3.99
MHS01548;1;2.36;2.36
MHS01548;2;2.73;2.54
MHS01548;3;2.37;2.49
MHS01548;4;2.55;2.5
MHS01549;1;3.21;3.21
MHS01549;2;3.5;3.36
MHS01550;1;3.19;3.19
MHS01550;2;3.54;3.36
MHS01550;3;4.0;3.58
MHS01550;4;3.86;3.65
MHS01550;5;3.55;3.63
MHS01550;6;3.62;3.63
MHS01551;1;3.78;3.78
MHS01551;2;3.29;3.53
MHS01552;1;2.42;2.42
MHS01552;2;2.51;2.47
MHS01553;1;3.8;3.8
MHS01553;2;3.7;3.75
MHS01553;3;3.89;3.8
MHS01553;4;3.94;3.83
MHS01553;5;3.67;3.8
MHS01553;6;3.37;3.73
MHS01554;1;2.73;2.73
MHS01554;2;2.75;2.74
MHS01554;3;2.93;2.8
MHS01554;4;3.29;2.92
MHS01554;5;3.25;2.99
MHS01554;6;2.75;2.95
MHS01555;1;3.72;3.72
MHS01555;2;4.0;3.86
MHS01555;3;4.0;3.91
MHS01555;4;3.85;3.89
MHS01555;5;3.93;3.9
MHS01555;6;4.0;3.92
MHS01555;7;3.89;3.91
MHS01555;8;4.0;3.92
MHS01556;1;2.34;2.34
MHS01556;2;1.69;2.02
MHS01557;1;3.07;3.07
MHS01557;2;3.46;3.26
MHS01558;1;3.12;3.12
MHS01558;2;3.08;3.1
MHS01558;3;3.59;3.27
MHS01558;4;3.56;3.34
MHS01558;5;3.61;3.39
MHS01558;6;3.62;3.43
MHS01559;1;2.15;2.15
MHS01559;2;2.88;2.52
MHS01560;1;4.0;4.0
MHS01560;2;4.0;4.0
MHS01561;1;2.15;2.15
MHS01561;2;2.55;2.35
MHS01562;1;2.46;2.46
MHS01562;2;2.87;2.66
MHS01562;3;2.5;2.61
MHS01562;4;3.22;2.76
MHS01562;5;3.1;2.83
MHS01562;6;3.06;2.87
MHS01563;1;2.89;2.89
MHS01563;2;2.88;2.89
MHS01563;3;3.16;2.98
MHS01563;4;3.16;3.02
MHS01563;5;2.84;2.99
MHS01563;6;2.94;2.98
MHS01564;1;3.73;3.73
MHS01564;2;4.0;3.87
MHS01564;3;3.61;3.78
MHS01564;4;3.89;3.81
MHS01565;1;3.23;3.23
MHS01565;2;3.55;3.39
MHS01566;1;3.47;3.47
MHS01566;2;2.96;3.22
MHS01566;3;3.39;3.28
MHS01566;4;3.6;3.36
MHS01566;5;3.27;3.34
MHS01566;6;3.51;3.37
MHS01567;1;3.28;3.28
MHS01567;2;3.43;3.35
MHS01567;3;3.6;3.43
MHS01567;4;4.0;3.58
MHS01568;1;3.43;3.43
MHS01568;2;3.87;3.65
MHS01568;3;3.7;3.67
MHS01568;4;3.66;3.66
MHS01568;5;3.59;3.65
MHS01568;6;4.0;3.71
MHS01569;1;2.91;2.91
MHS01569;2;2.88;2.9
MHS01570;1;3.12;3.12
MHS01570;2;3.41;3.26
MHS01571;1;3.27;3.27
MHS01571;2;3.44;3.35
MHS01571;3;3.7;3.47
MHS01571;4;3.78;3.55
MHS01571;5;3.72;3.58
MHS01571;6;4.0;3.65
MHS01572;1;2.12;2.12
MHS01572;2;2.2;2.16
MHS01573;1;3.34;3.34
MHS01573;2;3.22;3.28
MHS01573;3;4.0;3.52
MHS01573;4;3.34;3.48
MHS01574;1;2.33;2.33
MHS01574;2;2.68;2.5
MHS01574;3;2.95;2.65
MHS01574;4;2.66;2.66
MHS01575;1;2.63;2.63
MHS01575;2;2.01;2.32
MHS01575;3;2.88;2.51
MHS01575;4;3.08;2.65
MHS01575;5;3.23;2.77
MHS01575;6;2.32;2.69
MHS01575;7;2.37;2.65
MHS01575;8;2.4;2.62
MHS01576;1;2.78;2.78
MHS01576;2;3.19;2.98
MHS01576;3;3.02;3.0
MHS01576;4;2.88;2.97
MHS01576;5;2.98;2.97
MHS01576;6;3.32;3.03
MHS01576;7;3.03;3.03
MHS01576;8;2.89;3.01
MHS01576;9;3.11;3.02
MHS01577;1;2.25;2.25
MHS01577;2;2.59;2.42
MHS01577;3;3.17;2.67
MHS01577;4;3.11;2.78
MHS01577;5;3.26;2.87
MHS01577;6;3.36;2.96
MHS01578;1;1.69;1.69
MHS01578;2;2.98;2.33
MHS01578;3;2.57;2.41
MHS01578;4;2.72;2.49
MHS01579;1;2.49;2.49
MHS01579;2;2.64;2.57
MHS01580;1;2.68;2.68
MHS01580;2;2.96;2.82
MHS01580;3;3.22;2.95
MHS01580;4;3.9;3.19
MHS01580;5;3.49;3.25
MHS01580;6;3.82;3.35
MHS01581;1;2.88;2.88
MHS01581;2;3.04;2.96
MHS01581;3;3.7;3.21
MHS01581;4;3.19;3.2
MHS01581;5;3.15;3.19
MHS01581;6;2.88;3.14
MHS01582;1;2.48;2.48
MHS01582;2;2.65;2.56
MHS01582;3;2.38;2.5
MHS01582;4;2.89;2.6
MHS01582;5;3.5;2.78
MHS01582;6;2.55;2.74
MHS01582;7;3.34;2.83
MHS01582;8;2.94;2.84
MHS01583;1;2.64;2.64
MHS01583;2;2.79;2.72
MHS01583;3;2.84;2.76
MHS01583;4;3.36;2.91
MHS01583;5;3.49;3.03
MHS01583;6;2.82;2.99
MHS01584;1;2.67;2.67
MHS01584;2;3.61;3.14
MHS01585;1;2.65;2.65
MHS01585;2;3.34;2.99
MHS01586;1;3.12;3.12
MHS01586;2;3.28;3.2
MHS01586;3;3.83;3.41
MHS01586;4;4.0;3.56
MHS01587;1;3.64;3.64
MHS01587;2;2.99;3.31
MHS01587;3;3.03;3.22
MHS01587;4;3.23;3.22
MHS01587;5;3.14;3.21
MHS01587;6;3.42;3.24
MHS01588;1;3.67;3.67
MHS01588;2;3.9;3.79
MHS01589;1;2.72;2.72
MHS01589;2;3.2;2.96
MHS01589;3;2.77;2.9
MHS01589;4;3.18;2.97
MHS01589;5;3.8;3.14
MHS01589;6;2.93;3.1
MHS01589;7;3.33;3.13
MHS01589;8;2.98;3.11
MHS01589;9;3.33;3.14
MHS01589;10;3.25;3.15
MHS01590;1;3.8;3.8
MHS01590;2;4.0;3.9
MHS01590;3;4.0;3.93
MHS01590;4;4.0;3.95
MHS01591;1;2.53;2.53
MHS01591;2;2.75;2.64
MHS01591;3;2.97;2.75
MHS01591;4;2.49;2.69
MHS01591;5;3.1;2.77
MHS01591;6;2.55;2.73
MHS01591;7;2.87;2.75
MHS01591;8;2.62;2.74
MHS01592;1;2.63;2.63
MHS01592;2;2.4;2.51
MHS01592;3;3.07;2.7
MHS01592;4;3.42;2.88
MHS01593;1;3.79;3.79
MHS01593;2;3.97;3.88
MHS01594;1;2.77;2.77
MHS01594;2;3.25;3.01
MHS01594;3;3.76;3.26
MHS01594;4;3.3;3.27
MHS01595;1;2.03;2.03
MHS01595;2;2.61;2.32
MHS01595;3;2.85;2.5
MHS01596;1;2.67;2.67
MHS01596;2;2.62;2.64
MHS01596;3;2.68;2.66
MHS01596;4;3.6;2.89
MHS01597;1;3.43;3.43
MHS01597;2;3.05;3.24
MHS01597;3;3.39;3.29
MHS01597;4;3.59;3.37
MHS01598;1;3.83;3.83
MHS01598;2;4.0;3.92
MHS01598;3;4.0;3.94
MHS01598;4;3.86;3.92
MHS01599;1;3.08;3.08
MHS01599;2;3.85;3.46
MHS01600;1;2.32;2.32
MHS01600;2;3.21;2.76
MHS01600;3;3.13;2.89
MHS01600;4;3.05;2.93
MHS01601;1;3.27;3.27
MHS01601;2;3.32;3.3
MHS01601;3;3.45;3.35
MHS01601;4;3.13;3.29
MHS01601;5;2.94;3.22
MHS01601;6;3.42;3.26
MHS01601;7;3.14;3.24
MHS01601;8;3.43;3.26
MHS01602;1;3.69;3.69
MHS01602;2;3.75;3.72
MHS01602;3;3.67;3.71
MHS01602;4;3.79;3.73
MHS01602;5;3.98;3.78
MHS01602;6;3.41;3.72
MHS01602;7;3.46;3.68
MHS01602;8;3.77;3.69
MHS01603;1;3.15;3.15
MHS01603;2;3.01;3.08
MHS01604;1;2.34;2.34
MHS01604;2;2.62;2.48
MHS01605;1;2.1;2.1
MHS01605;2;2.49;2.3
MHS01605;3;3.25;2.62
MHS01605;4;3.28;2.78
MHS01606;1;3.22;3.22
MHS01606;2;3.42;3.32
MHS01606;3;3.11;3.25
MHS01606;4;2.98;3.18
MHS01606;5;2.98;3.14
MHS01606;6;3.27;3.16
MHS01607;1;2.31;2.31
MHS01607;2;2.36;2.34
MHS01607;3;3.16;2.61
MHS01607;4;2.9;2.68
MHS01608;1;2.96;2.96
MHS01608;2;3.26;3.11
MHS01608;3;3.5;3.24
MHS01608;4;3.28;3.25
MHS01608;5;2.87;3.17
MHS01608;6;3.67;3.26
MHS01608;7;3.88;3.35
MHS01608;8;3.64;3.38
MHS01609;1;2.86;2.86
MHS01609;2;3.43;3.14
MHS01609;3;2.69;2.99
MHS01609;4;2.79;2.94
MHS01609;5;3.4;3.03
MHS01609;6;3.11;3.05
MHS01609;7;3.34;3.09
MHS01609;8;3.0;3.08
MHS01609;9;3.37;3.11
MHS01609;10;2.82;3.08
MHS01610;1;3.23;3.23
MHS01610;2;3.57;3.4
MHS01610;3;3.43;3.41
MHS01610;4;3.53;3.44
MHS01610;5;3.16;3.38
MHS01610;6;3.34;3.38
MHS01610;7;3.71;3.43
MHS01610;8;3.83;3.48
MHS01611;1;2.11;2.11
MHS01611;2;2.38;2.24
MHS01612;1;2.67;2.67
MHS01612;2;3.37;3.02
MHS01612;3;3.47;3.17
MHS01612;4;3.09;3.15
MHS01613;1;3.07;3.07
MHS01613;2;3.54;3.3
MHS01613;3;3.66;3.42
MHS01613;4;4.0;3.57
MHS01613;5;3.87;3.63
MHS01613;6;4.0;3.69
MHS01613;7;3.96;3.73
MHS01613;8;4.0;3.76
MHS01614;1;3.11;3.11
MHS01614;2;3.88;3.5
MHS01614;3;4.0;3.66
MHS01614;4;3.48;3.62
MHS01615;1;2.16;2.16
MHS01615;2;3.48;2.82
MHS01616;1;2.4;2.4
MHS01616;2;2.52;2.46
MHS01616;3;2.17;2.36
MHS01616;4;2.72;2.45
MHS01616;5;2.78;2.52
MHS01616;6;2.77;2.56
MHS01616;7;3.11;2.64
MHS01616;8;2.76;2.65
MHS01616;9;2.84;2.67
MHS01616;10;2.43;2.65
MHS01616;11;3.09;2.69
MHS01616;12;2.19;2.65
MHS01617;1;3.93;3.93
MHS01617;2;3.54;3.73
MHS01618;1;2.78;2.78
MHS01618;2;3.1;2.94
MHS01618;3;3.08;2.99
MHS01618;4;3.53;3.12
MHS01618;5;2.99;3.1
MHS01618;6;3.04;3.09
MHS01619;1;2.24;2.24
MHS01619;2;2.27;2.26
MHS01620;1;2.49;2.49
MHS01620;2;2.46;2.47
MHS01620;3;2.57;2.51
MHS01620;4;2.79;2.58
MHS01621;1;2.76;2.76
MHS01621;2;3.39;3.07
MHS01621;3;3.19;3.11
MHS01621;4;3.24;3.14
MHS01621;5;3.15;3.15
MHS01621;6;3.01;3.12
MHS01622;1;2.46;2.46
MHS01622;2;2.89;2.68
MHS01622;3;3.42;2.92
MHS01622;4;2.95;2.93
MHS01622;5;3.06;2.96
MHS01622;6;3.12;2.98
MHS01623;1;2.53;2.53
MHS01623;2;2.86;2.69
MHS01623;3;3.05;2.81
MHS01623;4;3.08;2.88
MHS01623;5;3.08;2.92
MHS01623;6;2.63;2.87
MHS01623;7;4.0;3.03
MHS01623;8;2.93;3.02
MHS01624;1;3.33;3.33
MHS01624;2;3.31;3.32
MHS01624;3;2.98;3.21
MHS01624;4;3.29;3.23
MHS01624;5;3.76;3.34
MHS01624;6;3.18;3.31
MHS01624;7;3.56;3.35
MHS01624;8;3.45;3.36
MHS01624;9;3.52;3.38
MHS01625;1;2.81;2.81
MHS01625;2;3.17;2.99
MHS01625;3;3.46;3.15
MHS01625;4;3.56;3.25
MHS01626;1;3.72;3.72
MHS01626;2;3.66;3.69
MHS01626;3;3.19;3.53
MHS01626;4;3.45;3.51
MHS01626;5;3.41;3.49
MHS01626;6;3.54;3.5
MHS01626;7;3.43;3.49
MHS01626;8;3.18;3.45
MHS01626;9;3.65;3.47
MHS01627;1;2.55;2.55
MHS01627;2;2.87;2.71
MHS01627;3;3.19;2.87
MHS01627;4;3.04;2.91
MHS01627;5;3.78;3.08
MHS01627;6;3.57;3.16
MHS01628;1;3.38;3.38
MHS01628;2;3.33;3.35
MHS01628;3;3.49;3.4
MHS01628;4;3.29;3.37
MHS01628;5;3.56;3.41
MHS01628;6;3.72;3.46
MHS01628;7;3.38;3.45
MHS01628;8;3.09;3.4
MHS01629;1;2.79;2.79
MHS01629;2;3.13;2.96
MHS01630;1;2.69;2.69
MHS01630;2;2.93;2.81
MHS01630;3;3.14;2.92
MHS01630;4;2.79;2.89
MHS01631;1;2.75;2.75
MHS01631;2;3.01;2.88
MHS01631;3;2.81;2.86
MHS01631;4;3.42;3.0
MHS01631;5;3.34;3.07
MHS01631;6;3.24;3.1
MHS01631;7;3.68;3.18
MHS01631;8;3.41;3.21
MHS01632;1;3.15;3.15
MHS01632;2;3.57;3.36
MHS01632;3;3.65;3.45
MHS01632;4;3.47;3.46
MHS01632;5;3.99;3.56
MHS01632;6;3.12;3.49
MHS01632;7;2.96;3.41
MHS01632;8;3.87;3.47
MHS01632;9;3.17;3.44
MHS01633;1;2.92;2.92
MHS01633;2;3.35;3.13
MHS01633;3;3.28;3.18
MHS01633;4;3.6;3.29
MHS01633;5;3.59;3.35
MHS01633;6;3.62;3.39
MHS01634;1;3.18;3.18
MHS01634;2;3.6;3.39
MHS01634;3;3.53;3.44
MHS01634;4;3.8;3.53
MHS01634;5;3.22;3.46
MHS01634;6;3.12;3.41
MHS01635;1;2.85;2.85
MHS01635;2;3.29;3.07
MHS01635;3;3.21;3.12
MHS01635;4;3.35;3.17
MHS01636;1;2.01;2.01
MHS01636;2;2.06;2.03
MHS01636;3;2.71;2.26
MHS01636;4;2.52;2.32
MHS01636;5;2.37;2.33
MHS01636;6;2.28;2.32
MHS01637;1;2.12;2.12
MHS01637;2;2.48;2.3
MHS01637;3;3.32;2.64
MHS01637;4;3.15;2.77
MHS01638;1;2.71;2.71
MHS01638;2;2.8;2.75
MHS01638;3;2.88;2.79
MHS01638;4;3.1;2.87
MHS01639;1;3.32;3.32
MHS01639;2;3.85;3.59
MHS01639;3;3.58;3.59
MHS01639;4;4.0;3.69
MHS01639;5;3.26;3.6
MHS01639;6;3.83;3.64
MHS01640;1;2.53;2.53
MHS01640;2;3.15;2.84
MHS01640;3;3.02;2.9
MHS01640;4;2.87;2.89
MHS01640;5;3.49;3.01
MHS01640;6;3.72;3.13
MHS01640;7;3.24;3.14
MHS01640;8;3.48;3.19
MHS01641;1;2.51;2.51
MHS01641;2;3.67;3.09
MHS01641;3;3.32;3.17
MHS01641;4;3.66;3.29
MHS01642;1;2.87;2.87
MHS01642;2;2.92;2.89
MHS01642;3;3.09;2.96
MHS01642;4;3.64;3.13
MHS01643;1;3.48;3.48
MHS01643;2;4.0;3.74
MHS01643;3;4.0;3.83
MHS01643;4;4.0;3.87
MHS01643;5;4.0;3.9
MHS01643;6;4.0;3.91
MHS01644;1;3.08;3.08
MHS01644;2;3.28;3.18
MHS01644;3;4.0;3.45
MHS01644;4;3.62;3.5
MHS01644;5;3.38;3.47
MHS01644;6;3.52;3.48
MHS01645;1;2.56;2.56
MHS01645;2;2.89;2.73
MHS01645;3;3.64;3.03
MHS01645;4;2.87;2.99
MHS01645;5;3.33;3.06
MHS01645;6;3.3;3.1
MHS01646;1;2.97;2.97
MHS01646;2;3.33;3.15
MHS01646;3;4.0;3.44
MHS01646;4;3.38;3.42
MHS01647;1;3.87;3.87
MHS01647;2;4.0;3.94
MHS01647;3;3.96;3.95
MHS01647;4;3.67;3.88
MHS01647;5;4.0;3.9
MHS01647;6;4.0;3.92
MHS01648;1;3.35;3.35
MHS01648;2;3.65;3.5
MHS01649;1;2.2;2.2
MHS01649;2;3.56;2.88
MHS01650;1;2.51;2.51
MHS01650;2;3.03;2.77
MHS01650;3;2.64;2.73
MHS01650;4;3.4;2.89
MHS01650;5;3.26;2.97
MHS01650;6;3.89;3.12
MHS01650;7;2.69;3.06
MHS01650;8;3.37;3.1
MHS01650;9;3.01;3.09
MHS01650;10;3.42;3.12
MHS01651;1;3.23;3.23
MHS01651;2;3.07;3.15
MHS01651;3;3.24;3.18
MHS01651;4;3.44;3.24
MHS01651;5;3.75;3.35
MHS01651;6;3.89;3.44
MHS01651;7;3.84;3.49
MHS01651;8;3.61;3.51
MHS01652;1;1.86;1.86
MHS01652;2;2.45;2.16
MHS01653;1;2.24;2.24
MHS01653;2;2.28;2.26
MHS01654;1;2.71;2.71
MHS01654;2;3.06;2.89
MHS01654;3;2.87;2.88
MHS01654;4;3.07;2.93
MHS01655;1;3.4;3.4
MHS01655;2;3.47;3.43
MHS01655;3;3.09;3.32
MHS01655;4;3.36;3.33
MHS01655;5;3.89;3.44
MHS01655;6;3.54;3.46
MHS01655;7;3.29;3.43
MHS01655;8;3.61;3.46
MHS01656;1;2.59;2.59
MHS01656;2;2.77;2.68
MHS01656;3;3.29;2.88
MHS01656;4;2.77;2.86
MHS01657;1;2.95;2.95
MHS01657;2;3.17;3.06
MHS01657;3;3.51;3.21
MHS01657;4;3.59;3.3
MHS01657;5;3.48;3.34
MHS01657;6;3.78;3.41
MHS01658;1;2.66;2.66
MHS01658;2;2.89;2.77
MHS01658;3;3.66;3.07
MHS01658;4;3.09;3.08
MHS01658;5;3.38;3.14
MHS01658;6;3.4;3.18
MHS01659;1;2.62;2.62
MHS01659;2;3.56;3.09
MHS01659;3;3.48;3.22
MHS01659;4;3.85;3.38
MHS01659;5;3.56;3.41
MHS01659;6;3.63;3.45
MHS01659;7;3.19;3.41
MHS01659;8;3.43;3.41
MHS01660;1;3.0;3.0
MHS01660;2;3.16;3.08
MHS01660;3;2.98;3.05
MHS01660;4;2.88;3.01
MHS01660;5;2.9;2.98
MHS01660;6;3.16;3.01
MHS01660;7;3.11;3.03
MHS01660;8;2.49;2.96
MHS01660;9;2.69;2.93
MHS01661;1;3.41;3.41
MHS01661;2;2.78;3.09
MHS01661;3;3.03;3.07
MHS01661;4;3.19;3.1
MHS01661;5;3.31;3.14
MHS01661;6;2.71;3.07
MHS01661;7;3.24;3.09
MHS01661;8;3.57;3.15
MHS01662;1;3.26;3.26
MHS01662;2;3.68;3.47
MHS01662;3;4.0;3.65
MHS01662;4;4.0;3.74
MHS01662;5;4.0;3.79
MHS01662;6;4.0;3.82
MHS01663;1;2.87;2.87
MHS01663;2;3.05;2.96
MHS01663;3;3.07;3.0
MHS01663;4;3.93;3.23
MHS01663;5;3.46;3.28
MHS01663;6;3.49;3.31
MHS01663;7;3.34;3.32
MHS01663;8;3.15;3.3
MHS01664;1;3.27;3.27
MHS01664;2;2.46;2.86
MHS01664;3;3.14;2.95
MHS01664;4;3.15;3.0
MHS01664;5;3.3;3.06
MHS01664;6;3.18;3.08
MHS01664;7;3.01;3.07
MHS01664;8;3.14;3.08
MHS01665;1;3.9;3.9
MHS01665;2;3.78;3.84
MHS01665;3;3.89;3.86
MHS01665;4;3.91;3.87
MHS01665;5;4.0;3.9
MHS01665;6;3.81;3.88
MHS01665;7;3.89;3.88
MHS01665;8;3.85;3.88
MHS01666;1;2.93;2.93
MHS01666;2;2.92;2.92
MHS01666;3;3.01;2.95
MHS01666;4;2.88;2.93
MHS01666;5;3.19;2.98
MHS01666;6;3.57;3.08
MHS01666;7;3.38;3.13
MHS01666;8;3.02;3.11
MHS01667;1;2.89;2.89
MHS01667;2;3.17;3.03
MHS01667;3;3.46;3.17
MHS01667;4;3.32;3.21
MHS01667;5;3.41;3.25
MHS01667;6;3.36;3.27
MHS01668;1;2.83;2.83
MHS01668;2;3.23;3.03
MHS01668;3;3.17;3.08
MHS01668;4;3.44;3.17
MHS01669;1;3.96;3.96
MHS01669;2;4.0;3.98
MHS01670;1;3.26;3.26
MHS01670;2;3.4;3.33
MHS01670;3;3.37;3.34
MHS01670;4;3.7;3.43
MHS01670;5;3.25;3.39
MHS01670;6;3.53;3.42
MHS01671;1;2.55;2.55
MHS01671;2;2.61;2.58
MHS01672;1;2.74;2.74
MHS01672;2;2.35;2.55
MHS01672;3;2.71;2.6
MHS01672;4;3.54;2.84
MHS01672;5;2.92;2.85
MHS01672;6;3.2;2.91
MHS01673;1;3.46;3.46
MHS01673;2;3.59;3.52
MHS01673;3;3.59;3.55
MHS01673;4;3.59;3.56
MHS01674;1;3.03;3.03
MHS01674;2;3.05;3.04
MHS01674;3;3.15;3.07
MHS01674;4;3.58;3.2
MHS01674;5;3.25;3.21
MHS01674;6;3.51;3.26
MHS01674;7;3.52;3.3
MHS01674;8;3.47;3.32
MHS01675;1;2.76;2.76
MHS01675;2;3.23;2.99
MHS01675;3;3.54;3.18
MHS01675;4;4.0;3.38
MHS01675;5;3.43;3.39
MHS01675;6;3.57;3.42
MHS01676;1;2.79;2.79
MHS01676;2;3.53;3.16
MHS01676;3;3.46;3.26
MHS01676;4;2.76;3.14
MHS01677;1;2.39;2.39
MHS01677;2;2.67;2.53
MHS01677;3;2.98;2.68
MHS01677;4;3.11;2.79
MHS01677;5;3.24;2.88
MHS01677;6;3.27;2.94
MHS01677;7;3.54;3.03
MHS01677;8;2.93;3.02
MHS01678;1;3.29;3.29
MHS01678;2;3.4;3.35
MHS01678;3;3.72;3.47
MHS01678;4;3.52;3.48
MHS01678;5;3.36;3.46
MHS01678;6;3.44;3.45
MHS01679;1;2.83;2.83
MHS01679;2;2.94;2.88
MHS01679;3;2.83;2.87
MHS01679;4;3.21;2.95
MHS01679;5;3.04;2.97
MHS01679;6;3.16;3.0
MHS01680;1;2.41;2.41
MHS01680;2;2.18;2.29
MHS01680;3;2.52;2.37
MHS01680;4;2.82;2.48
MHS01680;5;3.14;2.61
MHS01680;6;3.48;2.76
MHS01680;7;3.45;2.86
MHS01680;8;3.39;2.92
MHS01681;1;2.73;2.73
MHS01681;2;3.25;2.99
MHS01682;1;2.54;2.54
MHS01682;2;2.8;2.67
MHS01682;3;2.78;2.71
MHS01682;4;3.14;2.81
MHS01683;1;4.0;4.0
MHS01683;2;4.0;4.0
MHS01683;3;4.0;4.0
MHS01683;4;3.72;3.93
MHS01683;5;3.85;3.91
MHS01683;6;3.98;3.92
MHS01683;7;3.74;3.9
MHS01683;8;4.0;3.91
MHS01684;1;1.99;1.99
MHS01684;2;2.8;2.4
MHS01684;3;2.64;2.48
MHS01684;4;2.92;2.59
MHS01685;1;2.97;2.97
MHS01685;2;3.27;3.12
MHS01685;3;3.36;3.2
MHS01685;4;3.64;3.31
MHS01685;5;3.03;3.25
MHS01685;6;3.28;3.26
MHS01685;7;3.49;3.29
MHS01685;8;3.29;3.29
MHS01686;1;2.89;2.89
MHS01686;2;3.05;2.97
MHS01686;3;3.1;3.01
MHS01686;4;3.11;3.04
MHS01686;5;2.97;3.02
MHS01686;6;3.2;3.05
MHS01686;7;3.77;3.15
MHS01686;8;3.23;3.16
MHS01687;1;2.59;2.59
MHS01687;2;2.39;2.49
MHS01688;1;2.72;2.72
MHS01688;2;3.06;2.89
MHS01688;3;3.51;3.1
MHS01688;4;2.92;3.05
MHS01688;5;2.7;2.98
MHS01688;6;2.82;2.96
MHS01689;1;2.5;2.5
MHS01689;2;3.72;3.11
MHS01689;3;4.0;3.41
MHS01689;4;4.0;3.56
MHS01689;5;4.0;3.64
MHS01689;6;4.0;3.7
MHS01689;7;4.0;3.75
MHS01689;8;4.0;3.78
MHS01690;1;3.44;3.44
MHS01690;2;2.89;3.17
MHS01690;3;3.53;3.29
MHS01690;4;3.53;3.35
MHS01691;1;3.73;3.73
MHS01691;2;3.84;3.79
MHS01692;1;3.37;3.37
MHS01692;2;3.1;3.24
MHS01693;1;2.82;2.82
MHS01693;2;2.6;2.71
MHS01693;3;2.71;2.71
MHS01693;4;3.18;2.83
MHS01693;5;3.18;2.9
MHS01693;6;2.83;2.89
MHS01694;1;3.01;3.01
MHS01694;2;3.46;3.24
MHS01694;3;3.7;3.39
MHS01694;4;3.32;3.37
MHS01695;1;2.26;2.26
MHS01695;2;2.61;2.43
MHS01695;3;2.8;2.55
MHS01695;4;2.88;2.64
MHS01695;5;2.5;2.61
MHS01695;6;2.71;2.63
MHS01696;1;2.47;2.47
MHS01696;2;3.01;2.74
MHS01697;1;3.18;3.18
MHS01697;2;2.66;2.92
MHS01697;3;3.12;2.99
MHS01697;4;3.14;3.02
MHS01698;1;1.24;1.24
MHS01698;2;2.14;1.69
MHS01699;1;3.22;3.22
MHS01699;2;3.24;3.23
MHS01699;3;3.46;3.31
MHS01699;4;3.45;3.34
MHS01699;5;2.91;3.26
MHS01699;6;2.87;3.19
MHS01699;7;3.33;3.21
MHS01699;8;2.51;3.13
MHS01700;1;3.33;3.33
MHS01700;2;3.07;3.2
MHS01701;1;3.49;3.49
MHS01701;2;3.45;3.47
MHS01701;3;3.86;3.6
MHS01701;4;4.0;3.7
MHS01701;5;3.64;3.69
MHS01701;6;3.96;3.73
MHS01702;1;3.83;3.83
MHS01702;2;3.53;3.68
MHS01702;3;3.84;3.73
MHS01702;4;4.0;3.8
MHS01703;1;3.09;3.09
MHS01703;2;3.16;3.12
MHS01704;1;2.9;2.9
MHS01704;2;3.28;3.09
MHS01704;3;3.12;3.1
MHS01704;4;2.77;3.02
MHS01704;5;3.06;3.03
MHS01704;6;3.72;3.14
MHS01705;1;3.96;3.96
MHS01705;2;2.98;3.47
MHS01705;3;4.0;3.65
MHS01705;4;4.0;3.74
MHS01706;1;3.71;3.71
MHS01706;2;3.74;3.73
MHS01706;3;4.0;3.82
MHS01706;4;3.75;3.8
MHS01706;5;3.88;3.82
MHS01706;6;3.84;3.82
MHS01707;1;3.9;3.9
MHS01707;2;3.77;3.84
MHS01707;3;4.0;3.89
MHS01707;4;4.0;3.92
MHS01708;1;2.63;2.63
MHS01708;2;3.26;2.95
MHS01708;3;2.53;2.81
MHS01708;4;2.91;2.83
MHS01708;5;2.75;2.82
MHS01708;6;2.85;2.82
MHS01709;1;3.55;3.55
MHS01709;2;3.19;3.37
MHS01709;3;3.49;3.41
MHS01709;4;3.52;3.44
MHS01709;5;3.71;3.49
MHS01709;6;3.17;3.44
MHS01710;1;2.62;2.62
MHS01710;2;2.94;2.78
MHS01711;1;2.29;2.29
MHS01711;2;2.54;2.41
MHS01711;3;2.38;2.4
MHS01711;4;2.3;2.38
MHS01711;5;1.94;2.29
MHS01712;1;2.96;2.96
MHS01712;2;2.82;2.89
MHS01712;3;2.89;2.89
MHS01712;4;2.56;2.81
MHS01713;1;3.16;3.16
MHS01713;2;2.95;3.06
MHS01713;3;3.08;3.06
MHS01713;4;3.76;3.24
MHS01713;5;3.19;3.23
MHS01713;6;3.65;3.3
MHS01714;1;3.39;3.39
MHS01714;2;3.38;3.39
MHS01714;3;3.28;3.35
MHS01714;4;3.39;3.36
MHS01714;5;3.18;3.33
MHS01714;6;3.82;3.41
MHS01715;1;4.0;4.0
MHS01715;2;4.0;4.0
MHS01716;1;3.68;3.68
MHS01716;2;3.81;3.74
MHS01716;3;3.43;3.64
MHS01716;4;3.5;3.6
MHS01717;1;2.01;2.01
MHS01717;2;2.42;2.22
MHS01718;1;2.96;2.96
MHS01718;2;3.42;3.19
MHS01718;3;3.3;3.23
MHS01718;4;3.5;3.29
MHS01719;1;2.65;2.65
MHS01719;2;3.16;2.9
MHS01720;1;2.03;2.03
MHS01720;2;2.32;2.17
MHS01720;3;2.01;2.12
MHS01720;4;2.48;2.21
MHS01721;1;2.4;2.4
MHS01721;2;2.42;2.41
MHS01722;1;2.95;2.95
MHS01722;2;2.84;2.89
MHS01722;3;3.5;3.1
MHS01722;4;2.57;2.96
MHS01723;1;3.12;3.12
MHS01723;2;3.08;3.1
MHS01723;3;3.48;3.23
MHS01723;4;3.79;3.37
MHS01724;1;3.13;3.13
MHS01724;2;2.68;2.9
MHS01724;3;3.51;3.1
MHS01724;4;2.7;3.0
MHS01725;1;2.95;2.95
MHS01725;2;3.33;3.14
MHS01725;3;3.5;3.26
MHS01725;4;3.04;3.21
MHS01726;1;2.42;2.42
MHS01726;2;3.69;3.06
MHS01727;1;3.62;3.62
MHS01727;2;3.81;3.71
MHS01727;3;3.81;3.75
MHS01727;4;3.89;3.78
MHS01727;5;4.0;3.83
MHS01727;6;4.0;3.86
MHS01728;1;2.57;2.57
MHS01728;2;3.49;3.03
MHS01729;1;3.86;3.86
MHS01729;2;3.86;3.86
MHS01729;3;3.91;3.88
MHS01729;4;3.73;3.84
MHS01729;5;4.0;3.87
MHS01729;6;3.78;3.86
MHS01729;7;4.0;3.88
MHS01729;8;4.0;3.89
MHS01730;1;2.69;2.69
MHS01730;2;3.11;2.9
MHS01730;3;3.23;3.01
MHS01730;4;3.6;3.16
MHS01731;1;2.54;2.54
MHS01731;2;3.44;2.99
MHS01731;3;2.86;2.94
MHS01731;4;3.25;3.02
MHS01731;5;3.2;3.06
MHS01731;6;3.07;3.06
MHS01732;1;3.51;3.51
MHS01732;2;3.69;3.6
MHS01732;3;3.61;3.61
MHS01732;4;4.0;3.7
MHS01732;5;3.87;3.74
MHS01732;6;3.9;3.76
MHS01732;7;3.57;3.74
MHS01732;8;4.0;3.77
MHS01733;1;2.81;2.81
MHS01733;2;3.07;2.94
MHS01734;1;3.06;3.06
MHS01734;2;3.32;3.19
MHS01735;1;2.87;2.87
MHS01735;2;3.68;3.27
MHS01736;1;2.23;2.23
MHS01736;2;3.33;2.78
MHS01736;3;3.2;2.92
MHS01736;4;3.23;3.0
MHS01737;1;2.38;2.38
MHS01737;2;2.52;2.45
MHS01737;3;3.23;2.71
MHS01737;4;2.7;2.71
MHS01738;1;3.67;3.67
MHS01738;2;3.63;3.65
MHS01738;3;4.0;3.77
MHS01738;4;3.63;3.73
MHS01738;5;4.0;3.79
MHS01738;6;3.84;3.8
MHS01739;1;3.11;3.11
MHS01739;2;3.42;3.27
MHS01739;3;3.67;3.4
MHS01739;4;3.9;3.53
MHS01739;5;3.71;3.56
MHS01739;6;3.59;3.57
MHS01740;1;2.88;2.88
MHS01740;2;3.57;3.23
MHS01740;3;3.24;3.23
MHS01740;4;3.44;3.28
MHS01740;5;2.63;3.15
MHS01740;6;3.22;3.16
MHS01741;1;3.4;3.4
MHS01741;2;3.54;3.47
MHS01741;3;3.98;3.64
MHS01741;4;3.83;3.69
MHS01742;1;2.67;2.67
MHS01742;2;2.95;2.81
MHS01742;3;2.47;2.7
MHS01742;4;2.86;2.74
MHS01743;1;3.31;3.31
MHS01743;2;3.52;3.42
MHS01743;3;3.69;3.51
MHS01743;4;3.19;3.43
MHS01743;5;3.02;3.35
MHS01743;6;3.46;3.37
MHS01743;7;3.43;3.37
MHS01743;8;3.83;3.43
MHS01744;1;2.25;2.25
MHS01744;2;2.41;2.33
MHS01744;3;2.65;2.44
MHS01744;4;2.99;2.57
MHS01744;5;2.96;2.65
MHS01744;6;2.79;2.67
MHS01744;7;2.51;2.65
MHS01744;8;3.13;2.71
MHS01745;1;2.8;2.8
MHS01745;2;2.94;2.87
MHS01745;3;2.98;2.91
MHS01745;4;2.81;2.88
MHS01745;5;3.09;2.93
MHS01745;6;2.69;2.89
MHS01745;7;3.01;2.9
MHS01745;8;3.14;2.93
MHS01745;9;3.43;2.99
MHS01746;1;2.95;2.95
MHS01746;2;2.63;2.79
MHS01746;3;2.97;2.85
MHS01746;4;3.01;2.89
MHS01747;1;3.08;3.08
MHS01747;2;3.15;3.12
MHS01747;3;3.75;3.33
MHS01747;4;2.9;3.22
MHS01747;5;3.1;3.2
MHS01747;6;3.41;3.23
MHS01747;7;3.19;3.23
MHS01747;8;3.35;3.24
MHS01748;1;2.42;2.42
MHS01748;2;2.86;2.64
MHS01748;3;3.0;2.76
MHS01748;4;3.39;2.92
MHS01748;5;3.77;3.09
MHS01748;6;3.28;3.12
MHS01749;1;2.68;2.68
MHS01749;2;2.81;2.75
MHS01749;3;3.09;2.86
MHS01749;4;3.29;2.97
MHS01749;5;3.26;3.03
MHS01749;6;3.98;3.18
MHS01750;1;2.57;2.57
MHS01750;2;3.13;2.85
MHS01751;1;2.88;2.88
MHS01751;2;3.2;3.04
MHS01752;1;2.34;2.34
MHS01752;2;3.01;2.68
MHS01752;3;2.55;2.63
MHS01752;4;2.84;2.68
MHS01752;5;3.47;2.84
MHS01752;6;3.24;2.91
MHS01752;7;3.24;2.96
MHS01752;8;3.84;3.07
MHS01752;9;3.25;3.09
MHS01753;1;3.58;3.58
MHS01753;2;3.61;3.59
MHS01754;1;2.25;2.25
MHS01754;2;2.21;2.23
MHS01754;3;2.95;2.47
MHS01754;4;2.74;2.54
MHS01754;5;2.69;2.57
MHS01754;6;2.58;2.57
MHS01755;1;2.99;2.99
MHS01755;2;3.69;3.34
MHS01755;3;3.49;3.39
MHS01755;4;3.22;3.35
MHS01755;5;3.88;3.45
MHS01755;6;3.43;3.45
MHS01756;1;2.64;2.64
MHS01756;2;2.91;2.78
MHS01756;3;2.91;2.82
MHS01756;4;2.96;2.86
MHS01756;5;3.06;2.9
MHS01756;6;3.02;2.92
MHS01756;7;3.04;2.94
MHS01756;8;2.46;2.88
MHS01756;9;3.27;2.92
MHS01757;1;2.68;2.68
MHS01757;2;2.82;2.75
MHS01757;3;3.18;2.89
MHS01757;4;2.84;2.88
MHS01757;5;3.15;2.93
MHS01757;6;2.79;2.91
MHS01757;7;3.38;2.98
MHS01757;8;3.54;3.05
MHS01758;1;2.28;2.28
MHS01758;2;2.57;2.42
MHS01759;1;3.12;3.12
MHS01759;2;3.37;3.25
MHS01759;3;3.09;3.2
MHS01759;4;3.46;3.26
MHS01759;5;3.3;3.27
MHS01759;6;3.63;3.33
MHS01760;1;3.35;3.35
MHS01760;2;3.27;3.31
MHS01760;3;4.0;3.54
MHS01760;4;3.95;3.64
MHS01760;5;4.0;3.71
MHS01760;6;4.0;3.76
MHS01760;7;4.0;3.8
MHS01760;8;4.0;3.82
MHS01761;1;3.31;3.31
MHS01761;2;3.13;3.22
MHS01762;1;3.17;3.17
MHS01762;2;4.0;3.58
MHS01762;3;3.98;3.71
MHS01762;4;3.91;3.76
MHS01763;1;2.29;2.29
MHS01763;2;2.95;2.62
MHS01764;1;2.39;2.39
MHS01764;2;2.55;2.47
MHS01764;3;3.1;2.68
MHS01764;4;2.87;2.73
MHS01764;5;2.85;2.75
MHS01764;6;3.53;2.88
MHS01765;1;3.43;3.43
MHS01765;2;3.67;3.55
MHS01765;3;3.92;3.67
MHS01765;4;4.0;3.75
MHS01765;5;3.54;3.71
MHS01765;6;3.65;3.7
MHS01766;1;2.09;2.09
MHS01766;2;2.3;2.19
MHS01767;1;4.0;4.0
MHS01767;2;4.0;4.0
MHS01767;3;4.0;4.0
MHS01767;4;4.0;4.0
MHS01768;1;2.7;2.7
MHS01768;2;3.57;3.13
MHS01768;3;3.89;3.39
MHS01768;4;3.63;3.45
MHS01769;1;2.58;2.58
MHS01769;2;3.1;2.84
MHS01769;3;2.95;2.88
MHS01769;4;2.7;2.83
MHS01769;5;3.42;2.95
MHS01769;6;3.15;2.98
MHS01770;1;3.19;3.19
MHS01770;2;3.11;3.15
MHS01770;3;3.62;3.31
MHS01770;4;3.69;3.4
MHS01770;5;3.58;3.44
MHS01770;6;3.94;3.52
MHS01771;1;3.25;3.25
MHS01771;2;3.55;3.4
MHS01771;3;3.67;3.49
MHS01771;4;3.88;3.59
MHS01771;5;4.0;3.67
MHS01771;6;3.67;3.67
MHS01772;1;3.01;3.01
MHS01772;2;3.23;3.12
MHS01772;3;3.33;3.19
MHS01772;4;3.43;3.25
MHS01772;5;2.86;3.17
MHS01772;6;3.5;3.23
MHS01773;1;3.0;3.0
MHS01773;2;3.12;3.06
MHS01774;1;2.62;2.62
MHS01774;2;3.25;2.94
MHS01774;3;3.09;2.99
MHS01774;4;3.7;3.17
MHS01775;1;2.28;2.28
MHS01775;2;2.87;2.57
MHS01775;3;3.25;2.8
MHS01775;4;3.46;2.97
MHS01775;5;3.02;2.98
MHS01775;6;2.95;2.97
MHS01776;1;3.95;3.95
MHS01776;2;4.0;3.98
MHS01777;1;3.7;3.7
MHS01777;2;3.11;3.4
MHS01778;1;2.46;2.46
MHS01778;2;2.77;2.61
MHS01778;3;2.79;2.67
MHS01778;4;3.38;2.85
MHS01778;5;2.63;2.8
MHS01778;6;2.71;2.79
MHS01778;7;2.74;2.78
MHS01778;8;2.85;2.79
MHS01778;9;2.82;2.79
MHS01778;10;3.01;2.81
MHS01779;1;3.14;3.14
MHS01779;2;3.0;3.07
MHS01780;1;3.08;3.08
MHS01780;2;3.46;3.27
MHS01780;3;3.96;3.5
MHS01780;4;4.0;3.62
MHS01781;1;3.52;3.52
MHS01781;2;3.58;3.55
MHS01782;1;3.3;3.3
MHS01782;2;2.97;3.13
MHS01783;1;2.03;2.03
MHS01783;2;2.84;2.44
MHS01783;3;2.68;2.52
MHS01783;4;2.63;2.54
MHS01783;5;2.95;2.63
MHS01783;6;2.39;2.59
MHS01784;1;2.39;2.39
MHS01784;2;2.75;2.57
MHS01785;1;3.33;3.33
MHS01785;2;3.18;3.25
MHS01785;3;2.97;3.16
MHS01785;4;3.31;3.2
MHS01785;5;3.7;3.3
MHS01785;6;3.23;3.29
MHS01786;1;2.56;2.56
MHS01786;2;2.53;2.54
MHS01786;3;3.04;2.71
MHS01786;4;3.24;2.84
MHS01787;1;2.97;2.97
MHS01787;2;3.11;3.04
MHS01788;1;2.37;2.37
MHS01788;2;1.99;2.18
MHS01789;1;3.29;3.29
MHS01789;2;3.58;3.43
MHS01789;3;2.92;3.26
MHS01789;4;3.09;3.22
MHS01789;5;3.3;3.23
MHS01789;6;3.26;3.24
MHS01790;1;2.95;2.95
MHS01790;2;3.66;3.3
MHS01790;3;4.0;3.53
MHS01790;4;3.5;3.52
MHS01790;5;3.65;3.55
MHS01790;6;3.89;3.61
MHS01791;1;2.43;2.43
MHS01791;2;2.76;2.59
MHS01792;1;2.76;2.76
MHS01792;2;3.04;2.9
MHS01793;1;3.04;3.04
MHS01793;2;2.79;2.91
MHS01793;3;3.5;3.11
MHS01793;4;3.65;3.24
MHS01793;5;3.41;3.28
MHS01793;6;3.35;3.29
MHS01794;1;2.42;2.42
MHS01794;2;3.32;2.87
MHS01794;3;3.37;3.04
MHS01794;4;3.34;3.11
MHS01794;5;3.41;3.17
MHS01794;6;3.12;3.16
MHS01794;7;3.54;3.22
MHS01794;8;3.5;3.25
MHS01794;9;3.27;3.26
MHS01794;10;3.59;3.29
MHS01795;1;2.91;2.91
MHS01795;2;3.23;3.07
MHS01795;3;3.75;3.3
MHS01795;4;3.57;3.37
MHS01795;5;3.48;3.39
MHS01795;6;3.72;3.44
MHS01795;7;3.99;3.52
MHS01795;8;3.4;3.51
MHS01796;1;3.28;3.28
MHS01796;2;3.53;3.41
MHS01796;3;3.33;3.38
MHS01796;4;2.87;3.26
MHS01796;5;3.25;3.25
MHS01796;6;3.21;3.25
MHS01797;1;3.57;3.57
MHS01797;2;4.0;3.78
MHS01797;3;3.94;3.84
MHS01797;4;3.77;3.82
MHS01797;5;3.63;3.78
MHS01797;6;4.0;3.82
MHS01797;7;3.98;3.84
MHS01797;8;3.85;3.84
MHS01798;1;3.16;3.16
MHS01798;2;2.92;3.04
MHS01799;1;3.72;3.72
MHS01799;2;3.83;3.78
MHS01800;1;3.36;3.36
MHS01800;2;3.36;3.36
MHS01800;3;3.5;3.41
MHS01800;4;3.26;3.37
MHS01800;5;3.4;3.37
MHS01800;6;3.91;3.46
MHS01801;1;2.21;2.21
MHS01801;2;2.27;2.24
MHS01801;3;2.65;2.38
MHS01801;4;2.52;2.41
MHS01802;1;2.4;2.4
MHS01802;2;3.01;2.71
MHS01802;3;3.23;2.88
MHS01802;4;2.72;2.84
MHS01803;1;3.54;3.54
MHS01803;2;2.71;3.12
MHS01803;3;3.28;3.17
MHS01803;4;3.23;3.19
MHS01803;5;3.86;3.32
MHS01803;6;3.63;3.37
MHS01803;7;3.17;3.35
MHS01803;8;3.34;3.34
MHS01804;1;3.2;3.2
MHS01804;2;2.88;3.04
MHS01804;3;3.85;3.31
MHS01804;4;3.27;3.3
MHS01804;5;3.38;3.32
MHS01804;6;3.8;3.4
MHS01804;7;3.61;3.43
MHS01804;8;3.53;3.44
MHS01805;1;2.47;2.47
MHS01805;2;3.84;3.15
MHS01805;3;3.42;3.24
MHS01805;4;3.09;3.2
MHS01805;5;3.73;3.31
MHS01805;6;3.59;3.36
MHS01806;1;2.74;2.74
MHS01806;2;3.4;3.07
MHS01806;3;3.36;3.17
MHS01806;4;3.47;3.24
MHS01806;5;3.0;3.19
MHS01806;6;3.22;3.2
MHS01806;7;4.0;3.31
MHS01806;8;3.51;3.34
MHS01806;9;3.34;3.34
MHS01807;1;2.83;2.83
MHS01807;2;3.78;3.3
MHS01807;3;3.49;3.37
MHS01807;4;3.72;3.46
MHS01807;5;3.79;3.52
MHS01807;6;3.67;3.55
MHS01807;7;3.96;3.61
MHS01807;8;3.11;3.54
MHS01807;9;3.46;3.54
MHS01807;10;3.45;3.53
MHS01808;1;3.81;3.81
MHS01808;2;3.48;3.65
MHS01809;1;3.34;3.34
MHS01809;2;4.0;3.67
MHS01810;1;4.0;4.0
MHS01810;2;3.75;3.88
MHS01810;3;4.0;3.92
MHS01810;4;4.0;3.94
MHS01811;1;2.13;2.13
MHS01811;2;3.11;2.62
MHS01812;1;3.96;3.96
MHS01812;2;3.6;3.78
MHS01812;3;3.8;3.79
MHS01812;4;3.68;3.76
MHS01812;5;4.0;3.81
MHS01812;6;4.0;3.84
MHS01812;7;3.68;3.82
MHS01812;8;4.0;3.84
MHS01813;1;2.87;2.87
MHS01813;2;3.37;3.12
MHS01814;1;2.97;2.97
MHS01814;2;3.24;3.11
MHS01814;3;3.58;3.26
MHS01814;4;3.43;3.31
MHS01814;5;3.35;3.32
MHS01814;6;2.81;3.23
MHS01814;7;3.14;3.22
MHS01814;8;3.24;3.22
MHS01814;9;3.89;3.29
MHS01815;1;2.45;2.45
MHS01815;2;3.29;2.87
MHS01815;3;3.38;3.04
MHS01815;4;3.65;3.19
MHS01816;1;2.88;2.88
MHS01816;2;3.15;3.02
MHS01816;3;2.88;2.97
MHS01816;4;3.51;3.11
MHS01816;5;3.28;3.14
MHS01816;6;3.47;3.2
MHS01817;1;2.52;2.52
MHS01817;2;2.85;2.69
MHS01818;1;2.63;2.63
MHS01818;2;2.87;2.75
MHS01819;1;2.43;2.43
MHS01819;2;2.69;2.56
MHS01819;3;3.71;2.94
MHS01819;4;3.04;2.97
MHS01819;5;3.02;2.98
MHS01819;6;2.62;2.92
MHS01820;1;2.29;2.29
MHS01820;2;2.31;2.3
MHS01820;3;2.85;2.49
MHS01820;4;2.73;2.55
MHS01820;5;3.06;2.65
MHS01820;6;3.23;2.75
MHS01821;1;2.69;2.69
MHS01821;2;2.16;2.42
MHS01821;3;2.95;2.6
MHS01821;4;3.04;2.71
MHS01822;1;2.75;2.75
MHS01822;2;3.3;3.02
MHS01822;3;3.83;3.29
MHS01822;4;3.64;3.38
MHS01823;1;3.32;3.32
MHS01823;2;3.8;3.56
MHS01823;3;3.85;3.66
MHS01823;4;3.84;3.7
MHS01823;5;3.33;3.63
MHS01823;6;3.62;3.63
MHS01823;7;3.96;3.68
MHS01823;8;3.84;3.7
MHS01824;1;3.81;3.81
MHS01824;2;3.54;3.68
MHS01824;3;3.55;3.64
MHS01824;4;3.65;3.64
MHS01824;5;3.78;3.67
MHS01824;6;3.42;3.63
MHS01824;7;3.54;3.61
MHS01824;8;3.95;3.66
MHS01825;1;3.16;3.16
MHS01825;2;3.07;3.11
MHS01825;3;3.47;3.23
MHS01825;4;2.96;3.16
MHS01826;1;2.67;2.67
MHS01826;2;3.5;3.09
MHS01826;3;3.53;3.23
MHS01826;4;3.36;3.27
MHS01826;5;3.15;3.24
MHS01826;6;3.54;3.29
MHS01827;1;3.71;3.71
MHS01827;2;4.0;3.86
MHS01827;3;4.0;3.9
MHS01827;4;4.0;3.93
MHS01828;1;2.98;2.98
MHS01828;2;2.98;2.98
MHS01828;3;3.05;3.0
MHS01828;4;2.78;2.95
MHS01829;1;2.33;2.33
MHS01829;2;2.86;2.59
MHS01829;3;2.57;2.59
MHS01829;4;3.16;2.73
MHS01829;5;2.96;2.78
MHS01829;6;3.13;2.83
MHS01829;7;3.24;2.89
MHS01829;8;2.86;2.89
MHS01830;1;3.69;3.69
MHS01830;2;2.99;3.34
MHS01830;3;3.23;3.3
MHS01830;4;3.17;3.27
MHS01830;5;3.91;3.4
MHS01830;6;3.74;3.45
MHS01831;1;3.32;3.32
MHS01831;2;3.15;3.24
MHS01832;1;4.0;4.0
MHS01832;2;4.0;4.0
MHS01832;3;4.0;4.0
MHS01832;4;4.0;4.0
MHS01832;5;4.0;4.0
MHS01832;6;4.0;4.0
MHS01832;7;4.0;4.0
MHS01832;8;4.0;4.0
MHS01833;1;3.76;3.76
MHS01833;2;3.03;3.4
MHS01834;1;2.93;2.93
MHS01834;2;2.8;2.86
MHS01834;3;2.86;2.86
MHS01834;4;3.74;3.08
MHS01834;5;3.29;3.13
MHS01834;6;3.69;3.22
MHS01835;1;3.0;3.0
MHS01835;2;2.9;2.95
MHS01836;1;4.0;4.0
MHS01836;2;4.0;4.0
MHS01836;3;4.0;4.0
MHS01836;4;4.0;4.0
MHS01836;5;4.0;4.0
MHS01836;6;4.0;4.0
MHS01837;1;3.52;3.52
MHS01837;2;3.77;3.65
MHS01837;3;3.57;3.62
MHS01837;4;4.0;3.71
MHS01838;1;3.42;3.42
MHS01838;2;3.43;3.42
MHS01838;3;3.36;3.4
MHS01838;4;3.49;3.43
MHS01838;5;3.41;3.42
MHS01838;6;3.62;3.45
MHS01839;1;2.61;2.61
MHS01839;2;2.35;2.48
MHS01840;1;2.46;2.46
MHS01840;2;2.55;2.5
MHS01840;3;2.62;2.54
MHS01840;4;2.78;2.6
MHS01840;5;2.6;2.6
MHS01840;6;2.83;2.64
MHS01840;7;3.07;2.7
MHS01840;8;2.66;2.7
MHS01841;1;1.44;1.44
MHS01841;2;2.13;1.78
MHS01841;3;2.1;1.89
MHS01842;1;2.63;2.63
MHS01842;2;2.76;2.7
MHS01842;3;3.01;2.8
MHS01842;4;2.61;2.75
MHS01843;1;2.61;2.61
MHS01843;2;2.78;2.7
MHS01843;3;2.36;2.58
MHS01843;4;2.85;2.65
MHS01843;5;2.81;2.68
MHS01843;6;3.59;2.83
MHS01844;1;3.09;3.09
MHS01844;2;3.26;3.18
MHS01844;3;3.58;3.31
MHS01844;4;3.75;3.42
MHS01844;5;3.9;3.51
MHS01844;6;4.0;3.6
MHS01845;1;3.46;3.46
MHS01845;2;3.85;3.66
MHS01846;1;2.82;2.82
MHS01846;2;3.03;2.92
MHS01846;3;2.95;2.93
MHS01846;4;2.82;2.9
MHS01847;1;1.98;1.98
MHS01847;2;2.08;2.03
MHS01848;1;2.77;2.77
MHS01848;2;3.04;2.91
MHS01849;1;2.35;2.35
MHS01849;2;2.87;2.61
MHS01849;3;2.91;2.71
MHS01849;4;3.44;2.89
MHS01849;5;3.37;2.99
MHS01849;6;3.08;3.0
MHS01850;1;1.94;1.94
MHS01850;2;2.34;2.14
MHS01851;1;3.03;3.03
MHS01851;2;3.33;3.18
MHS01851;3;3.92;3.43
MHS01851;4;3.3;3.39
MHS01851;5;3.73;3.46
MHS01851;6;3.52;3.47
MHS01851;7;3.63;3.49
MHS01851;8;3.81;3.53
MHS01851;9;4.0;3.59
MHS01852;1;2.37;2.37
MHS01852;2;2.66;2.51
MHS01853;1;3.59;3.59
MHS01853;2;3.1;3.35
MHS01853;3;3.17;3.29
MHS01853;4;3.16;3.26
MHS01853;5;3.5;3.3
MHS01853;6;3.15;3.28
MHS01854;1;3.18;3.18
MHS01854;2;3.26;3.22
MHS01854;3;3.34;3.26
MHS01854;4;3.36;3.28
MHS01854;5;3.32;3.29
MHS01854;6;3.63;3.35
MHS01854;7;3.23;3.33
MHS01854;8;3.66;3.37
MHS01855;1;3.15;3.15
MHS01855;2;3.59;3.37
MHS01855;3;3.53;3.42
MHS01855;4;3.32;3.4
MHS01855;5;3.54;3.43
MHS01855;6;3.98;3.52
MHS01855;7;3.86;3.57
MHS01855;8;3.77;3.59
MHS01856;1;3.22;3.22
MHS01856;2;3.83;3.53
MHS01856;3;3.98;3.68
MHS01856;4;3.37;3.6
MHS01856;5;3.58;3.59
MHS01856;6;3.61;3.6
MHS01857;1;2.7;2.7
MHS01857;2;2.72;2.71
MHS01857;3;2.67;2.7
MHS01857;4;3.03;2.78
MHS01858;1;3.81;3.81
MHS01858;2;4.0;3.9
MHS01859;1;3.03;3.03
MHS01859;2;3.59;3.31
MHS01859;3;3.26;3.3
MHS01859;4;3.66;3.39
MHS01860;1;3.01;3.01
MHS01860;2;3.2;3.1
MHS01860;3;3.7;3.3
MHS01860;4;3.79;3.42
MHS01860;5;3.59;3.46
MHS01860;6;3.5;3.46
MHS01860;7;3.18;3.42
MHS01860;8;3.07;3.38
MHS01861;1;2.51;2.51
MHS01861;2;2.64;2.57
MHS01862;1;2.88;2.88
MHS01862;2;3.3;3.09
MHS01862;3;3.82;3.33
MHS01862;4;4.0;3.5
MHS01862;5;3.79;3.56
MHS01862;6;4.0;3.63
MHS01863;1;3.53;3.53
MHS01863;2;2.96;3.24
MHS01864;1;3.25;3.25
MHS01864;2;4.0;3.63
MHS01865;1;3.24;3.24
MHS01865;2;3.24;3.24
MHS01865;3;3.18;3.22
MHS01865;4;3.65;3.33
MHS01865;5;3.73;3.41
MHS01865;6;2.79;3.3
MHS01865;7;3.63;3.35
MHS01865;8;3.69;3.39
MHS01865;9;3.01;3.35
MHS01866;1;2.58;2.58
MHS01866;2;2.57;2.58
MHS01866;3;3.49;2.88
MHS01866;4;3.48;3.03
MHS01866;5;3.62;3.15
MHS01866;6;3.18;3.15
MHS01866;7;3.93;3.26
MHS01866;8;3.43;3.29
MHS01867;1;3.02;3.02
MHS01867;2;2.87;2.94
MHS01867;3;3.28;3.05
MHS01867;4;3.14;3.08
MHS01868;1;2.21;2.21
MHS01868;2;2.92;2.56
MHS01868;3;2.31;2.48
MHS01868;4;3.12;2.64
MHS01868;5;2.64;2.64
MHS01868;6;2.36;2.59
MHS01869;1;2.38;2.38
MHS01869;2;3.23;2.81
MHS01869;3;3.58;3.06
MHS01869;4;3.18;3.09
MHS01869;5;3.33;3.14
MHS01869;6;3.35;3.18
MHS01869;7;3.74;3.26
MHS01869;8;3.21;3.25
MHS01869;9;3.19;3.24
MHS01870;1;2.78;2.78
MHS01870;2;3.34;3.06
MHS01870;3;3.67;3.26
MHS01870;4;3.17;3.24
MHS01870;5;3.78;3.35
MHS01870;6;3.97;3.45
MHS01871;1;2.93;2.93
MHS01871;2;3.2;3.07
MHS01871;3;3.15;3.09
MHS01871;4;3.16;3.11
MHS01871;5;2.85;3.06
MHS01871;6;2.78;3.01
MHS01872;1;3.08;3.08
MHS01872;2;3.34;3.21
MHS01873;1;3.01;3.01
MHS01873;2;2.62;2.82
MHS01873;3;3.26;2.96
MHS01873;4;3.18;3.02
MHS01873;5;3.47;3.11
MHS01873;6;3.11;3.11
MHS01873;7;3.44;3.16
MHS01873;8;3.52;3.2
MHS01873;9;3.12;3.19
MHS01874;1;1.64;1.64
MHS01874;2;2.32;1.98
MHS01875;1;3.37;3.37
MHS01875;2;3.35;3.36
MHS01876;1;2.66;2.66
MHS01876;2;3.24;2.95
MHS01877;1;2.38;2.38
MHS01877;2;2.12;2.25
MHS01877;3;3.3;2.6
MHS01877;4;3.05;2.71
MHS01877;5;3.06;2.78
MHS01877;6;2.8;2.78
MHS01877;7;3.05;2.82
MHS01877;8;3.1;2.86
MHS01878;1;2.78;2.78
MHS01878;2;2.81;2.8
MHS01879;1;2.83;2.83
MHS01879;2;3.09;2.96
MHS01880;1;2.71;2.71
MHS01880;2;2.52;2.62
MHS01880;3;3.0;2.75
MHS01880;4;3.64;2.97
MHS01880;5;3.3;3.03
MHS01880;6;3.43;3.1
MHS01880;7;3.49;3.16
MHS01880;8;3.08;3.15
MHS01881;1;2.02;2.02
MHS01881;2;2.23;2.13
MHS01882;1;3.64;3.64
MHS01882;2;3.63;3.63
MHS01882;3;3.62;3.63
MHS01882;4;3.21;3.52
MHS01882;5;4.0;3.62
MHS01882;6;3.9;3.67
MHS01882;7;4.0;3.71
MHS01882;8;3.57;3.7
MHS01883;1;3.85;3.85
MHS01883;2;3.38;3.61
MHS01884;1;2.85;2.85
MHS01884;2;2.48;2.67
MHS01885;1;2.94;2.94
MHS01885;2;3.42;3.18
MHS01885;3;3.15;3.17
MHS01885;4;3.24;3.19
MHS01885;5;3.53;3.26
MHS01885;6;3.37;3.27
MHS01886;1;2.56;2.56
MHS01886;2;2.83;2.69
MHS01886;3;3.63;3.01
MHS01886;4;2.99;3.0
MHS01886;5;2.84;2.97
MHS01886;6;3.26;3.02
MHS01886;7;2.86;3.0
MHS01886;8;2.63;2.95
MHS01886;9;3.38;3.0
MHS01887;1;3.31;3.31
MHS01887;2;3.48;3.4
MHS01888;1;2.75;2.75
MHS01888;2;3.08;2.91
MHS01889;1;2.96;2.96
MHS01889;2;3.12;3.04
MHS01890;1;2.81;2.81
MHS01890;2;3.45;3.13
MHS01890;3;3.92;3.39
MHS01890;4;4.0;3.54
MHS01891;1;1.98;1.98
MHS01891;2;2.47;2.22
MHS01892;1;3.67;3.67
MHS01892;2;3.38;3.52
MHS01893;1;2.89;2.89
MHS01893;2;2.81;2.85
MHS01893;3;3.49;3.06
MHS01893;4;2.73;2.98
MHS01894;1;2.41;2.41
MHS01894;2;2.27;2.34
MHS01895;1;3.01;3.01
MHS01895;2;3.17;3.09
MHS01895;3;3.41;3.2
MHS01895;4;3.08;3.17
MHS01895;5;3.07;3.15
MHS01895;6;3.42;3.19
MHS01895;7;3.46;3.23
MHS01895;8;3.86;3.31
MHS01895;9;3.36;3.32
MHS01895;10;3.4;3.32
MHS01896;1;2.69;2.69
MHS01896;2;2.82;2.75
MHS01897;1;4.0;4.0
MHS01897;2;4.0;4.0
MHS01897;3;4.0;4.0
MHS01897;4;4.0;4.0
MHS01897;5;4.0;4.0
MHS01897;6;4.0;4.0
MHS01897;7;4.0;4.0
MHS01897;8;4.0;4.0
MHS01898;1;2.84;2.84
MHS01898;2;3.23;3.04
MHS01898;3;3.09;3.06
MHS01898;4;3.63;3.2
MHS01899;1;3.01;3.01
MHS01899;2;2.93;2.97
MHS01899;3;4.0;3.31
MHS01899;4;3.28;3.3
MHS01899;5;3.15;3.27
MHS01899;6;3.72;3.35
MHS01899;7;3.63;3.39
MHS01899;8;3.59;3.41
MHS01900;1;3.11;3.11
MHS01900;2;3.96;3.54
MHS01900;3;4.0;3.69
MHS01900;4;3.94;3.75
MHS01901;1;3.52;3.52
MHS01901;2;3.45;3.48
MHS01901;3;3.67;3.55
MHS01901;4;3.79;3.61
MHS01901;5;4.0;3.69
MHS01901;6;3.71;3.69
MHS01901;7;3.67;3.69
MHS01901;8;3.78;3.7
MHS01902;1;3.35;3.35
MHS01902;2;3.31;3.33
MHS01902;3;3.72;3.46
MHS01902;4;3.26;3.41
MHS01903;1;3.64;3.64
MHS01903;2;2.93;3.29
MHS01903;3;4.0;3.52
MHS01903;4;4.0;3.64
MHS01903;5;4.0;3.71
MHS01903;6;3.41;3.66
MHS01904;1;2.73;2.73
MHS01904;2;3.03;2.88
MHS01904;3;3.87;3.21
MHS01904;4;3.3;3.24
MHS01905;1;3.51;3.51
MHS01905;2;4.0;3.76
MHS01905;3;4.0;3.84
MHS01905;4;3.84;3.84
MHS01905;5;4.0;3.87
MHS01905;6;3.93;3.88
MHS01906;1;3.19;3.19
MHS01906;2;3.87;3.53
MHS01906;3;3.66;3.57
MHS01906;4;3.47;3.55
MHS01907;1;2.74;2.74
MHS01907;2;3.33;3.04
MHS01907;3;3.03;3.03
MHS01907;4;3.23;3.08
MHS01908;1;2.79;2.79
MHS01908;2;3.37;3.08
MHS01909;1;3.7;3.7
MHS01909;2;4.0;3.85
MHS01910;1;2.56;2.56
MHS01910;2;3.29;2.92
MHS01910;3;3.12;2.99
MHS01910;4;3.01;2.99
MHS01910;5;3.03;3.0
MHS01910;6;3.56;3.09
MHS01911;1;3.15;3.15
MHS01911;2;3.6;3.38
MHS01911;3;3.04;3.27
MHS01911;4;3.42;3.3
MHS01911;5;3.79;3.4
MHS01911;6;3.81;3.47
MHS01911;7;4.0;3.54
MHS01911;8;3.32;3.52
MHS01911;9;3.58;3.52
MHS01912;1;3.3;3.3
MHS01912;2;3.48;3.39
MHS01913;1;3.88;3.88
MHS01913;2;3.56;3.72
MHS01913;3;3.95;3.8
MHS01913;4;3.8;3.8
MHS01913;5;3.73;3.78
MHS01913;6;3.8;3.79
MHS01914;1;1.99;1.99
MHS01914;2;3.05;2.52
MHS01915;1;4.0;4.0
MHS01915;2;3.57;3.79
MHS01915;3;3.88;3.82
MHS01915;4;3.73;3.8
MHS01915;5;3.86;3.81
MHS01915;6;3.59;3.77
MHS01915;7;4.0;3.81
MHS01915;8;3.75;3.8
MHS01916;1;3.33;3.33
MHS01916;2;3.85;3.59
MHS01916;3;4.0;3.73
MHS01916;4;3.71;3.72
MHS01916;5;3.56;3.69
MHS01916;6;3.42;3.65
MHS01917;1;3.09;3.09
MHS01917;2;3.23;3.16
MHS01917;3;4.0;3.44
MHS01917;4;3.35;3.42
MHS01917;5;3.8;3.49
MHS01917;6;3.84;3.55
MHS01918;1;3.16;3.16
MHS01918;2;3.08;3.12
MHS01918;3;2.76;3.0
MHS01918;4;2.95;2.99
MHS01919;1;2.11;2.11
MHS01919;2;1.6;1.86
MHS01920;1;2.56;2.56
MHS01920;2;3.65;3.11
MHS01920;3;3.42;3.21
MHS01920;4;3.58;3.3
MHS01921;1;3.5;3.5
MHS01921;2;3.65;3.58
MHS01921;3;3.75;3.64
MHS01921;4;3.62;3.63
MHS01921;5;3.36;3.58
MHS01921;6;3.74;3.6
MHS01921;7;4.0;3.66
MHS01921;8;3.83;3.68
MHS01922;1;2.61;2.61
MHS01922;2;2.43;2.52
MHS01923;1;3.02;3.02
MHS01923;2;3.45;3.24
MHS01923;3;3.77;3.41
MHS01923;4;3.4;3.41
MHS01924;1;2.41;2.41
MHS01924;2;3.09;2.75
MHS01924;3;2.9;2.8
MHS01924;4;3.16;2.89
MHS01924;5;2.85;2.88
MHS01924;6;2.67;2.85
MHS01925;1;2.03;2.03
MHS01925;2;2.44;2.24
MHS01925;3;3.13;2.53
MHS01925;4;2.81;2.6
MHS01926;1;3.71;3.71
MHS01926;2;4.0;3.86
MHS01927;1;3.0;3.0
MHS01927;2;3.02;3.01
MHS01927;3;3.14;3.05
MHS01927;4;3.78;3.23
MHS01927;5;3.29;3.24
MHS01927;6;3.2;3.24
MHS01927;7;3.1;3.22
MHS01927;8;3.65;3.27
MHS01928;1;2.63;2.63
MHS01928;2;3.07;2.85
MHS01928;3;2.94;2.88
MHS01928;4;2.82;2.87
MHS01928;5;2.48;2.79
MHS01928;6;2.95;2.82
MHS01928;7;2.57;2.78
MHS01928;8;2.98;2.8
MHS01928;9;2.78;2.8
MHS01928;10;2.94;2.82
MHS01929;1;3.57;3.57
MHS01929;2;3.38;3.47
MHS01929;3;3.79;3.58
MHS01929;4;4.0;3.68
MHS01930;1;3.16;3.16
MHS01930;2;3.31;3.24
MHS01930;3;3.1;3.19
MHS01930;4;2.92;3.12
MHS01931;1;3.19;3.19
MHS01931;2;3.28;3.24
MHS01931;3;3.58;3.35
MHS01931;4;3.57;3.41
MHS01931;5;3.11;3.35
MHS01931;6;3.72;3.41
MHS01932;1;3.12;3.12
MHS01932;2;2.92;3.02
MHS01932;3;3.71;3.25
MHS01932;4;3.48;3.31
MHS01932;5;3.72;3.39
MHS01932;6;3.68;3.44
MHS01933;1;3.12;3.12
MHS01933;2;3.17;3.14
MHS01933;3;3.37;3.22
MHS01933;4;3.39;3.26
MHS01934;1;2.0;2.0
MHS01934;2;2.0;2.0
MHS01935;1;2.14;2.14
MHS01935;2;2.63;2.38
MHS01935;3;2.8;2.52
MHS01935;4;2.85;2.6
MHS01935;5;3.34;2.75
MHS01935;6;2.63;2.73
MHS01935;7;3.49;2.84
MHS01935;8;2.7;2.82
MHS01936;1;2.74;2.74
MHS01936;2;2.87;2.81
MHS01936;3;3.14;2.92
MHS01936;4;3.33;3.02
MHS01936;5;3.03;3.02
MHS01936;6;3.09;3.03
MHS01937;1;3.09;3.09
MHS01937;2;3.32;3.21
MHS01937;3;3.51;3.31
MHS01937;4;3.68;3.4
MHS01937;5;3.4;3.4
MHS01937;6;3.29;3.38
MHS01938;1;2.84;2.84
MHS01938;2;3.93;3.39
MHS01938;3;3.45;3.41
MHS01938;4;3.07;3.32
MHS01938;5;4.0;3.46
MHS01938;6;3.58;3.48
MHS01938;7;3.65;3.5
MHS01938;8;3.6;3.52
MHS01939;1;3.29;3.29
MHS01939;2;3.39;3.34
MHS01940;1;3.03;3.03
MHS01940;2;3.53;3.28
MHS01940;3;3.66;3.4
MHS01940;4;3.22;3.36
MHS01940;5;3.18;3.32
MHS01940;6;3.1;3.28
MHS01941;1;3.33;3.33
MHS01941;2;3.59;3.46
MHS01942;1;2.9;2.9
MHS01942;2;3.9;3.4
MHS01942;3;3.83;3.55
MHS01942;4;3.92;3.64
MHS01943;1;3.52;3.52
MHS01943;2;3.4;3.46
MHS01943;3;3.71;3.54
MHS01943;4;3.97;3.65
MHS01944;1;2.97;2.97
MHS01944;2;3.09;3.03
MHS01945;1;3.16;3.16
MHS01945;2;3.06;3.11
MHS01945;3;3.0;3.08
MHS01945;4;3.07;3.07
MHS01945;5;3.2;3.1
MHS01945;6;3.27;3.13
MHS01945;7;3.29;3.15
MHS01945;8;3.46;3.19
MHS01946;1;1.88;1.88
MHS01946;2;2.85;2.36
MHS01946;3;2.26;2.33
MHS01947;1;2.36;2.36
MHS01947;2;3.18;2.77
MHS01947;3;3.04;2.86
MHS01947;4;2.85;2.86
MHS01947;5;3.39;2.97
MHS01947;6;3.04;2.98
MHS01947;7;3.29;3.02
MHS01947;8;3.57;3.09
MHS01948;1;2.74;2.74
MHS01948;2;2.86;2.8
MHS01949;1;2.02;2.02
MHS01949;2;2.28;2.15
MHS01949;3;3.41;2.57
MHS01949;4;2.95;2.67
MHS01949;5;3.06;2.75
MHS01949;6;2.7;2.74
MHS01950;1;3.87;3.87
MHS01950;2;3.85;3.86
MHS01951;1;2.93;2.93
MHS01951;2;3.35;3.14
MHS01951;3;3.48;3.26
MHS01951;4;3.23;3.25
MHS01951;5;3.68;3.33
MHS01951;6;3.49;3.36
MHS01952;1;3.18;3.18
MHS01952;2;3.08;3.13
MHS01953;1;3.49;3.49
MHS01953;2;3.27;3.38
MHS01953;3;4.0;3.59
MHS01953;4;4.0;3.69
MHS01954;1;2.29;2.29
MHS01954;2;2.05;2.17
MHS01954;3;1.95;2.1
MHS01954;4;2.29;2.15
MHS01954;5;2.75;2.27
MHS01954;6;2.14;2.24
MHS01954;7;2.74;2.32
MHS01954;8;2.5;2.34
MHS01954;9;2.42;2.35
MHS01954;10;2.39;2.35
MHS01955;1;3.04;3.04
MHS01955;2;3.53;3.28
MHS01955;3;3.55;3.37
MHS01955;4;3.78;3.47
MHS01955;5;3.61;3.5
MHS01955;6;3.65;3.53
MHS01955;7;3.76;3.56
MHS01955;8;4.0;3.61
MHS01956;1;2.84;2.84
MHS01956;2;3.32;3.08
MHS01956;3;3.22;3.13
MHS01956;4;2.98;3.09
MHS01956;5;3.65;3.2
MHS01956;6;4.0;3.34
MHS01956;7;4.0;3.43
MHS01956;8;3.02;3.38
MHS01957;1;3.31;3.31
MHS01957;2;3.34;3.33
MHS01957;3;3.77;3.47
MHS01957;4;3.46;3.47
MHS01958;1;3.2;3.2
MHS01958;2;3.02;3.11
MHS01958;3;3.37;3.19
MHS01958;4;3.79;3.34
MHS01959;1;3.05;3.05
MHS01959;2;3.08;3.06
MHS01960;1;2.8;2.8
MHS01960;2;2.93;2.87
MHS01960;3;3.69;3.14
MHS01960;4;2.97;3.1
MHS01960;5;3.03;3.09
MHS01960;6;3.48;3.15
MHS01961;1;2.36;2.36
MHS01961;2;3.24;2.8
MHS01961;3;3.89;3.16
MHS01961;4;4.0;3.37
MHS01962;1;3.64;3.64
MHS01962;2;3.68;3.66
MHS01963;1;3.12;3.12
MHS01963;2;3.32;3.22
MHS01963;3;3.25;3.23
MHS01963;4;3.53;3.3
MHS01963;5;3.64;3.37
MHS01963;6;3.8;3.44
MHS01963;7;3.86;3.5
MHS01963;8;3.19;3.46
MHS01964;1;2.75;2.75
MHS01964;2;2.52;2.63
MHS01965;1;2.46;2.46
MHS01965;2;3.03;2.75
MHS01966;1;3.38;3.38
MHS01966;2;4.0;3.69
MHS01966;3;4.0;3.79
MHS01966;4;4.0;3.85
MHS01966;5;4.0;3.88
MHS01966;6;4.0;3.9
MHS01967;1;2.32;2.32
MHS01967;2;2.39;2.36
MHS01968;1;3.18;3.18
MHS01968;2;3.31;3.25
MHS01969;1;3.34;3.34
MHS01969;2;3.59;3.46
MHS01970;1;2.38;2.38
MHS01970;2;3.03;2.71
MHS01970;3;3.15;2.85
MHS01970;4;3.13;2.92
MHS01971;1;3.08;3.08
MHS01971;2;3.56;3.32
MHS01971;3;3.78;3.47
MHS01971;4;3.68;3.52
MHS01971;5;3.96;3.61
MHS01971;6;3.75;3.63
MHS01972;1;2.84;2.84
MHS01972;2;3.09;2.96
MHS01973;1;1.59;1.59
MHS01973;2;2.96;2.27
MHS01974;1;3.3;3.3
MHS01974;2;3.59;3.45
MHS01975;1;3.09;3.09
MHS01975;2;3.29;3.19
MHS01975;3;3.5;3.29
MHS01975;4;3.39;3.32
MHS01976;1;2.72;2.72
MHS01976;2;2.95;2.83
MHS01976;3;3.11;2.93
MHS01976;4;2.84;2.9
MHS01977;1;2.52;2.52
MHS01977;2;3.06;2.79
MHS01978;1;3.54;3.54
MHS01978;2;2.89;3.21
MHS01978;3;4.0;3.48
MHS01978;4;3.33;3.44
MHS01978;5;2.98;3.35
MHS01978;6;3.7;3.41
MHS01978;7;3.37;3.4
MHS01978;8;3.52;3.42
MHS01979;1;2.92;2.92
MHS01979;2;2.59;2.76
MHS01979;3;3.03;2.85
MHS01979;4;3.15;2.93
MHS01979;5;3.5;3.04
MHS01979;6;3.37;3.09
MHS01979;7;3.14;3.1
MHS01979;8;3.65;3.17
MHS01980;1;3.09;3.09
MHS01980;2;3.74;3.42
MHS01980;3;3.14;3.32
MHS01980;4;3.69;3.42
MHS01981;1;3.11;3.11
MHS01981;2;2.99;3.05
MHS01981;3;3.11;3.07
MHS01981;4;3.77;3.24
MHS01982;1;2.4;2.4
MHS01982;2;2.82;2.61
MHS01982;3;3.07;2.77
MHS01982;4;3.26;2.89
MHS01982;5;2.82;2.88
MHS01982;6;3.09;2.91
MHS01983;1;3.52;3.52
MHS01983;2;3.82;3.67
MHS01983;3;3.88;3.74
MHS01983;4;3.72;3.73
MHS01983;5;3.56;3.7
MHS01983;6;3.82;3.72
MHS01983;7;4.0;3.76
MHS01983;8;3.85;3.77
MHS01984;1;2.6;2.6
MHS01984;2;3.01;2.81
MHS01984;3;2.89;2.84
MHS01984;4;2.89;2.85
MHS01984;5;2.59;2.8
MHS01984;6;2.95;2.82
MHS01984;7;2.68;2.8
MHS01984;8;2.46;2.76
MHS01985;1;3.86;3.86
MHS01985;2;3.62;3.74
MHS01985;3;3.21;3.56
MHS01985;4;4.0;3.67
MHS01985;5;4.0;3.74
MHS01985;6;3.99;3.78
MHS01986;1;2.65;2.65
MHS01986;2;2.51;2.58
MHS01987;1;2.04;2.04
MHS01987;2;2.88;2.46
MHS01987;3;2.82;2.58
MHS01987;4;3.04;2.69
MHS01987;5;3.11;2.78
MHS01987;6;2.86;2.79
MHS01987;7;3.1;2.84
MHS01987;8;3.1;2.87
MHS01988;1;2.99;2.99
MHS01988;2;3.55;3.27
MHS01988;3;2.97;3.17
MHS01988;4;3.3;3.2
MHS01988;5;3.29;3.22
MHS01988;6;4.0;3.35
MHS01989;1;3.31;3.31
MHS01989;2;3.15;3.23
MHS01989;3;4.0;3.49
MHS01989;4;3.45;3.48
MHS01989;5;3.04;3.39
MHS01989;6;3.9;3.47
MHS01990;1;2.88;2.88
MHS01990;2;3.4;3.14
MHS01990;3;3.14;3.14
MHS01990;4;3.19;3.15
MHS01990;5;3.11;3.14
MHS01990;6;3.27;3.16
MHS01990;7;3.16;3.16
MHS01990;8;2.79;3.12
MHS01991;1;2.95;2.95
MHS01991;2;3.57;3.26
MHS01991;3;3.43;3.32
MHS01991;4;3.27;3.31
MHS01991;5;3.61;3.37
MHS01991;6;3.92;3.46
MHS01992;1;3.28;3.28
MHS01992;2;3.13;3.2
MHS01993;1;3.35;3.35
MHS01993;2;3.22;3.28
MHS01993;3;3.78;3.45
MHS01993;4;3.71;3.51
MHS01993;5;3.92;3.59
MHS01993;6;3.52;3.58
MHS01993;7;4.0;3.64
MHS01993;8;3.22;3.59
MHS01993;9;3.67;3.6
MHS01994;1;4.0;4.0
MHS01994;2;4.0;4.0
MHS01995;1;4.0;4.0
MHS01995;2;3.87;3.94
MHS01995;3;4.0;3.96
MHS01995;4;4.0;3.97
MHS01996;1;2.92;2.92
MHS01996;2;2.62;2.77
MHS01996;3;2.97;2.84
MHS01996;4;3.25;2.94
MHS01996;5;2.97;2.95
MHS01996;6;3.15;2.98
MHS01996;7;3.39;3.04
MHS01996;8;2.77;3.0
MHS01997;1;3.46;3.46
MHS01997;2;3.11;3.28
MHS01997;3;3.57;3.38
MHS01997;4;3.66;3.45
MHS01998;1;2.7;2.7
MHS01998;2;3.47;3.09
MHS01998;3;2.92;3.03
MHS01998;4;3.22;3.08
MHS01999;1;1.77;1.77
MHS01999;2;2.21;1.99
MHS01999;3;2.62;2.2
MHS01999;4;2.23;2.21
MHS02000;1;2.74;2.74
MHS02000;2;3.11;2.93
MHS02000;3;4.0;3.28
MHS02000;4;3.33;3.29
MHS02001;1;2.32;2.32
MHS02001;2;3.05;2.69
MHS02001;3;3.06;2.81
MHS02001;4;2.97;2.85
MHS02001;5;3.49;2.98
MHS02001;6;2.85;2.96
MHS02002;1;2.76;2.76
MHS02002;2;2.94;2.85
MHS02003;1;2.84;2.84
MHS02003;2;3.77;3.3
MHS02003;3;3.14;3.25
MHS02003;4;3.94;3.42
MHS02004;1;2.8;2.8
MHS02004;2;3.13;2.96
MHS02005;1;1.78;1.78
MHS02005;2;2.05;1.91
MHS02006;1;2.93;2.93
MHS02006;2;2.97;2.95
MHS02007;1;3.07;3.07
MHS02007;2;3.25;3.16
MHS02007;3;3.7;3.34
MHS02007;4;3.9;3.48
MHS02008;1;3.53;3.53
MHS02008;2;3.26;3.4
MHS02008;3;3.58;3.46
MHS02008;4;3.77;3.54
MHS02008;5;3.51;3.53
MHS02008;6;4.0;3.61
MHS02009;1;2.43;2.43
MHS02009;2;2.37;2.4
MHS02009;3;2.86;2.56
MHS02009;4;2.88;2.64
MHS02009;5;3.42;2.79
MHS02009;6;3.04;2.83
MHS02009;7;3.68;2.96
MHS02009;8;3.39;3.01
MHS02009;9;3.49;3.06
MHS02009;10;2.84;3.04
MHS02010;1;2.75;2.75
MHS02010;2;2.78;2.76
MHS02010;3;3.24;2.92
MHS02010;4;3.14;2.98
MHS02011;1;3.32;3.32
MHS02011;2;3.14;3.23
MHS02011;3;3.55;3.34
MHS02011;4;3.03;3.26
MHS02011;5;3.36;3.28
MHS02011;6;3.25;3.28
MHS02011;7;3.47;3.3
MHS02011;8;3.51;3.33
MHS02012;1;1.92;1.92
MHS02012;2;2.61;2.27
MHS02012;3;2.59;2.37
MHS02012;4;2.86;2.5
MHS02012;5;3.15;2.63
MHS02012;6;3.1;2.71
MHS02013;1;2.87;2.87
MHS02013;2;2.82;2.85
MHS02014;1;2.68;2.68
MHS02014;2;2.71;2.7
MHS02014;3;2.3;2.57
MHS02014;4;3.23;2.73
MHS02014;5;2.97;2.78
MHS02014;6;2.87;2.79
MHS02015;1;3.41;3.41
MHS02015;2;3.37;3.39
MHS02015;3;3.61;3.46
MHS02015;4;3.88;3.57
MHS02016;1;2.13;2.13
MHS02016;2;3.28;2.71
MHS02016;3;2.97;2.8
MHS02016;4;3.02;2.85
MHS02017;1;2.45;2.45
MHS02017;2;2.78;2.62
MHS02017;3;2.87;2.7
MHS02017;4;3.08;2.8
MHS02017;5;3.27;2.89
MHS02017;6;3.07;2.92
MHS02017;7;3.28;2.97
MHS02017;8;2.77;2.95
MHS02017;9;3.18;2.97
MHS02017;10;2.83;2.96
MHS02018;1;3.69;3.69
MHS02018;2;4.0;3.85
MHS02018;3;4.0;3.9
MHS02018;4;4.0;3.92
MHS02018;5;3.84;3.91
MHS02018;6;4.0;3.92
MHS02018;7;4.0;3.93
MHS02018;8;4.0;3.94
MHS02019;1;2.68;2.68
MHS02019;2;3.26;2.97
MHS02019;3;3.33;3.09
MHS02019;4;3.77;3.26
MHS02019;5;3.2;3.25
MHS02019;6;3.72;3.33
MHS02019;7;2.93;3.27
MHS02019;8;3.14;3.25
MHS02020;1;2.83;2.83
MHS02020;2;4.0;3.41
MHS02020;3;3.61;3.48
MHS02020;4;3.6;3.51
MHS02020;5;3.6;3.53
MHS02020;6;4.0;3.61
MHS02020;7;4.0;3.66
MHS02020;8;4.0;3.7
MHS02021;1;2.89;2.89
MHS02021;2;4.0;3.45
MHS02021;3;3.39;3.43
MHS02021;4;4.0;3.57
MHS02021;5;3.69;3.59
MHS02021;6;3.94;3.65
MHS02021;7;3.9;3.69
MHS02021;8;4.0;3.73
MHS02022;1;3.32;3.32
MHS02022;2;3.53;3.42
MHS02022;3;3.98;3.61
MHS02022;4;3.74;3.64
MHS02023;1;3.42;3.42
MHS02023;2;2.86;3.14
MHS02024;1;1.62;1.62
MHS02024;2;2.22;1.92
MHS02025;1;4.0;4.0
MHS02025;2;4.0;4.0
MHS02026;1;3.32;3.32
MHS02026;2;3.86;3.59
MHS02026;3;4.0;3.73
MHS02026;4;4.0;3.8
MHS02026;5;3.31;3.7
MHS02026;6;4.0;3.75
MHS02026;7;3.29;3.68
MHS02026;8;3.6;3.67
MHS02027;1;2.68;2.68
MHS02027;2;3.21;2.94
MHS02027;3;3.78;3.22
MHS02027;4;3.54;3.3
MHS02027;5;3.4;3.32
MHS02027;6;3.42;3.34
MHS02027;7;3.9;3.42
MHS02027;8;3.27;3.4
MHS02028;1;2.26;2.26
MHS02028;2;2.47;2.37
MHS02028;3;2.82;2.52
MHS02028;4;2.96;2.63
MHS02029;1;3.46;3.46
MHS02029;2;3.05;3.25
MHS02029;3;3.6;3.37
MHS02029;4;3.54;3.41
MHS02029;5;3.5;3.43
MHS02029;6;3.65;3.47
MHS02029;7;3.79;3.51
MHS02029;8;3.79;3.55
MHS02030;1;2.85;2.85
MHS02030;2;3.0;2.93
MHS02030;3;3.34;3.07
MHS02030;4;3.77;3.24
MHS02031;1;3.74;3.74
MHS02031;2;4.0;3.87
MHS02031;3;4.0;3.91
MHS02031;4;3.82;3.89
MHS02031;5;3.96;3.9
MHS02031;6;4.0;3.92
MHS02032;1;2.67;2.67
MHS02032;2;3.15;2.91
MHS02032;3;2.58;2.8
MHS02032;4;2.72;2.78
MHS02033;1;2.83;2.83
MHS02033;2;2.83;2.83
MHS02033;3;3.15;2.93
MHS02033;4;3.26;3.02
MHS02033;5;3.13;3.04
MHS02033;6;3.83;3.17
MHS02033;7;3.44;3.21
MHS02033;8;3.15;3.2
MHS02033;9;3.08;3.19
MHS02034;1;3.17;3.17
MHS02034;2;3.52;3.34
MHS02034;3;4.0;3.56
MHS02034;4;3.71;3.6
MHS02034;5;3.74;3.63
MHS02034;6;3.68;3.64
MHS02034;7;3.85;3.67
MHS02034;8;3.9;3.7
MHS02035;1;2.85;2.85
MHS02035;2;3.17;3.01
MHS02035;3;3.52;3.18
MHS02035;4;3.46;3.25
MHS02035;5;3.25;3.25
MHS02035;6;3.46;3.29
MHS02035;7;3.47;3.31
MHS02035;8;3.8;3.37
MHS02036;1;2.93;2.93
MHS02036;2;3.08;3.0
MHS02037;1;2.54;2.54
MHS02037;2;2.79;2.67
MHS02037;3;2.8;2.71
MHS02037;4;3.32;2.86
MHS02038;1;2.78;2.78
MHS02038;2;3.2;2.99
MHS02039;1;2.65;2.65
MHS02039;2;3.45;3.05
MHS02040;1;3.1;3.1
MHS02040;2;3.02;3.06
MHS02041;1;2.92;2.92
MHS02041;2;2.71;2.82
MHS02041;3;2.99;2.87
MHS02041;4;3.01;2.91
MHS02042;1;2.66;2.66
MHS02042;2;2.54;2.6
MHS02042;3;3.04;2.74
MHS02042;4;3.2;2.86
MHS02042;5;3.21;2.93
MHS02042;6;3.42;3.01
MHS02043;1;3.05;3.05
MHS02043;2;3.23;3.14
MHS02044;1;1.53;1.53
MHS02044;2;2.19;1.86
MHS02045;1;2.9;2.9
MHS02045;2;3.01;2.95
MHS02046;1;3.02;3.02
MHS02046;2;3.46;3.24
MHS02046;3;3.02;3.17
MHS02046;4;3.32;3.2
MHS02046;5;3.21;3.21
MHS02046;6;3.31;3.22
MHS02046;7;3.13;3.21
MHS02046;8;3.04;3.19
MHS02047;1;2.32;2.32
MHS02047;2;2.55;2.43
MHS02048;1;3.0;3.0
MHS02048;2;3.08;3.04
MHS02049;1;2.14;2.14
MHS02049;2;2.53;2.34
MHS02049;3;3.29;2.65
MHS02049;4;3.09;2.76
MHS02050;1;3.75;3.75
MHS02050;2;3.7;3.72
MHS02050;3;4.0;3.82
MHS02050;4;4.0;3.86
MHS02050;5;4.0;3.89
MHS02050;6;4.0;3.91
MHS02050;7;3.76;3.89
MHS02050;8;4.0;3.9
MHS02051;1;3.92;3.92
MHS02051;2;4.0;3.96
MHS02051;3;4.0;3.97
MHS02051;4;4.0;3.98
MHS02052;1;4.0;4.0
MHS02052;2;4.0;4.0
MHS02052;3;4.0;4.0
MHS02052;4;4.0;4.0
MHS02052;5;4.0;4.0
MHS02052;6;4.0;4.0
MHS02053;1;3.33;3.33
MHS02053;2;2.85;3.09
MHS02053;3;3.65;3.28
MHS02053;4;3.37;3.3
MHS02053;5;3.54;3.35
MHS02053;6;3.21;3.33
MHS02054;1;2.45;2.45
MHS02054;2;2.42;2.43
MHS02055;1;4.0;4.0
MHS02055;2;4.0;4.0
MHS02055;3;3.58;3.86
MHS02055;4;3.91;3.87
MHS02055;5;3.83;3.86
MHS02055;6;4.0;3.89
MHS02055;7;4.0;3.9
MHS02055;8;3.62;3.87
MHS02056;1;3.04;3.04
MHS02056;2;3.12;3.08
MHS02056;3;3.36;3.17
MHS02056;4;3.77;3.32
MHS02056;5;3.88;3.44
MHS02056;6;3.28;3.41
MHS02057;1;3.29;3.29
MHS02057;2;2.8;3.05
MHS02058;1;2.48;2.48
MHS02058;2;3.17;2.83
MHS02059;1;2.85;2.85
MHS02059;2;2.41;2.63
MHS02059;3;3.0;2.76
MHS02059;4;3.1;2.84
MHS02059;5;3.09;2.89
MHS02059;6;3.19;2.94
MHS02059;7;3.04;2.96
MHS02059;8;3.48;3.02
MHS02060;1;2.81;2.81
MHS02060;2;3.7;3.25
MHS02060;3;3.35;3.29
MHS02060;4;3.27;3.28
MHS02061;1;3.15;3.15
MHS02061;2;2.55;2.85
MHS02061;3;3.67;3.12
MHS02061;4;3.33;3.17
MHS02061;5;3.52;3.24
MHS02061;6;4.0;3.37
MHS02061;7;3.52;3.39
MHS02061;8;3.26;3.37
MHS02061;9;3.13;3.35
MHS02061;10;3.62;3.37
MHS02062;1;2.78;2.78
MHS02062;2;2.56;2.67
MHS02062;3;3.23;2.86
MHS02062;4;3.06;2.91
MHS02062;5;2.83;2.89
MHS02062;6;3.06;2.92
MHS02062;7;2.73;2.89
MHS02062;8;3.11;2.92
MHS02063;1;3.64;3.64
MHS02063;2;3.31;3.47
MHS02063;3;4.0;3.65
MHS02063;4;4.0;3.74
MHS02063;5;4.0;3.79
MHS02063;6;4.0;3.82
MHS02063;7;4.0;3.85
MHS02063;8;4.0;3.87
MHS02064;1;2.97;2.97
MHS02064;2;3.26;3.11
MHS02064;3;3.64;3.29
MHS02064;4;4.0;3.47
MHS02064;5;3.87;3.55
MHS02064;6;3.61;3.56
MHS02065;1;2.16;2.16
MHS02065;2;3.04;2.6
MHS02065;3;3.47;2.89
MHS02065;4;3.56;3.06
MHS02065;5;3.23;3.09
MHS02065;6;3.33;3.13
MHS02065;7;3.2;3.14
MHS02065;8;3.2;3.15
MHS02066;1;2.57;2.57
MHS02066;2;3.31;2.94
MHS02066;3;3.35;3.08
MHS02066;4;3.15;3.1
MHS02067;1;3.31;3.31
MHS02067;2;3.32;3.31
MHS02068;1;2.72;2.72
MHS02068;2;3.22;2.97
MHS02068;3;3.42;3.12
MHS02068;4;3.65;3.25
MHS02069;1;3.89;3.89
MHS02069;2;3.8;3.85
MHS02069;3;4.0;3.9
MHS02069;4;3.88;3.89
MHS02070;1;3.15;3.15
MHS02070;2;3.71;3.43
MHS02071;1;3.39;3.39
MHS02071;2;3.49;3.44
MHS02071;3;3.89;3.59
MHS02071;4;3.77;3.63
MHS02071;5;3.59;3.62
MHS02071;6;3.9;3.67
MHS02071;7;3.5;3.65
MHS02071;8;3.82;3.67
MHS02072;1;3.45;3.45
MHS02072;2;3.45;3.45
MHS02072;3;3.96;3.62
MHS02072;4;3.86;3.68
MHS02073;1;2.53;2.53
MHS02073;2;2.97;2.75
MHS02073;3;2.68;2.73
MHS02073;4;2.88;2.76
MHS02074;1;2.36;2.36
MHS02074;2;2.89;2.62
MHS02075;1;2.43;2.43
MHS02075;2;2.54;2.48
MHS02076;1;2.87;2.87
MHS02076;2;2.74;2.8
MHS02077;1;3.28;3.28
MHS02077;2;4.0;3.64
MHS02077;3;3.92;3.73
MHS02077;4;4.0;3.8
MHS02077;5;3.68;3.78
MHS02077;6;3.49;3.73
MHS02078;1;3.29;3.29
MHS02078;2;3.9;3.6
MHS02078;3;4.0;3.73
MHS02078;4;3.93;3.78
MHS02079;1;2.94;2.94
MHS02079;2;3.43;3.18
MHS02079;3;3.18;3.18
MHS02079;4;3.07;3.15
MHS02079;5;3.5;3.22
MHS02079;6;3.62;3.29
MHS02080;1;3.89;3.89
MHS02080;2;3.81;3.85
MHS02080;3;3.54;3.75
MHS02080;4;3.9;3.79
MHS02081;1;3.3;3.3
MHS02081;2;3.42;3.36
MHS02081;3;3.75;3.49
MHS02081;4;3.66;3.53
MHS02081;5;3.41;3.51
MHS02081;6;3.54;3.51
MHS02082;1;2.25;2.25
MHS02082;2;2.62;2.43
MHS02082;3;2.87;2.58
MHS02082;4;2.72;2.61
MHS02082;5;2.57;2.6
MHS02082;6;3.18;2.7
MHS02083;1;2.8;2.8
MHS02083;2;2.43;2.62
MHS02084;1;2.72;2.72
MHS02084;2;2.76;2.74
MHS02084;3;2.99;2.82
MHS02084;4;2.8;2.82
MHS02084;5;3.24;2.9
MHS02084;6;3.3;2.97
MHS02085;1;2.09;2.09
MHS02085;2;2.44;2.26
MHS02085;3;2.83;2.45
MHS02085;4;2.15;2.38
MHS02085;5;3.05;2.51
MHS02085;6;2.87;2.57
MHS02085;7;3.7;2.73
MHS02085;8;2.69;2.73
MHS02086;1;3.08;3.08
MHS02086;2;2.71;2.89
MHS02086;3;3.65;3.15
MHS02086;4;2.7;3.04
MHS02086;5;3.62;3.15
MHS02086;6;2.96;3.12
MHS02087;1;2.71;2.71
MHS02087;2;3.11;2.91
MHS02087;3;3.85;3.22
MHS02087;4;3.19;3.21
MHS02088;1;3.64;3.64
MHS02088;2;3.42;3.53
MHS02088;3;3.54;3.54
MHS02088;4;3.5;3.53
MHS02088;5;4.0;3.62
MHS02088;6;3.94;3.67
MHS02088;7;3.69;3.68
MHS02088;8;4.0;3.72
MHS02089;1;2.76;2.76
MHS02089;2;2.63;2.69
MHS02089;3;2.74;2.71
MHS02089;4;3.36;2.87
MHS02089;5;3.17;2.93
MHS02089;6;2.8;2.91
MHS02090;1;3.16;3.16
MHS02090;2;3.55;3.35
MHS02090;3;3.42;3.37
MHS02090;4;4.0;3.53
MHS02090;5;3.23;3.47
MHS02090;6;3.49;3.47
MHS02091;1;3.22;3.22
MHS02091;2;3.23;3.22
MHS02091;3;3.45;3.3
MHS02091;4;3.47;3.34
MHS02091;5;3.09;3.29
MHS02091;6;3.28;3.29
MHS02091;7;3.97;3.39
MHS02091;8;4.0;3.46
MHS02091;9;3.65;3.48
MHS02092;1;2.81;2.81
MHS02092;2;3.22;3.01
MHS02093;1;2.62;2.62
MHS02093;2;2.75;2.69
MHS02093;3;3.9;3.09
MHS02093;4;3.14;3.1
MHS02093;5;3.1;3.1
MHS02093;6;3.39;3.15
MHS02093;7;3.19;3.16
MHS02093;8;3.9;3.25
MHS02094;1;2.45;2.45
MHS02094;2;2.77;2.61
MHS02094;3;2.82;2.68
MHS02094;4;2.89;2.73
MHS02094;5;2.65;2.72
MHS02094;6;2.38;2.66
MHS02095;1;2.37;2.37
MHS02095;2;2.85;2.61
MHS02096;1;3.22;3.22
MHS02096;2;3.41;3.32
MHS02096;3;3.59;3.41
MHS02096;4;3.8;3.51
MHS02096;5;4.0;3.6
MHS02096;6;4.0;3.67
MHS02096;7;3.85;3.7
MHS02096;8;3.95;3.73
MHS02097;1;3.76;3.76
MHS02097;2;3.18;3.47
MHS02097;3;3.31;3.42
MHS02097;4;3.68;3.48
MHS02097;5;3.81;3.55
MHS02097;6;3.55;3.55
MHS02098;1;2.39;2.39
MHS02098;2;2.62;2.5
MHS02098;3;2.78;2.6
MHS02098;4;2.49;2.57
MHS02098;5;2.73;2.6
MHS02098;6;3.03;2.67
MHS02098;7;2.55;2.66
MHS02098;8;2.79;2.67
MHS02098;9;3.15;2.73
MHS02099;1;2.59;2.59
MHS02099;2;2.45;2.52
MHS02100;1;2.89;2.89
MHS02100;2;2.49;2.69
MHS02101;1;2.91;2.91
MHS02101;2;3.01;2.96
MHS02101;3;3.56;3.16
MHS02101;4;3.4;3.22
MHS02102;1;2.88;2.88
MHS02102;2;3.07;2.98
MHS02102;3;3.09;3.02
MHS02102;4;3.35;3.1
MHS02102;5;3.42;3.16
MHS02102;6;3.27;3.18
MHS02102;7;3.09;3.17
MHS02102;8;3.41;3.2
MHS02103;1;3.33;3.33
MHS02103;2;3.35;3.34
MHS02104;1;2.59;2.59
MHS02104;2;2.37;2.48
MHS02104;3;3.03;2.66
MHS02104;4;2.81;2.7
MHS02104;5;2.76;2.71
MHS02104;6;3.09;2.78
MHS02104;7;2.86;2.79
MHS02104;8;3.37;2.86
MHS02105;1;2.91;2.91
MHS02105;2;2.75;2.83
MHS02106;1;3.22;3.22
MHS02106;2;3.44;3.33
MHS02106;3;3.5;3.39
MHS02106;4;3.8;3.49
MHS02106;5;3.6;3.51
MHS02106;6;3.7;3.54
MHS02107;1;3.65;3.65
MHS02107;2;2.98;3.32
MHS02107;3;3.85;3.49
MHS02107;4;3.92;3.6
MHS02107;5;4.0;3.68
MHS02107;6;3.64;3.67
MHS02108;1;2.82;2.82
MHS02108;2;2.46;2.64
MHS02109;1;3.49;3.49
MHS02109;2;3.23;3.36
MHS02110;1;2.99;2.99
MHS02110;2;3.34;3.16
MHS02110;3;2.7;3.01
MHS02110;4;3.48;3.13
MHS02110;5;3.43;3.19
MHS02110;6;3.27;3.2
MHS02110;7;3.4;3.23
MHS02110;8;3.61;3.28
MHS02111;1;2.97;2.97
MHS02111;2;3.87;3.42
MHS02111;3;3.37;3.4
MHS02111;4;3.52;3.43
MHS02111;5;3.47;3.44
MHS02111;6;3.48;3.44
MHS02111;7;3.45;3.45
MHS02111;8;3.68;3.47
MHS02111;9;3.36;3.46
MHS02111;10;3.72;3.49
MHS02112;1;2.36;2.36
MHS02112;2;3.29;2.82
MHS02112;3;3.04;2.9
MHS02112;4;3.76;3.11
MHS02113;1;2.65;2.65
MHS02113;2;3.1;2.87
MHS02113;3;3.37;3.04
MHS02113;4;3.34;3.12
MHS02113;5;3.91;3.27
MHS02113;6;3.06;3.24
MHS02114;1;2.7;2.7
MHS02114;2;3.56;3.13
MHS02114;3;3.43;3.23
MHS02114;4;3.4;3.27
MHS02114;5;3.58;3.33
MHS02114;6;3.57;3.37
MHS02114;7;3.62;3.41
MHS02114;8;3.61;3.43
MHS02115;1;2.38;2.38
MHS02115;2;3.03;2.7
MHS02115;3;3.02;2.81
MHS02115;4;3.62;3.01
MHS02115;5;3.25;3.06
MHS02115;6;2.89;3.03
MHS02115;7;2.91;3.01
MHS02115;8;3.46;3.07
MHS02115;9;2.52;3.01
MHS02115;10;3.23;3.03
MHS02116;1;3.62;3.62
MHS02116;2;3.25;3.43
MHS02116;3;3.85;3.57
MHS02116;4;3.96;3.67
MHS02116;5;3.72;3.68
MHS02116;6;3.36;3.63
MHS02116;7;3.5;3.61
MHS02116;8;3.72;3.62
MHS02117;1;2.45;2.45
MHS02117;2;2.86;2.66
MHS02118;1;3.25;3.25
MHS02118;2;3.81;3.53
MHS02118;3;3.75;3.6
MHS02118;4;3.91;3.68
MHS02119;1;3.79;3.79
MHS02119;2;4.0;3.9
MHS02119;3;4.0;3.93
MHS02119;4;4.0;3.95
MHS02119;5;3.67;3.89
MHS02119;6;4.0;3.91
MHS02119;7;3.62;3.87
MHS02119;8;4.0;3.89
MHS02120;1;3.44;3.44
MHS02120;2;3.3;3.37
MHS02120;3;3.84;3.53
MHS02120;4;3.56;3.54
MHS02121;1;3.11;3.11
MHS02121;2;2.73;2.92
MHS02121;3;3.41;3.08
MHS02121;4;3.0;3.06
MHS02122;1;2.94;2.94
MHS02122;2;3.73;3.33
MHS02122;3;3.96;3.54
MHS02122;4;3.46;3.52
MHS02123;1;3.33;3.33
MHS02123;2;2.89;3.11
MHS02123;3;3.6;3.27
MHS02123;4;3.65;3.37
MHS02123;5;3.61;3.42
MHS02123;6;3.69;3.46
MHS02123;7;3.07;3.41
MHS02123;8;3.67;3.44
MHS02124;1;2.24;2.24
MHS02124;2;2.6;2.42
MHS02124;3;2.57;2.47
MHS02124;4;3.16;2.64
MHS02124;5;3.1;2.73
MHS02124;6;3.08;2.79
MHS02124;7;3.05;2.83
MHS02124;8;3.02;2.85
MHS02125;1;2.77;2.77
MHS02125;2;2.87;2.82
MHS02125;3;2.89;2.84
MHS02125;4;2.9;2.86
MHS02125;5;3.22;2.93
MHS02125;6;2.92;2.93
MHS02126;1;3.32;3.32
MHS02126;2;3.2;3.26
MHS02126;3;4.0;3.51
MHS02126;4;3.42;3.48
MHS02126;5;3.66;3.52
MHS02126;6;3.5;3.52
MHS02127;1;2.81;2.81
MHS02127;2;2.47;2.64
MHS02128;1;3.25;3.25
MHS02128;2;2.62;2.94
MHS02129;1;3.87;3.87
MHS02129;2;3.91;3.89
MHS02129;3;4.0;3.93
MHS02129;4;3.89;3.92
MHS02129;5;3.89;3.91
MHS02129;6;3.84;3.9
MHS02129;7;3.97;3.91
MHS02129;8;3.78;3.89
MHS02130;1;2.96;2.96
MHS02130;2;3.25;3.11
MHS02130;3;3.39;3.2
MHS02130;4;2.98;3.15
MHS02131;1;2.99;2.99
MHS02131;2;3.29;3.14
MHS02131;3;3.41;3.23
MHS02131;4;3.24;3.23
MHS02131;5;3.15;3.22
MHS02131;6;3.14;3.2
MHS02131;7;3.45;3.24
MHS02131;8;3.35;3.25
MHS02132;1;3.77;3.77
MHS02132;2;3.47;3.62
MHS02133;1;3.26;3.26
MHS02133;2;2.92;3.09
MHS02133;3;3.69;3.29
MHS02133;4;3.23;3.28
MHS02134;1;3.31;3.31
MHS02134;2;3.12;3.22
MHS02134;3;3.54;3.32
MHS02134;4;3.68;3.41
MHS02134;5;3.74;3.48
MHS02134;6;3.92;3.55
MHS02134;7;3.69;3.57
MHS02134;8;4.0;3.63
MHS02135;1;2.8;2.8
MHS02135;2;3.34;3.07
MHS02135;3;3.69;3.28
MHS02135;4;3.05;3.22
MHS02135;5;3.68;3.31
MHS02135;6;3.44;3.33
MHS02136;1;2.43;2.43
MHS02136;2;2.5;2.47
MHS02137;1;3.11;3.11
MHS02137;2;2.88;3.0
MHS02137;3;3.64;3.21
MHS02137;4;3.33;3.24
MHS02138;1;3.51;3.51
MHS02138;2;2.58;3.05
MHS02139;1;2.38;2.38
MHS02139;2;2.66;2.52
MHS02139;3;2.48;2.51
MHS02139;4;2.75;2.57
MHS02139;5;2.85;2.62
MHS02139;6;3.21;2.72
MHS02140;1;3.07;3.07
MHS02140;2;3.5;3.29
MHS02140;3;3.82;3.46
MHS02140;4;3.84;3.56
MHS02140;5;3.95;3.64
MHS02140;6;3.7;3.65
MHS02140;7;3.98;3.69
MHS02140;8;3.82;3.71
MHS02141;1;2.57;2.57
MHS02141;2;2.58;2.57
MHS02142;1;2.92;2.92
MHS02142;2;3.02;2.97
MHS02143;1;2.25;2.25
MHS02143;2;2.7;2.48
MHS02143;3;2.58;2.51
MHS02143;4;2.66;2.55
MHS02144;1;3.12;3.12
MHS02144;2;3.32;3.22
MHS02144;3;3.85;3.43
MHS02144;4;4.0;3.57
MHS02145;1;3.48;3.48
MHS02145;2;3.19;3.34
MHS02145;3;3.51;3.39
MHS02145;4;3.69;3.47
MHS02145;5;3.84;3.54
MHS02145;6;3.27;3.5
MHS02146;1;2.47;2.47
MHS02146;2;2.42;2.44
MHS02146;3;3.2;2.7
MHS02146;4;3.3;2.85
MHS02146;5;3.45;2.97
MHS02146;6;2.68;2.92
MHS02146;7;3.87;3.05
MHS02146;8;3.29;3.08
MHS02146;9;3.81;3.17
MHS02147;1;2.31;2.31
MHS02147;2;1.94;2.12
MHS02147;3;3.16;2.47
MHS02147;4;2.73;2.53
MHS02147;5;2.87;2.6
MHS02147;6;2.6;2.6
MHS02147;7;3.05;2.66
MHS02147;8;2.39;2.63
MHS02148;1;3.22;3.22
MHS02148;2;3.73;3.48
MHS02148;3;4.0;3.65
MHS02148;4;4.0;3.74
MHS02148;5;4.0;3.79
MHS02148;6;3.68;3.77
MHS02148;7;4.0;3.8
MHS02148;8;3.8;3.8
MHS02149;1;2.4;2.4
MHS02149;2;3.21;2.8
MHS02149;3;3.35;2.98
MHS02149;4;3.6;3.14
MHS02150;1;2.55;2.55
MHS02150;2;3.32;2.93
MHS02150;3;3.55;3.14
MHS02150;4;4.0;3.36
MHS02150;5;3.28;3.34
MHS02150;6;3.74;3.41
MHS02150;7;3.63;3.44
MHS02150;8;3.47;3.44
MHS02151;1;2.48;2.48
MHS02151;2;2.6;2.54
MHS02152;1;2.44;2.44
MHS02152;2;2.91;2.67
MHS02152;3;2.84;2.73
MHS02152;4;2.86;2.76
MHS02152;5;2.58;2.73
MHS02152;6;2.83;2.74
MHS02152;7;3.34;2.83
MHS02152;8;2.41;2.78
MHS02153;1;2.72;2.72
MHS02153;2;3.32;3.02
MHS02153;3;3.59;3.21
MHS02153;4;3.27;3.23
MHS02153;5;3.7;3.32
MHS02153;6;3.14;3.29
MHS02154;1;3.86;3.86
MHS02154;2;4.0;3.93
MHS02154;3;4.0;3.95
MHS02154;4;4.0;3.97
MHS02155;1;2.38;2.38
MHS02155;2;2.82;2.6
MHS02156;1;2.45;2.45
MHS02156;2;3.0;2.72
MHS02156;3;3.21;2.89
MHS02156;4;2.73;2.85
MHS02157;1;2.97;2.97
MHS02157;2;2.63;2.8
MHS02157;3;2.66;2.75
MHS02157;4;3.29;2.89
MHS02157;5;2.82;2.87
MHS02157;6;2.77;2.86
MHS02158;1;2.84;2.84
MHS02158;2;3.22;3.03
MHS02158;3;3.16;3.07
MHS02158;4;2.61;2.96
MHS02158;5;3.73;3.11
MHS02158;6;3.03;3.1
MHS02158;7;3.58;3.17
MHS02158;8;3.01;3.15
MHS02158;9;3.52;3.19
MHS02158;10;2.84;3.15
MHS02159;1;2.66;2.66
MHS02159;2;3.1;2.88
MHS02159;3;3.41;3.06
MHS02159;4;2.7;2.97
MHS02160;1;3.47;3.47
MHS02160;2;3.36;3.41
MHS02160;3;3.84;3.56
MHS02160;4;3.75;3.61
MHS02161;1;2.48;2.48
MHS02161;2;2.83;2.66
MHS02161;3;2.92;2.74
MHS02161;4;2.79;2.75
MHS02162;1;2.79;2.79
MHS02162;2;3.0;2.89
MHS02162;3;3.53;3.11
MHS02162;4;2.98;3.07
MHS02162;5;3.07;3.07
MHS02162;6;3.33;3.12
MHS02163;1;3.04;3.04
MHS02163;2;2.99;3.02
MHS02163;3;3.64;3.23
MHS02163;4;3.77;3.36
MHS02163;5;4.0;3.49
MHS02163;6;3.65;3.52
MHS02164;1;2.45;2.45
MHS02164;2;2.18;2.32
MHS02164;3;2.72;2.45
MHS02164;4;3.38;2.68
MHS02164;5;3.21;2.79
MHS02164;6;2.95;2.82
MHS02164;7;3.27;2.88
MHS02164;8;3.34;2.94
MHS02165;1;3.05;3.05
MHS02165;2;3.01;3.03
MHS02166;1;3.01;3.01
MHS02166;2;3.29;3.15
MHS02167;1;2.51;2.51
MHS02167;2;2.79;2.65
MHS02167;3;3.04;2.78
MHS02167;4;3.2;2.88
MHS02167;5;3.13;2.93
MHS02167;6;2.96;2.94
MHS02167;7;2.62;2.89
MHS02167;8;2.95;2.9
MHS02167;9;3.42;2.96
MHS02167;10;3.06;2.97
MHS02168;1;3.73;3.73
MHS02168;2;2.8;3.27
MHS02168;3;3.92;3.48
MHS02168;4;3.95;3.6
MHS02169;1;2.29;2.29
MHS02169;2;2.26;2.27
MHS02170;1;2.62;2.62
MHS02170;2;2.95;2.78
MHS02170;3;2.89;2.82
MHS02170;4;3.12;2.89
MHS02171;1;3.29;3.29
MHS02171;2;3.17;3.23
MHS02171;3;3.62;3.36
MHS02171;4;3.96;3.51
MHS02172;1;3.75;3.75
MHS02172;2;3.63;3.69
MHS02173;1;3.21;3.21
MHS02173;2;3.39;3.3
MHS02173;3;4.0;3.53
MHS02173;4;3.3;3.47
MHS02174;1;3.28;3.28
MHS02174;2;3.05;3.17
MHS02174;3;3.14;3.16
MHS02174;4;3.53;3.25
MHS02174;5;3.44;3.29
MHS02174;6;3.65;3.35
MHS02175;1;3.08;3.08
MHS02175;2;3.18;3.13
MHS02175;3;3.23;3.16
MHS02175;4;3.49;3.24
MHS02175;5;3.85;3.37
MHS02175;6;3.96;3.47
MHS02176;1;2.85;2.85
MHS02176;2;3.38;3.11
MHS02176;3;3.83;3.35
MHS02176;4;3.77;3.46
MHS02176;5;3.45;3.46
MHS02176;6;3.36;3.44
MHS02177;1;3.18;3.18
MHS02177;2;3.32;3.25
MHS02178;1;2.66;2.66
MHS02178;2;3.48;3.07
MHS02178;3;3.41;3.19
MHS02178;4;3.49;3.26
MHS02178;5;2.99;3.21
MHS02178;6;3.33;3.23
MHS02179;1;1.74;1.74
MHS02179;2;2.73;2.23
MHS02179;3;2.12;2.19
MHS02179;4;2.36;2.24
MHS02179;5;3.34;2.46
MHS02179;6;2.35;2.44
MHS02179;7;2.62;2.47
MHS02179;8;2.54;2.47
MHS02179;9;2.35;2.46
MHS02179;10;3.19;2.53
MHS02180;1;2.75;2.75
MHS02180;2;3.42;3.09
MHS02180;3;3.2;3.13
MHS02180;4;3.59;3.24
MHS02180;5;3.68;3.33
MHS02180;6;4.0;3.44
MHS02181;1;4.0;4.0
MHS02181;2;4.0;4.0
MHS02181;3;4.0;4.0
MHS02181;4;4.0;4.0
MHS02181;5;4.0;4.0
MHS02181;6;4.0;4.0
MHS02182;1;3.56;3.56
MHS02182;2;4.0;3.78
MHS02182;3;3.41;3.66
MHS02182;4;3.91;3.72
MHS02182;5;4.0;3.78
MHS02182;6;4.0;3.81
MHS02182;7;4.0;3.84
MHS02182;8;3.63;3.81
MHS02183;1;2.33;2.33
MHS02183;2;2.37;2.35
MHS02183;3;2.83;2.51
MHS02183;4;2.77;2.57
MHS02184;1;3.11;3.11
MHS02184;2;2.93;3.02
MHS02184;3;3.29;3.11
MHS02184;4;3.45;3.19
MHS02185;1;3.0;3.0
MHS02185;2;3.04;3.02
MHS02185;3;3.18;3.08
MHS02185;4;3.13;3.09
MHS02185;5;2.62;3.0
MHS02185;6;2.98;2.99
MHS02185;7;3.18;3.02
MHS02185;8;3.28;3.05
MHS02186;1;2.63;2.63
MHS02186;2;2.56;2.59
MHS02186;3;3.53;2.9
MHS02186;4;3.49;3.05
MHS02186;5;3.23;3.09
MHS02186;6;3.03;3.08
MHS02186;7;3.18;3.09
MHS02186;8;3.14;3.1
MHS02186;9;3.45;3.14
MHS02186;10;3.83;3.21
MHS02187;1;2.99;2.99
MHS02187;2;4.0;3.49
MHS02188;1;3.19;3.19
MHS02188;2;3.7;3.44
MHS02188;3;3.7;3.53
MHS02188;4;3.64;3.56
MHS02188;5;4.0;3.65
MHS02188;6;3.4;3.6
MHS02189;1;3.74;3.74
MHS02189;2;3.63;3.68
MHS02189;3;3.93;3.76
MHS02189;4;3.92;3.8
MHS02189;5;3.0;3.64
MHS02189;6;4.0;3.7
MHS02189;7;4.0;3.74
MHS02189;8;3.95;3.77
MHS02190;1;2.87;2.87
MHS02190;2;3.48;3.18
MHS02190;3;3.02;3.12
MHS02190;4;3.11;3.12
MHS02190;5;3.23;3.14
MHS02190;6;3.27;3.16
MHS02191;1;1.64;1.64
MHS02191;2;2.33;1.98
MHS02192;1;3.22;3.22
MHS02192;2;3.3;3.26
MHS02192;3;3.7;3.41
MHS02192;4;4.0;3.56
MHS02192;5;3.57;3.56
MHS02192;6;4.0;3.63
MHS02192;7;3.66;3.64
MHS02192;8;3.8;3.66
MHS02193;1;1.86;1.86
MHS02193;2;2.72;2.29
MHS02193;3;2.73;2.44
MHS02193;4;2.62;2.48
MHS02193;5;2.76;2.54
MHS02193;6;3.05;2.62
MHS02193;7;2.82;2.65
MHS02193;8;2.9;2.68
MHS02194;1;2.11;2.11
MHS02194;2;2.88;2.5
MHS02194;3;3.08;2.69
MHS02194;4;2.6;2.67
MHS02195;1;3.47;3.47
MHS02195;2;3.64;3.56
MHS02195;3;4.0;3.7
MHS02195;4;4.0;3.78
MHS02195;5;4.0;3.82
MHS02195;6;4.0;3.85
MHS02196;1;3.65;3.65
MHS02196;2;3.39;3.52
MHS02197;1;3.45;3.45
MHS02197;2;2.97;3.21
MHS02197;3;4.0;3.47
MHS02197;4;3.48;3.47
MHS02197;5;3.74;3.53
MHS02197;6;3.66;3.55
MHS02197;7;3.75;3.58
MHS02197;8;3.98;3.63
MHS02198;1;3.22;3.22
MHS02198;2;3.95;3.59
MHS02199;1;3.13;3.13
MHS02199;2;2.99;3.06
MHS02199;3;3.51;3.21
MHS02199;4;3.03;3.16
MHS02199;5;2.84;3.1
MHS02199;6;3.57;3.18
MHS02199;7;3.7;3.25
MHS02199;8;3.25;3.25
MHS02200;1;3.36;3.36
MHS02200;2;3.16;3.26
MHS02200;3;3.37;3.3
MHS02200;4;3.32;3.3
MHS02201;1;2.59;2.59
MHS02201;2;2.89;2.74
MHS02201;3;2.68;2.72
MHS02201;4;2.99;2.79
MHS02202;1;3.14;3.14
MHS02202;2;3.08;3.11
MHS02202;3;3.12;3.11
MHS02202;4;3.73;3.27
MHS02203;1;2.83;2.83
MHS02203;2;3.3;3.07
MHS02203;3;3.69;3.27
MHS02203;4;2.86;3.17
MHS02203;5;3.68;3.27
MHS02203;6;3.86;3.37
MHS02204;1;3.41;3.41
MHS02204;2;3.6;3.5
MHS02204;3;3.7;3.57
MHS02204;4;4.0;3.68
MHS02204;5;3.59;3.66
MHS02204;6;3.95;3.71
MHS02204;7;4.0;3.75
MHS02204;8;3.92;3.77
MHS02205;1;2.98;2.98
MHS02205;2;4.0;3.49
MHS02206;1;3.95;3.95
MHS02206;2;4.0;3.97
MHS02206;3;3.92;3.96
MHS02206;4;3.77;3.91
MHS02206;5;4.0;3.93
MHS02206;6;3.54;3.86
MHS02206;7;3.9;3.87
MHS02206;8;4.0;3.89
MHS02207;1;2.45;2.45
MHS02207;2;2.06;2.26
MHS02207;3;2.03;2.18
MHS02207;4;1.87;2.11
MHS02208;1;3.18;3.18
MHS02208;2;3.48;3.33
MHS02209;1;3.15;3.15
MHS02209;2;3.35;3.25
MHS02210;1;2.97;2.97
MHS02210;2;2.95;2.96
MHS02210;3;3.0;2.98
MHS02210;4;3.11;3.01
MHS02210;5;3.36;3.08
MHS02210;6;2.57;2.99
MHS02211;1;2.67;2.67
MHS02211;2;2.9;2.79
MHS02212;1;2.28;2.28
MHS02212;2;2.49;2.38
MHS02212;3;2.76;2.51
MHS02212;4;3.03;2.64
MHS02212;5;2.82;2.68
MHS02212;6;3.19;2.76
MHS02213;1;2.3;2.3
MHS02213;2;2.64;2.47
MHS02213;3;2.72;2.55
MHS02213;4;2.9;2.64
MHS02214;1;2.33;2.33
MHS02214;2;2.54;2.43
MHS02214;3;2.76;2.54
MHS02214;4;3.45;2.77
MHS02214;5;2.55;2.73
MHS02214;6;2.71;2.72
MHS02215;1;2.76;2.76
MHS02215;2;2.45;2.6
MHS02215;3;3.2;2.8
MHS02215;4;2.98;2.85
MHS02216;1;3.75;3.75
MHS02216;2;4.0;3.87
MHS02217;1;2.61;2.61
MHS02217;2;2.81;2.71
MHS02217;3;2.84;2.75
MHS02217;4;2.72;2.75
MHS02218;1;2.2;2.2
MHS02218;2;3.05;2.63
MHS02218;3;2.9;2.72
MHS02218;4;3.64;2.95
MHS02219;1;2.35;2.35
MHS02219;2;3.03;2.69
MHS02219;3;2.7;2.69
MHS02219;4;2.86;2.74
MHS02219;5;2.98;2.78
MHS02219;6;2.91;2.81
MHS02220;1;2.29;2.29
MHS02220;2;2.17;2.23
MHS02221;1;2.67;2.67
MHS02221;2;3.11;2.89
MHS02222;1;3.71;3.71
MHS02222;2;3.64;3.67
MHS02222;3;4.0;3.78
MHS02222;4;3.49;3.71
MHS02222;5;3.35;3.64
MHS02222;6;3.37;3.59
MHS02222;7;3.86;3.63
MHS02222;8;3.22;3.58
MHS02223;1;2.93;2.93
MHS02223;2;3.01;2.97
MHS02223;3;3.26;3.06
MHS02223;4;2.76;2.99
MHS02223;5;2.88;2.97
MHS02223;6;3.4;3.04
MHS02224;1;3.33;3.33
MHS02224;2;3.2;3.27
MHS02224;3;3.52;3.35
MHS02224;4;3.22;3.32
MHS02224;5;3.46;3.35
MHS02224;6;3.42;3.36
MHS02224;7;3.16;3.33
MHS02224;8;3.41;3.34
MHS02224;9;3.65;3.37
MHS02225;1;3.5;3.5
MHS02225;2;3.51;3.51
MHS02225;3;3.4;3.47
MHS02225;4;3.75;3.54
MHS02225;5;3.52;3.54
MHS02225;6;3.44;3.52
MHS02225;7;3.33;3.49
MHS02225;8;3.82;3.53
MHS02226;1;2.47;2.47
MHS02226;2;2.37;2.42
MHS02227;1;3.86;3.86
MHS02227;2;3.87;3.87
MHS02227;3;4.0;3.91
MHS02227;4;3.69;3.86
MHS02228;1;2.63;2.63
MHS02228;2;3.35;2.99
MHS02228;3;3.19;3.06
MHS02228;4;3.7;3.22
MHS02228;5;3.35;3.24
MHS02228;6;3.62;3.31
MHS02229;1;3.3;3.3
MHS02229;2;3.32;3.31
MHS02230;1;2.78;2.78
MHS02230;2;3.18;2.98
MHS02230;3;3.08;3.01
MHS02230;4;2.89;2.98
MHS02230;5;3.15;3.01
MHS02230;6;2.88;2.99
MHS02230;7;3.31;3.04
MHS02230;8;3.32;3.07
MHS02231;1;3.44;3.44
MHS02231;2;3.42;3.43
MHS02232;1;3.7;3.7
MHS02232;2;3.33;3.52
MHS02232;3;3.98;3.67
MHS02232;4;3.73;3.69
MHS02233;1;3.03;3.03
MHS02233;2;3.03;3.03
MHS02233;3;3.29;3.11
MHS02233;4;3.18;3.13
MHS02233;5;3.18;3.14
MHS02233;6;2.43;3.02
MHS02233;7;3.45;3.08
MHS02233;8;3.17;3.09
MHS02234;1;1.89;1.89
MHS02234;2;2.3;2.09
MHS02234;3;3.12;2.43
MHS02234;4;3.47;2.69
MHS02235;1;3.5;3.5
MHS02235;2;3.7;3.6
MHS02235;3;3.87;3.69
MHS02235;4;3.95;3.76
MHS02235;5;3.96;3.8
MHS02235;6;4.0;3.83
MHS02236;1;3.06;3.06
MHS02236;2;3.0;3.03
MHS02236;3;3.27;3.11
MHS02236;4;3.64;3.24
MHS02237;1;2.92;2.92
MHS02237;2;3.03;2.97
MHS02237;3;3.54;3.16
MHS02237;4;3.72;3.3
MHS02238;1;3.71;3.71
MHS02238;2;3.1;3.4
MHS02239;1;3.19;3.19
MHS02239;2;2.83;3.01
MHS02240;1;3.29;3.29
MHS02240;2;3.67;3.48
MHS02240;3;3.64;3.53
MHS02240;4;3.5;3.52
MHS02241;1;3.54;3.54
MHS02241;2;3.18;3.36
MHS02241;3;3.9;3.54
MHS02241;4;3.72;3.58
MHS02241;5;3.44;3.56
MHS02241;6;3.37;3.53
MHS02242;1;1.97;1.97
MHS02242;2;2.52;2.24
MHS02242;3;2.39;2.29
MHS02242;4;3.15;2.51
MHS02242;5;2.98;2.6
MHS02242;6;2.81;2.64
MHS02243;1;3.84;3.84
MHS02243;2;3.68;3.76
MHS02243;3;3.39;3.63
MHS02243;4;3.79;3.67
MHS02243;5;3.55;3.65
MHS02243;6;3.68;3.65
MHS02243;7;3.45;3.62
MHS02243;8;3.83;3.65
MHS02244;1;2.71;2.71
MHS02244;2;2.58;2.64
MHS02244;3;2.98;2.76
MHS02244;4;2.8;2.77
MHS02245;1;2.31;2.31
MHS02245;2;3.04;2.68
MHS02245;3;2.86;2.74
MHS02245;4;3.35;2.89
MHS02245;5;3.02;2.92
MHS02245;6;2.85;2.91
MHS02245;7;3.07;2.93
MHS02245;8;3.31;2.98
MHS02245;9;3.02;2.98
MHS02246;1;3.38;3.38
MHS02246;2;3.39;3.38
MHS02247;1;2.64;2.64
MHS02247;2;3.21;2.93
MHS02248;1;3.28;3.28
MHS02248;2;3.01;3.14
MHS02248;3;3.51;3.26
MHS02248;4;3.29;3.27
MHS02249;1;3.0;3.0
MHS02249;2;2.99;3.0
MHS02249;3;3.61;3.2
MHS02249;4;2.97;3.14
MHS02249;5;3.01;3.12
MHS02249;6;3.73;3.22
MHS02250;1;2.9;2.9
MHS02250;2;2.74;2.82
MHS02251;1;2.62;2.62
MHS02251;2;2.76;2.69
MHS02251;3;3.26;2.88
MHS02251;4;3.29;2.98
MHS02252;1;2.73;2.73
MHS02252;2;3.21;2.97
MHS02252;3;3.94;3.29
MHS02252;4;3.15;3.26
MHS02252;5;3.44;3.29
MHS02252;6;3.29;3.29
MHS02252;7;2.98;3.25
MHS02252;8;3.74;3.31
MHS02253;1;3.26;3.26
MHS02253;2;3.38;3.32
MHS02253;3;3.84;3.49
MHS02253;4;4.0;3.62
MHS02253;5;3.54;3.6
MHS02253;6;4.0;3.67
MHS02254;1;3.74;3.74
MHS02254;2;4.0;3.87
MHS02254;3;3.99;3.91
MHS02254;4;4.0;3.93
MHS02255;1;3.75;3.75
MHS02255;2;3.39;3.57
MHS02255;3;3.07;3.4
MHS02255;4;3.26;3.37
MHS02256;1;2.65;2.65
MHS02256;2;2.56;2.6
MHS02256;3;3.23;2.81
MHS02256;4;3.38;2.95
MHS02256;5;3.45;3.05
MHS02256;6;2.93;3.03
MHS02256;7;3.42;3.09
MHS02256;8;2.91;3.07
MHS02257;1;2.96;2.96
MHS02257;2;3.39;3.18
MHS02257;3;3.75;3.37
MHS02257;4;3.71;3.45
MHS02257;5;3.38;3.44
MHS02257;6;4.0;3.53
MHS02257;7;4.0;3.6
MHS02257;8;3.53;3.59
MHS02258;1;3.05;3.05
MHS02258;2;2.88;2.96
MHS02258;3;3.25;3.06
MHS02258;4;3.13;3.08
MHS02258;5;3.5;3.16
MHS02258;6;3.06;3.14
MHS02259;1;2.65;2.65
MHS02259;2;3.34;2.99
MHS02259;3;3.08;3.02
MHS02259;4;3.01;3.02
MHS02259;5;3.22;3.06
MHS02259;6;3.1;3.07
MHS02259;7;3.54;3.13
MHS02259;8;3.2;3.14
MHS02260;1;2.27;2.27
MHS02260;2;2.8;2.54
MHS02261;1;3.66;3.66
MHS02261;2;4.0;3.83
MHS02261;3;3.6;3.75
MHS02261;4;3.94;3.8
MHS02261;5;4.0;3.84
MHS02261;6;4.0;3.87
MHS02261;7;4.0;3.88
MHS02261;8;4.0;3.9
MHS02262;1;3.26;3.26
MHS02262;2;3.64;3.45
MHS02262;3;3.95;3.62
MHS02262;4;3.95;3.7
MHS02262;5;4.0;3.76
MHS02262;6;3.97;3.8
MHS02262;7;4.0;3.82
MHS02262;8;3.83;3.83
MHS02263;1;3.05;3.05
MHS02263;2;3.4;3.22
MHS02263;3;3.3;3.25
MHS02263;4;3.64;3.34
MHS02263;5;3.67;3.41
MHS02263;6;3.66;3.45
MHS02263;7;3.16;3.41
MHS02263;8;3.5;3.42
MHS02264;1;3.87;3.87
MHS02264;2;3.57;3.72
MHS02265;1;3.39;3.39
MHS02265;2;3.19;3.29
MHS02265;3;3.6;3.39
MHS02265;4;3.35;3.38
MHS02266;1;3.35;3.35
MHS02266;2;3.56;3.46
MHS02266;3;3.52;3.48
MHS02266;4;3.96;3.6
MHS02266;5;4.0;3.68
MHS02266;6;4.0;3.73
MHS02266;7;3.82;3.75
MHS02266;8;3.78;3.75
MHS02267;1;1.99;1.99
MHS02267;2;2.17;2.08
MHS02267;3;3.12;2.43
MHS02267;4;3.46;2.69
MHS02267;5;3.48;2.84
MHS02267;6;2.96;2.86
MHS02268;1;2.89;2.89
MHS02268;2;2.71;2.8
MHS02268;3;2.94;2.85
MHS02268;4;3.27;2.95
MHS02268;5;3.46;3.06
MHS02268;6;3.14;3.07
MHS02268;7;3.32;3.11
MHS02268;8;3.3;3.13
MHS02269;1;2.77;2.77
MHS02269;2;2.4;2.58
MHS02269;3;2.6;2.59
MHS02269;4;2.71;2.62
MHS02269;5;3.26;2.75
MHS02269;6;3.54;2.88
MHS02270;1;2.77;2.77
MHS02270;2;3.52;3.14
MHS02270;3;3.19;3.16
MHS02270;4;3.35;3.2
MHS02270;5;3.9;3.34
MHS02270;6;3.18;3.32
MHS02271;1;2.59;2.59
MHS02271;2;2.68;2.63
MHS02271;3;2.82;2.7
MHS02271;4;3.39;2.87
MHS02271;5;2.94;2.88
MHS02271;6;2.2;2.77
MHS02272;1;2.8;2.8
MHS02272;2;2.95;2.87
MHS02272;3;3.26;3.0
MHS02272;4;3.47;3.12
MHS02272;5;3.8;3.26
MHS02272;6;2.93;3.2
MHS02272;7;3.75;3.28
MHS02272;8;3.04;3.25
MHS02273;1;3.88;3.88
MHS02273;2;3.1;3.49
MHS02274;1;3.49;3.49
MHS02274;2;3.77;3.63
MHS02274;3;4.0;3.76
MHS02274;4;3.8;3.77
MHS02275;1;2.91;2.91
MHS02275;2;3.34;3.12
MHS02276;1;3.49;3.49
MHS02276;2;3.94;3.72
MHS02276;3;4.0;3.81
MHS02276;4;3.84;3.82
MHS02276;5;4.0;3.85
MHS02276;6;4.0;3.88
MHS02276;7;4.0;3.9
MHS02276;8;4.0;3.91
MHS02277;1;3.0;3.0
MHS02277;2;3.72;3.36
MHS02277;3;3.65;3.45
MHS02277;4;4.0;3.59
MHS02277;5;3.8;3.63
MHS02277;6;3.61;3.63
MHS02277;7;4.0;3.68
MHS02277;8;4.0;3.72
MHS02278;1;3.2;3.2
MHS02278;2;3.08;3.14
MHS02278;3;3.73;3.34
MHS02278;4;3.58;3.4
MHS02279;1;1.97;1.97
MHS02279;2;2.84;2.4
MHS02279;3;2.91;2.57
MHS02279;4;3.1;2.7
MHS02279;5;2.45;2.65
MHS02279;6;2.78;2.67
MHS02279;7;2.89;2.71
MHS02279;8;2.57;2.69
MHS02280;1;2.13;2.13
MHS02280;2;2.44;2.29
MHS02280;3;2.64;2.4
MHS02280;4;2.26;2.37
MHS02280;5;3.2;2.53
MHS02280;6;2.49;2.53
MHS02281;1;3.23;3.23
MHS02281;2;3.1;3.17
MHS02281;3;3.62;3.32
MHS02281;4;3.4;3.34
MHS02281;5;3.85;3.44
MHS02281;6;3.69;3.48
MHS02281;7;4.0;3.56
MHS02281;8;3.89;3.6
MHS02282;1;3.54;3.54
MHS02282;2;3.75;3.65
MHS02282;3;4.0;3.76
MHS02282;4;3.45;3.69
MHS02282;5;4.0;3.75
MHS02282;6;4.0;3.79
MHS02283;1;2.88;2.88
MHS02283;2;3.01;2.94
MHS02284;1;2.55;2.55
MHS02284;2;2.73;2.64
MHS02284;3;2.83;2.7
MHS02284;4;2.63;2.69
MHS02284;5;2.8;2.71
MHS02284;6;3.06;2.77
MHS02285;1;2.67;2.67
MHS02285;2;3.07;2.87
MHS02285;3;3.13;2.96
MHS02285;4;3.33;3.05
MHS02285;5;2.73;2.99
MHS02285;6;3.26;3.03
MHS02285;7;3.41;3.09
MHS02285;8;3.2;3.1
MHS02286;1;1.82;1.82
MHS02286;2;2.53;2.17
MHS02286;3;2.92;2.42
MHS02286;4;2.92;2.55
MHS02287;1;3.5;3.5
MHS02287;2;3.67;3.58
MHS02287;3;3.73;3.63
MHS02287;4;4.0;3.73
MHS02287;5;3.49;3.68
MHS02287;6;3.75;3.69
MHS02287;7;3.76;3.7
MHS02287;8;3.91;3.73
MHS02288;1;2.82;2.82
MHS02288;2;2.59;2.71
MHS02288;3;3.32;2.91
MHS02288;4;2.88;2.9
MHS02288;5;3.32;2.99
MHS02288;6;3.38;3.05
MHS02288;7;3.08;3.06
MHS02288;8;3.05;3.06
MHS02288;9;3.41;3.1
MHS02289;1;2.94;2.94
MHS02289;2;3.29;3.11
MHS02289;3;3.32;3.18
MHS02289;4;3.48;3.26
MHS02289;5;3.22;3.25
MHS02289;6;3.8;3.34
MHS02290;1;2.59;2.59
MHS02290;2;2.6;2.59
MHS02290;3;2.68;2.62
MHS02290;4;3.04;2.73
MHS02290;5;3.2;2.82
MHS02290;6;3.53;2.94
MHS02290;7;3.17;2.97
MHS02290;8;2.86;2.96
MHS02290;9;2.53;2.91
MHS02291;1;2.59;2.59
MHS02291;2;2.61;2.6
MHS02292;1;3.26;3.26
MHS02292;2;3.25;3.25
MHS02292;3;3.47;3.32
MHS02292;4;3.48;3.36
MHS02293;1;2.69;2.69
MHS02293;2;3.15;2.92
MHS02293;3;2.9;2.91
MHS02293;4;3.13;2.97
MHS02293;5;3.23;3.02
MHS02293;6;2.78;2.98
MHS02294;1;1.96;1.96
MHS02294;2;2.58;2.27
MHS02294;3;2.69;2.41
MHS02294;4;2.19;2.36
MHS02294;5;2.83;2.45
MHS02294;6;2.46;2.45
MHS02295;1;2.29;2.29
MHS02295;2;2.22;2.26
MHS02295;3;2.63;2.38
MHS02295;4;2.45;2.4
MHS02295;5;2.66;2.45
MHS02296;1;2.38;2.38
MHS02296;2;3.25;2.81
MHS02296;3;3.69;3.11
MHS02296;4;3.32;3.16
MHS02296;5;3.34;3.2
MHS02296;6;3.29;3.21
MHS02297;1;3.12;3.12
MHS02297;2;3.39;3.25
MHS02298;1;3.35;3.35
MHS02298;2;3.85;3.6
MHS02298;3;3.62;3.61
MHS02298;4;3.99;3.7
MHS02298;5;4.0;3.76
MHS02298;6;3.7;3.75
MHS02298;7;4.0;3.79
MHS02298;8;4.0;3.81
MHS02298;9;3.79;3.81
MHS02299;1;2.49;2.49
MHS02299;2;3.28;2.89
MHS02299;3;3.36;3.05
MHS02299;4;2.88;3.0
MHS02299;5;3.54;3.11
MHS02299;6;3.18;3.12
MHS02300;1;2.87;2.87
MHS02300;2;2.84;2.85
MHS02300;3;3.0;2.9
MHS02300;4;3.1;2.95
MHS02300;5;2.98;2.96
MHS02300;6;3.08;2.98
MHS02300;7;3.01;2.98
MHS02300;8;3.08;3.0
MHS02301;1;3.86;3.86
MHS02301;2;3.19;3.53
MHS02301;3;3.5;3.52
MHS02301;4;4.0;3.64
MHS02301;5;4.0;3.71
MHS02301;6;4.0;3.76
MHS02301;7;3.96;3.79
MHS02301;8;4.0;3.81
MHS02302;1;3.35;3.35
MHS02302;2;3.69;3.52
MHS02302;3;3.82;3.62
MHS02302;4;3.39;3.56
MHS02302;5;3.77;3.6
MHS02302;6;3.65;3.61
MHS02302;7;3.26;3.56
MHS02302;8;3.05;3.5
MHS02302;9;3.65;3.51
MHS02302;10;3.06;3.47
MHS02303;1;2.92;2.92
MHS02303;2;3.66;3.29
MHS02303;3;4.0;3.53
MHS02303;4;4.0;3.65
MHS02303;5;4.0;3.72
MHS02303;6;3.4;3.66
MHS02303;7;4.0;3.71
MHS02303;8;3.74;3.72
MHS02304;1;2.37;2.37
MHS02304;2;2.44;2.4
MHS02305;1;3.08;3.08
MHS02305;2;3.2;3.14
MHS02305;3;2.99;3.09
MHS02305;4;3.69;3.24
MHS02306;1;3.24;3.24
MHS02306;2;2.88;3.06
MHS02306;3;3.3;3.14
MHS02306;4;3.39;3.2
MHS02307;1;1.9;1.9
MHS02307;2;2.25;2.07
MHS02307;3;2.69;2.28
MHS02308;1;2.59;2.59
MHS02308;2;3.53;3.06
MHS02309;1;3.0;3.0
MHS02309;2;3.03;3.02
MHS02310;1;3.86;3.86
MHS02310;2;3.52;3.69
MHS02311;1;3.08;3.08
MHS02311;2;3.51;3.29
MHS02311;3;3.73;3.44
MHS02311;4;3.28;3.4
MHS02311;5;3.3;3.38
MHS02311;6;3.44;3.39
MHS02311;7;3.51;3.41
MHS02311;8;3.49;3.42
MHS02312;1;2.97;2.97
MHS02312;2;3.29;3.13
MHS02313;1;4.0;4.0
MHS02313;2;3.66;3.83
MHS02313;3;3.9;3.85
MHS02313;4;4.0;3.89
MHS02313;5;4.0;3.91
MHS02313;6;4.0;3.93
MHS02313;7;4.0;3.94
MHS02313;8;4.0;3.94
MHS02314;1;2.83;2.83
MHS02314;2;3.08;2.95
MHS02314;3;3.56;3.16
MHS02314;4;3.37;3.21
MHS02315;1;2.16;2.16
MHS02315;2;2.25;2.2
MHS02316;1;2.88;2.88
MHS02316;2;3.15;3.01
MHS02316;3;2.92;2.98
MHS02316;4;3.04;3.0
MHS02316;5;3.2;3.04
MHS02316;6;2.98;3.03
MHS02316;7;3.18;3.05
MHS02316;8;2.86;3.03
MHS02317;1;3.03;3.03
MHS02317;2;2.92;2.97
MHS02317;3;3.69;3.21
MHS02317;4;3.9;3.38
MHS02317;5;4.0;3.51
MHS02317;6;3.16;3.45
MHS02317;7;4.0;3.53
MHS02317;8;4.0;3.59
MHS02318;1;2.58;2.58
MHS02318;2;2.36;2.47
MHS02318;3;3.25;2.73
MHS02318;4;2.84;2.76
MHS02318;5;3.19;2.84
MHS02318;6;3.37;2.93
MHS02318;7;2.91;2.93
MHS02318;8;2.99;2.93
MHS02318;9;3.4;2.99
MHS02318;10;3.2;3.01
MHS02319;1;2.43;2.43
MHS02319;2;3.0;2.72
MHS02319;3;2.87;2.77
MHS02319;4;2.87;2.79
MHS02320;1;2.84;2.84
MHS02320;2;3.34;3.09
MHS02321;1;3.48;3.48
MHS02321;2;3.58;3.53
MHS02322;1;3.47;3.47
MHS02322;2;3.62;3.54
MHS02322;3;3.3;3.46
MHS02322;4;3.24;3.41
MHS02322;5;3.56;3.44
MHS02322;6;3.21;3.4
MHS02322;7;3.42;3.4
MHS02322;8;2.62;3.31
MHS02323;1;3.26;3.26
MHS02323;2;2.99;3.13
MHS02323;3;3.55;3.27
MHS02323;4;3.27;3.27
MHS02324;1;2.4;2.4
MHS02324;2;3.26;2.83
MHS02325;1;3.83;3.83
MHS02325;2;4.0;3.92
MHS02325;3;4.0;3.94
MHS02325;4;3.73;3.89
MHS02325;5;4.0;3.91
MHS02325;6;3.96;3.92
MHS02326;1;3.14;3.14
MHS02326;2;2.75;2.95
MHS02326;3;3.53;3.14
MHS02326;4;3.6;3.26
MHS02326;5;3.25;3.26
MHS02326;6;3.75;3.34
MHS02327;1;2.84;2.84
MHS02327;2;2.71;2.78
MHS02327;3;3.1;2.88
MHS02327;4;2.9;2.89
MHS02327;5;2.86;2.88
MHS02327;6;3.3;2.95
MHS02328;1;2.82;2.82
MHS02328;2;3.09;2.95
MHS02328;3;3.15;3.02
MHS02328;4;3.69;3.19
MHS02328;5;3.59;3.27
MHS02328;6;3.3;3.27
MHS02328;7;3.2;3.26
MHS02328;8;3.38;3.28
MHS02328;9;3.79;3.33
MHS02329;1;2.36;2.36
MHS02329;2;2.37;2.37
MHS02329;3;3.46;2.73
MHS02329;4;2.86;2.76
MHS02329;5;2.99;2.81
MHS02329;6;3.14;2.86
MHS02329;7;3.16;2.91
MHS02329;8;3.43;2.97
MHS02330;1;3.4;3.4
MHS02330;2;3.53;3.47
MHS02330;3;4.0;3.64
MHS02330;4;3.63;3.64
MHS02331;1;2.6;2.6
MHS02331;2;3.64;3.12
MHS02332;1;3.01;3.01
MHS02332;2;3.19;3.1
MHS02332;3;3.79;3.33
MHS02332;4;3.12;3.28
MHS02332;5;3.03;3.23
MHS02332;6;3.31;3.24
MHS02332;7;3.16;3.23
MHS02332;8;3.3;3.24
MHS02333;1;3.57;3.57
MHS02333;2;4.0;3.79
MHS02333;3;3.88;3.82
MHS02333;4;3.8;3.81
MHS02334;1;2.5;2.5
MHS02334;2;2.58;2.54
MHS02334;3;3.68;2.92
MHS02334;4;3.04;2.95
MHS02335;1;3.77;3.77
MHS02335;2;4.0;3.88
MHS02335;3;4.0;3.92
MHS02335;4;3.87;3.91
MHS02335;5;4.0;3.93
MHS02335;6;3.74;3.9
MHS02335;7;3.81;3.88
MHS02335;8;4.0;3.9
MHS02336;1;4.0;4.0
MHS02336;2;4.0;4.0
MHS02336;3;3.69;3.9
MHS02336;4;3.99;3.92
MHS02337;1;2.84;2.84
MHS02337;2;3.33;3.08
MHS02337;3;3.5;3.22
MHS02337;4;3.44;3.28
MHS02337;5;3.35;3.29
MHS02337;6;3.91;3.39
MHS02338;1;3.51;3.51
MHS02338;2;2.59;3.05
MHS02338;3;3.24;3.12
MHS02338;4;2.72;3.02
MHS02339;1;2.73;2.73
MHS02339;2;3.42;3.08
MHS02339;3;2.89;3.02
MHS02339;4;3.08;3.03
MHS02339;5;3.34;3.09
MHS02339;6;2.91;3.06
MHS02339;7;3.63;3.14
MHS02339;8;3.35;3.17
MHS02340;1;4.0;4.0
MHS02340;2;3.84;3.92
MHS02340;3;3.8;3.88
MHS02340;4;3.72;3.84
MHS02341;1;2.96;2.96
MHS02341;2;3.76;3.36
MHS02341;3;3.12;3.28
MHS02341;4;3.64;3.37
MHS02341;5;3.77;3.45
MHS02341;6;2.93;3.36
MHS02341;7;3.52;3.39
MHS02341;8;3.07;3.35
MHS02342;1;1.66;1.66
MHS02342;2;2.16;1.91
MHS02343;1;2.22;2.22
MHS02343;2;2.77;2.5
MHS02343;3;3.05;2.68
MHS02343;4;3.14;2.79
MHS02344;1;3.82;3.82
MHS02344;2;3.97;3.89
MHS02344;3;4.0;3.93
MHS02344;4;3.97;3.94
MHS02345;1;3.23;3.23
MHS02345;2;3.35;3.29
MHS02345;3;3.86;3.48
MHS02345;4;3.52;3.49
MHS02345;5;3.36;3.46
MHS02345;6;3.48;3.47
MHS02345;7;3.58;3.48
MHS02345;8;3.25;3.46
MHS02346;1;2.29;2.29
MHS02346;2;2.74;2.51
MHS02347;1;2.48;2.48
MHS02347;2;2.71;2.59
MHS02347;3;3.05;2.74
MHS02347;4;2.92;2.79
MHS02347;5;2.98;2.83
MHS02347;6;3.17;2.88
MHS02347;7;3.48;2.97
MHS02347;8;2.72;2.94
MHS02347;9;2.97;2.94
MHS02347;10;2.95;2.94
MHS02348;1;3.03;3.03
MHS02348;2;2.5;2.76
MHS02348;3;2.87;2.8
MHS02348;4;2.61;2.75
MHS02348;5;2.94;2.79
MHS02348;6;3.14;2.85
MHS02348;7;3.02;2.87
MHS02348;8;3.19;2.91
MHS02349;1;2.89;2.89
MHS02349;2;3.43;3.16
MHS02349;3;3.42;3.25
MHS02349;4;4.0;3.43
MHS02349;5;3.4;3.43
MHS02349;6;3.74;3.48
MHS02350;1;2.51;2.51
MHS02350;2;2.88;2.7
MHS02350;3;2.86;2.75
MHS02350;4;3.08;2.83
MHS02350;5;2.31;2.73
MHS02350;6;2.46;2.69
MHS02350;7;3.12;2.75
MHS02350;8;3.4;2.83
MHS02351;1;2.56;2.56
MHS02351;2;3.33;2.94
MHS02351;3;3.6;3.16
MHS02351;4;3.22;3.18
MHS02351;5;3.62;3.27
MHS02351;6;3.43;3.29
MHS02351;7;3.44;3.32
MHS02351;8;3.31;3.31
MHS02352;1;3.58;3.58
MHS02352;2;3.92;3.75
MHS02352;3;4.0;3.83
MHS02352;4;3.91;3.85
MHS02352;5;3.52;3.78
MHS02352;6;3.94;3.81
MHS02352;7;4.0;3.84
MHS02352;8;3.53;3.8
MHS02353;1;3.12;3.12
MHS02353;2;2.99;3.05
MHS02354;1;2.97;2.97
MHS02354;2;3.55;3.26
MHS02354;3;3.87;3.46
MHS02354;4;4.0;3.6
MHS02354;5;3.98;3.67
MHS02354;6;4.0;3.73
MHS02354;7;3.81;3.74
MHS02354;8;3.89;3.76
MHS02355;1;2.97;2.97
MHS02355;2;2.88;2.93
MHS02355;3;3.57;3.14
MHS02355;4;3.64;3.26
MHS02356;1;2.91;2.91
MHS02356;2;3.65;3.28
MHS02356;3;3.47;3.34
MHS02356;4;3.73;3.44
MHS02357;1;2.51;2.51
MHS02357;2;3.09;2.8
MHS02357;3;3.54;3.04
MHS02357;4;3.07;3.05
MHS02358;1;3.3;3.3
MHS02358;2;2.94;3.12
MHS02358;3;3.23;3.16
MHS02358;4;3.06;3.14
MHS02358;5;3.74;3.26
MHS02358;6;3.28;3.26
MHS02359;1;3.21;3.21
MHS02359;2;3.37;3.29
MHS02360;1;3.35;3.35
MHS02360;2;4.0;3.68
MHS02361;1;2.85;2.85
MHS02361;2;2.91;2.88
MHS02361;3;2.87;2.88
MHS02361;4;3.97;3.15
MHS02361;5;3.08;3.14
MHS02361;6;3.5;3.2
MHS02361;7;3.52;3.25
MHS02361;8;3.63;3.29
MHS02362;1;3.55;3.55
MHS02362;2;3.48;3.52
MHS02362;3;4.0;3.68
MHS02362;4;4.0;3.76
MHS02362;5;3.84;3.77
MHS02362;6;4.0;3.81
MHS02363;1;3.11;3.11
MHS02363;2;3.3;3.2
MHS02364;1;2.63;2.63
MHS02364;2;2.95;2.79
MHS02364;3;3.69;3.09
MHS02364;4;3.09;3.09
MHS02365;1;3.66;3.66
MHS02365;2;3.83;3.75
MHS02365;3;3.26;3.58
MHS02365;4;3.91;3.67
MHS02365;5;3.87;3.71
MHS02365;6;3.83;3.73
MHS02366;1;2.11;2.11
MHS02366;2;2.36;2.24
MHS02366;3;2.47;2.32
MHS02366;4;2.73;2.42
MHS02366;5;2.86;2.51
MHS02366;6;2.66;2.53
MHS02366;7;2.3;2.5
MHS02366;8;2.94;2.55
MHS02366;9;2.56;2.56
MHS02366;10;2.29;2.53
MHS02366;11;3.04;2.58
MHS02367;1;2.72;2.72
MHS02367;2;2.99;2.85
MHS02368;1;2.56;2.56
MHS02368;2;2.81;2.69
MHS02369;1;3.34;3.34
MHS02369;2;3.42;3.38
MHS02370;1;3.25;3.25
MHS02370;2;3.9;3.57
MHS02370;3;3.75;3.63
MHS02370;4;3.34;3.56
MHS02371;1;3.31;3.31
MHS02371;2;3.7;3.5
MHS02371;3;2.92;3.31
MHS02371;4;2.73;3.17
MHS02371;5;3.32;3.2
MHS02371;6;3.38;3.23
MHS02372;1;3.61;3.61
MHS02372;2;3.79;3.7
MHS02372;3;4.0;3.8
MHS02372;4;4.0;3.85
MHS02372;5;4.0;3.88
MHS02372;6;4.0;3.9
MHS02372;7;3.99;3.91
MHS02372;8;4.0;3.92
MHS02373;1;2.88;2.88
MHS02373;2;3.01;2.94
MHS02373;3;2.95;2.95
MHS02373;4;2.97;2.95
MHS02374;1;2.27;2.27
MHS02374;2;2.65;2.46
MHS02375;1;3.26;3.26
MHS02375;2;3.23;3.25
MHS02375;3;3.84;3.44
MHS02375;4;3.92;3.56
MHS02375;5;4.0;3.65
MHS02375;6;4.0;3.71
MHS02375;7;4.0;3.75
MHS02375;8;4.0;3.78
MHS02376;1;2.9;2.9
MHS02376;2;3.01;2.95
MHS02376;3;3.28;3.06
MHS02376;4;3.01;3.05
MHS02376;5;2.87;3.01
MHS02376;6;3.23;3.05
MHS02376;7;2.99;3.04
MHS02376;8;3.35;3.08
MHS02377;1;3.08;3.08
MHS02377;2;3.72;3.4
MHS02377;3;4.0;3.6
MHS02377;4;3.93;3.68
MHS02378;1;2.88;2.88
MHS02378;2;2.83;2.86
MHS02379;1;2.71;2.71
MHS02379;2;2.82;2.76
MHS02380;1;3.42;3.42
MHS02380;2;3.46;3.44
MHS02381;1;2.98;2.98
MHS02381;2;3.62;3.3
MHS02381;3;3.7;3.43
MHS02381;4;3.61;3.48
MHS02382;1;2.91;2.91
MHS02382;2;3.0;2.96
MHS02382;3;2.88;2.93
MHS02382;4;3.71;3.13
MHS02382;5;3.35;3.17
MHS02382;6;3.09;3.16
MHS02382;7;2.92;3.12
MHS02382;8;3.71;3.2
MHS02383;1;2.83;2.83
MHS02383;2;3.33;3.08
MHS02383;3;3.36;3.17
MHS02383;4;3.03;3.14
MHS02383;5;3.76;3.26
MHS02383;6;3.8;3.35
MHS02384;1;3.59;3.59
MHS02384;2;4.0;3.79
MHS02384;3;3.84;3.81
MHS02384;4;3.97;3.85
MHS02384;5;3.9;3.86
MHS02384;6;3.71;3.84
MHS02384;7;3.44;3.78
MHS02384;8;3.84;3.79
MHS02384;9;3.69;3.78
MHS02385;1;4.0;4.0
MHS02385;2;4.0;4.0
MHS02386;1;2.54;2.54
MHS02386;2;3.14;2.84
MHS02386;3;3.73;3.13
MHS02386;4;3.61;3.25
MHS02386;5;4.0;3.4
MHS02386;6;3.89;3.48
MHS02386;7;3.16;3.44
MHS02386;8;3.26;3.42
MHS02387;1;2.56;2.56
MHS02387;2;3.72;3.14
MHS02387;3;2.98;3.09
MHS02387;4;2.95;3.05
MHS02387;5;2.89;3.02
MHS02387;6;3.47;3.09
MHS02387;7;3.17;3.11
MHS02387;8;3.07;3.1
MHS02388;1;2.85;2.85
MHS02388;2;3.06;2.96
MHS02389;1;3.34;3.34
MHS02389;2;4.0;3.67
MHS02389;3;3.03;3.46
MHS02389;4;3.57;3.48
MHS02389;5;3.08;3.4
MHS02389;6;3.64;3.44
MHS02390;1;3.8;3.8
MHS02390;2;4.0;3.9
MHS02390;3;3.96;3.92
MHS02390;4;3.72;3.87
MHS02391;1;2.63;2.63
MHS02391;2;2.81;2.72
MHS02391;3;3.15;2.86
MHS02391;4;2.8;2.85
MHS02391;5;2.51;2.78
MHS02391;6;2.93;2.81
MHS02391;7;2.74;2.8
MHS02391;8;2.89;2.81
MHS02391;9;3.03;2.83
MHS02392;1;3.75;3.75
MHS02392;2;3.79;3.77
MHS02392;3;4.0;3.84
MHS02392;4;4.0;3.88
MHS02393;1;2.86;2.86
MHS02393;2;2.78;2.82
MHS02393;3;3.35;3.0
MHS02393;4;2.98;2.99
MHS02394;1;1.82;1.82
MHS02394;2;2.22;2.02
MHS02395;1;2.6;2.6
MHS02395;2;2.87;2.74
MHS02395;3;3.01;2.83
MHS02395;4;2.73;2.8
MHS02395;5;2.49;2.74
MHS02395;6;2.94;2.77
MHS02395;7;2.85;2.78
MHS02395;8;2.7;2.77
MHS02396;1;2.4;2.4
MHS02396;2;2.89;2.64
MHS02396;3;2.5;2.6
MHS02396;4;3.25;2.76
MHS02397;1;3.82;3.82
MHS02397;2;4.0;3.91
MHS02398;1;2.32;2.32
MHS02398;2;2.84;2.58
MHS02398;3;3.11;2.76
MHS02398;4;2.81;2.77
MHS02398;5;2.85;2.79
MHS02398;6;2.82;2.79
MHS02399;1;2.56;2.56
MHS02399;2;2.77;2.66
MHS02399;3;3.35;2.89
MHS02399;4;3.82;3.12
MHS02399;5;3.32;3.16
MHS02399;6;3.79;3.27
MHS02399;7;3.54;3.31
MHS02399;8;3.33;3.31
MHS02400;1;2.9;2.9
MHS02400;2;2.79;2.84
MHS02400;3;2.61;2.77
MHS02400;4;3.43;2.93
MHS02401;1;2.69;2.69
MHS02401;2;3.03;2.86
MHS02401;3;3.17;2.96
MHS02401;4;3.79;3.17
MHS02401;5;3.29;3.19
MHS02401;6;2.83;3.13
MHS02401;7;3.56;3.19
MHS02401;8;3.06;3.18
MHS02402;1;2.74;2.74
MHS02402;2;2.33;2.54
MHS02402;3;2.91;2.66
MHS02402;4;2.94;2.73
MHS02403;1;2.76;2.76
MHS02403;2;2.89;2.83
MHS02403;3;3.13;2.93
MHS02403;4;3.03;2.95
MHS02403;5;3.19;3.0
MHS02403;6;3.03;3.01
MHS02404;1;2.54;2.54
MHS02404;2;2.74;2.64
MHS02405;1;2.52;2.52
MHS02405;2;3.23;2.88
MHS02405;3;3.11;2.96
MHS02405;4;2.98;2.96
MHS02405;5;3.18;3.0
MHS02405;6;3.26;3.05
MHS02405;7;3.43;3.1
MHS02405;8;2.99;3.09
MHS02406;1;3.2;3.2
MHS02406;2;3.82;3.51
MHS02406;3;2.86;3.29
MHS02406;4;4.0;3.47
MHS02406;5;4.0;3.58
MHS02406;6;3.48;3.56
MHS02407;1;2.03;2.03
MHS02407;2;2.82;2.42
MHS02408;1;2.51;2.51
MHS02408;2;2.89;2.7
MHS02409;1;3.36;3.36
MHS02409;2;3.37;3.36
MHS02409;3;3.45;3.39
MHS02409;4;3.48;3.42
MHS02409;5;3.27;3.39
MHS02409;6;2.94;3.31
MHS02410;1;2.4;2.4
MHS02410;2;2.96;2.68
MHS02410;3;3.37;2.91
MHS02410;4;3.25;2.99
MHS02410;5;3.65;3.12
MHS02410;6;3.06;3.11
MHS02411;1;3.1;3.1
MHS02411;2;3.56;3.33
MHS02412;1;3.33;3.33
MHS02412;2;3.77;3.55
MHS02412;3;3.56;3.55
MHS02412;4;4.0;3.67
MHS02413;1;3.08;3.08
MHS02413;2;3.27;3.17
MHS02413;3;3.31;3.22
MHS02413;4;3.85;3.38
MHS02414;1;3.06;3.06
MHS02414;2;3.47;3.26
MHS02414;3;3.21;3.25
MHS02414;4;3.48;3.3
MHS02414;5;3.86;3.42
MHS02414;6;3.47;3.43
MHS02414;7;3.57;3.45
MHS02414;8;3.55;3.46
MHS02415;1;2.7;2.7
MHS02415;2;2.56;2.63
MHS02415;3;3.46;2.9
MHS02415;4;3.5;3.05
MHS02416;1;3.62;3.62
MHS02416;2;3.73;3.67
MHS02416;3;4.0;3.78
MHS02416;4;4.0;3.84
MHS02417;1;2.97;2.97
MHS02417;2;3.55;3.26
MHS02417;3;3.63;3.38
MHS02417;4;3.14;3.32
MHS02417;5;3.33;3.32
MHS02417;6;3.62;3.37
MHS02417;7;3.46;3.38
MHS02417;8;3.27;3.37
MHS02418;1;2.49;2.49
MHS02418;2;2.91;2.7
MHS02418;3;2.97;2.79
MHS02418;4;3.01;2.85
MHS02418;5;2.96;2.87
MHS02418;6;3.24;2.93
MHS02419;1;4.0;4.0
MHS02419;2;4.0;4.0
MHS02419;3;4.0;4.0
MHS02419;4;3.96;3.99
MHS02419;5;4.0;3.99
MHS02419;6;4.0;3.99
MHS02420;1;3.88;3.88
MHS02420;2;3.88;3.88
MHS02420;3;3.48;3.75
MHS02420;4;3.51;3.69
MHS02420;5;4.0;3.75
MHS02420;6;4.0;3.79
MHS02421;1;2.96;2.96
MHS02421;2;3.19;3.07
MHS02421;3;3.14;3.1
MHS02421;4;3.33;3.16
MHS02421;5;3.06;3.14
MHS02421;6;3.29;3.16
MHS02421;7;2.98;3.14
MHS02421;8;3.64;3.2
MHS02422;1;1.92;1.92
MHS02422;2;2.21;2.06
MHS02422;3;2.24;2.12
MHS02422;4;2.7;2.27
MHS02422;5;2.45;2.3
MHS02422;6;2.35;2.31
MHS02423;1;3.64;3.64
MHS02423;2;3.58;3.61
MHS02423;3;4.0;3.74
MHS02423;4;3.35;3.64
MHS02424;1;3.79;3.79
MHS02424;2;3.51;3.65
MHS02424;3;3.64;3.65
MHS02424;4;4.0;3.73
MHS02425;1;3.02;3.02
MHS02425;2;3.42;3.22
MHS02425;3;3.79;3.41
MHS02425;4;3.53;3.44
MHS02425;5;3.4;3.43
MHS02425;6;3.39;3.42
MHS02426;1;2.76;2.76
MHS02426;2;2.96;2.86
MHS02426;3;2.83;2.85
MHS02426;4;3.07;2.91
MHS02426;5;2.88;2.9
MHS02426;6;3.01;2.92
MHS02427;1;3.32;3.32
MHS02427;2;3.31;3.32
MHS02428;1;4.0;4.0
MHS02428;2;4.0;4.0
MHS02429;1;2.89;2.89
MHS02429;2;3.26;3.07
MHS02430;1;3.76;3.76
MHS02430;2;3.46;3.61
MHS02430;3;3.58;3.6
MHS02430;4;3.83;3.66
MHS02430;5;4.0;3.73
MHS02430;6;3.93;3.76
MHS02430;7;4.0;3.8
MHS02430;8;3.71;3.78
MHS02431;1;2.66;2.66
MHS02431;2;2.57;2.62
MHS02431;3;2.89;2.71
MHS02431;4;2.64;2.69
MHS02431;5;3.04;2.76
MHS02431;6;2.99;2.8
MHS02432;1;3.0;3.0
MHS02432;2;3.18;3.09
MHS02432;3;3.35;3.18
MHS02432;4;3.6;3.28
MHS02432;5;3.95;3.42
MHS02432;6;3.55;3.44
MHS02433;1;2.82;2.82
MHS02433;2;3.4;3.11
MHS02433;3;3.29;3.17
MHS02433;4;3.49;3.25
MHS02433;5;4.0;3.4
MHS02433;6;3.29;3.38
MHS02434;1;3.14;3.14
MHS02434;2;3.15;3.15
MHS02434;3;3.41;3.24
MHS02434;4;3.34;3.26
MHS02434;5;3.27;3.26
MHS02434;6;3.08;3.23
MHS02434;7;3.23;3.23
MHS02434;8;3.09;3.21
MHS02435;1;3.56;3.56
MHS02435;2;3.13;3.34
MHS02435;3;3.47;3.39
MHS02435;4;3.94;3.52
MHS02435;5;4.0;3.62
MHS02435;6;3.93;3.67
MHS02436;1;2.74;2.74
MHS02436;2;3.28;3.01
MHS02436;3;3.37;3.13
MHS02436;4;2.99;3.1
MHS02437;1;3.28;3.28
MHS02437;2;3.47;3.37
MHS02437;3;2.76;3.17
MHS02437;4;3.61;3.28
MHS02438;1;3.83;3.83
MHS02438;2;3.92;3.87
MHS02438;3;3.99;3.91
MHS02438;4;4.0;3.94
MHS02439;1;4.0;4.0
MHS02439;2;4.0;4.0
MHS02439;3;3.7;3.9
MHS02439;4;3.49;3.8
MHS02439;5;4.0;3.84
MHS02439;6;3.94;3.85
MHS02439;7;3.62;3.82
MHS02439;8;3.26;3.75
MHS02440;1;3.25;3.25
MHS02440;2;3.71;3.48
MHS02440;3;3.58;3.51
MHS02440;4;3.48;3.5
MHS02441;1;2.28;2.28
MHS02441;2;3.0;2.64
MHS02441;3;2.61;2.63
MHS02441;4;2.66;2.64
MHS02441;5;2.91;2.69
MHS02441;6;2.98;2.74
MHS02441;7;3.45;2.84
MHS02441;8;2.86;2.84
MHS02442;1;2.02;2.02
MHS02442;2;2.96;2.49
MHS02443;1;3.27;3.27
MHS02443;2;3.39;3.33
MHS02443;3;3.19;3.28
MHS02443;4;3.73;3.39
MHS02443;5;3.73;3.46
MHS02443;6;3.48;3.47
MHS02444;1;3.07;3.07
MHS02444;2;3.86;3.46
MHS02444;3;3.69;3.54
MHS02444;4;3.71;3.58
MHS02445;1;3.34;3.34
MHS02445;2;3.4;3.37
MHS02445;3;3.37;3.37
MHS02445;4;3.32;3.36
MHS02445;5;3.47;3.38
MHS02445;6;3.38;3.38
MHS02446;1;2.33;2.33
MHS02446;2;2.64;2.48
MHS02446;3;3.09;2.69
MHS02446;4;2.36;2.6
MHS02447;1;2.98;2.98
MHS02447;2;3.59;3.28
MHS02447;3;2.83;3.13
MHS02447;4;3.28;3.17
MHS02447;5;3.54;3.24
MHS02447;6;3.58;3.3
MHS02447;7;2.79;3.23
MHS02447;8;3.73;3.29
MHS02448;1;3.07;3.07
MHS02448;2;3.4;3.24
MHS02449;1;2.77;2.77
MHS02449;2;2.64;2.71
MHS02449;3;2.78;2.73
MHS02449;4;3.0;2.8
MHS02449;5;2.96;2.83
MHS02449;6;2.58;2.79
MHS02449;7;3.16;2.84
MHS02449;8;3.05;2.87
MHS02450;1;2.33;2.33
MHS02450;2;2.52;2.43
MHS02450;3;3.5;2.78
MHS02450;4;3.33;2.92
MHS02451;1;4.0;4.0
MHS02451;2;4.0;4.0
MHS02452;1;2.18;2.18
MHS02452;2;3.04;2.61
MHS02453;1;2.1;2.1
MHS02453;2;2.84;2.47
MHS02454;1;3.01;3.01
MHS02454;2;3.22;3.11
MHS02455;1;2.81;2.81
MHS02455;2;3.51;3.16
MHS02456;1;3.57;3.57
MHS02456;2;3.93;3.75
MHS02456;3;4.0;3.83
MHS02456;4;4.0;3.87
MHS02457;1;2.91;2.91
MHS02457;2;2.87;2.89
MHS02457;3;3.14;2.97
MHS02457;4;3.76;3.17
MHS02457;5;3.61;3.26
MHS02457;6;3.27;3.26
MHS02458;1;2.76;2.76
MHS02458;2;3.47;3.11
MHS02458;3;3.32;3.18
MHS02458;4;3.15;3.17
MHS02458;5;3.53;3.25
MHS02458;6;3.09;3.22
MHS02458;7;3.08;3.2
MHS02458;8;3.25;3.21
MHS02459;1;3.43;3.43
MHS02459;2;3.04;3.23
MHS02459;3;3.51;3.33
MHS02459;4;3.64;3.4
MHS02460;1;2.85;2.85
MHS02460;2;3.07;2.96
MHS02460;3;2.88;2.93
MHS02460;4;3.04;2.96
MHS02461;1;2.59;2.59
MHS02461;2;2.41;2.5
MHS02461;3;2.88;2.63
MHS02461;4;2.7;2.65
MHS02461;5;2.44;2.6
MHS02461;6;2.87;2.65
MHS02461;7;2.66;2.65
MHS02461;8;2.82;2.67
MHS02461;9;3.35;2.75
MHS02461;10;2.51;2.72
MHS02462;1;3.03;3.03
MHS02462;2;3.2;3.11
MHS02463;1;2.67;2.67
MHS02463;2;3.39;3.03
MHS02463;3;3.03;3.03
MHS02463;4;3.11;3.05
MHS02464;1;2.51;2.51
MHS02464;2;2.9;2.71
MHS02464;3;3.09;2.83
MHS02464;4;3.04;2.89
MHS02464;5;3.4;2.99
MHS02464;6;3.6;3.09
MHS02465;1;2.48;2.48
MHS02465;2;3.12;2.8
MHS02465;3;3.3;2.97
MHS02465;4;3.57;3.12
MHS02465;5;3.16;3.13
MHS02465;6;3.59;3.2
MHS02465;7;3.49;3.24
MHS02465;8;3.25;3.25
MHS02466;1;3.52;3.52
MHS02466;2;3.85;3.68
MHS02466;3;4.0;3.79
MHS02466;4;3.73;3.78
MHS02467;1;3.59;3.59
MHS02467;2;3.22;3.4
MHS02467;3;2.79;3.2
MHS02467;4;3.2;3.2
MHS02468;1;3.31;3.31
MHS02468;2;3.35;3.33
MHS02469;1;2.78;2.78
MHS02469;2;2.76;2.77
MHS02469;3;2.83;2.79
MHS02469;4;2.9;2.82
MHS02469;5;2.85;2.82
MHS02469;6;2.84;2.83
MHS02469;7;2.87;2.83
MHS02469;8;2.59;2.8
MHS02470;1;2.79;2.79
MHS02470;2;2.99;2.89
MHS02471;1;3.17;3.17
MHS02471;2;2.97;3.07
MHS02472;1;2.68;2.68
MHS02472;2;2.97;2.83
MHS02473;1;3.29;3.29
MHS02473;2;3.29;3.29
MHS02473;3;4.0;3.53
MHS02473;4;3.64;3.55
MHS02473;5;3.76;3.59
MHS02473;6;4.0;3.66
MHS02474;1;3.14;3.14
MHS02474;2;3.19;3.17
MHS02475;1;3.96;3.96
MHS02475;2;4.0;3.98
MHS02475;3;4.0;3.99
MHS02475;4;4.0;3.99
MHS02476;1;2.1;2.1
MHS02476;2;2.49;2.3
MHS02477;1;2.14;2.14
MHS02477;2;2.68;2.41
MHS02477;3;2.93;2.58
MHS02477;4;2.82;2.64
MHS02477;5;3.03;2.72
MHS02477;6;3.6;2.87
MHS02478;1;2.31;2.31
MHS02478;2;2.96;2.63
MHS02478;3;3.08;2.78
MHS02478;4;3.04;2.85
MHS02478;5;3.11;2.9
MHS02478;6;3.82;3.05
MHS02478;7;2.66;3.0
MHS02478;8;3.55;3.06
MHS02479;1;3.2;3.2
MHS02479;2;3.09;3.14
MHS02480;1;3.38;3.38
MHS02480;2;3.17;3.27
MHS02480;3;3.29;3.28
MHS02480;4;3.93;3.44
MHS02480;5;3.54;3.46
MHS02480;6;4.0;3.55
MHS02480;7;3.23;3.51
MHS02480;8;3.77;3.54
MHS02481;1;2.79;2.79
MHS02481;2;3.24;3.01
MHS02481;3;3.44;3.16
MHS02481;4;3.53;3.25
MHS02481;5;3.82;3.36
MHS02481;6;3.31;3.35
MHS02481;7;3.42;3.36
MHS02481;8;3.3;3.36
MHS02482;1;3.33;3.33
MHS02482;2;3.52;3.42
MHS02483;1;2.79;2.79
MHS02483;2;2.48;2.64
MHS02483;3;2.35;2.54
MHS02483;4;3.31;2.74
MHS02483;5;2.59;2.71
MHS02483;6;2.65;2.7
MHS02484;1;2.5;2.5
MHS02484;2;2.37;2.43
MHS02485;1;3.21;3.21
MHS02485;2;4.0;3.61
MHS02485;3;3.81;3.67
MHS02485;4;3.59;3.65
MHS02485;5;3.83;3.69
MHS02485;6;3.64;3.68
MHS02485;7;3.73;3.69
MHS02485;8;3.94;3.72
MHS02486;1;2.93;2.93
MHS02486;2;3.2;3.07
MHS02486;3;3.51;3.21
MHS02486;4;3.79;3.36
MHS02486;5;3.19;3.32
MHS02486;6;4.0;3.44
MHS02487;1;2.62;2.62
MHS02487;2;2.73;2.68
MHS02487;3;3.7;3.02
MHS02487;4;3.17;3.06
MHS02487;5;2.96;3.04
MHS02487;6;3.46;3.11
MHS02488;1;3.72;3.72
MHS02488;2;4.0;3.86
MHS02488;3;4.0;3.91
MHS02488;4;4.0;3.93
MHS02488;5;4.0;3.94
MHS02488;6;4.0;3.95
MHS02488;7;3.57;3.9
MHS02488;8;3.84;3.89
MHS02489;1;3.07;3.07
MHS02489;2;3.42;3.24
MHS02490;1;2.94;2.94
MHS02490;2;3.25;3.09
MHS02490;3;3.11;3.1
MHS02490;4;2.86;3.04
MHS02490;5;3.58;3.15
MHS02490;6;3.38;3.19
MHS02490;7;3.53;3.24
MHS02490;8;3.78;3.3
MHS02491;1;2.82;2.82
MHS02491;2;3.3;3.06
MHS02491;3;3.09;3.07
MHS02491;4;3.73;3.23
MHS02491;5;3.1;3.21
MHS02491;6;3.24;3.21
MHS02492;1;2.36;2.36
MHS02492;2;2.94;2.65
MHS02492;3;3.14;2.81
MHS02492;4;2.81;2.81
MHS02493;1;2.96;2.96
MHS02493;2;3.55;3.26
MHS02493;3;3.79;3.43
MHS02493;4;3.94;3.56
MHS02493;5;3.36;3.52
MHS02493;6;3.68;3.55
MHS02493;7;3.79;3.58
MHS02493;8;4.0;3.63
MHS02493;9;3.61;3.63
MHS02494;1;2.56;2.56
MHS02494;2;2.98;2.77
MHS02495;1;2.57;2.57
MHS02495;2;3.06;2.82
MHS02495;3;3.53;3.05
MHS02495;4;3.67;3.21
MHS02495;5;3.5;3.27
MHS02495;6;3.26;3.26
MHS02496;1;2.98;2.98
MHS02496;2;3.24;3.11
MHS02496;3;3.32;3.18
MHS02496;4;3.87;3.35
MHS02497;1;3.56;3.56
MHS02497;2;4.0;3.78
MHS02497;3;3.78;3.78
MHS02497;4;3.76;3.77
MHS02498;1;3.55;3.55
MHS02498;2;3.4;3.47
MHS02498;3;3.71;3.55
MHS02498;4;3.65;3.58
MHS02498;5;3.84;3.63
MHS02498;6;4.0;3.69
MHS02498;7;3.96;3.73
MHS02498;8;3.68;3.72
MHS02499;1;4.0;4.0
MHS02499;2;4.0;4.0
MHS02499;3;4.0;4.0
MHS02499;4;4.0;4.0
MHS02499;5;4.0;4.0
MHS02499;6;4.0;4.0
MHS02500;1;2.68;2.68
MHS02500;2;2.83;2.76
MHS02500;3;2.73;2.75
MHS02500;4;3.05;2.82
MHS02501;1;3.93;3.93
MHS02501;2;3.43;3.68
MHS02502;1;3.11;3.11
MHS02502;2;3.19;3.15
MHS02502;3;3.7;3.33
MHS02502;4;3.24;3.31
MHS02502;5;3.39;3.33
MHS02502;6;3.75;3.4
MHS02502;7;3.95;3.48
MHS02502;8;3.26;3.45
MHS02503;1;3.65;3.65
MHS02503;2;3.93;3.79
MHS02504;1;3.61;3.61
MHS02504;2;4.0;3.81
MHS02504;3;3.56;3.72
MHS02504;4;3.63;3.7
MHS02504;5;4.0;3.76
MHS02504;6;4.0;3.8
MHS02505;1;2.5;2.5
MHS02505;2;3.29;2.89
MHS02506;1;3.53;3.53
MHS02506;2;3.96;3.74
MHS02507;1;3.13;3.13
MHS02507;2;3.5;3.31
MHS02507;3;3.2;3.28
MHS02507;4;3.08;3.23
MHS02507;5;3.59;3.3
MHS02507;6;3.63;3.36
MHS02507;7;3.95;3.44
MHS02507;8;3.45;3.44
MHS02508;1;2.35;2.35
MHS02508;2;2.92;2.64
MHS02509;1;2.4;2.4
MHS02509;2;2.75;2.57
MHS02509;3;3.08;2.74
MHS02509;4;3.42;2.91
MHS02510;1;2.98;2.98
MHS02510;2;3.06;3.02
MHS02510;3;3.07;3.04
MHS02510;4;3.21;3.08
MHS02511;1;1.9;1.9
MHS02511;2;2.44;2.17
MHS02512;1;2.29;2.29
MHS02512;2;2.96;2.62
MHS02513;1;2.42;2.42
MHS02513;2;2.75;2.58
MHS02513;3;2.9;2.69
MHS02513;4;2.99;2.76
MHS02513;5;3.08;2.83
MHS02513;6;3.31;2.91
MHS02513;7;2.67;2.87
MHS02513;8;2.75;2.86
MHS02514;1;4.0;4.0
MHS02514;2;4.0;4.0
MHS02514;3;4.0;4.0
MHS02514;4;4.0;4.0
MHS02514;5;4.0;4.0
MHS02514;6;4.0;4.0
MHS02515;1;3.11;3.11
MHS02515;2;2.89;3.0
MHS02515;3;3.79;3.26
MHS02515;4;3.75;3.39
MHS02516;1;4.0;4.0
MHS02516;2;4.0;4.0
MHS02517;1;3.24;3.24
MHS02517;2;2.97;3.1
MHS02518;1;2.62;2.62
MHS02518;2;2.64;2.63
MHS02519;1;3.18;3.18
MHS02519;2;3.59;3.39
MHS02519;3;3.61;3.46
MHS02519;4;3.73;3.53
MHS02519;5;3.57;3.54
MHS02519;6;3.83;3.59
MHS02520;1;2.26;2.26
MHS02520;2;2.96;2.61
MHS02520;3;3.46;2.89
MHS02520;4;3.36;3.01
MHS02520;5;2.99;3.01
MHS02520;6;3.05;3.01
MHS02520;7;3.03;3.02
MHS02520;8;3.42;3.07
MHS02521;1;2.77;2.77
MHS02521;2;3.21;2.99
MHS02521;3;3.2;3.06
MHS02521;4;3.21;3.1
MHS02522;1;2.83;2.83
MHS02522;2;2.68;2.76
MHS02522;3;2.97;2.83
MHS02522;4;3.35;2.96
MHS02522;5;3.02;2.97
MHS02522;6;3.22;3.01
MHS02523;1;3.6;3.6
MHS02523;2;3.74;3.67
MHS02524;1;3.59;3.59
MHS02524;2;4.0;3.8
MHS02525;1;3.13;3.13
MHS02525;2;3.39;3.26
MHS02525;3;3.31;3.28
MHS02525;4;3.33;3.29
MHS02525;5;3.33;3.3
MHS02525;6;3.62;3.35
MHS02525;7;3.51;3.37
MHS02525;8;3.77;3.42
MHS02525;9;3.71;3.46
MHS02526;1;2.46;2.46
MHS02526;2;2.69;2.58
MHS02526;3;3.05;2.73
MHS02526;4;2.74;2.73
MHS02527;1;3.09;3.09
MHS02527;2;3.43;3.26
MHS02528;1;3.01;3.01
MHS02528;2;3.29;3.15
MHS02528;3;3.31;3.2
MHS02528;4;3.69;3.32
MHS02529;1;3.14;3.14
MHS02529;2;2.87;3.01
MHS02529;3;3.08;3.03
MHS02529;4;3.14;3.06
MHS02529;5;3.52;3.15
MHS02529;6;3.06;3.13
MHS02530;1;3.31;3.31
MHS02530;2;3.86;3.59
MHS02531;1;3.85;3.85
MHS02531;2;3.86;3.86
MHS02531;3;3.68;3.8
MHS02531;4;3.93;3.83
MHS02531;5;3.7;3.81
MHS02531;6;4.0;3.84
MHS02531;7;3.85;3.84
MHS02531;8;3.88;3.84
MHS02532;1;3.51;3.51
MHS02532;2;3.62;3.56
MHS02532;3;4.0;3.71
MHS02532;4;3.24;3.59
MHS02532;5;3.67;3.61
MHS02532;6;3.33;3.56
MHS02533;1;3.13;3.13
MHS02533;2;3.42;3.27
MHS02533;3;2.78;3.11
MHS02533;4;3.22;3.14
MHS02534;1;3.69;3.69
MHS02534;2;3.69;3.69
MHS02534;3;3.75;3.71
MHS02534;4;4.0;3.78
MHS02534;5;4.0;3.83
MHS02534;6;4.0;3.86
MHS02534;7;4.0;3.88
MHS02534;8;4.0;3.89
MHS02535;1;2.98;2.98
MHS02535;2;3.44;3.21
MHS02536;1;2.97;2.97
MHS02536;2;3.25;3.11
MHS02536;3;4.0;3.41
MHS02537;1;3.86;3.86
MHS02537;2;3.55;3.7
MHS02537;3;3.05;3.48
MHS02537;4;3.36;3.45
MHS02537;5;3.47;3.46
MHS02537;6;3.48;3.46
MHS02537;7;4.0;3.54
MHS02537;8;4.0;3.6
MHS02538;1;2.43;2.43
MHS02538;2;2.84;2.63
MHS02538;3;3.3;2.86
MHS02538;4;2.81;2.85
MHS02538;5;2.85;2.85
MHS02538;6;2.89;2.85
MHS02538;7;2.81;2.85
MHS02538;8;2.94;2.86
MHS02539;1;2.65;2.65
MHS02539;2;2.37;2.51
MHS02539;3;2.92;2.64
MHS02539;4;2.71;2.66
MHS02540;1;3.01;3.01
MHS02540;2;2.45;2.73
MHS02541;1;2.09;2.09
MHS02541;2;2.58;2.33
MHS02542;1;3.29;3.29
MHS02542;2;3.97;3.63
MHS02542;3;3.48;3.58
MHS02542;4;3.57;3.58
MHS02543;1;3.5;3.5
MHS02543;2;3.54;3.52
MHS02543;3;3.65;3.56
MHS02543;4;3.42;3.53
MHS02543;5;3.36;3.49
MHS02543;6;3.7;3.53
MHS02544;1;2.66;2.66
MHS02544;2;3.21;2.93
MHS02545;1;3.6;3.6
MHS02545;2;3.16;3.38
MHS02545;3;3.54;3.43
MHS02545;4;3.4;3.42
MHS02545;5;3.82;3.5
MHS02545;6;3.43;3.49
MHS02545;7;3.7;3.52
MHS02545;8;3.52;3.52
MHS02545;9;4.0;3.58
MHS02546;1;3.25;3.25
MHS02546;2;3.49;3.37
MHS02546;3;3.82;3.52
MHS02546;4;3.49;3.51
MHS02547;1;1.99;1.99
MHS02547;2;2.39;2.19
MHS02547;3;3.02;2.47
MHS02547;4;2.45;2.46
MHS02547;5;2.56;2.48
MHS02547;6;2.67;2.51
MHS02548;1;3.15;3.15
MHS02548;2;3.85;3.5
MHS02549;1;1.91;1.91
MHS02549;2;2.23;2.07
MHS02549;3;2.23;2.12
MHS02549;4;2.16;2.13
MHS02549;5;2.94;2.29
MHS02549;6;2.05;2.25
MHS02550;1;3.14;3.14
MHS02550;2;3.71;3.42
MHS02550;3;3.99;3.61
MHS02550;4;4.0;3.71
MHS02550;5;3.67;3.7
MHS02550;6;3.94;3.74
MHS02551;1;3.83;3.83
MHS02551;2;4.0;3.92
MHS02551;3;3.87;3.9
MHS02551;4;3.89;3.9
MHS02552;1;3.22;3.22
MHS02552;2;2.69;2.96
MHS02552;3;2.77;2.89
MHS02552;4;2.77;2.86
MHS02553;1;2.59;2.59
MHS02553;2;3.2;2.89
MHS02554;1;2.71;2.71
MHS02554;2;2.85;2.78
MHS02554;3;3.33;2.96
MHS02554;4;3.3;3.05
MHS02554;5;3.72;3.18
MHS02554;6;3.42;3.22
MHS02555;1;3.53;3.53
MHS02555;2;3.51;3.52
MHS02555;3;3.61;3.55
MHS02555;4;4.0;3.66
MHS02555;5;3.79;3.69
MHS02555;6;3.6;3.67
MHS02556;1;3.34;3.34
MHS02556;2;3.72;3.53
MHS02557;1;2.32;2.32
MHS02557;2;2.87;2.59
MHS02557;3;2.76;2.65
MHS02557;4;3.38;2.83
MHS02557;5;3.15;2.89
MHS02557;6;3.2;2.94
MHS02557;7;3.06;2.96
MHS02557;8;2.87;2.95
MHS02557;9;3.36;2.99
MHS02557;10;3.35;3.03
MHS02558;1;3.21;3.21
MHS02558;2;3.07;3.14
MHS02559;1;4.0;4.0
MHS02559;2;4.0;4.0
MHS02560;1;2.51;2.51
MHS02560;2;1.94;2.22
MHS02560;3;2.23;2.23
MHS02560;4;2.49;2.29
MHS02560;5;2.46;2.32
MHS02560;6;2.37;2.33
MHS02560;7;2.73;2.39
MHS02560;8;2.52;2.41
MHS02561;1;2.61;2.61
MHS02561;2;2.49;2.55
MHS02561;3;3.67;2.92
MHS02561;4;3.34;3.03
MHS02561;5;3.64;3.15
MHS02561;6;3.24;3.16
MHS02562;1;2.67;2.67
MHS02562;2;2.82;2.74
MHS02562;3;3.28;2.92
MHS02562;4;3.33;3.02
MHS02562;5;2.96;3.01
MHS02562;6;3.79;3.14
MHS02563;1;3.35;3.35
MHS02563;2;4.0;3.67
MHS02564;1;2.65;2.65
MHS02564;2;3.26;2.95
MHS02564;3;3.06;2.99
MHS02564;4;2.93;2.97
MHS02564;5;3.1;3.0
MHS02564;6;3.23;3.04
MHS02565;1;2.38;2.38
MHS02565;2;2.74;2.56
MHS02565;3;2.93;2.68
MHS02565;4;2.86;2.73
MHS02565;5;2.94;2.77
MHS02565;6;3.56;2.9
MHS02566;1;3.23;3.23
MHS02566;2;3.4;3.32
MHS02566;3;3.14;3.26
MHS02566;4;3.3;3.27
MHS02566;5;3.38;3.29
MHS02566;6;3.95;3.4
MHS02567;1;2.23;2.23
MHS02567;2;2.41;2.32
MHS02567;3;2.38;2.34
MHS02567;4;3.15;2.54
MHS02568;1;3.78;3.78
MHS02568;2;3.36;3.57
MHS02568;3;4.0;3.71
MHS02568;4;3.68;3.71
MHS02568;5;3.74;3.71
MHS02568;6;4.0;3.76
MHS02568;7;3.62;3.74
MHS02568;8;4.0;3.77
MHS02569;1;2.17;2.17
MHS02569;2;2.91;2.54
MHS02569;3;2.73;2.6
MHS02569;4;3.27;2.77
MHS02569;5;2.68;2.75
MHS02569;6;2.71;2.74
MHS02569;7;2.74;2.74
MHS02569;8;3.32;2.81
MHS02569;9;3.39;2.88
MHS02570;1;3.12;3.12
MHS02570;2;3.29;3.21
MHS02570;3;3.72;3.38
MHS02570;4;3.46;3.4
MHS02571;1;2.3;2.3
MHS02571;2;3.23;2.76
MHS02571;3;3.45;2.99
MHS02571;4;2.94;2.98
MHS02571;5;3.3;3.04
MHS02571;6;2.74;2.99
MHS02572;1;4.0;4.0
MHS02572;2;4.0;4.0
MHS02572;3;4.0;4.0
MHS02572;4;4.0;4.0
MHS02573;1;1.98;1.98
MHS02573;2;2.81;2.4
MHS02573;3;2.56;2.45
MHS02573;4;2.19;2.39
MHS02573;5;2.92;2.49
MHS02573;6;2.98;2.57
MHS02574;1;2.8;2.8
MHS02574;2;2.63;2.72
MHS02574;3;3.33;2.92
MHS02574;4;3.2;2.99
MHS02574;5;3.19;3.03
MHS02574;6;3.09;3.04
MHS02574;7;3.13;3.05
MHS02574;8;2.98;3.05
MHS02575;1;3.21;3.21
MHS02575;2;2.94;3.07
MHS02575;3;3.6;3.25
MHS02575;4;3.54;3.32
MHS02575;5;3.52;3.36
MHS02575;6;3.32;3.35
MHS02576;1;2.91;2.91
MHS02576;2;2.95;2.93
MHS02576;3;2.77;2.88
MHS02576;4;2.93;2.89
MHS02576;5;2.87;2.89
MHS02576;6;2.79;2.87
MHS02576;7;3.38;2.94
MHS02576;8;3.18;2.97
MHS02577;1;2.72;2.72
MHS02577;2;2.91;2.82
MHS02577;3;3.13;2.92
MHS02577;4;2.77;2.88
MHS02578;1;2.65;2.65
MHS02578;2;3.03;2.84
MHS02579;1;3.04;3.04
MHS02579;2;3.41;3.22
MHS02579;3;3.27;3.24
MHS02579;4;3.37;3.27
MHS02579;5;2.98;3.21
MHS02579;6;3.21;3.21
MHS02580;1;3.09;3.09
MHS02580;2;2.58;2.83
MHS02581;1;2.33;2.33
MHS02581;2;2.45;2.39
MHS02581;3;3.13;2.64
MHS02581;4;2.91;2.71
MHS02582;1;3.56;3.56
MHS02582;2;3.66;3.61
MHS02582;3;3.1;3.44
MHS02582;4;3.71;3.51
MHS02582;5;3.59;3.52
MHS02582;6;4.0;3.6
MHS02582;7;3.62;3.61
MHS02582;8;3.4;3.58
MHS02582;9;3.63;3.58
MHS02583;1;1.8;1.8
MHS02583;2;2.18;1.99
MHS02584;1;3.21;3.21
MHS02584;2;3.19;3.2
MHS02585;1;3.0;3.0
MHS02585;2;2.93;2.97
MHS02585;3;3.03;2.99
MHS02585;4;3.21;3.04
MHS02585;5;2.78;2.99
MHS02585;6;3.48;3.07
MHS02585;7;3.22;3.09
MHS02585;8;2.43;3.01
MHS02586;1;3.29;3.29
MHS02586;2;2.79;3.04
MHS02587;1;3.24;3.24
MHS02587;2;3.12;3.18
MHS02588;1;2.98;2.98
MHS02588;2;3.75;3.37
MHS02588;3;3.72;3.48
MHS02588;4;3.87;3.58
MHS02589;1;3.77;3.77
MHS02589;2;3.36;3.57
MHS02590;1;2.9;2.9
MHS02590;2;2.83;2.86
MHS02590;3;2.87;2.86
MHS02590;4;3.29;2.97
MHS02591;1;2.94;2.94
MHS02591;2;3.5;3.22
MHS02591;3;3.55;3.33
MHS02591;4;3.56;3.39
MHS02591;5;4.0;3.51
MHS02591;6;3.5;3.51
MHS02591;7;3.69;3.53
MHS02591;8;4.0;3.59
MHS02592;1;2.18;2.18
MHS02592;2;2.12;2.15
MHS02592;3;2.55;2.28
MHS02592;4;2.67;2.38
MHS02592;5;2.97;2.5
MHS02592;6;2.32;2.47
MHS02592;7;2.76;2.51
MHS02592;8;2.53;2.51
MHS02592;9;2.8;2.54
MHS02593;1;2.47;2.47
MHS02593;2;3.03;2.75
MHS02593;3;2.96;2.82
MHS02593;4;3.91;3.09
MHS02594;1;2.92;2.92
MHS02594;2;3.63;3.28
MHS02595;1;3.46;3.46
MHS02595;2;3.43;3.45
MHS02596;1;2.39;2.39
MHS02596;2;2.84;2.61
MHS02596;3;3.26;2.83
MHS02596;4;3.27;2.94
MHS02596;5;3.04;2.96
MHS02596;6;2.78;2.93
MHS02597;1;3.95;3.95
MHS02597;2;3.76;3.85
MHS02597;3;4.0;3.9
MHS02597;4;4.0;3.93
MHS02597;5;4.0;3.94
MHS02597;6;3.93;3.94
MHS02597;7;3.75;3.91
MHS02598;1;3.02;3.02
MHS02598;2;2.81;2.92
MHS02599;1;3.16;3.16
MHS02599;2;3.78;3.47
MHS02599;3;3.73;3.56
MHS02599;4;4.0;3.67
MHS02599;5;3.76;3.69
MHS02599;6;3.56;3.67
MHS02599;7;3.67;3.67
MHS02599;8;3.71;3.67
MHS02599;9;3.67;3.67
MHS02600;1;2.77;2.77
MHS02600;2;2.75;2.76
MHS02600;3;2.78;2.77
MHS02600;4;3.04;2.84
MHS02601;1;3.21;3.21
MHS02601;2;3.18;3.19
MHS02601;3;4.0;3.46
MHS02601;4;3.56;3.49
MHS02602;1;4.0;4.0
MHS02602;2;3.66;3.83
MHS02603;1;3.56;3.56
MHS02603;2;4.0;3.78
MHS02603;3;4.0;3.85
MHS02603;4;4.0;3.89
MHS02604;1;3.44;3.44
MHS02604;2;3.78;3.61
MHS02605;1;2.87;2.87
MHS02605;2;3.01;2.94
MHS02605;3;2.92;2.93
MHS02605;4;3.23;3.01
MHS02605;5;2.89;2.98
MHS02605;6;3.13;3.01
MHS02605;7;3.23;3.04
MHS02605;8;2.77;3.01
MHS02606;1;2.61;2.61
MHS02606;2;2.68;2.64
MHS02606;3;2.56;2.61
MHS02606;4;3.15;2.75
MHS02607;1;3.45;3.45
MHS02607;2;3.49;3.47
MHS02607;3;3.62;3.52
MHS02607;4;3.18;3.44
MHS02607;5;3.64;3.48
MHS02607;6;3.97;3.56
MHS02607;7;3.76;3.59
MHS02607;8;3.98;3.64
MHS02608;1;3.15;3.15
MHS02608;2;3.12;3.13
MHS02608;3;3.76;3.34
MHS02608;4;3.24;3.32
MHS02608;5;3.03;3.26
MHS02608;6;4.0;3.38
MHS02609;1;2.89;2.89
MHS02609;2;3.64;3.27
MHS02609;3;3.56;3.36
MHS02609;4;3.4;3.37
MHS02610;1;2.57;2.57
MHS02610;2;2.32;2.45
MHS02610;3;2.59;2.49
MHS02610;4;3.05;2.63
MHS02611;1;2.89;2.89
MHS02611;2;3.14;3.01
MHS02611;3;3.31;3.11
MHS02611;4;3.39;3.18
MHS02612;1;3.28;3.28
MHS02612;2;3.08;3.18
MHS02612;3;3.33;3.23
MHS02612;4;2.85;3.13
MHS02612;5;3.43;3.19
MHS02612;6;3.15;3.18
MHS02613;1;1.93;1.93
MHS02613;2;2.74;2.34
MHS02613;3;2.85;2.51
MHS02613;4;2.89;2.61
MHS02614;1;3.38;3.38
MHS02614;2;3.57;3.48
MHS02615;1;2.78;2.78
MHS02615;2;2.77;2.77
MHS02615;3;3.21;2.92
MHS02615;4;3.11;2.97
MHS02615;5;2.63;2.9
MHS02615;6;3.6;3.02
MHS02616;1;3.38;3.38
MHS02616;2;3.85;3.61
MHS02616;3;3.14;3.45
MHS02616;4;3.74;3.52
MHS02616;5;3.5;3.52
MHS02616;6;3.49;3.51
MHS02616;7;3.25;3.48
MHS02616;8;3.83;3.52
MHS02617;1;2.77;2.77
MHS02617;2;3.01;2.89
MHS02617;3;3.73;3.17
MHS02617;4;3.2;3.18
MHS02617;5;3.55;3.25
MHS02617;6;3.13;3.23
MHS02618;1;3.77;3.77
MHS02618;2;4.0;3.89
MHS02618;3;3.93;3.9
MHS02618;4;4.0;3.93
MHS02618;5;4.0;3.94
MHS02618;6;4.0;3.95
MHS02618;7;4.0;3.96
MHS02618;8;4.0;3.96
MHS02618;9;4.0;3.97
MHS02619;1;3.28;3.28
MHS02619;2;3.41;3.35
MHS02619;3;4.0;3.56
MHS02619;4;3.39;3.52
MHS02619;5;3.37;3.49
MHS02619;6;3.56;3.5
MHS02619;7;3.36;3.48
MHS02619;8;3.64;3.5
MHS02620;1;3.26;3.26
MHS02620;2;3.39;3.32
MHS02620;3;3.16;3.27
MHS02620;4;3.97;3.45
MHS02620;5;3.96;3.55
MHS02620;6;3.45;3.53
MHS02621;1;2.73;2.73
MHS02621;2;2.96;2.85
MHS02621;3;3.19;2.96
MHS02621;4;3.82;3.18
MHS02622;1;2.84;2.84
MHS02622;2;2.95;2.9
MHS02622;3;3.17;2.99
MHS02622;4;3.31;3.07
MHS02623;1;2.6;2.6
MHS02623;2;2.95;2.77
MHS02624;1;3.13;3.13
MHS02624;2;3.65;3.39
MHS02624;3;3.38;3.39
MHS02624;4;3.52;3.42
MHS02624;5;3.45;3.43
MHS02624;6;3.61;3.46
MHS02625;1;2.76;2.76
MHS02625;2;3.11;2.94
MHS02625;3;2.82;2.9
MHS02625;4;3.44;3.03
MHS02625;5;3.25;3.07
MHS02625;6;3.51;3.15
MHS02625;7;2.74;3.09
MHS02625;8;3.01;3.08
MHS02625;9;3.16;3.09
MHS02626;1;3.41;3.41
MHS02626;2;3.46;3.43
MHS02626;3;3.28;3.38
MHS02626;4;3.54;3.42
MHS02626;5;3.03;3.34
MHS02626;6;3.72;3.41
MHS02627;1;3.0;3.0
MHS02627;2;3.45;3.22
MHS02627;3;3.31;3.25
MHS02627;4;3.16;3.23
MHS02627;5;3.33;3.25
MHS02627;6;3.48;3.29
MHS02628;1;2.04;2.04
MHS02628;2;2.76;2.4
MHS02628;3;2.67;2.49
MHS02628;4;2.93;2.6
MHS02628;5;2.97;2.67
MHS02628;6;3.37;2.79
MHS02628;7;3.57;2.9
MHS02628;8;3.87;3.02
MHS02629;1;2.15;2.15
MHS02629;2;2.23;2.19
MHS02630;1;2.47;2.47
MHS02630;2;3.34;2.9
MHS02631;1;2.79;2.79
MHS02631;2;2.88;2.83
MHS02631;3;3.51;3.06
MHS02631;4;2.98;3.04
MHS02632;1;2.85;2.85
MHS02632;2;3.04;2.94
MHS02633;1;3.58;3.58
MHS02633;2;3.23;3.41
MHS02633;3;3.21;3.34
MHS02633;4;3.98;3.5
MHS02634;1;2.76;2.76
MHS02634;2;3.75;3.25
MHS02634;3;3.55;3.35
MHS02634;4;3.37;3.35
MHS02634;5;3.61;3.41
MHS02634;6;3.95;3.5
MHS02635;1;3.03;3.03
MHS02635;2;3.13;3.08
MHS02636;1;2.87;2.87
MHS02636;2;2.68;2.78
MHS02637;1;3.84;3.84
MHS02637;2;3.14;3.49
MHS02637;3;3.68;3.56
MHS02637;4;4.0;3.67
MHS02637;5;3.67;3.67
MHS02637;6;3.51;3.64
MHS02637;7;3.88;3.68
MHS02637;8;3.63;3.67
MHS02638;1;3.83;3.83
MHS02638;2;3.21;3.52
MHS02638;3;3.25;3.43
MHS02638;4;3.3;3.4
MHS02639;1;2.8;2.8
MHS02639;2;3.08;2.94
MHS02639;3;3.04;2.97
MHS02639;4;2.63;2.89
MHS02640;1;2.07;2.07
MHS02640;2;2.54;2.3
MHS02640;3;3.07;2.56
MHS02640;4;2.95;2.66
MHS02640;5;2.94;2.71
MHS02640;6;2.83;2.73
MHS02640;7;2.95;2.76
MHS02640;8;3.19;2.82
MHS02641;1;2.52;2.52
MHS02641;2;2.98;2.75
MHS02641;3;2.96;2.82
MHS02641;4;3.1;2.89
MHS02642;1;3.31;3.31
MHS02642;2;3.3;3.3
MHS02642;3;3.17;3.26
MHS02642;4;3.8;3.39
MHS02642;5;3.41;3.4
MHS02642;6;3.61;3.43
MHS02643;1;2.28;2.28
MHS02643;2;2.28;2.28
MHS02644;1;3.02;3.02
MHS02644;2;2.61;2.82
MHS02644;3;3.05;2.89
MHS02644;4;3.29;2.99
MHS02644;5;3.08;3.01
MHS02644;6;3.47;3.09
MHS02644;7;2.73;3.04
MHS02644;8;3.24;3.06
MHS02645;1;3.84;3.84
MHS02645;2;3.71;3.78
MHS02645;3;3.79;3.78
MHS02645;4;3.52;3.72
MHS02645;5;4.0;3.77
MHS02645;6;3.69;3.76
MHS02645;7;3.95;3.79
MHS02645;8;3.79;3.79
MHS02646;1;4.0;4.0
MHS02646;2;4.0;4.0
MHS02646;3;4.0;4.0
MHS02646;4;4.0;4.0
MHS02646;5;4.0;4.0
MHS02646;6;4.0;4.0
MHS02647;1;2.91;2.91
MHS02647;2;3.05;2.98
MHS02647;3;3.26;3.07
MHS02647;4;2.98;3.05
MHS02647;5;3.18;3.08
MHS02647;6;2.92;3.05
MHS02647;7;3.1;3.06
MHS02647;8;2.76;3.02
MHS02648;1;3.05;3.05
MHS02648;2;3.26;3.15
MHS02648;3;3.53;3.28
MHS02648;4;3.79;3.41
MHS02649;1;2.77;2.77
MHS02649;2;3.29;3.03
MHS02649;3;3.94;3.34
MHS02649;4;3.49;3.37
MHS02650;1;2.76;2.76
MHS02650;2;3.59;3.17
MHS02650;3;3.43;3.26
MHS02650;4;3.25;3.26
MHS02651;1;3.2;3.2
MHS02651;2;3.31;3.26
MHS02651;3;3.7;3.4
MHS02651;4;3.99;3.55
MHS02651;5;3.54;3.55
MHS02651;6;3.38;3.52
MHS02652;1;2.61;2.61
MHS02652;2;3.01;2.81
MHS02652;3;2.72;2.78
MHS02652;4;2.87;2.8
MHS02652;5;3.21;2.89
MHS02652;6;2.99;2.9
MHS02652;7;3.35;2.97
MHS02652;8;3.24;3.0
MHS02653;1;2.05;2.05
MHS02653;2;2.54;2.29
MHS02654;1;3.08;3.08
MHS02654;2;3.13;3.11
MHS02654;3;3.5;3.24
MHS02654;4;3.29;3.25
MHS02655;1;3.27;3.27
MHS02655;2;3.75;3.51
MHS02655;3;3.51;3.51
MHS02655;4;3.25;3.45
MHS02655;5;3.72;3.5
MHS02655;6;3.5;3.5
MHS02656;1;2.68;2.68
MHS02656;2;2.89;2.78
MHS02656;3;2.56;2.71
MHS02656;4;3.51;2.91
MHS02656;5;2.83;2.89
MHS02656;6;2.9;2.9
MHS02657;1;2.19;2.19
MHS02657;2;2.52;2.36
MHS02657;3;3.03;2.58
MHS02657;4;2.84;2.64
MHS02658;1;2.94;2.94
MHS02658;2;3.33;3.14
MHS02658;3;2.97;3.08
MHS02658;4;3.25;3.12
MHS02658;5;3.38;3.17
MHS02658;6;3.27;3.19
MHS02659;1;2.88;2.88
MHS02659;2;3.02;2.95
MHS02660;1;4.0;4.0
MHS02660;2;3.59;3.79
MHS02660;3;3.98;3.86
MHS02660;4;3.35;3.73
MHS02661;1;3.08;3.08
MHS02661;2;3.27;3.18
MHS02661;3;3.36;3.24
MHS02661;4;3.3;3.25
MHS02662;1;3.5;3.5
MHS02662;2;3.17;3.34
MHS02662;3;3.45;3.37
MHS02662;4;3.39;3.38
MHS02662;5;3.52;3.41
MHS02662;6;3.06;3.35
MHS02662;7;3.55;3.38
MHS02662;8;3.32;3.37
MHS02662;9;3.94;3.43
MHS02663;1;2.94;2.94
MHS02663;2;3.05;2.99
MHS02663;3;3.53;3.17
MHS02663;4;3.42;3.24
MHS02664;1;1.95;1.95
MHS02664;2;2.12;2.03
MHS02665;1;4.0;4.0
MHS02665;2;3.7;3.85
MHS02665;3;4.0;3.9
MHS02665;4;4.0;3.93
MHS02665;5;4.0;3.94
MHS02665;6;4.0;3.95
MHS02665;7;4.0;3.96
MHS02665;8;4.0;3.96
MHS02666;1;3.07;3.07
MHS02666;2;2.88;2.97
MHS02666;3;3.3;3.08
MHS02666;4;3.64;3.22
MHS02666;5;3.39;3.26
MHS02666;6;3.03;3.22
MHS02667;1;3.42;3.42
MHS02667;2;3.53;3.48
MHS02667;3;3.77;3.57
MHS02667;4;3.44;3.54
MHS02667;5;3.66;3.56
MHS02667;6;4.0;3.64
MHS02668;1;2.51;2.51
MHS02668;2;2.96;2.74
MHS02668;3;3.31;2.93
MHS02668;4;2.45;2.81
MHS02668;5;3.26;2.9
MHS02668;6;3.0;2.92
MHS02668;7;2.93;2.92
MHS02668;8;3.0;2.93
MHS02668;9;3.35;2.97
MHS02668;10;2.94;2.97
MHS02669;1;2.41;2.41
MHS02669;2;3.09;2.75
MHS02670;1;2.9;2.9
MHS02670;2;2.78;2.84
MHS02671;1;3.43;3.43
MHS02671;2;3.05;3.24
MHS02672;1;3.21;3.21
MHS02672;2;3.37;3.29
MHS02672;3;3.5;3.36
MHS02672;4;3.52;3.4
MHS02673;1;3.15;3.15
MHS02673;2;3.26;3.21
MHS02674;1;3.24;3.24
MHS02674;2;3.49;3.36
MHS02674;3;3.65;3.46
MHS02674;4;3.29;3.41
MHS02674;5;3.55;3.44
MHS02674;6;4.0;3.54
MHS02675;1;3.54;3.54
MHS02675;2;3.65;3.6
MHS02675;3;4.0;3.73
MHS02675;4;3.98;3.79
MHS02675;5;4.0;3.83
MHS02675;6;4.0;3.86
MHS02675;7;4.0;3.88
MHS02675;8;4.0;3.9
MHS02676;1;2.29;2.29
MHS02676;2;2.87;2.58
MHS02677;1;3.89;3.89
MHS02677;2;3.93;3.91
MHS02677;3;3.98;3.93
MHS02677;4;3.98;3.94
MHS02677;5;4.0;3.95
MHS02677;6;3.95;3.95
MHS02678;1;3.14;3.14
MHS02678;2;2.57;2.85
MHS02678;3;3.39;3.03
MHS02678;4;3.21;3.08
MHS02679;1;3.57;3.57
MHS02679;2;3.73;3.65
MHS02680;1;2.55;2.55
MHS02680;2;3.14;2.84
MHS02680;3;3.66;3.12
MHS02680;4;3.15;3.12
MHS02680;5;3.85;3.27
MHS02680;6;3.99;3.39
MHS02680;7;3.6;3.42
MHS02680;8;3.46;3.42
MHS02681;1;3.66;3.66
MHS02681;2;3.79;3.72
MHS02681;3;3.7;3.71
MHS02681;4;4.0;3.79
MHS02681;5;3.89;3.81
MHS02681;6;3.55;3.76
MHS02682;1;3.37;3.37
MHS02682;2;3.53;3.45
MHS02682;3;3.47;3.46
MHS02682;4;3.93;3.57
MHS02682;5;3.66;3.59
MHS02682;6;3.3;3.54
MHS02683;1;2.5;2.5
MHS02683;2;3.13;2.82
MHS02683;3;3.38;3.01
MHS02683;4;2.9;2.98
MHS02683;5;3.38;3.06
MHS02683;6;3.26;3.09
MHS02684;1;1.98;1.98
MHS02684;2;2.72;2.35
MHS02684;3;2.85;2.52
MHS02684;4;2.76;2.58
MHS02684;5;2.93;2.65
MHS02684;6;3.44;2.78
MHS02685;1;2.21;2.21
MHS02685;2;2.57;2.39
MHS02685;3;2.7;2.49
MHS02685;4;2.66;2.54
MHS02685;5;2.62;2.55
MHS02685;6;3.19;2.66
MHS02686;1;3.27;3.27
MHS02686;2;3.3;3.29
MHS02687;1;2.84;2.84
MHS02687;2;2.65;2.75
MHS02688;1;3.06;3.06
MHS02688;2;3.62;3.34
MHS02688;3;3.91;3.53
MHS02688;4;3.8;3.6
MHS02688;5;4.0;3.68
MHS02688;6;3.58;3.66
MHS02689;1;3.33;3.33
MHS02689;2;3.35;3.34
MHS02689;3;3.65;3.45
MHS02689;4;3.97;3.58
MHS02690;1;3.7;3.7
MHS02690;2;3.11;3.4
MHS02690;3;3.27;3.36
MHS02690;4;3.61;3.42
MHS02690;5;3.7;3.48
MHS02690;6;3.54;3.49
MHS02690;7;3.82;3.53
MHS02690;8;3.47;3.53
MHS02690;9;3.4;3.51
MHS02690;10;3.56;3.52
MHS02691;1;3.43;3.43
MHS02691;2;3.24;3.34
MHS02692;1;2.0;2.0
MHS02692;2;2.61;2.3
MHS02693;1;3.6;3.6
MHS02693;2;3.55;3.58
MHS02693;3;3.38;3.51
MHS02693;4;3.54;3.52
MHS02693;5;3.42;3.5
MHS02693;6;3.5;3.5
MHS02694;1;2.87;2.87
MHS02694;2;3.48;3.18
MHS02694;3;2.97;3.11
MHS02694;4;2.84;3.04
MHS02694;5;3.44;3.12
MHS02694;6;3.11;3.12
MHS02694;7;2.79;3.07
MHS02694;8;3.56;3.13
MHS02695;1;2.6;2.6
MHS02695;2;3.0;2.8
MHS02695;3;3.46;3.02
MHS02695;4;3.14;3.05
MHS02695;5;2.86;3.01
MHS02695;6;2.75;2.97
MHS02695;7;3.27;3.01
MHS02695;8;3.49;3.07
MHS02696;1;2.78;2.78
MHS02696;2;2.91;2.84
MHS02696;3;3.03;2.9
MHS02696;4;3.52;3.06
MHS02696;5;3.61;3.17
MHS02696;6;3.22;3.18
MHS02696;7;3.58;3.23
MHS02696;8;3.3;3.24
MHS02697;1;2.66;2.66
MHS02697;2;2.68;2.67
MHS02698;1;3.08;3.08
MHS02698;2;3.46;3.27
MHS02698;3;3.15;3.23
MHS02698;4;3.72;3.35
MHS02699;1;2.97;2.97
MHS02699;2;3.63;3.3
MHS02699;3;3.15;3.25
MHS02699;4;3.35;3.27
MHS02700;1;3.36;3.36
MHS02700;2;3.92;3.64
MHS02700;3;3.76;3.68
MHS02700;4;3.8;3.71
MHS02701;1;2.18;2.18
MHS02701;2;2.91;2.55
MHS02701;3;2.74;2.61
MHS02701;4;2.71;2.64
MHS02702;1;2.37;2.37
MHS02702;2;3.32;2.85
MHS02703;1;2.96;2.96
MHS02703;2;3.29;3.13
MHS02703;3;3.53;3.26
MHS02703;4;3.21;3.25
MHS02703;5;3.42;3.28
MHS02703;6;3.34;3.29
MHS02703;7;3.05;3.26
MHS02703;8;3.47;3.28
MHS02704;1;2.69;2.69
MHS02704;2;3.57;3.13
MHS02704;3;3.28;3.18
MHS02704;4;3.49;3.26
MHS02704;5;3.35;3.28
MHS02704;6;3.27;3.28
MHS02704;7;3.89;3.36
MHS02704;8;3.25;3.35
MHS02705;1;2.34;2.34
MHS02705;2;2.44;2.39
MHS02705;3;2.53;2.44
MHS02705;4;3.24;2.64
MHS02705;5;2.61;2.63
MHS02705;6;3.04;2.7
MHS02705;7;3.19;2.77
MHS02705;8;3.53;2.87
MHS02705;9;2.71;2.85
MHS02706;1;2.55;2.55
MHS02706;2;3.21;2.88
MHS02706;3;2.92;2.89
MHS02706;4;3.53;3.05
MHS02707;1;2.97;2.97
MHS02707;2;3.24;3.11
MHS02707;3;3.1;3.1
MHS02707;4;3.18;3.12
MHS02707;5;3.3;3.16
MHS02707;6;3.51;3.22
MHS02708;1;3.94;3.94
MHS02708;2;3.36;3.65
MHS02708;3;3.77;3.69
MHS02708;4;3.58;3.66
MHS02709;1;2.89;2.89
MHS02709;2;3.44;3.17
MHS02709;3;3.63;3.32
MHS02709;4;3.55;3.38
MHS02709;5;3.07;3.32
MHS02709;6;3.26;3.31
MHS02709;7;2.96;3.26
MHS02709;8;3.24;3.25
MHS02710;1;3.12;3.12
MHS02710;2;3.49;3.31
MHS02710;3;3.35;3.32
MHS02710;4;3.33;3.32
MHS02711;1;2.82;2.82
MHS02711;2;2.78;2.8
MHS02711;3;2.77;2.79
MHS02711;4;2.61;2.75
MHS02711;5;2.87;2.77
MHS02711;6;3.45;2.88
MHS02711;7;3.22;2.93
MHS02711;8;3.14;2.96
MHS02711;9;3.32;3.0
MHS02711;10;3.31;3.03
MHS02711;11;3.26;3.05
MHS02712;1;2.41;2.41
MHS02712;2;2.87;2.64
MHS02712;3;3.29;2.86
MHS02712;4;3.79;3.09
MHS02712;5;3.51;3.17
MHS02712;6;3.32;3.2
MHS02712;7;3.67;3.26
MHS02712;8;3.43;3.28
MHS02713;1;2.81;2.81
MHS02713;2;3.18;3.0
MHS02713;3;3.65;3.21
MHS02713;4;3.46;3.27
MHS02713;5;3.57;3.33
MHS02713;6;3.9;3.43
MHS02714;1;2.36;2.36
MHS02714;2;2.58;2.47
MHS02714;3;2.92;2.62
MHS02714;4;2.76;2.65
MHS02715;1;2.75;2.75
MHS02715;2;3.32;3.03
MHS02715;3;3.01;3.02
MHS02715;4;3.57;3.16
MHS02715;5;3.31;3.19
MHS02715;6;3.77;3.29
MHS02715;7;3.61;3.33
MHS02715;8;3.65;3.37
MHS02716;1;3.43;3.43
MHS02716;2;3.3;3.36
MHS02717;1;3.12;3.12
MHS02717;2;2.61;2.86
MHS02717;3;2.76;2.83
MHS02717;4;3.12;2.9
MHS02718;1;2.46;2.46
MHS02718;2;2.96;2.71
MHS02718;3;3.01;2.81
MHS02718;4;2.95;2.85
MHS02719;1;2.47;2.47
MHS02719;2;3.12;2.79
MHS02719;3;3.13;2.91
MHS02719;4;2.76;2.87
MHS02719;5;3.12;2.92
MHS02719;6;3.11;2.95
MHS02719;7;2.91;2.94
MHS02719;8;3.06;2.96
MHS02719;9;3.5;3.02
MHS02720;1;3.3;3.3
MHS02720;2;3.73;3.51
MHS02721;1;2.75;2.75
MHS02721;2;2.94;2.85
MHS02721;3;3.59;3.09
MHS02721;4;3.55;3.21
MHS02721;5;4.0;3.37
MHS02721;6;3.44;3.38
MHS02722;1;1.95;1.95
MHS02722;2;2.19;2.07
MHS02722;3;2.96;2.37
MHS02722;4;2.66;2.44
MHS02723;1;4.0;4.0
MHS02723;2;4.0;4.0
MHS02723;3;4.0;4.0
MHS02723;4;4.0;4.0
MHS02723;5;4.0;4.0
MHS02723;6;4.0;4.0
MHS02723;7;4.0;4.0
MHS02723;8;4.0;4.0
MHS02724;1;3.16;3.16
MHS02724;2;3.12;3.14
MHS02724;3;3.52;3.26
MHS02724;4;3.57;3.34
MHS02724;5;3.92;3.46
MHS02724;6;3.98;3.54
MHS02725;1;3.01;3.01
MHS02725;2;3.24;3.13
MHS02725;3;3.24;3.17
MHS02725;4;3.35;3.21
MHS02725;5;3.12;3.19
MHS02725;6;3.06;3.17
MHS02726;1;2.88;2.88
MHS02726;2;2.77;2.82
MHS02726;3;3.11;2.92
MHS02726;4;3.19;2.99
MHS02726;5;2.72;2.93
MHS02726;6;2.58;2.88
MHS02727;1;4.0;4.0
MHS02727;2;4.0;4.0
MHS02727;3;4.0;4.0
MHS02727;4;4.0;4.0
MHS02727;5;4.0;4.0
MHS02727;6;4.0;4.0
MHS02727;7;4.0;4.0
MHS02727;8;4.0;4.0
MHS02728;1;2.71;2.71
MHS02728;2;3.52;3.11
MHS02728;3;3.42;3.22
MHS02728;4;4.0;3.41
MHS02728;5;3.76;3.48
MHS02728;6;3.75;3.53
MHS02728;7;4.0;3.6
MHS02728;8;3.57;3.59
MHS02729;1;3.24;3.24
MHS02729;2;2.89;3.06
MHS02729;3;3.3;3.14
MHS02729;4;3.75;3.3
MHS02729;5;3.67;3.37
MHS02729;6;3.06;3.32
MHS02730;1;3.36;3.36
MHS02730;2;3.37;3.36
MHS02731;1;3.03;3.03
MHS02731;2;3.3;3.16
MHS02731;3;3.75;3.36
MHS02731;4;3.45;3.38
MHS02732;1;2.23;2.23
MHS02732;2;2.41;2.32
MHS02733;1;3.09;3.09
MHS02733;2;3.45;3.27
MHS02734;1;3.03;3.03
MHS02734;2;3.04;3.04
MHS02734;3;3.69;3.25
MHS02734;4;3.72;3.37
MHS02735;1;3.51;3.51
MHS02735;2;3.74;3.62
MHS02735;3;3.31;3.52
MHS02735;4;4.0;3.64
MHS02736;1;3.56;3.56
MHS02736;2;3.85;3.71
MHS02736;3;3.49;3.63
MHS02736;4;4.0;3.73
MHS02736;5;4.0;3.78
MHS02736;6;3.52;3.74
MHS02736;7;3.29;3.67
MHS02736;8;4.0;3.71
MHS02737;1;3.51;3.51
MHS02737;2;4.0;3.76
MHS02737;3;3.98;3.83
MHS02737;4;3.89;3.85
MHS02738;1;4.0;4.0
MHS02738;2;4.0;4.0
MHS02738;3;4.0;4.0
MHS02738;4;4.0;4.0
MHS02738;5;4.0;4.0
MHS02738;6;4.0;4.0
MHS02739;1;2.44;2.44
MHS02739;2;3.01;2.73
MHS02739;3;2.97;2.81
MHS02739;4;2.17;2.65
MHS02740;1;3.04;3.04
MHS02740;2;3.34;3.19
MHS02740;3;3.5;3.29
MHS02740;4;3.24;3.28
MHS02741;1;3.44;3.44
MHS02741;2;3.27;3.35
MHS02741;3;3.93;3.55
MHS02741;4;2.98;3.4
MHS02741;5;3.26;3.37
MHS02741;6;3.47;3.39
MHS02741;7;2.89;3.32
MHS02741;8;3.42;3.33
MHS02741;9;3.55;3.36
MHS02742;1;4.0;4.0
MHS02742;2;4.0;4.0
MHS02742;3;4.0;4.0
MHS02742;4;4.0;4.0
MHS02743;1;2.99;2.99
MHS02743;2;2.83;2.91
MHS02743;3;3.45;3.09
MHS02743;4;3.45;3.18
MHS02743;5;3.47;3.24
MHS02743;6;3.25;3.24
MHS02743;7;3.32;3.25
MHS02743;8;3.35;3.26
MHS02744;1;1.73;1.73
MHS02744;2;1.87;1.8
MHS02744;3;2.88;2.16
MHS02744;4;3.11;2.4
MHS02744;5;2.11;2.34
MHS02744;6;2.55;2.37
MHS02744;7;2.67;2.42
MHS02744;8;2.9;2.48
MHS02744;9;2.98;2.53
MHS02744;10;2.86;2.57
MHS02745;1;3.17;3.17
MHS02745;2;3.39;3.28
MHS02745;3;3.07;3.21
MHS02745;4;3.34;3.24
MHS02746;1;3.26;3.26
MHS02746;2;3.54;3.4
MHS02746;3;3.94;3.58
MHS02746;4;3.25;3.5
MHS02746;5;3.6;3.52
MHS02746;6;3.88;3.58
MHS02747;1;3.45;3.45
MHS02747;2;3.27;3.36
MHS02747;3;3.72;3.48
MHS02747;4;3.72;3.54
MHS02748;1;3.56;3.56
MHS02748;2;3.72;3.64
MHS02748;3;4.0;3.76
MHS02748;4;3.79;3.77
MHS02749;1;2.29;2.29
MHS02749;2;3.16;2.72
MHS02749;3;3.83;3.09
MHS02749;4;3.19;3.12
MHS02749;5;3.98;3.29
MHS02749;6;3.36;3.3
MHS02749;7;3.34;3.31
MHS02749;8;3.52;3.33
MHS02750;1;3.34;3.34
MHS02750;2;3.75;3.55
MHS02750;3;4.0;3.7
MHS02750;4;3.91;3.75
MHS02750;5;3.72;3.75
MHS02750;6;4.0;3.79
MHS02750;7;3.94;3.81
MHS02750;8;3.9;3.82
MHS02751;1;3.22;3.22
MHS02751;2;3.83;3.53
MHS02751;3;3.11;3.39
MHS02751;4;3.06;3.31
MHS02751;5;3.45;3.34
MHS02751;6;3.62;3.38
MHS02752;1;1.95;1.95
MHS02752;2;2.36;2.16
MHS02753;1;3.6;3.6
MHS02753;2;3.75;3.67
MHS02754;1;3.11;3.11
MHS02754;2;3.23;3.17
MHS02754;3;3.65;3.33
MHS02754;4;4.0;3.5
MHS02754;5;3.62;3.52
MHS02754;6;3.4;3.5
MHS02754;7;3.56;3.51
MHS02754;8;3.84;3.55
MHS02755;1;4.0;4.0
MHS02755;2;4.0;4.0
MHS02755;3;3.9;3.97
MHS02755;4;4.0;3.98
MHS02755;5;4.0;3.98
MHS02755;6;4.0;3.98
MHS02755;7;4.0;3.99
MHS02755;8;3.96;3.98
MHS02756;1;2.7;2.7
MHS02756;2;2.9;2.8
MHS02756;3;3.56;3.06
MHS02756;4;3.02;3.05
MHS02757;1;3.13;3.13
MHS02757;2;3.28;3.21
MHS02758;1;2.34;2.34
MHS02758;2;3.18;2.76
MHS02758;3;3.57;3.03
MHS02758;4;3.4;3.12
MHS02758;5;3.62;3.22
MHS02758;6;3.43;3.26
MHS02758;7;3.23;3.26
MHS02758;8;3.35;3.27
MHS02759;1;2.59;2.59
MHS02759;2;2.56;2.57
MHS02759;3;3.04;2.73
MHS02759;4;3.12;2.83
MHS02759;5;2.89;2.84
MHS02759;6;2.7;2.82
MHS02759;7;2.87;2.82
MHS02759;8;2.87;2.83
MHS02760;1;2.67;2.67
MHS02760;2;3.09;2.88
MHS02760;3;3.21;2.99
MHS02760;4;3.14;3.03
MHS02760;5;3.48;3.12
MHS02760;6;3.23;3.13
MHS02760;7;3.28;3.15
MHS02760;8;3.21;3.16
MHS02761;1;3.02;3.02
MHS02761;2;3.41;3.21
MHS02761;3;3.44;3.29
MHS02761;4;3.96;3.46
MHS02761;5;3.59;3.48
MHS02761;6;4.0;3.57
MHS02762;1;2.93;2.93
MHS02762;2;3.18;3.05
MHS02762;3;3.08;3.06
MHS02762;4;3.63;3.21
MHS02762;5;2.7;3.1
MHS02762;6;2.9;3.07
MHS02762;7;3.21;3.09
MHS02762;8;3.27;3.11
MHS02763;1;3.08;3.08
MHS02763;2;2.59;2.83
MHS02764;1;3.62;3.62
MHS02764;2;3.97;3.8
MHS02764;3;4.0;3.86
MHS02764;4;3.84;3.86
MHS02764;5;3.81;3.85
MHS02764;6;3.81;3.84
MHS02765;1;3.63;3.63
MHS02765;2;3.17;3.4
MHS02765;3;4.0;3.6
MHS02765;4;3.13;3.48
MHS02766;1;1.65;1.65
MHS02766;2;2.14;1.9
MHS02767;1;3.7;3.7
MHS02767;2;3.45;3.57
MHS02768;1;2.45;2.45
MHS02768;2;3.14;2.8
MHS02768;3;3.26;2.95
MHS02768;4;3.4;3.06
MHS02768;5;3.18;3.09
MHS02768;6;3.06;3.08
MHS02768;7;3.5;3.14
MHS02768;8;3.0;3.12
MHS02769;1;2.78;2.78
MHS02769;2;2.71;2.74
MHS02769;3;3.11;2.87
MHS02769;4;3.06;2.92
MHS02769;5;2.72;2.88
MHS02769;6;3.13;2.92
MHS02769;7;2.89;2.91
MHS02769;8;3.07;2.93
MHS02770;1;3.85;3.85
MHS02770;2;3.72;3.78
MHS02770;3;4.0;3.86
MHS02770;4;4.0;3.89
MHS02770;5;3.77;3.87
MHS02770;6;3.97;3.88
MHS02770;7;4.0;3.9
MHS02770;8;3.98;3.91
MHS02771;1;2.59;2.59
MHS02771;2;3.03;2.81
MHS02771;3;3.24;2.95
MHS02771;4;3.16;3.01
MHS02771;5;2.84;2.97
MHS02771;6;2.94;2.97
MHS02772;1;2.9;2.9
MHS02772;2;3.33;3.12
MHS02772;3;3.76;3.33
MHS02772;4;3.41;3.35
MHS02773;1;3.41;3.41
MHS02773;2;3.8;3.61
MHS02774;1;3.14;3.14
MHS02774;2;2.76;2.95
MHS02774;3;3.21;3.04
MHS02774;4;3.41;3.13
MHS02774;5;2.83;3.07
MHS02774;6;3.29;3.11
MHS02775;1;3.39;3.39
MHS02775;2;3.4;3.39
MHS02775;3;3.72;3.5
MHS02775;4;3.59;3.52
MHS02776;1;3.6;3.6
MHS02776;2;3.29;3.44
MHS02776;3;3.01;3.3
MHS02776;4;3.35;3.31
MHS02776;5;3.44;3.33
MHS02776;6;3.4;3.35
MHS02776;7;4.0;3.44
MHS02776;8;3.4;3.43
MHS02777;1;3.08;3.08
MHS02777;2;3.24;3.16
MHS02777;3;4.0;3.44
MHS02777;4;3.65;3.49
MHS02777;5;3.91;3.58
MHS02777;6;3.85;3.62
MHS02777;7;4.0;3.68
MHS02777;8;4.0;3.72
MHS02778;1;2.96;2.96
MHS02778;2;3.24;3.1
MHS02778;3;3.3;3.16
MHS02778;4;3.45;3.24
MHS02779;1;2.47;2.47
MHS02779;2;3.02;2.75
MHS02779;3;3.07;2.85
MHS02779;4;2.9;2.86
MHS02779;5;2.66;2.82
MHS02779;6;3.1;2.87
MHS02780;1;2.79;2.79
MHS02780;2;2.65;2.72
MHS02780;3;2.99;2.81
MHS02780;4;3.04;2.87
MHS02781;1;2.79;2.79
MHS02781;2;3.7;3.24
MHS02781;3;3.67;3.38
MHS02781;4;3.44;3.4
MHS02782;1;2.22;2.22
MHS02782;2;2.59;2.4
MHS02783;1;3.04;3.04
MHS02783;2;3.46;3.25
MHS02784;1;3.43;3.43
MHS02784;2;3.56;3.5
MHS02784;3;3.3;3.43
MHS02784;4;3.3;3.4
MHS02784;5;4.0;3.52
MHS02784;6;3.71;3.55
MHS02785;1;2.96;2.96
MHS02785;2;3.12;3.04
MHS02785;3;4.0;3.36
MHS02785;4;3.35;3.36
MHS02786;1;3.32;3.32
MHS02786;2;3.69;3.5
MHS02787;1;3.16;3.16
MHS02787;2;3.33;3.24
MHS02787;3;3.6;3.36
MHS02787;4;3.71;3.45
MHS02787;5;3.54;3.47
MHS02787;6;3.81;3.52
MHS02788;1;2.79;2.79
MHS02788;2;2.86;2.83
MHS02788;3;2.86;2.84
MHS02788;4;3.25;2.94
MHS02788;5;3.19;2.99
MHS02788;6;3.24;3.03
MHS02788;7;2.82;3.0
MHS02788;8;2.74;2.97
MHS02789;1;2.1;2.1
MHS02789;2;2.62;2.36
MHS02789;3;2.83;2.52
MHS02789;4;2.51;2.52
MHS02789;5;3.04;2.62
MHS02789;6;3.05;2.69
MHS02789;7;3.0;2.74
MHS02789;8;2.78;2.74
MHS02789;9;3.14;2.79
MHS02790;1;2.56;2.56
MHS02790;2;2.88;2.72
MHS02790;3;3.22;2.89
MHS02790;4;2.84;2.88
MHS02790;5;2.98;2.9
MHS02790;6;3.51;3.0
MHS02791;1;2.61;2.61
MHS02791;2;3.35;2.98
MHS02792;1;2.16;2.16
MHS02792;2;2.43;2.3
MHS02792;3;3.15;2.58
MHS02792;4;2.9;2.66
MHS02793;1;3.4;3.4
MHS02793;2;3.37;3.39
MHS02793;3;3.18;3.32
MHS02793;4;3.12;3.27
MHS02793;5;3.65;3.34
MHS02793;6;3.2;3.32
MHS02793;7;3.52;3.35
MHS02793;8;3.93;3.42
MHS02794;1;3.3;3.3
MHS02794;2;3.69;3.5
MHS02794;3;3.53;3.51
MHS02794;4;3.39;3.48
MHS02795;1;3.4;3.4
MHS02795;2;3.71;3.55
MHS02795;3;3.45;3.52
MHS02795;4;3.61;3.54
MHS02795;5;3.32;3.5
MHS02795;6;3.51;3.5
MHS02796;1;3.93;3.93
MHS02796;2;4.0;3.96
MHS02797;1;2.19;2.19
MHS02797;2;1.78;1.98
MHS02798;1;3.4;3.4
MHS02798;2;4.0;3.7
MHS02798;3;3.16;3.52
MHS02798;4;3.57;3.53
MHS02798;5;3.4;3.51
MHS02798;6;3.93;3.58
MHS02798;7;3.98;3.64
MHS02798;8;3.87;3.66
MHS02799;1;2.73;2.73
MHS02799;2;2.87;2.8
MHS02799;3;2.71;2.77
MHS02799;4;3.25;2.89
MHS02799;5;2.81;2.88
MHS02799;6;3.36;2.96
MHS02799;7;2.55;2.9
MHS02799;8;2.53;2.85
MHS02800;1;2.85;2.85
MHS02800;2;3.23;3.04
MHS02801;1;3.71;3.71
MHS02801;2;3.29;3.5
MHS02801;3;3.76;3.59
MHS02801;4;3.51;3.57
MHS02801;5;4.0;3.65
MHS02801;6;4.0;3.71
MHS02802;1;3.13;3.13
MHS02802;2;3.02;3.08
MHS02802;3;2.93;3.03
MHS02802;4;3.29;3.1
MHS02802;5;3.22;3.12
MHS02802;6;3.07;3.11
MHS02803;1;2.11;2.11
MHS02803;2;2.53;2.32
MHS02803;3;2.8;2.48
MHS02803;4;3.08;2.63
MHS02804;1;3.35;3.35
MHS02804;2;3.71;3.53
MHS02805;1;3.58;3.58
MHS02805;2;3.89;3.74
MHS02806;1;2.9;2.9
MHS02806;2;2.9;2.9
MHS02806;3;2.71;2.84
MHS02806;4;3.08;2.9
MHS02806;5;3.21;2.96
MHS02806;6;3.11;2.99
MHS02806;7;3.43;3.05
MHS02806;8;2.93;3.03
MHS02806;9;3.05;3.04
MHS02807;1;2.93;2.93
MHS02807;2;2.7;2.81
MHS02807;3;3.38;3.0
MHS02807;4;3.75;3.19
MHS02807;5;3.27;3.2
MHS02807;6;3.26;3.21
MHS02807;7;3.31;3.23
MHS02807;8;3.62;3.28
MHS02808;1;3.86;3.86
MHS02808;2;4.0;3.93
MHS02808;3;4.0;3.95
MHS02808;4;3.77;3.91
MHS02809;1;2.91;2.91
MHS02809;2;2.4;2.66
MHS02809;3;3.15;2.82
MHS02809;4;3.34;2.95
MHS02810;1;2.84;2.84
MHS02810;2;3.4;3.12
MHS02811;1;3.14;3.14
MHS02811;2;3.05;3.1
MHS02812;1;2.34;2.34
MHS02812;2;2.83;2.58
MHS02813;1;2.88;2.88
MHS02813;2;3.05;2.96
MHS02813;3;3.25;3.06
MHS02813;4;3.63;3.2
MHS02813;5;3.13;3.19
MHS02813;6;3.65;3.26
MHS02813;7;3.87;3.35
MHS02813;8;3.61;3.38
MHS02814;1;3.48;3.48
MHS02814;2;3.6;3.54
MHS02815;1;3.54;3.54
MHS02815;2;3.69;3.61
MHS02815;3;4.0;3.74
MHS02815;4;4.0;3.81
MHS02816;1;1.61;1.61
MHS02816;2;1.97;1.79
MHS02817;1;3.95;3.95
MHS02817;2;3.74;3.85
MHS02817;3;3.89;3.86
MHS02817;4;4.0;3.9
MHS02817;5;4.0;3.92
MHS02817;6;4.0;3.93
MHS02818;1;2.27;2.27
MHS02818;2;2.83;2.55
MHS02818;3;2.86;2.65
MHS02818;4;3.26;2.8
MHS02818;5;2.96;2.84
MHS02818;6;2.95;2.86
MHS02818;7;3.29;2.92
MHS02818;8;3.02;2.93
MHS02818;9;2.94;2.93
MHS02818;10;2.96;2.93
MHS02819;1;2.66;2.66
MHS02819;2;3.18;2.92
MHS02820;1;1.96;1.96
MHS02820;2;2.71;2.34
MHS02820;3;2.29;2.32
MHS02820;4;2.68;2.41
MHS02820;5;2.33;2.4
MHS02820;6;2.65;2.44
MHS02820;7;3.08;2.53
MHS02820;8;3.12;2.6
MHS02820;9;2.95;2.64
MHS02820;10;2.73;2.65
MHS02820;11;3.24;2.7
MHS02820;12;2.81;2.71
MHS02821;1;3.38;3.38
MHS02821;2;3.66;3.52
MHS02821;3;3.48;3.5
MHS02821;4;3.93;3.61
MHS02822;1;2.53;2.53
MHS02822;2;2.96;2.74
MHS02822;3;2.91;2.8
MHS02822;4;3.49;2.97
MHS02822;5;3.42;3.06
MHS02822;6;3.32;3.11
MHS02823;1;2.87;2.87
MHS02823;2;3.26;3.06
MHS02823;3;3.5;3.21
MHS02823;4;3.37;3.25
MHS02824;1;3.43;3.43
MHS02824;2;3.17;3.3
MHS02825;1;3.14;3.14
MHS02825;2;3.31;3.22
MHS02825;3;2.54;3.0
MHS02825;4;2.95;2.98
MHS02825;5;3.19;3.02
MHS02825;6;3.08;3.03
MHS02825;7;3.06;3.04
MHS02825;8;3.05;3.04
MHS02826;1;2.16;2.16
MHS02826;2;2.78;2.47
MHS02827;1;3.62;3.62
MHS02827;2;4.0;3.81
MHS02827;3;4.0;3.87
MHS02827;4;4.0;3.91
MHS02828;1;2.33;2.33
MHS02828;2;2.25;2.29
MHS02828;3;3.08;2.55
MHS02828;4;2.95;2.65
MHS02828;5;2.8;2.68
MHS02828;6;2.75;2.69
MHS02828;7;3.01;2.74
MHS02828;8;2.69;2.73
MHS02828;9;2.82;2.74
MHS02828;10;2.97;2.77
MHS02829;1;3.09;3.09
MHS02829;2;3.01;3.05
MHS02829;3;3.49;3.2
MHS02829;4;3.08;3.17
MHS02829;5;3.13;3.16
MHS02829;6;2.53;3.06
MHS02829;7;3.45;3.11
MHS02829;8;3.54;3.17
MHS02830;1;2.22;2.22
MHS02830;2;2.54;2.38
MHS02830;3;2.47;2.41
MHS02830;4;2.55;2.44
MHS02830;5;2.44;2.44
MHS02830;6;2.51;2.45
MHS02831;1;3.08;3.08
MHS02831;2;3.77;3.43
MHS02831;3;3.7;3.52
MHS02831;4;4.0;3.64
MHS02831;5;3.23;3.56
MHS02831;6;4.0;3.63
MHS02831;7;4.0;3.68
MHS02831;8;3.38;3.65
MHS02832;1;2.66;2.66
MHS02832;2;3.52;3.09
MHS02833;1;3.06;3.06
MHS02833;2;2.8;2.93
MHS02833;3;3.66;3.17
MHS02833;4;3.17;3.17
MHS02834;1;2.91;2.91
MHS02834;2;3.34;3.13
MHS02834;3;3.37;3.21
MHS02834;4;3.43;3.26
MHS02834;5;3.5;3.31
MHS02834;6;3.6;3.36
MHS02834;7;4.0;3.45
MHS02834;8;2.96;3.39
MHS02834;9;3.81;3.44
MHS02834;10;3.72;3.46
MHS02835;1;2.31;2.31
MHS02835;2;2.34;2.32
MHS02835;3;2.68;2.44
MHS02835;4;3.33;2.67
MHS02835;5;3.0;2.73
MHS02835;6;2.62;2.71
MHS02836;1;2.64;2.64
MHS02836;2;3.2;2.92
MHS02837;1;3.36;3.36
MHS02837;2;3.16;3.26
MHS02837;3;3.4;3.31
MHS02837;4;3.18;3.28
MHS02838;1;3.16;3.16
MHS02838;2;2.98;3.07
MHS02839;1;2.5;2.5
MHS02839;2;2.88;2.69
MHS02840;1;3.09;3.09
MHS02840;2;3.27;3.18
MHS02841;1;2.59;2.59
MHS02841;2;3.13;2.86
MHS02841;3;3.58;3.1
MHS02841;4;3.27;3.15
MHS02841;5;3.66;3.25
MHS02841;6;3.64;3.31
MHS02842;1;2.67;2.67
MHS02842;2;2.49;2.58
MHS02842;3;3.08;2.75
MHS02842;4;3.26;2.88
MHS02842;5;2.93;2.89
MHS02842;6;3.23;2.94
MHS02842;7;3.12;2.97
MHS02842;8;3.16;2.99
MHS02843;1;2.55;2.55
MHS02843;2;2.78;2.67
MHS02844;1;2.98;2.98
MHS02844;2;3.09;3.04
MHS02844;3;3.11;3.06
MHS02844;4;2.99;3.04
MHS02845;1;2.07;2.07
MHS02845;2;1.99;2.03
MHS02845;3;3.31;2.46
MHS02845;4;2.6;2.5
MHS02846;1;2.91;2.91
MHS02846;2;3.37;3.14
MHS02847;1;2.58;2.58
MHS02847;2;3.08;2.83
MHS02847;3;3.13;2.93
MHS02847;4;3.57;3.09
MHS02847;5;3.52;3.18
MHS02847;6;3.68;3.26
MHS02847;7;3.75;3.33
MHS02847;8;3.66;3.37
MHS02848;1;2.95;2.95
MHS02848;2;2.92;2.93
MHS02848;3;3.58;3.15
MHS02848;4;3.3;3.19
MHS02849;1;2.75;2.75
MHS02849;2;3.44;3.1
MHS02849;3;3.43;3.21
MHS02849;4;3.43;3.26
MHS02849;5;3.03;3.22
MHS02849;6;2.95;3.17
MHS02850;1;3.42;3.42
MHS02850;2;2.6;3.01
MHS02851;1;3.33;3.33
MHS02851;2;3.71;3.52
MHS02851;3;3.18;3.41
MHS02851;4;3.37;3.4
MHS02851;5;3.71;3.46
MHS02851;6;4.0;3.55
MHS02852;1;3.01;3.01
MHS02852;2;3.08;3.05
MHS02852;3;2.68;2.93
MHS02852;4;3.05;2.96
MHS02853;1;3.75;3.75
MHS02853;2;3.73;3.74
MHS02854;1;2.75;2.75
MHS02854;2;3.36;3.05
MHS02854;3;3.23;3.11
MHS02854;4;3.25;3.15
MHS02854;5;3.57;3.23
MHS02854;6;3.33;3.25
MHS02854;7;2.95;3.21
MHS02854;8;3.48;3.24
MHS02855;1;2.58;2.58
MHS02855;2;2.41;2.5
MHS02855;3;3.5;2.83
MHS02855;4;3.2;2.92
MHS02855;5;3.69;3.08
MHS02855;6;3.72;3.18
MHS02855;7;3.43;3.22
MHS02855;8;3.06;3.2
MHS02856;1;3.54;3.54
MHS02856;2;3.74;3.64
MHS02857;1;3.02;3.02
MHS02857;2;3.49;3.26
MHS02857;3;3.62;3.38
MHS02857;4;3.77;3.47
MHS02857;5;3.71;3.52
MHS02857;6;3.41;3.5
MHS02858;1;3.36;3.36
MHS02858;2;4.0;3.68
MHS02858;3;3.84;3.73
MHS02858;4;3.87;3.77
MHS02858;5;3.95;3.8
MHS02858;6;4.0;3.84
MHS02858;7;3.43;3.78
MHS02858;8;4.0;3.81
MHS02859;1;2.22;2.22
MHS02859;2;2.8;2.51
MHS02859;3;2.59;2.54
MHS02859;4;3.14;2.69
MHS02859;5;2.67;2.69
MHS02859;6;2.89;2.72
MHS02860;1;2.89;2.89
MHS02860;2;2.34;2.61
MHS02860;3;3.23;2.82
MHS02860;4;3.06;2.88
MHS02860;5;3.03;2.91
MHS02860;6;3.11;2.94
MHS02860;7;3.46;3.02
MHS02860;8;2.87;3.0
MHS02860;9;3.18;3.02
MHS02860;10;3.58;3.07
MHS02861;1;3.39;3.39
MHS02861;2;3.81;3.6
MHS02861;3;3.98;3.73
MHS02861;4;4.0;3.8
MHS02862;1;2.9;2.9
MHS02862;2;3.54;3.22
MHS02862;3;3.67;3.37
MHS02862;4;3.34;3.36
MHS02862;5;3.32;3.35
MHS02862;6;3.29;3.34
MHS02863;1;3.41;3.41
MHS02863;2;3.24;3.33
MHS02863;3;3.29;3.31
MHS02863;4;3.83;3.44
MHS02863;5;3.53;3.46
MHS02863;6;3.9;3.53
MHS02863;7;3.63;3.55
MHS02863;8;3.52;3.55
MHS02864;1;2.14;2.14
MHS02864;2;1.97;2.06
MHS02864;3;2.83;2.31
MHS02864;4;2.86;2.45
MHS02864;5;3.12;2.58
MHS02864;6;2.75;2.61
MHS02864;7;2.87;2.65
MHS02864;8;2.76;2.66
MHS02865;1;2.33;2.33
MHS02865;2;2.76;2.55
MHS02865;3;3.51;2.87
MHS02865;4;3.5;3.03
MHS02865;5;3.23;3.07
MHS02865;6;3.05;3.06
MHS02866;1;2.85;2.85
MHS02866;2;3.44;3.14
MHS02866;3;3.29;3.19
MHS02866;4;3.34;3.23
MHS02867;1;3.08;3.08
MHS02867;2;3.33;3.21
MHS02867;3;3.85;3.42
MHS02867;4;3.93;3.55
MHS02867;5;3.62;3.56
MHS02867;6;3.5;3.55
MHS02868;1;3.17;3.17
MHS02868;2;3.89;3.53
MHS02868;3;3.53;3.53
MHS02868;4;3.86;3.61
MHS02868;5;3.34;3.56
MHS02868;6;3.77;3.59
MHS02868;7;3.76;3.62
MHS02868;8;4.0;3.67
MHS02869;1;3.37;3.37
MHS02869;2;3.98;3.67
MHS02869;3;3.86;3.73
MHS02869;4;4.0;3.8
MHS02869;5;4.0;3.84
MHS02869;6;3.9;3.85
MHS02869;7;3.86;3.85
MHS02869;8;4.0;3.87
MHS02870;1;2.55;2.55
MHS02870;2;3.25;2.9
MHS02871;1;3.65;3.65
MHS02871;2;3.34;3.49
MHS02871;3;3.06;3.35
MHS02871;4;3.48;3.38
MHS02871;5;2.77;3.26
MHS02871;6;3.64;3.32
MHS02871;7;3.15;3.3
MHS02871;8;3.04;3.27
MHS02872;1;3.53;3.53
MHS02872;2;3.8;3.67
MHS02873;1;3.18;3.18
MHS02873;2;3.57;3.38
MHS02873;3;4.0;3.58
MHS02873;4;4.0;3.69
MHS02873;5;3.85;3.72
MHS02873;6;4.0;3.77
MHS02873;7;3.7;3.76
MHS02873;8;4.0;3.79
MHS02874;1;2.27;2.27
MHS02874;2;2.46;2.36
MHS02874;3;2.92;2.55
MHS02874;4;3.46;2.78
MHS02874;5;2.68;2.76
MHS02874;6;3.25;2.84
MHS02874;7;3.06;2.87
MHS02874;8;3.23;2.92
MHS02875;1;1.75;1.75
MHS02875;2;2.42;2.09
MHS02876;1;3.46;3.46
MHS02876;2;3.37;3.42
MHS02876;3;3.43;3.42
MHS02876;4;4.0;3.57
MHS02877;1;3.1;3.1
MHS02877;2;3.96;3.53
MHS02877;3;4.0;3.69
MHS02878;1;2.92;2.92
MHS02878;2;3.58;3.25
MHS02878;3;3.34;3.28
MHS02878;4;3.3;3.29
MHS02879;1;2.76;2.76
MHS02879;2;3.68;3.22
MHS02879;3;3.15;3.2
MHS02879;4;3.55;3.29
MHS02879;5;3.54;3.34
MHS02879;6;3.36;3.34
MHS02880;1;3.15;3.15
MHS02880;2;3.56;3.36
MHS02880;3;3.55;3.42
MHS02880;4;4.0;3.56
MHS02880;5;4.0;3.65
MHS02880;6;3.82;3.68
MHS02880;7;3.75;3.69
MHS02880;8;3.51;3.67
MHS02881;1;2.0;2.0
MHS02881;2;2.41;2.2
MHS02882;1;1.87;1.87
MHS02882;2;2.54;2.21
MHS02882;3;2.87;2.43
MHS02882;4;2.5;2.45
MHS02883;1;2.2;2.2
MHS02883;2;2.85;2.52
MHS02883;3;2.19;2.41
MHS02883;4;2.33;2.39
MHS02883;5;2.94;2.5
MHS02883;6;2.94;2.57
MHS02883;7;3.24;2.67
MHS02883;8;3.28;2.75
MHS02883;9;3.65;2.85
MHS02883;10;2.63;2.82
MHS02883;11;2.41;2.79
MHS02884;1;2.55;2.55
MHS02884;2;3.0;2.77
MHS02884;3;3.29;2.95
MHS02884;4;2.87;2.93
MHS02884;5;2.87;2.92
MHS02884;6;2.84;2.9
MHS02884;7;3.17;2.94
MHS02884;8;3.27;2.98
MHS02885;1;3.43;3.43
MHS02885;2;3.69;3.56
MHS02886;1;2.93;2.93
MHS02886;2;2.98;2.96
MHS02887;1;3.05;3.05
MHS02887;2;3.14;3.09
MHS02887;3;3.31;3.17
MHS02887;4;3.52;3.26
MHS02887;5;3.02;3.21
MHS02887;6;3.0;3.17
MHS02887;7;3.35;3.2
MHS02887;8;3.22;3.2
MHS02888;1;2.01;2.01
MHS02888;2;2.07;2.04
MHS02888;3;2.06;2.05
MHS02888;4;2.45;2.15
MHS02889;1;2.51;2.51
MHS02889;2;3.39;2.95
MHS02889;3;3.39;3.09
MHS02889;4;3.27;3.14
MHS02889;5;3.36;3.18
MHS02889;6;3.7;3.27
MHS02890;1;3.85;3.85
MHS02890;2;3.52;3.69
MHS02890;3;4.0;3.79
MHS02890;4;4.0;3.84
MHS02890;5;4.0;3.88
MHS02890;6;3.9;3.88
MHS02891;1;4.0;4.0
MHS02891;2;3.99;4.0
MHS02891;3;4.0;4.0
MHS02891;4;3.91;3.98
MHS02891;5;3.85;3.95
MHS02891;6;4.0;3.96
MHS02891;7;4.0;3.97
MHS02891;8;4.0;3.97
MHS02892;1;2.65;2.65
MHS02892;2;2.66;2.65
MHS02892;3;2.37;2.56
MHS02892;4;2.95;2.66
MHS02892;5;3.04;2.74
MHS02892;6;2.45;2.69
MHS02893;1;3.81;3.81
MHS02893;2;4.0;3.91
MHS02893;3;4.0;3.94
MHS02893;4;3.99;3.95
MHS02894;1;2.31;2.31
MHS02894;2;2.75;2.53
MHS02894;3;2.65;2.57
MHS02894;4;3.38;2.77
MHS02894;5;3.17;2.85
MHS02894;6;3.0;2.88
MHS02894;7;2.7;2.85
MHS02894;8;3.23;2.9
MHS02894;9;3.33;2.95
MHS02894;10;3.27;2.98
MHS02894;11;3.22;3.0
MHS02895;1;3.06;3.06
MHS02895;2;3.28;3.17
MHS02895;3;3.01;3.12
MHS02895;4;3.69;3.26
MHS02896;1;4.0;4.0
MHS02896;2;4.0;4.0
MHS02896;3;3.6;3.87
MHS02896;4;3.79;3.85
MHS02896;5;4.0;3.88
MHS02896;6;3.83;3.87
MHS02896;7;3.94;3.88
MHS02896;8;4.0;3.9
MHS02897;1;2.58;2.58
MHS02897;2;3.19;2.89
MHS02898;1;2.44;2.44
MHS02898;2;2.98;2.71
MHS02898;3;3.04;2.82
MHS02898;4;3.7;3.04
MHS02898;5;3.68;3.17
MHS02898;6;3.54;3.23
MHS02899;1;2.76;2.76
MHS02899;2;4.0;3.38
MHS02899;3;4.0;3.59
MHS02899;4;3.9;3.67
MHS02899;5;3.94;3.72
MHS02899;6;3.41;3.67
MHS02900;1;2.54;2.54
MHS02900;2;3.0;2.77
MHS02900;3;3.08;2.87
MHS02900;4;3.54;3.04
MHS02900;5;3.52;3.14
MHS02900;6;3.32;3.17
MHS02901;1;2.46;2.46
MHS02901;2;3.04;2.75
MHS02901;3;3.19;2.9
MHS02901;4;2.81;2.87
MHS02901;5;3.21;2.94
MHS02901;6;3.87;3.1
MHS02901;7;3.4;3.14
MHS02901;8;3.39;3.17
MHS02901;9;3.41;3.2
MHS02902;1;2.54;2.54
MHS02902;2;2.56;2.55
MHS02903;1;2.31;2.31
MHS02903;2;2.6;2.45
MHS02903;3;2.6;2.5
MHS02903;4;2.8;2.58
MHS02903;5;2.85;2.63
MHS02903;6;2.89;2.67
MHS02904;1;3.37;3.37
MHS02904;2;2.93;3.15
MHS02904;3;3.12;3.14
MHS02904;4;3.63;3.26
MHS02904;5;3.51;3.31
MHS02904;6;3.54;3.35
MHS02905;1;2.67;2.67
MHS02905;2;3.11;2.89
MHS02905;3;3.32;3.04
MHS02905;4;3.5;3.15
MHS02905;5;4.0;3.32
MHS02905;6;3.62;3.37
MHS02906;1;2.92;2.92
MHS02906;2;2.19;2.55
MHS02907;1;3.45;3.45
MHS02907;2;3.33;3.39
MHS02908;1;2.61;2.61
MHS02908;2;2.76;2.69
MHS02908;3;2.93;2.77
MHS02908;4;3.58;2.97
MHS02908;5;3.38;3.05
MHS02908;6;3.47;3.12
MHS02909;1;2.51;2.51
MHS02909;2;2.41;2.46
MHS02910;1;3.9;3.9
MHS02910;2;3.06;3.48
MHS02911;1;2.04;2.04
MHS02911;2;2.0;2.02
MHS02911;3;3.03;2.36
MHS02911;4;2.4;2.37
MHS02911;5;2.51;2.4
MHS02911;6;2.87;2.48
MHS02912;1;3.36;3.36
MHS02912;2;3.04;3.2
MHS02912;3;3.33;3.24
MHS02912;4;3.57;3.33
MHS02912;5;3.03;3.27
MHS02912;6;3.15;3.25
MHS02913;1;2.83;2.83
MHS02913;2;2.73;2.78
MHS02913;3;3.16;2.91
MHS02913;4;3.03;2.94
MHS02914;1;2.73;2.73
MHS02914;2;2.66;2.69
MHS02914;3;3.16;2.85
MHS02914;4;3.14;2.92
MHS02914;5;3.34;3.01
MHS02914;6;3.56;3.1
MHS02915;1;2.74;2.74
MHS02915;2;3.1;2.92
MHS02916;1;3.06;3.06
MHS02916;2;2.79;2.93
MHS02916;3;2.81;2.89
MHS02916;4;3.29;2.99
MHS02917;1;1.86;1.86
MHS02917;2;1.96;1.91
MHS02917;3;2.91;2.24
MHS02917;4;2.46;2.3
MHS02917;5;2.76;2.39
MHS02917;6;2.7;2.44
MHS02917;7;2.39;2.44
MHS02917;8;2.63;2.46
MHS02917;9;2.45;2.46
MHS02917;10;2.46;2.46
MHS02918;1;2.58;2.58
MHS02918;2;3.18;2.88
MHS02919;1;2.94;2.94
MHS02919;2;3.4;3.17
MHS02919;3;3.89;3.41
MHS02919;4;3.24;3.37
MHS02919;5;3.79;3.45
MHS02919;6;3.78;3.51
MHS02919;7;3.6;3.52
MHS02919;8;4.0;3.58
MHS02920;1;3.49;3.49
MHS02920;2;4.0;3.74
MHS02920;3;4.0;3.83
MHS02920;4;4.0;3.87
MHS02920;5;4.0;3.9
MHS02920;6;4.0;3.91
MHS02920;7;4.0;3.93
MHS02920;8;4.0;3.94
MHS02921;1;3.85;3.85
MHS02921;2;4.0;3.93
MHS02921;3;4.0;3.95
MHS02921;4;4.0;3.96
MHS02922;1;3.41;3.41
MHS02922;2;3.08;3.24
MHS02923;1;2.56;2.56
MHS02923;2;3.11;2.83
MHS02923;3;2.94;2.87
MHS02923;4;3.18;2.95
MHS02923;5;3.32;3.02
MHS02923;6;3.23;3.05
MHS02923;7;2.49;2.97
MHS02923;8;3.33;3.02
MHS02923;9;3.08;3.02
MHS02923;10;2.88;3.01
MHS02924;1;2.97;2.97
MHS02924;2;3.15;3.06
MHS02925;1;3.31;3.31
MHS02925;2;3.37;3.34
MHS02925;3;3.13;3.27
MHS02925;4;3.33;3.29
MHS02925;5;3.34;3.3
MHS02925;6;3.66;3.36
MHS02925;7;3.87;3.43
MHS02925;8;3.43;3.43
MHS02926;1;2.65;2.65
MHS02926;2;3.37;3.01
MHS02926;3;3.32;3.12
MHS02926;4;3.33;3.17
MHS02927;1;2.77;2.77
MHS02927;2;2.87;2.82
MHS02927;3;3.19;2.94
MHS02927;4;3.2;3.01
MHS02927;5;4.0;3.2
MHS02927;6;3.49;3.25
MHS02927;7;3.15;3.24
MHS02927;8;3.02;3.21
MHS02928;1;2.85;2.85
MHS02928;2;2.5;2.67
MHS02928;3;3.57;2.97
MHS02928;4;3.53;3.11
MHS02929;1;3.22;3.22
MHS02929;2;2.81;3.01
MHS02930;1;2.99;2.99
MHS02930;2;2.33;2.66
MHS02930;3;3.02;2.78
MHS02930;4;3.68;3.0
MHS02930;5;3.37;3.08
MHS02930;6;3.51;3.15
MHS02931;1;3.54;3.54
MHS02931;2;3.36;3.45
MHS02931;3;3.91;3.6
MHS02931;4;4.0;3.7
MHS02931;5;4.0;3.76
MHS02931;6;3.46;3.71
MHS02931;7;3.91;3.74
MHS02931;8;3.78;3.75
MHS02931;9;4.0;3.77
MHS02932;1;3.31;3.31
MHS02932;2;3.31;3.31
MHS02933;1;2.6;2.6
MHS02933;2;3.17;2.88
MHS02933;3;2.86;2.88
MHS02933;4;2.98;2.9
MHS02933;5;3.25;2.97
MHS02933;6;3.37;3.04
MHS02933;7;3.39;3.09
MHS02933;8;3.0;3.08
MHS02934;1;2.97;2.97
MHS02934;2;2.8;2.89
MHS02934;3;3.33;3.03
MHS02934;4;3.38;3.12
MHS02934;5;3.67;3.23
MHS02934;6;2.64;3.13
MHS02934;7;3.4;3.17
MHS02934;8;3.01;3.15
MHS02935;1;2.25;2.25
MHS02935;2;3.21;2.73
MHS02935;3;1.98;2.48
MHS02935;4;2.38;2.46
MHS02935;5;2.61;2.49
MHS02935;6;2.45;2.48
MHS02936;1;3.74;3.74
MHS02936;2;3.44;3.59
MHS02936;3;3.23;3.47
MHS02936;4;3.97;3.59
MHS02936;5;4.0;3.68
MHS02936;6;3.39;3.63
MHS02936;7;3.58;3.62
MHS02936;8;4.0;3.67
MHS02937;1;3.04;3.04
MHS02937;2;4.0;3.52
MHS02938;1;3.82;3.82
MHS02938;2;3.62;3.72
MHS02938;3;3.9;3.78
MHS02938;4;4.0;3.84
MHS02939;1;2.54;2.54
MHS02939;2;2.8;2.67
MHS02939;3;3.09;2.81
MHS02939;4;3.25;2.92
MHS02939;5;3.15;2.97
MHS02939;6;2.94;2.96
MHS02939;7;3.22;3.0
MHS02939;8;3.32;3.04
MHS02940;1;3.49;3.49
MHS02940;2;2.82;3.16
MHS02941;1;3.24;3.24
MHS02941;2;3.33;3.29
MHS02942;1;2.1;2.1
MHS02942;2;2.79;2.45
MHS02942;3;3.29;2.73
MHS02942;4;2.63;2.7
MHS02942;5;2.95;2.75
MHS02942;6;3.17;2.82
MHS02942;7;2.36;2.76
MHS02942;8;3.26;2.82
MHS02943;1;2.81;2.81
MHS02943;2;3.27;3.04
MHS02944;1;4.0;4.0
MHS02944;2;3.87;3.93
MHS02944;3;4.0;3.96
MHS02944;4;4.0;3.97
MHS02944;5;4.0;3.97
MHS02944;6;4.0;3.98
MHS02944;7;4.0;3.98
MHS02944;8;4.0;3.98
MHS02945;1;3.15;3.15
MHS02945;2;2.56;2.86
MHS02945;3;3.38;3.03
MHS02945;4;3.96;3.26
MHS02945;5;3.79;3.37
MHS02945;6;3.43;3.38
MHS02945;7;3.81;3.44
MHS02945;8;3.2;3.41
MHS02946;1;2.72;2.72
MHS02946;2;2.83;2.78
MHS02946;3;3.32;2.96
MHS02946;4;2.95;2.96
MHS02946;5;2.85;2.93
MHS02946;6;3.27;2.99
MHS02946;7;2.72;2.95
MHS02946;8;3.4;3.01
MHS02947;1;3.5;3.5
MHS02947;2;3.49;3.5
MHS02947;3;3.82;3.61
MHS02947;4;3.79;3.65
MHS02948;1;2.21;2.21
MHS02948;2;2.31;2.26
MHS02949;1;3.35;3.35
MHS02949;2;3.27;3.31
MHS02949;3;4.0;3.54
MHS02949;4;3.87;3.62
MHS02950;1;2.24;2.24
MHS02950;2;2.46;2.35
MHS02950;3;3.01;2.57
MHS02950;4;3.14;2.71
MHS02951;1;2.9;2.9
MHS02951;2;3.39;3.14
MHS02952;1;2.64;2.64
MHS02952;2;2.78;2.71
MHS02952;3;3.17;2.86
MHS02952;4;3.18;2.94
MHS02953;1;2.25;2.25
MHS02953;2;2.87;2.56
MHS02954;1;3.14;3.14
MHS02954;2;3.29;3.21
MHS02954;3;3.17;3.2
MHS02954;4;3.18;3.19
MHS02954;5;3.23;3.2
MHS02954;6;3.64;3.27
MHS02954;7;3.48;3.3
MHS02954;8;3.58;3.34
MHS02955;1;2.5;2.5
MHS02955;2;2.55;2.53
MHS02955;3;2.71;2.59
MHS02955;4;3.13;2.72
MHS02955;5;2.83;2.74
MHS02955;6;2.97;2.78
MHS02955;7;2.86;2.79
MHS02955;8;3.29;2.85
MHS02956;1;3.08;3.08
MHS02956;2;2.59;2.84
MHS02956;3;3.24;2.97
MHS02956;4;3.21;3.03
MHS02957;1;3.15;3.15
MHS02957;2;3.63;3.39
MHS02957;3;3.34;3.37
MHS02957;4;3.23;3.34
MHS02957;5;3.05;3.28
MHS02957;6;3.5;3.31
MHS02957;7;3.28;3.31
MHS02957;8;3.57;3.34
MHS02957;9;3.76;3.39
MHS02958;1;3.96;3.96
MHS02958;2;3.69;3.82
MHS02959;1;3.88;3.88
MHS02959;2;3.7;3.79
MHS02960;1;3.61;3.61
MHS02960;2;3.79;3.7
MHS02961;1;3.96;3.96
MHS02961;2;3.11;3.53
MHS02961;3;3.68;3.58
MHS02961;4;4.0;3.69
MHS02962;1;3.15;3.15
MHS02962;2;3.52;3.33
MHS02962;3;3.25;3.31
MHS02962;4;3.59;3.38
MHS02963;1;2.61;2.61
MHS02963;2;3.24;2.93
MHS02963;3;3.21;3.02
MHS02963;4;3.5;3.14
MHS02963;5;3.24;3.16
MHS02963;6;3.61;3.23
MHS02963;7;2.93;3.19
MHS02963;8;3.28;3.2
MHS02964;1;3.18;3.18
MHS02964;2;3.27;3.23
MHS02964;3;3.2;3.22
MHS02964;4;3.63;3.32
MHS02964;5;3.49;3.35
MHS02964;6;3.11;3.31
MHS02964;7;3.24;3.3
MHS02964;8;3.07;3.27
MHS02965;1;4.0;4.0
MHS02965;2;3.65;3.82
MHS02965;3;4.0;3.88
MHS02965;4;4.0;3.91
MHS02965;5;3.92;3.91
MHS02965;6;4.0;3.93
MHS02966;1;2.65;2.65
MHS02966;2;3.69;3.17
MHS02966;3;3.29;3.21
MHS02966;4;3.08;3.18
MHS02966;5;3.21;3.18
MHS02966;6;3.68;3.27
MHS02966;7;3.16;3.25
MHS02966;8;3.34;3.26
MHS02967;1;3.01;3.01
MHS02967;2;2.59;2.8
MHS02967;3;3.07;2.89
MHS02967;4;3.18;2.96
MHS02967;5;3.38;3.04
MHS02967;6;2.86;3.01
MHS02967;7;3.33;3.06
MHS02967;8;3.7;3.14
MHS02967;9;3.22;3.15
MHS02968;1;2.84;2.84
MHS02968;2;3.22;3.03
MHS02968;3;3.07;3.04
MHS02968;4;3.38;3.13
MHS02969;1;2.89;2.89
MHS02969;2;3.27;3.08
MHS02970;1;3.45;3.45
MHS02970;2;3.73;3.59
MHS02970;3;3.74;3.64
MHS02970;4;3.84;3.69
MHS02970;5;3.73;3.7
MHS02970;6;3.85;3.72
MHS02971;1;4.0;4.0
MHS02971;2;4.0;4.0
MHS02971;3;4.0;4.0
MHS02971;4;4.0;4.0
MHS02972;1;3.39;3.39
MHS02972;2;3.37;3.38
MHS02973;1;1.83;1.83
MHS02973;2;2.72;2.27
MHS02974;1;2.16;2.16
MHS02974;2;2.89;2.53
MHS02974;3;2.22;2.43
MHS02974;4;2.74;2.5
MHS02974;5;3.06;2.61
MHS02974;6;1.97;2.51
MHS02974;7;2.57;2.52
MHS02974;8;2.75;2.54
MHS02974;9;2.47;2.54
MHS02975;1;1.2;1.2
MHS02975;2;1.85;1.53
MHS02975;3;2.15;1.74
MHS02976;1;2.91;2.91
MHS02976;2;3.11;3.01
MHS02977;1;3.67;3.67
MHS02977;2;3.85;3.76
MHS02977;3;3.81;3.78
MHS02977;4;3.88;3.8
MHS02977;5;4.0;3.84
MHS02977;6;4.0;3.87
MHS02977;7;4.0;3.89
MHS02977;8;4.0;3.9
MHS02978;1;2.92;2.92
MHS02978;2;3.35;3.14
MHS02978;3;3.68;3.32
MHS02978;4;3.12;3.27
MHS02978;5;3.57;3.33
MHS02978;6;3.85;3.41
MHS02978;7;3.56;3.44
MHS02978;8;3.91;3.49
MHS02978;9;3.11;3.45
MHS02979;1;2.97;2.97
MHS02979;2;2.69;2.83
MHS02979;3;3.3;2.99
MHS02979;4;3.53;3.12
MHS02980;1;3.49;3.49
MHS02980;2;3.09;3.29
MHS02981;1;4.0;4.0
MHS02981;2;4.0;4.0
MHS02982;1;2.46;2.46
MHS02982;2;3.32;2.89
MHS02983;1;4.0;4.0
MHS02983;2;4.0;4.0
MHS02983;3;4.0;4.0
MHS02983;4;4.0;4.0
MHS02983;5;3.93;3.99
MHS02983;6;4.0;3.99
MHS02983;7;4.0;3.99
MHS02983;8;4.0;3.99
MHS02984;1;2.58;2.58
MHS02984;2;2.69;2.64
MHS02984;3;2.96;2.74
MHS02984;4;3.44;2.92
MHS02984;5;2.56;2.85
MHS02984;6;3.53;2.96
MHS02984;7;2.81;2.94
MHS02984;8;3.33;2.99
MHS02984;9;2.94;2.98
MHS02984;10;3.59;3.04
MHS02985;1;4.0;4.0
MHS02985;2;4.0;4.0
MHS02986;1;3.46;3.46
MHS02986;2;3.55;3.51
MHS02986;3;3.92;3.65
MHS02986;4;3.61;3.64
MHS02987;1;3.42;3.42
MHS02987;2;4.0;3.71
MHS02987;3;3.97;3.8
MHS02987;4;4.0;3.85
MHS02987;5;3.99;3.88
MHS02987;6;4.0;3.9
MHS02987;7;3.85;3.89
MHS02987;8;4.0;3.9
MHS02988;1;3.41;3.41
MHS02988;2;4.0;3.71
MHS02988;3;4.0;3.8
MHS02988;4;3.9;3.83
MHS02988;5;4.0;3.86
MHS02988;6;3.91;3.87
MHS02988;7;4.0;3.89
MHS02988;8;4.0;3.9
MHS02989;1;2.92;2.92
MHS02989;2;3.84;3.38
MHS02990;1;3.5;3.5
MHS02990;2;3.44;3.47
MHS02990;3;3.18;3.37
MHS02990;4;3.68;3.45
MHS02990;5;3.77;3.52
MHS02990;6;3.92;3.58
MHS02991;1;2.62;2.62
MHS02991;2;2.84;2.73
MHS02991;3;2.73;2.73
MHS02991;4;3.1;2.82
MHS02991;5;2.6;2.78
MHS02991;6;2.94;2.8
MHS02991;7;2.84;2.81
MHS02991;8;2.97;2.83
MHS02992;1;3.48;3.48
MHS02992;2;3.87;3.68
MHS02992;3;3.88;3.75
MHS02992;4;4.0;3.81
MHS02992;5;3.62;3.77
MHS02992;6;3.91;3.79
MHS02993;1;3.29;3.29
MHS02993;2;3.7;3.49
MHS02994;1;2.16;2.16
MHS02994;2;2.64;2.4
MHS02994;3;3.19;2.66
MHS02994;4;2.75;2.68
MHS02994;5;2.68;2.68
MHS02994;6;3.47;2.81
MHS02995;1;2.94;2.94
MHS02995;2;3.07;3.01
MHS02995;3;2.97;2.99
MHS02995;4;3.41;3.1
MHS02996;1;2.63;2.63
MHS02996;2;3.3;2.97
MHS02996;3;3.38;3.1
MHS02996;4;3.29;3.15
MHS02996;5;3.56;3.23
MHS02996;6;3.21;3.23
MHS02997;1;2.21;2.21
MHS02997;2;2.64;2.43
MHS02997;3;2.58;2.48
MHS02998;1;2.8;2.8
MHS02998;2;3.14;2.97
MHS02998;3;4.0;3.31
MHS02998;4;3.89;3.46
MHS02999;1;3.1;3.1
MHS02999;2;3.61;3.36
MHS03000;1;1.72;1.72
MHS03000;2;2.21;1.96
MHS03000;3;1.97;1.97
MHS03000;4;2.4;2.08
MHS03000;5;2.62;2.18
MHS03000;6;2.81;2.29
MHS03000;7;2.22;2.28
MHS03000;8;2.47;2.3
MHS03000;9;3.22;2.4
MHS03001;1;3.71;3.71
MHS03001;2;3.54;3.62
MHS03001;3;3.76;3.67
MHS03001;4;3.38;3.6
MHS03001;5;3.54;3.59
MHS03001;6;3.57;3.58
MHS03001;7;3.88;3.62
MHS03001;8;3.73;3.64
MHS03002;1;2.75;2.75
MHS03002;2;2.7;2.73
MHS03002;3;2.99;2.81
MHS03002;4;3.02;2.87
MHS03003;1;2.38;2.38
MHS03003;2;3.3;2.84
MHS03003;3;3.66;3.11
MHS03003;4;3.63;3.24
MHS03004;1;2.6;2.6
MHS03004;2;3.29;2.95
MHS03005;1;3.42;3.42
MHS03005;2;3.79;3.61
MHS03006;1;2.8;2.8
MHS03006;2;3.19;3.0
MHS03006;3;3.64;3.21
MHS03006;4;3.4;3.26
MHS03007;1;3.7;3.7
MHS03007;2;3.46;3.58
MHS03007;3;4.0;3.72
MHS03007;4;3.89;3.76
MHS03007;5;3.68;3.74
MHS03007;6;4.0;3.79
MHS03008;1;2.52;2.52
MHS03008;2;2.84;2.68
MHS03008;3;3.48;2.94
MHS03008;4;2.97;2.95
MHS03008;5;2.89;2.94
MHS03008;6;3.08;2.96
MHS03009;1;2.76;2.76
MHS03009;2;3.18;2.97
MHS03009;3;3.5;3.15
MHS03009;4;3.82;3.32
MHS03009;5;4.0;3.45
MHS03009;6;3.9;3.53
MHS03010;1;2.54;2.54
MHS03010;2;3.25;2.89
MHS03010;3;3.36;3.05
MHS03010;4;3.1;3.06
MHS03010;5;3.21;3.09
MHS03010;6;3.1;3.09
MHS03011;1;2.91;2.91
MHS03011;2;2.74;2.82
MHS03011;3;2.52;2.72
MHS03011;4;2.97;2.78
MHS03011;5;2.82;2.79
MHS03011;6;2.64;2.77
MHS03012;1;3.45;3.45
MHS03012;2;4.0;3.73
MHS03012;3;4.0;3.82
MHS03012;4;4.0;3.86
MHS03012;5;4.0;3.89
MHS03012;6;4.0;3.91
MHS03012;7;3.71;3.88
MHS03012;8;3.92;3.88
MHS03013;1;3.28;3.28
MHS03013;2;3.14;3.21
MHS03013;3;3.68;3.37
MHS03013;4;3.67;3.44
MHS03014;1;3.53;3.53
MHS03014;2;3.04;3.28
MHS03014;3;3.14;3.24
MHS03014;4;3.13;3.21
MHS03014;5;3.11;3.19
MHS03014;6;3.03;3.16
MHS03014;7;3.05;3.15
MHS03014;8;3.69;3.21
MHS03015;1;3.55;3.55
MHS03015;2;3.63;3.59
MHS03015;3;3.66;3.61
MHS03015;4;3.55;3.6
MHS03015;5;3.64;3.6
MHS03015;6;3.91;3.66
MHS03015;7;3.86;3.68
MHS03015;8;3.42;3.65
MHS03015;9;3.88;3.68
MHS03016;1;3.49;3.49
MHS03016;2;3.69;3.59
MHS03016;3;4.0;3.73
MHS03016;4;3.87;3.76
MHS03016;5;3.77;3.76
MHS03016;6;3.65;3.74
MHS03016;7;3.43;3.7
MHS03016;8;4.0;3.74
MHS03017;1;3.15;3.15
MHS03017;2;3.18;3.16
MHS03018;1;3.44;3.44
MHS03018;2;3.42;3.43
MHS03019;1;3.69;3.69
MHS03019;2;4.0;3.85
MHS03020;1;3.72;3.72
MHS03020;2;4.0;3.86
MHS03020;3;4.0;3.91
MHS03020;4;3.53;3.81
MHS03020;5;4.0;3.85
MHS03020;6;4.0;3.88
MHS03021;1;3.28;3.28
MHS03021;2;3.19;3.24
MHS03021;3;3.52;3.33
MHS03021;4;3.95;3.48
MHS03021;5;3.75;3.54
MHS03021;6;3.99;3.61
MHS03021;7;3.23;3.56
MHS03021;8;3.47;3.55
MHS03021;9;3.67;3.56
MHS03022;1;3.77;3.77
MHS03022;2;3.58;3.68
MHS03022;3;4.0;3.78
MHS03022;4;3.48;3.71
MHS03022;5;3.78;3.72
MHS03022;6;4.0;3.77
MHS03022;7;3.38;3.71
MHS03022;8;4.0;3.75
MHS03023;1;1.6;1.6
MHS03023;2;2.37;1.98
MHS03023;3;2.46;2.14
MHS03024;1;2.73;2.73
MHS03024;2;2.6;2.67
MHS03024;3;2.82;2.72
MHS03024;4;2.9;2.76
MHS03025;1;2.76;2.76
MHS03025;2;2.77;2.76
MHS03025;3;3.23;2.92
MHS03025;4;3.2;2.99
MHS03025;5;3.72;3.13
MHS03025;6;3.28;3.16
MHS03025;7;3.39;3.19
MHS03025;8;3.04;3.17
MHS03026;1;4.0;4.0
MHS03026;2;4.0;4.0
MHS03026;3;4.0;4.0
MHS03026;4;4.0;4.0
MHS03026;5;4.0;4.0
MHS03026;6;4.0;4.0
MHS03026;7;4.0;4.0
MHS03026;8;4.0;4.0
MHS03027;1;3.51;3.51
MHS03027;2;3.85;3.68
MHS03027;3;4.0;3.79
MHS03027;4;3.83;3.8
MHS03027;5;3.85;3.81
MHS03027;6;4.0;3.84
MHS03027;7;4.0;3.86
MHS03027;8;3.75;3.85
MHS03028;1;3.04;3.04
MHS03028;2;3.56;3.3
MHS03028;3;3.96;3.52
MHS03028;4;3.98;3.63
MHS03029;1;3.37;3.37
MHS03029;2;3.7;3.54
MHS03029;3;3.47;3.52
MHS03029;4;3.31;3.46
MHS03029;5;3.35;3.44
MHS03029;6;3.3;3.42
MHS03030;1;2.47;2.47
MHS03030;2;3.01;2.74
MHS03030;3;2.77;2.75
MHS03030;4;3.24;2.87
MHS03030;5;2.55;2.81
MHS03030;6;3.19;2.87
MHS03030;7;2.77;2.86
MHS03030;8;3.28;2.91
MHS03031;1;2.58;2.58
MHS03031;2;2.72;2.65
MHS03032;1;3.17;3.17
MHS03032;2;3.69;3.43
MHS03032;3;3.79;3.55
MHS03032;4;3.91;3.64
MHS03032;5;3.99;3.71
MHS03032;6;3.8;3.72
MHS03033;1;3.55;3.55
MHS03033;2;4.0;3.77
MHS03033;3;4.0;3.85
MHS03033;4;4.0;3.89
MHS03033;5;4.0;3.91
MHS03033;6;4.0;3.92
MHS03033;7;4.0;3.94
MHS03033;8;4.0;3.94
MHS03034;1;3.44;3.44
MHS03034;2;3.02;3.23
MHS03035;1;2.52;2.52
MHS03035;2;2.95;2.74
MHS03036;1;2.94;2.94
MHS03036;2;3.2;3.07
MHS03037;1;2.36;2.36
MHS03037;2;2.83;2.59
MHS03037;3;3.16;2.78
MHS03037;4;2.71;2.76
MHS03037;5;2.79;2.77
MHS03037;6;3.0;2.81
MHS03038;1;3.1;3.1
MHS03038;2;3.55;3.33
MHS03038;3;3.23;3.3
MHS03038;4;3.54;3.36
MHS03039;1;3.62;3.62
MHS03039;2;3.92;3.77
MHS03040;1;2.26;2.26
MHS03040;2;2.97;2.61
MHS03040;3;3.17;2.8
MHS03040;4;3.2;2.9
MHS03041;1;3.07;3.07
MHS03041;2;2.75;2.91
MHS03041;3;2.84;2.89
MHS03041;4;2.62;2.82
MHS03041;5;3.16;2.89
MHS03041;6;2.8;2.87
MHS03041;7;3.45;2.96
MHS03041;8;3.38;3.01
MHS03041;9;3.55;3.07
MHS03042;1;3.87;3.87
MHS03042;2;4.0;3.93
MHS03042;3;4.0;3.96
MHS03042;4;4.0;3.97
MHS03042;5;4.0;3.97
MHS03042;6;4.0;3.98
MHS03042;7;4.0;3.98
MHS03042;8;4.0;3.98
MHS03043;1;3.1;3.1
MHS03043;2;3.18;3.14
MHS03043;3;4.0;3.43
MHS03043;4;3.73;3.5
MHS03043;5;3.33;3.47
MHS03043;6;3.39;3.45
MHS03044;1;2.28;2.28
MHS03044;2;2.87;2.58
MHS03045;1;2.83;2.83
MHS03045;2;3.58;3.21
MHS03045;3;3.44;3.29
MHS03045;4;2.61;3.12
MHS03045;5;3.32;3.16
MHS03045;6;3.19;3.16
MHS03045;7;3.46;3.21
MHS03045;8;2.68;3.14
MHS03046;1;2.2;2.2
MHS03046;2;2.14;2.17
MHS03046;3;2.46;2.26
MHS03046;4;2.56;2.34
MHS03046;5;2.4;2.35
MHS03046;6;2.57;2.39
MHS03046;7;2.15;2.35
MHS03046;8;2.22;2.34
MHS03047;1;2.47;2.47
MHS03047;2;2.68;2.57
MHS03047;3;2.38;2.51
MHS03047;4;2.69;2.56
MHS03048;1;3.18;3.18
MHS03048;2;3.03;3.11
MHS03049;1;2.92;2.92
MHS03049;2;3.2;3.06
MHS03050;1;3.32;3.32
MHS03050;2;3.91;3.61
MHS03051;1;2.21;2.21
MHS03051;2;3.24;2.72
MHS03051;3;4.0;3.15
MHS03051;4;3.47;3.23
MHS03051;5;3.73;3.33
MHS03051;6;4.0;3.44
MHS03051;7;3.77;3.49
MHS03051;8;4.0;3.55
MHS03052;1;3.26;3.26
MHS03052;2;2.87;3.07
MHS03052;3;3.19;3.11
MHS03052;4;3.01;3.08
MHS03052;5;3.28;3.12
MHS03052;6;3.61;3.2
MHS03052;7;3.73;3.28
MHS03052;8;3.41;3.3
MHS03053;1;2.61;2.61
MHS03053;2;2.76;2.69
MHS03053;3;2.95;2.78
MHS03053;4;3.41;2.93
MHS03053;5;3.0;2.95
MHS03053;6;2.66;2.9
MHS03053;7;3.23;2.95
MHS03053;8;3.05;2.96
MHS03053;9;3.36;3.0
MHS03054;1;1.92;1.92
MHS03054;2;2.65;2.28
MHS03054;3;2.81;2.46
MHS03054;4;2.77;2.54
MHS03054;5;2.41;2.51
MHS03054;6;3.04;2.6
MHS03054;7;2.95;2.65
MHS03054;8;3.19;2.72
MHS03054;9;2.97;2.75
MHS03054;10;2.82;2.75
MHS03055;1;3.22;3.22
MHS03055;2;3.79;3.5
MHS03056;1;3.01;3.01
MHS03056;2;3.55;3.28
MHS03056;3;3.39;3.32
MHS03056;4;3.67;3.41
MHS03056;5;3.63;3.45
MHS03056;6;3.61;3.48
MHS03056;7;3.92;3.54
MHS03056;8;3.58;3.55
MHS03057;1;3.69;3.69
MHS03057;2;3.55;3.62
MHS03057;3;3.92;3.72
MHS03057;4;3.63;3.7
MHS03058;1;2.74;2.74
MHS03058;2;2.88;2.81
MHS03058;3;3.65;3.09
MHS03058;4;4.0;3.32
MHS03059;1;2.73;2.73
MHS03059;2;2.84;2.79
MHS03060;1;3.85;3.85
MHS03060;2;4.0;3.92
MHS03060;3;4.0;3.95
MHS03060;4;4.0;3.96
MHS03060;5;3.91;3.95
MHS03060;6;3.84;3.93
MHS03060;7;4.0;3.94
MHS03060;8;4.0;3.95
MHS03061;1;2.72;2.72
MHS03061;2;3.58;3.15
MHS03062;1;2.24;2.24
MHS03062;2;2.96;2.6
MHS03062;3;3.53;2.91
MHS03062;4;3.42;3.04
MHS03062;5;3.7;3.17
MHS03062;6;4.0;3.31
MHS03062;7;3.7;3.36
MHS03062;8;4.0;3.44
MHS03063;1;3.33;3.33
MHS03063;2;3.79;3.56
MHS03063;3;4.0;3.71
MHS03063;4;4.0;3.78
MHS03064;1;2.38;2.38
MHS03064;2;2.71;2.55
MHS03065;1;1.82;1.82
MHS03065;2;2.32;2.07
MHS03066;1;2.77;2.77
MHS03066;2;2.32;2.55
MHS03067;1;2.49;2.49
MHS03067;2;3.19;2.84
MHS03067;3;3.1;2.92
MHS03067;4;3.29;3.02
MHS03067;5;3.07;3.03
MHS03067;6;3.38;3.09
MHS03068;1;2.8;2.8
MHS03068;2;3.06;2.93
MHS03068;3;3.88;3.25
MHS03068;4;3.48;3.3
MHS03069;1;2.93;2.93
MHS03069;2;3.2;3.07
MHS03070;1;3.36;3.36
MHS03070;2;3.22;3.29
MHS03070;3;3.34;3.31
MHS03070;4;3.53;3.36
MHS03071;1;2.6;2.6
MHS03071;2;2.7;2.65
MHS03071;3;2.87;2.72
MHS03071;4;2.6;2.69
MHS03071;5;2.72;2.7
MHS03071;6;2.71;2.7
MHS03071;7;2.9;2.73
MHS03071;8;2.56;2.71
MHS03071;9;3.1;2.75
MHS03071;10;2.29;2.7
MHS03071;11;2.4;2.68
MHS03071;12;2.96;2.7
MHS03072;1;1.66;1.66
MHS03072;2;2.62;2.14
MHS03073;1;2.82;2.82
MHS03073;2;3.43;3.13
MHS03073;3;3.57;3.27
MHS03073;4;3.01;3.21
MHS03074;1;3.35;3.35
MHS03074;2;3.16;3.26
MHS03074;3;3.35;3.29
MHS03074;4;3.26;3.28
MHS03074;5;3.99;3.42
MHS03074;6;3.22;3.39
MHS03074;7;3.43;3.39
MHS03074;8;3.81;3.45
MHS03075;1;2.45;2.45
MHS03075;2;2.67;2.56
MHS03075;3;2.96;2.69
MHS03075;4;3.49;2.89
MHS03076;1;3.36;3.36
MHS03076;2;3.19;3.28
MHS03076;3;3.48;3.34
MHS03076;4;3.65;3.42
MHS03076;5;3.44;3.42
MHS03076;6;3.94;3.51
MHS03076;7;3.9;3.57
MHS03076;8;3.39;3.54
MHS03077;1;2.37;2.37
MHS03077;2;2.8;2.59
MHS03077;3;3.37;2.85
MHS03077;4;3.28;2.96
MHS03077;5;2.8;2.92
MHS03077;6;2.93;2.92
MHS03077;7;2.38;2.85
MHS03077;8;2.41;2.79
MHS03077;9;3.37;2.86
MHS03077;10;2.91;2.86
MHS03078;1;3.04;3.04
MHS03078;2;2.67;2.86
MHS03078;3;3.78;3.16
MHS03078;4;3.2;3.17
MHS03079;1;2.46;2.46
MHS03079;2;2.36;2.41
MHS03079;3;2.79;2.54
MHS03079;4;3.23;2.71
MHS03080;1;3.57;3.57
MHS03080;2;3.76;3.67
MHS03080;3;3.62;3.65
MHS03080;4;3.89;3.71
MHS03081;1;2.22;2.22
MHS03081;2;2.85;2.54
MHS03081;3;2.92;2.67
MHS03081;4;2.87;2.72
MHS03082;1;3.01;3.01
MHS03082;2;3.13;3.07
MHS03082;3;2.86;3.0
MHS03082;4;3.32;3.08
MHS03083;1;1.82;1.82
MHS03083;2;2.6;2.21
MHS03083;3;3.1;2.51
MHS03083;4;2.61;2.53
MHS03084;1;3.04;3.04
MHS03084;2;2.77;2.9
MHS03084;3;3.77;3.19
MHS03084;4;3.7;3.32
MHS03084;5;3.37;3.33
MHS03084;6;3.75;3.4
MHS03084;7;2.86;3.32
MHS03084;8;3.22;3.31
MHS03085;1;3.33;3.33
MHS03085;2;3.08;3.2
MHS03085;3;3.46;3.29
MHS03085;4;2.94;3.2
MHS03086;1;2.82;2.82
MHS03086;2;3.12;2.97
MHS03086;3;3.47;3.14
MHS03086;4;3.48;3.22
MHS03087;1;3.11;3.11
MHS03087;2;3.34;3.22
MHS03087;3;3.66;3.37
MHS03087;4;3.93;3.51
MHS03087;5;3.88;3.58
MHS03087;6;4.0;3.65
MHS03088;1;2.62;2.62
MHS03088;2;3.33;2.98
MHS03088;3;3.79;3.25
MHS03088;4;4.0;3.44
MHS03088;5;4.0;3.55
MHS03088;6;4.0;3.62
MHS03088;7;3.94;3.67
MHS03088;8;4.0;3.71
MHS03089;1;2.0;2.0
MHS03089;2;2.32;2.16
MHS03089;3;2.38;2.23
MHS03089;4;2.58;2.32
MHS03089;5;2.74;2.4
MHS03089;6;2.74;2.46
MHS03090;1;2.26;2.26
MHS03090;2;2.95;2.61
MHS03090;3;3.17;2.8
MHS03090;4;2.9;2.82
MHS03090;5;3.25;2.91
MHS03090;6;3.04;2.93
MHS03091;1;3.18;3.18
MHS03091;2;3.4;3.29
MHS03092;1;3.27;3.27
MHS03092;2;3.24;3.26
MHS03092;3;3.75;3.42
MHS03092;4;2.69;3.24
MHS03092;5;2.85;3.16
MHS03092;6;3.08;3.15
MHS03093;1;2.91;2.91
MHS03093;2;3.04;2.98
MHS03093;3;3.49;3.15
MHS03093;4;3.42;3.21
MHS03094;1;2.9;2.9
MHS03094;2;3.39;3.15
MHS03094;3;2.82;3.04
MHS03094;4;2.7;2.95
MHS03094;5;2.96;2.95
MHS03094;6;2.66;2.91
MHS03094;7;3.19;2.95
MHS03094;8;3.01;2.95
MHS03094;9;3.48;3.01
MHS03095;1;2.91;2.91
MHS03095;2;2.88;2.89
MHS03096;1;3.11;3.11
MHS03096;2;2.69;2.9
MHS03096;3;3.18;3.0
MHS03096;4;3.23;3.05
MHS03096;5;3.5;3.14
MHS03096;6;3.17;3.15
MHS03096;7;3.23;3.16
MHS03096;8;3.08;3.15
MHS03097;1;2.17;2.17
MHS03097;2;2.7;2.43
MHS03098;1;2.66;2.66
MHS03098;2;3.14;2.9
MHS03098;3;3.79;3.2
MHS03098;4;3.07;3.17
MHS03098;5;3.64;3.26
MHS03098;6;3.57;3.31
MHS03098;7;3.19;3.29
MHS03098;8;3.33;3.3
MHS03098;9;3.34;3.3
MHS03099;1;2.75;2.75
MHS03099;2;3.1;2.92
MHS03099;3;3.26;3.04
MHS03099;4;3.16;3.07
MHS03100;1;3.63;3.63
MHS03100;2;2.81;3.22
MHS03100;3;3.45;3.3
MHS03100;4;3.84;3.43
MHS03100;5;4.0;3.55
MHS03100;6;3.89;3.6
MHS03100;7;3.05;3.53
MHS03100;8;3.72;3.55
MHS03101;1;3.9;3.9
MHS03101;2;3.87;3.88
MHS03101;3;3.94;3.9
MHS03101;4;3.79;3.88
MHS03101;5;4.0;3.9
MHS03101;6;4.0;3.92
MHS03102;1;1.68;1.68
MHS03102;2;2.32;2.0
MHS03103;1;2.06;2.06
MHS03103;2;3.31;2.69
MHS03103;3;3.08;2.82
MHS03103;4;2.99;2.86
MHS03104;1;2.54;2.54
MHS03104;2;3.25;2.89
MHS03104;3;3.32;3.04
MHS03104;4;3.37;3.12
MHS03104;5;3.25;3.14
MHS03104;6;3.48;3.2
MHS03105;1;3.01;3.01
MHS03105;2;2.96;2.99
MHS03105;3;3.49;3.15
MHS03105;4;3.01;3.12
MHS03105;5;3.32;3.16
MHS03105;6;3.4;3.2
MHS03105;7;3.51;3.24
MHS03105;8;3.35;3.26
MHS03106;1;2.63;2.63
MHS03106;2;3.69;3.16
MHS03106;3;3.37;3.23
MHS03106;4;3.84;3.38
MHS03106;5;3.47;3.4
MHS03106;6;3.32;3.39
MHS03106;7;3.34;3.38
MHS03106;8;3.86;3.44
MHS03107;1;3.17;3.17
MHS03107;2;3.5;3.34
MHS03107;3;3.41;3.36
MHS03107;4;3.92;3.5
MHS03107;5;4.0;3.6
MHS03107;6;4.0;3.67
MHS03108;1;3.37;3.37
MHS03108;2;3.24;3.31
MHS03108;3;3.43;3.35
MHS03108;4;3.19;3.31
MHS03108;5;3.63;3.37
MHS03108;6;3.83;3.45
MHS03109;1;1.77;1.77
MHS03109;2;2.34;2.05
MHS03109;3;1.79;1.97
MHS03109;4;2.1;2.0
MHS03109;5;1.87;1.97
MHS03109;6;2.1;1.99
MHS03110;1;3.31;3.31
MHS03110;2;3.87;3.59
MHS03110;3;3.96;3.71
MHS03110;4;3.9;3.76
MHS03111;1;3.11;3.11
MHS03111;2;2.63;2.87
MHS03112;1;2.93;2.93
MHS03112;2;3.55;3.24
MHS03112;3;3.63;3.37
MHS03112;4;3.56;3.42
MHS03113;1;2.29;2.29
MHS03113;2;2.58;2.43
MHS03113;3;3.74;2.87
MHS03113;4;3.95;3.14
MHS03114;1;2.7;2.7
MHS03114;2;2.7;2.7
MHS03114;3;2.54;2.65
MHS03114;4;2.85;2.7
MHS03114;5;3.15;2.79
MHS03114;6;3.45;2.9
MHS03114;7;2.98;2.91
MHS03114;8;2.97;2.92
MHS03115;1;3.3;3.3
MHS03115;2;2.8;3.05
MHS03115;3;3.61;3.24
MHS03115;4;3.32;3.26
MHS03115;5;3.42;3.29
MHS03115;6;3.05;3.25
MHS03115;7;2.96;3.21
MHS03115;8;3.27;3.22
MHS03116;1;2.83;2.83
MHS03116;2;3.33;3.08
MHS03116;3;3.81;3.32
MHS03116;4;3.8;3.44
MHS03117;1;2.93;2.93
MHS03117;2;3.51;3.22
MHS03117;3;3.98;3.47
MHS03117;4;4.0;3.6
MHS03117;5;3.18;3.52
MHS03117;6;4.0;3.6
MHS03117;7;3.66;3.61
MHS03117;8;3.5;3.59
MHS03118;1;2.69;2.69
MHS03118;2;2.99;2.84
MHS03118;3;2.99;2.89
MHS03118;4;3.02;2.92
MHS03119;1;2.5;2.5
MHS03119;2;2.57;2.53
MHS03119;3;3.34;2.8
MHS03119;4;2.89;2.82
MHS03119;5;3.12;2.88
MHS03119;6;3.29;2.95
MHS03120;1;2.98;2.98
MHS03120;2;3.07;3.02
MHS03120;3;3.4;3.15
MHS03120;4;4.0;3.36
MHS03121;1;3.01;3.01
MHS03121;2;3.46;3.23
MHS03121;3;3.33;3.27
MHS03121;4;3.61;3.35
MHS03121;5;3.63;3.41
MHS03121;6;3.78;3.47
MHS03122;1;2.99;2.99
MHS03122;2;2.96;2.98
MHS03123;1;2.73;2.73
MHS03123;2;2.26;2.49
MHS03124;1;3.6;3.6
MHS03124;2;3.37;3.48
MHS03124;3;3.17;3.38
MHS03124;4;3.18;3.33
MHS03124;5;3.47;3.36
MHS03124;6;3.65;3.4
MHS03125;1;2.76;2.76
MHS03125;2;3.3;3.03
MHS03126;1;3.28;3.28
MHS03126;2;3.2;3.24
MHS03126;3;3.7;3.39
MHS03126;4;3.66;3.46
MHS03126;5;3.36;3.44
MHS03126;6;3.76;3.49
MHS03127;1;2.5;2.5
MHS03127;2;2.97;2.73
MHS03128;1;2.7;2.7
MHS03128;2;2.94;2.82
MHS03128;3;3.56;3.07
MHS03128;4;3.13;3.08
MHS03129;1;3.22;3.22
MHS03129;2;3.06;3.14
MHS03129;3;3.57;3.28
MHS03129;4;3.94;3.45
MHS03129;5;3.26;3.41
MHS03129;6;3.46;3.42
MHS03129;7;3.33;3.41
MHS03129;8;3.65;3.44
MHS03130;1;2.32;2.32
MHS03130;2;2.24;2.28
MHS03130;3;2.95;2.5
MHS03130;4;2.9;2.6
MHS03131;1;3.87;3.87
MHS03131;2;3.78;3.83
MHS03131;3;3.61;3.75
MHS03131;4;3.78;3.76
MHS03132;1;3.58;3.58
MHS03132;2;3.69;3.63
MHS03132;3;3.6;3.62
MHS03132;4;3.85;3.68
MHS03132;5;3.44;3.63
MHS03132;6;3.68;3.64
MHS03133;1;3.69;3.69
MHS03133;2;3.64;3.66
MHS03133;3;4.0;3.77
MHS03133;4;4.0;3.83
MHS03134;1;3.59;3.59
MHS03134;2;3.63;3.61
MHS03135;1;2.71;2.71
MHS03135;2;3.31;3.01
MHS03135;3;3.16;3.06
MHS03135;4;3.47;3.17
MHS03135;5;3.11;3.15
MHS03135;6;3.71;3.25
MHS03135;7;3.39;3.27
MHS03135;8;2.83;3.21
MHS03136;1;2.69;2.69
MHS03136;2;2.65;2.67
MHS03136;3;2.92;2.75
MHS03136;4;3.22;2.87
MHS03137;1;4.0;4.0
MHS03137;2;3.82;3.91
MHS03137;3;3.88;3.9
MHS03137;4;4.0;3.93
MHS03137;5;4.0;3.94
MHS03137;6;4.0;3.95
MHS03137;7;4.0;3.96
MHS03137;8;4.0;3.96
MHS03138;1;3.17;3.17
MHS03138;2;3.04;3.1
MHS03138;3;3.5;3.23
MHS03138;4;3.46;3.29
MHS03138;5;3.38;3.31
MHS03138;6;3.11;3.27
MHS03138;7;3.44;3.3
MHS03138;8;3.77;3.36
MHS03139;1;2.61;2.61
MHS03139;2;3.04;2.82
MHS03140;1;2.12;2.12
MHS03140;2;2.4;2.26
MHS03140;3;3.01;2.51
MHS03140;4;2.77;2.57
MHS03140;5;2.9;2.64
MHS03140;6;3.1;2.72
MHS03140;7;3.23;2.79
MHS03140;8;3.42;2.87
MHS03140;9;3.23;2.91
MHS03141;1;3.32;3.32
MHS03141;2;3.77;3.54
MHS03141;3;3.83;3.64
MHS03141;4;3.68;3.65
MHS03141;5;4.0;3.72
MHS03141;6;4.0;3.77
MHS03141;7;3.81;3.77
MHS03141;8;3.54;3.74
MHS03142;1;2.72;2.72
MHS03142;2;2.35;2.54
MHS03142;3;2.73;2.6
MHS03142;4;2.96;2.69
MHS03142;5;2.75;2.7
MHS03142;6;2.5;2.67
MHS03142;7;2.42;2.63
MHS03142;8;2.84;2.66
MHS03143;1;3.35;3.35
MHS03143;2;3.0;3.18
MHS03143;3;3.31;3.22
MHS03143;4;3.21;3.22
MHS03143;5;3.37;3.25
MHS03143;6;3.34;3.26
MHS03143;7;3.26;3.26
MHS03143;8;3.93;3.35
MHS03144;1;2.35;2.35
MHS03144;2;2.18;2.26
MHS03144;3;2.67;2.4
MHS03144;4;2.33;2.38
MHS03144;5;2.15;2.33
MHS03144;6;2.84;2.42
MHS03144;7;2.67;2.45
MHS03145;1;2.68;2.68
MHS03145;2;2.9;2.79
MHS03145;3;2.79;2.79
MHS03145;4;2.65;2.76
MHS03145;5;2.54;2.71
MHS03145;6;2.88;2.74
MHS03146;1;2.94;2.94
MHS03146;2;3.21;3.07
MHS03146;3;3.05;3.07
MHS03146;4;3.37;3.14
MHS03146;5;3.43;3.2
MHS03146;6;3.44;3.24
MHS03146;7;3.59;3.29
MHS03146;8;3.48;3.31
MHS03146;9;3.12;3.29
MHS03146;10;4.0;3.36
MHS03147;1;3.25;3.25
MHS03147;2;3.31;3.28
MHS03148;1;3.54;3.54
MHS03148;2;3.62;3.58
MHS03148;3;4.0;3.72
MHS03148;4;4.0;3.79
MHS03148;5;3.9;3.81
MHS03148;6;4.0;3.84
MHS03148;7;4.0;3.87
MHS03148;8;3.56;3.83
MHS03149;1;2.4;2.4
MHS03149;2;2.64;2.52
MHS03149;3;2.87;2.63
MHS03149;4;3.3;2.8
MHS03149;5;3.44;2.93
MHS03149;6;3.2;2.97
MHS03150;1;2.47;2.47
MHS03150;2;2.84;2.65
MHS03150;3;3.25;2.85
MHS03150;4;3.79;3.09
MHS03150;5;3.13;3.1
MHS03150;6;3.59;3.18
MHS03150;7;3.16;3.17
MHS03150;8;3.55;3.22
MHS03150;9;2.89;3.18
MHS03151;1;2.56;2.56
MHS03151;2;2.86;2.71
MHS03151;3;4.0;3.14
MHS03151;4;3.44;3.22
MHS03152;1;2.45;2.45
MHS03152;2;2.94;2.7
MHS03152;3;3.17;2.86
MHS03152;4;3.24;2.95
MHS03152;5;3.29;3.02
MHS03152;6;3.46;3.09
MHS03153;1;3.0;3.0
MHS03153;2;2.85;2.92
MHS03153;3;2.98;2.94
MHS03153;4;3.69;3.13
MHS03153;5;2.96;3.09
MHS03153;6;3.63;3.18
MHS03154;1;1.94;1.94
MHS03154;2;1.8;1.87
MHS03154;3;2.26;2.0
MHS03154;4;1.78;1.94
MHS03155;1;3.62;3.62
MHS03155;2;3.55;3.59
MHS03155;3;3.66;3.61
MHS03155;4;3.65;3.62
MHS03155;5;4.0;3.7
MHS03155;6;4.0;3.75
MHS03155;7;3.28;3.68
MHS03155;8;3.56;3.67
MHS03156;1;2.86;2.86
MHS03156;2;2.75;2.81
MHS03156;3;2.74;2.78
MHS03156;4;3.06;2.85
MHS03157;1;2.1;2.1
MHS03157;2;2.47;2.28
MHS03158;1;2.49;2.49
MHS03158;2;3.26;2.88
MHS03158;3;2.78;2.84
MHS03158;4;2.73;2.82
MHS03158;5;3.1;2.87
MHS03158;6;2.85;2.87
MHS03158;7;3.09;2.9
MHS03158;8;3.29;2.95
MHS03159;1;2.85;2.85
MHS03159;2;3.72;3.29
MHS03159;3;3.9;3.49
MHS03159;4;4.0;3.62
MHS03159;5;4.0;3.7
MHS03159;6;3.94;3.74
MHS03159;7;3.99;3.77
MHS03159;8;3.5;3.74
MHS03160;1;3.54;3.54
MHS03160;2;3.88;3.71
MHS03161;1;3.72;3.72
MHS03161;2;3.52;3.62
MHS03161;3;3.84;3.69
MHS03161;4;3.67;3.69
MHS03162;1;3.12;3.12
MHS03162;2;3.35;3.24
MHS03163;1;2.56;2.56
MHS03163;2;3.05;2.81
MHS03163;3;2.96;2.86
MHS03163;4;2.86;2.86
MHS03163;5;3.48;2.98
MHS03163;6;3.37;3.05
MHS03163;7;3.85;3.16
MHS03163;8;3.17;3.16
MHS03164;1;3.85;3.85
MHS03164;2;4.0;3.92
MHS03164;3;4.0;3.95
MHS03164;4;4.0;3.96
MHS03164;5;4.0;3.97
MHS03164;6;4.0;3.97
MHS03164;7;4.0;3.98
MHS03164;8;4.0;3.98
MHS03165;1;2.57;2.57
MHS03165;2;2.31;2.44
MHS03165;3;3.0;2.63
MHS03165;4;2.77;2.66
MHS03165;5;2.46;2.62
MHS03165;6;3.0;2.69
MHS03166;1;3.55;3.55
MHS03166;2;3.83;3.69
MHS03166;3;3.87;3.75
MHS03166;4;3.91;3.79
MHS03167;1;2.82;2.82
MHS03167;2;2.97;2.89
MHS03167;3;2.91;2.9
MHS03167;4;2.92;2.9
MHS03167;5;3.05;2.93
MHS03167;6;3.14;2.97
MHS03167;7;3.3;3.02
MHS03167;8;3.13;3.03
MHS03168;1;3.28;3.28
MHS03168;2;3.4;3.34
MHS03168;3;3.33;3.34
MHS03168;4;3.66;3.42
MHS03169;1;3.01;3.01
MHS03169;2;3.08;3.05
MHS03169;3;2.82;2.97
MHS03169;4;2.86;2.94
MHS03170;1;3.24;3.24
MHS03170;2;3.8;3.52
MHS03170;3;3.62;3.55
MHS03170;4;3.75;3.6
MHS03171;1;3.3;3.3
MHS03171;2;4.0;3.65
MHS03172;1;2.88;2.88
MHS03172;2;2.89;2.88
MHS03173;1;2.61;2.61
MHS03173;2;3.51;3.06
MHS03173;3;3.15;3.09
MHS03173;4;3.11;3.1
MHS03173;5;3.11;3.1
MHS03173;6;3.17;3.11
MHS03173;7;3.54;3.17
MHS03173;8;3.46;3.21
MHS03173;9;3.34;3.22
MHS03174;1;2.66;2.66
MHS03174;2;3.01;2.84
MHS03175;1;2.85;2.85
MHS03175;2;3.07;2.96
MHS03175;3;3.39;3.1
MHS03175;4;3.16;3.12
MHS03176;1;1.27;1.27
MHS03176;2;1.96;1.61
MHS03177;1;3.3;3.3
MHS03177;2;3.85;3.58
MHS03177;3;3.72;3.62
MHS03177;4;3.85;3.68
MHS03178;1;2.31;2.31
MHS03178;2;2.44;2.38
MHS03179;1;3.31;3.31
MHS03179;2;3.6;3.45
MHS03179;3;4.0;3.64
MHS03179;4;3.93;3.71
MHS03179;5;3.83;3.73
MHS03179;6;4.0;3.78
MHS03179;7;3.92;3.8
MHS03179;8;4.0;3.82
MHS03180;1;2.96;2.96
MHS03180;2;3.3;3.13
MHS03180;3;3.61;3.29
MHS03180;4;3.16;3.26
MHS03180;5;3.87;3.38
MHS03180;6;3.33;3.37
MHS03181;1;1.64;1.64
MHS03181;2;2.13;1.89
MHS03182;1;2.68;2.68
MHS03182;2;3.32;3.0
MHS03182;3;3.43;3.15
MHS03182;4;3.31;3.19
MHS03182;5;3.37;3.22
MHS03182;6;3.25;3.23
MHS03183;1;2.16;2.16
MHS03183;2;2.66;2.41
MHS03184;1;3.56;3.56
MHS03184;2;3.2;3.38
MHS03184;3;3.35;3.37
MHS03184;4;3.65;3.44
MHS03185;1;2.94;2.94
MHS03185;2;3.21;3.07
MHS03185;3;3.87;3.34
MHS03185;4;3.72;3.43
MHS03186;1;3.8;3.8
MHS03186;2;4.0;3.9
MHS03186;3;4.0;3.93
MHS03186;4;4.0;3.95
MHS03186;5;4.0;3.96
MHS03186;6;3.99;3.96
MHS03186;7;4.0;3.97
MHS03186;8;4.0;3.97
MHS03187;1;3.94;3.94
MHS03187;2;4.0;3.97
MHS03187;3;4.0;3.98
MHS03187;4;4.0;3.99
MHS03187;5;4.0;3.99
MHS03187;6;3.6;3.92
MHS03187;7;4.0;3.94
MHS03187;8;4.0;3.94
MHS03188;1;3.18;3.18
MHS03188;2;2.89;3.03
MHS03188;3;3.53;3.2
MHS03188;4;3.33;3.23
MHS03188;5;3.18;3.22
MHS03188;6;3.25;3.23
MHS03188;7;3.78;3.31
MHS03188;8;3.8;3.37
MHS03188;9;3.72;3.41
MHS03189;1;2.57;2.57
MHS03189;2;2.16;2.37
MHS03189;3;3.33;2.69
MHS03189;4;3.16;2.81
MHS03190;1;2.41;2.41
MHS03190;2;2.74;2.57
MHS03190;3;3.17;2.77
MHS03190;4;2.48;2.7
MHS03190;5;2.99;2.76
MHS03190;6;3.11;2.82
MHS03190;7;2.91;2.83
MHS03190;8;3.45;2.91
MHS03191;1;2.63;2.63
MHS03191;2;3.37;3.0
MHS03191;3;3.39;3.13
MHS03191;4;3.06;3.11
MHS03191;5;3.18;3.12
MHS03191;6;2.82;3.07
MHS03192;1;4.0;4.0
MHS03192;2;3.85;3.93
MHS03192;3;4.0;3.95
MHS03192;4;3.93;3.94
MHS03192;5;4.0;3.96
MHS03192;6;3.96;3.96
MHS03192;7;3.8;3.93
MHS03192;8;4.0;3.94
MHS03193;1;3.2;3.2
MHS03193;2;3.09;3.14
MHS03193;3;3.03;3.11
MHS03193;4;2.87;3.05
MHS03193;5;3.59;3.16
MHS03193;6;2.38;3.03
MHS03193;7;3.09;3.04
MHS03193;8;3.29;3.07
MHS03194;1;2.3;2.3
MHS03194;2;2.12;2.21
MHS03195;1;2.36;2.36
MHS03195;2;2.6;2.48
MHS03195;3;3.25;2.74
MHS03195;4;3.39;2.9
MHS03195;5;3.43;3.01
MHS03195;6;3.19;3.04
MHS03195;7;3.23;3.06
MHS03195;8;3.45;3.11
MHS03196;1;4.0;4.0
MHS03196;2;3.82;3.91
MHS03196;3;4.0;3.94
MHS03196;4;3.95;3.94
MHS03196;5;4.0;3.95
MHS03196;6;4.0;3.96
MHS03197;1;2.85;2.85
MHS03197;2;3.52;3.18
MHS03198;1;2.97;2.97
MHS03198;2;2.54;2.75
MHS03198;3;3.26;2.92
MHS03198;4;3.29;3.01
MHS03198;5;3.63;3.14
MHS03198;6;3.09;3.13
MHS03199;1;2.75;2.75
MHS03199;2;2.78;2.77
MHS03199;3;2.69;2.74
MHS03199;4;2.8;2.76
MHS03200;1;3.33;3.33
MHS03200;2;3.5;3.42
MHS03200;3;3.53;3.46
MHS03200;4;4.0;3.59
MHS03200;5;3.65;3.6
MHS03200;6;3.82;3.64
MHS03200;7;3.32;3.59
MHS03200;8;3.11;3.53
MHS03201;1;3.2;3.2
MHS03201;2;3.45;3.32
MHS03202;1;3.21;3.21
MHS03202;2;3.68;3.45
MHS03202;3;3.85;3.58
MHS03202;4;3.47;3.55
MHS03202;5;3.8;3.6
MHS03202;6;3.46;3.58
MHS03202;7;3.36;3.55
MHS03202;8;3.92;3.59
MHS03203;1;2.8;2.8
MHS03203;2;3.46;3.13
MHS03203;3;3.13;3.13
MHS03203;4;2.97;3.09
MHS03203;5;3.4;3.15
MHS03203;6;4.0;3.29
MHS03204;1;3.33;3.33
MHS03204;2;3.41;3.37
MHS03204;3;4.0;3.58
MHS03204;4;3.61;3.59
MHS03205;1;2.23;2.23
MHS03205;2;2.35;2.29
MHS03205;3;3.17;2.58
MHS03205;4;3.08;2.71
MHS03206;1;1.94;1.94
MHS03206;2;2.39;2.17
MHS03206;3;3.09;2.48
MHS03206;4;3.37;2.7
MHS03206;5;3.39;2.84
MHS03206;6;3.43;2.94
MHS03206;7;3.06;2.95
MHS03206;8;2.97;2.96
MHS03207;1;3.19;3.19
MHS03207;2;3.78;3.48
MHS03207;3;3.52;3.49
MHS03207;4;3.56;3.51
MHS03207;5;3.43;3.5
MHS03207;6;4.0;3.58
MHS03208;1;3.01;3.01
MHS03208;2;3.58;3.29
MHS03208;3;3.5;3.36
MHS03208;4;2.93;3.26
MHS03209;1;1.93;1.93
MHS03209;2;2.84;2.39
MHS03209;3;3.06;2.61
MHS03209;4;3.41;2.81
MHS03209;5;2.8;2.81
MHS03209;6;3.03;2.84
MHS03210;1;2.46;2.46
MHS03210;2;2.88;2.67
MHS03210;3;3.04;2.79
MHS03210;4;2.43;2.7
MHS03211;1;2.11;2.11
MHS03211;2;2.72;2.41
MHS03211;3;3.08;2.64
MHS03211;4;2.83;2.69
MHS03212;1;2.62;2.62
MHS03212;2;2.94;2.78
MHS03212;3;3.35;2.97
MHS03212;4;2.56;2.86
MHS03212;5;2.6;2.81
MHS03212;6;3.25;2.89
MHS03213;1;2.29;2.29
MHS03213;2;2.44;2.37
MHS03213;3;2.75;2.5
MHS03213;4;2.53;2.5
MHS03214;1;3.35;3.35
MHS03214;2;2.98;3.16
MHS03214;3;3.12;3.15
MHS03214;4;2.89;3.09
MHS03215;1;2.65;2.65
MHS03215;2;3.64;3.15
MHS03215;3;3.29;3.19
MHS03215;4;2.98;3.14
MHS03216;1;2.29;2.29
MHS03216;2;2.73;2.51
MHS03216;3;2.79;2.6
MHS03216;4;2.71;2.63
MHS03216;5;3.05;2.72
MHS03216;6;2.97;2.76
MHS03216;7;3.28;2.83
MHS03216;8;2.91;2.84
MHS03216;9;3.03;2.86
MHS03216;10;3.05;2.88
MHS03217;1;2.44;2.44
MHS03217;2;3.23;2.83
MHS03218;1;2.17;2.17
MHS03218;2;2.9;2.54
MHS03218;3;3.32;2.8
MHS03218;4;2.79;2.8
MHS03219;1;3.56;3.56
MHS03219;2;2.8;3.18
MHS03220;1;3.09;3.09
MHS03220;2;3.38;3.24
MHS03221;1;3.32;3.32
MHS03221;2;3.41;3.36
MHS03221;3;2.81;3.18
MHS03221;4;3.22;3.19
MHS03222;1;2.94;2.94
MHS03222;2;3.33;3.14
MHS03222;3;3.52;3.27
MHS03222;4;3.49;3.32
MHS03223;1;2.37;2.37
MHS03223;2;2.48;2.43
MHS03224;1;2.24;2.24
MHS03224;2;2.75;2.49
MHS03225;1;4.0;4.0
MHS03225;2;3.99;4.0
MHS03225;3;4.0;4.0
MHS03225;4;4.0;4.0
MHS03226;1;3.13;3.13
MHS03226;2;2.84;2.99
MHS03226;3;3.28;3.08
MHS03226;4;3.3;3.14
MHS03226;5;3.62;3.23
MHS03226;6;3.39;3.26
MHS03227;1;2.9;2.9
MHS03227;2;3.57;3.24
MHS03227;3;2.92;3.13
MHS03227;4;3.36;3.19
MHS03228;1;2.95;2.95
MHS03228;2;2.96;2.96
MHS03228;3;2.98;2.96
MHS03228;4;2.66;2.89
MHS03228;5;3.34;2.98
MHS03228;6;2.96;2.98
MHS03229;1;2.3;2.3
MHS03229;2;2.25;2.28
MHS03230;1;3.19;3.19
MHS03230;2;3.87;3.53
MHS03230;3;3.98;3.68
MHS03230;4;3.23;3.57
MHS03230;5;3.51;3.55
MHS03230;6;3.18;3.49
MHS03231;1;3.92;3.92
MHS03231;2;4.0;3.96
MHS03232;1;3.8;3.8
MHS03232;2;3.85;3.82
MHS03233;1;3.63;3.63
MHS03233;2;3.86;3.74
MHS03234;1;3.12;3.12
MHS03234;2;3.14;3.13
MHS03234;3;3.5;3.25
MHS03234;4;3.42;3.3
MHS03235;1;2.18;2.18
MHS03235;2;3.19;2.68
MHS03235;3;3.35;2.91
MHS03235;4;3.64;3.09
MHS03236;1;3.63;3.63
MHS03236;2;4.0;3.82
MHS03236;3;4.0;3.88
MHS03236;4;3.63;3.82
MHS03237;1;3.33;3.33
MHS03237;2;3.33;3.33
MHS03237;3;3.74;3.47
MHS03237;4;3.64;3.51
MHS03237;5;3.68;3.54
MHS03237;6;4.0;3.62
MHS03238;1;3.47;3.47
MHS03238;2;4.0;3.73
MHS03239;1;3.53;3.53
MHS03239;2;3.72;3.63
MHS03239;3;3.33;3.53
MHS03239;4;3.78;3.59
MHS03240;1;3.0;3.0
MHS03240;2;3.54;3.27
MHS03241;1;3.44;3.44
MHS03241;2;4.0;3.72
MHS03242;1;3.17;3.17
MHS03242;2;3.16;3.17
MHS03242;3;3.52;3.29
MHS03242;4;3.33;3.3
MHS03242;5;3.29;3.3
MHS03242;6;3.97;3.41
MHS03243;1;2.21;2.21
MHS03243;2;2.46;2.34
MHS03243;3;2.73;2.47
MHS03243;4;2.86;2.56
MHS03243;5;3.36;2.72
MHS03243;6;3.12;2.79
MHS03243;7;2.86;2.8
MHS03243;8;3.1;2.84
MHS03244;1;3.45;3.45
MHS03244;2;3.38;3.41
MHS03244;3;4.0;3.61
MHS03244;4;3.5;3.58
MHS03244;5;3.84;3.63
MHS03244;6;4.0;3.69
MHS03244;7;3.38;3.65
MHS03244;8;3.41;3.62
MHS03245;1;4.0;4.0
MHS03245;2;3.75;3.88
MHS03245;3;4.0;3.92
MHS03245;4;4.0;3.94
MHS03246;1;2.17;2.17
MHS03246;2;2.46;2.32
MHS03246;3;3.2;2.61
MHS03246;4;2.31;2.53
MHS03246;5;3.06;2.64
MHS03246;6;2.54;2.62
MHS03246;7;2.67;2.63
MHS03246;8;2.67;2.64
MHS03246;9;2.84;2.66
MHS03246;10;2.78;2.67
MHS03247;1;3.04;3.04
MHS03247;2;2.79;2.92
MHS03247;3;3.74;3.19
MHS03247;4;3.06;3.16
MHS03247;5;3.17;3.16
MHS03247;6;3.35;3.19
MHS03247;7;3.38;3.22
MHS03247;8;2.9;3.18
MHS03247;9;3.5;3.22
MHS03248;1;3.35;3.35
MHS03248;2;4.0;3.68
MHS03249;1;3.47;3.47
MHS03249;2;3.81;3.64
MHS03249;3;3.66;3.65
MHS03249;4;4.0;3.73
MHS03250;1;2.26;2.26
MHS03250;2;2.68;2.47
MHS03251;1;2.86;2.86
MHS03251;2;2.55;2.71
MHS03252;1;3.54;3.54
MHS03252;2;3.54;3.54
MHS03252;3;4.0;3.69
MHS03252;4;4.0;3.77
MHS03252;5;3.63;3.74
MHS03252;6;4.0;3.78
MHS03253;1;1.91;1.91
MHS03253;2;3.23;2.57
MHS03254;1;2.96;2.96
MHS03254;2;3.38;3.17
MHS03255;1;3.21;3.21
MHS03255;2;3.47;3.34
MHS03255;3;3.57;3.42
MHS03255;4;3.3;3.39
MHS03255;5;3.87;3.48
MHS03255;6;3.64;3.51
MHS03255;7;3.56;3.52
MHS03255;8;3.5;3.52
MHS03256;1;3.05;3.05
MHS03256;2;3.67;3.36
MHS03256;3;3.61;3.44
MHS03256;4;3.43;3.44
MHS03256;5;3.8;3.51
MHS03256;6;3.83;3.57
MHS03256;7;3.84;3.6
MHS03256;8;3.81;3.63
MHS03257;1;3.1;3.1
MHS03257;2;3.29;3.19
MHS03257;3;3.56;3.32
MHS03257;4;3.88;3.46
MHS03257;5;4.0;3.57
MHS03257;6;3.86;3.61
MHS03258;1;2.53;2.53
MHS03258;2;2.75;2.64
MHS03258;3;3.82;3.03
MHS03258;4;2.74;2.96
MHS03258;5;2.99;2.96
MHS03258;6;2.81;2.94
MHS03259;1;1.62;1.62
MHS03259;2;2.24;1.93
MHS03259;3;2.61;2.16
MHS03259;4;2.39;2.22
MHS03259;5;2.49;2.27
MHS03259;6;2.56;2.32
MHS03259;7;2.86;2.4
MHS03259;8;2.87;2.45
MHS03260;1;2.81;2.81
MHS03260;2;3.45;3.13
MHS03260;3;3.63;3.3
MHS03260;4;3.33;3.31
MHS03260;5;3.92;3.43
MHS03260;6;4.0;3.52
MHS03260;7;3.47;3.52
MHS03260;8;3.4;3.5
MHS03261;1;3.69;3.69
MHS03261;2;4.0;3.84
MHS03262;1;3.98;3.98
MHS03262;2;4.0;3.99
MHS03262;3;3.85;3.94
MHS03262;4;4.0;3.96
MHS03263;1;2.88;2.88
MHS03263;2;3.2;3.04
MHS03264;1;3.53;3.53
MHS03264;2;3.57;3.55
MHS03264;3;2.91;3.34
MHS03264;4;3.58;3.4
MHS03264;5;3.5;3.42
MHS03264;6;3.53;3.44
MHS03264;7;3.52;3.45
MHS03264;8;3.5;3.46
MHS03265;1;2.72;2.72
MHS03265;2;2.64;2.68
MHS03266;1;2.07;2.07
MHS03266;2;2.13;2.1
MHS03266;3;3.14;2.45
MHS03266;4;3.01;2.59
MHS03266;5;2.67;2.6
MHS03266;6;2.43;2.58
MHS03267;1;3.22;3.22
MHS03267;2;4.0;3.61
MHS03267;3;3.94;3.72
MHS03267;4;3.82;3.74
MHS03268;1;3.31;3.31
MHS03268;2;3.08;3.19
MHS03269;1;2.52;2.52
MHS03269;2;2.86;2.69
MHS03270;1;3.49;3.49
MHS03270;2;3.57;3.53
MHS03270;3;3.73;3.6
MHS03270;4;4.0;3.7
MHS03271;1;3.43;3.43
MHS03271;2;3.86;3.65
MHS03271;3;3.65;3.65
MHS03271;4;3.65;3.65
MHS03271;5;3.79;3.67
MHS03271;6;4.0;3.73
MHS03271;7;3.81;3.74
MHS03271;8;3.77;3.74
MHS03272;1;3.47;3.47
MHS03272;2;3.75;3.61
MHS03273;1;3.09;3.09
MHS03273;2;3.34;3.22
MHS03274;1;3.32;3.32
MHS03274;2;3.49;3.4
MHS03274;3;3.33;3.38
MHS03274;4;3.93;3.52
MHS03274;5;3.24;3.46
MHS03274;6;3.53;3.47
MHS03275;1;3.17;3.17
MHS03275;2;3.07;3.12
MHS03275;3;3.83;3.36
MHS03275;4;3.2;3.32
MHS03275;5;3.12;3.28
MHS03275;6;4.0;3.4
MHS03276;1;2.78;2.78
MHS03276;2;2.8;2.79
MHS03276;3;2.57;2.72
MHS03276;4;2.82;2.74
MHS03276;5;2.67;2.73
MHS03276;6;3.32;2.82
MHS03276;7;3.61;2.94
MHS03276;8;2.56;2.89
MHS03277;1;3.26;3.26
MHS03277;2;3.29;3.28
MHS03277;3;3.06;3.2
MHS03277;4;3.52;3.28
MHS03277;5;3.37;3.3
MHS03277;6;3.68;3.36
MHS03277;7;3.2;3.34
MHS03277;8;3.51;3.36
MHS03278;1;2.8;2.8
MHS03278;2;3.54;3.17
MHS03279;1;2.6;2.6
MHS03279;2;3.32;2.96
MHS03279;3;3.11;3.01
MHS03279;4;3.95;3.24
MHS03279;5;3.91;3.38
MHS03279;6;3.28;3.36
MHS03280;1;3.09;3.09
MHS03280;2;2.73;2.91
MHS03280;3;3.73;3.18
MHS03280;4;3.47;3.25
MHS03280;5;2.9;3.18
MHS03280;6;3.18;3.18
MHS03281;1;2.21;2.21
MHS03281;2;2.66;2.43
MHS03281;3;2.24;2.37
MHS03281;4;2.38;2.37
MHS03281;5;2.32;2.36
MHS03281;6;2.36;2.36
MHS03282;1;2.98;2.98
MHS03282;2;2.77;2.88
MHS03282;3;3.17;2.98
MHS03282;4;3.48;3.1
MHS03282;5;2.95;3.07
MHS03282;6;2.86;3.04
MHS03282;7;3.24;3.07
MHS03282;8;2.9;3.05
MHS03282;9;3.72;3.12
MHS03282;10;3.26;3.13
MHS03283;1;3.33;3.33
MHS03283;2;2.93;3.13
MHS03283;3;2.97;3.08
MHS03283;4;3.2;3.11
MHS03283;5;3.1;3.11
MHS03283;6;3.07;3.1
MHS03284;1;4.0;4.0
MHS03284;2;3.49;3.75
MHS03284;3;3.99;3.83
MHS03284;4;4.0;3.87
MHS03284;5;3.82;3.86
MHS03284;6;4.0;3.88
MHS03284;7;4.0;3.9
MHS03284;8;3.67;3.87
MHS03285;1;2.22;2.22
MHS03285;2;2.2;2.21
MHS03285;3;3.1;2.51
MHS03285;4;2.74;2.57
MHS03286;1;2.84;2.84
MHS03286;2;2.86;2.85
MHS03286;3;3.8;3.17
MHS03286;4;2.74;3.06
MHS03287;1;2.72;2.72
MHS03287;2;2.11;2.41
MHS03288;1;1.9;1.9
MHS03288;2;1.73;1.81
MHS03289;1;2.93;2.93
MHS03289;2;3.41;3.17
MHS03289;3;3.59;3.31
MHS03289;4;3.5;3.36
MHS03289;5;3.55;3.4
MHS03289;6;3.46;3.41
MHS03289;7;3.67;3.44
MHS03289;8;3.51;3.45
MHS03290;1;3.44;3.44
MHS03290;2;3.92;3.68
MHS03290;3;4.0;3.79
MHS03290;4;3.8;3.79
MHS03290;5;4.0;3.83
MHS03290;6;3.96;3.85
MHS03290;7;3.75;3.84
MHS03290;8;3.93;3.85
MHS03291;1;3.29;3.29
MHS03291;2;2.89;3.09
MHS03291;3;3.38;3.19
MHS03291;4;3.54;3.28
MHS03292;1;4.0;4.0
MHS03292;2;4.0;4.0
MHS03292;3;4.0;4.0
MHS03292;4;4.0;4.0
MHS03293;1;4.0;4.0
MHS03293;2;3.82;3.91
MHS03293;3;4.0;3.94
MHS03293;4;4.0;3.95
MHS03293;5;4.0;3.96
MHS03293;6;3.51;3.89
MHS03293;7;4.0;3.9
MHS03293;8;4.0;3.92
MHS03294;1;3.54;3.54
MHS03294;2;4.0;3.77
MHS03294;3;4.0;3.85
MHS03294;4;4.0;3.88
MHS03295;1;2.43;2.43
MHS03295;2;3.07;2.75
MHS03295;3;3.07;2.85
MHS03295;4;2.94;2.87
MHS03295;5;3.49;3.0
MHS03295;6;3.63;3.1
MHS03296;1;2.93;2.93
MHS03296;2;3.48;3.21
MHS03296;3;2.8;3.07
MHS03296;4;3.48;3.17
MHS03296;5;3.36;3.21
MHS03296;6;3.35;3.23
MHS03296;7;3.64;3.29
MHS03296;8;3.75;3.35
MHS03296;9;3.59;3.38
MHS03297;1;2.45;2.45
MHS03297;2;2.87;2.66
MHS03297;3;3.43;2.92
MHS03297;4;3.48;3.06
MHS03298;1;3.64;3.64
MHS03298;2;3.64;3.64
MHS03299;1;2.85;2.85
MHS03299;2;2.58;2.72
MHS03299;3;3.33;2.92
MHS03299;4;3.22;3.0
MHS03299;5;3.29;3.06
MHS03299;6;3.69;3.16
MHS03300;1;3.77;3.77
MHS03300;2;3.24;3.5
MHS03301;1;2.79;2.79
MHS03301;2;3.42;3.1
MHS03301;3;3.63;3.28
MHS03301;4;3.24;3.27
MHS03301;5;4.0;3.41
MHS03301;6;3.28;3.39
MHS03301;7;3.29;3.38
MHS03301;8;3.23;3.36
MHS03302;1;2.89;2.89
MHS03302;2;3.81;3.35
MHS03303;1;3.54;3.54
MHS03303;2;3.93;3.74
MHS03303;3;3.82;3.77
MHS03303;4;3.74;3.76
MHS03304;1;2.42;2.42
MHS03304;2;2.87;2.64
MHS03304;3;2.6;2.63
MHS03304;4;3.07;2.74
MHS03305;1;2.81;2.81
MHS03305;2;2.8;2.8
MHS03305;3;3.11;2.91
MHS03305;4;3.3;3.01
MHS03306;1;2.88;2.88
MHS03306;2;2.81;2.85
MHS03306;3;3.06;2.92
MHS03306;4;3.3;3.01
MHS03306;5;3.29;3.07
MHS03306;6;3.41;3.13
MHS03306;7;3.16;3.13
MHS03306;8;3.22;3.14
MHS03306;9;3.04;3.13
MHS03306;10;3.35;3.15
MHS03307;1;2.89;2.89
MHS03307;2;3.6;3.25
MHS03307;3;3.28;3.26
MHS03307;4;3.34;3.28
MHS03307;5;3.63;3.35
MHS03307;6;3.37;3.35
MHS03308;1;3.08;3.08
MHS03308;2;3.28;3.18
MHS03308;3;3.34;3.23
MHS03308;4;3.36;3.26
MHS03308;5;3.11;3.23
MHS03308;6;3.46;3.27
MHS03308;7;3.99;3.37
MHS03308;8;3.83;3.43
MHS03308;9;3.69;3.46
MHS03309;1;2.69;2.69
MHS03309;2;2.75;2.72
MHS03310;1;2.24;2.24
MHS03310;2;2.8;2.52
MHS03310;3;2.78;2.61
MHS03310;4;2.62;2.61
MHS03311;1;2.99;2.99
MHS03311;2;2.81;2.9
MHS03311;3;2.84;2.88
MHS03311;4;3.2;2.96
MHS03312;1;2.09;2.09
MHS03312;2;2.81;2.45
MHS03312;3;2.98;2.63
MHS03312;4;2.93;2.7
MHS03313;1;3.44;3.44
MHS03313;2;3.34;3.39
MHS03313;3;3.84;3.54
MHS03313;4;3.95;3.64
MHS03313;5;4.0;3.71
MHS03313;6;3.62;3.7
MHS03313;7;3.47;3.67
MHS03313;8;4.0;3.71
MHS03314;1;3.84;3.84
MHS03314;2;3.8;3.82
MHS03314;3;3.86;3.83
MHS03314;4;3.8;3.83
MHS03314;5;3.79;3.82
MHS03314;6;3.79;3.81
MHS03315;1;3.13;3.13
MHS03315;2;3.83;3.48
MHS03315;3;3.16;3.37
MHS03315;4;3.08;3.3
MHS03315;5;3.08;3.26
MHS03315;6;3.22;3.25
MHS03316;1;2.65;2.65
MHS03316;2;3.48;3.06
MHS03316;3;3.24;3.12
MHS03316;4;3.44;3.2
MHS03316;5;3.61;3.29
MHS03316;6;3.38;3.3
MHS03316;7;3.84;3.38
MHS03316;8;4.0;3.46
MHS03317;1;3.05;3.05
MHS03317;2;3.56;3.3
MHS03317;3;3.89;3.5
MHS03317;4;4.0;3.62
MHS03317;5;4.0;3.7
MHS03317;6;3.86;3.73
MHS03318;1;2.67;2.67
MHS03318;2;2.24;2.46
MHS03318;3;3.19;2.7
MHS03318;4;3.2;2.83
MHS03319;1;3.5;3.5
MHS03319;2;3.39;3.44
MHS03319;3;3.48;3.46
MHS03319;4;4.0;3.59
MHS03319;5;3.98;3.67
MHS03319;6;4.0;3.72
MHS03319;7;3.93;3.75
MHS03319;8;3.96;3.78
MHS03320;1;3.17;3.17
MHS03320;2;2.79;2.98
MHS03320;3;2.89;2.95
MHS03320;4;3.09;2.99
MHS03321;1;3.31;3.31
MHS03321;2;3.32;3.32
MHS03321;3;3.82;3.48
MHS03321;4;3.57;3.5
MHS03321;5;3.49;3.5
MHS03321;6;3.65;3.53
MHS03321;7;4.0;3.59
MHS03321;8;3.39;3.57
MHS03322;1;2.62;2.62
MHS03322;2;2.28;2.45
MHS03322;3;3.21;2.7
MHS03322;4;3.37;2.87
MHS03322;5;2.81;2.86
MHS03322;6;3.41;2.95
MHS03322;7;3.29;3.0
MHS03322;8;3.18;3.02
MHS03323;1;1.63;1.63
MHS03323;2;3.02;2.32
MHS03324;1;2.01;2.01
MHS03324;2;1.6;1.81
MHS03325;1;2.82;2.82
MHS03325;2;2.96;2.89
MHS03325;3;3.44;3.08
MHS03325;4;3.57;3.2
MHS03325;5;3.53;3.27
MHS03325;6;3.32;3.27
MHS03325;7;3.56;3.32
MHS03325;8;3.27;3.31
MHS03326;1;3.63;3.63
MHS03326;2;3.3;3.46
MHS03326;3;3.71;3.55
MHS03326;4;3.81;3.61
MHS03326;5;3.72;3.63
MHS03326;6;3.45;3.6
MHS03326;7;3.21;3.55
MHS03326;8;3.42;3.53
MHS03327;1;3.28;3.28
MHS03327;2;3.25;3.26
MHS03327;3;3.31;3.28
MHS03327;4;3.4;3.31
MHS03328;1;3.04;3.04
MHS03328;2;3.74;3.39
MHS03328;3;3.12;3.3
MHS03328;4;4.0;3.47
MHS03329;1;2.16;2.16
MHS03329;2;2.13;2.14
MHS03330;1;2.73;2.73
MHS03330;2;3.1;2.92
MHS03330;3;2.73;2.86
MHS03330;4;2.96;2.88
MHS03330;5;3.41;2.99
MHS03330;6;2.77;2.95
MHS03331;1;3.32;3.32
MHS03331;2;4.0;3.66
MHS03332;1;3.19;3.19
MHS03332;2;3.33;3.26
MHS03332;3;3.94;3.48
MHS03332;4;3.89;3.59
MHS03332;5;3.81;3.63
MHS03332;6;3.97;3.69
MHS03332;7;3.85;3.71
MHS03332;8;3.73;3.71
MHS03333;1;3.86;3.86
MHS03333;2;3.6;3.73
MHS03333;3;4.0;3.82
MHS03333;4;4.0;3.87
MHS03333;5;4.0;3.89
MHS03333;6;4.0;3.91
MHS03334;1;2.41;2.41
MHS03334;2;2.42;2.42
MHS03334;3;3.04;2.62
MHS03334;4;2.92;2.7
MHS03335;1;2.98;2.98
MHS03335;2;3.2;3.09
MHS03335;3;3.37;3.18
MHS03335;4;3.14;3.17
MHS03335;5;3.61;3.26
MHS03335;6;3.65;3.32
MHS03335;7;3.53;3.35
MHS03335;8;3.32;3.35
MHS03335;9;3.43;3.36
MHS03335;10;3.62;3.38
MHS03336;1;3.71;3.71
MHS03336;2;4.0;3.85
MHS03336;3;4.0;3.9
MHS03336;4;4.0;3.93
MHS03336;5;4.0;3.94
MHS03336;6;4.0;3.95
MHS03337;1;3.2;3.2
MHS03337;2;2.85;3.02
MHS03337;3;3.24;3.1
MHS03337;4;3.16;3.11
MHS03337;5;3.42;3.17
MHS03337;6;2.99;3.14
MHS03337;7;3.35;3.17
MHS03337;8;3.08;3.16
MHS03338;1;3.19;3.19
MHS03338;2;3.71;3.45
MHS03338;3;3.48;3.46
MHS03338;4;3.45;3.46
MHS03338;5;4.0;3.57
MHS03338;6;4.0;3.64
MHS03338;7;3.99;3.69
MHS03338;8;4.0;3.73
MHS03339;1;3.04;3.04
MHS03339;2;3.54;3.29
MHS03339;3;3.31;3.3
MHS03339;4;4.0;3.47
MHS03339;5;3.82;3.54
MHS03339;6;3.79;3.58
MHS03340;1;3.02;3.02
MHS03340;2;3.36;3.19
MHS03340;3;3.59;3.33
MHS03340;4;3.32;3.32
MHS03340;5;3.62;3.38
MHS03340;6;3.38;3.38
MHS03340;7;3.39;3.38
MHS03340;8;3.6;3.41
MHS03340;9;2.87;3.35
MHS03340;10;3.38;3.35
MHS03341;1;3.25;3.25
MHS03341;2;3.11;3.18
MHS03341;3;3.48;3.28
MHS03341;4;3.48;3.33
MHS03341;5;3.6;3.39
MHS03341;6;3.28;3.37
MHS03341;7;3.54;3.39
MHS03341;8;3.45;3.4
MHS03342;1;2.7;2.7
MHS03342;2;2.88;2.79
MHS03342;3;3.26;2.95
MHS03342;4;3.86;3.18
MHS03342;5;3.38;3.22
MHS03342;6;3.42;3.25
MHS03343;1;2.73;2.73
MHS03343;2;2.16;2.44
MHS03343;3;2.63;2.5
MHS03343;4;2.74;2.56
MHS03344;1;2.48;2.48
MHS03344;2;3.0;2.74
MHS03344;3;2.79;2.76
MHS03344;4;3.35;2.91
MHS03344;5;3.54;3.03
MHS03344;6;3.11;3.04
MHS03344;7;3.08;3.05
MHS03344;8;3.74;3.14
MHS03344;9;3.61;3.19
MHS03344;10;3.21;3.19
MHS03345;1;3.73;3.73
MHS03345;2;3.82;3.78
MHS03345;3;3.66;3.74
MHS03345;4;4.0;3.8
MHS03346;1;2.57;2.57
MHS03346;2;2.76;2.67
MHS03346;3;2.98;2.77
MHS03346;4;3.43;2.94
MHS03347;1;2.83;2.83
MHS03347;2;3.21;3.02
MHS03348;1;3.17;3.17
MHS03348;2;3.64;3.4
MHS03348;3;3.28;3.36
MHS03348;4;3.72;3.45
MHS03349;1;3.36;3.36
MHS03349;2;3.51;3.43
MHS03349;3;3.53;3.46
MHS03349;4;3.39;3.45
MHS03349;5;3.34;3.43
MHS03349;6;3.25;3.4
MHS03350;1;3.21;3.21
MHS03350;2;3.42;3.32
MHS03350;3;2.48;3.04
MHS03350;4;3.36;3.12
MHS03351;1;2.97;2.97
MHS03351;2;2.92;2.95
MHS03351;3;3.15;3.01
MHS03351;4;3.66;3.18
MHS03351;5;3.59;3.26
MHS03351;6;3.84;3.36
MHS03352;1;2.7;2.7
MHS03352;2;2.31;2.51
MHS03352;3;3.03;2.68
MHS03352;4;2.65;2.67
MHS03352;5;2.85;2.71
MHS03352;6;3.08;2.77
MHS03352;7;2.57;2.74
MHS03352;8;2.37;2.69
MHS03353;1;2.65;2.65
MHS03353;2;3.52;3.09
MHS03354;1;1.74;1.74
MHS03354;2;3.0;2.37
MHS03355;1;2.98;2.98
MHS03355;2;3.05;3.01
MHS03355;3;3.56;3.2
MHS03355;4;3.69;3.32
MHS03355;5;3.5;3.36
MHS03355;6;3.61;3.4
MHS03356;1;3.3;3.3
MHS03356;2;2.39;2.84
MHS03357;1;3.74;3.74
MHS03357;2;3.42;3.58
MHS03358;1;2.6;2.6
MHS03358;2;3.44;3.02
MHS03358;3;2.87;2.97
MHS03358;4;3.38;3.07
MHS03358;5;3.14;3.09
MHS03358;6;3.69;3.19
MHS03358;7;3.44;3.22
MHS03358;8;3.55;3.26
MHS03359;1;3.56;3.56
MHS03359;2;3.42;3.49
MHS03359;3;3.98;3.65
MHS03359;4;4.0;3.74
MHS03359;5;3.42;3.68
MHS03359;6;4.0;3.73
MHS03360;1;3.87;3.87
MHS03360;2;3.79;3.83
MHS03360;3;4.0;3.89
MHS03360;4;3.94;3.9
MHS03360;5;4.0;3.92
MHS03360;6;3.64;3.88
MHS03361;1;2.27;2.27
MHS03361;2;2.05;2.16
MHS03361;3;2.54;2.29
MHS03361;4;2.87;2.43
MHS03361;5;2.27;2.4
MHS03361;6;2.29;2.38
MHS03362;1;2.49;2.49
MHS03362;2;3.04;2.77
MHS03362;3;2.87;2.8
MHS03362;4;3.27;2.92
MHS03362;5;3.21;2.98
MHS03362;6;3.27;3.03
MHS03363;1;2.8;2.8
MHS03363;2;3.45;3.12
MHS03364;1;3.95;3.95
MHS03364;2;3.23;3.59
MHS03365;1;3.26;3.26
MHS03365;2;3.23;3.24
MHS03366;1;3.02;3.02
MHS03366;2;3.6;3.31
MHS03366;3;3.33;3.32
MHS03366;4;3.88;3.46
MHS03366;5;3.54;3.47
MHS03366;6;3.86;3.54
MHS03366;7;3.53;3.54
MHS03366;8;3.97;3.59
MHS03366;9;3.89;3.62
MHS03367;1;3.26;3.26
MHS03367;2;3.3;3.28
MHS03367;3;3.76;3.44
MHS03367;4;3.71;3.51
MHS03367;5;3.65;3.53
MHS03367;6;4.0;3.61
MHS03368;1;2.25;2.25
MHS03368;2;3.17;2.71
MHS03368;3;3.19;2.87
MHS03368;4;2.71;2.83
MHS03369;1;2.18;2.18
MHS03369;2;2.79;2.48
MHS03369;3;3.28;2.75
MHS03369;4;2.53;2.69
MHS03370;1;3.29;3.29
MHS03370;2;3.28;3.28
MHS03370;3;4.0;3.52
MHS03370;4;3.92;3.62
MHS03370;5;3.55;3.61
MHS03370;6;3.84;3.65
MHS03370;7;3.34;3.6
MHS03370;8;4.0;3.65
MHS03371;1;3.17;3.17
MHS03371;2;3.68;3.43
MHS03371;3;4.0;3.62
MHS03371;4;3.68;3.63
MHS03372;1;3.79;3.79
MHS03372;2;3.68;3.73
MHS03373;1;3.66;3.66
MHS03373;2;3.01;3.33
MHS03373;3;3.37;3.34
MHS03373;4;3.48;3.38
MHS03373;5;3.47;3.4
MHS03373;6;3.71;3.45
MHS03373;7;3.35;3.43
MHS03373;8;3.63;3.46
MHS03373;9;3.64;3.48
MHS03373;10;3.4;3.47
MHS03374;1;1.46;1.46
MHS03374;2;2.27;1.87
MHS03375;1;2.26;2.26
MHS03375;2;1.89;2.07
MHS03376;1;2.73;2.73
MHS03376;2;2.72;2.73
MHS03376;3;3.12;2.86
MHS03376;4;3.4;2.99
MHS03376;5;3.31;3.06
MHS03376;6;3.12;3.07
MHS03377;1;2.67;2.67
MHS03377;2;3.18;2.92
MHS03377;3;3.46;3.1
MHS03377;4;3.1;3.1
MHS03377;5;3.42;3.16
MHS03377;6;2.8;3.1
MHS03377;7;3.01;3.09
MHS03377;8;3.73;3.17
MHS03377;9;3.14;3.17
MHS03378;1;3.64;3.64
MHS03378;2;3.52;3.58
MHS03378;3;3.79;3.65
MHS03378;4;3.94;3.72
MHS03379;1;3.07;3.07
MHS03379;2;2.97;3.02
MHS03379;3;3.64;3.23
MHS03379;4;3.59;3.32
MHS03379;5;3.75;3.4
MHS03379;6;3.23;3.38
MHS03380;1;2.46;2.46
MHS03380;2;3.37;2.91
MHS03380;3;2.73;2.85
MHS03380;4;2.78;2.84
MHS03381;1;2.19;2.19
MHS03381;2;2.61;2.4
MHS03381;3;3.29;2.7
MHS03381;4;2.73;2.71
MHS03381;5;3.11;2.79
MHS03381;6;3.19;2.86
MHS03381;7;3.12;2.89
MHS03381;8;3.7;2.99
MHS03382;1;2.21;2.21
MHS03382;2;2.65;2.43
MHS03382;3;2.94;2.6
MHS03382;4;2.93;2.68
MHS03383;1;3.03;3.03
MHS03383;2;3.5;3.26
MHS03383;3;3.1;3.21
MHS03383;4;3.03;3.17
MHS03384;1;3.47;3.47
MHS03384;2;3.94;3.71
MHS03384;3;4.0;3.8
MHS03384;4;3.84;3.81
MHS03385;1;3.58;3.58
MHS03385;2;3.71;3.64
MHS03386;1;2.29;2.29
MHS03386;2;2.28;2.29
MHS03387;1;2.88;2.88
MHS03387;2;3.03;2.95
MHS03387;3;3.31;3.07
MHS03387;4;3.1;3.08
MHS03387;5;3.06;3.08
MHS03387;6;3.39;3.13
MHS03388;1;3.1;3.1
MHS03388;2;3.34;3.22
MHS03388;3;3.63;3.36
MHS03388;4;3.31;3.35
MHS03389;1;2.85;2.85
MHS03389;2;3.86;3.35
MHS03389;3;4.0;3.57
MHS03389;4;3.92;3.66
MHS03389;5;3.62;3.65
MHS03389;6;3.76;3.67
MHS03389;7;3.9;3.7
MHS03389;8;3.87;3.72
MHS03389;9;3.82;3.73
MHS03390;1;2.94;2.94
MHS03390;2;2.97;2.95
MHS03390;3;2.9;2.94
MHS03390;4;3.74;3.14
MHS03391;1;3.15;3.15
MHS03391;2;3.74;3.45
MHS03391;3;3.47;3.45
MHS03391;4;3.18;3.38
MHS03392;1;2.66;2.66
MHS03392;2;3.24;2.95
MHS03392;3;3.22;3.04
MHS03392;4;3.93;3.26
MHS03392;5;3.33;3.28
MHS03392;6;3.67;3.34
MHS03392;7;4.0;3.44
MHS03392;8;3.6;3.46
MHS03393;1;3.89;3.89
MHS03393;2;4.0;3.95
MHS03394;1;2.8;2.8
MHS03394;2;3.46;3.13
MHS03394;3;3.07;3.11
MHS03394;4;3.3;3.16
MHS03394;5;3.23;3.17
MHS03394;6;4.0;3.31
MHS03394;7;3.49;3.33
MHS03394;8;3.44;3.35
MHS03395;1;1.51;1.51
MHS03395;2;2.54;2.03
MHS03395;3;2.73;2.26
MHS03395;4;2.83;2.4
MHS03395;5;2.75;2.47
MHS03395;6;2.78;2.53
MHS03396;1;3.07;3.07
MHS03396;2;2.82;2.94
MHS03396;3;2.48;2.79
MHS03396;4;2.34;2.68
MHS03396;5;3.04;2.75
MHS03396;6;2.94;2.78
MHS03396;7;3.31;2.86
MHS03396;8;3.46;2.93
MHS03396;9;2.66;2.9
MHS03396;10;2.89;2.9
MHS03397;1;1.59;1.59
MHS03397;2;2.42;2.0
MHS03398;1;4.0;4.0
MHS03398;2;4.0;4.0
MHS03398;3;4.0;4.0
MHS03398;4;4.0;4.0
MHS03399;1;3.66;3.66
MHS03399;2;3.2;3.43
MHS03399;3;3.6;3.49
MHS03399;4;3.53;3.5
MHS03399;5;3.91;3.58
MHS03399;6;3.11;3.5
MHS03399;7;3.86;3.55
MHS03399;8;3.53;3.55
MHS03400;1;2.7;2.7
MHS03400;2;3.55;3.12
MHS03400;3;4.0;3.42
MHS03400;4;3.55;3.45
MHS03400;5;3.62;3.48
MHS03400;6;4.0;3.57
MHS03400;7;3.53;3.56
MHS03400;8;3.74;3.59
MHS03401;1;3.09;3.09
MHS03401;2;3.32;3.2
MHS03401;3;3.59;3.33
MHS03401;4;3.11;3.28
MHS03401;5;3.48;3.32
MHS03401;6;3.29;3.31
MHS03401;7;3.43;3.33
MHS03401;8;3.67;3.37
MHS03402;1;2.9;2.9
MHS03402;2;3.0;2.95
MHS03402;3;3.34;3.08
MHS03402;4;3.59;3.21
MHS03403;1;2.53;2.53
MHS03403;2;2.91;2.72
MHS03403;3;2.82;2.75
MHS03403;4;3.45;2.93
MHS03403;5;2.86;2.91
MHS03403;6;2.73;2.88
MHS03404;1;2.57;2.57
MHS03404;2;2.77;2.67
MHS03405;1;3.35;3.35
MHS03405;2;2.96;3.16
MHS03405;3;3.08;3.13
MHS03405;4;3.08;3.12
MHS03405;5;3.24;3.14
MHS03405;6;2.97;3.11
MHS03405;7;2.95;3.09
MHS03405;8;3.34;3.12
MHS03405;9;3.18;3.13
MHS03406;1;3.19;3.19
MHS03406;2;2.67;2.93
MHS03406;3;3.6;3.15
MHS03406;4;3.42;3.22
MHS03406;5;3.28;3.23
MHS03406;6;3.45;3.27
MHS03406;7;3.08;3.24
MHS03406;8;3.76;3.31
MHS03407;1;3.01;3.01
MHS03407;2;3.11;3.06
MHS03407;3;3.14;3.09
MHS03407;4;3.0;3.07
MHS03407;5;2.97;3.05
MHS03407;6;3.2;3.07
MHS03407;7;3.63;3.15
MHS03407;8;3.57;3.2
MHS03408;1;2.35;2.35
MHS03408;2;2.57;2.46
MHS03409;1;2.98;2.98
MHS03409;2;3.42;3.2
MHS03409;3;3.52;3.31
MHS03409;4;3.47;3.35
MHS03409;5;3.88;3.46
MHS03409;6;3.45;3.45
MHS03409;7;3.71;3.49
MHS03409;8;3.37;3.48
MHS03409;9;3.37;3.47
MHS03409;10;4.0;3.52
MHS03410;1;3.2;3.2
MHS03410;2;3.35;3.28
MHS03410;3;3.39;3.31
MHS03410;4;3.43;3.34
MHS03410;5;3.67;3.41
MHS03410;6;3.37;3.4
MHS03411;1;2.16;2.16
MHS03411;2;2.67;2.42
MHS03411;3;2.35;2.4
MHS03411;4;2.54;2.43
MHS03411;5;2.28;2.4
MHS03411;6;2.79;2.47
MHS03411;7;2.84;2.52
MHS03411;8;2.69;2.54
MHS03411;9;2.87;2.58
MHS03412;1;2.73;2.73
MHS03412;2;2.95;2.84
MHS03413;1;2.67;2.67
MHS03413;2;3.03;2.85
MHS03414;1;3.17;3.17
MHS03414;2;3.18;3.18
MHS03414;3;3.06;3.14
MHS03414;4;3.29;3.18
MHS03414;5;3.58;3.26
MHS03414;6;3.79;3.35
MHS03414;7;3.54;3.37
MHS03414;8;3.47;3.39
MHS03415;1;2.45;2.45
MHS03415;2;2.89;2.67
MHS03415;3;3.15;2.83
MHS03415;4;2.83;2.83
MHS03416;1;3.79;3.79
MHS03416;2;4.0;3.9
MHS03416;3;4.0;3.93
MHS03416;4;3.99;3.94
MHS03417;1;2.28;2.28
MHS03417;2;2.2;2.24
MHS03417;3;2.8;2.43
MHS03417;4;2.9;2.55
MHS03417;5;2.71;2.58
MHS03417;6;2.79;2.61
MHS03418;1;2.49;2.49
MHS03418;2;3.06;2.78
MHS03418;3;3.43;3.0
MHS03418;4;3.51;3.13
MHS03419;1;2.98;2.98
MHS03419;2;2.89;2.93
MHS03419;3;3.36;3.07
MHS03419;4;3.43;3.16
MHS03420;1;2.37;2.37
MHS03420;2;3.25;2.81
MHS03420;3;2.84;2.82
MHS03420;4;2.38;2.71
MHS03420;5;2.43;2.66
MHS03420;6;2.63;2.65
MHS03420;7;2.51;2.63
MHS03420;8;2.72;2.64
MHS03421;1;3.33;3.33
MHS03421;2;3.15;3.24
MHS03421;3;3.82;3.43
MHS03421;4;4.0;3.57
MHS03421;5;3.74;3.61
MHS03421;6;3.44;3.58
MHS03422;1;2.57;2.57
MHS03422;2;2.8;2.68
MHS03422;3;3.03;2.8
MHS03422;4;3.29;2.92
MHS03422;5;3.21;2.98
MHS03422;6;3.59;3.08
MHS03422;7;3.31;3.11
MHS03422;8;3.53;3.17
MHS03423;1;2.91;2.91
MHS03423;2;3.02;2.97
MHS03423;3;3.24;3.06
MHS03423;4;3.39;3.14
MHS03423;5;3.1;3.13
MHS03423;6;3.19;3.14
MHS03423;7;3.75;3.23
MHS03423;8;3.28;3.24
MHS03423;9;3.1;3.22
MHS03424;1;3.06;3.06
MHS03424;2;3.44;3.25
MHS03424;3;3.9;3.47
MHS03424;4;3.49;3.47
MHS03424;5;3.68;3.51
MHS03424;6;3.6;3.53
MHS03424;7;3.53;3.53
MHS03424;8;3.35;3.51
MHS03424;9;3.69;3.53
MHS03425;1;3.79;3.79
MHS03425;2;3.83;3.81
MHS03426;1;3.5;3.5
MHS03426;2;3.02;3.26
MHS03427;1;2.36;2.36
MHS03427;2;2.62;2.49
MHS03428;1;4.0;4.0
MHS03428;2;3.98;3.99
MHS03428;3;4.0;3.99
MHS03428;4;4.0;4.0
MHS03429;1;2.74;2.74
MHS03429;2;2.78;2.76
MHS03429;3;2.55;2.69
MHS03429;4;2.73;2.7
MHS03429;5;2.22;2.6
MHS03429;6;2.55;2.59
MHS03429;7;2.55;2.59
MHS03429;8;2.81;2.62
MHS03430;1;3.61;3.61
MHS03430;2;3.36;3.49
MHS03430;3;3.44;3.47
MHS03430;4;3.21;3.4
MHS03430;5;4.0;3.52
MHS03430;6;3.87;3.58
MHS03430;7;3.77;3.61
MHS03430;8;3.3;3.57
MHS03431;1;2.48;2.48
MHS03431;2;2.71;2.6
MHS03431;3;3.04;2.75
MHS03431;4;3.25;2.87
MHS03432;1;3.03;3.03
MHS03432;2;2.77;2.9
MHS03432;3;3.69;3.16
MHS03432;4;3.32;3.2
MHS03433;1;3.71;3.71
MHS03433;2;3.5;3.6
MHS03433;3;3.54;3.58
MHS03433;4;3.66;3.6
MHS03433;5;3.63;3.61
MHS03433;6;4.0;3.67
MHS03434;1;1.9;1.9
MHS03434;2;1.9;1.9
MHS03434;3;2.09;1.97
MHS03434;4;2.7;2.15
MHS03435;1;3.53;3.53
MHS03435;2;3.79;3.66
MHS03435;3;3.65;3.66
MHS03435;4;3.65;3.65
MHS03436;1;2.94;2.94
MHS03436;2;2.8;2.87
MHS03437;1;2.76;2.76
MHS03437;2;2.31;2.54
MHS03437;3;2.89;2.65
MHS03437;4;3.12;2.77
MHS03437;5;2.99;2.82
MHS03437;6;3.45;2.92
MHS03437;7;3.37;2.99
MHS03437;8;3.26;3.02
MHS03437;9;3.59;3.08
MHS03438;1;2.12;2.12
MHS03438;2;2.52;2.32
MHS03438;3;2.58;2.41
MHS03438;4;2.61;2.46
MHS03438;5;3.18;2.6
MHS03438;6;2.91;2.65
MHS03438;7;2.82;2.68
MHS03438;8;2.69;2.68
MHS03439;1;3.14;3.14
MHS03439;2;3.24;3.19
MHS03439;3;3.81;3.4
MHS03439;4;4.0;3.55
MHS03439;5;3.1;3.46
MHS03439;6;3.95;3.54
MHS03440;1;1.95;1.95
MHS03440;2;2.72;2.33
MHS03440;3;3.0;2.55
MHS03440;4;2.74;2.6
MHS03440;5;3.0;2.68
MHS03440;6;3.15;2.76
MHS03441;1;2.51;2.51
MHS03441;2;3.12;2.81
MHS03441;3;3.2;2.94
MHS03441;4;3.22;3.01
MHS03442;1;2.03;2.03
MHS03442;2;2.34;2.19
MHS03442;3;2.91;2.43
MHS03442;4;3.03;2.58
MHS03443;1;2.52;2.52
MHS03443;2;3.17;2.85
MHS03443;3;2.93;2.87
MHS03443;4;2.9;2.88
MHS03444;1;2.11;2.11
MHS03444;2;3.13;2.62
MHS03444;3;3.21;2.81
MHS03444;4;2.98;2.86
MHS03445;1;2.02;2.02
MHS03445;2;2.56;2.29
MHS03445;3;2.88;2.49
MHS03445;4;3.21;2.67
MHS03445;5;2.74;2.68
MHS03445;6;2.99;2.73
MHS03445;7;3.05;2.78
MHS03445;8;3.32;2.85
MHS03446;1;2.27;2.27
MHS03446;2;2.18;2.23
MHS03447;1;3.21;3.21
MHS03447;2;2.73;2.97
MHS03448;1;3.19;3.19
MHS03448;2;2.96;3.08
MHS03448;3;3.39;3.18
MHS03448;4;3.67;3.3
MHS03448;5;3.64;3.37
MHS03448;6;3.52;3.4
MHS03448;7;3.79;3.45
MHS03448;8;3.32;3.43
MHS03448;9;3.99;3.5
MHS03449;1;3.95;3.95
MHS03449;2;3.87;3.91
MHS03450;1;2.75;2.75
MHS03450;2;2.89;2.82
MHS03450;3;3.34;2.99
MHS03450;4;2.37;2.84
MHS03450;5;3.62;2.99
MHS03450;6;3.68;3.11
MHS03451;1;3.24;3.24
MHS03451;2;2.97;3.11
MHS03451;3;3.56;3.26
MHS03451;4;3.24;3.26
MHS03451;5;3.21;3.25
MHS03451;6;3.11;3.22
MHS03452;1;2.67;2.67
MHS03452;2;3.05;2.86
MHS03452;3;3.15;2.96
MHS03452;4;2.76;2.91
MHS03452;5;2.81;2.89
MHS03452;6;3.24;2.95
MHS03453;1;3.0;3.0
MHS03453;2;3.4;3.2
MHS03453;3;2.95;3.11
MHS03453;4;3.33;3.17
MHS03454;1;3.43;3.43
MHS03454;2;4.0;3.71
MHS03455;1;2.25;2.25
MHS03455;2;2.72;2.48
MHS03455;3;3.29;2.75
MHS03455;4;3.46;2.93
MHS03455;5;3.39;3.02
MHS03455;6;3.49;3.1
MHS03455;7;3.91;3.21
MHS03455;8;3.46;3.24
MHS03456;1;2.37;2.37
MHS03456;2;2.89;2.63
MHS03456;3;3.07;2.78
MHS03456;4;3.99;3.08
MHS03456;5;3.32;3.13
MHS03456;6;3.38;3.17
MHS03456;7;3.59;3.23
MHS03456;8;4.0;3.32
MHS03457;1;3.01;3.01
MHS03457;2;3.59;3.3
MHS03457;3;3.26;3.29
MHS03457;4;3.58;3.36
MHS03458;1;2.49;2.49
MHS03458;2;2.73;2.61
MHS03458;3;2.98;2.73
MHS03458;4;2.8;2.75
MHS03459;1;2.64;2.64
MHS03459;2;2.85;2.75
MHS03459;3;3.48;2.99
MHS03459;4;3.5;3.12
MHS03460;1;3.58;3.58
MHS03460;2;3.12;3.35
MHS03460;3;3.75;3.48
MHS03460;4;3.51;3.49
MHS03461;1;2.8;2.8
MHS03461;2;3.01;2.9
MHS03461;3;3.42;3.08
MHS03461;4;3.53;3.19
MHS03462;1;3.13;3.13
MHS03462;2;3.58;3.35
MHS03463;1;2.13;2.13
MHS03463;2;2.33;2.23
MHS03463;3;2.82;2.43
MHS03463;4;2.94;2.55
MHS03463;5;2.95;2.63
MHS03463;6;3.06;2.7
MHS03463;7;3.34;2.8
MHS03463;8;3.35;2.87
MHS03464;1;2.94;2.94
MHS03464;2;3.52;3.23
MHS03464;3;3.48;3.31
MHS03464;4;3.21;3.29
MHS03464;5;3.54;3.34
MHS03464;6;3.27;3.33
MHS03464;7;3.62;3.37
MHS03464;8;3.26;3.35
MHS03465;1;2.49;2.49
MHS03465;2;2.88;2.68
MHS03465;3;2.7;2.69
MHS03465;4;3.13;2.8
MHS03466;1;2.74;2.74
MHS03466;2;2.6;2.67
MHS03467;1;2.13;2.13
MHS03467;2;2.07;2.1
MHS03467;3;2.83;2.34
MHS03467;4;3.15;2.54
MHS03467;5;2.9;2.61
MHS03467;6;2.66;2.62
MHS03467;7;2.55;2.61
MHS03467;8;2.69;2.62
MHS03467;9;2.84;2.65
MHS03467;10;2.36;2.62
MHS03468;1;3.39;3.39
MHS03468;2;3.66;3.53
MHS03468;3;3.91;3.65
MHS03468;4;4.0;3.74
MHS03468;5;3.99;3.79
MHS03468;6;4.0;3.83
MHS03468;7;4.0;3.85
MHS03468;8;3.92;3.86
MHS03469;1;3.37;3.37
MHS03469;2;3.53;3.45
MHS03469;3;3.7;3.54
MHS03469;4;3.21;3.45
MHS03469;5;3.71;3.51
MHS03469;6;4.0;3.59
MHS03469;7;3.83;3.62
MHS03469;8;3.58;3.62
MHS03470;1;4.0;4.0
MHS03470;2;4.0;4.0
MHS03470;3;4.0;4.0
MHS03470;4;4.0;4.0
MHS03471;1;4.0;4.0
MHS03471;2;3.71;3.85
MHS03471;3;3.99;3.9
MHS03471;4;4.0;3.92
MHS03471;5;4.0;3.94
MHS03471;6;3.9;3.93
MHS03472;1;2.3;2.3
MHS03472;2;1.87;2.08
MHS03473;1;2.07;2.07
MHS03473;2;2.9;2.49
MHS03473;3;2.59;2.52
MHS03473;4;2.39;2.49
MHS03473;5;2.98;2.59
MHS03473;6;2.64;2.59
MHS03474;1;2.29;2.29
MHS03474;2;2.81;2.55
MHS03474;3;2.94;2.68
MHS03474;4;2.87;2.73
MHS03474;5;2.88;2.76
MHS03474;6;3.29;2.85
MHS03474;7;3.07;2.88
MHS03474;8;2.89;2.88
MHS03475;1;2.5;2.5
MHS03475;2;2.39;2.44
MHS03476;1;4.0;4.0
MHS03476;2;3.67;3.83
MHS03477;1;2.84;2.84
MHS03477;2;3.36;3.1
MHS03477;3;4.0;3.4
MHS03477;4;3.16;3.34
MHS03477;5;3.5;3.37
MHS03477;6;3.37;3.37
MHS03477;7;3.67;3.41
MHS03477;8;3.38;3.41
MHS03478;1;2.58;2.58
MHS03478;2;2.91;2.75
MHS03478;3;3.21;2.9
MHS03478;4;3.41;3.03
MHS03479;1;1.84;1.84
MHS03479;2;2.21;2.02
MHS03480;1;2.72;2.72
MHS03480;2;2.46;2.59
MHS03480;3;3.42;2.87
MHS03480;4;2.87;2.87
MHS03480;5;3.18;2.93
MHS03480;6;2.62;2.88
MHS03480;7;3.15;2.92
MHS03480;8;3.19;2.95
MHS03481;1;2.68;2.68
MHS03481;2;3.19;2.94
MHS03481;3;3.21;3.03
MHS03481;4;3.42;3.12
MHS03482;1;3.05;3.05
MHS03482;2;2.29;2.67
MHS03483;1;2.29;2.29
MHS03483;2;3.17;2.73
MHS03483;3;3.3;2.92
MHS03483;4;3.27;3.01
MHS03483;5;3.08;3.02
MHS03483;6;4.0;3.18
MHS03483;7;3.49;3.23
MHS03483;8;3.12;3.21
MHS03483;9;3.34;3.23
MHS03484;1;3.24;3.24
MHS03484;2;3.18;3.21
MHS03485;1;2.71;2.71
MHS03485;2;3.75;3.23
MHS03485;3;3.3;3.25
MHS03485;4;3.74;3.37
MHS03485;5;3.84;3.47
MHS03485;6;3.77;3.52
MHS03486;1;2.0;2.0
MHS03486;2;2.46;2.23
MHS03487;1;3.16;3.16
MHS03487;2;3.47;3.32
MHS03487;3;3.3;3.31
MHS03487;4;3.44;3.34
MHS03487;5;2.83;3.24
MHS03487;6;3.42;3.27
MHS03487;7;3.54;3.31
MHS03487;8;3.56;3.34
MHS03487;9;3.38;3.35
MHS03488;1;2.42;2.42
MHS03488;2;2.84;2.63
MHS03488;3;3.06;2.77
MHS03488;4;3.2;2.88
MHS03489;1;2.66;2.66
MHS03489;2;2.84;2.75
MHS03489;3;3.23;2.91
MHS03489;4;2.75;2.87
MHS03489;5;3.06;2.91
MHS03489;6;2.61;2.86
MHS03489;7;3.71;2.98
MHS03489;8;3.32;3.02
MHS03490;1;2.85;2.85
MHS03490;2;2.93;2.89
MHS03490;3;3.48;3.09
MHS03490;4;3.38;3.16
MHS03490;5;3.37;3.2
MHS03490;6;2.78;3.13
MHS03491;1;2.75;2.75
MHS03491;2;2.84;2.8
MHS03491;3;3.62;3.07
MHS03491;4;3.52;3.18
MHS03491;5;3.26;3.2
MHS03491;6;2.9;3.15
MHS03492;1;3.43;3.43
MHS03492;2;3.4;3.42
MHS03492;3;3.63;3.49
MHS03492;4;4.0;3.61
MHS03493;1;3.17;3.17
MHS03493;2;3.9;3.54
MHS03493;3;3.24;3.44
MHS03493;4;3.52;3.46
MHS03494;1;3.21;3.21
MHS03494;2;3.52;3.36
MHS03495;1;2.46;2.46
MHS03495;2;2.52;2.49
MHS03495;3;2.98;2.65
MHS03495;4;3.22;2.79
MHS03495;5;2.95;2.82
MHS03495;6;2.84;2.83
MHS03495;7;2.82;2.83
MHS03495;8;2.41;2.77
MHS03495;9;3.12;2.81
MHS03495;10;2.85;2.82
MHS03496;1;2.43;2.43
MHS03496;2;3.34;2.89
MHS03496;3;2.93;2.9
MHS03496;4;3.23;2.98
MHS03496;5;3.71;3.13
MHS03496;6;3.65;3.21
MHS03497;1;2.25;2.25
MHS03497;2;2.65;2.45
MHS03497;3;3.1;2.67
MHS03497;4;3.49;2.87
MHS03498;1;2.97;2.97
MHS03498;2;3.75;3.36
MHS03498;3;3.61;3.44
MHS03498;4;3.72;3.51
MHS03498;5;3.22;3.45
MHS03498;6;3.86;3.52
MHS03499;1;2.01;2.01
MHS03499;2;2.05;2.03
MHS03500;1;3.98;3.98
MHS03500;2;4.0;3.99
MHS03501;1;2.23;2.23
MHS03501;2;2.87;2.55
MHS03502;1;2.62;2.62
MHS03502;2;2.44;2.53
MHS03503;1;3.28;3.28
MHS03503;2;3.56;3.42
MHS03503;3;4.0;3.61
MHS03503;4;4.0;3.71
MHS03504;1;2.2;2.2
MHS03504;2;2.55;2.37
MHS03504;3;2.71;2.48
MHS03504;4;2.46;2.48
MHS03505;1;3.16;3.16
MHS03505;2;3.31;3.23
MHS03505;3;3.34;3.27
MHS03505;4;3.43;3.31
MHS03505;5;3.81;3.41
MHS03505;6;3.13;3.36
MHS03505;7;3.8;3.43
MHS03505;8;4.0;3.5
MHS03505;9;3.05;3.45
MHS03506;1;3.15;3.15
MHS03506;2;3.4;3.28
MHS03506;3;3.71;3.42
MHS03506;4;3.44;3.43
MHS03506;5;3.49;3.44
MHS03506;6;3.78;3.5
MHS03506;7;3.5;3.5
MHS03506;8;3.77;3.53
MHS03507;1;2.76;2.76
MHS03507;2;2.44;2.6
MHS03508;1;2.71;2.71
MHS03508;2;3.36;3.03
MHS03508;3;3.54;3.2
MHS03508;4;2.93;3.13
MHS03509;1;2.22;2.22
MHS03509;2;2.37;2.3
MHS03509;3;2.72;2.44
MHS03509;4;2.72;2.51
MHS03510;1;3.2;3.2
MHS03510;2;3.04;3.12
MHS03510;3;3.02;3.09
MHS03510;4;2.9;3.04
MHS03510;5;3.06;3.04
MHS03510;6;3.89;3.18
MHS03511;1;2.72;2.72
MHS03511;2;2.81;2.77
MHS03511;3;3.28;2.94
MHS03511;4;3.1;2.98
MHS03511;5;2.77;2.94
MHS03511;6;3.1;2.96
MHS03511;7;3.07;2.98
MHS03511;8;3.15;3.0
MHS03511;9;2.82;2.98
MHS03511;10;2.98;2.98
MHS03512;1;3.22;3.22
MHS03512;2;3.5;3.36
MHS03512;3;3.97;3.56
MHS03512;4;4.0;3.67
MHS03512;5;3.73;3.68
MHS03512;6;4.0;3.74
MHS03512;7;3.65;3.72
MHS03512;8;3.97;3.75
MHS03513;1;3.09;3.09
MHS03513;2;2.55;2.82
MHS03513;3;3.15;2.93
MHS03513;4;2.77;2.89
MHS03514;1;2.3;2.3
MHS03514;2;2.82;2.56
MHS03514;3;3.02;2.71
MHS03514;4;2.82;2.74
MHS03514;5;2.82;2.75
MHS03514;6;2.97;2.79
MHS03514;7;2.84;2.8
MHS03514;8;2.67;2.78
MHS03514;9;3.19;2.83
MHS03514;10;2.89;2.83
MHS03515;1;2.14;2.14
MHS03515;2;2.93;2.53
MHS03516;1;3.2;3.2
MHS03516;2;3.2;3.2
MHS03516;3;3.3;3.23
MHS03516;4;3.45;3.29
MHS03516;5;3.88;3.4
MHS03516;6;3.93;3.49
MHS03516;7;3.45;3.49
MHS03516;8;3.32;3.47
MHS03517;1;2.75;2.75
MHS03517;2;3.56;3.16
MHS03517;3;2.91;3.08
MHS03517;4;3.63;3.21
MHS03517;5;2.96;3.16
MHS03517;6;3.43;3.21
MHS03518;1;4.0;4.0
MHS03518;2;4.0;4.0
MHS03518;3;4.0;4.0
MHS03518;4;3.64;3.91
MHS03519;1;3.72;3.72
MHS03519;2;3.91;3.81
MHS03520;1;4.0;4.0
MHS03520;2;3.69;3.85
MHS03521;1;2.04;2.04
MHS03521;2;2.67;2.36
MHS03521;3;2.57;2.43
MHS03521;4;3.02;2.58
MHS03521;5;2.8;2.62
MHS03521;6;2.8;2.65
MHS03521;7;2.61;2.64
MHS03521;8;3.05;2.7
MHS03521;9;2.86;2.71
MHS03521;10;3.79;2.82
MHS03522;1;2.29;2.29
MHS03522;2;2.63;2.46
MHS03522;3;2.83;2.58
MHS03522;4;3.1;2.71
MHS03523;1;2.8;2.8
MHS03523;2;3.13;2.96
MHS03523;3;3.53;3.15
MHS03523;4;3.1;3.14
MHS03524;1;3.01;3.01
MHS03524;2;3.13;3.07
MHS03524;3;2.94;3.03
MHS03524;4;3.03;3.03
MHS03524;5;3.02;3.03
MHS03524;6;2.96;3.02
MHS03524;7;2.67;2.97
MHS03524;8;3.43;3.02
MHS03524;9;3.1;3.03
MHS03524;10;3.33;3.06
MHS03525;1;3.36;3.36
MHS03525;2;3.11;3.23
MHS03526;1;2.6;2.6
MHS03526;2;2.69;2.64
MHS03526;3;2.53;2.61
MHS03526;4;2.96;2.69
MHS03527;1;2.32;2.32
MHS03527;2;2.22;2.27
MHS03527;3;2.68;2.4
MHS03527;4;3.16;2.59
MHS03528;1;3.42;3.42
MHS03528;2;3.56;3.49
MHS03529;1;2.92;2.92
MHS03529;2;3.15;3.04
MHS03529;3;3.65;3.24
MHS03529;4;3.9;3.41
MHS03530;1;3.51;3.51
MHS03530;2;4.0;3.75
MHS03531;1;3.0;3.0
MHS03531;2;3.43;3.22
MHS03531;3;3.87;3.43
MHS03531;4;3.48;3.45
MHS03531;5;3.68;3.49
MHS03531;6;3.98;3.57
MHS03531;7;3.41;3.55
MHS03531;8;3.45;3.54
MHS03532;1;3.38;3.38
MHS03532;2;3.65;3.52
MHS03533;1;2.77;2.77
MHS03533;2;2.55;2.66
MHS03534;1;3.42;3.42
MHS03534;2;3.7;3.56
MHS03534;3;3.63;3.58
MHS03534;4;3.52;3.57
MHS03534;5;3.92;3.64
MHS03534;6;3.62;3.64
MHS03535;1;3.41;3.41
MHS03535;2;2.72;3.07
MHS03535;3;3.32;3.15
MHS03535;4;3.42;3.22
MHS03535;5;3.88;3.35
MHS03535;6;3.66;3.4
MHS03535;7;3.64;3.44
MHS03535;8;3.11;3.4
MHS03536;1;2.34;2.34
MHS03536;2;2.36;2.35
MHS03536;3;2.76;2.49
MHS03536;4;3.03;2.62
MHS03537;1;3.93;3.93
MHS03537;2;3.48;3.7
MHS03538;1;3.16;3.16
MHS03538;2;3.3;3.23
MHS03539;1;2.57;2.57
MHS03539;2;2.9;2.74
MHS03540;1;3.55;3.55
MHS03540;2;3.31;3.43
MHS03540;3;3.65;3.5
MHS03540;4;3.78;3.57
MHS03540;5;3.65;3.59
MHS03540;6;3.35;3.55
MHS03540;7;3.88;3.6
MHS03540;8;3.82;3.62
MHS03540;9;3.84;3.65
MHS03541;1;2.17;2.17
MHS03541;2;2.18;2.18
MHS03542;1;2.94;2.94
MHS03542;2;3.32;3.13
MHS03542;3;3.72;3.33
MHS03542;4;4.0;3.5
MHS03542;5;4.0;3.6
MHS03542;6;3.61;3.6
MHS03543;1;2.98;2.98
MHS03543;2;3.47;3.23
MHS03543;3;3.86;3.44
MHS03543;4;3.58;3.47
MHS03543;5;3.6;3.5
MHS03543;6;3.64;3.52
MHS03543;7;4.0;3.59
MHS03543;8;3.97;3.64
MHS03544;1;2.73;2.73
MHS03544;2;2.39;2.56
MHS03544;3;2.87;2.66
MHS03544;4;2.68;2.67
MHS03544;5;3.53;2.84
MHS03544;6;3.5;2.95
MHS03544;7;3.14;2.98
MHS03544;8;3.76;3.07
MHS03545;1;2.12;2.12
MHS03545;2;2.55;2.33
MHS03545;3;2.65;2.44
MHS03545;4;2.94;2.56
MHS03545;5;2.65;2.58
MHS03545;6;2.97;2.65
MHS03546;1;3.17;3.17
MHS03546;2;3.57;3.37
MHS03546;3;3.35;3.37
MHS03546;4;3.88;3.49
MHS03547;1;3.38;3.38
MHS03547;2;3.81;3.6
MHS03548;1;3.35;3.35
MHS03548;2;3.26;3.3
MHS03548;3;3.43;3.34
MHS03548;4;3.74;3.44
MHS03548;5;3.48;3.45
MHS03548;6;3.25;3.42
MHS03548;7;3.64;3.45
MHS03548;8;3.36;3.44
MHS03549;1;2.83;2.83
MHS03549;2;3.65;3.24
MHS03549;3;3.62;3.37
MHS03549;4;3.49;3.4
MHS03550;1;2.87;2.87
MHS03550;2;3.5;3.19
MHS03550;3;3.59;3.32
MHS03550;4;3.52;3.37
MHS03551;1;3.72;3.72
MHS03551;2;3.72;3.72
MHS03552;1;3.18;3.18
MHS03552;2;3.05;3.11
MHS03552;3;3.09;3.11
MHS03552;4;3.84;3.29
MHS03552;5;3.26;3.28
MHS03552;6;3.36;3.3
MHS03553;1;3.11;3.11
MHS03553;2;3.15;3.13
MHS03554;1;2.89;2.89
MHS03554;2;3.18;3.04
MHS03554;3;3.83;3.3
MHS03554;4;2.88;3.2
MHS03554;5;3.24;3.21
MHS03554;6;3.64;3.28
MHS03555;1;2.57;2.57
MHS03555;2;3.52;3.04
MHS03555;3;3.66;3.25
MHS03555;4;3.33;3.27
MHS03555;5;3.74;3.36
MHS03555;6;3.73;3.42
MHS03555;7;3.87;3.49
MHS03555;8;4.0;3.55
MHS03556;1;2.02;2.02
MHS03556;2;2.14;2.08
MHS03557;1;3.24;3.24
MHS03557;2;4.0;3.62
MHS03557;3;3.93;3.72
MHS03557;4;4.0;3.79
MHS03557;5;4.0;3.83
MHS03557;6;4.0;3.86
MHS03557;7;4.0;3.88
MHS03557;8;4.0;3.9
MHS03558;1;3.85;3.85
MHS03558;2;3.72;3.79
MHS03558;3;4.0;3.86
MHS03558;4;4.0;3.89
MHS03558;5;4.0;3.91
MHS03558;6;4.0;3.93
MHS03558;7;3.9;3.93
MHS03558;8;4.0;3.93
MHS03559;1;3.25;3.25
MHS03559;2;3.65;3.45
MHS03559;3;3.59;3.5
MHS03559;4;3.9;3.6
MHS03560;1;2.46;2.46
MHS03560;2;2.58;2.52
MHS03560;3;2.98;2.67
MHS03560;4;2.31;2.58
MHS03561;1;1.84;1.84
MHS03561;2;2.3;2.07
MHS03562;1;2.43;2.43
MHS03562;2;2.86;2.64
MHS03562;3;3.02;2.77
MHS03562;4;3.02;2.83
MHS03562;5;2.36;2.74
MHS03562;6;3.3;2.83
MHS03562;7;3.13;2.87
MHS03562;8;3.89;3.0
MHS03563;1;3.15;3.15
MHS03563;2;3.38;3.27
MHS03563;3;3.52;3.35
MHS03563;4;3.56;3.4
MHS03563;5;3.4;3.4
MHS03563;6;3.87;3.48
MHS03563;7;3.67;3.51
MHS03563;8;3.34;3.49
MHS03564;1;2.72;2.72
MHS03564;2;2.99;2.86
MHS03564;3;2.89;2.87
MHS03564;4;3.27;2.97
MHS03564;5;2.55;2.88
MHS03564;6;3.44;2.98
MHS03564;7;3.09;2.99
MHS03564;8;3.52;3.06
MHS03564;9;3.29;3.08
MHS03565;1;3.31;3.31
MHS03565;2;3.37;3.34
MHS03565;3;3.97;3.55
MHS03565;4;3.56;3.55
MHS03566;1;2.91;2.91
MHS03566;2;3.18;3.05
MHS03566;3;3.39;3.16
MHS03566;4;3.3;3.2
MHS03566;5;3.36;3.23
MHS03566;6;3.39;3.26
MHS03566;7;3.49;3.29
MHS03566;8;3.52;3.32
MHS03567;1;2.99;2.99
MHS03567;2;3.33;3.16
MHS03567;3;3.5;3.27
MHS03567;4;2.55;3.09
MHS03567;5;2.44;2.96
MHS03567;6;3.1;2.98
MHS03567;7;2.67;2.94
MHS03567;8;2.77;2.92
MHS03568;1;3.2;3.2
MHS03568;2;2.45;2.82
MHS03569;1;3.69;3.69
MHS03569;2;3.97;3.83
MHS03569;3;3.71;3.79
MHS03569;4;4.0;3.84
MHS03570;1;2.81;2.81
MHS03570;2;3.19;3.0
MHS03570;3;3.36;3.12
MHS03570;4;3.67;3.26
MHS03571;1;2.42;2.42
MHS03571;2;3.13;2.77
MHS03572;1;2.77;2.77
MHS03572;2;3.36;3.06
MHS03573;1;3.84;3.84
MHS03573;2;3.53;3.68
MHS03573;3;3.74;3.7
MHS03573;4;3.71;3.7
MHS03573;5;3.59;3.68
MHS03573;6;3.66;3.68
MHS03573;7;3.88;3.71
MHS03573;8;3.82;3.72
MHS03574;1;2.87;2.87
MHS03574;2;3.13;3.0
MHS03575;1;2.65;2.65
MHS03575;2;3.7;3.17
MHS03576;1;3.24;3.24
MHS03576;2;3.0;3.12
MHS03576;3;3.2;3.15
MHS03576;4;3.44;3.22
MHS03576;5;3.47;3.27
MHS03576;6;3.41;3.29
MHS03576;7;2.95;3.25
MHS03576;8;3.65;3.3
MHS03577;1;2.53;2.53
MHS03577;2;3.32;2.93
MHS03578;1;3.16;3.16
MHS03578;2;3.34;3.25
MHS03578;3;3.2;3.23
MHS03578;4;3.37;3.27
MHS03578;5;3.07;3.23
MHS03578;6;3.51;3.28
MHS03578;7;3.75;3.34
MHS03578;8;3.58;3.37
MHS03578;9;3.7;3.41
MHS03579;1;2.59;2.59
MHS03579;2;2.6;2.6
MHS03579;3;2.69;2.63
MHS03579;4;3.2;2.77
MHS03579;5;2.48;2.71
MHS03579;6;2.74;2.72
MHS03579;7;3.15;2.78
MHS03579;8;3.6;2.88
MHS03580;1;3.55;3.55
MHS03580;2;3.47;3.51
MHS03580;3;3.87;3.63
MHS03580;4;3.77;3.66
MHS03581;1;3.09;3.09
MHS03581;2;3.54;3.31
MHS03581;3;3.35;3.32
MHS03581;4;3.63;3.4
MHS03581;5;3.75;3.47
MHS03581;6;3.72;3.51
MHS03582;1;2.33;2.33
MHS03582;2;3.19;2.76
MHS03582;3;3.17;2.9
MHS03582;4;3.79;3.12
MHS03582;5;3.78;3.25
MHS03582;6;3.68;3.32
MHS03582;7;3.26;3.31
MHS03582;8;3.87;3.38
MHS03583;1;3.68;3.68
MHS03583;2;3.73;3.7
MHS03583;3;3.44;3.61
MHS03583;4;3.13;3.49
MHS03584;1;2.85;2.85
MHS03584;2;3.5;3.17
MHS03584;3;2.88;3.07
MHS03584;4;3.26;3.12
MHS03584;5;3.27;3.15
MHS03584;6;2.95;3.12
MHS03585;1;2.95;2.95
MHS03585;2;3.83;3.39
MHS03585;3;3.27;3.35
MHS03585;4;3.64;3.42
MHS03585;5;4.0;3.54
MHS03585;6;3.81;3.58
MHS03585;7;3.7;3.6
MHS03585;8;4.0;3.65
MHS03586;1;2.94;2.94
MHS03586;2;3.29;3.12
MHS03586;3;3.17;3.14
MHS03586;4;3.42;3.21
MHS03586;5;3.25;3.22
MHS03586;6;3.0;3.18
MHS03587;1;1.95;1.95
MHS03587;2;2.79;2.37
MHS03588;1;2.57;2.57
MHS03588;2;2.67;2.62
MHS03588;3;3.06;2.77
MHS03588;4;2.64;2.73
MHS03589;1;4.0;4.0
MHS03589;2;4.0;4.0
MHS03589;3;4.0;4.0
MHS03589;4;4.0;4.0
MHS03589;5;4.0;4.0
MHS03589;6;4.0;4.0
MHS03589;7;4.0;4.0
MHS03589;8;4.0;4.0
MHS03590;1;2.67;2.67
MHS03590;2;3.14;2.91
MHS03590;3;2.89;2.9
MHS03590;4;3.2;2.98
MHS03591;1;3.61;3.61
MHS03591;2;3.87;3.74
MHS03591;3;4.0;3.83
MHS03591;4;4.0;3.87
MHS03591;5;4.0;3.9
MHS03591;6;4.0;3.91
MHS03591;7;4.0;3.93
MHS03591;8;4.0;3.93
MHS03592;1;3.55;3.55
MHS03592;2;3.44;3.5
MHS03592;3;3.39;3.46
MHS03592;4;4.0;3.6
MHS03592;5;3.68;3.61
MHS03592;6;3.86;3.66
MHS03592;7;3.74;3.67
MHS03592;8;3.28;3.62
MHS03592;9;3.64;3.62
MHS03593;1;3.01;3.01
MHS03593;2;3.29;3.15
MHS03593;3;3.79;3.36
MHS03593;4;4.0;3.52
MHS03593;5;3.94;3.61
MHS03593;6;3.56;3.6
MHS03593;7;3.43;3.57
MHS03593;8;3.61;3.58
MHS03594;1;3.11;3.11
MHS03594;2;3.01;3.06
MHS03594;3;3.24;3.12
MHS03594;4;3.2;3.14
MHS03594;5;3.45;3.2
MHS03594;6;3.34;3.22
MHS03595;1;2.49;2.49
MHS03595;2;2.44;2.46
MHS03595;3;2.36;2.43
MHS03595;4;3.04;2.58
MHS03595;5;2.95;2.66
MHS03595;6;2.89;2.7
MHS03596;1;4.0;4.0
MHS03596;2;4.0;4.0
MHS03596;3;4.0;4.0
MHS03596;4;4.0;4.0
MHS03597;1;3.21;3.21
MHS03597;2;3.33;3.27
MHS03598;1;2.74;2.74
MHS03598;2;2.54;2.64
MHS03599;1;2.75;2.75
MHS03599;2;3.18;2.96
MHS03599;3;2.97;2.96
MHS03599;4;2.92;2.95
MHS03599;5;3.17;3.0
MHS03599;6;3.11;3.02
MHS03600;1;3.36;3.36
MHS03600;2;4.0;3.68
MHS03600;3;3.75;3.7
MHS03600;4;3.76;3.72
MHS03600;5;3.75;3.72
MHS03600;6;4.0;3.77
MHS03601;1;3.82;3.82
MHS03601;2;2.9;3.36
MHS03601;3;3.75;3.49
MHS03601;4;4.0;3.62
MHS03601;5;3.84;3.66
MHS03601;6;3.89;3.7
MHS03601;7;4.0;3.74
MHS03601;8;3.59;3.72
MHS03602;1;3.0;3.0
MHS03602;2;3.04;3.02
MHS03602;3;2.54;2.86
MHS03602;4;3.33;2.98
MHS03603;1;3.3;3.3
MHS03603;2;3.31;3.3
MHS03604;1;2.44;2.44
MHS03604;2;2.93;2.68
MHS03605;1;3.38;3.38
MHS03605;2;3.68;3.53
MHS03605;3;3.28;3.45
MHS03605;4;3.33;3.42
MHS03605;5;3.77;3.49
MHS03605;6;3.76;3.53
MHS03605;7;3.72;3.56
MHS03605;8;3.4;3.54
MHS03606;1;3.88;3.88
MHS03606;2;3.7;3.79
MHS03606;3;3.68;3.75
MHS03606;4;3.78;3.76
MHS03607;1;2.75;2.75
MHS03607;2;2.68;2.72
MHS03607;3;3.04;2.83
MHS03607;4;2.87;2.84
MHS03607;5;3.36;2.94
MHS03607;6;3.08;2.97
MHS03607;7;3.33;3.02
MHS03607;8;3.03;3.02
MHS03608;1;2.79;2.79
MHS03608;2;3.51;3.15
MHS03609;1;3.6;3.6
MHS03609;2;3.97;3.79
MHS03609;3;3.45;3.67
MHS03609;4;4.0;3.75
MHS03609;5;3.81;3.76
MHS03609;6;3.9;3.79
MHS03609;7;4.0;3.82
MHS03609;8;4.0;3.84
MHS03610;1;2.15;2.15
MHS03610;2;2.23;2.19
MHS03610;3;3.19;2.52
MHS03610;4;2.84;2.6
MHS03610;5;2.53;2.59
MHS03610;6;2.89;2.64
MHS03610;7;3.02;2.69
MHS03610;8;2.95;2.72
MHS03611;1;2.85;2.85
MHS03611;2;3.34;3.1
MHS03611;3;2.73;2.98
MHS03611;4;2.82;2.94
MHS03611;5;3.33;3.01
MHS03611;6;2.77;2.97
MHS03611;7;2.95;2.97
MHS03611;8;3.77;3.07
MHS03612;1;2.14;2.14
MHS03612;2;2.46;2.3
MHS03612;3;2.73;2.45
MHS03612;4;2.9;2.56
MHS03613;1;3.03;3.03
MHS03613;2;3.29;3.16
MHS03614;1;3.32;3.32
MHS03614;2;3.29;3.31
MHS03614;3;3.25;3.29
MHS03614;4;3.16;3.26
MHS03615;1;2.16;2.16
MHS03615;2;2.81;2.49
MHS03615;3;3.06;2.68
MHS03615;4;2.54;2.64
MHS03615;5;3.01;2.72
MHS03615;6;2.64;2.7
MHS03615;7;2.8;2.72
MHS03615;8;2.84;2.73
MHS03615;9;3.03;2.77
MHS03616;1;3.63;3.63
MHS03616;2;3.71;3.67
MHS03617;1;2.67;2.67
MHS03617;2;3.16;2.91
MHS03617;3;3.31;3.05
MHS03617;4;3.17;3.08
MHS03618;1;3.05;3.05
MHS03618;2;3.49;3.27
MHS03619;1;3.53;3.53
MHS03619;2;3.3;3.42
MHS03619;3;3.98;3.6
MHS03619;4;3.67;3.62
MHS03619;5;3.84;3.66
MHS03619;6;3.52;3.64
MHS03619;7;3.22;3.58
MHS03619;8;3.3;3.54
MHS03620;1;2.67;2.67
MHS03620;2;3.37;3.02
MHS03621;1;4.0;4.0
MHS03621;2;3.78;3.89
MHS03622;1;1.6;1.6
MHS03622;2;1.38;1.49
MHS03623;1;2.3;2.3
MHS03623;2;2.52;2.41
MHS03623;3;2.79;2.54
MHS03623;4;2.38;2.5
MHS03623;5;2.83;2.56
MHS03623;6;2.42;2.54
MHS03624;1;2.68;2.68
MHS03624;2;3.21;2.95
MHS03624;3;3.6;3.17
MHS03624;4;3.93;3.36
MHS03624;5;3.2;3.33
MHS03624;6;3.63;3.38
MHS03625;1;2.12;2.12
MHS03625;2;2.35;2.23
MHS03625;3;2.61;2.36
MHS03625;4;2.12;2.3
MHS03626;1;3.23;3.23
MHS03626;2;3.92;3.57
MHS03627;1;3.36;3.36
MHS03627;2;3.07;3.21
MHS03627;3;3.42;3.28
MHS03627;4;3.43;3.32
MHS03628;1;2.37;2.37
MHS03628;2;2.52;2.45
MHS03628;3;3.24;2.71
MHS03628;4;3.34;2.87
MHS03628;5;3.16;2.93
MHS03628;6;3.64;3.05
MHS03629;1;3.57;3.57
MHS03629;2;3.94;3.75
MHS03629;3;4.0;3.83
MHS03629;4;4.0;3.88
MHS03630;1;2.81;2.81
MHS03630;2;2.91;2.86
MHS03630;3;3.26;3.0
MHS03630;4;3.57;3.14
MHS03631;1;2.89;2.89
MHS03631;2;2.86;2.88
MHS03632;1;3.57;3.57
MHS03632;2;3.47;3.52
MHS03632;3;3.37;3.47
MHS03632;4;3.59;3.5
MHS03633;1;3.5;3.5
MHS03633;2;3.14;3.32
MHS03634;1;3.49;3.49
MHS03634;2;3.57;3.53
MHS03635;1;2.25;2.25
MHS03635;2;2.6;2.42
MHS03636;1;3.31;3.31
MHS03636;2;3.44;3.37
MHS03636;3;3.59;3.45
MHS03636;4;3.62;3.49
MHS03637;1;3.17;3.17
MHS03637;2;4.0;3.58
MHS03637;3;3.67;3.61
MHS03637;4;3.5;3.58
MHS03637;5;3.19;3.5
MHS03637;6;3.61;3.52
MHS03637;7;3.73;3.55
MHS03637;8;3.81;3.58
MHS03638;1;3.48;3.48
MHS03638;2;3.75;3.61
MHS03638;3;3.72;3.65
MHS03638;4;3.79;3.68
MHS03638;5;3.67;3.68
MHS03638;6;3.83;3.71
MHS03639;1;2.92;2.92
MHS03639;2;3.23;3.08
MHS03639;3;3.45;3.2
MHS03639;4;3.22;3.21
MHS03640;1;4.0;4.0
MHS03640;2;4.0;4.0
MHS03640;3;4.0;4.0
MHS03640;4;4.0;4.0
MHS03640;5;4.0;4.0
MHS03640;6;4.0;4.0
MHS03641;1;2.28;2.28
MHS03641;2;2.49;2.39
MHS03642;1;3.78;3.78
MHS03642;2;3.74;3.76
MHS03642;3;3.66;3.73
MHS03642;4;3.86;3.76
MHS03642;5;3.83;3.78
MHS03642;6;4.0;3.81
MHS03642;7;4.0;3.84
MHS03642;8;4.0;3.86
MHS03643;1;3.56;3.56
MHS03643;2;3.59;3.58
MHS03643;3;4.0;3.72
MHS03643;4;4.0;3.79
MHS03643;5;4.0;3.83
MHS03643;6;4.0;3.86
MHS03643;7;4.0;3.88
MHS03643;8;3.91;3.88
MHS03644;1;3.03;3.03
MHS03644;2;2.96;3.0
MHS03645;1;2.38;2.38
MHS03645;2;2.64;2.51
MHS03645;3;2.95;2.66
MHS03645;4;3.26;2.81
MHS03645;5;3.29;2.9
MHS03645;6;3.32;2.97
MHS03646;1;4.0;4.0
MHS03646;2;4.0;4.0
MHS03647;1;4.0;4.0
MHS03647;2;3.48;3.74
MHS03647;3;3.82;3.76
MHS03647;4;4.0;3.82
MHS03648;1;3.89;3.89
MHS03648;2;3.73;3.81
MHS03649;1;3.05;3.05
MHS03649;2;3.07;3.06
MHS03649;3;3.3;3.14
MHS03649;4;4.0;3.36
MHS03649;5;3.92;3.47
MHS03649;6;3.86;3.53
MHS03649;7;3.89;3.58
MHS03649;8;3.71;3.6
MHS03650;1;2.15;2.15
MHS03650;2;2.74;2.44
MHS03650;3;4.0;2.96
MHS03650;4;3.34;3.06
MHS03650;5;3.38;3.12
MHS03650;6;4.0;3.27
MHS03650;7;3.31;3.27
MHS03650;8;3.65;3.32
MHS03651;1;3.07;3.07
MHS03651;2;3.39;3.23
MHS03651;3;3.12;3.2
MHS03651;4;3.43;3.25
MHS03652;1;3.26;3.26
MHS03652;2;2.84;3.05
MHS03652;3;3.12;3.07
MHS03652;4;3.18;3.1
MHS03652;5;3.0;3.08
MHS03652;6;3.48;3.15
MHS03652;7;3.21;3.16
MHS03652;8;3.06;3.14
MHS03652;9;3.05;3.13
MHS03653;1;2.73;2.73
MHS03653;2;3.27;3.0
MHS03653;3;3.27;3.09
MHS03653;4;3.08;3.09
MHS03653;5;2.8;3.03
MHS03653;6;3.06;3.03
MHS03653;7;2.65;2.98
MHS03653;8;3.17;3.0
MHS03654;1;3.07;3.07
MHS03654;2;3.15;3.11
MHS03654;3;3.59;3.27
MHS03654;4;3.27;3.27
MHS03654;5;3.84;3.39
MHS03654;6;4.0;3.49
MHS03654;7;3.6;3.5
MHS03654;8;3.35;3.48
MHS03655;1;3.77;3.77
MHS03655;2;3.25;3.51
MHS03655;3;3.59;3.54
MHS03655;4;4.0;3.65
MHS03656;1;2.71;2.71
MHS03656;2;2.96;2.83
MHS03656;3;2.87;2.84
MHS03656;4;3.03;2.89
MHS03656;5;3.24;2.96
MHS03656;6;2.7;2.92
MHS03656;7;2.89;2.91
MHS03656;8;3.27;2.96
MHS03657;1;3.01;3.01
MHS03657;2;2.79;2.9
MHS03657;3;3.49;3.09
MHS03657;4;3.3;3.15
MHS03657;5;3.16;3.15
MHS03657;6;3.49;3.2
MHS03657;7;3.46;3.24
MHS03657;8;3.04;3.22
MHS03657;9;3.58;3.26
MHS03658;1;2.85;2.85
MHS03658;2;3.28;3.06
MHS03659;1;3.38;3.38
MHS03659;2;3.14;3.26
MHS03659;3;3.37;3.29
MHS03659;4;3.02;3.23
MHS03659;5;3.47;3.27
MHS03659;6;3.25;3.27
MHS03660;1;2.49;2.49
MHS03660;2;3.09;2.79
MHS03661;1;2.59;2.59
MHS03661;2;2.89;2.74
MHS03661;3;3.07;2.85
MHS03661;4;4.0;3.14
MHS03662;1;3.43;3.43
MHS03662;2;3.62;3.52
MHS03662;3;3.72;3.59
MHS03662;4;4.0;3.69
MHS03662;5;3.28;3.61
MHS03662;6;3.63;3.61
MHS03662;7;3.8;3.64
MHS03662;8;3.98;3.68
MHS03663;1;2.43;2.43
MHS03663;2;3.13;2.78
MHS03663;3;2.89;2.82
MHS03663;4;3.55;3.0
MHS03663;5;3.4;3.08
MHS03663;6;3.32;3.12
MHS03664;1;2.5;2.5
MHS03664;2;2.82;2.66
MHS03664;3;3.67;3.0
MHS03664;4;3.63;3.16
MHS03665;1;2.14;2.14
MHS03665;2;2.95;2.55
MHS03665;3;2.28;2.46
MHS03665;4;2.91;2.57
MHS03665;5;2.56;2.57
MHS03665;6;2.94;2.63
MHS03666;1;2.32;2.32
MHS03666;2;3.17;2.75
MHS03666;3;2.82;2.77
MHS03666;4;2.94;2.81
MHS03666;5;2.64;2.78
MHS03666;6;3.41;2.88
MHS03667;1;3.15;3.15
MHS03667;2;3.35;3.25
MHS03668;1;3.27;3.27
MHS03668;2;2.76;3.02
MHS03668;3;3.46;3.17
MHS03668;4;3.39;3.22
MHS03668;5;3.38;3.25
MHS03668;6;3.69;3.33
MHS03669;1;2.12;2.12
MHS03669;2;2.76;2.44
MHS03669;3;2.71;2.53
MHS03669;4;3.0;2.65
MHS03669;5;2.55;2.63
MHS03669;6;2.79;2.66
MHS03669;7;2.6;2.65
MHS03669;8;2.64;2.65
MHS03670;1;2.74;2.74
MHS03670;2;2.17;2.46
MHS03670;3;2.94;2.62
MHS03670;4;2.57;2.6
MHS03671;1;3.16;3.16
MHS03671;2;3.67;3.41
MHS03671;3;3.32;3.38
MHS03671;4;3.1;3.31
MHS03672;1;3.12;3.12
MHS03672;2;3.95;3.53
MHS03673;1;3.1;3.1
MHS03673;2;3.52;3.31
MHS03673;3;3.26;3.29
MHS03673;4;4.0;3.47
MHS03673;5;3.65;3.51
MHS03673;6;3.82;3.56
MHS03673;7;3.51;3.55
MHS03673;8;3.62;3.56
MHS03674;1;2.98;2.98
MHS03674;2;2.74;2.86
MHS03674;3;3.73;3.15
MHS03674;4;3.68;3.28
MHS03675;1;3.41;3.41
MHS03675;2;3.7;3.56
MHS03676;1;1.59;1.59
MHS03676;2;2.2;1.9
MHS03677;1;3.45;3.45
MHS03677;2;3.51;3.48
MHS03678;1;3.37;3.37
MHS03678;2;3.32;3.34
MHS03678;3;3.18;3.29
MHS03678;4;3.83;3.42
MHS03678;5;3.88;3.51
MHS03678;6;3.63;3.53
MHS03678;7;3.44;3.52
MHS03678;8;3.52;3.52
MHS03679;1;3.26;3.26
MHS03679;2;3.18;3.22
MHS03679;3;3.94;3.46
MHS03679;4;3.98;3.59
MHS03679;5;3.53;3.58
MHS03679;6;2.83;3.45
MHS03679;7;3.65;3.48
MHS03679;8;3.27;3.45
MHS03680;1;2.98;2.98
MHS03680;2;3.07;3.02
MHS03680;3;3.17;3.07
MHS03680;4;3.12;3.08
MHS03681;1;2.95;2.95
MHS03681;2;3.37;3.16
MHS03681;3;3.34;3.22
MHS03681;4;3.59;3.31
MHS03682;1;3.33;3.33
MHS03682;2;3.32;3.32
MHS03682;3;3.39;3.35
MHS03682;4;3.99;3.51
MHS03683;1;3.69;3.69
MHS03683;2;3.12;3.4
MHS03684;1;2.56;2.56
MHS03684;2;2.81;2.68
MHS03684;3;3.22;2.86
MHS03684;4;3.04;2.91
MHS03684;5;3.46;3.02
MHS03684;6;3.24;3.05
MHS03684;7;3.66;3.14
MHS03684;8;3.11;3.14
MHS03685;1;2.27;2.27
MHS03685;2;2.59;2.43
MHS03685;3;2.29;2.39
MHS03685;4;2.69;2.46
MHS03685;5;2.45;2.46
MHS03685;6;2.95;2.54
MHS03686;1;3.05;3.05
MHS03686;2;3.59;3.32
MHS03686;3;3.42;3.36
MHS03686;4;3.65;3.43
MHS03687;1;2.51;2.51
MHS03687;2;2.58;2.54
MHS03687;3;3.33;2.8
MHS03687;4;3.0;2.85
MHS03687;5;3.15;2.91
MHS03687;6;3.45;3.0
MHS03688;1;4.0;4.0
MHS03688;2;3.79;3.9
MHS03689;1;2.59;2.59
MHS03689;2;2.97;2.78
MHS03689;3;2.53;2.7
MHS03689;4;3.18;2.82
MHS03689;5;2.91;2.84
MHS03689;6;2.92;2.85
MHS03689;7;3.12;2.89
MHS03689;8;2.98;2.9
MHS03690;1;2.55;2.55
MHS03690;2;2.44;2.49
MHS03690;3;2.47;2.49
MHS03690;4;2.85;2.58
MHS03690;5;2.36;2.53
MHS03690;6;2.45;2.52
MHS03691;1;2.28;2.28
MHS03691;2;2.25;2.27
MHS03691;3;2.85;2.46
MHS03691;4;2.6;2.5
MHS03691;5;3.03;2.6
MHS03691;6;2.84;2.64
MHS03692;1;2.52;2.52
MHS03692;2;3.31;2.91
MHS03692;3;3.21;3.01
MHS03692;4;3.37;3.1
MHS03692;5;3.52;3.19
MHS03692;6;3.21;3.19
MHS03693;1;2.15;2.15
MHS03693;2;2.45;2.3
MHS03694;1;3.63;3.63
MHS03694;2;3.29;3.46
MHS03694;3;3.99;3.64
MHS03694;4;3.57;3.62
MHS03695;1;2.27;2.27
MHS03695;2;3.04;2.66
MHS03695;3;2.46;2.59
MHS03695;4;2.85;2.66
MHS03696;1;3.5;3.5
MHS03696;2;3.47;3.48
MHS03696;3;4.0;3.66
MHS03696;4;3.78;3.69
MHS03697;1;2.79;2.79
MHS03697;2;3.64;3.22
MHS03698;1;2.78;2.78
MHS03698;2;3.1;2.94
MHS03698;3;3.4;3.09
MHS03698;4;3.2;3.12
MHS03698;5;3.49;3.19
MHS03698;6;3.21;3.2
MHS03698;7;3.5;3.24
MHS03698;8;3.65;3.29
MHS03699;1;2.37;2.37
MHS03699;2;3.01;2.69
MHS03699;3;2.92;2.77
MHS03699;4;3.11;2.85
MHS03699;5;2.9;2.86
MHS03699;6;3.32;2.94
MHS03699;7;3.19;2.97
MHS03699;8;3.28;3.01
MHS03700;1;3.27;3.27
MHS03700;2;3.79;3.53
MHS03701;1;3.16;3.16
MHS03701;2;2.91;3.04
MHS03702;1;3.05;3.05
MHS03702;2;3.51;3.28
MHS03702;3;3.22;3.26
MHS03702;4;3.97;3.44
MHS03703;1;2.43;2.43
MHS03703;2;3.38;2.91
MHS03704;1;3.27;3.27
MHS03704;2;4.0;3.63
MHS03705;1;2.48;2.48
MHS03705;2;2.82;2.65
MHS03705;3;3.22;2.84
MHS03705;4;3.49;3.0
MHS03705;5;3.84;3.17
MHS03705;6;3.48;3.22
MHS03706;1;3.11;3.11
MHS03706;2;3.28;3.19
MHS03706;3;3.91;3.43
MHS03706;4;3.8;3.53
MHS03706;5;3.78;3.58
MHS03706;6;4.0;3.65
MHS03706;7;3.91;3.69
MHS03706;8;3.94;3.72
MHS03707;1;3.14;3.14
MHS03707;2;3.33;3.24
MHS03707;3;3.48;3.32
MHS03707;4;3.11;3.26
MHS03707;5;4.0;3.41
MHS03707;6;3.5;3.43
MHS03707;7;3.6;3.45
MHS03707;8;3.94;3.51
MHS03708;1;3.46;3.46
MHS03708;2;3.79;3.62
MHS03708;3;3.66;3.64
MHS03708;4;3.77;3.67
MHS03708;5;3.86;3.71
MHS03708;6;3.73;3.71
MHS03708;7;3.44;3.67
MHS03708;8;4.0;3.71
MHS03709;1;2.73;2.73
MHS03709;2;2.79;2.76
MHS03709;3;2.65;2.72
MHS03709;4;3.11;2.82
MHS03709;5;2.68;2.79
MHS03709;6;2.94;2.81
MHS03710;1;2.17;2.17
MHS03710;2;3.05;2.61
MHS03711;1;2.47;2.47
MHS03711;2;2.2;2.34
MHS03712;1;3.11;3.11
MHS03712;2;3.97;3.54
MHS03713;1;3.01;3.01
MHS03713;2;3.14;3.08
MHS03713;3;3.24;3.13
MHS03713;4;3.21;3.15
MHS03713;5;3.22;3.17
MHS03713;6;3.2;3.17
MHS03714;1;2.03;2.03
MHS03714;2;2.92;2.47
MHS03714;3;2.84;2.59
MHS03714;4;2.85;2.66
MHS03714;5;2.83;2.69
MHS03714;6;3.43;2.82
MHS03714;7;3.24;2.88
MHS03714;8;3.37;2.94
MHS03714;9;2.84;2.93
MHS03714;10;2.93;2.93
MHS03715;1;3.4;3.4
MHS03715;2;3.29;3.34
MHS03716;1;3.94;3.94
MHS03716;2;3.87;3.9
MHS03716;3;4.0;3.93
MHS03716;4;4.0;3.95
MHS03716;5;4.0;3.96
MHS03716;6;4.0;3.97
MHS03717;1;3.27;3.27
MHS03717;2;3.12;3.19
MHS03718;1;2.51;2.51
MHS03718;2;2.28;2.4
MHS03718;3;2.73;2.51
MHS03718;4;2.74;2.57
MHS03718;5;3.24;2.7
MHS03718;6;3.38;2.82
MHS03719;1;2.83;2.83
MHS03719;2;2.53;2.68
MHS03719;3;3.26;2.87
MHS03719;4;3.42;3.01
MHS03720;1;3.25;3.25
MHS03720;2;4.0;3.63
MHS03720;3;3.98;3.75
MHS03720;4;3.6;3.71
MHS03720;5;4.0;3.77
MHS03720;6;3.81;3.78
MHS03720;7;3.97;3.8
MHS03720;8;4.0;3.83
MHS03721;1;1.6;1.6
MHS03721;2;2.2;1.9
MHS03722;1;2.92;2.92
MHS03722;2;3.38;3.15
MHS03722;3;4.0;3.43
MHS03722;4;4.0;3.58
MHS03723;1;3.21;3.21
MHS03723;2;2.98;3.1
MHS03724;1;2.91;2.91
MHS03724;2;3.1;3.01
MHS03724;3;3.09;3.03
MHS03724;4;3.69;3.2
MHS03724;5;3.39;3.24
MHS03724;6;3.27;3.24
MHS03724;7;3.52;3.28
MHS03724;8;3.39;3.3
MHS03725;1;2.85;2.85
MHS03725;2;2.97;2.91
MHS03725;3;2.94;2.92
MHS03725;4;3.02;2.95
MHS03725;5;3.37;3.03
MHS03725;6;2.76;2.99
MHS03725;7;3.33;3.04
MHS03725;8;2.93;3.02
MHS03726;1;2.15;2.15
MHS03726;2;3.31;2.73
MHS03727;1;2.73;2.73
MHS03727;2;3.47;3.1
MHS03728;1;4.0;4.0
MHS03728;2;4.0;4.0
MHS03728;3;4.0;4.0
MHS03728;4;4.0;4.0
MHS03728;5;4.0;4.0
MHS03728;6;4.0;4.0
MHS03728;7;4.0;4.0
MHS03728;8;4.0;4.0
MHS03729;1;4.0;4.0
MHS03729;2;3.71;3.86
MHS03730;1;2.78;2.78
MHS03730;2;2.48;2.63
MHS03730;3;3.07;2.78
MHS03730;4;3.0;2.83
MHS03730;5;3.45;2.96
MHS03730;6;3.12;2.98
MHS03731;1;2.41;2.41
MHS03731;2;2.77;2.59
MHS03731;3;2.93;2.7
MHS03731;4;3.38;2.87
MHS03731;5;3.06;2.91
MHS03731;6;3.33;2.98
MHS03731;7;3.19;3.01
MHS03731;8;3.62;3.09
MHS03732;1;3.62;3.62
MHS03732;2;4.0;3.81
MHS03732;3;4.0;3.87
MHS03732;4;4.0;3.9
MHS03732;5;3.75;3.87
MHS03732;6;3.79;3.86
MHS03733;1;2.62;2.62
MHS03733;2;2.79;2.71
MHS03733;3;3.23;2.88
MHS03733;4;3.4;3.01
MHS03733;5;3.19;3.05
MHS03733;6;2.76;3.0
MHS03733;7;3.42;3.06
MHS03733;8;2.89;3.04
MHS03734;1;3.18;3.18
MHS03734;2;3.04;3.11
MHS03735;1;2.04;2.04
MHS03735;2;2.76;2.4
MHS03736;1;3.06;3.06
MHS03736;2;3.16;3.11
MHS03736;3;3.12;3.11
MHS03736;4;3.29;3.16
MHS03737;1;3.38;3.38
MHS03737;2;3.37;3.38
MHS03737;3;4.0;3.58
MHS03737;4;4.0;3.69
MHS03737;5;3.29;3.61
MHS03737;6;3.62;3.61
MHS03738;1;3.3;3.3
MHS03738;2;3.13;3.22
MHS03738;3;3.31;3.25
MHS03738;4;3.69;3.36
MHS03738;5;3.73;3.43
MHS03738;6;3.59;3.46
MHS03739;1;2.61;2.61
MHS03739;2;3.36;2.98
MHS03740;1;3.96;3.96
MHS03740;2;4.0;3.98
MHS03740;3;4.0;3.99
MHS03740;4;4.0;3.99
MHS03740;5;4.0;3.99
MHS03740;6;4.0;3.99
MHS03740;7;4.0;3.99
MHS03740;8;4.0;3.99
MHS03741;1;2.34;2.34
MHS03741;2;3.31;2.83
MHS03741;3;2.74;2.8
MHS03741;4;3.08;2.87
MHS03741;5;3.19;2.93
MHS03741;6;2.83;2.92
MHS03742;1;3.25;3.25
MHS03742;2;3.93;3.59
MHS03742;3;3.91;3.7
MHS03742;4;3.92;3.75
MHS03742;5;4.0;3.8
MHS03742;6;3.95;3.83
MHS03743;1;2.33;2.33
MHS03743;2;3.06;2.7
MHS03743;3;2.96;2.78
MHS03743;4;2.92;2.82
MHS03743;5;3.03;2.86
MHS03743;6;3.54;2.97
MHS03744;1;3.07;3.07
MHS03744;2;3.1;3.08
MHS03744;3;3.26;3.14
MHS03744;4;3.43;3.21
MHS03745;1;2.56;2.56
MHS03745;2;2.66;2.61
MHS03745;3;2.54;2.59
MHS03745;4;2.65;2.6
MHS03745;5;2.9;2.66
MHS03745;6;3.17;2.75
MHS03745;7;2.98;2.78
MHS03745;8;2.84;2.79
MHS03745;9;2.66;2.77
MHS03745;10;3.23;2.82
MHS03746;1;2.53;2.53
MHS03746;2;2.5;2.52
MHS03747;1;2.23;2.23
MHS03747;2;3.17;2.7
MHS03747;3;3.43;2.94
MHS03747;4;3.59;3.1
MHS03747;5;3.74;3.23
MHS03747;6;2.84;3.17
MHS03747;7;3.27;3.18
MHS03747;8;3.52;3.23
MHS03747;9;3.35;3.24
MHS03748;1;2.42;2.42
MHS03748;2;2.96;2.69
MHS03749;1;3.25;3.25
MHS03749;2;3.63;3.44
MHS03750;1;2.91;2.91
MHS03750;2;3.45;3.18
MHS03750;3;3.8;3.38
MHS03750;4;3.5;3.41
MHS03750;5;3.58;3.45
MHS03750;6;3.9;3.52
MHS03751;1;3.62;3.62
MHS03751;2;3.97;3.79
MHS03751;3;4.0;3.86
MHS03751;4;3.42;3.75
MHS03751;5;4.0;3.8
MHS03751;6;4.0;3.83
MHS03751;7;4.0;3.86
MHS03751;8;3.9;3.86
MHS03752;1;2.65;2.65
MHS03752;2;2.82;2.74
MHS03753;1;3.67;3.67
MHS03753;2;3.67;3.67
MHS03753;3;3.84;3.73
MHS03753;4;3.65;3.71
MHS03753;5;3.65;3.7
MHS03753;6;3.92;3.74
MHS03753;7;4.0;3.77
MHS03753;8;4.0;3.8
MHS03754;1;2.67;2.67
MHS03754;2;3.21;2.94
MHS03755;1;3.22;3.22
MHS03755;2;2.59;2.91
MHS03755;3;3.63;3.15
MHS03755;4;3.05;3.13
MHS03755;5;3.52;3.21
MHS03755;6;3.32;3.22
MHS03756;1;3.24;3.24
MHS03756;2;3.53;3.39
MHS03757;1;1.97;1.97
MHS03757;2;2.83;2.4
MHS03757;3;2.71;2.5
MHS03757;4;3.31;2.7
MHS03757;5;3.18;2.8
MHS03757;6;3.13;2.85
MHS03758;1;3.11;3.11
MHS03758;2;3.37;3.24
MHS03759;1;3.78;3.78
MHS03759;2;4.0;3.89
MHS03759;3;4.0;3.93
MHS03759;4;4.0;3.94
MHS03759;5;4.0;3.96
MHS03759;6;4.0;3.96
MHS03759;7;4.0;3.97
MHS03759;8;4.0;3.97
MHS03760;1;2.37;2.37
MHS03760;2;2.48;2.42
MHS03761;1;2.27;2.27
MHS03761;2;3.11;2.69
MHS03761;3;2.92;2.77
MHS03761;4;3.16;2.86
MHS03761;5;3.15;2.92
MHS03761;6;2.41;2.84
MHS03762;1;1.66;1.66
MHS03762;2;2.28;1.97
MHS03763;1;2.61;2.61
MHS03763;2;2.99;2.8
MHS03763;3;2.98;2.86
MHS03763;4;3.16;2.94
MHS03764;1;3.64;3.64
MHS03764;2;3.13;3.39
MHS03764;3;3.31;3.36
MHS03764;4;4.0;3.52
MHS03764;5;3.5;3.52
MHS03764;6;3.49;3.51
MHS03765;1;3.41;3.41
MHS03765;2;3.78;3.6
MHS03766;1;4.0;4.0
MHS03766;2;4.0;4.0
MHS03767;1;3.25;3.25
MHS03767;2;3.22;3.24
MHS03768;1;3.35;3.35
MHS03768;2;3.42;3.39
MHS03768;3;4.0;3.59
MHS03768;4;4.0;3.69
MHS03768;5;3.72;3.7
MHS03768;6;4.0;3.75
MHS03769;1;2.36;2.36
MHS03769;2;2.05;2.21
MHS03770;1;2.97;2.97
MHS03770;2;3.83;3.4
MHS03770;3;3.28;3.36
MHS03770;4;3.44;3.38
MHS03770;5;3.28;3.36
MHS03770;6;3.25;3.34
MHS03771;1;3.14;3.14
MHS03771;2;3.03;3.09
MHS03771;3;3.13;3.1
MHS03771;4;3.35;3.16
MHS03772;1;3.48;3.48
MHS03772;2;3.74;3.61
MHS03773;1;2.35;2.35
MHS03773;2;2.66;2.5
MHS03773;3;2.94;2.65
MHS03773;4;3.22;2.79
MHS03774;1;3.25;3.25
MHS03774;2;3.4;3.33
MHS03774;3;3.15;3.27
MHS03774;4;3.22;3.25
MHS03775;1;2.2;2.2
MHS03775;2;2.22;2.21
MHS03776;1;3.8;3.8
MHS03776;2;3.67;3.74
MHS03776;3;3.95;3.81
MHS03776;4;4.0;3.86
MHS03776;5;4.0;3.89
MHS03776;6;3.92;3.89
MHS03776;7;3.9;3.89
MHS03776;8;3.34;3.82
MHS03777;1;3.5;3.5
MHS03777;2;2.84;3.17
MHS03778;1;3.61;3.61
MHS03778;2;3.27;3.44
MHS03778;3;3.18;3.35
MHS03778;4;3.12;3.3
MHS03778;5;3.38;3.31
MHS03778;6;4.0;3.43
MHS03778;7;3.52;3.44
MHS03778;8;3.54;3.45
MHS03779;1;3.51;3.51
MHS03779;2;3.62;3.56
MHS03779;3;3.61;3.58
MHS03779;4;3.69;3.61
MHS03779;5;3.36;3.56
MHS03779;6;3.47;3.54
MHS03779;7;3.47;3.53
MHS03779;8;3.93;3.58
MHS03780;1;3.19;3.19
MHS03780;2;3.37;3.28
MHS03780;3;3.4;3.32
MHS03780;4;3.28;3.31
MHS03780;5;3.48;3.34
MHS03780;6;3.59;3.38
MHS03780;7;3.98;3.47
MHS03780;8;4.0;3.54
MHS03780;9;3.16;3.49
MHS03781;1;3.26;3.26
MHS03781;2;3.56;3.41
MHS03782;1;3.0;3.0
MHS03782;2;3.27;3.14
MHS03782;3;3.24;3.17
MHS03782;4;4.0;3.38
MHS03782;5;3.79;3.46
MHS03782;6;3.71;3.5
MHS03783;1;1.92;1.92
MHS03783;2;1.83;1.88
MHS03783;3;2.39;2.05
MHS03783;4;2.38;2.13
MHS03783;5;2.43;2.19
MHS03783;6;2.51;2.24
MHS03784;1;2.97;2.97
MHS03784;2;3.32;3.14
MHS03785;1;3.83;3.83
MHS03785;2;3.78;3.81
MHS03785;3;4.0;3.87
MHS03785;4;4.0;3.9
MHS03786;1;3.64;3.64
MHS03786;2;3.38;3.51
MHS03786;3;3.75;3.59
MHS03786;4;4.0;3.69
MHS03787;1;2.77;2.77
MHS03787;2;2.79;2.78
MHS03787;3;2.76;2.77
MHS03787;4;2.91;2.81
MHS03787;5;3.42;2.93
MHS03787;6;2.93;2.93
MHS03788;1;3.13;3.13
MHS03788;2;3.44;3.29
MHS03788;3;3.72;3.43
MHS03788;4;3.47;3.44
MHS03788;5;3.66;3.49
MHS03788;6;3.57;3.5
MHS03788;7;3.6;3.52
MHS03788;8;3.61;3.53
MHS03789;1;3.9;3.9
MHS03789;2;3.86;3.88
MHS03789;3;3.98;3.92
MHS03789;4;3.55;3.82
MHS03789;5;3.83;3.83
MHS03789;6;3.61;3.79
MHS03789;7;3.75;3.79
MHS03789;8;3.57;3.76
MHS03790;1;3.57;3.57
MHS03790;2;2.76;3.16
MHS03790;3;2.67;3.0
MHS03790;4;3.1;3.03
MHS03791;1;2.98;2.98
MHS03791;2;3.18;3.08
MHS03791;3;2.88;3.01
MHS03791;4;2.99;3.01
MHS03792;1;2.59;2.59
MHS03792;2;2.17;2.38
MHS03792;3;2.97;2.58
MHS03792;4;3.76;2.87
MHS03792;5;3.11;2.92
MHS03792;6;3.63;3.04
MHS03793;1;2.9;2.9
MHS03793;2;3.41;3.15
MHS03794;1;2.61;2.61
MHS03794;2;3.41;3.01
MHS03794;3;3.24;3.09
MHS03794;4;2.98;3.06
MHS03794;5;2.94;3.04
MHS03794;6;3.03;3.04
MHS03794;7;3.82;3.15
MHS03794;8;3.29;3.17
MHS03795;1;3.11;3.11
MHS03795;2;2.91;3.01
MHS03796;1;2.41;2.41
MHS03796;2;3.3;2.85
MHS03797;1;2.13;2.13
MHS03797;2;2.54;2.34
MHS03797;3;3.38;2.69
MHS03797;4;3.34;2.85
MHS03797;5;3.11;2.9
MHS03797;6;2.66;2.86
MHS03797;7;3.34;2.93
MHS03797;8;2.98;2.94
MHS03798;1;2.63;2.63
MHS03798;2;2.82;2.73
MHS03798;3;2.7;2.72
MHS03798;4;2.59;2.69
MHS03798;5;3.05;2.76
MHS03798;6;3.16;2.83
MHS03799;1;3.49;3.49
MHS03799;2;3.27;3.38
MHS03799;3;3.88;3.54
MHS03799;4;4.0;3.66
MHS03799;5;3.8;3.69
MHS03799;6;3.84;3.71
MHS03799;7;4.0;3.75
MHS03799;8;4.0;3.78
MHS03800;1;3.94;3.94
MHS03800;2;3.94;3.94
MHS03800;3;4.0;3.96
MHS03800;4;3.12;3.75
MHS03801;1;1.64;1.64
MHS03801;2;1.81;1.72
MHS03802;1;2.24;2.24
MHS03802;2;2.33;2.28
MHS03802;3;3.03;2.53
MHS03802;4;3.24;2.71
MHS03802;5;3.25;2.82
MHS03802;6;2.82;2.82
MHS03803;1;3.39;3.39
MHS03803;2;3.6;3.5
MHS03804;1;3.15;3.15
MHS03804;2;2.87;3.01
MHS03804;3;3.65;3.22
MHS03804;4;3.75;3.36
MHS03805;1;2.69;2.69
MHS03805;2;3.07;2.88
MHS03805;3;2.52;2.76
MHS03805;4;3.08;2.84
MHS03806;1;3.28;3.28
MHS03806;2;3.18;3.23
MHS03806;3;3.69;3.38
MHS03806;4;3.45;3.4
MHS03807;1;2.87;2.87
MHS03807;2;3.25;3.06
MHS03807;3;3.7;3.27
MHS03807;4;3.5;3.33
MHS03808;1;3.31;3.31
MHS03808;2;3.35;3.33
MHS03808;3;3.29;3.31
MHS03808;4;3.3;3.31
MHS03809;1;2.19;2.19
MHS03809;2;2.94;2.57
MHS03809;3;2.67;2.6
MHS03809;4;2.82;2.66
MHS03809;5;2.85;2.7
MHS03809;6;3.03;2.75
MHS03810;1;3.91;3.91
MHS03810;2;3.99;3.95
MHS03810;3;3.58;3.83
MHS03810;4;4.0;3.87
MHS03810;5;4.0;3.9
MHS03810;6;3.85;3.89
MHS03810;7;3.92;3.89
MHS03810;8;4.0;3.91
MHS03811;1;3.04;3.04
MHS03811;2;3.07;3.05
MHS03812;1;2.9;2.9
MHS03812;2;3.19;3.04
MHS03812;3;3.38;3.15
MHS03812;4;2.87;3.08
MHS03813;1;3.01;3.01
MHS03813;2;3.14;3.08
MHS03813;3;3.41;3.19
MHS03813;4;3.27;3.21
MHS03814;1;3.9;3.9
MHS03814;2;3.62;3.76
MHS03814;3;4.0;3.84
MHS03814;4;3.73;3.82
MHS03814;5;3.97;3.85
MHS03814;6;4.0;3.87
MHS03815;1;3.24;3.24
MHS03815;2;2.83;3.03
MHS03815;3;3.08;3.05
MHS03815;4;3.4;3.14
MHS03815;5;2.91;3.09
MHS03815;6;3.41;3.15
MHS03815;7;2.6;3.07
MHS03815;8;3.88;3.17
MHS03815;9;2.95;3.14
MHS03815;10;3.52;3.18
MHS03816;1;2.28;2.28
MHS03816;2;3.29;2.78
MHS03816;3;2.86;2.81
MHS03816;4;4.0;3.11
MHS03816;5;3.62;3.21
MHS03816;6;2.86;3.15
MHS03816;7;3.74;3.23
MHS03816;8;2.97;3.2
MHS03817;1;2.87;2.87
MHS03817;2;2.71;2.79
MHS03817;3;2.42;2.67
MHS03817;4;2.41;2.6
MHS03818;1;3.87;3.87
MHS03818;2;3.96;3.91
MHS03818;3;4.0;3.94
MHS03818;4;3.6;3.86
MHS03819;1;2.5;2.5
MHS03819;2;2.87;2.68
MHS03820;1;2.37;2.37
MHS03820;2;3.47;2.92
MHS03820;3;3.01;2.95
MHS03820;4;3.02;2.97
MHS03821;1;3.0;3.0
MHS03821;2;2.71;2.85
MHS03822;1;3.59;3.59
MHS03822;2;3.03;3.31
MHS03823;1;3.25;3.25
MHS03823;2;3.75;3.5
MHS03823;3;3.78;3.6
MHS03823;4;3.33;3.53
MHS03824;1;2.94;2.94
MHS03824;2;3.49;3.21
MHS03824;3;3.44;3.29
MHS03824;4;2.95;3.21
MHS03825;1;2.55;2.55
MHS03825;2;3.23;2.89
MHS03825;3;3.3;3.03
MHS03825;4;3.06;3.04
MHS03826;1;3.12;3.12
MHS03826;2;3.06;3.09
MHS03826;3;3.57;3.25
MHS03826;4;3.74;3.37
MHS03827;1;2.78;2.78
MHS03827;2;3.38;3.08
MHS03827;3;3.32;3.16
MHS03827;4;3.17;3.16
MHS03827;5;3.46;3.22
MHS03827;6;3.38;3.25
MHS03828;1;3.07;3.07
MHS03828;2;3.62;3.35
MHS03828;3;4.0;3.57
MHS03828;4;3.83;3.63
MHS03829;1;2.87;2.87
MHS03829;2;3.49;3.18
MHS03829;3;2.77;3.04
MHS03829;4;3.44;3.14
MHS03829;5;3.04;3.12
MHS03829;6;3.84;3.24
MHS03830;1;2.69;2.69
MHS03830;2;2.97;2.83
MHS03830;3;3.2;2.95
MHS03830;4;3.19;3.01
MHS03831;1;2.46;2.46
MHS03831;2;2.82;2.64
MHS03831;3;2.64;2.64
MHS03831;4;2.66;2.65
MHS03831;5;2.88;2.69
MHS03831;6;3.06;2.75
MHS03831;7;2.94;2.78
MHS03831;8;2.84;2.79
MHS03832;1;2.86;2.86
MHS03832;2;3.3;3.08
MHS03833;1;3.07;3.07
MHS03833;2;2.83;2.95
MHS03833;3;3.17;3.02
MHS03833;4;3.09;3.04
MHS03833;5;3.3;3.09
MHS03833;6;3.68;3.19
MHS03833;7;3.78;3.27
MHS03833;8;4.0;3.37
MHS03833;9;3.69;3.4
MHS03833;10;3.18;3.38
MHS03833;11;4.0;3.44
MHS03834;1;2.79;2.79
MHS03834;2;3.04;2.91
MHS03834;3;3.61;3.14
MHS03834;4;3.28;3.18
MHS03834;5;3.62;3.26
MHS03834;6;3.42;3.29
MHS03834;7;3.6;3.33
MHS03834;8;3.79;3.39
MHS03835;1;3.01;3.01
MHS03835;2;4.0;3.51
MHS03836;1;1.75;1.75
MHS03836;2;2.1;1.92
MHS03837;1;3.15;3.15
MHS03837;2;3.83;3.49
MHS03837;3;3.42;3.47
MHS03837;4;2.93;3.33
MHS03837;5;3.66;3.4
MHS03837;6;3.33;3.39
MHS03837;7;3.79;3.44
MHS03837;8;3.52;3.45
MHS03838;1;2.89;2.89
MHS03838;2;3.0;2.94
MHS03839;1;3.0;3.0
MHS03839;2;2.89;2.94
MHS03839;3;3.04;2.98
MHS03839;4;3.13;3.01
MHS03839;5;3.86;3.18
MHS03839;6;3.25;3.19
MHS03840;1;3.78;3.78
MHS03840;2;3.66;3.72
MHS03841;1;4.0;4.0
MHS03841;2;4.0;4.0
MHS03841;3;4.0;4.0
MHS03841;4;3.86;3.97
MHS03841;5;3.77;3.93
MHS03841;6;4.0;3.94
MHS03842;1;4.0;4.0
MHS03842;2;3.61;3.8
MHS03842;3;4.0;3.87
MHS03842;4;4.0;3.9
MHS03842;5;4.0;3.92
MHS03842;6;4.0;3.93
MHS03842;7;4.0;3.94
MHS03842;8;4.0;3.95
MHS03843;1;3.16;3.16
MHS03843;2;3.18;3.17
MHS03843;3;3.06;3.13
MHS03843;4;3.28;3.17
MHS03844;1;2.2;2.2
MHS03844;2;2.81;2.5
MHS03844;3;3.48;2.83
MHS03844;4;2.92;2.85
MHS03845;1;3.49;3.49
MHS03845;2;3.66;3.57
MHS03845;3;3.56;3.57
MHS03845;4;4.0;3.68
MHS03845;5;3.66;3.67
MHS03845;6;3.19;3.59
MHS03846;1;4.0;4.0
MHS03846;2;3.91;3.95
MHS03846;3;3.88;3.93
MHS03846;4;4.0;3.95
MHS03846;5;4.0;3.96
MHS03846;6;3.78;3.93
MHS03847;1;1.6;1.6
MHS03847;2;2.16;1.88
MHS03848;1;2.37;2.37
MHS03848;2;3.27;2.82
MHS03848;3;3.52;3.05
MHS03848;4;4.0;3.29
MHS03848;5;3.57;3.35
MHS03848;6;3.7;3.4
MHS03848;7;3.87;3.47
MHS03848;8;3.85;3.52
MHS03849;1;3.6;3.6
MHS03849;2;3.36;3.48
MHS03850;1;3.76;3.76
MHS03850;2;3.07;3.42
MHS03851;1;2.37;2.37
MHS03851;2;2.43;2.4
MHS03852;1;2.82;2.82
MHS03852;2;3.23;3.03
MHS03852;3;2.98;3.01
MHS03852;4;3.37;3.1
MHS03852;5;4.0;3.28
MHS03852;6;3.86;3.38
MHS03852;7;3.97;3.46
MHS03852;8;3.9;3.52
MHS03852;9;3.77;3.55
MHS03852;10;3.97;3.59
MHS03853;1;2.13;2.13
MHS03853;2;2.52;2.32
MHS03853;3;2.73;2.46
MHS03853;4;2.75;2.53
MHS03853;5;2.91;2.61
MHS03853;6;3.2;2.71
MHS03854;1;3.29;3.29
MHS03854;2;3.25;3.27
MHS03854;3;3.16;3.23
MHS03854;4;3.88;3.39
MHS03854;5;3.31;3.38
MHS03854;6;3.34;3.37
MHS03854;7;3.73;3.42
MHS03854;8;3.93;3.49
MHS03854;9;3.21;3.45
MHS03855;1;2.8;2.8
MHS03855;2;2.64;2.72
MHS03855;3;2.74;2.73
MHS03855;4;3.05;2.81
MHS03855;5;2.92;2.83
MHS03855;6;3.26;2.9
MHS03856;1;2.28;2.28
MHS03856;2;2.98;2.63
MHS03856;3;3.43;2.89
MHS03856;4;3.38;3.02
MHS03857;1;3.13;3.13
MHS03857;2;3.77;3.45
MHS03857;3;3.65;3.52
MHS03857;4;3.92;3.62
MHS03858;1;2.42;2.42
MHS03858;2;2.82;2.62
MHS03858;3;2.92;2.72
MHS03858;4;2.59;2.69
MHS03859;1;3.33;3.33
MHS03859;2;4.0;3.67
MHS03859;3;3.92;3.75
MHS03859;4;3.69;3.74
MHS03859;5;4.0;3.79
MHS03859;6;3.75;3.78
MHS03859;7;3.95;3.81
MHS03859;8;4.0;3.83
MHS03860;1;3.05;3.05
MHS03860;2;3.49;3.27
MHS03861;1;2.62;2.62
MHS03861;2;3.11;2.86
MHS03861;3;3.52;3.08
MHS03861;4;3.5;3.19
MHS03861;5;3.37;3.22
MHS03861;6;3.79;3.32
MHS03861;7;3.51;3.35
MHS03861;8;3.93;3.42
MHS03862;1;2.53;2.53
MHS03862;2;2.81;2.67
MHS03863;1;2.88;2.88
MHS03863;2;3.48;3.18
MHS03863;3;3.34;3.23
MHS03863;4;3.87;3.39
MHS03864;1;2.42;2.42
MHS03864;2;2.79;2.61
MHS03864;3;2.86;2.69
MHS03864;4;3.34;2.85
MHS03864;5;2.87;2.86
MHS03864;6;3.47;2.96
MHS03865;1;3.53;3.53
MHS03865;2;3.85;3.69
MHS03865;3;3.48;3.62
MHS03865;4;3.86;3.68
MHS03865;5;3.65;3.68
MHS03865;6;3.98;3.73
MHS03866;1;3.57;3.57
MHS03866;2;3.56;3.57
MHS03867;1;3.08;3.08
MHS03867;2;2.43;2.75
MHS03867;3;3.25;2.92
MHS03867;4;3.25;3.0
MHS03868;1;4.0;4.0
MHS03868;2;4.0;4.0
MHS03868;3;3.68;3.89
MHS03868;4;4.0;3.92
MHS03868;5;4.0;3.94
MHS03868;6;4.0;3.95
MHS03868;7;4.0;3.95
MHS03868;8;4.0;3.96
MHS03869;1;2.38;2.38
MHS03869;2;2.62;2.5
MHS03869;3;2.89;2.63
MHS03869;4;3.09;2.75
MHS03869;5;3.38;2.87
MHS03869;6;2.33;2.78
MHS03870;1;2.95;2.95
MHS03870;2;3.14;3.05
MHS03870;3;2.92;3.01
MHS03870;4;3.28;3.07
MHS03870;5;2.89;3.04
MHS03870;6;2.84;3.0
MHS03870;7;2.77;2.97
MHS03870;8;3.18;3.0
MHS03871;1;2.61;2.61
MHS03871;2;2.84;2.72
MHS03871;3;3.06;2.84
MHS03871;4;2.86;2.84
MHS03872;1;2.35;2.35
MHS03872;2;2.6;2.48
MHS03872;3;3.36;2.77
MHS03872;4;2.89;2.8
MHS03872;5;3.22;2.89
MHS03872;6;2.84;2.88
MHS03872;7;3.25;2.93
MHS03872;8;2.75;2.91
MHS03873;1;3.74;3.74
MHS03873;2;3.77;3.76
MHS03874;1;3.31;3.31
MHS03874;2;3.05;3.18
MHS03875;1;3.29;3.29
MHS03875;2;3.38;3.33
MHS03875;3;3.75;3.47
MHS03875;4;3.23;3.41
MHS03876;1;2.03;2.03
MHS03876;2;2.31;2.17
MHS03877;1;2.38;2.38
MHS03877;2;2.68;2.53
MHS03877;3;2.83;2.63
MHS03877;4;3.19;2.77
MHS03877;5;3.88;2.99
MHS03877;6;3.73;3.12
MHS03878;1;2.58;2.58
MHS03878;2;3.29;2.93
MHS03879;1;2.9;2.9
MHS03879;2;3.06;2.98
MHS03880;1;3.72;3.72
MHS03880;2;4.0;3.86
MHS03880;3;3.64;3.79
MHS03880;4;4.0;3.84
MHS03881;1;3.35;3.35
MHS03881;2;3.0;3.18
MHS03881;3;3.52;3.29
MHS03881;4;3.54;3.35
MHS03882;1;3.37;3.37
MHS03882;2;3.31;3.34
MHS03883;1;4.0;4.0
MHS03883;2;4.0;4.0
MHS03883;3;4.0;4.0
MHS03883;4;4.0;4.0
MHS03883;5;4.0;4.0
MHS03883;6;4.0;4.0
MHS03883;7;4.0;4.0
MHS03883;8;4.0;4.0
MHS03884;1;2.18;2.18
MHS03884;2;2.79;2.48
MHS03884;3;3.38;2.78
MHS03884;4;3.82;3.04
MHS03884;5;3.27;3.09
MHS03884;6;3.33;3.13
MHS03884;7;3.44;3.17
MHS03884;8;3.35;3.2
MHS03884;9;3.48;3.23
MHS03885;1;2.82;2.82
MHS03885;2;2.6;2.71
MHS03886;1;3.21;3.21
MHS03886;2;3.21;3.21
MHS03887;1;4.0;4.0
MHS03887;2;4.0;4.0
MHS03887;3;3.73;3.91
MHS03887;4;4.0;3.93
MHS03887;5;3.7;3.89
MHS03887;6;4.0;3.9
MHS03888;1;2.74;2.74
MHS03888;2;2.8;2.77
MHS03888;3;4.0;3.18
MHS03888;4;3.38;3.23
MHS03889;1;2.75;2.75
MHS03889;2;3.62;3.19
MHS03889;3;3.89;3.42
MHS03889;4;4.0;3.57
MHS03889;5;4.0;3.65
MHS03889;6;4.0;3.71
MHS03890;1;2.82;2.82
MHS03890;2;3.33;3.07
MHS03890;3;3.08;3.08
MHS03890;4;3.63;3.21
MHS03891;1;3.29;3.29
MHS03891;2;2.98;3.14
MHS03892;1;3.06;3.06
MHS03892;2;3.0;3.03
MHS03892;3;3.66;3.24
MHS03892;4;3.72;3.36
MHS03892;5;3.3;3.35
MHS03892;6;3.72;3.41
MHS03892;7;3.67;3.45
MHS03892;8;3.93;3.51
MHS03893;1;3.43;3.43
MHS03893;2;3.42;3.42
MHS03893;3;4.0;3.62
MHS03893;4;3.36;3.55
MHS03893;5;3.35;3.51
MHS03893;6;3.7;3.54
MHS03894;1;2.41;2.41
MHS03894;2;2.93;2.67
MHS03894;3;2.7;2.68
MHS03894;4;2.68;2.68
MHS03894;5;2.61;2.67
MHS03895;1;2.79;2.79
MHS03895;2;3.42;3.11
MHS03895;3;3.47;3.23
MHS03895;4;3.91;3.4
MHS03895;5;3.71;3.46
MHS03895;6;3.79;3.52
MHS03896;1;2.97;2.97
MHS03896;2;3.35;3.16
MHS03896;3;3.66;3.33
MHS03896;4;3.02;3.25
MHS03896;5;3.49;3.3
MHS03896;6;3.76;3.38
MHS03896;7;3.28;3.36
MHS03896;8;3.12;3.33
MHS03897;1;2.46;2.46
MHS03897;2;2.98;2.72
MHS03897;3;3.38;2.94
MHS03897;4;3.48;3.08
MHS03897;5;3.55;3.17
MHS03897;6;3.24;3.18
MHS03898;1;2.83;2.83
MHS03898;2;3.17;3.0
MHS03898;3;3.6;3.2
MHS03898;4;3.17;3.19
MHS03898;5;2.97;3.15
MHS03898;6;2.82;3.1
MHS03898;7;3.23;3.11
MHS03898;8;3.16;3.12
MHS03899;1;2.81;2.81
MHS03899;2;3.47;3.14
MHS03899;3;2.98;3.09
MHS03899;4;3.45;3.18
MHS03899;5;3.61;3.26
MHS03899;6;3.73;3.34
MHS03900;1;3.04;3.04
MHS03900;2;3.05;3.05
MHS03900;3;3.14;3.08
MHS03900;4;2.61;2.96
MHS03900;5;2.56;2.88
MHS03900;6;3.31;2.95
MHS03900;7;2.95;2.95
MHS03900;8;2.6;2.91
MHS03901;1;3.18;3.18
MHS03901;2;3.14;3.16
MHS03902;1;2.67;2.67
MHS03902;2;3.09;2.88
MHS03902;3;3.48;3.08
MHS03902;4;3.18;3.11
MHS03902;5;3.15;3.11
MHS03902;6;3.43;3.17
MHS03902;7;3.12;3.16
MHS03902;8;3.3;3.18
MHS03903;1;2.89;2.89
MHS03903;2;2.74;2.81
MHS03903;3;3.4;3.01
MHS03903;4;3.06;3.02
MHS03904;1;3.59;3.59
MHS03904;2;4.0;3.79
MHS03904;3;4.0;3.86
MHS03904;4;4.0;3.9
MHS03904;5;4.0;3.92
MHS03904;6;4.0;3.93
MHS03904;7;3.99;3.94
MHS03904;8;4.0;3.95
MHS03905;1;1.76;1.76
MHS03905;2;1.71;1.73
MHS03906;1;2.59;2.59
MHS03906;2;2.04;2.32
MHS03906;3;3.11;2.58
MHS03906;4;2.85;2.65
MHS03907;1;4.0;4.0
MHS03907;2;4.0;4.0
MHS03907;3;4.0;4.0
MHS03907;4;4.0;4.0
MHS03908;1;3.63;3.63
MHS03908;2;3.64;3.64
MHS03908;3;3.63;3.63
MHS03908;4;3.61;3.63
MHS03908;5;3.96;3.69
MHS03908;6;3.49;3.66
MHS03909;1;2.91;2.91
MHS03909;2;3.32;3.11
MHS03909;3;4.0;3.41
MHS03909;4;3.77;3.5
MHS03909;5;3.84;3.57
MHS03909;6;3.64;3.58
MHS03909;7;3.64;3.59
MHS03909;8;3.58;3.59
MHS03910;1;3.47;3.47
MHS03910;2;2.94;3.21
MHS03910;3;3.81;3.41
MHS03910;4;2.88;3.27
MHS03910;5;3.11;3.24
MHS03910;6;3.41;3.27
MHS03910;7;4.0;3.37
MHS03910;8;3.51;3.39
MHS03911;1;4.0;4.0
MHS03911;2;3.92;3.96
MHS03911;3;3.43;3.78
MHS03911;4;3.28;3.66
MHS03911;5;3.52;3.63
MHS03911;6;3.32;3.58
MHS03911;7;3.58;3.58
MHS03911;8;4.0;3.63
MHS03912;1;2.48;2.48
MHS03912;2;3.32;2.9
MHS03913;1;3.31;3.31
MHS03913;2;3.74;3.53
MHS03913;3;3.05;3.37
MHS03913;4;3.82;3.48
MHS03913;5;3.39;3.46
MHS03913;6;3.26;3.43
MHS03913;7;4.0;3.51
MHS03913;8;3.78;3.54
MHS03914;1;1.97;1.97
MHS03914;2;2.84;2.4
MHS03914;3;3.21;2.67
MHS03914;4;2.86;2.72
MHS03914;5;2.62;2.7
MHS03914;6;3.35;2.81
MHS03915;1;2.86;2.86
MHS03915;2;3.13;3.0
MHS03915;3;3.84;3.28
MHS03915;4;3.5;3.33
MHS03915;5;3.65;3.4
MHS03915;6;3.81;3.47
MHS03915;7;3.61;3.49
MHS03915;8;3.6;3.5
MHS03916;1;2.74;2.74
MHS03916;2;3.32;3.03
MHS03916;3;3.51;3.19
MHS03916;4;4.0;3.39
MHS03916;5;3.75;3.46
MHS03916;6;4.0;3.55
MHS03917;1;2.61;2.61
MHS03917;2;2.76;2.69
MHS03917;3;2.57;2.65
MHS03917;4;3.13;2.77
MHS03917;5;2.68;2.75
MHS03917;6;3.34;2.85
MHS03917;7;2.64;2.82
MHS03917;8;3.19;2.87
MHS03917;9;3.4;2.92
MHS03917;10;2.73;2.91
MHS03917;11;3.49;2.96
MHS03918;1;2.74;2.74
MHS03918;2;3.83;3.28
MHS03918;3;3.11;3.22
MHS03918;4;3.27;3.23
MHS03918;5;3.99;3.39
MHS03918;6;3.2;3.35
MHS03918;7;3.78;3.42
MHS03918;8;4.0;3.49
MHS03919;1;3.95;3.95
MHS03919;2;3.72;3.83
MHS03920;1;2.8;2.8
MHS03920;2;3.33;3.06
MHS03921;1;3.35;3.35
MHS03921;2;4.0;3.67
MHS03921;3;4.0;3.78
MHS03921;4;3.88;3.81
MHS03921;5;4.0;3.84
MHS03921;6;3.9;3.85
MHS03921;7;3.93;3.86
MHS03921;8;4.0;3.88
MHS03922;1;2.6;2.6
MHS03922;2;2.61;2.61
MHS03922;3;3.08;2.76
MHS03922;4;3.2;2.87
MHS03922;5;3.0;2.9
MHS03922;6;3.05;2.92
MHS03923;1;3.53;3.53
MHS03923;2;4.0;3.76
MHS03923;3;3.79;3.77
MHS03923;4;4.0;3.83
MHS03923;5;4.0;3.86
MHS03923;6;4.0;3.89
MHS03923;7;3.93;3.89
MHS03923;8;4.0;3.91
MHS03924;1;2.89;2.89
MHS03924;2;3.55;3.22
MHS03924;3;3.61;3.35
MHS03924;4;3.68;3.43
MHS03924;5;3.82;3.51
MHS03924;6;4.0;3.59
MHS03924;7;3.77;3.62
MHS03924;8;3.77;3.64
MHS03924;9;3.66;3.64
MHS03925;1;3.35;3.35
MHS03925;2;3.62;3.48
MHS03925;3;3.35;3.44
MHS03925;4;4.0;3.58
MHS03925;5;4.0;3.66
MHS03925;6;3.7;3.67
MHS03926;1;2.75;2.75
MHS03926;2;3.32;3.03
MHS03927;1;3.07;3.07
MHS03927;2;3.5;3.28
MHS03928;1;2.87;2.87
MHS03928;2;2.4;2.64
MHS03928;3;3.54;2.94
MHS03928;4;3.38;3.05
MHS03928;5;3.75;3.19
MHS03928;6;3.92;3.31
MHS03929;1;3.1;3.1
MHS03929;2;3.7;3.4
MHS03929;3;3.23;3.34
MHS03929;4;3.46;3.37
MHS03929;5;3.54;3.4
MHS03929;6;3.79;3.47
MHS03929;7;2.89;3.39
MHS03929;8;3.64;3.42
MHS03930;1;3.52;3.52
MHS03930;2;3.73;3.63
MHS03930;3;4.0;3.75
MHS03930;4;3.88;3.78
MHS03930;5;4.0;3.83
MHS03930;6;3.27;3.73
MHS03931;1;3.3;3.3
MHS03931;2;3.12;3.21
MHS03932;1;3.23;3.23
MHS03932;2;3.65;3.44
MHS03932;3;3.8;3.56
MHS03932;4;4.0;3.67
MHS03932;5;4.0;3.74
MHS03932;6;4.0;3.78
MHS03932;7;4.0;3.81
MHS03932;8;3.97;3.83
MHS03933;1;2.79;2.79
MHS03933;2;2.97;2.88
MHS03933;3;3.4;3.05
MHS03933;4;3.22;3.1
MHS03934;1;2.61;2.61
MHS03934;2;3.29;2.95
MHS03934;3;3.38;3.1
MHS03934;4;3.63;3.23
MHS03935;1;2.9;2.9
MHS03935;2;3.21;3.06
MHS03936;1;2.34;2.34
MHS03936;2;2.59;2.47
MHS03937;1;3.31;3.31
MHS03937;2;4.0;3.66
MHS03937;3;3.91;3.74
MHS03937;4;4.0;3.8
MHS03938;1;2.58;2.58
MHS03938;2;3.39;2.99
MHS03938;3;3.31;3.09
MHS03938;4;3.67;3.24
MHS03938;5;3.06;3.2
MHS03938;6;2.94;3.16
MHS03939;1;2.71;2.71
MHS03939;2;3.11;2.91
MHS03939;3;3.8;3.21
MHS03939;4;3.22;3.21
MHS03940;1;3.01;3.01
MHS03940;2;3.87;3.44
MHS03940;3;3.51;3.46
MHS03940;4;3.64;3.51
MHS03940;5;4.0;3.61
MHS03940;6;4.0;3.67
MHS03941;1;3.03;3.03
MHS03941;2;2.93;2.98
MHS03941;3;2.99;2.99
MHS03941;4;3.62;3.15
MHS03941;5;3.49;3.21
MHS03941;6;3.71;3.3
MHS03942;1;2.17;2.17
MHS03942;2;3.52;2.84
MHS03942;3;2.92;2.87
MHS03942;4;2.9;2.87
MHS03943;1;2.99;2.99
MHS03943;2;3.85;3.42
MHS03943;3;3.62;3.48
MHS03943;4;3.17;3.41
MHS03943;5;3.48;3.42
MHS03943;6;3.7;3.47
MHS03943;7;3.48;3.47
MHS03943;8;3.2;3.44
MHS03944;1;2.99;2.99
MHS03944;2;2.94;2.97
MHS03944;3;3.78;3.24
MHS03944;4;3.33;3.26
MHS03945;1;2.95;2.95
MHS03945;2;2.98;2.97
MHS03945;3;4.0;3.31
MHS03945;4;3.15;3.27
MHS03945;5;3.47;3.31
MHS03945;6;3.55;3.35
MHS03946;1;2.91;2.91
MHS03946;2;3.23;3.07
MHS03946;3;3.46;3.2
MHS03946;4;3.46;3.26
MHS03946;5;2.99;3.21
MHS03946;6;3.31;3.22
MHS03946;7;3.05;3.2
MHS03946;8;3.56;3.24
MHS03947;1;2.8;2.8
MHS03947;2;3.26;3.03
MHS03947;3;3.14;3.06
MHS03947;4;2.92;3.03
MHS03948;1;3.08;3.08
MHS03948;2;2.69;2.88
MHS03949;1;3.02;3.02
MHS03949;2;3.14;3.08
MHS03949;3;3.49;3.21
MHS03949;4;3.65;3.32
MHS03949;5;3.8;3.42
MHS03949;6;3.4;3.42
MHS03949;7;3.19;3.38
MHS03949;8;3.2;3.36
MHS03950;1;2.75;2.75
MHS03950;2;2.64;2.7
MHS03951;1;3.11;3.11
MHS03951;2;3.14;3.13
MHS03951;3;2.96;3.07
MHS03951;4;3.12;3.08
MHS03951;5;3.47;3.16
MHS03951;6;2.88;3.11
MHS03952;1;2.49;2.49
MHS03952;2;3.27;2.88
MHS03952;3;3.1;2.95
MHS03952;4;3.25;3.03
MHS03953;1;2.29;2.29
MHS03953;2;2.87;2.58
MHS03953;3;3.48;2.88
MHS03953;4;2.64;2.82
MHS03953;5;3.68;2.99
MHS03953;6;3.12;3.01
MHS03953;7;3.34;3.06
MHS03953;8;3.07;3.06
MHS03953;9;2.67;3.02
MHS03954;1;3.7;3.7
MHS03954;2;3.88;3.79
MHS03955;1;1.7;1.7
MHS03955;2;2.52;2.11
MHS03955;3;2.23;2.15
MHS03955;4;2.48;2.23
MHS03955;5;2.57;2.3
MHS03955;6;2.74;2.37
MHS03955;7;2.55;2.4
MHS03955;8;2.5;2.41
MHS03956;1;2.34;2.34
MHS03956;2;3.22;2.78
MHS03956;3;2.99;2.85
MHS03956;4;3.03;2.89
MHS03956;5;3.05;2.92
MHS03956;6;2.94;2.93
MHS03957;1;2.46;2.46
MHS03957;2;3.29;2.87
MHS03957;3;2.78;2.84
MHS03957;4;2.9;2.86
MHS03958;1;3.74;3.74
MHS03958;2;3.35;3.54
MHS03958;3;3.65;3.58
MHS03958;4;4.0;3.68
MHS03958;5;3.95;3.74
MHS03958;6;4.0;3.78
MHS03959;1;2.93;2.93
MHS03959;2;2.96;2.94
MHS03959;3;3.13;3.01
MHS03959;4;3.34;3.09
MHS03959;5;3.64;3.2
MHS03959;6;3.34;3.22
MHS03960;1;2.39;2.39
MHS03960;2;2.95;2.67
MHS03960;3;3.22;2.85
MHS03960;4;2.51;2.77
MHS03960;5;3.05;2.82
MHS03960;6;3.05;2.86
MHS03961;1;3.27;3.27
MHS03961;2;2.9;3.08
MHS03961;3;3.18;3.12
MHS03961;4;3.66;3.25
MHS03962;1;2.95;2.95
MHS03962;2;2.63;2.79
MHS03962;3;2.58;2.72
MHS03962;4;2.88;2.76
MHS03962;5;2.59;2.73
MHS03962;6;2.9;2.76
MHS03962;7;3.14;2.81
MHS03962;8;2.76;2.8
MHS03963;1;4.0;4.0
MHS03963;2;4.0;4.0
MHS03963;3;4.0;4.0
MHS03963;4;4.0;4.0
MHS03964;1;3.67;3.67
MHS03964;2;3.79;3.73
MHS03964;3;4.0;3.82
MHS03964;4;4.0;3.87
MHS03964;5;3.9;3.87
MHS03964;6;4.0;3.89
MHS03965;1;2.83;2.83
MHS03965;2;3.13;2.98
MHS03966;1;2.91;2.91
MHS03966;2;3.44;3.17
MHS03966;3;3.71;3.35
MHS03966;4;3.86;3.48
MHS03966;5;3.8;3.54
MHS03966;6;3.64;3.56
MHS03966;7;3.47;3.55
MHS03966;8;3.81;3.58
MHS03967;1;2.88;2.88
MHS03967;2;2.95;2.92
MHS03967;3;2.9;2.91
MHS03967;4;3.34;3.02
MHS03967;5;3.57;3.13
MHS03967;6;3.0;3.11
MHS03968;1;2.74;2.74
MHS03968;2;3.2;2.97
MHS03968;3;3.42;3.12
MHS03968;4;3.73;3.27
MHS03969;1;2.98;2.98
MHS03969;2;3.5;3.24
MHS03969;3;3.08;3.19
MHS03969;4;3.53;3.27
MHS03969;5;3.53;3.32
MHS03969;6;3.32;3.32
MHS03969;7;2.76;3.24
MHS03969;8;3.56;3.28
MHS03970;1;3.58;3.58
MHS03970;2;3.82;3.7
MHS03970;3;3.53;3.64
MHS03970;4;3.77;3.67
MHS03970;5;3.62;3.66
MHS03970;6;3.26;3.6
MHS03971;1;2.81;2.81
MHS03971;2;2.53;2.67
MHS03971;3;2.15;2.49
MHS03972;1;2.08;2.08
MHS03972;2;3.45;2.76
MHS03973;1;3.12;3.12
MHS03973;2;3.46;3.29
MHS03974;1;2.74;2.74
MHS03974;2;3.17;2.95
MHS03974;3;3.4;3.1
MHS03974;4;3.37;3.17
MHS03974;5;3.54;3.24
MHS03974;6;3.15;3.23
MHS03974;7;3.58;3.28
MHS03974;8;3.43;3.3
MHS03975;1;2.53;2.53
MHS03975;2;3.05;2.79
MHS03976;1;3.49;3.49
MHS03976;2;3.4;3.45
MHS03976;3;3.81;3.57
MHS03976;4;3.99;3.67
MHS03976;5;4.0;3.74
MHS03976;6;3.61;3.72
MHS03977;1;3.49;3.49
MHS03977;2;3.51;3.5
MHS03978;1;2.83;2.83
MHS03978;2;3.15;2.99
MHS03978;3;3.57;3.19
MHS03978;4;3.71;3.32
MHS03978;5;3.17;3.29
MHS03978;6;3.46;3.32
MHS03978;7;3.54;3.35
MHS03978;8;3.63;3.38
MHS03979;1;2.86;2.86
MHS03979;2;3.37;3.11
MHS03979;3;3.46;3.23
MHS03979;4;3.64;3.33
MHS03979;5;3.55;3.37
MHS03979;6;3.69;3.43
MHS03980;1;3.55;3.55
MHS03980;2;4.0;3.78
MHS03981;1;3.45;3.45
MHS03981;2;3.72;3.58
MHS03981;3;3.65;3.61
MHS03981;4;3.39;3.55
MHS03981;5;3.61;3.56
MHS03981;6;3.43;3.54
MHS03981;7;3.64;3.56
MHS03981;8;3.7;3.57
MHS03982;1;3.97;3.97
MHS03982;2;4.0;3.98
MHS03982;3;3.96;3.98
MHS03982;4;4.0;3.98
MHS03982;5;4.0;3.99
MHS03982;6;4.0;3.99
MHS03983;1;3.04;3.04
MHS03983;2;3.34;3.19
MHS03983;3;3.13;3.17
MHS03983;4;3.4;3.22
MHS03983;5;3.1;3.2
MHS03983;6;3.61;3.27
MHS03984;1;2.08;2.08
MHS03984;2;2.56;2.32
MHS03984;3;2.67;2.44
MHS03984;4;3.15;2.62
MHS03984;5;2.24;2.54
MHS03984;6;2.77;2.58
MHS03984;7;3.11;2.65
MHS03984;8;3.03;2.7
MHS03984;9;3.01;2.74
MHS03985;1;3.71;3.71
MHS03985;2;3.64;3.68
MHS03985;3;3.61;3.66
MHS03985;4;3.69;3.66
MHS03985;5;4.0;3.73
MHS03985;6;3.81;3.74
MHS03985;7;3.51;3.71
MHS03985;8;4.0;3.75
MHS03986;1;3.18;3.18
MHS03986;2;2.86;3.02
MHS03987;1;3.81;3.81
MHS03987;2;4.0;3.9
MHS03987;3;4.0;3.94
MHS03987;4;3.81;3.9
MHS03988;1;2.53;2.53
MHS03988;2;2.54;2.54
MHS03988;3;3.45;2.84
MHS03988;4;3.61;3.03
MHS03989;1;3.91;3.91
MHS03989;2;4.0;3.95
MHS03990;1;2.33;2.33
MHS03990;2;2.79;2.56
MHS03991;1;1.81;1.81
MHS03991;2;2.37;2.09
MHS03991;3;2.42;2.2
MHS03991;4;2.32;2.23
MHS03991;5;2.34;2.25
MHS03991;6;2.33;2.26
MHS03992;1;1.88;1.88
MHS03992;2;2.68;2.28
MHS03992;3;2.44;2.33
MHS03992;4;2.65;2.41
MHS03992;5;2.45;2.42
MHS03992;6;2.93;2.51
MHS03992;7;2.52;2.51
MHS03992;8;2.74;2.54
MHS03993;1;2.84;2.84
MHS03993;2;3.4;3.12
MHS03993;3;2.86;3.04
MHS03993;4;3.13;3.06
MHS03994;1;3.83;3.83
MHS03994;2;4.0;3.91
MHS03995;1;3.76;3.76
MHS03995;2;3.73;3.74
MHS03995;3;3.86;3.78
MHS03995;4;3.84;3.79
MHS03995;5;3.85;3.81
MHS03995;6;3.42;3.74
MHS03995;7;4.0;3.78
MHS03995;8;4.0;3.81
MHS03996;1;3.02;3.02
MHS03996;2;3.16;3.09
MHS03996;3;3.3;3.16
MHS03996;4;3.85;3.33
MHS03996;5;3.69;3.41
MHS03996;6;4.0;3.5
MHS03996;7;4.0;3.58
MHS03996;8;3.68;3.59
MHS03997;1;2.86;2.86
MHS03997;2;3.21;3.04
MHS03997;3;3.08;3.05
MHS03997;4;3.03;3.05
MHS03998;1;2.55;2.55
MHS03998;2;2.93;2.74
MHS03998;3;3.29;2.93
MHS03998;4;3.05;2.96
MHS03998;5;3.86;3.14
MHS03998;6;3.17;3.14
MHS03999;1;2.02;2.02
MHS03999;2;2.55;2.28
MHS04000;1;3.67;3.67
MHS04000;2;4.0;3.83
MHS04000;3;4.0;3.89
MHS04000;4;4.0;3.92
MHS04000;5;3.89;3.91
MHS04000;6;4.0;3.93
MHS04000;7;4.0;3.94
MHS04000;8;3.57;3.89
MHS04001;1;3.67;3.67
MHS04001;2;4.0;3.84
MHS04001;3;4.0;3.89
MHS04001;4;4.0;3.92
MHS04001;5;4.0;3.93
MHS04001;6;3.95;3.94
MHS04002;1;3.38;3.38
MHS04002;2;3.61;3.49
MHS04002;3;3.32;3.43
MHS04002;4;3.31;3.4
MHS04002;5;3.33;3.39
MHS04002;6;3.39;3.39
MHS04002;7;3.81;3.45
MHS04002;8;3.73;3.48
MHS04003;1;2.31;2.31
MHS04003;2;2.91;2.61
MHS04003;3;2.22;2.48
MHS04003;4;2.61;2.51
MHS04003;5;2.46;2.5
MHS04003;6;3.11;2.6
MHS04004;1;2.41;2.41
MHS04004;2;3.14;2.78
MHS04005;1;2.77;2.77
MHS04005;2;3.54;3.16
MHS04005;3;3.88;3.4
MHS04005;4;3.54;3.43
MHS04005;5;3.5;3.44
MHS04005;6;3.41;3.44
MHS04005;7;3.88;3.5
MHS04005;8;4.0;3.56
MHS04005;9;3.24;3.53
MHS04006;1;2.51;2.51
MHS04006;2;2.6;2.55
MHS04006;3;3.32;2.81
MHS04006;4;2.82;2.81
MHS04006;5;3.12;2.87
MHS04006;6;3.66;3.0
MHS04006;7;3.05;3.01
MHS04006;8;2.96;3.0
MHS04007;1;2.17;2.17
MHS04007;2;2.86;2.52
MHS04007;3;2.78;2.6
MHS04007;4;2.57;2.6
MHS04007;5;2.76;2.63
MHS04007;6;2.64;2.63
MHS04007;7;2.49;2.61
MHS04007;8;2.68;2.62
MHS04007;9;3.06;2.67
MHS04007;10;2.94;2.7
MHS04008;1;2.89;2.89
MHS04008;2;2.23;2.56
MHS04008;3;2.92;2.68
MHS04008;4;3.62;2.91
MHS04009;1;2.56;2.56
MHS04009;2;2.71;2.63
MHS04009;3;2.87;2.71
MHS04009;4;2.91;2.76
MHS04009;5;3.24;2.86
MHS04009;6;3.05;2.89
MHS04010;1;2.58;2.58
MHS04010;2;3.58;3.08
MHS04010;3;3.37;3.17
MHS04010;4;3.03;3.14
MHS04010;5;2.73;3.06
MHS04010;6;3.18;3.08
MHS04010;7;3.12;3.08
MHS04010;8;3.42;3.13
MHS04011;1;2.84;2.84
MHS04011;2;2.93;2.89
MHS04011;3;3.53;3.1
MHS04011;4;2.84;3.04
MHS04012;1;2.82;2.82
MHS04012;2;2.85;2.83
MHS04013;1;3.14;3.14
MHS04013;2;2.99;3.06
MHS04013;3;3.36;3.16
MHS04013;4;3.8;3.32
MHS04013;5;3.39;3.33
MHS04013;6;3.91;3.43
MHS04013;7;3.35;3.42
MHS04013;8;3.21;3.39
MHS04014;1;3.68;3.68
MHS04014;2;3.77;3.72
MHS04015;1;3.05;3.05
MHS04015;2;3.71;3.38
MHS04015;3;3.53;3.43
MHS04015;4;3.75;3.51
MHS04015;5;3.87;3.58
MHS04015;6;3.44;3.56
MHS04015;7;3.92;3.61
MHS04015;8;3.74;3.63
MHS04016;1;3.6;3.6
MHS04016;2;3.78;3.69
MHS04016;3;4.0;3.79
MHS04016;4;4.0;3.84
MHS04016;5;4.0;3.87
MHS04016;6;3.63;3.83
MHS04016;7;3.73;3.82
MHS04016;8;3.93;3.83
MHS04016;9;3.74;3.82
MHS04017;1;3.95;3.95
MHS04017;2;3.9;3.93
MHS04017;3;4.0;3.95
MHS04017;4;4.0;3.96
MHS04017;5;3.92;3.95
MHS04017;6;4.0;3.96
MHS04018;1;2.41;2.41
MHS04018;2;2.79;2.6
MHS04018;3;3.26;2.82
MHS04018;4;2.61;2.77
MHS04018;5;2.67;2.75
MHS04019;1;3.01;3.01
MHS04019;2;3.12;3.07
MHS04019;3;3.19;3.11
MHS04019;4;2.83;3.04
MHS04019;5;2.81;2.99
MHS04019;6;3.59;3.09
MHS04019;7;2.86;3.06
MHS04019;8;3.28;3.09
MHS04020;1;3.6;3.6
MHS04020;2;3.82;3.71
MHS04020;3;4.0;3.81
MHS04020;4;3.71;3.78
MHS04020;5;3.86;3.8
MHS04020;6;3.86;3.81
MHS04020;7;3.32;3.74
MHS04020;8;3.75;3.74
MHS04021;1;2.6;2.6
MHS04021;2;2.71;2.66
MHS04022;1;2.37;2.37
MHS04022;2;2.16;2.26
MHS04022;3;3.18;2.57
MHS04022;4;3.0;2.68
MHS04022;5;2.8;2.7
MHS04022;6;2.38;2.65
MHS04023;1;3.56;3.56
MHS04023;2;4.0;3.78
MHS04023;3;4.0;3.85
MHS04023;4;4.0;3.89
MHS04024;1;2.14;2.14
MHS04024;2;2.55;2.35
MHS04024;3;2.63;2.44
MHS04024;4;2.65;2.49
MHS04024;5;3.34;2.66
MHS04024;6;3.18;2.75
MHS04025;1;4.0;4.0
MHS04025;2;4.0;4.0
MHS04025;3;3.88;3.96
MHS04025;4;4.0;3.97
MHS04025;5;4.0;3.98
MHS04025;6;4.0;3.98
MHS04025;7;4.0;3.98
MHS04025;8;4.0;3.98
MHS04026;1;3.18;3.18
MHS04026;2;3.0;3.09
MHS04026;3;3.7;3.29
MHS04026;4;4.0;3.47
MHS04026;5;3.87;3.55
MHS04026;6;3.31;3.51
MHS04027;1;2.2;2.2
MHS04027;2;2.36;2.28
MHS04028;1;3.84;3.84
MHS04028;2;3.88;3.86
MHS04028;3;3.54;3.75
MHS04028;4;3.65;3.73
MHS04028;5;3.93;3.77
MHS04028;6;4.0;3.81
MHS04028;7;4.0;3.83
MHS04028;8;4.0;3.85
MHS04029;1;3.41;3.41
MHS04029;2;3.1;3.25
MHS04029;3;3.84;3.45
MHS04029;4;3.85;3.55
MHS04029;5;3.19;3.48
MHS04029;6;3.64;3.51
MHS04029;7;4.0;3.58
MHS04029;8;3.67;3.59
MHS04030;1;3.3;3.3
MHS04030;2;3.52;3.41
MHS04030;3;3.56;3.46
MHS04030;4;3.35;3.43
MHS04030;5;2.82;3.31
MHS04030;6;3.66;3.37
MHS04031;1;2.79;2.79
MHS04031;2;3.6;3.19
MHS04031;3;3.31;3.23
MHS04031;4;3.34;3.26
MHS04032;1;2.71;2.71
MHS04032;2;3.17;2.94
MHS04032;3;3.37;3.08
MHS04032;4;3.35;3.15
MHS04033;1;2.7;2.7
MHS04033;2;3.15;2.93
MHS04034;1;2.87;2.87
MHS04034;2;3.65;3.26
MHS04034;3;3.58;3.37
MHS04034;4;3.23;3.33
MHS04035;1;3.43;3.43
MHS04035;2;3.44;3.43
MHS04036;1;2.97;2.97
MHS04036;2;2.98;2.98
MHS04036;3;3.22;3.06
MHS04036;4;3.6;3.19
MHS04037;1;3.33;3.33
MHS04037;2;3.53;3.43
MHS04038;1;3.34;3.34
MHS04038;2;3.27;3.31
MHS04038;3;3.41;3.34
MHS04038;4;4.0;3.51
MHS04039;1;3.09;3.09
MHS04039;2;3.28;3.19
MHS04039;3;3.2;3.19
MHS04039;4;2.87;3.11
MHS04040;1;3.32;3.32
MHS04040;2;2.39;2.85
MHS04040;3;2.79;2.83
MHS04040;4;3.4;2.98
MHS04040;5;2.84;2.95
MHS04040;6;2.87;2.93
MHS04041;1;2.52;2.52
MHS04041;2;3.0;2.76
MHS04041;3;2.64;2.72
MHS04041;4;3.1;2.82
MHS04041;5;3.2;2.89
MHS04041;6;3.41;2.98
MHS04041;7;3.64;3.07
MHS04041;8;3.75;3.16
MHS04041;9;3.52;3.2
MHS04042;1;2.51;2.51
MHS04042;2;2.97;2.74
MHS04042;3;2.62;2.7
MHS04042;4;3.49;2.9
MHS04042;5;3.59;3.04
MHS04042;6;3.41;3.1
MHS04042;7;3.7;3.19
MHS04042;8;3.28;3.2
MHS04042;9;3.72;3.25
MHS04042;10;3.19;3.25
MHS04043;1;3.16;3.16
MHS04043;2;3.11;3.13
MHS04043;3;3.16;3.14
MHS04043;4;3.69;3.28
MHS04043;5;3.36;3.3
MHS04043;6;3.49;3.33
MHS04043;7;3.39;3.34
MHS04043;8;3.12;3.31
MHS04043;9;3.39;3.32
MHS04043;10;3.32;3.32
MHS04044;1;3.12;3.12
MHS04044;2;3.62;3.37
MHS04044;3;3.8;3.51
MHS04044;4;3.56;3.52
MHS04045;1;3.61;3.61
MHS04045;2;3.22;3.41
MHS04045;3;3.41;3.41
MHS04045;4;3.61;3.46
MHS04045;5;3.39;3.45
MHS04045;6;3.58;3.47
MHS04045;7;3.8;3.52
MHS04045;8;3.4;3.5
MHS04045;9;3.72;3.52
MHS04046;1;3.04;3.04
MHS04046;2;3.08;3.06
MHS04046;3;3.83;3.31
MHS04046;4;3.52;3.36
MHS04047;1;2.89;2.89
MHS04047;2;3.36;3.12
MHS04047;3;3.26;3.17
MHS04047;4;3.23;3.18
MHS04048;1;2.29;2.29
MHS04048;2;2.7;2.49
MHS04049;1;3.16;3.16
MHS04049;2;2.45;2.8
MHS04049;3;3.59;3.07
MHS04049;4;3.43;3.16
MHS04049;5;3.11;3.15
MHS04049;6;3.19;3.15
MHS04049;7;3.27;3.17
MHS04049;8;3.32;3.19
MHS04050;1;3.53;3.53
MHS04050;2;3.58;3.55
MHS04050;3;4.0;3.7
MHS04050;4;4.0;3.78
MHS04050;5;4.0;3.82
MHS04050;6;4.0;3.85
MHS04051;1;2.87;2.87
MHS04051;2;3.49;3.18
MHS04051;3;3.41;3.26
MHS04051;4;2.96;3.19
MHS04051;5;3.38;3.22
MHS04051;6;3.55;3.28
MHS04051;7;2.95;3.23
MHS04051;8;3.43;3.26
MHS04051;9;2.89;3.22
MHS04052;1;2.68;2.68
MHS04052;2;2.29;2.48
MHS04052;3;2.6;2.52
MHS04052;4;3.24;2.7
MHS04052;5;3.18;2.8
MHS04052;6;2.97;2.83
MHS04053;1;2.31;2.31
MHS04053;2;2.47;2.39
MHS04053;3;2.6;2.46
MHS04053;4;3.23;2.65
MHS04054;1;3.91;3.91
MHS04054;2;3.62;3.76
MHS04055;1;3.99;3.99
MHS04055;2;3.98;3.98
MHS04055;3;4.0;3.99
MHS04055;4;3.85;3.95
MHS04055;5;3.99;3.96
MHS04055;6;4.0;3.97
MHS04056;1;2.02;2.02
MHS04056;2;2.47;2.25
MHS04056;3;2.69;2.39
MHS04056;4;2.61;2.45
MHS04056;5;2.51;2.46
MHS04056;6;2.75;2.51
MHS04057;1;2.81;2.81
MHS04057;2;2.87;2.84
MHS04057;3;3.59;3.09
MHS04057;4;2.77;3.01
MHS04057;5;3.27;3.06
MHS04057;6;3.28;3.1
MHS04058;1;3.03;3.03
MHS04058;2;3.57;3.3
MHS04058;3;3.15;3.25
MHS04058;4;3.48;3.31
MHS04058;5;3.73;3.39
MHS04058;6;3.53;3.41
MHS04058;7;3.61;3.44
MHS04058;8;3.65;3.47
MHS04059;1;2.9;2.9
MHS04059;2;3.07;2.98
MHS04059;3;3.03;3.0
MHS04059;4;3.13;3.03
MHS04059;5;3.25;3.07
MHS04059;6;3.06;3.07
MHS04059;7;2.79;3.03
MHS04059;8;3.1;3.04
MHS04059;9;3.62;3.1
MHS04060;1;2.17;2.17
MHS04060;2;2.71;2.44
MHS04060;3;2.71;2.53
MHS04060;4;3.41;2.75
MHS04060;5;2.93;2.79
MHS04060;6;3.3;2.87
MHS04060;7;3.44;2.95
MHS04060;8;2.89;2.95
MHS04061;1;2.51;2.51
MHS04061;2;2.55;2.53
MHS04061;3;2.96;2.67
MHS04061;4;2.83;2.71
MHS04061;5;2.88;2.75
MHS04061;6;2.69;2.74
MHS04061;7;2.79;2.74
MHS04061;8;3.12;2.79
MHS04062;1;3.6;3.6
MHS04062;2;3.9;3.75
MHS04062;3;3.82;3.77
MHS04062;4;4.0;3.83
MHS04062;5;4.0;3.86
MHS04062;6;4.0;3.89
MHS04062;7;4.0;3.9
MHS04062;8;3.98;3.91
MHS04063;1;2.89;2.89
MHS04063;2;3.16;3.02
MHS04063;3;3.42;3.15
MHS04063;4;3.05;3.13
MHS04064;1;2.59;2.59
MHS04064;2;3.33;2.96
MHS04064;3;3.61;3.17
MHS04064;4;3.36;3.22
MHS04064;5;3.77;3.33
MHS04064;6;3.72;3.4
MHS04064;7;3.35;3.39
MHS04064;8;4.0;3.47
MHS04065;1;2.78;2.78
MHS04065;2;3.28;3.03
MHS04065;3;3.88;3.31
MHS04065;4;3.43;3.34
MHS04065;5;3.55;3.38
MHS04065;6;3.36;3.38
MHS04065;7;3.11;3.34
MHS04065;8;2.82;3.28
MHS04066;1;1.95;1.95
MHS04066;2;3.19;2.57
MHS04066;3;3.45;2.86
MHS04066;4;2.78;2.84
MHS04067;1;2.48;2.48
MHS04067;2;2.92;2.7
MHS04068;1;2.19;2.19
MHS04068;2;2.56;2.38
MHS04068;3;2.6;2.45
MHS04068;4;2.59;2.49
MHS04068;5;2.69;2.53
MHS04068;6;2.68;2.55
MHS04068;7;2.88;2.6
MHS04068;8;2.57;2.59
MHS04068;9;3.05;2.65
MHS04069;1;2.6;2.6
MHS04069;2;2.94;2.77
MHS04070;1;2.39;2.39
MHS04070;2;2.53;2.46
MHS04070;3;2.67;2.53
MHS04070;4;2.79;2.6
MHS04071;1;2.96;2.96
MHS04071;2;3.7;3.33
MHS04071;3;3.72;3.46
MHS04071;4;4.0;3.59
MHS04072;1;3.78;3.78
MHS04072;2;3.76;3.77
MHS04072;3;3.68;3.74
MHS04072;4;4.0;3.81
MHS04073;1;2.88;2.88
MHS04073;2;3.36;3.12
MHS04074;1;2.82;2.82
MHS04074;2;3.12;2.97
MHS04075;1;3.67;3.67
MHS04075;2;3.37;3.52
MHS04075;3;4.0;3.68
MHS04075;4;3.67;3.68
MHS04075;5;3.63;3.67
MHS04075;6;3.71;3.67
MHS04076;1;3.36;3.36
MHS04076;2;3.15;3.26
MHS04076;3;3.61;3.38
MHS04076;4;3.19;3.33
MHS04076;5;3.08;3.28
MHS04076;6;3.88;3.38
MHS04076;7;3.7;3.42
MHS04076;8;3.59;3.45
MHS04077;1;2.79;2.79
MHS04077;2;2.95;2.87
MHS04077;3;3.21;2.99
MHS04077;4;3.33;3.07
MHS04077;5;2.97;3.05
MHS04077;6;3.02;3.05
MHS04077;7;3.07;3.05
MHS04077;8;3.76;3.14
MHS04078;1;3.18;3.18
MHS04078;2;3.74;3.46
MHS04079;1;1.9;1.9
MHS04079;2;1.67;1.78
MHS04080;1;3.1;3.1
MHS04080;2;3.19;3.15
MHS04081;1;2.74;2.74
MHS04081;2;3.32;3.03
MHS04081;3;3.44;3.17
MHS04081;4;3.51;3.25
MHS04082;1;3.45;3.45
MHS04082;2;3.06;3.25
MHS04082;3;3.52;3.34
MHS04082;4;3.73;3.44
MHS04083;1;2.79;2.79
MHS04083;2;3.54;3.17
MHS04083;3;3.63;3.32
MHS04083;4;3.45;3.35
MHS04084;1;2.58;2.58
MHS04084;2;2.69;2.64
MHS04084;3;3.1;2.79
MHS04084;4;2.62;2.75
MHS04084;5;3.36;2.87
MHS04084;6;3.89;3.04
MHS04085;1;2.84;2.84
MHS04085;2;3.64;3.24
MHS04085;3;3.27;3.25
MHS04085;4;3.81;3.39
MHS04086;1;3.05;3.05
MHS04086;2;3.01;3.03
MHS04086;3;2.95;3.0
MHS04086;4;3.18;3.05
MHS04087;1;3.35;3.35
MHS04087;2;3.25;3.3
MHS04087;3;2.75;3.12
MHS04087;4;2.97;3.08
MHS04087;5;3.15;3.1
MHS04087;6;3.79;3.21
MHS04087;7;3.12;3.2
MHS04087;8;3.44;3.23
MHS04087;9;2.97;3.2
MHS04087;10;3.0;3.18
MHS04088;1;3.26;3.26
MHS04088;2;3.13;3.19
MHS04088;3;3.12;3.17
MHS04088;4;2.88;3.1
MHS04088;5;3.69;3.22
MHS04088;6;3.43;3.25
MHS04089;1;3.69;3.69
MHS04089;2;4.0;3.85
MHS04089;3;3.99;3.89
MHS04089;4;3.73;3.85
MHS04089;5;3.98;3.88
MHS04089;6;3.74;3.85
MHS04089;7;3.77;3.84
MHS04089;8;4.0;3.86
MHS04090;1;2.81;2.81
MHS04090;2;2.81;2.81
MHS04091;1;3.29;3.29
MHS04091;2;3.33;3.31
MHS04091;3;3.62;3.41
MHS04091;4;3.29;3.38
MHS04092;1;3.01;3.01
MHS04092;2;3.28;3.15
MHS04092;3;3.36;3.22
MHS04092;4;3.09;3.19
MHS04093;1;2.17;2.17
MHS04093;2;2.64;2.4
MHS04093;3;2.45;2.42
MHS04093;4;2.42;2.42
MHS04094;1;2.71;2.71
MHS04094;2;3.37;3.04
MHS04094;3;3.13;3.07
MHS04094;4;3.57;3.19
MHS04094;5;3.84;3.32
MHS04094;6;3.79;3.4
MHS04094;7;3.37;3.4
MHS04094;8;3.63;3.43
MHS04094;9;3.62;3.45
MHS04095;1;3.31;3.31
MHS04095;2;2.45;2.88
MHS04095;3;3.33;3.03
MHS04095;4;2.38;2.87
MHS04096;1;2.89;2.89
MHS04096;2;2.73;2.81
MHS04096;3;2.65;2.76
MHS04096;4;2.95;2.81
MHS04096;5;2.79;2.8
MHS04097;1;3.27;3.27
MHS04097;2;3.25;3.26
MHS04097;3;3.43;3.32
MHS04097;4;3.58;3.38
MHS04098;1;2.9;2.9
MHS04098;2;2.58;2.74
MHS04099;1;3.47;3.47
MHS04099;2;3.91;3.69
MHS04100;1;3.64;3.64
MHS04100;2;3.43;3.53
MHS04101;1;2.92;2.92
MHS04101;2;3.79;3.36
MHS04101;3;3.7;3.47
MHS04101;4;3.6;3.5
MHS04101;5;3.31;3.46
MHS04101;6;3.26;3.43
MHS04101;7;3.77;3.48
MHS04101;8;3.7;3.51
MHS04102;1;1.95;1.95
MHS04102;2;2.01;1.98
MHS04102;3;2.59;2.19
MHS04102;4;2.86;2.36
MHS04102;5;2.42;2.37
MHS04102;6;2.74;2.43
MHS04102;7;2.56;2.45
MHS04102;8;2.59;2.47
MHS04103;1;3.42;3.42
MHS04103;2;4.0;3.71
MHS04103;3;3.59;3.67
MHS04103;4;3.89;3.72
MHS04104;1;2.32;2.32
MHS04104;2;2.08;2.2
MHS04104;3;2.78;2.39
MHS04104;4;2.94;2.53
MHS04104;5;2.9;2.6
MHS04104;6;3.07;2.68
MHS04105;1;4.0;4.0
MHS04105;2;3.41;3.7
MHS04106;1;2.88;2.88
MHS04106;2;2.3;2.59
MHS04107;1;3.33;3.33
MHS04107;2;3.06;3.19
MHS04107;3;3.24;3.21
MHS04107;4;3.32;3.24
MHS04108;1;3.97;3.97
MHS04108;2;4.0;3.99
MHS04108;3;4.0;3.99
MHS04108;4;4.0;3.99
MHS04108;5;4.0;3.99
MHS04108;6;4.0;4.0
MHS04109;1;2.59;2.59
MHS04109;2;2.86;2.73
MHS04109;3;3.02;2.82
MHS04109;4;3.51;3.0
MHS04109;5;3.41;3.08
MHS04109;6;2.66;3.01
MHS04110;1;2.5;2.5
MHS04110;2;3.1;2.8
MHS04110;3;3.6;3.07
MHS04110;4;3.67;3.22
MHS04110;5;3.86;3.35
MHS04110;6;3.76;3.42
MHS04111;1;3.38;3.38
MHS04111;2;3.5;3.44
MHS04111;3;3.87;3.59
MHS04111;4;4.0;3.69
MHS04112;1;1.48;1.48
MHS04112;2;1.63;1.55
MHS04113;1;2.79;2.79
MHS04113;2;2.65;2.72
MHS04114;1;1.92;1.92
MHS04114;2;2.38;2.15
MHS04115;1;2.88;2.88
MHS04115;2;2.45;2.66
MHS04115;3;2.8;2.71
MHS04115;4;2.54;2.67
MHS04116;1;3.58;3.58
MHS04116;2;3.09;3.34
MHS04116;3;3.12;3.26
MHS04116;4;3.8;3.4
MHS04116;5;3.63;3.44
MHS04116;6;3.65;3.48
MHS04116;7;3.8;3.52
MHS04116;8;3.28;3.49
MHS04116;9;3.85;3.53
MHS04117;1;2.98;2.98
MHS04117;2;3.5;3.24
MHS04117;3;3.49;3.32
MHS04117;4;3.79;3.44
MHS04117;5;3.68;3.49
MHS04117;6;3.74;3.53
MHS04118;1;3.12;3.12
MHS04118;2;3.02;3.07
MHS04118;3;3.89;3.34
MHS04118;4;2.83;3.22
MHS04118;5;2.96;3.16
MHS04118;6;3.93;3.29
MHS04119;1;2.8;2.8
MHS04119;2;3.35;3.08
MHS04119;3;3.41;3.19
MHS04119;4;2.98;3.14
MHS04119;5;3.64;3.24
MHS04119;6;2.85;3.17
MHS04119;7;2.9;3.13
MHS04119;8;3.12;3.13
MHS04120;1;2.87;2.87
MHS04120;2;3.09;2.98
MHS04121;1;2.82;2.82
MHS04121;2;3.21;3.01
MHS04121;3;3.36;3.13
MHS04121;4;3.13;3.13
MHS04121;5;3.31;3.16
MHS04121;6;3.29;3.18
MHS04121;7;3.74;3.26
MHS04121;8;3.33;3.27
MHS04122;1;2.68;2.68
MHS04122;2;2.66;2.67
MHS04123;1;4.0;4.0
MHS04123;2;3.71;3.85
MHS04123;3;4.0;3.9
MHS04123;4;3.82;3.88
MHS04124;1;3.81;3.81
MHS04124;2;3.96;3.88
MHS04124;3;3.4;3.72
MHS04124;4;4.0;3.79
MHS04124;5;3.86;3.81
MHS04124;6;3.62;3.78
MHS04124;7;3.85;3.79
MHS04124;8;3.58;3.76
MHS04125;1;3.19;3.19
MHS04125;2;2.79;2.99
MHS04125;3;3.4;3.13
MHS04125;4;2.89;3.07
MHS04125;5;3.59;3.17
MHS04125;6;3.22;3.18
MHS04126;1;3.01;3.01
MHS04126;2;3.04;3.03
MHS04126;3;3.26;3.1
MHS04126;4;3.6;3.23
MHS04126;5;3.53;3.29
MHS04126;6;3.47;3.32
MHS04127;1;3.63;3.63
MHS04127;2;4.0;3.81
MHS04127;3;3.98;3.87
MHS04127;4;3.98;3.9
MHS04127;5;4.0;3.92
MHS04127;6;3.81;3.9
MHS04128;1;3.6;3.6
MHS04128;2;3.73;3.66
MHS04129;1;3.92;3.92
MHS04129;2;3.97;3.95
MHS04129;3;4.0;3.96
MHS04129;4;4.0;3.97
MHS04129;5;4.0;3.98
MHS04129;6;4.0;3.98
MHS04130;1;2.84;2.84
MHS04130;2;3.17;3.01
MHS04131;1;4.0;4.0
MHS04131;2;3.56;3.78
MHS04131;3;3.52;3.69
MHS04131;4;3.65;3.68
MHS04131;5;3.2;3.59
MHS04131;6;3.77;3.62
MHS04131;7;3.96;3.67
MHS04131;8;3.97;3.7
MHS04132;1;2.38;2.38
MHS04132;2;2.61;2.49
MHS04132;3;2.93;2.64
MHS04132;4;2.89;2.7
MHS04133;1;3.11;3.11
MHS04133;2;3.35;3.23
MHS04133;3;3.26;3.24
MHS04133;4;2.94;3.17
MHS04133;5;3.57;3.25
MHS04133;6;3.57;3.3
MHS04133;7;3.99;3.4
MHS04133;8;3.59;3.42
MHS04134;1;3.27;3.27
MHS04134;2;3.6;3.44
MHS04135;1;4.0;4.0
MHS04135;2;3.98;3.99
MHS04135;3;4.0;3.99
MHS04135;4;3.66;3.91
MHS04135;5;3.68;3.86
MHS04135;6;4.0;3.89
MHS04135;7;4.0;3.9
MHS04135;8;3.53;3.86
MHS04136;1;3.95;3.95
MHS04136;2;3.89;3.92
MHS04136;3;4.0;3.95
MHS04136;4;4.0;3.96
MHS04137;1;2.65;2.65
MHS04137;2;3.01;2.83
MHS04138;1;2.43;2.43
MHS04138;2;2.61;2.52
MHS04138;3;2.7;2.58
MHS04139;1;3.46;3.46
MHS04139;2;3.3;3.38
MHS04139;3;4.0;3.59
MHS04139;4;3.59;3.59
MHS04139;5;3.47;3.57
MHS04139;6;3.24;3.51
MHS04140;1;2.97;2.97
MHS04140;2;3.3;3.14
MHS04141;1;3.49;3.49
MHS04141;2;4.0;3.74
MHS04142;1;3.48;3.48
MHS04142;2;3.19;3.34
MHS04142;3;3.53;3.4
MHS04142;4;3.73;3.48
MHS04143;1;2.39;2.39
MHS04143;2;2.6;2.49
MHS04143;3;3.42;2.8
MHS04143;4;3.12;2.88
MHS04143;5;3.22;2.95
MHS04143;6;2.93;2.95
MHS04143;7;3.06;2.96
MHS04143;8;2.52;2.91
MHS04144;1;2.82;2.82
MHS04144;2;3.02;2.92
MHS04145;1;2.58;2.58
MHS04145;2;2.88;2.73
MHS04145;3;3.42;2.96
MHS04145;4;3.3;3.04
MHS04146;1;2.07;2.07
MHS04146;2;2.62;2.34
MHS04146;3;2.54;2.41
MHS04147;1;3.55;3.55
MHS04147;2;2.79;3.17
MHS04147;3;3.17;3.17
MHS04147;4;2.68;3.05
MHS04148;1;2.09;2.09
MHS04148;2;3.45;2.77
MHS04148;3;3.15;2.9
MHS04148;4;3.12;2.95
MHS04149;1;3.06;3.06
MHS04149;2;3.28;3.17
MHS04149;3;3.78;3.37
MHS04149;4;3.4;3.38
MHS04150;1;3.42;3.42
MHS04150;2;2.98;3.2
MHS04150;3;3.47;3.29
MHS04150;4;3.45;3.33
MHS04150;5;3.81;3.42
MHS04150;6;3.49;3.44
MHS04150;7;3.79;3.49
MHS04150;8;3.39;3.47
MHS04151;1;2.76;2.76
MHS04151;2;2.55;2.66
MHS04152;1;3.77;3.77
MHS04152;2;3.48;3.62
MHS04152;3;3.22;3.49
MHS04152;4;3.85;3.58
MHS04153;1;3.52;3.52
MHS04153;2;3.48;3.5
MHS04153;3;3.78;3.59
MHS04153;4;3.83;3.65
MHS04153;5;3.97;3.71
MHS04153;6;4.0;3.76
MHS04153;7;3.86;3.78
MHS04153;8;4.0;3.8
MHS04154;1;2.81;2.81
MHS04154;2;2.57;2.69
MHS04154;3;3.58;2.99
MHS04154;4;3.1;3.02
MHS04155;1;3.67;3.67
MHS04155;2;3.6;3.64
MHS04155;3;3.79;3.69
MHS04155;4;3.79;3.71
MHS04155;5;3.54;3.68
MHS04155;6;3.24;3.61
MHS04155;7;3.97;3.66
MHS04155;8;4.0;3.7
MHS04156;1;2.64;2.64
MHS04156;2;2.87;2.75
MHS04157;1;2.34;2.34
MHS04157;2;3.32;2.83
MHS04157;3;2.57;2.74
MHS04157;4;3.6;2.96
MHS04157;5;2.98;2.96
MHS04157;6;3.26;3.01
MHS04157;7;3.16;3.03
MHS04157;8;3.29;3.06
MHS04157;9;3.55;3.12
MHS04158;1;3.25;3.25
MHS04158;2;2.42;2.84
MHS04158;3;2.97;2.88
MHS04158;4;3.17;2.95
MHS04159;1;2.61;2.61
MHS04159;2;3.26;2.93
MHS04159;3;3.05;2.97
MHS04159;4;3.39;3.08
MHS04159;5;3.39;3.14
MHS04159;6;3.63;3.22
MHS04159;7;3.51;3.26
MHS04159;8;3.6;3.3
MHS04160;1;2.02;2.02
MHS04160;2;2.92;2.47
MHS04160;3;2.96;2.63
MHS04160;4;3.35;2.81
MHS04160;5;3.19;2.89
MHS04160;6;3.0;2.91
MHS04161;1;2.74;2.74
MHS04161;2;2.85;2.8
MHS04161;3;2.94;2.84
MHS04161;4;3.04;2.89
MHS04161;5;3.5;3.01
MHS04161;6;3.4;3.08
MHS04162;1;3.07;3.07
MHS04162;2;2.98;3.03
MHS04162;3;3.1;3.05
MHS04162;4;3.54;3.17
MHS04162;5;3.44;3.23
MHS04162;6;3.36;3.25
MHS04162;7;3.12;3.23
MHS04162;8;3.27;3.24
MHS04163;1;1.87;1.87
MHS04163;2;2.32;2.09
MHS04164;1;3.94;3.94
MHS04164;2;3.15;3.54
MHS04165;1;2.57;2.57
MHS04165;2;2.89;2.73
MHS04165;3;3.27;2.91
MHS04165;4;3.0;2.93
MHS04165;5;3.37;3.02
MHS04165;6;3.31;3.07
MHS04166;1;3.45;3.45
MHS04166;2;3.33;3.39
MHS04166;3;3.44;3.41
MHS04166;4;3.77;3.5
MHS04167;1;2.69;2.69
MHS04167;2;3.09;2.89
MHS04167;3;4.0;3.26
MHS04167;4;3.91;3.42
MHS04168;1;3.21;3.21
MHS04168;2;3.27;3.24
MHS04169;1;3.17;3.17
MHS04169;2;2.99;3.08
MHS04169;3;2.69;2.95
MHS04169;4;3.57;3.11
MHS04169;5;3.8;3.25
MHS04169;6;3.58;3.3
MHS04170;1;2.67;2.67
MHS04170;2;2.31;2.49
MHS04170;3;3.16;2.71
MHS04170;4;2.59;2.68
MHS04171;1;1.76;1.76
MHS04171;2;2.92;2.34
MHS04171;3;2.77;2.48
MHS04171;4;2.55;2.5
MHS04172;1;2.69;2.69
MHS04172;2;3.1;2.89
MHS04172;3;3.37;3.05
MHS04172;4;3.06;3.05
MHS04172;5;2.95;3.03
MHS04172;6;3.4;3.09
MHS04173;1;2.93;2.93
MHS04173;2;2.93;2.93
MHS04173;3;3.14;3.0
MHS04173;4;3.08;3.02
MHS04174;1;2.64;2.64
MHS04174;2;2.81;2.73
MHS04174;3;2.65;2.7
MHS04174;4;2.83;2.73
MHS04174;5;2.57;2.7
MHS04174;6;2.68;2.7
MHS04175;1;2.28;2.28
MHS04175;2;1.89;2.08
MHS04176;1;2.2;2.2
MHS04176;2;2.66;2.43
MHS04176;3;3.01;2.62
MHS04176;4;3.1;2.74
MHS04176;5;2.82;2.76
MHS04176;6;3.14;2.82
MHS04177;1;3.14;3.14
MHS04177;2;3.6;3.37
MHS04178;1;3.46;3.46
MHS04178;2;3.81;3.64
MHS04178;3;4.0;3.76
MHS04178;4;3.85;3.78
MHS04178;5;4.0;3.83
MHS04178;6;3.83;3.83
MHS04178;7;3.55;3.79
MHS04178;8;3.51;3.75
MHS04179;1;2.93;2.93
MHS04179;2;3.24;3.08
MHS04179;3;2.91;3.02
MHS04179;4;2.74;2.95
MHS04180;1;1.21;1.21
MHS04180;2;2.15;1.68
MHS04181;1;3.58;3.58
MHS04181;2;3.87;3.72
MHS04182;1;2.32;2.32
MHS04182;2;2.74;2.53
MHS04182;3;2.86;2.64
MHS04182;4;3.43;2.84
MHS04182;5;2.63;2.8
MHS04182;6;2.96;2.82
MHS04183;1;3.74;3.74
MHS04183;2;3.69;3.71
MHS04184;1;2.98;2.98
MHS04184;2;3.47;3.23
MHS04184;3;3.43;3.29
MHS04184;4;3.21;3.27
MHS04184;5;3.52;3.32
MHS04184;6;3.29;3.32
MHS04184;7;3.25;3.31
MHS04184;8;3.43;3.32
MHS04185;1;3.73;3.73
MHS04185;2;3.55;3.64
MHS04185;3;3.85;3.71
MHS04185;4;4.0;3.78
MHS04186;1;3.11;3.11
MHS04186;2;3.05;3.08
MHS04187;1;3.07;3.07
MHS04187;2;3.21;3.14
MHS04187;3;3.77;3.35
MHS04187;4;3.9;3.49
MHS04187;5;3.74;3.54
MHS04187;6;3.44;3.52
MHS04187;7;4.0;3.59
MHS04187;8;3.95;3.63
MHS04188;1;1.97;1.97
MHS04188;2;1.91;1.94
MHS04189;1;2.5;2.5
MHS04189;2;3.22;2.86
MHS04190;1;3.39;3.39
MHS04190;2;4.0;3.7
MHS04191;1;3.07;3.07
MHS04191;2;2.92;2.99
MHS04192;1;3.74;3.74
MHS04192;2;4.0;3.87
MHS04193;1;2.53;2.53
MHS04193;2;2.56;2.55
MHS04193;3;3.03;2.71
MHS04193;4;3.57;2.92
MHS04193;5;3.02;2.94
MHS04193;6;3.74;3.08
MHS04193;7;2.65;3.02
MHS04193;8;3.28;3.05
MHS04194;1;3.25;3.25
MHS04194;2;2.82;3.03
MHS04194;3;3.3;3.12
MHS04194;4;3.03;3.1
MHS04194;5;3.16;3.11
MHS04194;6;3.49;3.17
MHS04195;1;3.44;3.44
MHS04195;2;3.99;3.72
MHS04195;3;3.82;3.75
MHS04195;4;3.85;3.78
MHS04195;5;4.0;3.82
MHS04195;6;4.0;3.85
MHS04195;7;3.89;3.86
MHS04195;8;3.79;3.85
MHS04196;1;3.13;3.13
MHS04196;2;2.97;3.05
MHS04196;3;3.42;3.17
MHS04196;4;3.36;3.22
MHS04196;5;3.01;3.18
MHS04196;6;3.22;3.18
MHS04196;7;3.49;3.23
MHS04196;8;3.39;3.25
MHS04196;9;3.35;3.26
MHS04197;1;3.48;3.48
MHS04197;2;4.0;3.74
MHS04198;1;2.97;2.97
MHS04198;2;2.98;2.97
MHS04198;3;3.43;3.12
MHS04198;4;3.57;3.24
MHS04198;5;3.28;3.25
MHS04198;6;3.65;3.31
MHS04199;1;3.24;3.24
MHS04199;2;3.14;3.19
MHS04200;1;3.25;3.25
MHS04200;2;3.04;3.14
MHS04200;3;3.65;3.31
MHS04200;4;3.2;3.28
MHS04201;1;3.04;3.04
MHS04201;2;2.76;2.9
MHS04201;3;3.29;3.03
MHS04201;4;3.15;3.06
MHS04202;1;2.02;2.02
MHS04202;2;2.13;2.08
MHS04203;1;3.01;3.01
MHS04203;2;2.42;2.71
MHS04204;1;3.65;3.65
MHS04204;2;4.0;3.82
MHS04204;3;4.0;3.88
MHS04204;4;3.73;3.84
MHS04205;1;2.47;2.47
MHS04205;2;3.32;2.9
MHS04206;1;2.96;2.96
MHS04206;2;3.1;3.03
MHS04207;1;3.75;3.75
MHS04207;2;3.79;3.77
MHS04207;3;4.0;3.85
MHS04207;4;3.51;3.76
MHS04208;1;2.3;2.3
MHS04208;2;3.23;2.76
MHS04208;3;2.84;2.79
MHS04208;4;3.44;2.95
MHS04209;1;3.01;3.01
MHS04209;2;2.88;2.94
MHS04209;3;3.11;3.0
MHS04209;4;2.81;2.95
MHS04209;5;3.22;3.01
MHS04209;6;2.62;2.94
MHS04209;7;2.65;2.9
MHS04209;8;3.54;2.98
MHS04209;9;2.82;2.96
MHS04210;1;3.29;3.29
MHS04210;2;3.46;3.38
MHS04210;3;3.63;3.46
MHS04210;4;3.73;3.53
MHS04210;5;3.88;3.6
MHS04210;6;3.63;3.6
MHS04211;1;2.59;2.59
MHS04211;2;2.69;2.64
MHS04212;1;2.87;2.87
MHS04212;2;3.22;3.04
MHS04213;1;2.52;2.52
MHS04213;2;2.66;2.59
MHS04213;3;2.79;2.66
MHS04213;4;3.23;2.8
MHS04213;5;3.2;2.88
MHS04213;6;3.32;2.95
MHS04213;7;3.21;2.99
MHS04213;8;3.28;3.03
MHS04213;9;3.33;3.06
MHS04213;10;3.3;3.08
MHS04214;1;2.79;2.79
MHS04214;2;2.29;2.54
MHS04214;3;2.66;2.58
MHS04214;4;3.16;2.73
MHS04214;5;3.07;2.79
MHS04214;6;2.6;2.76
MHS04215;1;3.26;3.26
MHS04215;2;3.14;3.2
MHS04215;3;3.73;3.38
MHS04215;4;3.59;3.43
MHS04215;5;3.31;3.41
MHS04215;6;3.81;3.47
MHS04215;7;3.59;3.49
MHS04215;8;3.8;3.53
MHS04216;1;2.06;2.06
MHS04216;2;2.74;2.4
MHS04216;3;2.86;2.56
MHS04216;4;3.25;2.73
MHS04216;5;3.01;2.79
MHS04216;6;2.83;2.79
MHS04217;1;2.81;2.81
MHS04217;2;2.91;2.86
MHS04217;3;2.61;2.78
MHS04217;4;3.01;2.84
MHS04217;5;2.72;2.81
MHS04217;6;3.13;2.87
MHS04218;1;4.0;4.0
MHS04218;2;4.0;4.0
MHS04218;3;4.0;4.0
MHS04218;4;4.0;4.0
MHS04218;5;4.0;4.0
MHS04218;6;4.0;4.0
MHS04219;1;2.67;2.67
MHS04219;2;3.52;3.09
MHS04219;3;3.87;3.35
MHS04219;4;3.14;3.3
MHS04219;5;3.34;3.31
MHS04219;6;3.24;3.3
MHS04219;7;3.73;3.36
MHS04219;8;3.39;3.36
MHS04220;1;3.27;3.27
MHS04220;2;3.78;3.53
MHS04220;3;3.44;3.5
MHS04220;4;3.38;3.47
MHS04220;5;3.41;3.46
MHS04220;6;3.87;3.53
MHS04220;7;3.61;3.54
MHS04220;8;4.0;3.6
MHS04221;1;2.7;2.7
MHS04221;2;3.2;2.95
MHS04221;3;3.47;3.12
MHS04221;4;3.35;3.18
MHS04221;5;3.76;3.3
MHS04221;6;4.0;3.41
MHS04221;7;3.79;3.47
MHS04221;8;3.91;3.52
MHS04221;9;4.0;3.58
MHS04221;10;4.0;3.62
MHS04221;11;3.36;3.59
MHS04222;1;2.45;2.45
MHS04222;2;3.45;2.95
MHS04222;3;3.25;3.05
MHS04222;4;3.83;3.25
MHS04223;1;2.17;2.17
MHS04223;2;3.28;2.72
MHS04223;3;3.33;2.93
MHS04223;4;3.27;3.01
MHS04224;1;2.87;2.87
MHS04224;2;3.08;2.98
MHS04224;3;3.66;3.2
MHS04224;4;3.27;3.22
MHS04224;5;3.42;3.26
MHS04224;6;3.3;3.27
MHS04224;7;3.13;3.25
MHS04224;8;4.0;3.34
MHS04225;1;3.53;3.53
MHS04225;2;2.63;3.08
MHS04225;3;2.83;3.0
MHS04225;4;4.0;3.25
MHS04225;5;3.45;3.29
MHS04225;6;3.48;3.32
MHS04225;7;3.72;3.38
MHS04225;8;3.85;3.44
MHS04226;1;3.21;3.21
MHS04226;2;3.56;3.39
MHS04226;3;4.0;3.59
MHS04226;4;3.9;3.67
MHS04227;1;2.82;2.82
MHS04227;2;3.12;2.97
MHS04227;3;3.08;3.01
MHS04227;4;3.28;3.08
MHS04228;1;3.31;3.31
MHS04228;2;2.65;2.98
MHS04228;3;3.45;3.14
MHS04228;4;3.59;3.25
MHS04228;5;3.84;3.37
MHS04228;6;3.8;3.44
MHS04228;7;3.6;3.46
MHS04228;8;3.69;3.49
MHS04229;1;2.04;2.04
MHS04229;2;2.69;2.37
MHS04229;3;3.43;2.72
MHS04229;4;3.63;2.95
MHS04229;5;3.74;3.11
MHS04229;6;2.75;3.05
MHS04230;1;3.35;3.35
MHS04230;2;3.69;3.52
MHS04230;3;3.96;3.67
MHS04230;4;2.97;3.49
MHS04230;5;3.99;3.59
MHS04230;6;3.47;3.57
MHS04230;7;3.82;3.61
MHS04230;8;3.86;3.64
MHS04231;1;2.62;2.62
MHS04231;2;3.1;2.86
MHS04231;3;3.25;2.99
MHS04231;4;3.25;3.06
MHS04231;5;3.29;3.1
MHS04231;6;3.46;3.16
MHS04232;1;2.33;2.33
MHS04232;2;2.63;2.48
MHS04232;3;2.58;2.51
MHS04232;4;2.58;2.53
MHS04233;1;2.72;2.72
MHS04233;2;3.12;2.92
MHS04233;3;3.04;2.96
MHS04233;4;3.45;3.08
MHS04234;1;2.97;2.97
MHS04234;2;3.09;3.03
MHS04234;3;3.85;3.31
MHS04234;4;4.0;3.48
MHS04235;1;2.91;2.91
MHS04235;2;3.02;2.96
MHS04235;3;2.97;2.96
MHS04235;4;3.09;2.99
MHS04235;5;3.12;3.02
MHS04235;6;3.52;3.1
MHS04235;7;2.9;3.07
MHS04235;8;3.56;3.13
MHS04236;1;2.71;2.71
MHS04236;2;2.78;2.75
MHS04236;3;3.34;2.94
MHS04236;4;2.48;2.83
MHS04236;5;3.48;2.96
MHS04236;6;2.63;2.9
MHS04236;7;3.35;2.97
MHS04236;8;3.08;2.98
MHS04237;1;3.59;3.59
MHS04237;2;3.59;3.59
MHS04237;3;4.0;3.73
MHS04237;4;3.35;3.63
MHS04237;5;4.0;3.71
MHS04237;6;3.87;3.73
MHS04238;1;1.96;1.96
MHS04238;2;2.45;2.2
MHS04238;3;3.06;2.49
MHS04238;4;3.42;2.72
MHS04238;5;3.08;2.79
MHS04238;6;3.24;2.87
MHS04239;1;3.34;3.34
MHS04239;2;3.16;3.25
MHS04239;3;3.18;3.23
MHS04239;4;3.61;3.32
MHS04239;5;3.41;3.34
MHS04239;6;3.38;3.35
MHS04240;1;3.04;3.04
MHS04240;2;3.04;3.04
MHS04240;3;3.01;3.03
MHS04240;4;3.4;3.12
MHS04241;1;2.69;2.69
MHS04241;2;2.57;2.63
MHS04242;1;3.22;3.22
MHS04242;2;3.36;3.29
MHS04243;1;3.25;3.25
MHS04243;2;3.16;3.2
MHS04243;3;3.31;3.24
MHS04243;4;3.45;3.29
MHS04244;1;3.11;3.11
MHS04244;2;3.63;3.37
MHS04244;3;3.84;3.53
MHS04244;4;3.44;3.51
MHS04244;5;3.46;3.5
MHS04244;6;3.31;3.47
MHS04244;7;3.9;3.53
MHS04244;8;3.45;3.52
MHS04245;1;3.51;3.51
MHS04245;2;3.57;3.54
MHS04245;3;3.72;3.6
MHS04245;4;3.77;3.64
MHS04245;5;3.43;3.6
MHS04245;6;3.59;3.6
MHS04246;1;3.12;3.12
MHS04246;2;3.28;3.2
MHS04246;3;3.89;3.43
MHS04246;4;3.65;3.48
MHS04247;1;2.89;2.89
MHS04247;2;3.7;3.3
MHS04247;3;3.86;3.48
MHS04247;4;3.71;3.54
MHS04247;5;4.0;3.63
MHS04247;6;4.0;3.69
MHS04248;1;1.97;1.97
MHS04248;2;2.7;2.34
MHS04248;3;2.93;2.53
MHS04248;4;3.12;2.68
MHS04248;5;2.81;2.71
MHS04248;6;3.29;2.8
MHS04249;1;3.68;3.68
MHS04249;2;3.69;3.69
MHS04249;3;3.47;3.62
MHS04249;4;3.99;3.71
MHS04249;5;3.79;3.73
MHS04249;6;3.57;3.7
MHS04250;1;3.52;3.52
MHS04250;2;3.98;3.75
MHS04251;1;3.03;3.03
MHS04251;2;2.99;3.01
MHS04251;3;3.76;3.26
MHS04251;4;3.77;3.39
MHS04251;5;3.7;3.45
MHS04251;6;3.46;3.45
MHS04251;7;3.72;3.49
MHS04251;8;3.69;3.52
MHS04252;1;3.25;3.25
MHS04252;2;3.88;3.56
MHS04252;3;3.69;3.61
MHS04252;4;4.0;3.7
MHS04253;1;3.09;3.09
MHS04253;2;3.47;3.28
MHS04253;3;3.59;3.38
MHS04253;4;3.83;3.5
MHS04253;5;3.8;3.56
MHS04253;6;3.34;3.52
MHS04253;7;3.9;3.58
MHS04253;8;3.48;3.56
MHS04254;1;3.91;3.91
MHS04254;2;3.56;3.73
MHS04254;3;3.82;3.76
MHS04254;4;3.98;3.82
MHS04255;1;3.24;3.24
MHS04255;2;3.03;3.13
MHS04255;3;3.5;3.25
MHS04255;4;3.19;3.24
MHS04255;5;3.88;3.37
MHS04255;6;3.91;3.46
MHS04255;7;4.0;3.54
MHS04255;8;3.9;3.58
MHS04256;1;3.16;3.16
MHS04256;2;3.88;3.52
MHS04257;1;3.72;3.72
MHS04257;2;4.0;3.86
MHS04258;1;3.38;3.38
MHS04258;2;3.61;3.49
MHS04258;3;3.78;3.59
MHS04258;4;3.44;3.55
MHS04259;1;2.52;2.52
MHS04259;2;2.92;2.72
MHS04259;3;3.15;2.86
MHS04259;4;3.19;2.95
MHS04260;1;2.93;2.93
MHS04260;2;2.93;2.93
MHS04260;3;3.44;3.1
MHS04260;4;3.4;3.17
MHS04260;5;3.27;3.19
MHS04260;6;2.61;3.09
MHS04260;7;3.5;3.15
MHS04260;8;3.3;3.17
MHS04260;9;3.61;3.22
MHS04261;1;2.71;2.71
MHS04261;2;3.51;3.11
MHS04261;3;3.32;3.18
MHS04261;4;3.71;3.31
MHS04261;5;3.04;3.26
MHS04261;6;3.18;3.24
MHS04262;1;2.79;2.79
MHS04262;2;2.78;2.79
MHS04262;3;2.55;2.71
MHS04262;4;3.06;2.79
MHS04263;1;2.73;2.73
MHS04263;2;3.24;2.98
MHS04264;1;3.07;3.07
MHS04264;2;3.03;3.05
MHS04264;3;3.27;3.12
MHS04264;4;3.64;3.25
MHS04264;5;3.21;3.24
MHS04264;6;3.72;3.32
MHS04264;7;3.27;3.32
MHS04264;8;2.77;3.25
MHS04264;9;3.27;3.25
MHS04265;1;3.88;3.88
MHS04265;2;3.76;3.82
MHS04265;3;4.0;3.88
MHS04265;4;4.0;3.91
MHS04265;5;3.69;3.87
MHS04265;6;3.54;3.81
MHS04266;1;3.44;3.44
MHS04266;2;3.55;3.49
MHS04266;3;3.6;3.53
MHS04266;4;3.62;3.55
MHS04266;5;3.56;3.55
MHS04266;6;3.39;3.53
MHS04266;7;3.6;3.54
MHS04266;8;3.85;3.58
MHS04267;1;3.8;3.8
MHS04267;2;3.28;3.54
MHS04268;1;3.14;3.14
MHS04268;2;2.54;2.84
MHS04269;1;2.61;2.61
MHS04269;2;2.54;2.57
MHS04269;3;3.29;2.81
MHS04269;4;2.64;2.77
MHS04269;5;3.87;2.99
MHS04269;6;3.41;3.06
MHS04270;1;2.94;2.94
MHS04270;2;3.29;3.11
MHS04271;1;1.86;1.86
MHS04271;2;2.86;2.36
MHS04272;1;4.0;4.0
MHS04272;2;4.0;4.0
MHS04272;3;4.0;4.0
MHS04272;4;4.0;4.0
MHS04272;5;4.0;4.0
MHS04272;6;4.0;4.0
MHS04273;1;3.87;3.87
MHS04273;2;3.35;3.61
MHS04273;3;4.0;3.74
MHS04273;4;4.0;3.8
MHS04273;5;3.79;3.8
MHS04273;6;3.53;3.76
MHS04273;7;4.0;3.79
MHS04273;8;3.47;3.75
MHS04274;1;3.18;3.18
MHS04274;2;3.29;3.24
MHS04274;3;3.87;3.45
MHS04274;4;3.4;3.44
MHS04274;5;3.55;3.46
MHS04274;6;3.48;3.46
MHS04274;7;3.24;3.43
MHS04274;8;3.94;3.49
MHS04275;1;3.15;3.15
MHS04275;2;3.28;3.21
MHS04276;1;2.92;2.92
MHS04276;2;2.81;2.87
MHS04276;3;3.31;3.02
MHS04276;4;2.91;2.99
MHS04277;1;2.79;2.79
MHS04277;2;3.21;3.0
MHS04277;3;3.16;3.05
MHS04277;4;2.71;2.97
MHS04278;1;2.65;2.65
MHS04278;2;2.97;2.81
MHS04278;3;3.23;2.95
MHS04278;4;3.19;3.01
MHS04278;5;3.44;3.1
MHS04278;6;2.84;3.05
MHS04279;1;2.32;2.32
MHS04279;2;2.63;2.47
MHS04280;1;3.2;3.2
MHS04280;2;3.54;3.37
MHS04280;3;3.39;3.38
MHS04280;4;3.77;3.47
MHS04280;5;3.66;3.51
MHS04280;6;3.19;3.46
MHS04281;1;3.0;3.0
MHS04281;2;3.36;3.18
MHS04281;3;3.18;3.18
MHS04281;4;3.36;3.22
MHS04282;1;3.1;3.1
MHS04282;2;2.82;2.96
MHS04282;3;3.49;3.14
MHS04282;4;2.62;3.01
MHS04282;5;3.17;3.04
MHS04282;6;3.32;3.09
MHS04283;1;2.91;2.91
MHS04283;2;3.24;3.08
MHS04283;3;3.12;3.09
MHS04283;4;3.16;3.11
MHS04284;1;3.79;3.79
MHS04284;2;3.95;3.87
MHS04284;3;3.73;3.82
MHS04284;4;3.68;3.79
MHS04284;5;3.97;3.82
MHS04284;6;3.54;3.78
MHS04285;1;3.58;3.58
MHS04285;2;3.71;3.64
MHS04286;1;2.83;2.83
MHS04286;2;2.73;2.78
MHS04286;3;3.56;3.04
MHS04286;4;2.67;2.95
MHS04286;5;3.43;3.05
MHS04286;6;3.31;3.09
MHS04286;7;3.38;3.13
MHS04286;8;3.46;3.17
MHS04287;1;2.48;2.48
MHS04287;2;3.11;2.79
MHS04287;3;2.67;2.75
MHS04287;4;3.04;2.82
MHS04288;1;2.05;2.05
MHS04288;2;3.16;2.6
MHS04289;1;2.94;2.94
MHS04289;2;2.82;2.88
MHS04289;3;3.43;3.06
MHS04289;4;4.0;3.3
MHS04289;5;3.58;3.35
MHS04289;6;3.82;3.43
MHS04289;7;3.33;3.42
MHS04289;8;3.84;3.47
MHS04289;9;3.2;3.44
MHS04290;1;4.0;4.0
MHS04290;2;4.0;4.0
MHS04290;3;4.0;4.0
MHS04290;4;4.0;4.0
MHS04291;1;2.5;2.5
MHS04291;2;2.91;2.71
MHS04291;3;3.04;2.82
MHS04291;4;2.54;2.75
MHS04292;1;3.49;3.49
MHS04292;2;3.98;3.74
MHS04293;1;2.59;2.59
MHS04293;2;3.12;2.85
MHS04294;1;2.13;2.13
MHS04294;2;2.9;2.52
MHS04294;3;3.17;2.73
MHS04294;4;3.24;2.86
MHS04294;5;3.14;2.92
MHS04294;6;3.06;2.94
MHS04295;1;3.03;3.03
MHS04295;2;3.2;3.12
MHS04295;3;3.28;3.17
MHS04295;4;3.66;3.3
MHS04295;5;3.78;3.39
MHS04295;6;2.93;3.32
MHS04295;7;2.98;3.27
MHS04295;8;3.53;3.3
MHS04295;9;3.46;3.32
MHS04296;1;2.56;2.56
MHS04296;2;2.83;2.69
MHS04296;3;3.33;2.91
MHS04296;4;3.7;3.1
MHS04297;1;3.69;3.69
MHS04297;2;4.0;3.85
MHS04297;3;3.92;3.87
MHS04297;4;4.0;3.9
MHS04297;5;4.0;3.92
MHS04297;6;3.81;3.9
MHS04298;1;3.57;3.57
MHS04298;2;3.88;3.72
MHS04298;3;4.0;3.82
MHS04298;4;3.85;3.82
MHS04299;1;3.74;3.74
MHS04299;2;3.44;3.59
MHS04299;3;3.64;3.61
MHS04299;4;3.33;3.54
MHS04299;5;4.0;3.63
MHS04299;6;3.14;3.55
MHS04300;1;3.56;3.56
MHS04300;2;3.63;3.59
MHS04300;3;3.36;3.52
MHS04300;4;3.77;3.58
MHS04300;5;3.61;3.58
MHS04300;6;3.83;3.63
MHS04300;7;3.51;3.61
MHS04300;8;3.55;3.6
MHS04301;1;3.24;3.24
MHS04301;2;3.48;3.36
MHS04301;3;3.47;3.4
MHS04301;4;3.43;3.4
MHS04301;5;3.46;3.41
MHS04301;6;3.9;3.5
MHS04301;7;3.52;3.5
MHS04301;8;3.89;3.55
MHS04302;1;1.87;1.87
MHS04302;2;2.13;2.0
MHS04303;1;2.44;2.44
MHS04303;2;3.0;2.72
MHS04304;1;3.49;3.49
MHS04304;2;4.0;3.75
MHS04305;1;2.8;2.8
MHS04305;2;2.91;2.86
MHS04306;1;3.3;3.3
MHS04306;2;4.0;3.65
MHS04307;1;3.08;3.08
MHS04307;2;2.67;2.87
MHS04308;1;3.55;3.55
MHS04308;2;2.97;3.26
MHS04309;1;2.63;2.63
MHS04309;2;2.6;2.62
MHS04309;3;3.2;2.81
MHS04309;4;3.11;2.88
MHS04310;1;3.79;3.79
MHS04310;2;3.74;3.77
MHS04310;3;4.0;3.84
MHS04310;4;3.94;3.87
MHS04310;5;3.96;3.89
MHS04310;6;3.99;3.91
MHS04311;1;2.43;2.43
MHS04311;2;3.51;2.97
MHS04311;3;2.96;2.97
MHS04311;4;2.76;2.92
MHS04311;5;3.02;2.94
MHS04311;6;3.06;2.96
MHS04311;7;2.93;2.95
MHS04311;8;3.21;2.99
MHS04311;9;2.71;2.95
MHS04312;1;4.0;4.0
MHS04312;2;3.9;3.95
MHS04312;3;3.91;3.93
MHS04312;4;3.96;3.94
MHS04312;5;4.0;3.95
MHS04312;6;4.0;3.96
MHS04313;1;2.59;2.59
MHS04313;2;2.91;2.75
MHS04313;3;3.02;2.84
MHS04313;4;3.29;2.95
MHS04314;1;3.91;3.91
MHS04314;2;3.73;3.82
MHS04314;3;4.0;3.88
MHS04314;4;3.66;3.83
MHS04314;5;3.62;3.78
MHS04314;6;3.93;3.81
MHS04314;7;4.0;3.84
MHS04314;8;3.7;3.82
MHS04315;1;2.81;2.81
MHS04315;2;3.06;2.94
MHS04315;3;3.01;2.96
MHS04315;4;2.99;2.97
MHS04315;5;3.19;3.01
MHS04315;6;3.85;3.15
MHS04315;7;3.26;3.17
MHS04315;8;3.28;3.18
MHS04316;1;3.67;3.67
MHS04316;2;3.93;3.8
MHS04317;1;2.75;2.75
MHS04317;2;2.7;2.73
MHS04318;1;2.2;2.2
MHS04318;2;3.17;2.68
MHS04318;3;2.91;2.76
MHS04318;4;3.36;2.91
MHS04319;1;2.59;2.59
MHS04319;2;3.24;2.91
MHS04319;3;3.24;3.02
MHS04319;4;3.04;3.03
MHS04320;1;2.43;2.43
MHS04320;2;3.12;2.77
MHS04320;3;3.24;2.93
MHS04320;4;2.91;2.92
MHS04321;1;2.93;2.93
MHS04321;2;3.52;3.22
MHS04321;3;3.55;3.33
MHS04321;4;3.25;3.31
MHS04321;5;3.55;3.36
MHS04321;6;4.0;3.47
MHS04321;7;3.5;3.47
MHS04321;8;3.39;3.46
MHS04322;1;3.86;3.86
MHS04322;2;3.79;3.82
MHS04323;1;2.82;2.82
MHS04323;2;3.35;3.09
MHS04324;1;2.42;2.42
MHS04324;2;3.03;2.72
MHS04324;3;3.11;2.85
MHS04324;4;2.84;2.85
MHS04324;5;2.55;2.79
MHS04324;6;3.03;2.83
MHS04325;1;2.52;2.52
MHS04325;2;3.61;3.06
MHS04325;3;3.85;3.33
MHS04325;4;3.77;3.44
MHS04325;5;4.0;3.55
MHS04325;6;3.68;3.57
MHS04325;7;3.28;3.53
MHS04325;8;3.63;3.54
MHS04326;1;3.39;3.39
MHS04326;2;3.4;3.39
MHS04327;1;2.0;2.0
MHS04327;2;2.41;2.2
MHS04328;1;3.47;3.47
MHS04328;2;3.68;3.57
MHS04328;3;4.0;3.72
MHS04328;4;3.67;3.71
MHS04328;5;3.75;3.72
MHS04328;6;4.0;3.76
MHS04328;7;4.0;3.8
MHS04328;8;4.0;3.82
MHS04329;1;3.25;3.25
MHS04329;2;3.92;3.58
MHS04329;3;3.44;3.54
MHS04329;4;4.0;3.65
MHS04329;5;3.75;3.67
MHS04329;6;3.93;3.71
MHS04329;7;3.76;3.72
MHS04329;8;4.0;3.76
MHS04330;1;2.71;2.71
MHS04330;2;3.5;3.1
MHS04330;3;3.18;3.13
MHS04330;4;3.07;3.11
MHS04330;5;2.95;3.08
MHS04330;6;3.55;3.16
MHS04330;7;3.23;3.17
MHS04330;8;3.16;3.17
MHS04331;1;3.01;3.01
MHS04331;2;3.09;3.05
MHS04331;3;3.03;3.04
MHS04331;4;3.29;3.1
MHS04331;5;3.96;3.27
MHS04331;6;3.1;3.24
MHS04331;7;3.15;3.23
MHS04331;8;3.54;3.27
MHS04332;1;2.66;2.66
MHS04332;2;3.57;3.12
MHS04332;3;3.55;3.26
MHS04332;4;2.97;3.19
MHS04333;1;2.64;2.64
MHS04333;2;2.53;2.58
MHS04333;3;2.85;2.67
MHS04333;4;2.71;2.68
MHS04334;1;3.33;3.33
MHS04334;2;3.09;3.21
MHS04334;3;3.89;3.43
MHS04334;4;3.87;3.54
MHS04334;5;2.78;3.39
MHS04334;6;3.16;3.35
MHS04334;7;3.55;3.38
MHS04334;8;3.66;3.41
MHS04335;1;2.31;2.31
MHS04335;2;2.94;2.63
MHS04335;3;2.7;2.65
MHS04335;4;2.48;2.61
MHS04336;1;3.14;3.14
MHS04336;2;3.61;3.37
MHS04337;1;3.34;3.34
MHS04337;2;2.95;3.14
MHS04337;3;3.11;3.13
MHS04337;4;3.56;3.24
MHS04338;1;3.05;3.05
MHS04338;2;3.59;3.32
MHS04339;1;2.3;2.3
MHS04339;2;2.4;2.35
MHS04339;3;3.65;2.78
MHS04339;4;2.99;2.84
MHS04340;1;2.66;2.66
MHS04340;2;2.55;2.61
MHS04340;3;2.96;2.73
MHS04340;4;3.28;2.86
MHS04341;1;3.2;3.2
MHS04341;2;3.15;3.17
MHS04341;3;3.02;3.12
MHS04341;4;3.65;3.25
MHS04341;5;3.56;3.31
MHS04341;6;3.5;3.34
MHS04341;7;3.72;3.4
MHS04341;8;3.59;3.42
MHS04341;9;3.81;3.47
MHS04342;1;2.74;2.74
MHS04342;2;2.73;2.74
MHS04342;3;2.91;2.8
MHS04342;4;3.1;2.87
MHS04342;5;3.41;2.98
MHS04342;6;3.46;3.06
MHS04342;7;2.86;3.03
MHS04342;8;3.8;3.13
MHS04343;1;1.84;1.84
MHS04343;2;2.52;2.18
MHS04343;3;2.55;2.3
MHS04343;4;2.63;2.38
MHS04343;5;2.25;2.36
MHS04343;6;2.34;2.35
MHS04344;1;2.69;2.69
MHS04344;2;2.86;2.78
MHS04344;3;3.45;3.0
MHS04344;4;3.4;3.1
MHS04344;5;2.69;3.02
MHS04344;6;3.31;3.07
MHS04344;7;2.9;3.04
MHS04344;8;3.34;3.08
MHS04345;1;3.0;3.0
MHS04345;2;3.1;3.05
MHS04345;3;3.33;3.14
MHS04345;4;3.57;3.25
MHS04345;5;3.42;3.28
MHS04345;6;3.44;3.31
MHS04345;7;3.27;3.3
MHS04345;8;3.16;3.29
MHS04346;1;3.59;3.59
MHS04346;2;3.48;3.53
MHS04346;3;3.51;3.53
MHS04346;4;3.76;3.59
MHS04346;5;3.65;3.6
MHS04346;6;4.0;3.67
MHS04347;1;3.03;3.03
MHS04347;2;3.34;3.19
MHS04347;3;3.09;3.16
MHS04347;4;3.24;3.18
MHS04348;1;3.08;3.08
MHS04348;2;3.72;3.4
MHS04348;3;3.75;3.52
MHS04348;4;3.82;3.59
MHS04348;5;4.0;3.67
MHS04348;6;4.0;3.73
MHS04349;1;3.16;3.16
MHS04349;2;3.2;3.18
MHS04350;1;4.0;4.0
MHS04350;2;3.64;3.82
MHS04350;3;3.91;3.85
MHS04350;4;4.0;3.89
MHS04350;5;3.43;3.8
MHS04350;6;3.96;3.83
MHS04350;7;3.47;3.77
MHS04350;8;3.84;3.78
MHS04351;1;3.39;3.39
MHS04351;2;3.3;3.34
MHS04351;3;3.82;3.5
MHS04351;4;3.85;3.59
MHS04351;5;3.76;3.62
MHS04351;6;3.8;3.65
MHS04352;1;3.71;3.71
MHS04352;2;3.54;3.62
MHS04353;1;1.79;1.79
MHS04353;2;2.27;2.03
MHS04354;1;2.73;2.73
MHS04354;2;3.48;3.1
MHS04354;3;3.58;3.26
MHS04354;4;4.0;3.45
MHS04355;1;2.84;2.84
MHS04355;2;3.47;3.16
MHS04355;3;4.0;3.44
MHS04355;4;3.47;3.45
MHS04355;5;3.33;3.42
MHS04355;6;3.57;3.45
MHS04355;7;3.76;3.49
MHS04355;8;3.61;3.51
MHS04355;9;3.79;3.54
MHS04356;1;2.04;2.04
MHS04356;2;2.95;2.5
MHS04356;3;3.06;2.69
MHS04356;4;2.62;2.67
MHS04357;1;1.89;1.89
MHS04357;2;2.62;2.25
MHS04357;3;2.45;2.32
MHS04357;4;3.03;2.5
MHS04357;5;2.63;2.52
MHS04357;6;2.92;2.59
MHS04358;1;3.21;3.21
MHS04358;2;3.12;3.17
MHS04358;3;3.31;3.21
MHS04358;4;3.45;3.27
MHS04359;1;1.75;1.75
MHS04359;2;2.03;1.89
MHS04359;3;2.76;2.18
MHS04360;1;2.61;2.61
MHS04360;2;2.87;2.74
MHS04360;3;3.11;2.86
MHS04360;4;3.36;2.99
MHS04360;5;3.3;3.05
MHS04360;6;3.25;3.08
MHS04361;1;3.54;3.54
MHS04361;2;3.52;3.53
MHS04361;3;3.96;3.67
MHS04361;4;4.0;3.76
MHS04361;5;3.51;3.71
MHS04361;6;3.65;3.7
MHS04362;1;2.35;2.35
MHS04362;2;2.6;2.48
MHS04362;3;3.16;2.71
MHS04362;4;3.05;2.79
MHS04362;5;3.37;2.91
MHS04362;6;2.9;2.91
MHS04363;1;2.37;2.37
MHS04363;2;2.24;2.3
MHS04364;1;2.89;2.89
MHS04364;2;2.88;2.88
MHS04364;3;3.23;3.0
MHS04364;4;2.79;2.95
MHS04364;5;2.97;2.95
MHS04364;6;2.74;2.92
MHS04365;1;2.74;2.74
MHS04365;2;2.96;2.85
MHS04366;1;3.38;3.38
MHS04366;2;3.56;3.47
MHS04366;3;3.69;3.55
MHS04366;4;3.37;3.5
MHS04366;5;4.0;3.6
MHS04366;6;3.82;3.64
MHS04366;7;4.0;3.69
MHS04366;8;3.66;3.69
MHS04367;1;3.01;3.01
MHS04367;2;3.08;3.05
MHS04367;3;3.04;3.04
MHS04367;4;3.01;3.03
MHS04368;1;3.26;3.26
MHS04368;2;3.07;3.17
MHS04368;3;3.57;3.3
MHS04368;4;3.22;3.28
MHS04368;5;3.58;3.34
MHS04368;6;3.51;3.37
MHS04369;1;2.87;2.87
MHS04369;2;3.32;3.09
MHS04369;3;3.15;3.11
MHS04369;4;2.68;3.0
MHS04369;5;3.05;3.01
MHS04369;6;3.64;3.12
MHS04369;7;3.21;3.13
MHS04369;8;3.53;3.18
MHS04370;1;4.0;4.0
MHS04370;2;3.91;3.95
MHS04370;3;3.9;3.94
MHS04370;4;3.9;3.93
MHS04370;5;4.0;3.94
MHS04370;6;3.64;3.89
MHS04371;1;1.71;1.71
MHS04371;2;1.99;1.85
MHS04371;3;2.9;2.2
MHS04371;4;3.29;2.47
MHS04371;5;2.71;2.52
MHS04371;6;2.6;2.53
MHS04372;1;2.74;2.74
MHS04372;2;2.57;2.66
MHS04372;3;3.45;2.92
MHS04372;4;2.29;2.76
MHS04372;5;3.22;2.85
MHS04372;6;3.09;2.89
MHS04373;1;2.3;2.3
MHS04373;2;2.34;2.32
MHS04373;3;2.53;2.39
MHS04373;4;2.95;2.53
MHS04374;1;2.59;2.59
MHS04374;2;2.59;2.59
MHS04374;3;3.15;2.78
MHS04374;4;2.89;2.8
MHS04374;5;3.19;2.88
MHS04374;6;3.01;2.9
MHS04374;7;3.38;2.97
MHS04374;8;3.07;2.98
MHS04374;9;3.6;3.05
MHS04375;1;2.27;2.27
MHS04375;2;2.53;2.4
MHS04375;3;2.57;2.46
MHS04375;4;3.23;2.65
MHS04375;5;2.9;2.7
MHS04375;6;3.74;2.87
MHS04375;7;3.36;2.94
MHS04375;8;3.23;2.98
MHS04376;1;2.69;2.69
MHS04376;2;2.81;2.75
MHS04376;3;3.68;3.06
MHS04376;4;3.34;3.13
MHS04376;5;3.04;3.11
MHS04376;6;3.43;3.16
MHS04376;7;3.1;3.15
MHS04376;8;3.04;3.14
MHS04377;1;2.96;2.96
MHS04377;2;3.35;3.16
MHS04378;1;2.64;2.64
MHS04378;2;3.0;2.82
MHS04378;3;2.87;2.84
MHS04378;4;3.49;3.0
MHS04378;5;3.41;3.08
MHS04378;6;3.34;3.13
MHS04379;1;2.57;2.57
MHS04379;2;2.73;2.65
MHS04379;3;2.83;2.71
MHS04379;4;3.05;2.79
MHS04379;5;2.66;2.77
MHS04379;6;3.03;2.81
MHS04380;1;3.0;3.0
MHS04380;2;3.65;3.32
MHS04380;3;3.39;3.34
MHS04380;4;3.37;3.35
MHS04380;5;3.78;3.44
MHS04380;6;3.55;3.46
MHS04381;1;3.88;3.88
MHS04381;2;3.89;3.88
MHS04381;3;3.67;3.81
MHS04381;4;3.57;3.75
MHS04381;5;3.92;3.79
MHS04381;6;4.0;3.82
MHS04381;7;4.0;3.85
MHS04381;8;4.0;3.87
MHS04382;1;3.24;3.24
MHS04382;2;3.39;3.31
MHS04383;1;2.95;2.95
MHS04383;2;2.73;2.84
MHS04383;3;3.57;3.08
MHS04383;4;3.19;3.11
MHS04383;5;3.18;3.12
MHS04383;6;4.0;3.27
MHS04383;7;3.36;3.28
MHS04383;8;4.0;3.37
MHS04384;1;3.35;3.35
MHS04384;2;4.0;3.67
MHS04384;3;4.0;3.78
MHS04384;4;3.73;3.77
MHS04384;5;3.75;3.77
MHS04384;6;4.0;3.81
MHS04384;7;4.0;3.83
MHS04384;8;4.0;3.85
MHS04385;1;3.04;3.04
MHS04385;2;2.53;2.79
MHS04385;3;3.37;2.98
MHS04385;4;3.48;3.1
MHS04385;5;3.17;3.12
MHS04385;6;3.48;3.18
MHS04386;1;2.76;2.76
MHS04386;2;3.02;2.89
MHS04386;3;3.44;3.07
MHS04386;4;4.0;3.31
MHS04386;5;4.0;3.44
MHS04386;6;3.8;3.5
MHS04386;7;3.58;3.51
MHS04386;8;3.8;3.55
MHS04387;1;2.67;2.67
MHS04387;2;3.16;2.92
MHS04387;3;2.62;2.82
MHS04387;4;2.85;2.83
MHS04387;5;2.72;2.8
MHS04387;6;2.47;2.75
MHS04387;7;2.76;2.75
MHS04387;8;3.03;2.79
MHS04388;1;2.76;2.76
MHS04388;2;2.73;2.75
MHS04388;3;3.59;3.03
MHS04388;4;2.78;2.97
MHS04389;1;3.14;3.14
MHS04389;2;3.49;3.32
MHS04389;3;3.29;3.31
MHS04389;4;4.0;3.48
MHS04389;5;3.9;3.56
MHS04389;6;3.86;3.61
MHS04389;7;4.0;3.67
MHS04389;8;4.0;3.71
MHS04390;1;2.72;2.72
MHS04390;2;3.08;2.9
MHS04390;3;3.22;3.01
MHS04390;4;2.98;3.0
MHS04390;5;2.6;2.92
MHS04390;6;3.22;2.97
MHS04390;7;3.74;3.08
MHS04390;8;3.58;3.14
MHS04390;9;3.55;3.19
MHS04390;10;3.06;3.17
MHS04390;11;3.78;3.23
MHS04391;1;3.26;3.26
MHS04391;2;3.26;3.26
MHS04391;3;3.5;3.34
MHS04391;4;2.96;3.25
MHS04391;5;3.62;3.32
MHS04391;6;3.83;3.41
MHS04391;7;3.18;3.37
MHS04391;8;4.0;3.45
MHS04392;1;2.08;2.08
MHS04392;2;2.3;2.19
MHS04392;3;2.91;2.43
MHS04393;1;2.93;2.93
MHS04393;2;3.03;2.98
MHS04393;3;3.08;3.02
MHS04393;4;3.57;3.15
MHS04393;5;2.96;3.11
MHS04393;6;3.56;3.19
MHS04394;1;3.24;3.24
MHS04394;2;3.14;3.19
MHS04394;3;3.5;3.29
MHS04394;4;2.98;3.21
MHS04394;5;3.15;3.2
MHS04394;6;3.83;3.3
MHS04395;1;3.73;3.73
MHS04395;2;3.68;3.71
MHS04395;3;3.78;3.73
MHS04395;4;4.0;3.8
MHS04396;1;3.38;3.38
MHS04396;2;3.25;3.31
MHS04396;3;3.65;3.43
MHS04396;4;3.27;3.39
MHS04396;5;3.33;3.38
MHS04396;6;3.27;3.36
MHS04396;7;2.75;3.27
MHS04396;8;3.03;3.24
MHS04396;9;3.66;3.29
MHS04397;1;2.89;2.89
MHS04397;2;2.96;2.93
MHS04398;1;3.34;3.34
MHS04398;2;3.06;3.2
MHS04398;3;3.46;3.29
MHS04398;4;3.49;3.34
MHS04398;5;3.65;3.4
MHS04398;6;3.26;3.38
MHS04398;7;2.95;3.31
MHS04398;8;3.5;3.34
MHS04399;1;4.0;4.0
MHS04399;2;3.91;3.96
MHS04399;3;4.0;3.97
MHS04399;4;4.0;3.98
MHS04399;5;4.0;3.98
MHS04399;6;4.0;3.99
MHS04400;1;2.12;2.12
MHS04400;2;2.6;2.36
MHS04401;1;2.59;2.59
MHS04401;2;3.03;2.81
MHS04401;3;3.27;2.96
MHS04401;4;2.71;2.9
MHS04401;5;3.44;3.01
MHS04401;6;3.53;3.09
MHS04401;7;3.27;3.12
MHS04401;8;3.35;3.15
MHS04402;1;3.19;3.19
MHS04402;2;3.05;3.12
MHS04403;1;3.47;3.47
MHS04403;2;2.96;3.21
MHS04404;1;2.95;2.95
MHS04404;2;3.12;3.04
MHS04404;3;3.31;3.13
MHS04404;4;3.68;3.27
MHS04404;5;3.79;3.37
MHS04404;6;3.84;3.45
MHS04404;7;3.33;3.43
MHS04404;8;3.42;3.43
MHS04404;9;3.94;3.49
MHS04405;1;2.68;2.68
MHS04405;2;3.21;2.94
MHS04405;3;4.0;3.3
MHS04405;4;3.97;3.46
MHS04405;5;3.56;3.48
MHS04405;6;4.0;3.57
MHS04406;1;3.01;3.01
MHS04406;2;2.81;2.91
MHS04407;1;2.2;2.2
MHS04407;2;2.9;2.55
MHS04408;1;3.26;3.26
MHS04408;2;3.54;3.4
MHS04408;3;2.91;3.24
MHS04408;4;3.62;3.33
MHS04408;5;3.18;3.3
MHS04408;6;3.56;3.34
MHS04409;1;3.17;3.17
MHS04409;2;3.41;3.29
MHS04409;3;3.16;3.25
MHS04409;4;3.34;3.27
MHS04410;1;3.27;3.27
MHS04410;2;3.53;3.4
MHS04410;3;3.57;3.46
MHS04410;4;3.79;3.54
MHS04410;5;3.63;3.56
MHS04410;6;4.0;3.63
MHS04411;1;4.0;4.0
MHS04411;2;3.62;3.81
MHS04411;3;3.84;3.82
MHS04411;4;3.89;3.84
MHS04411;5;4.0;3.87
MHS04411;6;4.0;3.89
MHS04411;7;4.0;3.91
MHS04411;8;4.0;3.92
MHS04412;1;2.34;2.34
MHS04412;2;2.66;2.5
MHS04413;1;3.56;3.56
MHS04413;2;3.12;3.34
MHS04413;3;3.89;3.52
MHS04413;4;3.55;3.53
MHS04413;5;4.0;3.62
MHS04413;6;3.58;3.62
MHS04414;1;4.0;4.0
MHS04414;2;3.47;3.74
MHS04414;3;4.0;3.82
MHS04414;4;3.76;3.81
MHS04415;1;3.06;3.06
MHS04415;2;2.76;2.91
MHS04415;3;3.22;3.01
MHS04415;4;3.26;3.07
MHS04416;1;2.44;2.44
MHS04416;2;2.4;2.42
MHS04416;3;2.05;2.3
MHS04416;4;3.03;2.48
MHS04417;1;2.87;2.87
MHS04417;2;2.86;2.86
MHS04417;3;2.66;2.8
MHS04417;4;3.44;2.96
MHS04417;5;3.45;3.06
MHS04417;6;4.0;3.21
MHS04417;7;3.47;3.25
MHS04417;8;3.6;3.29
MHS04418;1;3.47;3.47
MHS04418;2;3.75;3.61
MHS04418;3;3.18;3.47
MHS04418;4;3.88;3.57
MHS04418;5;3.6;3.58
MHS04418;6;3.6;3.58
MHS04418;7;4.0;3.64
MHS04418;8;3.65;3.64
MHS04418;9;3.68;3.64
MHS04419;1;2.22;2.22
MHS04419;2;2.74;2.48
MHS04419;3;2.36;2.44
MHS04419;4;2.37;2.42
MHS04419;5;2.33;2.41
MHS04420;1;3.69;3.69
MHS04420;2;3.92;3.81
MHS04421;1;2.56;2.56
MHS04421;2;3.05;2.8
MHS04421;3;3.58;3.06
MHS04421;4;2.99;3.05
MHS04422;1;2.58;2.58
MHS04422;2;2.07;2.33
MHS04422;3;2.11;2.25
MHS04422;4;2.41;2.29
MHS04422;5;2.87;2.41
MHS04422;6;2.19;2.37
MHS04422;7;2.66;2.41
MHS04422;8;2.33;2.4
MHS04422;9;2.71;2.44
MHS04423;1;2.14;2.14
MHS04423;2;2.37;2.25
MHS04423;3;2.82;2.44
MHS04423;4;2.65;2.5
MHS04424;1;2.64;2.64
MHS04424;2;3.33;2.99
MHS04424;3;3.48;3.15
MHS04424;4;3.67;3.28
MHS04425;1;2.1;2.1
MHS04425;2;2.53;2.32
MHS04425;3;2.61;2.41
MHS04425;4;3.05;2.57
MHS04426;1;3.36;3.36
MHS04426;2;3.48;3.42
MHS04426;3;3.62;3.49
MHS04426;4;2.87;3.33
MHS04426;5;3.54;3.37
MHS04426;6;3.21;3.35
MHS04426;7;3.18;3.32
MHS04426;8;3.25;3.31
MHS04426;9;3.42;3.32
MHS04427;1;3.37;3.37
MHS04427;2;3.25;3.31
MHS04428;1;3.34;3.34
MHS04428;2;3.79;3.57
MHS04428;3;4.0;3.71
MHS04428;4;4.0;3.78
MHS04429;1;3.17;3.17
MHS04429;2;3.61;3.39
MHS04429;3;3.43;3.4
MHS04429;4;3.69;3.47
MHS04429;5;3.6;3.5
MHS04429;6;3.65;3.53
MHS04430;1;2.36;2.36
MHS04430;2;2.8;2.58
MHS04430;3;3.08;2.75
MHS04430;4;2.86;2.78
MHS04430;5;2.9;2.8
MHS04430;6;2.98;2.83
MHS04430;7;3.35;2.91
MHS04430;8;3.01;2.92
MHS04430;9;3.1;2.94
MHS04430;10;2.65;2.91
MHS04430;11;3.06;2.92
MHS04431;1;3.11;3.11
MHS04431;2;3.27;3.19
MHS04431;3;3.82;3.4
MHS04431;4;3.6;3.45
MHS04431;5;3.59;3.48
MHS04431;6;4.0;3.57
MHS04432;1;3.56;3.56
MHS04432;2;4.0;3.78
MHS04432;3;3.83;3.8
MHS04432;4;3.78;3.79
MHS04432;5;4.0;3.83
MHS04432;6;4.0;3.86
MHS04432;7;4.0;3.88
MHS04432;8;4.0;3.9
MHS04433;1;2.78;2.78
MHS04433;2;3.24;3.01
MHS04433;3;3.44;3.15
MHS04433;4;3.29;3.19
MHS04434;1;3.09;3.09
MHS04434;2;3.94;3.51
MHS04434;3;3.41;3.48
MHS04434;4;3.82;3.56
MHS04435;1;1.95;1.95
MHS04435;2;2.72;2.33
MHS04435;3;2.45;2.37
MHS04435;4;2.06;2.29
MHS04435;5;2.59;2.35
MHS04435;6;2.87;2.44
MHS04436;1;2.51;2.51
MHS04436;2;2.81;2.66
MHS04436;3;3.07;2.8
MHS04436;4;3.24;2.91
MHS04436;5;2.85;2.9
MHS04436;6;3.2;2.95
MHS04436;7;2.95;2.95
MHS04436;8;3.15;2.97
MHS04436;9;3.06;2.98
MHS04436;10;3.05;2.99
MHS04437;1;3.32;3.32
MHS04437;2;3.95;3.63
MHS04437;3;4.0;3.76
MHS04437;4;3.68;3.74
MHS04437;5;4.0;3.79
MHS04437;6;3.75;3.78
MHS04437;7;3.84;3.79
MHS04437;8;4.0;3.82
MHS04438;1;3.56;3.56
MHS04438;2;3.73;3.65
MHS04439;1;2.53;2.53
MHS04439;2;2.6;2.57
MHS04439;3;2.7;2.61
MHS04439;4;2.96;2.7
MHS04439;5;2.66;2.69
MHS04439;6;3.09;2.76
MHS04439;7;2.57;2.73
MHS04439;8;3.18;2.79
MHS04440;1;2.19;2.19
MHS04440;2;3.17;2.68
MHS04440;3;3.49;2.95
MHS04440;4;3.23;3.02
MHS04440;5;3.14;3.04
MHS04440;6;2.75;2.99
MHS04440;7;3.59;3.08
MHS04440;8;3.18;3.09
MHS04440;9;3.93;3.19
MHS04440;10;3.47;3.21
MHS04441;1;3.55;3.55
MHS04441;2;3.73;3.64
MHS04441;3;3.74;3.67
MHS04441;4;3.56;3.64
MHS04441;5;3.32;3.58
MHS04441;6;3.06;3.49
MHS04442;1;2.97;2.97
MHS04442;2;3.59;3.28
MHS04442;3;4.0;3.52
MHS04442;4;3.24;3.45
MHS04443;1;2.79;2.79
MHS04443;2;3.28;3.03
MHS04443;3;3.6;3.22
MHS04443;4;3.25;3.23
MHS04444;1;3.06;3.06
MHS04444;2;3.32;3.19
MHS04444;3;3.78;3.39
MHS04444;4;4.0;3.54
MHS04444;5;3.62;3.56
MHS04444;6;3.53;3.55
MHS04445;1;3.0;3.0
MHS04445;2;3.67;3.34
MHS04445;3;4.0;3.56
MHS04445;4;4.0;3.67
MHS04446;1;2.7;2.7
MHS04446;2;2.66;2.68
MHS04446;3;2.6;2.65
MHS04446;4;3.08;2.76
MHS04447;1;2.96;2.96
MHS04447;2;3.36;3.16
MHS04447;3;4.0;3.44
MHS04447;4;3.44;3.44
MHS04448;1;2.36;2.36
MHS04448;2;3.76;3.06
MHS04448;3;3.82;3.31
MHS04448;4;3.81;3.44
MHS04449;1;3.41;3.41
MHS04449;2;3.42;3.42
MHS04449;3;3.76;3.53
MHS04449;4;3.8;3.6
MHS04449;5;4.0;3.68
MHS04449;6;3.94;3.72
MHS04449;7;3.88;3.75
MHS04449;8;3.88;3.76
MHS04450;1;1.76;1.76
MHS04450;2;2.57;2.17
MHS04451;1;3.41;3.41
MHS04451;2;3.21;3.31
MHS04452;1;3.13;3.13
MHS04452;2;3.17;3.15
MHS04452;3;3.73;3.34
MHS04452;4;4.0;3.51
MHS04452;5;3.94;3.59
MHS04452;6;3.91;3.64
MHS04453;1;3.38;3.38
MHS04453;2;3.6;3.49
MHS04454;1;3.03;3.03
MHS04454;2;3.01;3.02
MHS04455;1;3.03;3.03
MHS04455;2;3.34;3.18
MHS04455;3;3.57;3.31
MHS04455;4;4.0;3.48
MHS04455;5;4.0;3.59
MHS04455;6;3.64;3.6
MHS04456;1;2.55;2.55
MHS04456;2;2.93;2.74
MHS04457;1;3.36;3.36
MHS04457;2;2.84;3.1
MHS04457;3;2.93;3.04
MHS04457;4;2.82;2.99
MHS04458;1;1.91;1.91
MHS04458;2;2.59;2.25
MHS04459;1;3.63;3.63
MHS04459;2;3.94;3.78
MHS04459;3;3.69;3.75
MHS04459;4;3.62;3.72
MHS04460;1;1.6;1.6
MHS04460;2;2.12;1.86
MHS04461;1;2.14;2.14
MHS04461;2;2.65;2.4
MHS04461;3;2.9;2.57
MHS04461;4;3.2;2.72
MHS04461;5;3.1;2.8
MHS04461;6;3.17;2.86
MHS04461;7;3.19;2.91
MHS04461;8;3.03;2.92
MHS04462;1;2.89;2.89
MHS04462;2;3.57;3.23
MHS04463;1;3.38;3.38
MHS04463;2;3.51;3.44
MHS04464;1;2.53;2.53
MHS04464;2;2.72;2.62
MHS04464;3;3.05;2.77
MHS04464;4;2.8;2.77
MHS04465;1;3.08;3.08
MHS04465;2;3.14;3.11
MHS04465;3;3.31;3.17
MHS04465;4;3.33;3.21
MHS04466;1;3.69;3.69
MHS04466;2;3.84;3.77
MHS04466;3;4.0;3.84
MHS04466;4;4.0;3.88
MHS04466;5;4.0;3.91
MHS04466;6;3.43;3.83
MHS04467;1;3.54;3.54
MHS04467;2;3.54;3.54
MHS04467;3;3.57;3.55
MHS04467;4;4.0;3.66
MHS04468;1;4.0;4.0
MHS04468;2;4.0;4.0
MHS04468;3;4.0;4.0
MHS04468;4;4.0;4.0
MHS04469;1;2.76;2.76
MHS04469;2;3.34;3.05
MHS04469;3;3.38;3.16
MHS04470;1;3.88;3.88
MHS04470;2;3.29;3.59
MHS04470;3;2.9;3.36
MHS04470;4;2.8;3.22
MHS04470;5;3.29;3.23
MHS04470;6;3.32;3.25
MHS04471;1;3.22;3.22
MHS04471;2;4.0;3.61
MHS04471;3;3.54;3.58
MHS04471;4;3.76;3.63
MHS04471;5;3.71;3.65
MHS04471;6;3.83;3.68
MHS04471;7;3.37;3.63
MHS04471;8;4.0;3.68
MHS04472;1;2.14;2.14
MHS04472;2;2.24;2.19
MHS04473;1;3.15;3.15
MHS04473;2;3.29;3.22
MHS04474;1;2.12;2.12
MHS04474;2;2.34;2.23
MHS04475;1;2.9;2.9
MHS04475;2;2.97;2.93
MHS04475;3;3.18;3.02
MHS04475;4;3.56;3.15
MHS04476;1;1.69;1.69
MHS04476;2;2.61;2.15
MHS04476;3;3.06;2.45
MHS04476;4;2.56;2.48
MHS04476;5;3.21;2.63
MHS04476;6;3.01;2.69
MHS04477;1;2.47;2.47
MHS04477;2;2.89;2.68
MHS04477;3;2.75;2.7
MHS04477;4;3.13;2.81
MHS04477;5;2.86;2.82
MHS04477;6;3.01;2.85
MHS04477;7;2.75;2.84
MHS04477;8;3.2;2.88
MHS04478;1;2.11;2.11
MHS04478;2;2.23;2.17
MHS04478;3;2.12;2.15
MHS04478;4;3.0;2.36
MHS04479;1;4.0;4.0
MHS04479;2;3.96;3.98
MHS04479;3;4.0;3.99
MHS04479;4;4.0;3.99
MHS04480;1;3.24;3.24
MHS04480;2;3.2;3.22
MHS04480;3;3.24;3.22
MHS04480;4;3.34;3.25
MHS04480;5;3.3;3.26
MHS04480;6;3.33;3.27
MHS04481;1;1.58;1.58
MHS04481;2;2.36;1.97
MHS04482;1;3.94;3.94
MHS04482;2;4.0;3.97
MHS04482;3;4.0;3.98
MHS04482;4;3.69;3.91
MHS04482;5;4.0;3.93
MHS04482;6;4.0;3.94
MHS04483;1;3.53;3.53
MHS04483;2;3.21;3.37
MHS04483;3;3.35;3.36
MHS04483;4;3.47;3.39
MHS04483;5;3.58;3.43
MHS04483;6;3.53;3.44
MHS04484;1;3.59;3.59
MHS04484;2;3.23;3.41
MHS04485;1;2.76;2.76
MHS04485;2;3.41;3.09
MHS04486;1;3.48;3.48
MHS04486;2;3.65;3.56
MHS04486;3;3.87;3.66
MHS04486;4;3.66;3.66
MHS04487;1;3.37;3.37
MHS04487;2;2.94;3.16
MHS04487;3;3.59;3.3
MHS04487;4;3.28;3.29
MHS04487;5;3.27;3.29
MHS04487;6;3.95;3.4
MHS04488;1;2.5;2.5
MHS04488;2;2.56;2.53
MHS04489;1;2.76;2.76
MHS04489;2;2.07;2.42
MHS04489;3;3.31;2.72
MHS04489;4;2.77;2.73
MHS04490;1;3.41;3.41
MHS04490;2;3.12;3.27
MHS04491;1;3.48;3.48
MHS04491;2;3.51;3.49
MHS04491;3;3.62;3.54
MHS04491;4;4.0;3.65
MHS04491;5;4.0;3.72
MHS04491;6;4.0;3.77
MHS04492;1;3.85;3.85
MHS04492;2;3.85;3.85
MHS04493;1;2.75;2.75
MHS04493;2;2.09;2.42
MHS04493;3;3.55;2.8
MHS04493;4;3.58;2.99
MHS04493;5;3.44;3.08
MHS04493;6;3.5;3.15
MHS04494;1;2.2;2.2
MHS04494;2;2.96;2.58
MHS04494;3;2.92;2.69
MHS04494;4;3.07;2.79
MHS04494;5;3.1;2.85
MHS04494;6;3.26;2.92
MHS04495;1;3.92;3.92
MHS04495;2;4.0;3.96
MHS04495;3;4.0;3.97
MHS04495;4;4.0;3.98
MHS04496;1;3.8;3.8
MHS04496;2;3.83;3.81
MHS04497;1;2.47;2.47
MHS04497;2;3.22;2.85
MHS04498;1;3.17;3.17
MHS04498;2;3.27;3.22
MHS04498;3;4.0;3.48
MHS04498;4;3.7;3.54
MHS04498;5;3.97;3.62
MHS04498;6;3.42;3.59
MHS04498;7;3.57;3.58
MHS04498;8;3.53;3.58
MHS04499;1;3.35;3.35
MHS04499;2;3.29;3.32
MHS04499;3;3.62;3.42
MHS04499;4;4.0;3.56
MHS04499;5;4.0;3.65
MHS04499;6;3.54;3.63
MHS04499;7;3.97;3.68
MHS04499;8;4.0;3.72
MHS04500;1;2.66;2.66
MHS04500;2;2.85;2.76
MHS04501;1;2.73;2.73
MHS04501;2;2.91;2.82
MHS04501;3;3.48;3.04
MHS04501;4;3.75;3.22
MHS04502;1;2.73;2.73
MHS04502;2;2.78;2.75
MHS04502;3;2.57;2.69
MHS04502;4;2.53;2.65
MHS04502;5;2.55;2.63
MHS04502;6;2.45;2.6
MHS04503;1;3.46;3.46
MHS04503;2;3.29;3.37
MHS04503;3;3.59;3.44
MHS04503;4;4.0;3.58
MHS04503;5;3.59;3.59
MHS04503;6;3.84;3.63
MHS04503;7;3.89;3.67
MHS04503;8;3.6;3.66
MHS04504;1;3.21;3.21
MHS04504;2;2.47;2.84
MHS04505;1;3.28;3.28
MHS04505;2;2.92;3.1
MHS04505;3;3.14;3.11
MHS04505;4;3.25;3.15
MHS04505;5;3.21;3.16
MHS04505;6;3.77;3.26
MHS04505;7;3.18;3.25
MHS04505;8;3.16;3.24
MHS04506;1;3.43;3.43
MHS04506;2;3.58;3.51
MHS04507;1;3.13;3.13
MHS04507;2;3.49;3.31
MHS04507;3;3.36;3.33
MHS04507;4;3.45;3.36
MHS04507;5;3.39;3.37
MHS04507;6;3.49;3.39
MHS04508;1;2.73;2.73
MHS04508;2;3.22;2.98
MHS04509;1;3.17;3.17
MHS04509;2;3.63;3.4
MHS04510;1;3.4;3.4
MHS04510;2;3.52;3.46
MHS04510;3;4.0;3.64
MHS04510;4;3.97;3.72
MHS04510;5;3.1;3.6
MHS04510;6;3.64;3.61
MHS04510;7;4.0;3.66
MHS04510;8;3.73;3.67
MHS04511;1;3.24;3.24
MHS04511;2;3.35;3.3
MHS04511;3;3.47;3.35
MHS04511;4;3.07;3.28
MHS04511;5;3.37;3.3
MHS04511;6;3.27;3.29
MHS04512;1;3.35;3.35
MHS04512;2;4.0;3.68
MHS04512;3;4.0;3.78
MHS04512;4;3.81;3.79
MHS04512;5;4.0;3.83
MHS04512;6;4.0;3.86
MHS04512;7;4.0;3.88
MHS04512;8;4.0;3.9
MHS04513;1;3.76;3.76
MHS04513;2;3.6;3.68
MHS04513;3;3.24;3.53
MHS04513;4;3.95;3.64
MHS04513;5;3.85;3.68
MHS04513;6;3.91;3.72
MHS04514;1;3.33;3.33
MHS04514;2;3.15;3.24
MHS04514;3;3.59;3.36
MHS04514;4;3.3;3.34
MHS04514;5;3.93;3.46
MHS04514;6;4.0;3.55
MHS04515;1;3.4;3.4
MHS04515;2;4.0;3.7
MHS04515;3;3.73;3.71
MHS04515;4;3.28;3.6
MHS04515;5;3.71;3.62
MHS04515;6;3.32;3.57
MHS04515;7;3.51;3.56
MHS04515;8;3.61;3.57
MHS04515;9;4.0;3.62
MHS04515;10;3.49;3.6
MHS04516;1;2.03;2.03
MHS04516;2;2.56;2.29
MHS04516;3;2.68;2.42
MHS04516;4;2.65;2.48
MHS04517;1;3.26;3.26
MHS04517;2;3.07;3.17
MHS04517;3;4.0;3.45
MHS04517;4;4.0;3.58
MHS04518;1;3.01;3.01
MHS04518;2;3.31;3.16
MHS04518;3;3.41;3.24
MHS04518;4;3.56;3.32
MHS04519;1;3.17;3.17
MHS04519;2;2.69;2.93
MHS04520;1;4.0;4.0
MHS04520;2;3.51;3.75
MHS04521;1;2.64;2.64
MHS04521;2;3.11;2.87
MHS04521;3;3.56;3.1
MHS04521;4;2.92;3.06
MHS04522;1;2.95;2.95
MHS04522;2;3.57;3.26
MHS04523;1;2.5;2.5
MHS04523;2;2.53;2.52
MHS04523;3;3.23;2.75
MHS04523;4;2.64;2.73
MHS04523;5;3.14;2.81
MHS04523;6;3.17;2.87
MHS04524;1;3.94;3.94
MHS04524;2;4.0;3.97
MHS04524;3;4.0;3.98
MHS04524;4;4.0;3.98
MHS04524;5;4.0;3.99
MHS04524;6;4.0;3.99
MHS04524;7;3.74;3.95
MHS04524;8;3.79;3.93
MHS04525;1;3.38;3.38
MHS04525;2;3.87;3.63
MHS04525;3;3.89;3.71
MHS04525;4;3.82;3.74
MHS04526;1;2.86;2.86
MHS04526;2;3.43;3.14
MHS04527;1;3.02;3.02
MHS04527;2;3.45;3.24
MHS04528;1;3.26;3.26
MHS04528;2;3.52;3.39
MHS04528;3;3.64;3.48
MHS04528;4;3.78;3.55
MHS04528;5;3.68;3.58
MHS04528;6;3.89;3.63
MHS04528;7;3.42;3.6
MHS04528;8;3.85;3.63
MHS04529;1;2.45;2.45
MHS04529;2;2.56;2.5
MHS04529;3;3.46;2.82
MHS04529;4;2.81;2.82
MHS04530;1;2.36;2.36
MHS04530;2;2.49;2.43
MHS04530;3;3.91;2.92
MHS04530;4;2.69;2.86
MHS04530;5;3.45;2.98
MHS04530;6;3.59;3.08
MHS04531;1;2.52;2.52
MHS04531;2;2.84;2.68
MHS04531;3;3.07;2.81
MHS04531;4;3.57;3.0
MHS04531;5;3.17;3.03
MHS04531;6;3.43;3.1
MHS04532;1;2.88;2.88
MHS04532;2;2.76;2.82
MHS04533;1;2.41;2.41
MHS04533;2;2.89;2.65
MHS04533;3;3.24;2.84
MHS04533;4;3.11;2.91
MHS04533;5;2.85;2.9
MHS04533;6;3.03;2.92
MHS04534;1;2.16;2.16
MHS04534;2;2.6;2.38
MHS04534;3;2.76;2.51
MHS04534;4;3.33;2.71
MHS04535;1;2.93;2.93
MHS04535;2;3.37;3.15
MHS04535;3;3.2;3.16
MHS04535;4;3.65;3.29
MHS04535;5;3.34;3.3
MHS04535;6;3.28;3.29
MHS04535;7;2.97;3.25
MHS04535;8;3.69;3.3
MHS04536;1;1.9;1.9
MHS04536;2;2.75;2.32
MHS04536;3;2.93;2.53
MHS04536;4;2.67;2.56
MHS04536;5;2.78;2.6
MHS04536;6;2.89;2.65
MHS04536;7;2.84;2.68
MHS04536;8;2.72;2.68
MHS04537;1;2.82;2.82
MHS04537;2;2.78;2.8
MHS04538;1;2.87;2.87
MHS04538;2;2.67;2.77
MHS04539;1;2.2;2.2
MHS04539;2;3.0;2.6
MHS04539;3;2.74;2.64
MHS04539;4;2.81;2.69
MHS04540;1;3.35;3.35
MHS04540;2;3.25;3.3
MHS04540;3;3.64;3.41
MHS04540;4;3.37;3.4
MHS04541;1;2.49;2.49
MHS04541;2;2.06;2.28
MHS04542;1;3.3;3.3
MHS04542;2;2.9;3.1
MHS04543;1;1.97;1.97
MHS04543;2;1.89;1.93
MHS04544;1;3.52;3.52
MHS04544;2;3.82;3.67
MHS04544;3;3.47;3.6
MHS04544;4;3.82;3.66
MHS04545;1;3.26;3.26
MHS04545;2;3.13;3.19
MHS04545;3;3.57;3.32
MHS04545;4;3.55;3.38
MHS04545;5;3.74;3.45
MHS04545;6;3.33;3.43
MHS04545;7;3.07;3.38
MHS04545;8;3.75;3.42
MHS04546;1;2.46;2.46
MHS04546;2;2.57;2.51
MHS04547;1;2.6;2.6
MHS04547;2;2.87;2.74
MHS04548;1;3.33;3.33
MHS04548;2;3.42;3.37
MHS04548;3;2.99;3.24
MHS04548;4;2.9;3.16
MHS04548;5;2.74;3.08
MHS04548;6;3.58;3.16
MHS04548;7;3.41;3.2
MHS04548;8;3.37;3.22
MHS04548;9;3.64;3.26
MHS04549;1;3.85;3.85
MHS04549;2;3.64;3.74
MHS04550;1;2.26;2.26
MHS04550;2;3.03;2.64
MHS04550;3;2.99;2.76
MHS04550;4;3.46;2.94
MHS04550;5;3.55;3.06
MHS04550;6;2.58;2.98
MHS04551;1;2.73;2.73
MHS04551;2;2.34;2.54
MHS04552;1;3.61;3.61
MHS04552;2;3.19;3.4
MHS04552;3;3.94;3.58
MHS04552;4;3.59;3.58
MHS04552;5;3.45;3.56
MHS04552;6;3.67;3.58
MHS04553;1;2.78;2.78
MHS04553;2;3.39;3.08
MHS04554;1;3.65;3.65
MHS04554;2;3.47;3.56
MHS04554;3;3.86;3.66
MHS04554;4;3.62;3.65
MHS04554;5;3.77;3.68
MHS04554;6;4.0;3.73
MHS04554;7;3.38;3.68
MHS04554;8;4.0;3.72
MHS04555;1;2.74;2.74
MHS04555;2;2.66;2.7
MHS04555;3;3.04;2.81
MHS04555;4;3.44;2.97
MHS04555;5;2.9;2.96
MHS04555;6;3.09;2.98
MHS04556;1;3.31;3.31
MHS04556;2;2.73;3.02
MHS04556;3;2.76;2.93
MHS04556;4;3.32;3.03
MHS04556;5;2.83;2.99
MHS04556;6;3.47;3.07
MHS04556;7;3.29;3.1
MHS04556;8;3.15;3.11
MHS04557;1;3.69;3.69
MHS04557;2;3.46;3.58
MHS04557;3;3.94;3.7
MHS04557;4;3.55;3.66
MHS04557;5;3.35;3.6
MHS04557;6;3.69;3.61
MHS04558;1;3.32;3.32
MHS04558;2;3.8;3.56
MHS04559;1;2.16;2.16
MHS04559;2;1.94;2.05
MHS04560;1;3.03;3.03
MHS04560;2;2.77;2.9
MHS04560;3;3.04;2.95
MHS04560;4;2.88;2.93
MHS04561;1;2.78;2.78
MHS04561;2;2.81;2.79
MHS04561;3;2.66;2.75
MHS04561;4;2.57;2.7
MHS04561;5;2.74;2.71
MHS04561;6;2.6;2.69
MHS04562;1;3.73;3.73
MHS04562;2;3.69;3.71
MHS04562;3;3.5;3.64
MHS04562;4;3.61;3.63
MHS04563;1;3.18;3.18
MHS04563;2;3.46;3.32
MHS04563;3;4.0;3.55
MHS04563;4;4.0;3.66
MHS04563;5;4.0;3.73
MHS04563;6;3.75;3.73
MHS04563;7;3.55;3.71
MHS04563;8;3.96;3.74
MHS04564;1;2.13;2.13
MHS04564;2;2.34;2.24
MHS04564;3;2.84;2.44
MHS04564;4;3.11;2.61
MHS04564;5;3.38;2.76
MHS04564;6;2.83;2.77
MHS04565;1;2.43;2.43
MHS04565;2;2.3;2.37
MHS04565;3;2.28;2.34
MHS04565;4;2.43;2.36
MHS04565;5;2.34;2.35
MHS04565;6;2.39;2.36
MHS04566;1;3.87;3.87
MHS04566;2;4.0;3.93
MHS04567;1;3.24;3.24
MHS04567;2;3.39;3.31
MHS04567;3;3.65;3.43
MHS04567;4;3.55;3.46
MHS04568;1;3.26;3.26
MHS04568;2;3.49;3.38
MHS04568;3;4.0;3.58
MHS04568;4;4.0;3.69
MHS04568;5;4.0;3.75
MHS04568;6;3.48;3.71
MHS04568;7;3.82;3.72
MHS04568;8;3.97;3.75
MHS04569;1;3.95;3.95
MHS04569;2;3.44;3.7
MHS04570;1;3.16;3.16
MHS04570;2;3.52;3.34
MHS04571;1;3.64;3.64
MHS04571;2;3.26;3.45
MHS04571;3;4.0;3.63
MHS04571;4;4.0;3.72
MHS04571;5;4.0;3.78
MHS04571;6;3.78;3.78
MHS04571;7;4.0;3.81
MHS04571;8;4.0;3.83
MHS04572;1;2.02;2.02
MHS04572;2;2.48;2.25
MHS04572;3;3.41;2.64
MHS04572;4;2.94;2.71
MHS04572;5;3.37;2.84
MHS04572;6;3.24;2.91
MHS04573;1;2.81;2.81
MHS04573;2;3.23;3.02
MHS04574;1;1.2;1.2
MHS04574;2;2.1;1.65
MHS04574;3;2.61;1.97
MHS04574;4;2.43;2.08
MHS04575;1;3.85;3.85
MHS04575;2;4.0;3.93
MHS04575;3;3.77;3.87
MHS04575;4;4.0;3.91
MHS04575;5;4.0;3.92
MHS04575;6;4.0;3.94
MHS04575;7;4.0;3.95
MHS04575;8;4.0;3.95
MHS04576;1;3.52;3.52
MHS04576;2;4.0;3.76
MHS04577;1;2.74;2.74
MHS04577;2;3.48;3.11
MHS04577;3;3.31;3.18
MHS04577;4;3.01;3.14
MHS04578;1;3.35;3.35
MHS04578;2;2.65;3.0
MHS04578;3;3.49;3.16
MHS04578;4;3.31;3.2
MHS04578;5;3.56;3.27
MHS04578;6;3.18;3.26
MHS04578;7;2.99;3.22
MHS04578;8;2.91;3.18
MHS04578;9;3.28;3.19
MHS04579;1;1.65;1.65
MHS04579;2;2.37;2.01
MHS04580;1;3.27;3.27
MHS04580;2;3.35;3.31
MHS04580;3;3.65;3.42
MHS04580;4;3.83;3.52
MHS04580;5;4.0;3.62
MHS04580;6;3.55;3.61
MHS04581;1;2.9;2.9
MHS04581;2;2.89;2.89
MHS04581;3;3.52;3.1
MHS04581;4;3.48;3.2
MHS04581;5;3.75;3.31
MHS04581;6;3.53;3.35
MHS04582;1;3.3;3.3
MHS04582;2;3.8;3.55
MHS04582;3;4.0;3.7
MHS04582;4;3.96;3.77
MHS04582;5;4.0;3.81
MHS04582;6;3.41;3.75
MHS04582;7;3.98;3.78
MHS04582;8;4.0;3.81
MHS04583;1;2.77;2.77
MHS04583;2;3.09;2.93
MHS04583;3;3.33;3.07
MHS04583;4;3.74;3.23
MHS04584;1;3.79;3.79
MHS04584;2;3.32;3.56
MHS04584;3;4.0;3.7
MHS04584;4;3.72;3.71
MHS04585;1;2.37;2.37
MHS04585;2;2.98;2.68
MHS04585;3;2.41;2.59
MHS04585;4;2.95;2.68
MHS04585;5;2.52;2.65
MHS04585;6;2.92;2.69
MHS04586;1;2.86;2.86
MHS04586;2;2.62;2.74
MHS04587;1;3.97;3.97
MHS04587;2;4.0;3.99
MHS04587;3;4.0;3.99
MHS04587;4;3.68;3.91
MHS04587;5;3.93;3.92
MHS04587;6;4.0;3.93
MHS04588;1;3.11;3.11
MHS04588;2;3.27;3.19
MHS04588;3;3.28;3.22
MHS04588;4;3.54;3.3
MHS04588;5;3.39;3.32
MHS04588;6;3.44;3.34
MHS04588;7;2.91;3.28
MHS04588;8;3.38;3.29
MHS04589;1;3.73;3.73
MHS04589;2;4.0;3.86
MHS04589;3;3.89;3.87
MHS04589;4;3.45;3.77
MHS04590;1;3.1;3.1
MHS04590;2;3.04;3.07
MHS04591;1;2.34;2.34
MHS04591;2;3.35;2.85
MHS04592;1;3.2;3.2
MHS04592;2;3.39;3.3
MHS04592;3;4.0;3.53
MHS04592;4;3.7;3.57
MHS04592;5;4.0;3.66
MHS04592;6;3.72;3.67
MHS04592;7;4.0;3.72
MHS04592;8;4.0;3.75
MHS04593;1;2.65;2.65
MHS04593;2;2.91;2.78
MHS04593;3;3.04;2.87
MHS04593;4;3.14;2.94
MHS04593;5;2.82;2.91
MHS04593;6;3.27;2.97
MHS04593;7;3.49;3.05
MHS04593;8;3.23;3.07
MHS04594;1;3.1;3.1
MHS04594;2;3.57;3.34
MHS04595;1;2.14;2.14
MHS04595;2;2.23;2.18
MHS04596;1;4.0;4.0
MHS04596;2;3.96;3.98
MHS04596;3;4.0;3.99
MHS04596;4;4.0;3.99
MHS04596;5;4.0;3.99
MHS04596;6;4.0;3.99
MHS04597;1;2.57;2.57
MHS04597;2;2.87;2.72
MHS04598;1;3.13;3.13
MHS04598;2;3.51;3.32
MHS04599;1;3.21;3.21
MHS04599;2;3.7;3.45
MHS04599;3;3.59;3.5
MHS04599;4;3.65;3.53
MHS04600;1;2.76;2.76
MHS04600;2;3.08;2.92
MHS04600;3;3.53;3.12
MHS04600;4;3.23;3.15
MHS04600;5;3.23;3.17
MHS04600;6;2.99;3.14
MHS04601;1;3.35;3.35
MHS04601;2;2.96;3.16
MHS04601;3;2.79;3.03
MHS04601;4;3.97;3.27
MHS04601;5;3.49;3.31
MHS04601;6;3.7;3.38
MHS04602;1;3.96;3.96
MHS04602;2;3.87;3.92
MHS04602;3;4.0;3.94
MHS04602;4;4.0;3.96
MHS04602;5;3.52;3.87
MHS04602;6;3.9;3.88
MHS04602;7;4.0;3.89
MHS04602;8;4.0;3.91
MHS04603;1;2.9;2.9
MHS04603;2;3.05;2.97
MHS04603;3;3.08;3.01
MHS04603;4;3.31;3.09
MHS04604;1;2.98;2.98
MHS04604;2;2.4;2.69
MHS04604;3;2.67;2.69
MHS04604;4;3.18;2.81
MHS04604;5;2.98;2.84
MHS04605;1;3.53;3.53
MHS04605;2;2.97;3.25
MHS04606;1;2.58;2.58
MHS04606;2;2.46;2.52
MHS04606;3;3.08;2.71
MHS04606;4;2.78;2.72
MHS04606;5;2.93;2.77
MHS04606;6;2.92;2.79
MHS04607;1;3.23;3.23
MHS04607;2;3.7;3.47
MHS04607;3;3.88;3.6
MHS04607;4;2.96;3.44
MHS04607;5;4.0;3.55
MHS04607;6;3.55;3.55
MHS04607;7;3.81;3.59
MHS04607;8;4.0;3.64
MHS04608;1;3.15;3.15
MHS04608;2;3.22;3.18
MHS04608;3;3.35;3.24
MHS04608;4;3.5;3.3
MHS04608;5;3.2;3.28
MHS04608;6;4.0;3.4
MHS04608;7;3.54;3.42
MHS04608;8;3.52;3.43
MHS04609;1;2.99;2.99
MHS04609;2;3.38;3.18
MHS04609;3;3.96;3.44
MHS04609;4;3.25;3.39
MHS04609;5;3.57;3.43
MHS04609;6;3.74;3.48
MHS04609;7;4.0;3.56
MHS04609;8;3.39;3.54
MHS04610;1;2.71;2.71
MHS04610;2;3.08;2.89
MHS04611;1;2.76;2.76
MHS04611;2;3.12;2.94
MHS04611;3;3.24;3.04
MHS04611;4;3.09;3.05
MHS04611;5;3.14;3.07
MHS04611;6;2.77;3.02
MHS04611;7;3.28;3.06
MHS04611;8;3.13;3.07
MHS04612;1;3.57;3.57
MHS04612;2;3.5;3.53
MHS04612;3;3.91;3.66
MHS04612;4;4.0;3.74
MHS04612;5;4.0;3.8
MHS04612;6;4.0;3.83
MHS04613;1;2.96;2.96
MHS04613;2;3.28;3.12
MHS04613;3;3.52;3.25
MHS04613;4;3.64;3.35
MHS04613;5;3.39;3.36
MHS04613;6;3.3;3.35
MHS04614;1;2.45;2.45
MHS04614;2;3.31;2.88
MHS04614;3;3.25;3.0
MHS04614;4;3.07;3.02
MHS04614;5;2.89;2.99
MHS04614;6;3.49;3.07
MHS04615;1;2.96;2.96
MHS04615;2;3.54;3.25
MHS04615;3;3.43;3.31
MHS04615;4;3.23;3.29
MHS04616;1;3.2;3.2
MHS04616;2;3.51;3.35
MHS04617;1;2.92;2.92
MHS04617;2;2.98;2.95
MHS04617;3;3.58;3.16
MHS04617;4;3.65;3.28
MHS04617;5;3.52;3.33
MHS04617;6;3.2;3.31
MHS04617;7;3.27;3.3
MHS04617;8;3.5;3.33
MHS04617;9;3.42;3.34
MHS04617;10;3.28;3.33
MHS04618;1;2.64;2.64
MHS04618;2;2.9;2.77
MHS04619;1;2.9;2.9
MHS04619;2;2.57;2.73
MHS04620;1;2.23;2.23
MHS04620;2;2.43;2.33
MHS04621;1;3.26;3.26
MHS04621;2;3.0;3.13
MHS04622;1;1.91;1.91
MHS04622;2;2.4;2.16
MHS04622;3;2.71;2.34
MHS04622;4;2.3;2.33
MHS04623;1;3.03;3.03
MHS04623;2;3.43;3.23
MHS04623;3;3.89;3.45
MHS04623;4;3.81;3.54
MHS04624;1;2.49;2.49
MHS04624;2;2.61;2.55
MHS04624;3;3.07;2.72
MHS04624;4;2.93;2.78
MHS04625;1;1.84;1.84
MHS04625;2;2.17;2.0
MHS04625;3;2.81;2.27
MHS04625;4;2.71;2.38
MHS04625;5;2.74;2.45
MHS04625;6;3.15;2.57
MHS04625;7;3.07;2.64
MHS04626;1;3.31;3.31
MHS04626;2;3.96;3.64
MHS04626;3;3.88;3.72
MHS04626;4;3.94;3.77
MHS04626;5;4.0;3.82
MHS04626;6;4.0;3.85
MHS04626;7;4.0;3.87
MHS04626;8;3.32;3.8
MHS04627;1;2.69;2.69
MHS04627;2;3.62;3.16
MHS04627;3;3.33;3.21
MHS04627;4;3.27;3.23
MHS04627;5;3.5;3.28
MHS04627;6;3.18;3.26
MHS04628;1;3.15;3.15
MHS04628;2;4.0;3.58
MHS04629;1;2.95;2.95
MHS04629;2;3.0;2.98
MHS04629;3;3.53;3.16
MHS04629;4;3.36;3.21
MHS04629;5;3.18;3.2
MHS04629;6;3.9;3.32
MHS04629;7;3.65;3.37
MHS04629;8;3.63;3.4
MHS04630;1;2.04;2.04
MHS04630;2;2.78;2.41
MHS04630;3;2.62;2.48
MHS04630;4;2.75;2.55
MHS04630;5;2.41;2.52
MHS04630;6;2.57;2.53
MHS04630;7;2.37;2.51
MHS04630;8;2.48;2.5
MHS04631;1;3.11;3.11
MHS04631;2;3.27;3.19
MHS04632;1;2.39;2.39
MHS04632;2;2.73;2.56
MHS04632;3;3.83;2.99
MHS04632;4;3.6;3.14
MHS04633;1;3.03;3.03
MHS04633;2;3.13;3.08
MHS04634;1;3.8;3.8
MHS04634;2;4.0;3.9
MHS04634;3;3.69;3.83
MHS04634;4;3.25;3.69
MHS04635;1;2.28;2.28
MHS04635;2;3.23;2.75
MHS04636;1;3.34;3.34
MHS04636;2;3.16;3.25
MHS04636;3;3.4;3.3
MHS04636;4;3.5;3.35
MHS04636;5;3.47;3.38
MHS04636;6;4.0;3.48
MHS04636;7;4.0;3.55
MHS04636;8;3.58;3.56
MHS04636;9;3.61;3.56
MHS04637;1;3.33;3.33
MHS04637;2;3.05;3.19
MHS04637;3;2.91;3.1
MHS04637;4;3.31;3.15
MHS04637;5;3.87;3.3
MHS04637;6;3.48;3.33
MHS04638;1;3.13;3.13
MHS04638;2;3.22;3.17
MHS04638;3;3.35;3.23
MHS04638;4;3.61;3.33
MHS04639;1;3.02;3.02
MHS04639;2;3.76;3.39
MHS04639;3;3.72;3.5
MHS04639;4;3.41;3.48
MHS04640;1;3.11;3.11
MHS04640;2;3.22;3.17
MHS04640;3;3.88;3.4
MHS04640;4;3.43;3.41
MHS04640;5;3.65;3.46
MHS04640;6;4.0;3.55
MHS04640;7;3.23;3.5
MHS04640;8;3.63;3.52
MHS04641;1;3.19;3.19
MHS04641;2;2.9;3.04
MHS04642;1;2.77;2.77
MHS04642;2;2.2;2.48
MHS04643;1;4.0;4.0
MHS04643;2;4.0;4.0
MHS04643;3;4.0;4.0
MHS04643;4;4.0;4.0
MHS04644;1;3.34;3.34
MHS04644;2;3.86;3.6
MHS04644;3;3.94;3.71
MHS04644;4;3.4;3.63
MHS04645;1;4.0;4.0
MHS04645;2;4.0;4.0
MHS04645;3;4.0;4.0
MHS04645;4;4.0;4.0
MHS04646;1;3.21;3.21
MHS04646;2;3.49;3.35
MHS04646;3;3.68;3.46
MHS04646;4;3.84;3.55
MHS04646;5;4.0;3.64
MHS04646;6;3.53;3.62
MHS04646;7;3.25;3.57
MHS04646;8;3.56;3.57
MHS04647;1;2.59;2.59
MHS04647;2;2.69;2.64
MHS04647;3;2.52;2.6
MHS04647;4;2.98;2.7
MHS04648;1;2.83;2.83
MHS04648;2;3.7;3.27
MHS04648;3;3.91;3.48
MHS04648;4;3.4;3.46
MHS04649;1;3.07;3.07
MHS04649;2;2.73;2.9
MHS04650;1;2.05;2.05
MHS04650;2;2.43;2.24
MHS04651;1;2.38;2.38
MHS04651;2;1.89;2.13
MHS04652;1;2.78;2.78
MHS04652;2;3.21;2.99
MHS04652;3;3.48;3.15
MHS04652;4;3.38;3.21
MHS04652;5;3.96;3.36
MHS04652;6;3.61;3.4
MHS04652;7;3.94;3.48
MHS04652;8;3.66;3.5
MHS04653;1;2.13;2.13
MHS04653;2;2.88;2.5
MHS04653;3;2.78;2.59
MHS04653;4;2.91;2.67
MHS04653;5;2.36;2.61
MHS04653;6;2.86;2.65
MHS04653;7;2.42;2.62
MHS04653;8;3.09;2.68
MHS04653;9;2.08;2.61
MHS04653;10;2.85;2.64
MHS04654;1;2.24;2.24
MHS04654;2;1.83;2.04
MHS04654;3;3.03;2.37
MHS04654;4;3.06;2.54
MHS04655;1;2.46;2.46
MHS04655;2;2.64;2.55
MHS04655;3;3.29;2.8
MHS04655;4;3.42;2.95
MHS04655;5;3.43;3.05
MHS04655;6;3.38;3.1
MHS04655;7;3.32;3.14
MHS04655;8;3.22;3.15
MHS04656;1;3.17;3.17
MHS04656;2;3.43;3.3
MHS04656;3;3.19;3.26
MHS04656;4;3.81;3.4
MHS04656;5;3.92;3.5
MHS04656;6;3.6;3.52
MHS04657;1;3.25;3.25
MHS04657;2;3.61;3.43
MHS04657;3;3.7;3.52
MHS04657;4;3.18;3.43
MHS04657;5;3.63;3.47
MHS04657;6;3.77;3.52
MHS04657;7;2.85;3.43
MHS04657;8;3.2;3.4
MHS04657;9;3.33;3.39
MHS04658;1;3.01;3.01
MHS04658;2;3.34;3.17
MHS04659;1;2.83;2.83
MHS04659;2;4.0;3.41
MHS04659;3;3.3;3.38
MHS04659;4;4.0;3.53
MHS04659;5;4.0;3.63
MHS04659;6;4.0;3.69
MHS04659;7;4.0;3.73
MHS04659;8;3.86;3.75
MHS04660;1;3.13;3.13
MHS04660;2;3.18;3.16
MHS04660;3;3.44;3.25
MHS04660;4;3.74;3.37
MHS04661;1;3.46;3.46
MHS04661;2;4.0;3.73
MHS04661;3;3.89;3.78
MHS04661;4;4.0;3.84
MHS04661;5;3.82;3.83
MHS04661;6;4.0;3.86
MHS04662;1;2.8;2.8
MHS04662;2;3.04;2.92
MHS04662;3;3.12;2.99
MHS04662;4;2.78;2.94
MHS04663;1;2.61;2.61
MHS04663;2;3.44;3.03
MHS04664;1;3.07;3.07
MHS04664;2;3.43;3.25
MHS04665;1;2.32;2.32
MHS04665;2;2.75;2.53
MHS04665;3;2.97;2.68
MHS04665;4;3.2;2.81
MHS04665;5;3.13;2.87
MHS04665;6;3.29;2.94
MHS04666;1;2.07;2.07
MHS04666;2;1.78;1.92
MHS04667;1;3.77;3.77
MHS04667;2;2.87;3.32
MHS04667;3;3.85;3.5
MHS04667;4;3.97;3.61
MHS04668;1;3.24;3.24
MHS04668;2;3.87;3.56
MHS04669;1;4.0;4.0
MHS04669;2;4.0;4.0
MHS04669;3;4.0;4.0
MHS04669;4;4.0;4.0
MHS04669;5;4.0;4.0
MHS04669;6;3.98;4.0
MHS04669;7;4.0;4.0
MHS04669;8;4.0;4.0
MHS04670;1;3.78;3.78
MHS04670;2;3.82;3.8
MHS04670;3;3.96;3.85
MHS04670;4;3.6;3.79
MHS04671;1;2.63;2.63
MHS04671;2;3.11;2.87
MHS04671;3;3.22;2.98
MHS04671;4;3.17;3.03
MHS04672;1;4.0;4.0
MHS04672;2;4.0;4.0
MHS04672;3;4.0;4.0
MHS04672;4;3.95;3.99
MHS04672;5;4.0;3.99
MHS04672;6;3.67;3.94
MHS04673;1;2.54;2.54
MHS04673;2;2.57;2.55
MHS04673;3;2.45;2.52
MHS04673;4;3.24;2.7
MHS04674;1;2.81;2.81
MHS04674;2;2.67;2.74
MHS04675;1;3.3;3.3
MHS04675;2;2.82;3.06
MHS04675;3;3.11;3.07
MHS04675;4;2.81;3.01
MHS04676;1;2.54;2.54
MHS04676;2;2.62;2.58
MHS04676;3;2.72;2.63
MHS04676;4;3.34;2.8
MHS04676;5;3.59;2.96
MHS04676;6;3.66;3.08
MHS04676;7;3.03;3.07
MHS04676;8;3.6;3.14
MHS04677;1;2.99;2.99
MHS04677;2;2.87;2.93
MHS04677;3;3.31;3.06
MHS04677;4;3.06;3.06
MHS04677;5;3.64;3.18
MHS04677;6;3.54;3.24
MHS04677;7;3.76;3.31
MHS04677;8;3.24;3.3
MHS04677;9;3.2;3.29
MHS04678;1;3.08;3.08
MHS04678;2;2.48;2.78
MHS04679;1;3.64;3.64
MHS04679;2;4.0;3.82
MHS04680;1;1.97;1.97
MHS04680;2;3.21;2.59
MHS04680;3;3.1;2.76
MHS04680;4;3.27;2.89
MHS04680;5;2.99;2.91
MHS04680;6;3.52;3.01
MHS04680;7;2.98;3.0
MHS04680;8;3.31;3.04
MHS04681;1;3.55;3.55
MHS04681;2;3.62;3.59
MHS04682;1;3.12;3.12
MHS04682;2;3.51;3.32
MHS04682;3;3.25;3.29
MHS04682;4;3.49;3.34
MHS04682;5;3.59;3.39
MHS04682;6;3.73;3.45
MHS04682;7;3.52;3.46
MHS04682;8;3.81;3.5
MHS04683;1;3.84;3.84
MHS04683;2;3.49;3.66
MHS04683;3;4.0;3.78
MHS04683;4;3.58;3.73
MHS04684;1;2.59;2.59
MHS04684;2;2.73;2.66
MHS04684;3;3.24;2.85
MHS04684;4;2.7;2.81
MHS04685;1;2.6;2.6
MHS04685;2;2.95;2.77
MHS04686;1;3.19;3.19
MHS04686;2;3.63;3.41
MHS04686;3;3.58;3.47
MHS04686;4;3.76;3.54
MHS04687;1;3.7;3.7
MHS04687;2;3.71;3.71
MHS04687;3;4.0;3.8
MHS04687;4;3.94;3.84
MHS04687;5;4.0;3.87
MHS04687;6;4.0;3.89
MHS04688;1;2.81;2.81
MHS04688;2;3.17;2.99
MHS04688;3;3.52;3.17
MHS04688;4;3.25;3.19
MHS04688;5;3.12;3.17
MHS04688;6;3.02;3.15
MHS04688;7;3.17;3.15
MHS04688;8;3.2;3.16
MHS04689;1;2.32;2.32
MHS04689;2;2.29;2.31
MHS04689;3;2.57;2.39
MHS04689;4;2.28;2.37
MHS04689;5;2.36;2.36
MHS04689;6;3.2;2.5
MHS04690;1;2.9;2.9
MHS04690;2;3.01;2.95
MHS04691;1;3.47;3.47
MHS04691;2;3.34;3.4
MHS04691;3;3.32;3.38
MHS04691;4;3.36;3.37
MHS04692;1;2.9;2.9
MHS04692;2;2.58;2.74
MHS04692;3;3.09;2.85
MHS04692;4;3.1;2.92
MHS04692;5;3.32;3.0
MHS04692;6;3.08;3.01
MHS04693;1;2.43;2.43
MHS04693;2;3.31;2.87
MHS04693;3;3.35;3.03
MHS04693;4;3.1;3.05
MHS04693;5;3.31;3.1
MHS04693;6;3.44;3.16
MHS04694;1;2.08;2.08
MHS04694;2;2.69;2.39
MHS04694;3;3.0;2.59
MHS04694;4;2.81;2.65
MHS04694;5;3.43;2.8
MHS04694;6;2.61;2.77
MHS04694;7;3.1;2.82
MHS04694;8;2.53;2.78
MHS04695;1;2.67;2.67
MHS04695;2;3.43;3.05
MHS04695;3;3.82;3.31
MHS04695;4;3.56;3.37
MHS04695;5;3.36;3.37
MHS04695;6;3.41;3.38
MHS04696;1;3.15;3.15
MHS04696;2;2.59;2.87
MHS04697;1;3.26;3.26
MHS04697;2;3.37;3.31
MHS04697;3;3.28;3.3
MHS04697;4;3.94;3.46
MHS04697;5;4.0;3.57
MHS04697;6;4.0;3.64
MHS04698;1;3.77;3.77
MHS04698;2;4.0;3.88
MHS04699;1;3.05;3.05
MHS04699;2;3.29;3.17
MHS04699;3;3.55;3.3
MHS04699;4;3.36;3.31
MHS04699;5;3.63;3.38
MHS04699;6;3.06;3.32
MHS04700;1;2.6;2.6
MHS04700;2;3.78;3.19
MHS04700;3;3.86;3.41
MHS04700;4;3.93;3.54
MHS04700;5;3.92;3.62
MHS04700;6;3.34;3.57
MHS04701;1;2.8;2.8
MHS04701;2;2.98;2.89
MHS04702;1;3.08;3.08
MHS04702;2;3.89;3.49
MHS04702;3;3.81;3.59
MHS04702;4;3.38;3.54
MHS04703;1;2.88;2.88
MHS04703;2;2.28;2.58
MHS04703;3;2.87;2.68
MHS04703;4;2.86;2.72
MHS04704;1;3.09;3.09
MHS04704;2;2.9;2.99
MHS04705;1;2.88;2.88
MHS04705;2;3.39;3.13
MHS04705;3;2.71;2.99
MHS04705;4;3.36;3.08
MHS04705;5;3.81;3.23
MHS04705;6;3.55;3.28
MHS04705;7;3.67;3.34
MHS04705;8;3.83;3.4
MHS04706;1;3.85;3.85
MHS04706;2;3.84;3.85
MHS04706;3;3.22;3.64
MHS04706;4;3.66;3.64
MHS04706;5;4.0;3.72
MHS04706;6;4.0;3.76
MHS04706;7;4.0;3.8
MHS04706;8;3.87;3.81
MHS04707;1;3.21;3.21
MHS04707;2;3.39;3.3
MHS04707;3;4.0;3.54
MHS04707;4;4.0;3.65
MHS04707;5;3.85;3.69
MHS04707;6;4.0;3.74
MHS04708;1;3.56;3.56
MHS04708;2;3.55;3.55
MHS04708;3;4.0;3.7
MHS04708;4;3.66;3.69
MHS04709;1;2.6;2.6
MHS04709;2;2.92;2.76
MHS04709;3;3.25;2.93
MHS04709;4;2.61;2.85
MHS04709;5;2.89;2.86
MHS04709;6;3.1;2.9
MHS04710;1;1.99;1.99
MHS04710;2;2.22;2.1
MHS04711;1;3.67;3.67
MHS04711;2;3.04;3.35
MHS04711;3;3.0;3.24
MHS04711;4;3.54;3.31
MHS04711;5;2.95;3.24
MHS04711;6;3.61;3.3
MHS04712;1;3.46;3.46
MHS04712;2;3.54;3.5
MHS04713;1;3.04;3.04
MHS04713;2;3.64;3.34
MHS04713;3;3.5;3.4
MHS04713;4;4.0;3.55
MHS04714;1;2.72;2.72
MHS04714;2;3.22;2.97
MHS04715;1;2.85;2.85
MHS04715;2;3.07;2.96
MHS04715;3;3.19;3.04
MHS04715;4;3.09;3.05
MHS04715;5;3.22;3.08
MHS04715;6;3.04;3.08
MHS04715;7;3.64;3.16
MHS04715;8;3.19;3.16
MHS04716;1;2.41;2.41
MHS04716;2;2.75;2.58
MHS04716;3;2.67;2.61
MHS04716;4;2.62;2.61
MHS04716;5;2.51;2.59
MHS04716;6;2.83;2.63
MHS04717;1;2.89;2.89
MHS04717;2;3.38;3.14
MHS04717;3;3.54;3.27
MHS04717;4;3.48;3.32
MHS04717;5;3.44;3.35
MHS04717;6;3.85;3.43
MHS04717;7;3.2;3.4
MHS04717;8;3.33;3.39
MHS04718;1;2.54;2.54
MHS04718;2;3.38;2.96
MHS04718;3;3.25;3.05
MHS04718;4;3.75;3.23
MHS04718;5;3.11;3.2
MHS04718;6;3.92;3.32
MHS04718;7;3.41;3.33
MHS04718;8;3.64;3.37
MHS04718;9;3.54;3.39
MHS04719;1;2.96;2.96
MHS04719;2;2.81;2.88
MHS04719;3;3.03;2.93
MHS04719;4;2.71;2.88
MHS04720;1;2.76;2.76
MHS04720;2;2.94;2.85
MHS04720;3;3.54;3.08
MHS04720;4;2.77;3.01
MHS04721;1;3.83;3.83
MHS04721;2;3.41;3.62
MHS04722;1;2.71;2.71
MHS04722;2;3.45;3.08
MHS04722;3;3.74;3.3
MHS04722;4;3.59;3.37
MHS04722;5;3.58;3.41
MHS04722;6;3.55;3.44
MHS04722;7;3.57;3.46
MHS04722;8;3.95;3.52
MHS04723;1;2.69;2.69
MHS04723;2;3.16;2.93
MHS04724;1;3.27;3.27
MHS04724;2;4.0;3.64
MHS04724;3;3.72;3.66
MHS04724;4;3.27;3.57
MHS04724;5;3.4;3.53
MHS04724;6;4.0;3.61
MHS04725;1;3.47;3.47
MHS04725;2;3.33;3.4
MHS04726;1;3.18;3.18
MHS04726;2;3.29;3.24
MHS04726;3;3.98;3.49
MHS04726;4;3.16;3.4
MHS04726;5;3.66;3.46
MHS04726;6;4.0;3.55
MHS04726;7;3.43;3.53
MHS04726;8;3.18;3.49
MHS04727;1;2.18;2.18
MHS04727;2;2.83;2.5
MHS04728;1;2.61;2.61
MHS04728;2;2.76;2.68
MHS04728;3;2.92;2.76
MHS04728;4;2.6;2.72
MHS04728;5;3.51;2.88
MHS04728;6;3.23;2.94
MHS04728;7;3.02;2.95
MHS04728;8;3.05;2.96
MHS04729;1;2.31;2.31
MHS04729;2;2.1;2.21
MHS04730;1;3.06;3.06
MHS04730;2;3.25;3.15
MHS04731;1;3.48;3.48
MHS04731;2;3.52;3.5
MHS04731;3;3.65;3.55
MHS04731;4;4.0;3.66
MHS04731;5;3.93;3.72
MHS04731;6;4.0;3.76
MHS04732;1;2.44;2.44
MHS04732;2;2.74;2.59
MHS04732;3;3.07;2.75
MHS04732;4;2.75;2.75
MHS04732;5;3.1;2.82
MHS04732;6;3.37;2.91
MHS04732;7;3.39;2.98
MHS04732;8;3.34;3.02
MHS04733;1;3.44;3.44
MHS04733;2;3.36;3.4
MHS04733;3;3.59;3.46
MHS04733;4;3.78;3.54
MHS04734;1;2.89;2.89
MHS04734;2;2.76;2.83
MHS04735;1;3.43;3.43
MHS04735;2;3.08;3.25
MHS04735;3;3.47;3.32
MHS04735;4;3.1;3.27
MHS04735;5;3.19;3.25
MHS04735;6;3.42;3.28
MHS04736;1;3.28;3.28
MHS04736;2;3.7;3.49
MHS04736;3;3.85;3.61
MHS04736;4;3.77;3.65
MHS04736;5;3.77;3.67
MHS04736;6;3.85;3.7
MHS04737;1;2.58;2.58
MHS04737;2;3.61;3.09
MHS04737;3;3.38;3.19
MHS04737;4;3.42;3.25
MHS04737;5;3.34;3.27
MHS04737;6;3.98;3.39
MHS04738;1;2.98;2.98
MHS04738;2;3.24;3.11
MHS04739;1;2.74;2.74
MHS04739;2;3.5;3.12
MHS04739;3;2.92;3.06
MHS04739;4;3.59;3.19
MHS04739;5;3.22;3.19
MHS04739;6;3.87;3.31
MHS04739;7;3.77;3.37
MHS04739;8;3.44;3.38
MHS04740;1;2.7;2.7
MHS04740;2;2.77;2.74
MHS04740;3;3.4;2.96
MHS04740;4;2.91;2.95
MHS04740;5;3.04;2.97
MHS04740;6;2.93;2.96
MHS04740;7;3.43;3.03
MHS04740;8;2.76;2.99
MHS04741;1;4.0;4.0
MHS04741;2;3.16;3.58
MHS04741;3;3.89;3.68
MHS04741;4;4.0;3.76
MHS04741;5;4.0;3.81
MHS04741;6;4.0;3.84
MHS04742;1;4.0;4.0
MHS04742;2;4.0;4.0
MHS04742;3;4.0;4.0
MHS04742;4;3.87;3.97
MHS04743;1;3.21;3.21
MHS04743;2;3.41;3.31
MHS04743;3;3.4;3.34
MHS04743;4;3.83;3.46
MHS04743;5;3.49;3.47
MHS04743;6;3.72;3.51
MHS04743;7;3.53;3.51
MHS04743;8;3.48;3.51
MHS04744;1;3.28;3.28
MHS04744;2;2.76;3.02
MHS04745;1;3.06;3.06
MHS04745;2;3.48;3.27
MHS04745;3;3.22;3.25
MHS04745;4;3.93;3.42
MHS04746;1;3.42;3.42
MHS04746;2;3.85;3.64
MHS04746;3;3.72;3.67
MHS04746;4;4.0;3.75
MHS04746;5;3.77;3.75
MHS04746;6;4.0;3.79
MHS04746;7;3.98;3.82
MHS04746;8;4.0;3.84
MHS04747;1;3.08;3.08
MHS04747;2;2.97;3.02
MHS04747;3;3.18;3.07
MHS04747;4;3.21;3.11
MHS04747;5;3.33;3.15
MHS04747;6;3.03;3.13
MHS04748;1;1.48;1.48
MHS04748;2;1.93;1.7
MHS04749;1;3.24;3.24
MHS04749;2;3.26;3.25
MHS04750;1;1.27;1.27
MHS04750;2;2.23;1.75
MHS04751;1;3.32;3.32
MHS04751;2;3.09;3.21
MHS04751;3;3.44;3.28
MHS04751;4;2.97;3.21
MHS04751;5;3.11;3.19
MHS04751;6;3.21;3.19
MHS04751;7;2.94;3.15
MHS04751;8;3.35;3.18
MHS04752;1;3.34;3.34
MHS04752;2;3.42;3.38
MHS04753;1;1.67;1.67
MHS04753;2;2.24;1.95
MHS04753;3;1.82;1.91
MHS04754;1;3.07;3.07
MHS04754;2;3.43;3.25
MHS04754;3;3.12;3.21
MHS04754;4;3.49;3.28
MHS04754;5;3.38;3.3
MHS04754;6;3.43;3.32
MHS04755;1;2.99;2.99
MHS04755;2;2.38;2.68
MHS04755;3;2.87;2.75
MHS04755;4;2.58;2.7
MHS04756;1;3.02;3.02
MHS04756;2;3.5;3.26
MHS04756;3;3.66;3.39
MHS04756;4;3.73;3.47
MHS04756;5;4.0;3.58
MHS04756;6;4.0;3.65
MHS04756;7;3.47;3.62
MHS04756;8;4.0;3.67
MHS04756;9;3.26;3.63
MHS04757;1;2.55;2.55
MHS04757;2;3.53;3.04
MHS04757;3;3.16;3.08
MHS04757;4;2.75;2.99
MHS04758;1;3.24;3.24
MHS04758;2;3.37;3.3
MHS04759;1;3.13;3.13
MHS04759;2;3.39;3.26
MHS04760;1;3.31;3.31
MHS04760;2;3.8;3.55
MHS04760;3;3.91;3.67
MHS04760;4;4.0;3.75
MHS04761;1;2.98;2.98
MHS04761;2;3.62;3.3
MHS04761;3;3.63;3.41
MHS04761;4;3.52;3.44
MHS04761;5;3.54;3.46
MHS04761;6;4.0;3.55
MHS04761;7;3.72;3.57
MHS04761;8;3.46;3.56
MHS04762;1;2.83;2.83
MHS04762;2;2.96;2.89
MHS04762;3;3.5;3.1
MHS04762;4;3.35;3.16
MHS04763;1;2.87;2.87
MHS04763;2;2.75;2.81
MHS04764;1;2.87;2.87
MHS04764;2;3.49;3.18
MHS04764;3;3.01;3.12
MHS04764;4;3.47;3.21
MHS04765;1;2.74;2.74
MHS04765;2;3.14;2.94
MHS04765;3;3.29;3.06
MHS04765;4;2.96;3.03
MHS04765;5;3.37;3.1
MHS04765;6;3.6;3.18
MHS04765;7;3.34;3.21
MHS04765;8;2.99;3.18
MHS04766;1;2.51;2.51
MHS04766;2;2.6;2.56
MHS04767;1;2.66;2.66
MHS04767;2;2.4;2.53
MHS04767;3;3.01;2.69
MHS04767;4;2.9;2.74
MHS04768;1;3.18;3.18
MHS04768;2;3.56;3.37
MHS04768;3;4.0;3.58
MHS04768;4;3.38;3.53
MHS04768;5;3.12;3.45
MHS04768;6;4.0;3.54
MHS04768;7;3.77;3.57
MHS04768;8;3.82;3.61
MHS04769;1;3.01;3.01
MHS04769;2;3.13;3.07
MHS04769;3;3.66;3.27
MHS04769;4;3.43;3.31
MHS04770;1;3.17;3.17
MHS04770;2;3.44;3.31
MHS04770;3;4.0;3.54
MHS04770;4;4.0;3.65
MHS04770;5;4.0;3.72
MHS04770;6;3.68;3.72
MHS04770;7;3.58;3.7
MHS04770;8;4.0;3.73
MHS04771;1;3.25;3.25
MHS04771;2;3.7;3.47
MHS04771;3;3.95;3.63
MHS04771;4;3.88;3.69
MHS04772;1;2.27;2.27
MHS04772;2;2.93;2.6
MHS04772;3;3.2;2.8
MHS04772;4;3.19;2.9
MHS04772;5;3.42;3.0
MHS04772;6;3.01;3.0
MHS04773;1;3.56;3.56
MHS04773;2;3.68;3.62
MHS04774;1;2.75;2.75
MHS04774;2;3.42;3.08
MHS04774;3;3.75;3.31
MHS04774;4;3.31;3.31
MHS04775;1;2.59;2.59
MHS04775;2;3.36;2.98
MHS04775;3;3.22;3.06
MHS04775;4;3.65;3.21
MHS04776;1;3.5;3.5
MHS04776;2;3.79;3.65
MHS04776;3;3.64;3.65
MHS04776;4;4.0;3.73
MHS04776;5;4.0;3.79
MHS04776;6;4.0;3.82
MHS04777;1;2.19;2.19
MHS04777;2;2.76;2.48
MHS04777;3;2.8;2.58
MHS04777;4;2.64;2.6
MHS04777;5;2.24;2.53
MHS04777;6;2.83;2.58
MHS04777;7;2.74;2.6
MHS04777;8;2.57;2.6
MHS04777;9;2.53;2.59
MHS04778;1;3.54;3.54
MHS04778;2;3.75;3.65
MHS04778;3;4.0;3.76
MHS04778;4;3.87;3.79
MHS04778;5;3.63;3.76
MHS04778;6;4.0;3.8
MHS04778;7;3.72;3.79
MHS04778;8;3.44;3.74
MHS04779;1;2.75;2.75
MHS04779;2;3.2;2.97
MHS04779;3;3.01;2.98
MHS04779;4;3.89;3.21
MHS04779;5;3.59;3.29
MHS04779;6;3.28;3.29
MHS04779;7;2.84;3.22
MHS04779;8;3.7;3.28
MHS04780;1;3.58;3.58
MHS04780;2;3.71;3.64
MHS04780;3;3.68;3.65
MHS04780;4;4.0;3.74
MHS04780;5;4.0;3.79
MHS04780;6;4.0;3.83
MHS04781;1;3.1;3.1
MHS04781;2;3.24;3.17
MHS04782;1;3.16;3.16
MHS04782;2;3.29;3.23
MHS04783;1;3.67;3.67
MHS04783;2;4.0;3.84
MHS04783;3;4.0;3.89
MHS04783;4;3.77;3.86
MHS04783;5;4.0;3.89
MHS04783;6;3.71;3.86
MHS04783;7;4.0;3.88
MHS04783;8;4.0;3.89
MHS04784;1;4.0;4.0
MHS04784;2;4.0;4.0
MHS04784;3;4.0;4.0
MHS04784;4;4.0;4.0
MHS04785;1;2.46;2.46
MHS04785;2;3.28;2.87
MHS04785;3;3.63;3.12
MHS04785;4;3.08;3.11
MHS04786;1;1.75;1.75
MHS04786;2;2.23;1.99
MHS04786;3;2.76;2.25
MHS04786;4;2.59;2.33
MHS04787;1;2.34;2.34
MHS04787;2;2.3;2.32
MHS04788;1;2.51;2.51
MHS04788;2;2.71;2.61
MHS04788;3;2.86;2.7
MHS04788;4;3.02;2.78
MHS04789;1;2.53;2.53
MHS04789;2;2.69;2.61
MHS04790;1;2.5;2.5
MHS04790;2;3.01;2.75
MHS04790;3;2.86;2.79
MHS04790;4;3.32;2.92
MHS04790;5;2.91;2.92
MHS04790;6;2.85;2.91
MHS04791;1;2.88;2.88
MHS04791;2;3.24;3.06
MHS04791;3;3.24;3.12
MHS04791;4;3.25;3.15
MHS04791;5;2.77;3.08
MHS04791;6;2.86;3.04
MHS04792;1;3.38;3.38
MHS04792;2;3.78;3.58
MHS04792;3;3.86;3.67
MHS04792;4;3.65;3.67
MHS04793;1;3.25;3.25
MHS04793;2;3.51;3.38
MHS04793;3;3.17;3.31
MHS04793;4;3.38;3.33
MHS04793;5;3.39;3.34
MHS04793;6;3.6;3.38
MHS04793;7;3.57;3.41
MHS04793;8;3.42;3.41
MHS04793;9;3.38;3.41
MHS04794;1;3.88;3.88
MHS04794;2;3.44;3.66
MHS04794;3;3.21;3.51
MHS04794;4;3.52;3.51
MHS04794;5;3.92;3.59
MHS04794;6;3.64;3.6
MHS04794;7;3.71;3.62
MHS04794;8;3.87;3.65
MHS04795;1;2.81;2.81
MHS04795;2;2.86;2.84
MHS04796;1;2.82;2.82
MHS04796;2;2.86;2.84
MHS04797;1;3.04;3.04
MHS04797;2;3.63;3.34
MHS04797;3;3.6;3.43
MHS04797;4;3.63;3.48
MHS04798;1;2.83;2.83
MHS04798;2;2.95;2.89
MHS04798;3;3.85;3.21
MHS04798;4;3.56;3.29
MHS04798;5;4.0;3.44
MHS04798;6;3.07;3.37
MHS04798;7;3.26;3.36
MHS04798;8;3.74;3.41
MHS04798;9;3.08;3.37
MHS04799;1;3.09;3.09
MHS04799;2;3.07;3.08
MHS04799;3;3.34;3.17
MHS04799;4;3.78;3.32
MHS04799;5;4.0;3.46
MHS04799;6;3.63;3.49
MHS04800;1;2.79;2.79
MHS04800;2;3.47;3.13
MHS04800;3;3.54;3.26
MHS04800;4;4.0;3.45
MHS04800;5;3.97;3.55
MHS04800;6;3.64;3.57
MHS04800;7;3.74;3.59
MHS04800;8;4.0;3.64
MHS04801;1;3.22;3.22
MHS04801;2;3.18;3.2
MHS04801;3;2.91;3.1
MHS04801;4;3.55;3.21
MHS04802;1;3.1;3.1
MHS04802;2;2.74;2.92
MHS04803;1;3.2;3.2
MHS04803;2;3.26;3.23
MHS04804;1;2.83;2.83
MHS04804;2;3.31;3.07
MHS04804;3;3.4;3.18
MHS04804;4;3.21;3.19
MHS04805;1;1.8;1.8
MHS04805;2;2.51;2.15
MHS04805;3;3.07;2.46
MHS04805;4;3.09;2.62
MHS04806;1;3.23;3.23
MHS04806;2;3.31;3.27
MHS04807;1;2.79;2.79
MHS04807;2;3.21;3.0
MHS04807;3;2.9;2.97
MHS04807;4;3.15;3.01
MHS04807;5;3.09;3.03
MHS04807;6;3.0;3.02
MHS04808;1;1.9;1.9
MHS04808;2;2.04;1.97
MHS04808;3;2.93;2.29
MHS04808;4;2.63;2.38
MHS04808;5;2.79;2.46
MHS04808;6;3.04;2.56
MHS04809;1;3.49;3.49
MHS04809;2;2.96;3.22
MHS04809;3;3.12;3.19
MHS04809;4;3.22;3.19
MHS04810;1;2.55;2.55
MHS04810;2;3.41;2.98
MHS04810;3;3.27;3.07
MHS04810;4;3.37;3.15
MHS04811;1;3.39;3.39
MHS04811;2;3.73;3.56
MHS04812;1;2.36;2.36
MHS04812;2;3.13;2.75
MHS04812;3;4.0;3.16
MHS04812;4;3.45;3.24
MHS04812;5;3.27;3.24
MHS04812;6;3.15;3.23
MHS04813;1;2.23;2.23
MHS04813;2;2.85;2.54
MHS04814;1;2.96;2.96
MHS04814;2;3.81;3.39
MHS04814;3;3.64;3.47
MHS04814;4;3.46;3.47
MHS04814;5;3.84;3.54
MHS04814;6;3.82;3.59
MHS04815;1;3.34;3.34
MHS04815;2;3.65;3.49
MHS04815;3;3.11;3.37
MHS04815;4;3.65;3.44
MHS04815;5;4.0;3.55
MHS04815;6;3.75;3.58
MHS04815;7;3.62;3.59
MHS04815;8;3.59;3.59
MHS04816;1;3.2;3.2
MHS04816;2;3.46;3.33
MHS04816;3;4.0;3.55
MHS04816;4;4.0;3.67
MHS04816;5;3.62;3.66
MHS04816;6;3.85;3.69
MHS04816;7;3.8;3.7
MHS04816;8;4.0;3.74
MHS04816;9;3.55;3.72
MHS04817;1;3.26;3.26
MHS04817;2;3.56;3.41
MHS04817;3;3.58;3.47
MHS04817;4;4.0;3.6
MHS04817;5;3.94;3.67
MHS04817;6;4.0;3.72
MHS04817;7;3.34;3.67
MHS04817;8;4.0;3.71
MHS04818;1;2.0;2.0
MHS04818;2;2.05;2.02
MHS04818;3;2.09;2.05
MHS04818;4;2.88;2.26
MHS04819;1;3.09;3.09
MHS04819;2;2.93;3.01
MHS04819;3;3.41;3.15
MHS04819;4;3.62;3.27
MHS04819;5;3.35;3.28
MHS04819;6;3.23;3.27
MHS04820;1;2.98;2.98
MHS04820;2;2.65;2.81
MHS04820;3;3.46;3.03
MHS04820;4;3.71;3.2
MHS04820;5;3.37;3.23
MHS04820;6;3.67;3.31
MHS04820;7;3.62;3.35
MHS04820;8;3.4;3.36
MHS04821;1;2.72;2.72
MHS04821;2;2.96;2.84
MHS04821;3;3.71;3.13
MHS04821;4;3.39;3.2
MHS04822;1;2.91;2.91
MHS04822;2;3.25;3.08
MHS04823;1;3.29;3.29
MHS04823;2;2.63;2.96
MHS04823;3;3.33;3.08
MHS04823;4;3.03;3.07
MHS04823;5;3.14;3.08
MHS04823;6;3.17;3.1
MHS04824;1;2.48;2.48
MHS04824;2;2.3;2.39
MHS04825;1;2.12;2.12
MHS04825;2;2.32;2.22
MHS04825;3;2.55;2.33
MHS04825;4;2.99;2.5
MHS04825;5;2.2;2.44
MHS04825;6;2.7;2.48
MHS04826;1;3.7;3.7
MHS04826;2;3.73;3.71
MHS04827;1;3.8;3.8
MHS04827;2;3.73;3.77
MHS04827;3;3.73;3.75
MHS04827;4;3.66;3.73
MHS04828;1;2.88;2.88
MHS04828;2;3.36;3.12
MHS04828;3;3.4;3.21
MHS04828;4;3.29;3.23
MHS04828;5;3.63;3.31
MHS04828;6;3.28;3.31
MHS04828;7;3.65;3.36
MHS04828;8;3.7;3.4
MHS04829;1;2.71;2.71
MHS04829;2;2.71;2.71
MHS04829;3;2.68;2.7
MHS04829;4;2.81;2.73
MHS04829;5;2.95;2.77
MHS04829;6;2.9;2.79
MHS04829;7;3.2;2.85
MHS04829;8;2.41;2.8
MHS04829;9;3.12;2.83
MHS04830;1;3.78;3.78
MHS04830;2;3.57;3.68
MHS04830;3;4.0;3.78
MHS04830;4;3.72;3.77
MHS04831;1;2.16;2.16
MHS04831;2;2.03;2.09
MHS04831;3;3.34;2.51
MHS04831;4;3.51;2.76
MHS04831;5;3.09;2.82
MHS04831;6;3.39;2.92
MHS04831;7;2.36;2.84
MHS04831;8;3.33;2.9
MHS04832;1;3.25;3.25
MHS04832;2;2.69;2.97
MHS04833;1;2.9;2.9
MHS04833;2;2.84;2.87
MHS04833;3;3.2;2.98
MHS04833;4;3.39;3.08
MHS04834;1;3.35;3.35
MHS04834;2;3.47;3.41
MHS04834;3;3.57;3.46
MHS04834;4;3.31;3.42
MHS04835;1;2.5;2.5
MHS04835;2;2.5;2.5
MHS04836;1;2.53;2.53
MHS04836;2;2.86;2.7
MHS04836;3;2.76;2.72
MHS04836;4;2.6;2.69
MHS04837;1;2.76;2.76
MHS04837;2;2.52;2.64
MHS04838;1;3.47;3.47
MHS04838;2;3.19;3.33
MHS04838;3;3.01;3.22
MHS04838;4;3.12;3.2
MHS04838;5;2.92;3.14
MHS04838;6;3.5;3.2
MHS04838;7;3.23;3.21
MHS04838;8;2.88;3.16
MHS04839;1;3.23;3.23
MHS04839;2;3.38;3.31
MHS04839;3;3.77;3.46
MHS04839;4;4.0;3.6
MHS04839;5;3.73;3.62
MHS04839;6;4.0;3.68
MHS04840;1;2.25;2.25
MHS04840;2;3.14;2.7
MHS04840;3;2.85;2.75
MHS04840;4;2.84;2.77
MHS04840;5;3.47;2.91
MHS04840;6;3.02;2.93
MHS04841;1;2.43;2.43
MHS04841;2;2.45;2.44
MHS04841;3;2.25;2.38
MHS04841;4;2.38;2.38
MHS04841;5;2.23;2.35
MHS04841;6;2.52;2.38
MHS04842;1;2.53;2.53
MHS04842;2;2.84;2.68
MHS04842;3;2.98;2.78
MHS04842;4;3.92;3.07
MHS04842;5;3.66;3.19
MHS04842;6;3.32;3.21
MHS04843;1;2.33;2.33
MHS04843;2;3.33;2.83
MHS04843;3;3.24;2.97
MHS04843;4;3.49;3.1
MHS04843;5;3.79;3.24
MHS04843;6;3.38;3.26
MHS04843;7;3.16;3.25
MHS04843;8;2.76;3.19
MHS04844;1;2.4;2.4
MHS04844;2;3.23;2.81
MHS04845;1;3.53;3.53
MHS04845;2;3.87;3.7
MHS04845;3;3.56;3.65
MHS04845;4;4.0;3.74
MHS04845;5;3.9;3.77
MHS04845;6;3.68;3.76
MHS04846;1;3.21;3.21
MHS04846;2;2.77;2.99
MHS04846;3;2.4;2.79
MHS04846;4;2.94;2.83
MHS04846;5;3.4;2.94
MHS04846;6;2.94;2.94
MHS04847;1;2.3;2.3
MHS04847;2;2.97;2.63
MHS04847;3;2.8;2.69
MHS04847;4;3.34;2.85
MHS04847;5;3.14;2.91
MHS04847;6;3.03;2.93
MHS04847;7;3.32;2.99
MHS04847;8;3.15;3.01
MHS04848;1;3.24;3.24
MHS04848;2;3.77;3.5
MHS04848;3;3.97;3.66
MHS04848;4;4.0;3.74
MHS04848;5;4.0;3.8
MHS04848;6;4.0;3.83
MHS04848;7;4.0;3.85
MHS04848;8;4.0;3.87
MHS04849;1;3.1;3.1
MHS04849;2;3.2;3.15
MHS04850;1;2.33;2.33
MHS04850;2;2.34;2.34
MHS04850;3;2.97;2.55
MHS04850;4;2.9;2.64
MHS04851;1;2.93;2.93
MHS04851;2;2.83;2.88
MHS04851;3;2.59;2.78
MHS04851;4;2.49;2.71
MHS04852;1;2.41;2.41
MHS04852;2;2.75;2.58
MHS04852;3;2.67;2.61
MHS04852;4;3.24;2.77
MHS04853;1;3.3;3.3
MHS04853;2;3.28;3.29
MHS04854;1;2.46;2.46
MHS04854;2;3.65;3.06
MHS04855;1;3.04;3.04
MHS04855;2;3.07;3.05
MHS04855;3;3.67;3.26
MHS04855;4;3.51;3.32
MHS04856;1;3.2;3.2
MHS04856;2;4.0;3.6
MHS04856;3;4.0;3.73
MHS04856;4;3.86;3.77
MHS04857;1;3.12;3.12
MHS04857;2;3.56;3.34
MHS04858;1;2.95;2.95
MHS04858;2;3.17;3.06
MHS04858;3;3.13;3.08
MHS04858;4;2.67;2.98
MHS04859;1;2.38;2.38
MHS04859;2;2.45;2.41
MHS04859;3;3.03;2.62
MHS04859;4;2.92;2.7
MHS04859;5;3.24;2.81
MHS04859;6;3.27;2.88
MHS04859;7;3.17;2.92
MHS04859;8;2.77;2.9
MHS04859;9;2.95;2.91
MHS04859;10;3.58;2.98
MHS04860;1;3.64;3.64
MHS04860;2;3.05;3.34
MHS04860;3;4.0;3.56
MHS04860;4;4.0;3.67
MHS04860;5;3.3;3.6
MHS04860;6;3.88;3.64
MHS04860;7;3.71;3.65
MHS04860;8;3.6;3.65
MHS04861;1;1.95;1.95
MHS04861;2;2.18;2.06
MHS04861;3;2.48;2.2
MHS04861;4;2.54;2.29
MHS04861;5;2.35;2.3
MHS04862;1;3.38;3.38
MHS04862;2;3.82;3.6
MHS04862;3;4.0;3.73
MHS04862;4;4.0;3.8
MHS04862;5;4.0;3.84
MHS04862;6;4.0;3.87
MHS04862;7;4.0;3.88
MHS04862;8;3.56;3.84
MHS04863;1;3.23;3.23
MHS04863;2;3.69;3.46
MHS04863;3;3.28;3.4
MHS04863;4;3.39;3.4
MHS04863;5;3.29;3.38
MHS04863;6;4.0;3.48
MHS04863;7;3.57;3.49
MHS04863;8;3.43;3.49
MHS04864;1;3.33;3.33
MHS04864;2;3.68;3.5
MHS04864;3;4.0;3.67
MHS04864;4;3.92;3.73
MHS04864;5;3.84;3.75
MHS04864;6;3.99;3.79
MHS04865;1;2.01;2.01
MHS04865;2;2.19;2.1
MHS04866;1;3.17;3.17
MHS04866;2;3.85;3.51
MHS04866;3;3.67;3.56
MHS04866;4;3.62;3.58
MHS04866;5;3.29;3.52
MHS04866;6;3.12;3.45
MHS04866;7;3.24;3.42
MHS04866;8;3.98;3.49
MHS04866;9;3.8;3.53
MHS04866;10;3.88;3.56
MHS04867;1;2.7;2.7
MHS04867;2;2.45;2.57
MHS04868;1;3.79;3.79
MHS04868;2;4.0;3.89
MHS04868;3;3.73;3.84
MHS04868;4;4.0;3.88
MHS04868;5;4.0;3.9
MHS04868;6;3.83;3.89
MHS04869;1;2.85;2.85
MHS04869;2;3.27;3.06
MHS04869;3;3.56;3.22
MHS04869;4;3.31;3.25
MHS04869;5;3.48;3.29
MHS04869;6;3.36;3.3
MHS04870;1;3.2;3.2
MHS04870;2;3.36;3.28
MHS04870;3;2.85;3.14
MHS04870;4;3.23;3.16
MHS04870;5;3.04;3.14
MHS04870;6;3.43;3.18
MHS04870;7;3.24;3.19
MHS04870;8;2.74;3.14
MHS04870;9;3.2;3.14
MHS04870;10;3.1;3.14
MHS04871;1;3.08;3.08
MHS04871;2;3.39;3.23
MHS04872;1;2.9;2.9
MHS04872;2;3.57;3.23
MHS04872;3;3.47;3.31
MHS04872;4;3.65;3.4
MHS04873;1;2.84;2.84
MHS04873;2;3.78;3.31
MHS04874;1;3.01;3.01
MHS04874;2;2.93;2.97
MHS04874;3;3.54;3.16
MHS04874;4;3.09;3.14
MHS04874;5;2.86;3.09
MHS04874;6;3.49;3.15
MHS04875;1;2.7;2.7
MHS04875;2;3.51;3.1
MHS04875;3;3.48;3.23
MHS04875;4;3.31;3.25
MHS04876;1;2.26;2.26
MHS04876;2;3.21;2.73
MHS04877;1;3.41;3.41
MHS04877;2;4.0;3.71
MHS04877;3;4.0;3.8
MHS04877;4;4.0;3.85
MHS04877;5;4.0;3.88
MHS04877;6;4.0;3.9
MHS04877;7;3.82;3.89
MHS04877;8;4.0;3.9
MHS04878;1;2.45;2.45
MHS04878;2;2.49;2.47
MHS04878;3;2.68;2.54
MHS04878;4;3.49;2.78
MHS04879;1;2.86;2.86
MHS04879;2;3.18;3.02
MHS04879;3;3.49;3.18
MHS04879;4;3.08;3.15
MHS04879;5;3.53;3.23
MHS04879;6;3.47;3.27
MHS04879;7;3.26;3.27
MHS04879;8;3.19;3.26
MHS04880;1;2.08;2.08
MHS04880;2;1.66;1.87
MHS04881;1;3.01;3.01
MHS04881;2;3.72;3.37
MHS04881;3;4.0;3.58
MHS04881;4;3.8;3.64
MHS04882;1;2.63;2.63
MHS04882;2;2.86;2.75
MHS04882;3;3.14;2.88
MHS04882;4;2.7;2.83
MHS04882;5;3.2;2.91
MHS04882;6;2.92;2.91
MHS04882;7;2.99;2.92
MHS04882;8;2.95;2.92
MHS04882;9;3.28;2.96
MHS04882;10;3.21;2.99
MHS04883;1;3.33;3.33
MHS04883;2;3.99;3.66
MHS04883;3;3.57;3.63
MHS04883;4;3.9;3.7
MHS04884;1;3.1;3.1
MHS04884;2;3.1;3.1
MHS04885;1;2.88;2.88
MHS04885;2;3.42;3.15
MHS04885;3;3.15;3.15
MHS04885;4;3.01;3.11
MHS04885;5;3.17;3.13
MHS04885;6;3.09;3.12
MHS04885;7;3.27;3.14
MHS04885;8;3.39;3.17
MHS04886;1;3.28;3.28
MHS04886;2;4.0;3.64
MHS04887;1;3.2;3.2
MHS04887;2;3.01;3.1
MHS04887;3;3.22;3.14
MHS04887;4;3.11;3.14
MHS04888;1;2.53;2.53
MHS04888;2;2.8;2.66
MHS04888;3;3.3;2.87
MHS04888;4;2.81;2.86
MHS04888;5;2.75;2.84
MHS04888;6;2.82;2.83
MHS04889;1;3.64;3.64
MHS04889;2;3.38;3.51
MHS04889;3;4.0;3.67
MHS04889;4;3.5;3.63
MHS04889;5;3.69;3.64
MHS04889;6;3.48;3.62
MHS04889;7;3.48;3.6
MHS04889;8;3.55;3.59
MHS04890;1;2.6;2.6
MHS04890;2;2.73;2.67
MHS04891;1;2.92;2.92
MHS04891;2;2.99;2.96
MHS04891;3;3.05;2.99
MHS04891;4;3.65;3.15
MHS04891;5;3.06;3.13
MHS04891;6;3.47;3.19
MHS04892;1;2.63;2.63
MHS04892;2;2.67;2.65
MHS04892;3;3.34;2.88
MHS04892;4;3.61;3.06
MHS04893;1;2.89;2.89
MHS04893;2;3.42;3.16
MHS04894;1;3.45;3.45
MHS04894;2;3.77;3.61
MHS04894;3;3.86;3.69
MHS04894;4;3.96;3.76
MHS04895;1;3.37;3.37
MHS04895;2;3.6;3.48
MHS04895;3;3.16;3.38
MHS04895;4;3.42;3.39
MHS04895;5;3.25;3.36
MHS04895;6;3.54;3.39
MHS04895;7;3.88;3.46
MHS04895;8;3.19;3.43
MHS04896;1;2.78;2.78
MHS04896;2;3.49;3.13
MHS04897;1;1.85;1.85
MHS04897;2;3.05;2.45
MHS04898;1;3.03;3.03
MHS04898;2;3.68;3.36
MHS04898;3;3.31;3.34
MHS04898;4;3.6;3.41
MHS04898;5;3.33;3.39
MHS04898;6;3.84;3.47
MHS04898;7;3.68;3.5
MHS04898;8;3.61;3.51
MHS04899;1;2.08;2.08
MHS04899;2;2.12;2.1
MHS04899;3;1.85;2.02
MHS04899;4;2.65;2.18
MHS04899;5;2.68;2.28
MHS04900;1;2.76;2.76
MHS04900;2;2.55;2.66
MHS04900;3;2.87;2.73
MHS04900;4;3.52;2.93
MHS04900;5;3.16;2.97
MHS04900;6;3.4;3.04
MHS04900;7;3.18;3.06
MHS04900;8;3.13;3.07
MHS04900;9;3.45;3.11
MHS04900;10;3.52;3.15
MHS04901;1;2.49;2.49
MHS04901;2;2.66;2.57
MHS04902;1;3.03;3.03
MHS04902;2;2.91;2.97
MHS04902;3;3.59;3.18
MHS04902;4;3.28;3.2
MHS04903;1;3.48;3.48
MHS04903;2;3.8;3.64
MHS04903;3;3.59;3.62
MHS04903;4;3.43;3.58
MHS04904;1;2.77;2.77
MHS04904;2;2.99;2.88
MHS04905;1;2.61;2.61
MHS04905;2;3.11;2.86
MHS04905;3;3.05;2.92
MHS04905;4;2.76;2.88
MHS04905;5;3.0;2.9
MHS04905;6;3.52;3.01
MHS04906;1;2.59;2.59
MHS04906;2;3.29;2.94
MHS04906;3;3.34;3.07
MHS04906;4;3.66;3.22
MHS04906;5;3.16;3.21
MHS04906;6;2.99;3.17
MHS04907;1;2.99;2.99
MHS04907;2;3.85;3.42
MHS04907;3;3.42;3.42
MHS04907;4;3.52;3.45
MHS04907;5;3.44;3.45
MHS04907;6;3.81;3.51
MHS04907;7;3.57;3.52
MHS04907;8;3.39;3.5
MHS04908;1;3.79;3.79
MHS04908;2;3.96;3.87
MHS04909;1;2.63;2.63
MHS04909;2;2.71;2.67
MHS04909;3;3.02;2.78
MHS04909;4;3.29;2.91
MHS04910;1;3.8;3.8
MHS04910;2;3.84;3.82
MHS04910;3;3.57;3.74
MHS04910;4;4.0;3.8
MHS04911;1;2.33;2.33
MHS04911;2;3.1;2.71
MHS04911;3;2.96;2.79
MHS04911;4;3.61;3.0
MHS04912;1;3.0;3.0
MHS04912;2;3.77;3.39
MHS04912;3;3.88;3.55
MHS04912;4;3.65;3.58
MHS04912;5;3.39;3.54
MHS04912;6;3.27;3.49
MHS04913;1;3.03;3.03
MHS04913;2;2.78;2.9
MHS04913;3;2.59;2.8
MHS04913;4;3.15;2.89
MHS04913;5;2.89;2.89
MHS04913;6;2.96;2.9
MHS04913;7;3.09;2.93
MHS04913;8;3.65;3.02
MHS04914;1;4.0;4.0
MHS04914;2;3.9;3.95
MHS04914;3;4.0;3.97
MHS04914;4;3.96;3.96
MHS04914;5;3.98;3.97
MHS04914;6;4.0;3.97
MHS04915;1;3.24;3.24
MHS04915;2;3.52;3.38
MHS04916;1;3.17;3.17
MHS04916;2;3.13;3.15
MHS04917;1;3.04;3.04
MHS04917;2;3.22;3.13
MHS04917;3;3.52;3.26
MHS04917;4;3.0;3.19
MHS04917;5;3.76;3.31
MHS04917;6;3.57;3.35
MHS04918;1;2.74;2.74
MHS04918;2;2.98;2.86
MHS04918;3;3.39;3.04
MHS04918;4;2.86;3.0
MHS04918;5;3.02;3.0
MHS04918;6;3.02;3.01
MHS04918;7;3.03;3.01
MHS04918;8;3.31;3.05
MHS04919;1;3.86;3.86
MHS04919;2;3.93;3.9
MHS04920;1;2.69;2.69
MHS04920;2;2.31;2.5
MHS04920;3;3.5;2.83
MHS04920;4;3.07;2.89
MHS04920;5;2.74;2.86
MHS04920;6;2.94;2.87
MHS04920;7;3.22;2.92
MHS04920;8;3.16;2.95
MHS04921;1;3.4;3.4
MHS04921;2;3.32;3.36
MHS04922;1;2.22;2.22
MHS04922;2;3.21;2.71
MHS04922;3;3.95;3.13
MHS04922;4;2.66;3.01
MHS04923;1;3.33;3.33
MHS04923;2;3.72;3.53
MHS04923;3;3.87;3.64
MHS04923;4;3.94;3.72
MHS04924;1;2.72;2.72
MHS04924;2;2.48;2.6
MHS04924;3;3.4;2.87
MHS04924;4;3.1;2.93
MHS04924;5;3.15;2.97
MHS04924;6;3.2;3.01
MHS04924;7;3.39;3.06
MHS04924;8;3.55;3.13
MHS04925;1;2.89;2.89
MHS04925;2;3.1;3.0
MHS04926;1;2.64;2.64
MHS04926;2;2.41;2.52
MHS04926;3;3.19;2.74
MHS04926;4;3.41;2.91
MHS04926;5;3.32;2.99
MHS04926;6;3.2;3.03
MHS04926;7;3.64;3.11
MHS04926;8;3.36;3.15
MHS04927;1;3.53;3.53
MHS04927;2;3.28;3.4
MHS04927;3;3.43;3.41
MHS04927;4;3.38;3.4
MHS04928;1;3.47;3.47
MHS04928;2;3.21;3.34
MHS04929;1;4.0;4.0
MHS04929;2;4.0;4.0
MHS04930;1;3.26;3.26
MHS04930;2;3.6;3.43
MHS04931;1;3.64;3.64
MHS04931;2;3.34;3.49
MHS04931;3;3.48;3.49
MHS04931;4;3.75;3.55
MHS04931;5;3.89;3.62
MHS04931;6;4.0;3.68
MHS04931;7;4.0;3.73
MHS04931;8;4.0;3.76
MHS04932;1;2.8;2.8
MHS04932;2;3.28;3.04
MHS04933;1;2.73;2.73
MHS04933;2;2.65;2.69
MHS04933;3;2.85;2.74
MHS04933;4;3.42;2.91
MHS04933;5;3.28;2.98
MHS04933;6;3.68;3.1
MHS04933;7;2.8;3.06
MHS04933;8;3.55;3.12
MHS04934;1;3.37;3.37
MHS04934;2;4.0;3.68
MHS04934;3;3.45;3.61
MHS04934;4;4.0;3.7
MHS04934;5;3.56;3.67
MHS04934;6;4.0;3.73
MHS04934;7;3.7;3.72
MHS04934;8;4.0;3.76
MHS04935;1;3.78;3.78
MHS04935;2;4.0;3.89
MHS04935;3;3.9;3.89
MHS04935;4;3.96;3.91
MHS04935;5;4.0;3.93
MHS04935;6;4.0;3.94
MHS04935;7;3.92;3.94
MHS04935;8;4.0;3.94
MHS04936;1;3.33;3.33
MHS04936;2;3.51;3.42
MHS04937;1;2.89;2.89
MHS04937;2;2.37;2.63
MHS04937;3;3.04;2.77
MHS04937;4;2.67;2.74
MHS04937;5;3.38;2.87
MHS04937;6;3.0;2.89
MHS04937;7;3.45;2.97
MHS04937;8;3.68;3.06
MHS04938;1;2.96;2.96
MHS04938;2;2.6;2.78
MHS04939;1;3.56;3.56
MHS04939;2;3.98;3.77
MHS04939;3;3.81;3.78
MHS04939;4;3.87;3.81
MHS04940;1;2.49;2.49
MHS04940;2;2.68;2.58
MHS04940;3;3.01;2.73
MHS04941;1;3.21;3.21
MHS04941;2;3.24;3.22
MHS04942;1;3.4;3.4
MHS04942;2;3.09;3.24
MHS04942;3;3.58;3.36
MHS04942;4;3.51;3.4
MHS04943;1;4.0;4.0
MHS04943;2;3.77;3.88
MHS04943;3;4.0;3.92
MHS04943;4;4.0;3.94
MHS04943;5;4.0;3.95
MHS04943;6;4.0;3.96
MHS04944;1;3.53;3.53
MHS04944;2;3.03;3.28
MHS04944;3;3.26;3.27
MHS04944;4;3.19;3.25
MHS04944;5;3.23;3.25
MHS04944;6;3.49;3.29
MHS04944;7;3.17;3.27
MHS04944;8;3.29;3.27
MHS04945;1;2.76;2.76
MHS04945;2;2.58;2.67
MHS04945;3;2.5;2.61
MHS04945;4;2.82;2.67
MHS04945;5;2.91;2.72
MHS04945;6;2.65;2.7
MHS04945;7;2.97;2.74
MHS04945;8;2.0;2.65
MHS04946;1;3.24;3.24
MHS04946;2;3.58;3.41
MHS04946;3;3.7;3.51
MHS04946;4;3.98;3.63
MHS04946;5;3.8;3.66
MHS04946;6;4.0;3.72
MHS04946;7;3.56;3.7
MHS04946;8;3.66;3.69
MHS04947;1;2.66;2.66
MHS04947;2;2.77;2.72
MHS04947;3;2.88;2.77
MHS04947;4;3.76;3.02
MHS04948;1;2.7;2.7
MHS04948;2;3.04;2.87
MHS04948;3;3.75;3.17
MHS04948;4;2.97;3.12
MHS04948;5;3.47;3.19
MHS04948;6;3.1;3.17
MHS04949;1;3.61;3.61
MHS04949;2;4.0;3.8
MHS04949;3;4.0;3.87
MHS04949;4;4.0;3.9
MHS04949;5;4.0;3.92
MHS04949;6;4.0;3.93
MHS04949;7;4.0;3.94
MHS04949;8;4.0;3.95
MHS04950;1;2.73;2.73
MHS04950;2;2.53;2.63
MHS04950;3;2.9;2.72
MHS04950;4;3.32;2.87
MHS04950;5;2.93;2.88
MHS04950;6;2.99;2.9
MHS04951;1;3.32;3.32
MHS04951;2;3.28;3.3
MHS04951;3;3.55;3.38
MHS04951;4;3.75;3.48
MHS04952;1;2.72;2.72
MHS04952;2;2.97;2.85
MHS04952;3;3.51;3.07
MHS04952;4;3.98;3.3
MHS04952;5;4.0;3.44
MHS04952;6;3.55;3.46
MHS04952;7;4.0;3.53
MHS04952;8;3.73;3.56
MHS04953;1;3.57;3.57
MHS04953;2;3.6;3.58
MHS04953;3;4.0;3.72
MHS04953;4;3.73;3.73
MHS04953;5;4.0;3.78
MHS04953;6;3.31;3.7
MHS04953;7;4.0;3.74
MHS04953;8;4.0;3.78
MHS04954;1;3.01;3.01
MHS04954;2;2.99;3.0
MHS04954;3;3.8;3.27
MHS04954;4;3.88;3.42
MHS04955;1;2.73;2.73
MHS04955;2;2.59;2.66
MHS04956;1;3.32;3.32
MHS04956;2;3.33;3.33
MHS04956;3;3.95;3.53
MHS04956;4;3.52;3.53
MHS04956;5;3.48;3.52
MHS04956;6;3.57;3.53
MHS04956;7;3.56;3.53
MHS04956;8;3.66;3.55
MHS04957;1;3.06;3.06
MHS04957;2;3.3;3.18
MHS04957;3;3.8;3.39
MHS04957;4;3.04;3.3
MHS04957;5;3.84;3.41
MHS04957;6;3.43;3.41
MHS04957;7;3.66;3.45
MHS04957;8;3.63;3.47
MHS04958;1;3.25;3.25
MHS04958;2;3.66;3.46
MHS04958;3;3.51;3.48
MHS04958;4;3.82;3.56
MHS04958;5;4.0;3.65
MHS04958;6;3.28;3.59
MHS04959;1;3.18;3.18
MHS04959;2;3.19;3.18
MHS04959;3;3.74;3.37
MHS04959;4;3.86;3.49
MHS04959;5;2.99;3.39
MHS04959;6;3.25;3.37
MHS04960;1;2.71;2.71
MHS04960;2;3.44;3.07
MHS04960;3;2.83;2.99
MHS04960;4;2.89;2.97
MHS04961;1;3.11;3.11
MHS04961;2;3.08;3.09
MHS04961;3;3.71;3.3
MHS04961;4;3.25;3.29
MHS04961;5;3.2;3.27
MHS04961;6;3.19;3.26
MHS04961;7;3.47;3.29
MHS04961;8;3.26;3.28
MHS04962;1;3.14;3.14
MHS04962;2;3.05;3.1
MHS04962;3;3.16;3.12
MHS04962;4;3.18;3.13
MHS04963;1;2.38;2.38
MHS04963;2;2.67;2.52
MHS04963;3;2.72;2.59
MHS04963;4;3.25;2.76
MHS04963;5;3.14;2.83
MHS04964;1;3.04;3.04
MHS04964;2;3.09;3.06
MHS04964;3;3.41;3.18
MHS04964;4;3.52;3.26
MHS04964;5;3.29;3.27
MHS04964;6;3.48;3.31
MHS04964;7;3.18;3.29
MHS04964;8;3.59;3.33
MHS04964;9;3.7;3.37
MHS04965;1;3.27;3.27
MHS04965;2;3.43;3.35
MHS04966;1;3.63;3.63
MHS04966;2;3.89;3.76
MHS04966;3;3.81;3.78
MHS04966;4;3.82;3.79
MHS04966;5;4.0;3.83
MHS04966;6;4.0;3.86
MHS04966;7;3.88;3.86
MHS04966;8;4.0;3.88
MHS04967;1;2.48;2.48
MHS04967;2;3.08;2.78
MHS04967;3;3.05;2.87
MHS04967;4;3.36;2.99
MHS04968;1;2.9;2.9
MHS04968;2;3.55;3.22
MHS04969;1;2.99;2.99
MHS04969;2;3.06;3.02
MHS04969;3;3.69;3.25
MHS04969;4;3.33;3.27
MHS04970;1;3.56;3.56
MHS04970;2;3.7;3.63
MHS04970;3;4.0;3.75
MHS04970;4;3.95;3.8
MHS04970;5;3.92;3.82
MHS04970;6;3.36;3.75
MHS04970;7;3.74;3.75
MHS04970;8;4.0;3.78
MHS04971;1;2.6;2.6
MHS04971;2;2.93;2.77
MHS04971;3;2.95;2.83
MHS04971;4;3.0;2.87
MHS04972;1;3.14;3.14
MHS04972;2;3.19;3.16
MHS04973;1;3.32;3.32
MHS04973;2;3.22;3.27
MHS04973;3;3.49;3.34
MHS04973;4;3.53;3.39
MHS04973;5;4.0;3.51
MHS04973;6;3.5;3.51
MHS04974;1;3.77;3.77
MHS04974;2;3.61;3.69
MHS04975;1;2.93;2.93
MHS04975;2;3.12;3.03
MHS04975;3;3.17;3.08
MHS04975;4;3.43;3.16
MHS04975;5;3.49;3.23
MHS04975;6;3.7;3.31
MHS04976;1;3.3;3.3
MHS04976;2;3.73;3.52
MHS04976;3;3.66;3.57
MHS04976;4;3.53;3.56
MHS04976;5;3.7;3.59
MHS04976;6;3.92;3.64
MHS04976;7;3.98;3.69
MHS04976;8;3.14;3.62
MHS04977;1;3.19;3.19
MHS04977;2;3.59;3.39
MHS04977;3;4.0;3.59
MHS04977;4;4.0;3.69
MHS04977;5;3.58;3.67
MHS04977;6;3.66;3.67
MHS04978;1;2.69;2.69
MHS04978;2;2.99;2.84
MHS04978;3;3.63;3.1
MHS04978;4;3.42;3.18
MHS04978;5;2.86;3.12
MHS04978;6;3.14;3.12
MHS04978;7;2.82;3.08
MHS04978;8;3.44;3.12
MHS04978;9;3.31;3.14
MHS04979;1;3.34;3.34
MHS04979;2;3.62;3.48
MHS04979;3;3.85;3.6
MHS04979;4;4.0;3.7
MHS04980;1;3.35;3.35
MHS04980;2;3.05;3.2
MHS04981;1;2.76;2.76
MHS04981;2;3.1;2.93
MHS04982;1;3.35;3.35
MHS04982;2;3.52;3.44
MHS04982;3;3.66;3.51
MHS04982;4;3.85;3.6
MHS04983;1;2.49;2.49
MHS04983;2;3.24;2.86
MHS04983;3;3.13;2.95
MHS04983;4;3.15;3.0
MHS04983;5;2.96;2.99
MHS04983;6;3.49;3.08
MHS04983;7;2.67;3.02
MHS04983;8;3.3;3.05
MHS04984;1;3.35;3.35
MHS04984;2;2.95;3.15
MHS04985;1;3.98;3.98
MHS04985;2;4.0;3.99
MHS04985;3;3.98;3.99
MHS04985;4;3.88;3.96
MHS04985;5;4.0;3.97
MHS04985;6;4.0;3.97
MHS04985;7;4.0;3.98
MHS04985;8;4.0;3.98
MHS04986;1;2.74;2.74
MHS04986;2;3.38;3.06
MHS04986;3;3.37;3.16
MHS04986;4;2.93;3.1
MHS04987;1;2.72;2.72
MHS04987;2;3.45;3.09
MHS04987;3;3.53;3.23
MHS04987;4;4.0;3.42
MHS04988;1;3.09;3.09
MHS04988;2;3.33;3.21
MHS04989;1;3.99;3.99
MHS04989;2;3.76;3.88
MHS04989;3;4.0;3.92
MHS04989;4;4.0;3.94
MHS04990;1;2.69;2.69
MHS04990;2;3.04;2.86
MHS04990;3;3.24;2.99
MHS04990;4;3.3;3.07
MHS04991;1;3.25;3.25
MHS04991;2;3.46;3.36
MHS04992;1;2.98;2.98
MHS04992;2;3.07;3.03
MHS04993;1;3.43;3.43
MHS04993;2;3.42;3.43
MHS04993;3;3.63;3.49
MHS04993;4;3.19;3.42
MHS04993;5;3.7;3.47
MHS04993;6;3.83;3.53
MHS04993;7;3.66;3.55
MHS04993;8;3.22;3.51
MHS04994;1;3.52;3.52
MHS04994;2;3.15;3.33
MHS04995;1;3.24;3.24
MHS04995;2;2.8;3.02
MHS04995;3;3.16;3.07
MHS04995;4;3.39;3.15
MHS04996;1;2.62;2.62
MHS04996;2;3.23;2.92
MHS04996;3;3.15;3.0
MHS04996;4;3.36;3.09
MHS04996;5;3.75;3.22
MHS04996;6;3.38;3.25
MHS04996;7;3.74;3.32
MHS04996;8;4.0;3.4
MHS04997;1;3.03;3.03
MHS04997;2;3.48;3.25
MHS04997;3;3.38;3.3
MHS04997;4;3.58;3.37
MHS04997;5;2.7;3.23
MHS04997;6;3.33;3.25
MHS04998;1;2.55;2.55
MHS04998;2;3.1;2.82
MHS04998;3;3.42;3.02
MHS04998;4;2.95;3.0
MHS04998;5;3.45;3.09
MHS04998;6;3.09;3.09
MHS04999;1;3.59;3.59
MHS04999;2;3.42;3.51
MHS04999;3;3.91;3.64
MHS04999;4;4.0;3.73
MHS04999;5;3.81;3.75
MHS04999;6;3.86;3.77
MHS04999;7;3.66;3.75
MHS04999;8;3.89;3.77
MHS05000;1;3.29;3.29
MHS05000;2;2.93;3.11
